time_s,segment_index,segment_label,world_x_m,world_y_m,world_z_m,relative_forward_m,relative_lateral_m,relative_z_m
0.02,0,head,-0.010019638170544146,-0.015663429740762153,0.08889060574085383,0.008426725007409321,-0.010503621251851026,0.0015308875188048826
0.02,1,seg1,-0.15270587786096096,0.00015457029828072264,0.08735967572143537,0.0007266592817496806,-0.0014941799076055096,0.001532953861764122
0.02,2,seg2,-0.3277708874046597,0.015098972567100534,0.08721809151624656,0.0008106868820718145,0.0050605242433763385,0.0013894030513021821
0.02,3,seg3,-0.5031271470614722,0.025562084937643913,0.08709948045759641,0.000961199157309658,0.007022428942430228,0.001269027758427188
0.02,4,seg4,-0.6775156969695082,0.03298193856343277,0.08701649999530683,1.1386722732329553e-06,0.005857241829399636,0.0011842704743865867
0.02,5,seg5,-0.850350890630162,0.03611885625540768,0.08698534365039833,-0.0027160275640230563,0.0003787239586979743,0.0011513713264321018
0.02,6,seg6,-1.0209528832800645,0.03178222493884899,0.08703101569416061,-0.00801969665048479,-0.01250867943581265,0.0011953054752350672
0.04,0,head,-0.034261350281960416,-0.03875476264124993,0.08777677628178832,0.031542019718199484,-0.03472248603876494,0.00041705805973936416
0.04,1,seg1,-0.1594114373195624,-0.006493620423650616,0.08658253422499311,0.007108223896742094,-0.008453964429161468,0.0007558123653218646
0.04,2,seg2,-0.3302696441640235,0.024498735481744364,0.08659212166075551,0.003753960125291701,0.014330716841670347,0.000763433195811139
0.04,3,seg3,-0.5047700789128504,0.04028485725514668,0.0866364183121989,0.0033029466968209644,0.021650329278517073,0.0008059656130296744
0.04,4,seg4,-0.6756503683185078,0.04356263852129684,0.08680507201857313,-0.0013585260500241704,0.01651472626131545,0.0009728424976528788
0.04,5,seg5,-0.8402924630667533,0.0334323523932955,0.08712824519120327,-0.012890912270539463,-0.001826041164338847,0.0012942728672370452
0.04,6,seg6,-0.9990289476595424,0.006153021836894895,0.08758215580010124,-0.03113851958483018,-0.03706545102375693,0.001746445581175704
0.06,0,head,-0.05558566025829244,-0.057874629233084326,0.08908844087895729,0.051932225672203285,-0.05483554138965501,0.0017287226569083353
0.06,1,seg1,-0.1730764227583273,-0.010152650709486915,0.08795856982400387,0.02058358700218279,-0.012759184380396655,0.00213184796433262
0.06,2,seg2,-0.3352753161077291,0.034869903927356866,0.08793442670430479,0.009247538482768193,0.024451906661241685,0.0021057382393604163
0.06,3,seg3,-0.5071359043861409,0.055285381759797164,0.08768890951872288,0.006379987353215098,0.036521263559305024,0.0018584568195536555
0.06,4,seg4,-0.671076984232306,0.05345931264123932,0.08751942879874279,-0.0054557314215766895,0.02661784007716568,0.001687199277822543
0.06,5,seg5,-0.8252413504249142,0.029616171553910237,0.08740679496256994,-0.028106587687576432,-0.004921594351621241,0.001572822638603713
0.06,6,seg6,-0.9708233400850493,-0.018856144093544427,0.08723832777769122,-0.06050238819577203,-0.060703934463008126,0.0014026175587656814
0.08,0,head,-0.08258984434009477,-0.07842655894968285,0.08764790683386892,0.07792771590881817,-0.07664935032486218,0.00028818861181996447
0.08,1,seg1,-0.19078939820493174,-0.01330206346107045,0.08624227205760002,0.03812660669779588,-0.016748013754327103,0.00041555019792877124
0.08,2,seg2,-0.3428630923092194,0.047343443859638935,0.08613760312751988,0.017420350081017902,0.03655019979296827,0.0003089146625755018
0.08,3,seg3,-0.5085000859983813,0.07298649509885653,0.08613649954109635,0.008585043921508256,0.05413739623489531,0.0003060468419271295
0.08,4,seg4,-0.6647963127080628,0.06600566920317441,0.08649545903931212,-0.011132187590966148,0.03944888614228155,0.0006632295183918724
0.08,5,seg5,-0.807966005723245,0.02825485875189554,0.0871501893622673,-0.04542714425761173,-0.0054592068304556264,0.001316217038301079
0.08,6,seg6,-0.940076740647956,-0.041709960679232105,0.08793406613586006,-0.09230179335122372,-0.08206858145624721,0.0020983559169345245
0.1,0,head,-0.11063068971972652,-0.09475662355882469,0.08808594215875852,0.10515961725130829,-0.09429541416119323,0.0007262239367095691
0.1,1,seg1,-0.20787292610516017,-0.01669973032734971,0.08711870541443512,0.05502907732163857,-0.02095485965450036,0.0012919835547638703
0.1,2,seg2,-0.34951757429511066,0.05563895776537205,0.08735323296766438,0.02446208689222029,0.044519617848179587,0.0015245445027200072
0.1,3,seg3,-0.5080334708258408,0.08501948546726598,0.08734935220209539,0.008691624308532547,0.06617895873924848,0.0015188995029261632
0.1,4,seg4,-0.6578115197217884,0.07406390504661378,0.0874064135354655,-0.0177255633122282,0.04783040715943207,0.0015741840145452463
0.1,5,seg5,-0.7910086405479744,0.025591775099416843,0.08749742293539796,-0.062492034702320245,-0.007312248197015809,0.0016634506114317354
0.1,6,seg6,-0.9092060022446142,-0.061608848723869084,0.08737877562266982,-0.12408456762966062,-0.10047574022811237,0.0015430654037442842
0.12,0,head,-0.1420458610663995,-0.11023125161498692,0.08786066959266381,0.13580273249089403,-0.11124759963998422,0.0005009513706148577
0.12,1,seg1,-0.2243884019029111,-0.019981666368961305,0.08636975663097338,0.0713696473017213,-0.025019071472451266,0.0005430347713021311
0.12,2,seg2,-0.3538682167750836,0.0653346394022299,0.08625236915596389,0.029269230646642257,0.05399726002938207,0.0004236806910195151
0.12,3,seg3,-0.5060675835654631,0.09978264805175063,0.08641639269606555,0.0074305641639708445,0.081018952321688,0.000585939996896323
0.12,4,seg4,-0.651242667796311,0.08467638950830883,0.08703762126608985,-0.023781909018534327,0.05874348732717574,0.0012053917451696067
0.12,5,seg5,-0.7784873232457893,0.02239576727862342,0.08798348920947058,-0.07515126642181758,-0.009908727588004958,0.0021495168855043545
0.12,6,seg6,-0.8786529894352823,-0.07962962662295345,0.08912901485451302,-0.1554605944458064,-0.11702203796974589,0.0032933046355874823
0.14,0,head,-0.1750066562132379,-0.12407899895634965,0.08894078644143803,0.1680671456922016,-0.1266483062401156,0.0015810682193890813
0.14,1,seg1,-0.24060834973744963,-0.02583615881050621,0.08785666051725778,0.08729259262991257,-0.03163886010552841,0.002029938657586536
0.14,2,seg2,-0.3555697239167479,0.06933534432805934,0.08779091979482086,0.031159208928953706,0.05791245460294991,0.001962231329876482
0.14,3,seg3,-0.5040751894970162,0.10864611666851393,0.08728521426233678,0.0058622525636861334,0.08996719844971654,0.0014547615631675531
0.14,4,seg4,-0.6445824194163357,0.09009225084636611,0.08688397572984766,-0.030176862175453695,0.06447018241517577,0.0010517462089274093
0.14,5,seg5,-0.7655084889821541,0.01566499101389481,0.08643533663460803,-0.08843572125587748,-0.01601419626072044,0.000601364310641811
0.14,6,seg6,-0.848370484367769,-0.09764837279026661,0.08616766909186989,-0.18656632334290987,-0.13357918012334938,0.000331958872944349
0.16,0,head,-0.20460896211013607,-0.13731400994260137,0.0893372152453396,0.1970060361697225,-0.1412771355863448,0.001977497023290642
0.16,1,seg1,-0.25412742506894903,-0.03162751904006922,0.08800489219049881,0.100520730397955,-0.03806704976471126,0.002178170330827567
0.16,2,seg2,-0.35540757235237846,0.07296758563767489,0.08778571791836781,0.031170104541843855,0.06154829719397219,0.0019570294534234367
0.16,3,seg3,-0.49998438735568923,0.11736141331452248,0.08736997422774226,0.002190858911943431,0.09886730667594192,0.0015395215285730346
0.16,4,seg4,-0.6415595002132758,0.09402531789498464,0.08722388603031425,-0.033009175911957844,0.06854265780660931,0.0013916565093940042
0.16,5,seg5,-0.7555269881718572,0.010260114852140297,0.08734707672957462,-0.09866313751359121,-0.020937914513349802,0.0015131044056083953
0.16,6,seg6,-0.823638381280824,-0.11098728140223782,0.08782037287645145,-0.21190521947887864,-0.14572593889310864,0.001984662657525907
0.18,0,head,-0.2328446041365417,-0.1499426026812932,0.0886710114560886,0.224608671652894,-0.15523519238116193,0.0013112932340396538
0.18,1,seg1,-0.2653687310947618,-0.03726875264299676,0.08745856225035303,0.11148082456543487,-0.0442368806824027,0.001631840390681788
0.18,2,seg2,-0.35345828373251736,0.07628972038201992,0.08735709201098957,0.029381129721837342,0.0649594369559711,0.0015284035460451928
0.18,3,seg3,-0.49609165342470574,0.12526328937960404,0.0869595122127142,-0.0013214027855330854,0.10694548967530865,0.0011290595135449721
0.18,4,seg4,-0.638860038420827,0.0960946511874931,0.08674818957577515,-0.03560709644620595,0.07073811747172379,0.0009159600548549057
0.18,5,seg5,-0.7448958823521078,0.003382339733828569,0.08688197972929072,-0.1096095200253788,-0.027301947151801998,0.0010480074053244998
0.18,6,seg6,-0.7971294539386627,-0.12490801893043854,0.08738258376826624,-0.23904661657954376,-0.1583693057514257,0.001546873549340702
0.2,0,head,-0.25507712425683915,-0.15906920196071944,0.08883177726283664,0.2463816522070587,-0.16540952690651345,0.0014720590407876905
0.2,1,seg1,-0.2723892828212445,-0.04326701726834585,0.08760291678710198,0.1182079554180401,-0.05056246646912953,0.0017761949274307381
0.2,2,seg2,-0.3503642894420628,0.07847275660474712,0.08740627124397633,0.026394535020718857,0.06728724706616176,0.001577582779031958
0.2,3,seg3,-0.49274356442181605,0.13163674632118436,0.08692027637624905,-0.004362376301546707,0.11347106500860521,0.0010898236770798264
0.2,4,seg4,-0.6361391274772797,0.0964844513988427,0.08668283207674364,-0.03830637315432835,0.07125696795077115,0.0008506025558233932
0.2,5,seg5,-0.7345250776959246,-0.004373134898940079,0.08693114798503586,-0.12033766727092066,-0.034555072868612355,0.0010971756610696354
0.2,6,seg6,-0.7717751000613883,-0.13784815108820195,0.08760259053073144,-0.26498808009674113,-0.17008812614066074,0.001766880311805899
0.22,0,head,-0.27604783464880905,-0.1658457361899059,0.08840243758948932,0.2670060956861974,-0.17317640798103898,0.0010427193674403673
0.22,1,seg1,-0.2781697462160288,-0.048744885192946855,0.08689565549509898,0.12372116950509306,-0.05630922768598595,0.0010689336354277323
0.22,2,seg2,-0.34602462944336604,0.07956812864839179,0.08652447927501414,0.022111922632189758,0.06858790841549853,0.000695790810069763
0.22,3,seg3,-0.49060850034175757,0.13643568907991951,0.08622968687497395,-0.006266632719464135,0.11836618070913832,0.0003992341758047302
0.22,4,seg4,-0.6342339322744972,0.09543232962780047,0.08653673729017992,-0.0402594815022151,0.07029670925497254,0.0007045077692596768
0.22,5,seg5,-0.7242006820109239,-0.012774856741221058,0.08744803385817454,-0.13105021393993194,-0.042455922191924095,0.0016140615342083164
0.22,6,seg6,-0.74557573006692,-0.14894676970255807,0.08868477390015535,-0.29168596202901687,-0.17992730413037453,0.0028490636812298076
0.24,0,head,-0.29448429674719245,-0.17005895212448224,0.08743274760307782,0.28522115436122286,-0.1782622668703059,7.302938102886347e-05
0.24,1,seg1,-0.2842129291331348,-0.05318051156661699,0.08648293561189907,0.12954640715597934,-0.06102743151819833,0.0006562137522278244
0.24,2,seg2,-0.34310340156730124,0.07891053065900241,0.08650195293168204,0.019162708828704553,0.06807008087668057,0.0006732644667376692
0.24,3,seg3,-0.48828125900349834,0.13741785248843094,0.08600182997239773,-0.008544494501697777,0.1194579878843723,0.0001713772732285096
0.24,4,seg4,-0.6300950676014574,0.09160274111355868,0.08572682193941518,-0.044575911846141576,0.06666843445079933,-0.00010540758150506813
0.24,5,seg5,-0.7119276702488345,-0.02154504416604244,0.08595950459334109,-0.14372670447673191,-0.05063208222183431,0.00012553226937486728
0.24,6,seg6,-0.7191040658369757,-0.15837597450446492,0.08660549313044688,-0.3185763799198025,-0.18808600107808635,0.0007697829115213412
0.26,0,head,-0.30559139841055705,-0.17100766636648565,0.08734426833962015,0.2962705197907663,-0.17973850860643562,-1.5449882428797412e-05
0.26,1,seg1,-0.28658512659743696,-0.05602274357708817,0.08613065045929616,0.1317806508590258,-0.06397933915319969,0.00030392859962491414
0.26,2,seg2,-0.3395643001949698,0.08011937267372017,0.0861159436615064,0.015685148138010006,0.06944598391875884,0.0002872551965620307
0.26,3,seg3,-0.4860453619172878,0.13938645436296687,0.08614675422789271,-0.010684169549707932,0.12153076857918758,0.0003163015287234866
0.26,4,seg4,-0.6268236581060594,0.08875681060915683,0.08663305041683556,-0.047979056277119014,0.06398141965676285,0.0008008208959153079
0.26,5,seg5,-0.7019399635333198,-0.02857691923689798,0.08748580507753626,-0.1540377507600699,-0.05718066046298161,0.0016518327535700317
0.26,6,seg6,-0.6971144069494957,-0.1659645439411918,0.08840997287587754,-0.3409022726748902,-0.19461945320703145,0.0025742626569520005
0.28,0,head,-0.31344372080561256,-0.1708001009500033,0.08765271303720455,0.3041238229486704,-0.17990488138402164,0.00029299481515560055
0.28,1,seg1,-0.28901318390338393,-0.056274060316911206,0.08675574691327598,0.1341939963876856,-0.06434592576410306,0.0009290250536047318
0.28,2,seg2,-0.337724222098077,0.08155139600418991,0.0868156573229302,0.013915307048860117,0.07096395649439477,0.000986968857985826
0.28,3,seg3,-0.4837719488801923,0.13993854178267565,0.08639578153152326,-0.012928731941796117,0.12219042532602238,0.0005653288323540367
0.28,4,seg4,-0.6220967032341848,0.08461295906854463,0.08624513280770904,-0.05289786666418409,0.060067225956217676,0.0004129032867887933
0.28,5,seg5,-0.689596903468655,-0.03814408172539959,0.08656963671638404,-0.16682213938416848,-0.0661495587974912,0.0007356643924178174
0.28,6,seg6,-0.6727895570806746,-0.17086738343189967,0.08732537498122563,-0.3654328927345903,-0.1983590836212277,0.0014896647623000858
0.3,0,head,-0.318271555640026,-0.17016386662748262,0.08766987843337842,0.3089764665833612,-0.17949913139491738,0.0003101602113294716
0.3,1,seg1,-0.2903067958392339,-0.054097967780308065,0.08657941977766008,0.13558970580123075,-0.06223386378555077,0.0007526979179888343
0.3,2,seg2,-0.33675357422434055,0.08385003635299607,0.08653413282250576,0.013055154535832548,0.07330618671410315,0.0007054443575613828
0.3,3,seg3,-0.480850748449449,0.14016611914685362,0.0862321762137722,-0.0158357915986337,0.12255676883131057,0.00040172351460297795
0.3,4,seg4,-0.6173433993334473,0.07987539377537041,0.08628180398271633,-0.057871251891106604,0.05556124523472858,0.00044957446179608174
0.3,5,seg5,-0.6770473886389191,-0.046161976876170165,0.08683915215040465,-0.17973901703858516,-0.07356111981766877,0.0010051798264384265
0.3,6,seg6,-0.6487892750921718,-0.17616621139377964,0.08775841535078717,-0.3896581583308061,-0.2025097004462098,0.0019227051318616295
0.32,0,head,-0.32130981552834925,-0.16841557531137677,0.08747282792518855,0.3120944874087085,-0.17789741612473278,0.00011310970313960222
0.32,1,seg1,-0.2909591455127522,-0.0509993219033718,0.08625336614445599,0.13638878517785955,-0.05916977525598315,0.00042664428478474126
0.32,2,seg2,-0.33610179191454087,0.08617176811765026,0.08622529661250046,0.012514605228911317,0.07565630692657493,0.0003966081475560851
0.32,3,seg3,-0.4780891000806331,0.14001535513458682,0.08615296946962034,-0.01860148577896815,0.12253760635785915,0.0003225167704511145
0.32,4,seg4,-0.6118887236504661,0.07505098219017489,0.08643647852849407,-0.06354934730350298,0.051001895891365646,0.0006042490075738177
0.32,5,seg5,-0.6636910820476297,-0.05421204171792597,0.08714382386912678,-0.19346330326920494,-0.08096641772925096,0.0013098515451605564
0.32,6,seg6,-0.6240543146981972,-0.18105741415216933,0.08807773304769664,-0.41459787040589746,-0.20621818958065338,0.0022420228287711036
0.34,0,head,-0.3232238646382827,-0.1659445567975004,0.08722776418592729,0.3141239669106785,-0.1755202898256208,-0.00013195403612166479
0.34,1,seg1,-0.2914611125078917,-0.04754024015805697,0.08631100096456612,0.13705480592343158,-0.0557385023505667,0.0004842791048948747
0.34,2,seg2,-0.3358558637061383,0.08803634339401686,0.08656063493068573,0.012357693428672926,0.07753047349650666,0.0007319464657413594
0.34,3,seg3,-0.4757892963125587,0.13913841982460698,0.08644533283845064,-0.020940418187640645,0.12177111559036857,0.0006148801392814179
0.34,4,seg4,-0.6055722975106421,0.07052387852476663,0.08640315011141701,-0.07007406741294224,0.046780529493288085,0.0005709205904967651
0.34,5,seg5,-0.6493362636267129,-0.06243590033383854,0.08672023995949128,-0.2081932409917647,-0.08849779191334949,0.0008862676355250593
0.34,6,seg6,-0.598371599519042,-0.18539329276112715,0.08742909777790363,-0.4404578347007427,-0.2093268788353881,0.0015933875589780877
0.36,0,head,-0.3241000701800542,-0.16288878373685403,0.08735205410041942,0.3151446081243977,-0.17250967914630239,-7.66412162953034e-06
0.36,1,seg1,-0.29168872826864917,-0.04451155972605448,0.08607829444698954,0.13742630290532293,-0.05272408630658991,0.0002515725873182967
0.36,2,seg2,-0.3357384801095849,0.08942947431886061,0.08605493301753633,0.012306743889063254,0.07892761229666273,0.00022624455259195875
0.36,3,seg3,-0.47380325386849376,0.13784957561824868,0.08603986724046807,-0.02298554811938256,0.12057825032563999,0.00020941454129884407
0.36,4,seg4,-0.5995038401022038,0.06608211046774373,0.08638981391487466,-0.07634703852660048,0.0426326008301994,0.0005575843939544106
0.36,5,seg5,-0.6353500172118286,-0.0702611551832088,0.08710307885958238,-0.22253605423143635,-0.0956485548508078,0.0012691065356161546
0.36,6,seg6,-0.5733031049137907,-0.18925009140489146,0.08803958568913614,-0.46568147431752843,-0.21198626259214495,0.0022038754702106006
0.38,0,head,-0.3247179288754454,-0.16008481923746307,0.08730152630569789,0.3158952113063816,-0.1697382966132516,-5.819191635106358e-05
0.38,1,seg1,-0.2920858412104991,-0.04203505643507449,0.08629742967203341,0.13794082612690872,-0.050269288332567164,0.0004707078123621644
0.38,2,seg2,-0.3359593517988299,0.09026857100241412,0.0864156877619383,0.012567299089920984,0.07975524659680042,0.0005869992969939203
0.38,3,seg3,-0.4717192159997713,0.1360296817125236,0.08622691889719025,-0.0251538358334557,0.11885960083986402,0.0003964661980210282
0.38,4,seg4,-0.5930867637617386,0.061259319403839434,0.08622368707223738,-0.08298636696529321,0.038120672164468856,0.00039145755131712867
0.38,5,seg5,-0.6206806330598741,-0.07792944245324879,0.08663816359326937,-0.2375537608296802,-0.10261001659104343,0.000804191269303145
0.38,6,seg6,-0.5487595498360045,-0.1914117911783211,0.08753650710804277,-0.4903000970976984,-0.2129774508222614,0.0017007968891172287
0.4,0,head,-0.324712951305031,-0.157318768302735,0.08704627494086842,0.3160218796066422,-0.1669751430360112,-0.00031344328118053377
0.4,1,seg1,-0.29248666586645655,-0.03862127278803546,0.08614474804195306,0.13850366333914077,-0.04687844869228024,0.0003180261822818137
0.4,2,seg2,-0.33652236589141843,0.09143357791071835,0.08644495658038566,0.013185119531424752,0.08089213879348747,0.0006162681154412847
0.4,3,seg3,-0.46973248764970554,0.13422178949204672,0.08640578119052474,-0.027224353114536498,0.11714830834405983,0.0005753284913555118
0.4,4,seg4,-0.5872918281292845,0.05582972646236727,0.08638312992687806,-0.08903313820102769,0.0329730206500429,0.000550900405957816
0.4,5,seg5,-0.6065689572064625,-0.08497072960585131,0.08667141808177554,-0.2519845512636376,-0.10897173079305805,0.0008374457578093214
0.4,6,seg6,-0.5252075211159959,-0.19237276627300554,0.08744352382546496,-0.5138711728652002,-0.21281646305519666,0.0016078136065394155
0.42,0,head,-0.324341375438251,-0.15470300556963795,0.08705288974600081,0.31577521258209,-0.16434466044158405,-0.00030682847604814045
0.42,1,seg1,-0.29290174095403426,-0.03614984853626005,0.08612149797500643,0.13903588663474514,-0.04442957884596246,0.00029477611533518244
0.42,2,seg2,-0.33734575498786135,0.09199185999767559,0.08640109337573741,0.014034145060222124,0.08141060204593889,0.0005724049107930368
0.42,3,seg3,-0.46769480227068805,0.13202270535457186,0.08640277898881475,-0.02936438705467761,0.11504869231196506,0.0005723262896455278
0.42,4,seg4,-0.5816367615267762,0.050405044032235606,0.08641487345627567,-0.09493996519607797,0.02782361752014542,0.0005826439353554258
0.42,5,seg5,-0.5930740649440628,-0.09132052759528146,0.08675793554204744,-0.2657663480559652,-0.11467209296021018,0.0009239632180812196
0.42,6,seg6,-0.5031539788986042,-0.19247844391684393,0.08757836105230075,-0.5359047552827574,-0.21187246205286706,0.0017426508333752144
0.44,0,head,-0.3239861377704235,-0.15253367346316932,0.08705207742423723,0.3155236189859038,-0.16216088017536703,-0.0003076407978117174
0.44,1,seg1,-0.2934053592894764,-0.03383243484869861,0.08617495607322798,0.13964922327070825,-0.04213875894949125,0.0003482342135567307
0.44,2,seg2,-0.3378111620550858,0.09201042149823317,0.08649844147616927,0.014499908136591067,0.0814069931413323,0.0006697530112248912
0.44,3,seg3,-0.4661253994394826,0.1295591971089762,0.08647274550606182,-0.031049253376795892,0.1126626655729887,0.000642292806892597
0.44,4,seg4,-0.5764485690123826,0.045343293121465636,0.08641264538989797,-0.10036317470559411,0.02301451547688131,0.0005804158689777239
0.44,5,seg5,-0.5803067752133445,-0.09710368927431075,0.08671875819233632,-0.2787943997581214,-0.1198410885012312,0.0008847858683700971
0.44,6,seg6,-0.4828001950864574,-0.19163927883701823,0.0875844277738839,-0.5561955389267667,-0.21006558281851914,0.001748717554958354
0.46,0,head,-0.3234702176970494,-0.15094762295643782,0.08698485580086156,0.31508376586875414,-0.16055207348489903,-0.0003748624211873941
0.46,1,seg1,-0.2932940054909271,-0.032588628680852744,0.08597109909586352,0.13959719012274235,-0.04089106267109295,0.00014437723619227516
0.46,2,seg2,-0.33819146354017987,0.09262071588154701,0.08618721131899094,0.014908823460085579,0.08199849691314547,0.0003585228540465696
0.46,3,seg3,-0.4665006770949942,0.12808484731756017,0.08619441893247609,-0.030744567320628986,0.11117212639761608,0.00036396623330686717
0.46,4,seg4,-0.573318555719067,0.041984841375733134,0.08631821958906476,-0.10364947475461414,0.01980883094285695,0.0004859900681445095
0.46,5,seg5,-0.569607372223849,-0.10205017290929258,0.08676436868457534,-0.2897170891899104,-0.12427276766918947,0.000930396360609112
0.46,6,seg6,-0.46460457068850713,-0.19011573065752835,0.08766530167103384,-0.5742980378458279,-0.20767780579087322,0.0018295914521083007
0.48,0,head,-0.3230767187190869,-0.15026235721874026,0.08691710045702075,0.3147233255238033,-0.15984885706399649,-0.00044261776502819983
0.48,1,seg1,-0.29317040956467105,-0.032147592090709304,0.08591092752773712,0.139494723792419,-0.04044464372214561,8.420566806587038e-05
0.48,2,seg2,-0.33880960792027287,0.0932295559741452,0.08611840517640856,0.01555524296406914,0.08257722876627813,0.00028971671146418854
0.48,3,seg3,-0.46776020009799457,0.12718473136007555,0.0861161784050635,-0.029529309275667125,0.11021308791248965,0.00028572570589427415
0.48,4,seg4,-0.5717098400466696,0.04008876605897936,0.08627204562993214,-0.10534660444577491,0.01799146512041634,0.0004398161090118924
0.48,5,seg5,-0.5614575382146544,-0.10541735934867538,0.08669274681555172,-0.2980179376289722,-0.12724827671468583,0.0008587744915855011
0.48,6,seg6,-0.4494604122692931,-0.18770348475955412,0.0875617016452963,-0.5893102340740162,-0.2045475615706756,0.0017259914263707543
0.5,0,head,-0.3227667049863297,-0.15052698161780875,0.08693331844039599,0.3144010692264551,-0.1600984276269457,-0.00042639978165295855
0.5,1,seg1,-0.29313321122935865,-0.03182256073073438,0.08593479932988848,0.13947303630377772,-0.04011821033850812,0.00010807747021723824
0.5,2,seg2,-0.33944428702566437,0.09366965824324085,0.08613319235000265,0.016210147988753754,0.08298662708416343,0.0003045038850582743
0.5,3,seg3,-0.4688141418252823,0.12658597663034266,0.08609467611009902,-0.028505057357594857,0.10956485307920784,0.00026422341092979806
0.5,4,seg4,-0.5708181768491767,0.03870840310115329,0.08623742067802484,-0.10630295069117403,0.016655101767151452,0.0004051911571045924
0.5,5,seg5,-0.5558741933302903,-0.10681013887744052,0.08664668079378902,-0.30366124027956154,-0.12837375887980731,0.000812708469822801
0.5,6,seg6,-0.43858504585345504,-0.1840407723929475,0.08751368024740566,-0.5999989638736316,-0.20037142557963109,0.0016779700284801219
0.52,0,head,-0.3224953733359548,-0.15161756648518174,0.08700614922994382,0.3140781425670729,-0.16117486368640097,-0.0003535689921051327
0.52,1,seg1,-0.29316295505672557,-0.03137562736023869,0.08597597163950299,0.1395240166118898,-0.03967319894414407,0.00014924977983174492
0.52,2,seg2,-0.3400105589760957,0.09400682738561603,0.08616101945015563,0.01679182464010122,0.0832964645022727,0.0003323309852112516
0.52,3,seg3,-0.4696812962785122,0.12624138327624188,0.08610400246183106,-0.02765528516741854,0.10917938109558588,0.0002735497626618344
0.52,4,seg4,-0.5704220508995915,0.03778855409697501,0.08625387873270153,-0.10674240468537952,0.015755147243084175,0.0004216492117812831
0.52,5,seg5,-0.552493211634921,-0.10634235854137856,0.08669321336682745,-0.3070161286218781,-0.1277456029465512,0.0008592410428612252
0.52,6,seg6,-0.4321999899135866,-0.17898459500652208,0.08757194641153394,-0.606136154276511,-0.19501710367376454,0.0017362361926084036
0.54,0,head,-0.3221893374533799,-0.15329284775319202,0.08710101812664965,0.3136927244802653,-0.16283368199674395,-0.00025870009539930017
0.54,1,seg1,-0.2932947126267447,-0.030949659943503478,0.08603273270120747,0.13967589727054977,-0.039253984723367184,0.00020601084153622218
0.54,2,seg2,-0.3407119999397625,0.09427146756407312,0.0861984719506683,0.017505065388193682,0.0835274222576581,0.0003697834857239318
0.54,3,seg3,-0.4703099661888205,0.12613494824384067,0.08611109477486562,-0.027032393002881655,0.10904314738624232,0.0002806420756963912
0.54,4,seg4,-0.5703677773257584,0.037277490370299905,0.08624584576474799,-0.10682093899828861,0.015247245564375029,0.0004136162438277413
0.54,5,seg5,-0.5510670967316047,-0.10428160988803138,0.08673802491932046,-0.3083425536673795,-0.12561931855162786,0.0009040525953542405
0.54,6,seg6,-0.42951702789940155,-0.1730187178559848,0.08766115219946849,-0.6085321517595874,-0.18893030062087082,0.0018254419805429495
0.56,0,head,-0.3217524789934037,-0.1552332302653462,0.08719097541840395,0.3131640155139852,-0.16475107513235682,-0.00016874280364499727
0.56,1,seg1,-0.29331627518900205,-0.030842023560097985,0.08604206325521752,0.13970255796594258,-0.0391474964965772,0.0002153413955462702
0.56,2,seg2,-0.3412279155545188,0.09439165313107101,0.08616676733956832,0.01802611621160052,0.08362291849560695,0.00033807887462394826
0.56,3,seg3,-0.47084681751279406,0.12622462529285028,0.08607643286698982,-0.02649188213579115,0.10910717331612098,0.0002459801678205975
0.56,4,seg4,-0.5707366419334945,0.037228010826515986,0.08624602173729928,-0.10645484715634232,0.015180267304186245,0.00041379221637903585
0.56,5,seg5,-0.5513899330671945,-0.10119222500989745,0.08683253342221084,-0.3078730549968417,-0.12254879852674888,0.0009985610982446158
0.56,6,seg6,-0.4292653155937222,-0.16698750967148931,0.08778103871043336,-0.6084965452186144,-0.18289394713356513,0.0019453284915078167
0.58,0,head,-0.3211739158150585,-0.15720248654722246,0.08727108950353442,0.3124923882536759,-0.16669056539483296,-8.862871851453291e-05
0.58,1,seg1,-0.29331693604947573,-0.0310561847808221,0.08605947848684822,0.13969302584572593,-0.03936144649980862,0.00023275662717697765
0.58,2,seg2,-0.34158166232687215,0.09429352332475978,0.08617168653443097,0.01837479201437405,0.08350806457803199,0.00034299806948659417
0.58,3,seg3,-0.4712188087423515,0.1265273059615353,0.08610576813145053,-0.026105907418057118,0.10939180743094261,0.00027531543228130617
0.58,4,seg4,-0.5715035655033632,0.03795727329238116,0.08631339189132939,-0.10565408597708098,0.01587220446887243,0.0004811623704091411
0.58,5,seg5,-0.5532443814767207,-0.09772292001421175,0.08696174624222283,-0.3058555988118431,-0.11917168043612146,0.0011277739182566082
0.58,6,seg6,-0.4305417151918315,-0.16200349629890595,0.08789101473402107,-0.6069843957616372,-0.1779763268501514,0.0020553045150955296
0.6,0,head,-0.3205447880435281,-0.15901839196663697,0.08726389448746669,0.3117775518774663,-0.16847447211896274,-9.58237345822649e-05
0.6,1,seg1,-0.2934494545113042,-0.03145263386031598,0.08612096100939401,0.13980652658334297,-0.03976375309671438,0.00029423914972276366
0.6,2,seg2,-0.34180397972009596,0.094013003370028,0.08629727757482766,0.018583507160185284,0.08321728208847257,0.0004685891098832884
0.6,3,seg3,-0.47137113278309045,0.1272535434799165,0.08619477154152189,-0.025919193318932537,0.11010997272645537,0.0003643188423526622
0.6,4,seg4,-0.5727591981016057,0.0398274563864889,0.08629477000696613,-0.10431087152426327,0.017680511124522926,0.0004625404860458815
0.6,5,seg5,-0.5563967249769077,-0.0944383829676562,0.086880928503814,-0.30255051156244656,-0.11604088957336006,0.0010469561798477772
0.6,6,seg6,-0.4331251597581647,-0.15883550913218217,0.08780971926289863,-0.6042531095912439,-0.17493487910759734,0.001974009043973088
0.62,0,head,-0.31981136815920314,-0.16056542013970596,0.08726523728220865,0.3109713378071751,-0.1699848428574968,-9.448093984029682e-05
0.62,1,seg1,-0.29352184015706595,-0.032082293322333366,0.08612540560993054,0.1398488638340459,-0.04039614401776015,0.00029868375025929317
0.62,2,seg2,-0.34187862880605624,0.09375063669633493,0.08632934979398253,0.018645585263573322,0.08295166005140103,0.0005006613290381573
0.62,3,seg3,-0.4711821260636409,0.1284484515396379,0.08624765611177432,-0.026051118527613527,0.11131252191484128,0.00041720341260509386
0.62,4,seg4,-0.5741093869683602,0.042674987624496744,0.0863353437046819,-0.10282669458147191,0.020460558413635005,0.0005031141837616576
0.62,5,seg5,-0.5601260431934516,-0.09143375447313254,0.08689262793104008,-0.29868242461327915,-0.11321714912800927,0.001058655607073855
0.62,6,seg6,-0.43706487971551716,-0.15727308149627417,0.08778570525591578,-0.600243495664984,-0.17356171865792666,0.0019499950369902402
0.64,0,head,-0.3189184714651506,-0.16181002187081842,0.08733276725167582,0.310020220529461,-0.17118554011297205,-2.695097037312688e-05
0.64,1,seg1,-0.2935963629824818,-0.03272597588234723,0.08614098392684617,0.1398926684639019,-0.041042643858421275,0.000314262067174928
0.64,2,seg2,-0.3416299293802911,0.09331135597470192,0.0863194341356328,0.01837626165866772,0.08252471303758041,0.0004907456706884222
0.64,3,seg3,-0.4706111378320772,0.12991280749280487,0.08623875066985726,-0.02655176901844452,0.11280239271599522,0.00040829797068803186
0.64,4,seg4,-0.5755003947951773,0.04643090435388899,0.08635243120770154,-0.10125851359576808,0.02414601925976526,0.0005202016867812964
0.64,5,seg5,-0.5646242098141419,-0.08841126133364477,0.08692862401971314,-0.29404551024835585,-0.11041215485063002,0.0010946516957469205
0.64,6,seg6,-0.44245122896656436,-0.15701215537222005,0.08781857006657551,-0.5948508319151763,-0.17355743208266283,0.0019828598476499676
0.66,0,head,-0.3178791332199086,-0.16285934119463935,0.08724828571562598,0.3089321213980645,-0.17218420687997846,-0.00011143250642296765
0.66,1,seg1,-0.2935592700065117,-0.033722247951866985,0.08612899421233387,0.13980820353801607,-0.04203602173298165,0.00030227235266262753
0.66,2,seg2,-0.34129302729914696,0.09287146595494807,0.08637853543118483,0.018018806344574305,0.08210135510370521,0.0005498469662404554
0.66,3,seg3,-0.4698502705650692,0.13178011220892097,0.08631439135623853,-0.02722290649549823,0.11470379230251673,0.00048393865706930494
0.66,4,seg4,-0.5771270375310382,0.05100505867571843,0.08636523004530629,-0.09941602363110244,0.028637576348347894,0.0005330005243860403
0.66,5,seg5,-0.5702331361167183,-0.08493386235155219,0.08683632124915988,-0.2882774452123979,-0.10720563279609223,0.001002348925193658
0.66,6,seg6,-0.4494857344600306,-0.1574756893800533,0.08767451743585146,-0.5878463575399275,-0.1743552228038602,0.0018388072169259195
0.68,0,head,-0.31671800902333447,-0.1637785220479307,0.08734576024523716,0.3077285677842596,-0.17304708667432772,-1.3957976811793116e-05
0.68,1,seg1,-0.293462202285403,-0.03488660996148077,0.08616913661030723,0.1396558321899164,-0.043194444800859405,0.00034241475063598314
0.68,2,seg2,-0.3408382617221308,0.0923373897767696,0.08637634516480351,0.017539138636283227,0.08158952702344648,0.0005476566998591365
0.68,3,seg3,-0.46889183832448567,0.13376136772593467,0.08632524895012143,-0.028085962004864323,0.11672841596411071,0.0004947962509522091
0.68,4,seg4,-0.5786767075363268,0.056080230648727525,0.0864240712980009,-0.0976265750478673,0.03363324661856673,0.0005918417770806594
0.68,5,seg5,-0.5765804090513287,-0.0805075135336162,0.08692859574076203,-0.2817267083250962,-0.10308637512098788,0.001094623416795809
0.68,6,seg6,-0.45832790620818464,-0.1576326831804772,0.08775991325058188,-0.5790216765224361,-0.1749328500260969,0.0019242030316563435
0.7000000000000001,0,head,-0.31533991527859273,-0.16465772539105597,0.08734512222326256,0.3063101930588083,-0.17385970837344272,-1.459599878639306e-05
0.7000000000000001,1,seg1,-0.2933928818786355,-0.03612706673586251,0.08622407331892608,0.1395275552591015,-0.04443019694304822,0.00039735145925483273
0.7000000000000001,2,seg2,-0.3402489242063949,0.09151744702059304,0.08646745223545868,0.016911446684384723,0.08079856075087016,0.0006387637705143057
0.7000000000000001,3,seg3,-0.4677609448732467,0.13576334161427336,0.0863909322559253,-0.029120297290661866,0.11878194219087186,0.0005604795567560744
0.7000000000000001,4,seg4,-0.5803110524854181,0.06176916953307207,0.08641804675762726,-0.09572333744180665,0.03923795853419466,0.0005858172367070175
0.7000000000000001,5,seg5,-0.5841045224764823,-0.07469517906765805,0.0868591439029067,-0.2739345034456439,-0.09763870975957256,0.0010251715789404703
0.7000000000000001,6,seg6,-0.46911270747283923,-0.1572530349910069,0.08768576112143558,-0.5682310276639845,-0.175066895788392,0.0018500509025100448
0.72,0,head,-0.31396918526900736,-0.16559781655453387,0.08731129917796952,0.30489627598808916,-0.17473349935060659,-4.841904407942854e-05
0.72,1,seg1,-0.2933848826090395,-0.03764157451521015,0.0862228638467144,0.1394474875112943,-0.045942607918205806,0.00039614198704315817
0.72,2,seg2,-0.33979015917803607,0.0905854372123304,0.08649957188289045,0.0164088458388697,0.07988944028359661,0.0006708834179460776
0.72,3,seg3,-0.4665763349745452,0.13778052023834605,0.08644377973422436,-0.030207564542510727,0.12085321236551204,0.0006133270350551362
0.72,4,seg4,-0.5819876624241271,0.06773963883097922,0.08645158632471711,-0.09376448431120003,0.04512187040780534,0.0006193568037968639
0.72,5,seg5,-0.5923720259733739,-0.06749447005068117,0.08686087336586935,-0.26533367615348064,-0.09083962200441933,0.0010269010419031305
0.72,6,seg6,-0.48186416102928237,-0.1558082897368769,0.087652313785005,-0.5554252654940812,-0.17423064709251218,0.001816603566079461
0.74,0,head,-0.3125688187554001,-0.16658345856492607,0.08733812493901781,0.30345058816636616,-0.17565137911779496,-2.1593283031140498e-05
0.74,1,seg1,-0.29352313983903633,-0.03954524561983595,0.08621402697800895,0.13949498971135232,-0.04785070180405377,0.0003873051183377052
0.74,2,seg2,-0.3396013750866252,0.08943821885685332,0.08645756350037445,0.01616567793590773,0.07875250635443368,0.0006288750354300765
0.74,3,seg3,-0.46554446499087176,0.13975015947641412,0.08641966513088198,-0.031144527416687443,0.12286972791555985,0.0005892124317127545
0.74,4,seg4,-0.5837189376160214,0.07429180677090327,0.08647355528773294,-0.09172334401779032,0.05158422019759021,0.0006413257668126948
0.74,5,seg5,-0.601219021960096,-0.05897552610858073,0.08693408293868503,-0.25609127635893997,-0.08275137189030717,0.001100110614718805
0.74,6,seg6,-0.496364648944729,-0.1533112923901039,0.0877240115823554,-0.540822372670063,-0.17242657761405827,0.0018883013634298645
0.76,0,head,-0.3111420785324808,-0.16782582772970756,0.0873684293450965,0.3019663385155683,-0.1768244399769202,8.711123047552838e-06
0.76,1,seg1,-0.2937364869483935,-0.04137867440329329,0.08625445221434606,0.13962083963573513,-0.04969220659351134,0.00042773035467481846
0.76,2,seg2,-0.3392884946703536,0.08810397358153946,0.0865043719349686,0.01578965345064281,0.0774346633455508,0.0006756834700242242
0.76,3,seg3,-0.4642915766803705,0.14179867059094978,0.08646232116717172,-0.03229850455618764,0.12497554454248493,0.0006318684680024916
0.76,4,seg4,-0.5855250180282883,0.08131750357612924,0.0864953846571974,-0.08958494736612076,0.05851600220617462,0.0006631551362771548
0.76,5,seg5,-0.6105936190473759,-0.05004507693593499,0.08694258564488587,-0.2463022891861509,-0.07427719210126862,0.0011086133209196464
0.76,6,seg6,-0.5127067046534647,-0.15061516664180652,0.0877335010516271,-0.52437052195745,-0.17051124815447466,0.001897790832701557
0.78,0,head,-0.3095949260491813,-0.16926590048649187,0.08734164732465138,0.3003524040547353,-0.17818924981983864,-1.8070897397567953e-05
0.78,1,seg1,-0.29397633576539717,-0.043380660851866634,0.08624449357334964,0.13976513934344312,-0.051703339306591684,0.0004177717136783915
0.78,2,seg2,-0.33918981086213196,0.08675993527996165,0.0865039383416293,0.015627116800742587,0.07609684449101468,0.0006752498766849219
0.78,3,seg3,-0.4628140421954478,0.1439749894208334,0.086467445848573,-0.033670790772867554,0.1272197152896927,0.0006369931494037695
0.78,4,seg4,-0.5871791136568693,0.08900696788680416,0.08647316356966595,-0.08756677365882681,0.06611803276522524,0.0006409340487456977
0.78,5,seg5,-0.620352056332123,-0.04111096907499047,0.08687375695137108,-0.23612972262796936,-0.06581762526118252,0.0010397846274048522
0.78,6,seg6,-0.5306244863817633,-0.14826816213298083,0.08765325211436835,-0.5063613458680937,-0.16901963534459344,0.001817541895442809
0.8,0,head,-0.30791515778599776,-0.17084765486730472,0.08741762871368404,0.2985992612560916,-0.17968926937521898,5.79104916350881e-05
0.8,1,seg1,-0.29431343883603445,-0.04575568529695066,0.08625249711197713,0.13998882970505655,-0.05409171578802467,0.00042577525230588775
0.8,2,seg2,-0.33935787886800156,0.0850136080231896,0.0864498066805478,0.015711884211371086,0.07434449742823762,0.0006211182156034278
0.8,3,seg3,-0.46179536486668243,0.14576712813877254,0.08641723676207079,-0.034603023438773015,0.12905830359078982,0.0005867840629015658
0.8,4,seg4,-0.58877641693721,0.09694964748688512,0.08648390975841792,-0.08559327707806605,0.07397569451949972,0.000651680237497676
0.8,5,seg5,-0.630518811703174,-0.03125896211185235,0.08693598629095277,-0.22550561655248846,-0.05646063183038455,0.0011020139669865453
0.8,6,seg6,-0.5495502573392766,-0.1452327180943862,0.08773529037694552,-0.4873125589152602,-0.16688833470084122,0.001899580158019984
0.8200000000000001,0,head,-0.3060612558576944,-0.17258375147558233,0.08741893219739286,0.29666483674302524,-0.18133516900641503,5.921397534390527e-05
0.8200000000000001,1,seg1,-0.2947410391782787,-0.048855062624783334,0.08625503336358092,0.14026844182844628,-0.057207931270522656,0.00042831150390967854
0.8200000000000001,2,seg2,-0.33966762657259997,0.08247402802771155,0.08644047762487603,0.015900418774987286,0.07179305373647783,0.0006117891599316527
0.8200000000000001,3,seg3,-0.4607604993982964,0.14694737689376564,0.08641310359552506,-0.03558054659998538,0.1302864656853287,0.0005826508963558408
0.8200000000000001,4,seg4,-0.5905034182233806,0.10457069733904302,0.08648406709060115,-0.08350553626321633,0.08150591845915939,0.000651837569680902
0.8200000000000001,5,seg5,-0.6412730524820308,-0.020575170510076804,0.08692878149393783,-0.2142551049626528,-0.04630075551832965,0.0010948091699716084
0.8200000000000001,6,seg6,-0.5700755864578873,-0.1412702284793289,0.08771238396893412,-0.4666219068859801,-0.1639071641364182,0.0018766737500085784
0.84,0,head,-0.30415859423555064,-0.1747171844930767,0.08741750437656665,0.294662797991208,-0.18337563427796866,5.778615451769442e-05
0.84,1,seg1,-0.2952872993658028,-0.052562839084191695,0.08624771998757771,0.14063762477702296,-0.06093750368781101,0.00042099812790646896
0.84,2,seg2,-0.34022165304806357,0.07925943665774077,0.08641523345908957,0.01630083057923331,0.06855573796591483,0.0005865449941451911
0.84,3,seg3,-0.4598061312734343,0.14742084591576093,0.08640097487224141,-0.03651130026569859,0.13080481792675278,0.0005705221730721854
0.84,4,seg4,-0.5920963636740096,0.11173911288923676,0.08649143448085385,-0.08157324088269996,0.0885904008870643,0.0006592049599336014
0.84,5,seg5,-0.6520497882109175,-0.00983197960749101,0.08694045556438029,-0.20297929701634126,-0.03608261777767389,0.001106483240414069
0.84,6,seg6,-0.5924872110998828,-0.1360158247413489,0.08772618950266936,-0.4439856127195245,-0.15972531477387755,0.0018904792837438206
0.86,0,head,-0.3020489784499257,-0.17723310819443755,0.08769716107291876,0.29243583631196796,-0.18578830759046616,0.0003374428508698124
0.86,1,seg1,-0.29621104323088354,-0.056648895219626,0.08638285743579173,0.14136586081308095,-0.06506289212355552,0.0005561355761204839
0.86,2,seg2,-0.34149630247791346,0.0753774893258154,0.08638451355596992,0.017389288387816417,0.06461752696909483,0.0005558250910255441
0.86,3,seg3,-0.45910360170437026,0.14696772546200357,0.08631015744667674,-0.03723459842544583,0.13038564527368457,0.0004797047475075117
0.86,4,seg4,-0.593574902854857,0.11821741757118703,0.08645365646287506,-0.07978806547767507,0.09499099917431067,0.0006214269419548141
0.86,5,seg5,-0.6626657091621435,0.0014493667548658301,0.08704929670396713,-0.1918385100558443,-0.02531928096788853,0.0012153243800009095
0.86,6,seg6,-0.6159480096458674,-0.12905281247068903,0.08799484831386808,-0.4202200184127926,-0.15388672457709507,0.002159138094942545
0.88,0,head,-0.3001463646249565,-0.18060503799682812,0.08736607767697441,0.2903749035099311,-0.1890658685654032,6.359454925455865e-06
0.88,1,seg1,-0.29748822898197835,-0.06158140213981154,0.08626633240637296,0.14240685446963405,-0.07005059301345762,0.0004396105467017186
0.88,2,seg2,-0.34332081729543773,0.07081801552062558,0.08645152062633339,0.01899474409272543,0.05997638835033398,0.000622832161389017
0.88,3,seg3,-0.45941938446776615,0.14607435825729329,0.08642015881267263,-0.03696169007355068,0.129478261811439,0.0005897061135034104
0.88,4,seg4,-0.5956830459920034,0.12471919204945481,0.08642416717396371,-0.07737288256811484,0.10138507693158642,0.0005919376530434672
0.88,5,seg5,-0.6739051243276833,0.013516790284988454,0.08675668145933901,-0.18003752485894822,-0.01380043066544548,0.0009227091353727901
0.88,6,seg6,-0.6404708765307195,-0.12069953093079687,0.0874932082795086,-0.3953273943522928,-0.14670998575948485,0.0016574980605830597
0.9,0,head,-0.29779123744950686,-0.18468458958426176,0.08762419319972393,0.2878282933960901,-0.19302871376736797,0.0002644749776749833
0.9,1,seg1,-0.29839956237490073,-0.06648213643733432,0.08628540350687972,0.14308392242345871,-0.07498914585752497,0.0004586816472084698
0.9,2,seg2,-0.3451602364407644,0.06603359621430333,0.08627061376621027,0.020604381766314614,0.05510984980121655,0.0004419253012658969
0.9,3,seg3,-0.4599883197589059,0.14450611789273143,0.08625440357948885,-0.0364680342012848,0.1278847220139247,0.000423950880319629
0.9,4,seg4,-0.5975582573903461,0.13026182935216632,0.0864911551195223,-0.0752360141383907,0.10683218987072597,0.0006589255986020476
0.9,5,seg5,-0.6845136679468977,0.02476168601343381,0.08713239954804358,-0.1689058416077356,-0.0030731520893581654,0.0012984272240773587
0.9,6,seg6,-0.665306188951081,-0.11073571200023932,0.08810432238543603,-0.37004603106653516,-0.1379394041911195,0.002268612166510489
0.92,0,head,-0.293911799149558,-0.1895337870577482,0.08745568229410312,0.28372247085032376,-0.19768778866281303,9.596407205417212e-05
0.92,1,seg1,-0.2988931516644094,-0.07128781424869356,0.0863550872815487,0.14334824349602995,-0.07981286889930407,0.0005283654218774525
0.92,2,seg2,-0.34770071067556163,0.061173160643303665,0.08654496594057712,0.022910662434721278,0.05013401693073254,0.0007162774756327428
0.92,3,seg3,-0.4608891989129442,0.1423011147725365,0.0865212222468407,-0.03567311502553874,0.125639343312205,0.0006907695476714715
0.92,4,seg4,-0.5994055458995505,0.1354026624569467,0.0864886231815269,-0.07314615938147152,0.11187928279063866,0.0006563936606066578
0.92,5,seg5,-0.6949188712383596,0.03704546875163073,0.08671516659316478,-0.15792782619177792,0.008701513571009874,0.0008811942691985541
0.92,6,seg6,-0.690194089563524,-0.09946288613335773,0.0873817872032887,-0.3446498417071349,-0.12786380168418582,0.0015460769843631539
0.9400000000000001,0,head,-0.2895677391697524,-0.19413704930974454,0.0875132807176724,0.2791642574943547,-0.20207909501384108,0.00015356249562345492
0.9400000000000001,1,seg1,-0.29880788164574923,-0.07679552057082975,0.08627279522016428,0.1430009506550465,-0.08531027625091589,0.0004460733604930295
0.9400000000000001,2,seg2,-0.3496822001604015,0.05543965901076125,0.08635583790290075,0.02461704131154534,0.04431271014643814,0.0005271494379563701
0.9400000000000001,3,seg3,-0.4616919992066261,0.1393324748861853,0.08637312058113078,-0.03501250611691268,0.12263586084079375,0.000542667881961556
0.9400000000000001,4,seg4,-0.60076558235209,0.13969483273796154,0.08651319473338219,-0.07158339361986335,0.11610186352375843,0.0006809652124619425
0.9400000000000001,5,seg5,-0.7041873498944912,0.048986825333728376,0.08695039355887745,-0.14810154391357164,0.020188239397010112,0.0011164212349112218
0.9400000000000001,6,seg6,-0.714052601018991,-0.08657706077627139,0.08776490307123494,-0.32020511019040215,-0.11612803732810464,0.0019291928523093999
0.96,0,head,-0.28543794482257434,-0.1982599328985519,0.08772342853269156,0.2748429288760063,-0.20600076422573735,0.00036371031064261206
0.96,1,seg1,-0.29909283790312485,-0.08174385818183319,0.0864705062818008,0.14305008572091976,-0.09026656830509484,0.000643784422129548
0.96,2,seg2,-0.35186773953669453,0.04940913799849547,0.08653155638152814,0.02651310330084724,0.03818500951924256,0.0007028679165837631
0.96,3,seg3,-0.46276104030543935,0.1357738820642129,0.08647357274946861,-0.034114034768843046,0.11903042314475626,0.0006431200502993867
0.96,4,seg4,-0.602171495395395,0.14356951498858617,0.08650572590910743,-0.06999467208978757,0.11990524595633091,0.0006734963881871864
0.96,5,seg5,-0.713290890137282,0.06159951673401935,0.08683133462484405,-0.13840806339248343,0.032353388992946326,0.0009973623008778243
0.96,6,seg6,-0.7382671118235067,-0.07231504746877804,0.0875915039517507,-0.2953392880036961,-0.10303458690410322,0.0017557937328251533
0.98,0,head,-0.2824165228523232,-0.20205350575162875,0.08757439090123838,0.27164438908211846,-0.2096462448387778,0.000214672679189426
0.98,1,seg1,-0.30028716488725277,-0.08794285503956434,0.08642169499680932,0.14394804047231952,-0.09651538069235939,0.0005949731371380773
0.98,2,seg2,-0.3553267322223262,0.04295808238354226,0.08654338434702508,0.029661161803904535,0.031576645379316,0.0007146958820807015
0.98,3,seg3,-0.46438423869906764,0.13173264477306484,0.0865052651352266,-0.03268500377352915,0.11491651474976233,0.0006748124360573815
0.98,4,seg4,-0.6037398143928542,0.14718292172213118,0.08645883625605906,-0.0682561630968748,0.12343991980001445,0.0006266067351388127
0.98,5,seg5,-0.7219732058751592,0.07465856136017963,0.08662179033026912,-0.12911408750755643,0.04498443270930528,0.0007878180063028983
0.98,6,seg6,-0.7620830639323944,-0.056035729198503456,0.08720727477512474,-0.2707755665376543,-0.0879071493854391,0.0013715645561992035
1.0,0,head,-0.27946361755885957,-0.20624371505067315,0.08741048807483842,0.2684954118450035,-0.21369117326847584,5.0769852789470105e-05
1.0,1,seg1,-0.3014995398306584,-0.09522427096153403,0.08625771927294158,0.14481250889629277,-0.10384624456884924,0.000430997413270337
1.0,2,seg2,-0.3588811529896196,0.03506475128885374,0.08637960055125754,0.03283590035168614,0.02352309846429767,0.0005509120863131656
1.0,3,seg3,-0.4670226854705387,0.12669270967983232,0.08642466658642657,-0.030289404215542437,0.10975672310023592,0.0005942138872573471
1.0,4,seg4,-0.6057551979696975,0.14985021382304606,0.08654165564863164,-0.06611612301698692,0.12600827463717082,0.0007094261277113961
1.0,5,seg5,-0.7299062483104728,0.08797463269692919,0.08687323295478327,-0.12055630365372741,0.057907870859897716,0.0010392606308170516
1.0,6,seg6,-0.7851008154643689,-0.03724959153133142,0.08754080252025391,-0.24688983815811902,-0.0702377454971768,0.0017050923013283703
1.02,0,head,-0.28113918456664183,-0.21429408047765758,0.089653665073416,0.2697859521027625,-0.22181215930146103,0.0022939468513670513
1.02,1,seg1,-0.30043605214256897,-0.09797895062843578,0.08806854453543378,0.1436191272035098,-0.10654719000799127,0.0022418226757625337
1.02,2,seg2,-0.3598865995653762,0.03441518563805803,0.0876166819558753,0.03380929390593492,0.022826418236495196,0.0017879934909309225
1.02,3,seg3,-0.4691013429323425,0.12328877464217482,0.08714838494220885,-0.02837510013336231,0.10625771888983797,0.001317932243039624
1.02,4,seg4,-0.6073227504287466,0.14987877239076905,0.08681337229738052,-0.06454898762922623,0.12596219883210483,0.0009811427764602754
1.02,5,seg5,-0.7381633760629731,0.09882963726689964,0.08684525285067102,-0.11179192731551932,0.0683576072360799,0.0010112805267047942
1.02,6,seg6,-0.8124202894212438,-0.017871372405708463,0.08751412063623941,-0.21867908370532477,-0.052181656028724724,0.0016784104173138692
1.04,0,head,-0.28429804416461213,-0.22462972753109436,0.08750693950473007,0.2724493444660821,-0.2322864294473892,0.00014722128268111756
1.04,1,seg1,-0.2974282180038728,-0.10094659469108386,0.08615526166003995,0.14047346695030058,-0.10936832436477617,0.00032853980036870456
1.04,2,seg2,-0.35748287212981344,0.03453253493986462,0.08610777111385083,0.031413874981534036,0.023058031317026204,0.0002790826489064563
1.04,3,seg3,-0.4709089843240595,0.12121212321750528,0.08610084444934848,-0.02666833774704966,0.10409739236432505,0.00027039175017926076
1.04,4,seg4,-0.6098477087848382,0.14822901730978622,0.08618965937381613,-0.06210540448569556,0.12419414681164434,0.00035742985289588525
1.04,5,seg5,-0.7447991367701637,0.10715739531396463,0.08641411576777974,-0.10476735602594203,0.07636012386820473,0.0005801434438135189
1.04,6,seg6,-0.8388793808965249,-0.0005794152674160544,0.08684323052081418,-0.19142702494816383,-0.03616851777298949,0.001007520301888637
1.06,0,head,-0.28786558136629525,-0.2303417574329589,0.08672753072398853,0.2757409957587698,-0.2381617710587826,-0.0006321874980604186
1.06,1,seg1,-0.2944535954301428,-0.10463373562370279,0.08609320435885374,0.13732673876781903,-0.11290972090540187,0.00026648249918249933
1.06,2,seg2,-0.35398039891015814,0.03353761881706094,0.08667864473877107,0.027868021009390898,0.022230930142594352,0.0008499562738266964
1.06,3,seg3,-0.4734950726220005,0.12036326055645304,0.08683621106504184,-0.024125578338979502,0.10312641600316218,0.0010057583658726194
1.06,4,seg4,-0.6143014165113582,0.1453469475856022,0.08677319353251656,-0.05779390503842567,0.12110338462054102,0.0009409640115963097
1.06,5,seg5,-0.7514805333096833,0.11017112493486947,0.08651961981668889,-0.09795010265562511,0.0790524615934053,0.0006856474927226658
1.06,6,seg6,-0.8596998058877403,0.014562585435877382,0.08610941946870707,-0.1699095628630847,-0.022034547789695637,0.0002737092497815258
1.08,0,head,-0.29287392085976927,-0.23196345178063066,0.08859826937207646,0.2806664815387413,-0.2400199817216047,0.0012385511500275087
1.08,1,seg1,-0.29138514524845915,-0.10954472109131146,0.08691137488041602,0.13402804482244915,-0.1176691098403996,0.0010846530207447719
1.08,2,seg2,-0.3475891152975184,0.032860926248479125,0.08633635516104439,0.021451774695503672,0.021859174463986143,0.0005076666961000148
1.08,3,seg3,-0.47531327608704,0.12354764766415935,0.08589558906586124,-0.02215788566942763,0.10622066399741696,6.513636669201739e-05
1.08,4,seg4,-0.6209258912922173,0.1459719939830066,0.08601353743492604,-0.05114718970165095,0.12141245475523631,0.00018130791400579327
1.08,5,seg5,-0.758676380232256,0.11000208153872597,0.0865607147794551,-0.09077045444941051,0.07854114932874934,0.0007267424554888713
1.08,6,seg6,-0.8721119567935085,0.02178842664132471,0.08740282170946395,-0.15716758843827833,-0.015407605887422697,0.0015671114905384115
1.1,0,head,-0.3027746460814186,-0.23306285583996927,0.08700470952496053,0.2905036659478697,-0.24158932938536135,-0.00035500869708841865
1.1,1,seg1,-0.2931429590807483,-0.11550676847848272,0.08614266348315268,0.13550012468448627,-0.12370805837429237,0.0003159416234814333
1.1,2,seg2,-0.3431616954145751,0.030533973303162546,0.0863419214787051,0.01691862863441344,0.01974556531931451,0.0005132330137607305
1.1,3,seg3,-0.4745889037846323,0.1256304444248449,0.08620486662691054,-0.02278231396715722,0.10833557460538876,0.0003744139277413183
1.1,4,seg4,-0.6254995614505615,0.14607710629696435,0.08621493247179286,-0.046573699584651844,0.12129978060900619,0.0003827029508726154
1.1,5,seg5,-0.7638051315465204,0.10570847367731909,0.08639090986527116,-0.08585185338787191,0.07400832216405254,0.0005569375413049388
1.1,6,seg6,-0.8758791001858092,0.01989134256951586,0.08667320066194886,-0.1534949985264623,-0.017481823969378512,0.0008374904430233227
1.12,0,head,-0.31063891635433794,-0.23474479568300424,0.08805300056182958,0.2982789792487882,-0.24364363501655512,0.0006932823397806237
1.12,1,seg1,-0.2940790842510782,-0.11956122193355101,0.08697816239084387,0.13624223201211505,-0.12780246918268845,0.0011514405311726233
1.12,2,seg2,-0.33848757951923036,0.029916849055935564,0.08682952449554496,0.0122204392331206,0.019351588052452712,0.0010008360306005826
1.12,3,seg3,-0.4723682206324703,0.12865268111689043,0.08640265004151321,-0.024856648366423224,0.11146007217849326,0.000572197342343983
1.12,4,seg4,-0.6282260813282975,0.14686372972547154,0.08629038492858401,-0.043812832652401934,0.12195575381240951,0.0004581554076637656
1.12,5,seg5,-0.7630350348920992,0.10235340547278729,0.086623125964725,-0.08678074982182755,0.07069370560565919,0.0007891536407587801
1.12,6,seg6,-0.8726325217445565,0.010119352823350032,0.08709067565924351,-0.15720296088063052,-0.02708823174512315,0.0012549654403179733
1.1400000000000001,0,head,-0.3219402678315257,-0.23640446246619579,0.08775122906324125,0.30948853915999747,-0.24583926832479824,0.00039151084119229407
1.1400000000000001,1,seg1,-0.2972570983803898,-0.12131413851265768,0.08662370848054454,0.1393332213432379,-0.12970464564480147,0.0007969866208732967
1.1400000000000001,2,seg2,-0.3347616421850571,0.030411465853338246,0.08642708092277385,0.008522263310290563,0.02002296695936277,0.0005983924578294719
1.1400000000000001,3,seg3,-0.4687947475782235,0.1322033450598759,0.08595484199097918,-0.028257091212948848,0.11517677939741655,0.00012438929180995373
1.1400000000000001,4,seg4,-0.6274862649838254,0.14774988938357828,0.08582870680283851,-0.04450963712479643,0.12287611824586858,-3.5227180817387627e-06
1.1400000000000001,5,seg5,-0.7601653638038625,0.09687447463500912,0.08622540112776791,-0.0899079192269193,0.06535755467159825,0.0003914288038016911
1.1400000000000001,6,seg6,-0.8626965378903156,-0.0033719305055302413,0.08678002887516197,-0.16776975517884885,-0.040091360571016185,0.0009443186562364259
1.16,0,head,-0.33343590530181927,-0.2358700660065491,0.08762050063449611,0.3209965834531185,-0.24585257085278706,0.00026078241244716083
1.16,1,seg1,-0.3014251286872677,-0.12126829773959234,0.08643275120353351,0.14349871042891443,-0.12985721920304544,0.000606029343862266
1.16,2,seg2,-0.33335765450818844,0.03250267170215059,0.08626514174752005,0.007219389919104628,0.022178620972683936,0.0004364532825756745
1.16,3,seg3,-0.46560083554735104,0.1350563649574587,0.08601380360468137,-0.03131160497680658,0.11817856924048988,0.00018335090551215016
1.16,4,seg4,-0.6255437816127385,0.14697253311751735,0.08612292631994409,-0.0464869149148292,0.1221920883108625,0.00029069679902384016
1.16,5,seg5,-0.7555944326154526,0.0891880542040501,0.08673657308224983,-0.09483947852841788,0.057897380824774136,0.000902600758283606
1.16,6,seg6,-0.8484626820488814,-0.017531063276902396,0.08749982557549416,-0.18266133537987195,-0.05355704035519931,0.0016641153565686156
1.18,0,head,-0.34483118569969146,-0.23275190198407367,0.08793552100854854,0.33252734949973417,-0.24328025738403278,0.0005758027864995879
1.18,1,seg1,-0.3065970689219193,-0.11924265735017614,0.08689535211577468,0.14876119333059212,-0.1280800139574963,0.001068630256103431
1.18,2,seg2,-0.33303657416824317,0.03468585126851671,0.08679740905892336,0.007002573966675244,0.024374607413087408,0.0009687205939789834
1.18,3,seg3,-0.46338360442967336,0.13720916437768735,0.08639117460945961,-0.03342386898824675,0.12043445042491303,0.0005607219102903849
1.18,4,seg4,-0.6219461421610922,0.1449194774796402,0.08623072716376994,-0.0501781856235565,0.12031257570652673,0.0003984976428496878
1.18,5,seg5,-0.7481613106199779,0.07976650905759734,0.08656698215791994,-0.10271256246317208,0.048840264015443224,0.0007330098339537183
1.18,6,seg6,-0.829791577578528,-0.033245466728707235,0.08713333978266147,-0.20205915381319803,-0.06836505365826727,0.0012976295637359275
1.2,0,head,-0.35594999769180635,-0.22721528506039285,0.0879851512520971,0.34389705796464703,-0.2382790738755121,0.0006254330300481531
1.2,1,seg1,-0.312010422128659,-0.11533857501596798,0.08683746969924115,0.1543542133342225,-0.12443798443409182,0.001010747839569906
1.2,2,seg2,-0.33295987315590037,0.037550972344863806,0.08666234669475048,0.007062314982268989,0.02724013229318573,0.0008336582298061057
1.2,3,seg3,-0.4613554572134266,0.1394649617473202,0.08626986186468703,-0.035342361535219205,0.12278421408329296,0.0004394091655178095
1.2,4,seg4,-0.6173603767266642,0.14278931291723393,0.08623869263299941,-0.0548601323785667,0.11840306784751678,0.0004064631120791612
1.2,5,seg5,-0.7385908516092541,0.07046439349943068,0.08672440488185638,-0.11271487774861465,0.04000416032344954,0.0008904325578901612
1.2,6,seg6,-0.8086329100964034,-0.04938329714335833,0.08745902105922863,-0.22396186805034807,-0.08347762753282546,0.0016233108403030938
1.22,0,head,-0.3661564288896867,-0.21950005612893905,0.08776093581642434,0.3544591026563399,-0.2310583254944586,0.0004012175943753915
1.22,1,seg1,-0.3175130384367693,-0.1096394644623763,0.08658596077919371,0.16012182319623147,-0.11900720881607255,0.0007592389195224675
1.22,2,seg2,-0.3332865505915956,0.040402491849065254,0.08644929185535212,0.007524330054866086,0.030072873669048816,0.0006206033904077451
1.22,3,seg3,-0.4597613068300978,0.14078726447714732,0.0861127776941655,-0.03687177533135502,0.12418088634041888,0.0002823249949962803
1.22,4,seg4,-0.6120489717106316,0.13957454712645864,0.08620221701518997,-0.06031851417240187,0.11544472193741727,0.00036998749426972455
1.22,5,seg5,-0.7276206166153133,0.06032745626263049,0.0867744369976085,-0.1241551132441137,0.030400798195449052,0.0009404646736422828
1.22,6,seg6,-0.7852499398475195,-0.06476389815808632,0.08759382058794865,-0.24805032706311883,-0.09772797235570005,0.001758110369023111
1.24,0,head,-0.3747893655962938,-0.21086357513508228,0.08750586738625123,0.36349327947662674,-0.22284248413093644,0.00014614916420227497
1.24,1,seg1,-0.3225085246946835,-0.10340108012429193,0.0863947945244369,0.1654085424367272,-0.11301363544347565,0.0005680726647656481
1.24,2,seg2,-0.3339613733577434,0.04365896775474749,0.08638342696163161,0.008353368411271692,0.03329354386228436,0.0005547384966872321
1.24,3,seg3,-0.4573545731610147,0.14173672464929857,0.08615954767862684,-0.039230595763383475,0.12524381048688182,0.00032909497945761423
1.24,4,seg4,-0.6063129209241515,0.13581899992200935,0.08631236934458159,-0.06622679710862198,0.1119664168656526,0.000480139823661338
1.24,5,seg5,-0.7161336094695581,0.049265815700466495,0.08687200177181251,-0.13615554325424614,0.01989837444409648,0.0010380294478462837
1.24,6,seg6,-0.7607490728662628,-0.07943457739849027,0.08767984614052969,-0.2732216299357768,-0.11121599755738376,0.0018441359216041509
1.26,0,head,-0.38047543586535276,-0.20274279142640078,0.08748222697628597,0.3695593862361925,-0.21500151021650693,0.00012250875423701346
1.26,1,seg1,-0.32543662780838656,-0.09656276659207899,0.0864211499229847,0.16865877257987147,-0.10632242301033874,0.0005944280633134597
1.26,2,seg2,-0.3345120848260531,0.048281107190619225,0.08644013344127306,0.009123429938318975,0.03788423676537966,0.0006114449763286872
1.26,3,seg3,-0.4544153071427253,0.14273904036495036,0.08620291404613362,-0.04211882965630211,0.1263848742444608,0.00037246134696439226
1.26,4,seg4,-0.600552046993293,0.13131634588914595,0.08627480629750284,-0.07219543092011539,0.10774303288973534,0.00044257677658259
1.26,5,seg5,-0.7039888033976935,0.03774773484915922,0.08676454971532042,-0.14883474946163303,0.008971333172212327,0.0009305773913542009
1.26,6,seg6,-0.7357199927627055,-0.09349083587953189,0.08757666917529305,-0.2988913062629792,-0.12406515980672807,0.0017409589563675137
1.28,0,head,-0.3828136002844043,-0.19594304276772134,0.08762654002629361,0.37221851079541557,-0.2083207429514416,0.0002668218042446574
1.28,1,seg1,-0.3257390858874979,-0.08936034208449738,0.08658870657773904,0.16930366139019654,-0.09914255406311372,0.000761984718067793
1.28,2,seg2,-0.33416800797802776,0.05361204411343451,0.08663582965437927,0.009033449708150598,0.04322550823483982,0.0008071411894348957
1.28,3,seg3,-0.4520000935782102,0.14426165024156204,0.08639379409859363,-0.04445884337946962,0.12802070222233952,0.0005633413994244052
1.28,4,seg4,-0.5956401947188498,0.12707138540312346,0.08640119461070263,-0.07730374111621983,0.10373664433744027,0.0005689650897823806
1.28,5,seg5,-0.6921030795862821,0.026489844686280174,0.08683866020298399,-0.16124278413936965,-0.0017081423235085877,0.0010046878790177655
1.28,6,seg6,-0.7104899428640402,-0.10702242501011607,0.08765788958059623,-0.3247367549160809,-0.136380682781566,0.0018221793616706866
1.3,0,head,-0.382474244877948,-0.18930068261817423,0.08735459161284737,0.37219565912143354,-0.20166975894536718,-5.126609201586141e-06
1.3,1,seg1,-0.32392754203708896,-0.08197308211920107,0.08625179740899508,0.1678457402510366,-0.0916774507906828,0.0004250755493238334
1.3,2,seg2,-0.33250567076153176,0.05930363155618819,0.08630955771577521,0.007643866709330805,0.04898975942026478,0.0004808692508308371
1.3,3,seg3,-0.4497853237508521,0.14624101693856636,0.08616517189837002,-0.04657690279524165,0.13010323006608643,0.00033471919920079196
1.3,4,seg4,-0.5916701216699958,0.12281756418776571,0.0862670567222095,-0.08147176092313989,0.09967658450620875,0.0004348272012892479
1.3,5,seg5,-0.68046194708139,0.015292839023952873,0.08678237838006793,-0.17340360708158997,-0.012338442749846655,0.0009484060561017055
1.3,6,seg6,-0.6851888729037567,-0.1194776397420058,0.08764848369950791,-0.35060191699482257,-0.14761767106703935,0.0018127734805823692
1.32,0,head,-0.38125937568024565,-0.18320824889448858,0.08738613387420714,0.3712721139445912,-0.19552641131146503,2.6415652158190417e-05
1.32,1,seg1,-0.32195541773882624,-0.07621863580296172,0.08634765363822383,0.16614971273575357,-0.08583566875769562,0.0005209317785525858
1.32,2,seg2,-0.33062766882095534,0.06348613815816387,0.08646723510548283,0.00596704409215569,0.05325690350903212,0.0006385466405384593
1.32,3,seg3,-0.448086216379503,0.1473434228719221,0.08631695856940243,-0.04822161984724023,0.13128524974433345,0.00048650587023320313
1.32,4,seg4,-0.588207893484372,0.11835039710409563,0.0863554982408645,-0.08514266474034461,0.09537925150461701,0.0005232687199442504
1.32,5,seg5,-0.6694981258537365,0.0043947686850116345,0.08679981247810176,-0.18487365946660722,-0.022702380770622782,0.0009658401541355333
1.32,6,seg6,-0.6607196115077205,-0.13056394485116524,0.08763945772423544,-0.37557106471959883,-0.15752688779076235,0.0018037475053098995
1.34,0,head,-0.37937387260541544,-0.1777038745171458,0.08710867824244592,0.36965070822800383,-0.18993854028282864,-0.00025103997960303215
1.34,1,seg1,-0.3196302467278678,-0.07075735905269287,0.08611177225542825,0.16408708620000076,-0.08026992211000428,0.0002850503957570055
1.34,2,seg2,-0.3286402848237636,0.06730918823854574,0.08632785480155208,0.004163856322220702,0.05717020402587382,0.0004991663366077093
1.34,3,seg3,-0.4464772691140474,0.14801063997457803,0.08626461825582038,-0.04979699019968236,0.13202828286433624,0.00043416555665115597
1.34,4,seg4,-0.5851276420814874,0.11341476281861904,0.08631861457302602,-0.08845431960650081,0.09059580331824936,0.00048638505210577
1.34,5,seg5,-0.6590182957551441,-0.006271060779667551,0.08671979660045201,-0.1958492164711657,-0.03285737488656094,0.000885824276485786
1.34,6,seg6,-0.6375715310357161,-0.139904305587145,0.08750405988933115,-0.3991374366337991,-0.1657550153397599,0.0016683496704056056
1.36,0,head,-0.37756609615052655,-0.17302907323791944,0.08710151424385477,0.3680674605149813,-0.18518300147111455,-0.00025820397819417695
1.36,1,seg1,-0.31853400604132054,-0.06794746476842832,0.08612712008709818,0.1631258144744098,-0.07741104012556617,0.0003003982274269318
1.36,2,seg2,-0.328334935394617,0.07018235123351681,0.08631293265342474,0.003995590731562135,0.06005464340996738,0.000484244188480365
1.36,3,seg3,-0.4453595911279349,0.14796090974303347,0.08627686919874784,-0.05091576846201768,0.1320318008404379,0.0004464164995786196
1.36,4,seg4,-0.582346703966856,0.10833261543559007,0.0863385063185227,-0.09147397310317988,0.08565176331237775,0.0005062767976024563
1.36,5,seg5,-0.648880511716506,-0.01651980901706865,0.08675207718517196,-0.20646326551384536,-0.042612038825312754,0.0009181048612057346
1.36,6,seg6,-0.6158030634498151,-0.14746471946369485,0.08757402552534037,-0.421241048759493,-0.1722708706151792,0.0017383153064148282
1.3800000000000001,0,head,-0.37594952948938054,-0.16918563034674294,0.08705576713805553,0.36663564042566704,-0.18126697896619468,-0.0003039510839934201
1.3800000000000001,1,seg1,-0.31783924618764536,-0.06530275224914334,0.08614450342110089,0.16255770742760345,-0.07473625977062043,0.000317781561429642
1.3800000000000001,2,seg2,-0.32837531442344237,0.07199211497799358,0.08635832932567682,0.004122053192791543,0.061860434794011716,0.0005296408607324415
1.3800000000000001,3,seg3,-0.4449073828675315,0.14704957450335615,0.08632823466963174,-0.051410836037514576,0.13114301946938428,0.0004977819704625186
1.3800000000000001,4,seg4,-0.5797878754890671,0.10305132538541482,0.08635133806380532,-0.09428124611614759,0.08049823578232317,0.0005191085428850745
1.3800000000000001,5,seg5,-0.6390589799723104,-0.025891445968288726,0.08672639175434028,-0.21671967765935746,-0.051505636232451,0.0008924194303740612
1.3800000000000001,6,seg6,-0.5953910276769917,-0.15354076794359311,0.08755574335515817,-0.44191912303793457,-0.17736859693306553,0.001720033136232632
1.4000000000000001,0,head,-0.3747368210092207,-0.16627514365347204,0.08703664519062909,0.36556282021094666,-0.1783020756901694,-0.0003230730314198599
1.4000000000000001,1,seg1,-0.31727811438761494,-0.06253414847089288,0.08620173665778287,0.16212897317700659,-0.07194408808531322,0.0003750147981116253
1.4000000000000001,2,seg2,-0.32842382459193575,0.07325720347404403,0.08647823762722578,0.00423071572374144,0.06312178113568524,0.0006495491622814098
1.4000000000000001,3,seg3,-0.44491185898109514,0.14573411883396464,0.08642473529355121,-0.05146896937001683,0.1298288413348162,0.0005942825943819896
1.4000000000000001,4,seg4,-0.5776405919627351,0.09753036775447976,0.0863644799541245,-0.09668884661961895,0.07508572624233693,0.0005322504332042483
1.4000000000000001,5,seg5,-0.6295984105452365,-0.03447738444526887,0.08667629208330457,-0.22657814401001553,-0.05963160415138941,0.0008423197593383502
1.4000000000000001,6,seg6,-0.5760642769129861,-0.1581206268878603,0.08751199587346582,-0.46144193630622005,-0.18102347929708434,0.0016762856545402827
1.42,0,head,-0.3738349109520532,-0.16425718858191157,0.08703110727193841,0.36475796942209976,-0.17624348402847229,-0.00032861095011053887
1.42,1,seg1,-0.316761966428117,-0.059510317908113425,0.08609179352630429,0.1617573183946318,-0.0688991196600003,0.00026507166663304604
1.42,2,seg2,-0.32853141899538424,0.07427602267861329,0.08633956709027288,0.004386675240724337,0.06413432533536989,0.0005108786253285036
1.42,3,seg3,-0.4450689343997773,0.14419393026747693,0.08634310544302959,-0.05138537166231368,0.12828292253657714,0.0005126527438603645
1.42,4,seg4,-0.5756322068443237,0.0922406894812348,0.08640666554398717,-0.09894669919477836,0.06989762362510756,0.000574436023066921
1.42,5,seg5,-0.6207549752167738,-0.04212887668255917,0.08683231079883874,-0.23577570394171812,-0.06685355493780643,0.0009983384748725177
1.42,6,seg6,-0.5580266221784593,-0.16173149978870738,0.08770196755191198,-0.47963099883567395,-0.18377182346992343,0.0018662573329864401
1.44,0,head,-0.3733415412331609,-0.1631490400703305,0.08699455453865193,0.36431789708335316,-0.17511311101929908,-0.0003651636833970212
1.44,1,seg1,-0.31662369489275843,-0.05700695698795678,0.08614812458000592,0.16173834198202336,-0.066392014793864,0.0003214027203346792
1.44,2,seg2,-0.3297327381819902,0.07600870273087972,0.08646653432393245,0.005669093863146005,0.06580786960678249,0.0006378458589880731
1.44,3,seg3,-0.4454828627003663,0.14309917838519143,0.08644059434603373,-0.051024013161483306,0.1271697117049544,0.000610141646864501
1.44,4,seg4,-0.5738228272760594,0.08721169389064934,0.08636490528110972,-0.10099336546222275,0.06496043735540909,0.0005326757601894772
1.44,5,seg5,-0.6119591714271134,-0.04933202963102036,0.08668675114553717,-0.24490434921304582,-0.07362994130578109,0.0008527788215709486
1.44,6,seg6,-0.5407865473929807,-0.1639941321055115,0.08756502567347371,-0.49695922050992974,-0.18521141271170893,0.001729315454548172
1.46,0,head,-0.37302033001817037,-0.16269400358672156,0.08698743043146458,0.36401870565916944,-0.1746433032525153,-0.00037228779058437467
1.46,1,seg1,-0.31640411912630095,-0.055312403824215144,0.08599992078717746,0.16159966117343955,-0.06468893183191679,0.00017319892750621013
1.46,2,seg2,-0.3307682681190908,0.07763610211587468,0.08621702311865362,0.006780900639827576,0.06738414264789996,0.0003883346537092436
1.46,3,seg3,-0.4469873737280095,0.14261447705295444,0.08622661940229534,-0.04954427452819115,0.12661395781100385,0.00039616670312611624
1.46,4,seg4,-0.572721809877953,0.08391908929138808,0.08630918353735208,-0.10224983493910837,0.061723962604758424,0.0004769540164318298
1.46,5,seg5,-0.6043299007625937,-0.05532113659588456,0.08675579569787656,-0.2528100050271967,-0.07924917428295117,0.0009218233739103354
1.46,6,seg6,-0.5247226974981395,-0.16562316925425558,0.08766164845111467,-0.5130823964090723,-0.18607410290679194,0.0018259382321891282
1.48,0,head,-0.3730145865102081,-0.16291318686941436,0.08695872390858085,0.3640025374204382,-0.1748619648343078,-0.00040099431346810044
1.48,1,seg1,-0.3162710843213716,-0.05449289384754954,0.08592254286662175,0.16150577873727154,-0.06386401913996037,9.582100695050555e-05
1.48,2,seg2,-0.33143321999895203,0.07856537666405236,0.0861050314699455,0.007489324529074007,0.06828071823396632,0.00027634300500112285
1.48,3,seg3,-0.4485853968420589,0.14222876730674383,0.0861065014552792,-0.047966418620261374,0.12615263296356422,0.00027604875610998114
1.48,4,seg4,-0.571907764003792,0.081889673263536,0.08624799259506993,-0.10315954115322877,0.059735587714731087,0.00041576307414968594
1.48,5,seg5,-0.5979305605055033,-0.05967068037919096,0.08671600832910108,-0.25940909497987863,-0.08328923599551565,0.0008820360051348536
1.48,6,seg6,-0.5105888297562345,-0.16615321872084088,0.08760889790964582,-0.527225474682358,-0.18593090124491782,0.001773187690720282
1.5,0,head,-0.3732608480641271,-0.16372126683443106,0.08695048172643294,0.3642100622771715,-0.1756808490853625,-0.00040923649561601383
1.5,1,seg1,-0.31629594590685367,-0.05395074284817971,0.08594238975188769,0.16155641387568737,-0.06332366565629631,0.00011566789221643947
1.5,2,seg2,-0.3319489662714624,0.07903648940428161,0.08616200198987338,0.008026907316838803,0.06872675206439746,0.0003333135249290048
1.5,3,seg3,-0.4496958060831559,0.14189556008969598,0.08614188409642973,-0.046873125395105256,0.12576695737983395,0.0003114313972605032
1.5,4,seg4,-0.5711416320881472,0.08064017199146487,0.08625170192680512,-0.10398427046730631,0.0585239635570269,0.00041947240588487145
1.5,5,seg5,-0.5928134646521624,-0.06211550768791495,0.0866633873529544,-0.26463674533655845,-0.08548776329518488,0.000829415028988173
1.5,6,seg6,-0.499286067891333,-0.16508409529555212,0.08752751320429648,-0.5384645481670508,-0.1843250750201659,0.0016918029853709438
1.52,0,head,-0.37350618680835745,-0.16496615189339492,0.08698644164895585,0.36439587720485145,-0.17693599956322853,-0.00037327657309310647
1.52,1,seg1,-0.3163282507425247,-0.05355443228014413,0.08592599299114075,0.16160754308026024,-0.06292934158502478,9.927113146949995e-05
1.52,2,seg2,-0.33249361048002973,0.07943879784395898,0.08612475047499943,0.008590080803203145,0.06910268426412128,0.0002960620100550537
1.52,3,seg3,-0.4506423682448837,0.14170164540348723,0.08610340094926341,-0.045936864465874104,0.12552821420436788,0.00027294825009419044
1.52,4,seg4,-0.5707116653620866,0.07969536588859728,0.08625212962593695,-0.10445871463578994,0.057600690743328534,0.0004199001050167045
1.52,5,seg5,-0.5890204773214345,-0.06280098682880202,0.08670329802538768,-0.2684580576960556,-0.08599195214198813,0.0008693257014214528
1.52,6,seg6,-0.49110035038579586,-0.16217421828351508,0.08756517176411827,-0.5465025052183233,-0.1810289254878511,0.0017294615451927259
1.54,0,head,-0.37374346500673417,-0.16649282676242094,0.08709312088318091,0.36456022994922105,-0.1784722369389426,-0.00026659733886803816
1.54,1,seg1,-0.3164332337325613,-0.05321532398329283,0.08600482619946252,0.16172854575061982,-0.06259561382328518,0.00017810433979127682
1.54,2,seg2,-0.33301747038107865,0.07969013235565287,0.08617699142653555,0.009125308472737192,0.06932880276056178,0.00034830296159117646
1.54,3,seg3,-0.4514051575731521,0.14162624518728847,0.0860946171309029,-0.045178527865494617,0.1254165972147086,0.0002641644317336739
1.54,4,seg4,-0.5704694285912493,0.079279052051397,0.08621765396358466,-0.10472048988254891,0.05719637702309393,0.00038542444266441434
1.54,5,seg5,-0.5864628395426629,-0.06189113936066242,0.08671265325184924,-0.2709694964703808,-0.08496141407636464,0.0008786809278830132
1.54,6,seg6,-0.48572485353002687,-0.15790189258379272,0.08763390032129358,-0.5516685850787076,-0.17650561340452278,0.0017981901023680358
1.56,0,head,-0.37375957120086084,-0.16815571201345617,0.08721487616577875,0.3644971788596437,-0.180134004470127,-0.00014484205627020297
1.56,1,seg1,-0.316533520548463,-0.05314108714030552,0.08605583818790938,0.16183225196539675,-0.06252623388875009,0.00022911632823813255
1.56,2,seg2,-0.33353926602071643,0.07983603604983644,0.08617939574973506,0.009653456619918205,0.06944970814556024,0.0003507072847906828
1.56,3,seg3,-0.45198696941768174,0.1416905293372649,0.08607271069683882,-0.044594315906741136,0.12545311928454558,0.00024225799766959544
1.56,4,seg4,-0.5703794763251199,0.07943918083986934,0.08622785345502583,-0.10480271946975135,0.057360605321711014,0.0003956239341055823
1.56,5,seg5,-0.5851184065090621,-0.0596955695716231,0.08680780625915005,-0.2722079158746144,-0.08270434866762781,0.0009738339351838265
1.56,6,seg6,-0.4825268596219107,-0.15305716688083415,0.08776793636277909,-0.5546323880311848,-0.1715141803206691,0.0019322261438535493
1.58,0,head,-0.37346717262049056,-0.16984764325213542,0.08731492828016425,0.36412459022706334,-0.181810102903123,-4.478994188469865e-05
1.58,1,seg1,-0.3165633285140923,-0.05335449884100861,0.08607756399748621,0.161851869594089,-0.06274082237272843,0.0002508421378149689
1.58,2,seg2,-0.333912004093249,0.07984712087772551,0.08616730919411494,0.010026299880697425,0.06944304128719081,0.00033862072917056896
1.58,3,seg3,-0.4522592181683802,0.14196099713151766,0.08608447733142266,-0.04430950370412944,0.12571032390974035,0.00025402463225343563
1.58,4,seg4,-0.570628304811425,0.08001712012208209,0.08629958428615486,-0.10452666799582307,0.05792604763818503,0.00046735476523461494
1.58,5,seg5,-0.585191220382044,-0.05672690054974587,0.08695910021165482,-0.2719939013994239,-0.07974250879586657,0.0011251278876885928
1.58,6,seg6,-0.4810831058097505,-0.1485457367631122,0.08790368456817386,-0.5558598006420685,-0.1669391518989602,0.002067974349248325
1.6,0,head,-0.3729192478198342,-0.1714505741134839,0.08732091150340511,0.36350100056654444,-0.1833851409562237,-3.880671864384122e-05
1.6,1,seg1,-0.31664019361058265,-0.05361486459113788,0.08609140730801772,0.16191625642376709,-0.06300455121654654,0.0002646854483464717
1.6,2,seg2,-0.33414844278482253,0.0796315662103927,0.08621692298039224,0.010252212112676734,0.06921647841972023,0.00038823451544786614
1.6,3,seg3,-0.45230998619418555,0.14246069897610442,0.0861437519438719,-0.04423501169491839,0.12620704341458314,0.0003132992447026778
1.6,4,seg4,-0.5713006470728709,0.08141621737769988,0.08633427465800007,-0.10378850257973449,0.05929156185109634,0.0005020451370798262
1.6,5,seg5,-0.5868681010719812,-0.05348501682521406,0.08698228842377673,-0.27016463502599,-0.07658410358651016,0.0011483160998105035
1.6,6,seg6,-0.4816650774676195,-0.14527198254189128,0.0878922265108644,-0.5551226858839917,-0.16369680405442788,0.0020565162919388563
1.62,0,head,-0.3722883767185702,-0.17286698451109556,0.08725998429443448,0.3628034353625147,-0.18476992236387366,-9.973392761447597e-05
1.62,1,seg1,-0.3167879444378025,-0.054152828151232214,0.0860747522163537,0.1620382373948415,-0.06354893687178054,0.00024803035668245765
1.62,2,seg2,-0.3343268233802649,0.0793814274347548,0.08624542161134571,0.010418486128827469,0.06895813369758258,0.00041673314640133796
1.62,3,seg3,-0.4520353575814014,0.14339821515933526,0.08616599994974405,-0.04446471141688678,0.1271565672460331,0.00033554725057483026
1.62,4,seg4,-0.5721098678519837,0.08401425812497838,0.0862959144514577,-0.10285655434803274,0.06184814677776368,0.0004636849305374585
1.62,5,seg5,-0.589692664360873,-0.05021431896588059,0.08688863647308379,-0.2671876152022653,-0.07345153671117353,0.0010546641491175623
1.62,6,seg6,-0.4846436244099395,-0.14325516737095303,0.08777674121096529,-0.5520515309175464,-0.16182402737459053,0.0019410309920397523
1.6400000000000001,0,head,-0.37155328854299025,-0.17414411314495828,0.08732614700472405,0.3620083997876821,-0.1860106199934431,-3.35712173249042e-05
1.6400000000000001,1,seg1,-0.3169702711388996,-0.054907529760307335,0.08612465676803698,0.16218444019471492,-0.0643114605015619,0.00029793490836572956
1.6400000000000001,2,seg2,-0.3344121561636842,0.07903552680537204,0.08628738318716907,0.010487260326122468,0.0686085639060985,0.0004586947222246923
1.6400000000000001,3,seg3,-0.451447930265859,0.14458743158446788,0.0862107752620858,-0.044994876639108075,0.12837239264219005,0.00038032256291657685
1.6400000000000001,4,seg4,-0.5727871764595971,0.08757561453930292,0.08634288290322821,-0.10201052327731418,0.06537323371104148,0.0005106533823079629
1.6400000000000001,5,seg5,-0.5932487013181169,-0.0466990452861367,0.08692662154039463,-0.26346831084704553,-0.07010948300171926,0.001092649216428404
1.6400000000000001,6,seg6,-0.48981927666160396,-0.14186238313635186,0.08780832755231449,-0.5468154587140392,-0.16067913784668503,0.0019726173333889513
1.6600000000000001,0,head,-0.37058104278376947,-0.17539446244032358,0.08737849343294807,0.3609777498216084,-0.18721328196760514,1.8775210899116268e-05
1.6600000000000001,1,seg1,-0.3171740830634102,-0.055713977937654174,0.08622107338149607,0.16234964118130613,-0.0651266945767444,0.0003943515218248206
1.6600000000000001,2,seg2,-0.33435048715133797,0.07848530883976947,0.08641158658504029,0.010399475549602308,0.06806190431387779,0.0005828981200959177
1.6600000000000001,3,seg3,-0.45051989800397657,0.14598961619249295,0.0863038556296293,-0.04585512541038916,0.12981715476982758,0.00047340293046008175
1.6600000000000001,4,seg4,-0.5734414883032565,0.09204230558800419,0.08636422159013953,-0.10114437677184826,0.06980372388080444,0.0005319920692192781
1.6600000000000001,5,seg5,-0.597856992768475,-0.04227849291835942,0.08688335715286824,-0.25865486084332556,-0.06591325464908547,0.001049384828902017
1.6600000000000001,6,seg6,-0.4969437016624239,-0.14061299558382562,0.08777467046151,-0.539639646388887,-0.15977022733548432,0.001938960242584456
1.68,0,head,-0.3692889540271524,-0.1766472445892649,0.0873161112936504,0.3596275034933673,-0.1884031522633101,-4.360692839855407e-05
1.68,1,seg1,-0.31723870187437303,-0.056757763372352686,0.08615015138119901,0.1623645115639798,-0.06617237258461046,0.0003234295215277655
1.68,2,seg2,-0.33415843055338906,0.07789041814270103,0.08636677882326975,0.010179324893559433,0.06747682793688395,0.0005380903583253743
1.68,3,seg3,-0.44932482280787484,0.1475851831915253,0.08632130826322902,-0.046972911187866284,0.13146778911098211,0.0004908555640597972
1.68,4,seg4,-0.5739932870473805,0.09713525831637793,0.08641954370318519,-0.10035082253827277,0.07486464484697657,0.0005873141822649447
1.68,5,seg5,-0.6032367702073359,-0.036512026237552356,0.08691355745563391,-0.25300674508804677,-0.060409353152426765,0.0010795851316676847
1.68,6,seg6,-0.5057864047738015,-0.13871218279270844,0.08773658100391354,-0.5307165007180557,-0.15829240498096797,0.001900870784988004
1.7,0,head,-0.36812406982699614,-0.17790761446769346,0.08735483042918099,0.35840395647384804,-0.1896066555334047,-4.887792867960816e-06
1.7,1,seg1,-0.3174519419332422,-0.05805355773270501,0.08623708181406717,0.1625158413329065,-0.06747684705659152,0.00041035995439592243
1.7,2,seg2,-0.3339577299458583,0.07712110937480338,0.0864672975987188,0.00994223922276864,0.06671794250486442,0.0006386091337744204
1.7,3,seg3,-0.44797379523840286,0.14931049603514662,0.08637638431783994,-0.048240297841003796,0.1332554442715266,0.0005459316186707114
1.7,4,seg4,-0.5744687519614303,0.10293319993463174,0.08639343357983827,-0.09959996423320358,0.0806333887049476,0.0005612040589180189
1.7,5,seg5,-0.6093171070434743,-0.02911121057708807,0.08683758094910193,-0.24658108279564458,-0.053306295178435006,0.0010036086251357101
1.7,6,seg6,-0.5163142889556492,-0.13570612414661534,0.0876800908184935,-0.5200574832814496,-0.15579078926218354,0.0018443805995679574
1.72,0,head,-0.36656287187998665,-0.17923135375960766,0.0874140018276525,0.35678152893660764,-0.19085459528711043,5.428360560354173e-05
1.72,1,seg1,-0.317605124785817,-0.059261715804217185,0.08618917992245421,0.16261135268060498,-0.06869092633511287,0.0003624580627829693
1.72,2,seg2,-0.3337720618644824,0.07610358400755422,0.08637966069603636,0.00970835606965338,0.06571040631190384,0.0005509722310919896
1.72,3,seg3,-0.4465946138694007,0.15077230912272738,0.08637278195550475,-0.04954834671397137,0.13478123812958465,0.0005423292563355303
1.72,4,seg4,-0.5748319105396045,0.10870733266177676,0.0865335196396129,-0.09896241810669477,0.086383695465474,0.0007012901186926462
1.72,5,seg5,-0.6155666846444412,-0.020284658124776322,0.08708488655900624,-0.23991851870035738,-0.044787170337414375,0.001250914235040021
1.72,6,seg6,-0.5282130685988646,-0.13113228134924068,0.08788343041373123,-0.507954510723103,-0.15178840869931373,0.0020477201948056883
1.74,0,head,-0.3649852471045803,-0.1806700946337747,0.08740709174130841,0.3551372200983615,-0.19221662453760766,4.737351925945821e-05
1.74,1,seg1,-0.31783162079432675,-0.06069429475144407,0.08623162988844024,0.16276941360899402,-0.0701326612708099,0.00040490802876899656
1.74,2,seg2,-0.33376646705602986,0.0751623289329635,0.08644872427404104,0.009657971956009093,0.06477048405000357,0.0006200358090966696
1.74,3,seg3,-0.44527918940858086,0.15248060265665145,0.08641899162586099,-0.050780980573526924,0.136550198863517,0.0005885389266917646
1.74,4,seg4,-0.5751894246933823,0.11529812809497914,0.08651598992179245,-0.09829164388905495,0.09295000818734538,0.000683760400872202
1.74,5,seg5,-0.6222515466397859,-0.010098761417951924,0.08702851013201308,-0.23275647034368446,-0.03493095732469988,0.001194537808046861
1.74,6,seg6,-0.541502589028319,-0.12548125530463466,0.08782955574229262,-0.49441110858794596,-0.14677625275711975,0.00199384552336708
1.76,0,head,-0.3635645941415992,-0.18209081648095882,0.0873972469528135,0.3536505627564838,-0.1935681256866827,3.7528730764554985e-05
1.76,1,seg1,-0.3184098397105438,-0.06242142232722281,0.08627366574172714,0.16326478092246122,-0.0718853500631429,0.00044694388205589186
1.76,2,seg2,-0.334081594059881,0.07411559186360969,0.08650434740827648,0.009922926205161407,0.06370993571694593,0.0006756589433321025
1.76,3,seg3,-0.4435489359828854,0.15426434781076725,0.08644689020966582,-0.05242438250195439,0.1384142680127675,0.0006164375104966008
1.76,4,seg4,-0.5751919203607432,0.12259862396781092,0.08646434967405231,-0.09794171024592917,0.10024211300440146,0.0006321201531320625
1.76,5,seg5,-0.6290802022147184,0.00013476009068870073,0.08691246032098049,-0.22544852481084987,-0.025034016811883036,0.0010784879970142658
1.76,6,seg6,-0.5564309808040715,-0.11954632957341342,0.08773073516294093,-0.4792171809493309,-0.14155851499686206,0.0018950249440153888
1.78,0,head,-0.36222137376414093,-0.18369561607124832,0.08738336778198263,0.3522324897431817,-0.19510718112304626,2.364955993368334e-05
1.78,1,seg1,-0.31893154290382625,-0.06436259636948749,0.08626670720252881,0.1636935097811253,-0.07384915312097035,0.00043998534285756563
1.78,2,seg2,-0.33403712721819734,0.07265702215152232,0.08650073663557524,0.00980909437794638,0.062255134967654294,0.0006720481706308651
1.78,3,seg3,-0.44162431970285754,0.1559682538369157,0.08644824462683182,-0.054265726705418155,0.14020783850069463,0.0006177919276625921
1.78,4,seg4,-0.5750910377727053,0.13022984530148973,0.08645222003776863,-0.09767929803200945,0.10786948844881601,0.0006199905168483844
1.78,5,seg5,-0.6364744015599451,0.01060502710316812,0.08686572416542145,-0.21756440928303072,-0.014927514073097805,0.0010317518414552224
1.78,6,seg6,-0.5728196887473893,-0.11380015586361539,0.08766958330316332,-0.4625735748183521,-0.1365988138684501,0.0018338730842377832
1.8,0,head,-0.36056688897346545,-0.1854577462963842,0.08745992094922046,0.35049601742945374,-0.19678857541241612,0.00010020272717151113
1.8,1,seg1,-0.3196380961885308,-0.06683194336630213,0.08615227776755498,0.16428174278602595,-0.07634932792818773,0.0003255559078837317
1.8,2,seg2,-0.3344035310598321,0.07061148175167153,0.0862572475355388,0.010077732915768628,0.060194474724299014,0.0004285590705944281
1.8,3,seg3,-0.4401197808072292,0.15708960619890167,0.08628805686453062,-0.055715194062665056,0.14139952335340025,0.0004576041653613916
1.8,4,seg4,-0.5750451566872872,0.13764623931497708,0.08653322160096606,-0.0973721705708316,0.11527966239817806,0.0007009920800458147
1.8,5,seg5,-0.644154482628984,0.021993222700622404,0.08716823194052681,-0.20935105046309171,-0.003917728376589013,0.0013342596165605847
1.8,6,seg6,-0.5902037762228598,-0.10721923554869772,0.08800313593089519,-0.44489599027451926,-0.1308526835000898,0.0021674257119696505
1.82,0,head,-0.35893824099376237,-0.18762853061565,0.08754375286014213,0.34876590423110243,-0.19887939035478414,0.0001840346380931751
1.82,1,seg1,-0.3206350374016431,-0.06960060914712098,0.0863172229127287,0.16514578967777738,-0.07916230232496892,0.0004905010530574516
1.82,2,seg2,-0.33539990798960156,0.0683304667159613,0.08644052509482567,0.010964424144199432,0.057868625364481355,0.0006118366298812905
1.82,3,seg3,-0.4392970991064083,0.15797641628067643,0.08639014019207916,-0.05649473904105719,0.1423244811516655,0.0005596874929099382
1.82,4,seg4,-0.5751795260894899,0.14533152974226013,0.08649619406711094,-0.09687219970992088,0.12294984969876768,0.0006639645461906929
1.82,5,seg5,-0.6523038030333023,0.03443484141645571,0.08701029543719158,-0.2006188501301395,0.008121955035456782,0.0011763231132253527
1.82,6,seg6,-0.6091452622587106,-0.09924107700730676,0.08784476229113772,-0.42559627535790573,-0.12378501690790904,0.002009052072212178
1.84,0,head,-0.3574111514960058,-0.19016403360125778,0.0875382400395786,0.3471198769663461,-0.20133934400631556,0.00017852181752964214
1.84,1,seg1,-0.32211694899449594,-0.07306460269365847,0.08627023599752158,0.1664611658028806,-0.08269289702113675,0.00044351413785033433
1.84,2,seg2,-0.3370651697248735,0.0652897969178634,0.08633481729518923,0.012483089224298922,0.0547521488537297,0.0005061288302448536
1.84,3,seg3,-0.4385094277558207,0.15785148822713202,0.08627990034580446,-0.05728746337201016,0.14223718103628102,0.00044944764663523706
1.84,4,seg4,-0.5752705856617227,0.15206845841576158,0.08641176963757909,-0.09646062346560233,0.12967481102152717,0.0005795401166588388
1.84,5,seg5,-0.6602807159210473,0.046682763728437146,0.08696767897883068,-0.19206808023924984,0.01997636663818861,0.0011337066548644525
1.84,6,seg6,-0.6296696088078486,-0.08937998579572087,0.08785448216120531,-0.40462588208935624,-0.11491188176458526,0.0020187719422797706
1.86,0,head,-0.35531219591907043,-0.19344529064706412,0.0876784935638281,0.34486714013289016,-0.2045169907886757,0.0003187753417791539
1.86,1,seg1,-0.323440447469344,-0.07705694211546445,0.08635890457003394,0.16759316359112353,-0.08674369981550988,0.0005321827103626914
1.86,2,seg2,-0.3390366049064405,0.06190269817817103,0.08636238098458691,0.014291093784114209,0.05127506472207275,0.0005336925196425396
1.86,3,seg3,-0.43844511180000145,0.15733692774430633,0.08631483632413768,-0.05737619510326892,0.14172626449463596,0.0004843836249684569
1.86,4,seg4,-0.5759116943148117,0.15833215703504597,0.08649811572680806,-0.09552214308776158,0.13590090090834206,0.0006658862058878112
1.86,5,seg5,-0.6684236314088431,0.05909369866400784,0.08711802089333621,-0.1833437378493227,0.031985705857078585,0.0012840485693699916
1.86,6,seg6,-0.6507882126026037,-0.07791826957145344,0.08806305181171534,-0.3829857289537658,-0.10446821682986283,0.002227341592789797
1.8800000000000001,0,head,-0.3535261146116039,-0.19739149119609886,0.08740785302272759,0.3428952774563106,-0.20837371774227018,4.813480067863973e-05
1.8800000000000001,1,seg1,-0.3251871284093047,-0.0811175456136592,0.08626495900709868,0.16914461554827584,-0.0908828291804474,0.00043823714742743936
1.8800000000000001,2,seg2,-0.34148306292959857,0.05778999414730969,0.08642961301585107,0.016539050361052906,0.047050590490668426,0.0006009245509066979
1.8800000000000001,3,seg3,-0.438954205349398,0.15617838919988802,0.08639723730976115,-0.05692281488298933,0.14054481023113088,0.000566784610591925
1.8800000000000001,4,seg4,-0.5766114623221488,0.16453358511743862,0.08643367111573609,-0.09452803336522232,0.1420619991371267,0.0006014415948158436
1.8800000000000001,5,seg5,-0.677010291705324,0.07227854747315553,0.08680205479734798,-0.17413932182048125,0.04474696358229394,0.0009680824733817595
1.8800000000000001,6,seg6,-0.6731628669821866,-0.06547856402079999,0.08757517636522771,-0.3600444046009632,-0.09310744794382436,0.0017394661463021738
1.9000000000000001,0,head,-0.35125943625757494,-0.20187395785364926,0.08776019702748286,0.34041784065001146,-0.21274323086927904,0.0004004788054339098
1.9000000000000001,1,seg1,-0.3268420455557067,-0.08595858324003558,0.08644568374195744,0.1705672657394849,-0.09579714118665653,0.0006189618822861898
1.9000000000000001,2,seg2,-0.34461197807794747,0.053527400452211285,0.08641672701637097,0.019461557303767526,0.04264391734833097,0.0005880385514265979
1.9000000000000001,3,seg3,-0.44007271674996185,0.15442753127590486,0.0863122395415134,-0.05588889665784135,0.1387427047051749,0.00048178684234417846
1.9000000000000001,4,seg4,-0.5774940388598202,0.16993321763516903,0.08641042170381984,-0.09338948082671612,0.14741351021236787,0.0005781921828995895
1.9000000000000001,5,seg5,-0.6849771996661544,0.08560305586016012,0.08693857514673549,-0.1655473092835737,0.0576772175153159,0.0011046028227692656
1.9000000000000001,6,seg6,-0.6950518894607339,-0.05136185478559968,0.08788639058198235,-0.33750835092401,-0.08004846370614924,0.002050680363056806
1.92,0,head,-0.3489406838415159,-0.20690496700111222,0.08745899117381327,0.33786228288357933,-0.21765818664841888,9.927295176431761e-05
1.92,1,seg1,-0.328568214264152,-0.0906423364780723,0.08628639677581343,0.17206857214059657,-0.10055773798687606,0.00045967491614218314
1.92,2,seg2,-0.34791728467732,0.04876797495473355,0.0864249165599409,0.022536610906154563,0.03773258065424184,0.0005962280949965287
1.92,3,seg3,-0.4415968534867648,0.15215689027591559,0.08641253929148157,-0.054474549918804356,0.13640210079918638,0.0005820865923123475
1.92,4,seg4,-0.5785666081976819,0.17477889751601478,0.08647300927361978,-0.09208751415159191,0.15220265431846702,0.0006407797526995357
1.92,5,seg5,-0.6927998106577897,0.09888619718837117,0.08682939294818062,-0.15710139892730016,0.07057301855754611,0.0009954206242143993
1.92,6,seg6,-0.7171441723058362,-0.03574306530163192,0.08758457312720411,-0.3146977810986526,-0.06549877469065443,0.0017488629082785673
1.94,0,head,-0.3459514475710805,-0.21201780779642532,0.08750772313572848,0.3346331065139662,-0.2226229720870813,0.00014800491367952806
1.94,1,seg1,-0.3303145852184193,-0.09587398609057121,0.08626135010225733,0.17356398274176943,-0.10586657178641933,0.00043462824258608257
1.94,2,seg2,-0.35218166548009905,0.0440059508366728,0.08632568044991107,0.02656952830089494,0.03277300460212451,0.0004969919849666937
1.94,3,seg3,-0.4437123167245499,0.14934453660945862,0.08633437461772843,-0.05249532758132997,0.13349225599338668,0.0005039219185592053
1.94,4,seg4,-0.5797604591000898,0.17914624029078577,0.08646351406142491,-0.0906871680691158,0.15650823136907902,0.0006312845405046646
1.94,5,seg5,-0.7000799019548506,0.11245731427771044,0.08690665542542934,-0.14918368836067672,0.08378228832257806,0.0010726831014631205
1.94,6,seg6,-0.7385805742314537,-0.018473993627908847,0.08773030428107886,-0.29246380976957503,-0.04926945915108417,0.0018945940621533236
1.96,0,head,-0.34285401065299753,-0.2172186702262942,0.08782586333880332,0.3312916630275929,-0.22767053000181192,0.0004661451167543712
1.96,1,seg1,-0.3317175579539766,-0.10079614467702264,0.08657664470671277,0.17473111334363559,-0.11084992244683506,0.0007499228470415203
1.96,2,seg2,-0.35577783630622123,0.03853245505837853,0.08662288649254622,0.029901132945278342,0.02713456411408055,0.0007941980276018473
1.96,3,seg3,-0.4461221189915876,0.14614520199031386,0.08653634529019569,-0.05024051669834905,0.13018186072203067,0.0007058925910264635
1.96,4,seg4,-0.5809220347398357,0.18297323623512093,0.08653028006459132,-0.08934477653878273,0.16027560988789463,0.0006980505436710721
1.96,5,seg5,-0.7067615094153529,0.12612246800544205,0.08682715200879224,-0.14185930814596312,0.09711397085427541,0.0009931796848260122
1.96,6,seg6,-0.759387859422086,0.0004648911946016944,0.08758154100505182,-0.270778773573471,-0.03134228200413347,0.001745830786126279
1.98,0,head,-0.33891413402695725,-0.22241599248453298,0.08741755841078808,0.3271089028940291,-0.23267445887302562,5.7840188739125e-05
1.98,1,seg1,-0.33301229137626537,-0.10633267601577638,0.08632813051778407,0.17576088842147586,-0.1164417984458586,0.000501408658112823
1.98,2,seg2,-0.36005453976182383,0.033005962856465905,0.08653919358692243,0.03390997692516154,0.02141079975421642,0.0007105051219780528
1.98,3,seg3,-0.44872571463466115,0.14228502417548008,0.08655594731998949,-0.04782358248049612,0.1262021481670445,0.0007254946208202634
1.98,4,seg4,-0.5821798447584816,0.1861059564840016,0.08651080861495387,-0.0879393012247821,0.16334491947514543,0.0006785790940336267
1.98,5,seg5,-0.7128727317935358,0.13959302386336386,0.0866194310106928,-0.13511392788768775,0.11027842144082706,0.0007854586867265811
1.98,6,seg6,-0.7791057075431908,0.020966728029325688,0.08712818739037104,-0.25010755692097614,-0.011802076012505495,0.001292477171445497
2.0,0,head,-0.3345345928454455,-0.22673570824353734,0.08738185342354293,0.32252874291450967,-0.23678085142116442,2.213520149398074e-05
2.0,1,seg1,-0.33445471567447127,-0.11219269301176484,0.08619491342960658,0.17692279189022597,-0.12236382237169313,0.00036819156993533886
2.0,2,seg2,-0.3652219990063205,0.0270931698221213,0.0863197707242926,0.038790182770719495,0.01525877997111095,0.0004910822593482272
2.0,3,seg3,-0.45290570847012157,0.13810298580310415,0.08640998630584369,-0.043847354100763895,0.12182591676522049,0.0005795336066744677
2.0,4,seg4,-0.5834995806942505,0.18835967594714326,0.08660593829888145,-0.08651380303880633,0.16553327714251836,0.0007737087779612073
2.0,5,seg5,-0.7175610118767299,0.15254877934161004,0.0870046160315881,-0.12981437764023948,0.12299637478734052,0.0011706437076218768
2.0,6,seg6,-0.7962231136277064,0.0424102397650563,0.08774158735977436,-0.23198902008655975,0.008802496528012602,0.001905877140848819
2.02,0,head,-0.33356169373865946,-0.23548723191842832,0.09112286750811718,0.3211404489668966,-0.24547615700631684,0.003763149286068232
2.02,1,seg1,-0.3307731947838036,-0.11689646114328228,0.08930547837352186,0.17302158367670376,-0.12688705187914645,0.0034787565138506144
2.02,2,seg2,-0.36463899190910715,0.026096660306367054,0.08847194551496737,0.0381604110053631,0.014291145735501313,0.0026432570500229957
2.02,3,seg3,-0.454663509980402,0.13455360150057283,0.08760646103035903,-0.042260464538017344,0.11819689808357486,0.0017760083311898073
2.02,4,seg4,-0.5861524309493369,0.18797272956227437,0.08685962525077037,-0.08388237408112938,0.1650205163595471,0.0010273957298501252
2.02,5,seg5,-0.7246441859404924,0.16349133883925773,0.08662927901121027,-0.1222184579076518,0.13358943697866216,0.000795306687244049
2.02,6,seg6,-0.8196834573649366,0.06465008693519139,0.08729036012593468,-0.2074968341455366,0.029900632895941952,0.0014546499070091368
2.04,0,head,-0.3348338650476707,-0.24599363017918904,0.09131941368202107,0.3219111645828929,-0.2560311947462688,0.003959695459972115
2.04,1,seg1,-0.32525585134837126,-0.12149396121327621,0.08896258756537365,0.1672916905576746,-0.13121676437765406,0.003135865705702401
2.04,2,seg2,-0.3603853858480354,0.025625076522570324,0.08772817861342792,0.033889181427449754,0.014022531367524906,0.0018994901484835486
2.04,3,seg3,-0.458214116107042,0.13395160289740285,0.08690411597098101,-0.038742531602960484,0.11742660330382093,0.001073663271811784
2.04,4,seg4,-0.5885513080073655,0.18612178407496824,0.08675042320782778,-0.08157430430402612,0.16305750228935378,0.0009181936869075286
2.04,5,seg5,-0.7287006017096606,0.1706446281396057,0.0872540997293241,-0.11782620347723582,0.14054157030046208,0.0014201274053578794
2.04,6,seg6,-0.8407498893300422,0.08216098459710858,0.08851217147872384,-0.1856209047225298,0.04638910779522526,0.002676461259798299
2.06,0,head,-0.3403273220141936,-0.25214330338395524,0.08610008137905759,0.32710572529991466,-0.26243534097518717,-0.0012596368429913657
2.06,1,seg1,-0.3220109268992278,-0.12813694632376532,0.08543108855137252,0.16373429402596898,-0.13769779174793276,-0.00039563330829872623
2.06,2,seg2,-0.3540724916522932,0.022156084761902076,0.08601674307518294,0.02741834628463757,0.010857909824155347,0.00018805461023856107
2.06,3,seg3,-0.45782851957081605,0.13308475464485417,0.08627868505223665,-0.03916894573496022,0.11657908836606631,0.00044823235306742926
2.06,4,seg4,-0.5921123311841588,0.18414185119328252,0.08645359348198689,-0.07811154394097637,0.1609103388237267,0.0006213639610666427
2.06,5,seg5,-0.7339880636627207,0.1743978404633058,0.08645898685019338,-0.11236611219301361,0.1440388921067992,0.0006250145262271523
2.06,6,seg6,-0.8586044491842622,0.09886855523189253,0.08626660970043523,-0.16699143945379816,0.06222802341075795,0.0004308994815096917
2.08,0,head,-0.34535603753696004,-0.25292198363135726,0.08810211307042591,0.33209168424028795,-0.2634524624913109,0.0007423948483769593
2.08,1,seg1,-0.32051431449468226,-0.13218060461467468,0.08690715172205633,0.16204693410128057,-0.14166564224253364,0.0010804298623850878
2.08,2,seg2,-0.348848035707994,0.020377053371717368,0.08684153051762986,0.022115143646522287,0.009329533438117137,0.0010128420526854809
2.08,3,seg3,-0.45577360665544636,0.13374440305086763,0.08669959810276616,-0.041190136612871166,0.1173357854942809,0.0008691454035969354
2.08,4,seg4,-0.5965486482375825,0.1839433972655278,0.08675890809358697,-0.07368969843414888,0.1605009792367628,0.0009266785726667198
2.08,5,seg5,-0.7382611970337845,0.17475249125905412,0.08706384415374076,-0.10808094243610615,0.14418977665298457,0.0012298718297745342
2.08,6,seg6,-0.8669987182654854,0.10864557369787411,0.08743869706810599,-0.15814138004899436,0.07159446841499599,0.0016029868491804489
2.1,0,head,-0.3556866655067351,-0.25030060272940147,0.08881709719626707,0.34253536162675335,-0.26132570093461943,0.0014573789742181181
2.1,1,seg1,-0.32275320622324233,-0.13521834049667517,0.08736205357764307,0.16413871881646164,-0.14480648801486998,0.0015353317179718218
2.1,2,seg2,-0.3433534613126259,0.017907723826597013,0.08683711353746819,0.016509276377827852,0.007124496397313658,0.0010084250725238136
2.1,3,seg3,-0.4534938597594133,0.13626398234323042,0.08619199765073753,-0.0433473899984297,0.11996100616124203,0.0003615449515683017
2.1,4,seg4,-0.6001986833550842,0.18561875161418345,0.0859767691771633,-0.06996406676208188,0.1620007249469682,0.00014453965624305898
2.1,5,seg5,-0.7419157617602002,0.17251342918744306,0.08631068442514889,-0.10453707883691676,0.14177932584686584,0.0004767121011826636
2.1,6,seg6,-0.8681104379973438,0.10903238582682878,0.08694808969697691,-0.1570125110908501,0.07192793394622556,0.001112379478051373
2.12,0,head,-0.36722238142980707,-0.24736374022993965,0.08736502724628298,0.35419777567639144,-0.25894116707679915,5.30902423402646e-06
2.12,1,seg1,-0.327549440673388,-0.13700560903364145,0.08649767040848892,0.16884445998488495,-0.14681999087729372,0.0006709485488176764
2.12,2,seg2,-0.34045371627720045,0.015824388334749185,0.08661772014640319,0.013513668231785432,0.0051815244786752555,0.0007890316814588155
2.12,3,seg3,-0.451161086019706,0.1381603166187737,0.08624992352093405,-0.04558727124383545,0.12196621163974608,0.00041947082176482797
2.12,4,seg4,-0.6013036654736268,0.1863999325264012,0.08598452466599923,-0.06882315922111225,0.16272843304967996,0.00015229514507898723
2.12,5,seg5,-0.7406779720704467,0.16897256509655992,0.0861256174124118,-0.10594198064327963,0.1383013820950839,0.00029164508844557735
2.12,6,seg6,-0.864380031621679,0.10024983409610715,0.08634944043819785,-0.1611566644096525,0.0633328690890086,0.0005137302192723125
2.14,0,head,-0.37773806932670567,-0.24505313815499266,0.08785683553390779,0.36481151289744296,-0.2571336394603445,0.0004971173118588357
2.14,1,seg1,-0.331347125574026,-0.13817707876626656,0.0867841949418444,0.17258208979877718,-0.14817087033585224,0.0009574730821731575
2.14,2,seg2,-0.3376965014285286,0.015888576186708622,0.08676584685844463,0.01076263240760793,0.005376859307374564,0.0009371583935002537
2.14,3,seg3,-0.4482198897705612,0.14111868778792844,0.08655664608364053,-0.04838434176712267,0.12506120628223436,0.000726193384471302
2.14,4,seg4,-0.5990688239530239,0.18725327834443103,0.08668627869017062,-0.07101485649428708,0.16368717116277784,0.0008540491692503732
2.14,5,seg5,-0.7376501715472216,0.1640120900206317,0.08726203948077808,-0.10920242627047062,0.1334906250549949,0.0014280671568118602
2.14,6,seg6,-0.8569269627032245,0.0870787955388746,0.08792411669868133,-0.16922811629795115,0.05053145676887619,0.0020884064797557916
2.16,0,head,-0.39113226883126484,-0.24062454357221263,0.08771264158667133,0.3784012982724728,-0.2533475116510576,0.00035292336462237894
2.16,1,seg1,-0.3373316395812809,-0.1366949776334828,0.08642559112706762,0.1786303579424622,-0.14697525997747204,0.0005988692673963708
2.16,2,seg2,-0.33634737599233383,0.016916040522165582,0.08608903675696744,0.00946393414642051,0.006467366175474124,0.000260348292023066
2.16,3,seg3,-0.44437189164596685,0.14348073366564992,0.08560854163512188,-0.052115566611422734,0.12760370730577839,-0.00022191106404734207
2.16,4,seg4,-0.5948156425518596,0.18648145132716426,0.08565442679546395,-0.07529995088865839,0.16311863356054795,-0.00017780272545629694
2.16,5,seg5,-0.7330923203496786,0.15556508641512032,0.08626692058235186,-0.11415711761866817,0.12527010736490793,0.0004329482583856348
2.16,6,seg6,-0.8445432310282598,0.06959453269977384,0.08712791704619108,-0.18242991631949437,0.033656364668302276,0.001292206827265538
2.18,0,head,-0.4043541048658675,-0.23494302159067681,0.08764770039363982,0.3918785440510864,-0.2483016731322995,0.0002879821715908726
2.18,1,seg1,-0.34376730122152704,-0.13390112044691074,0.08673696085443426,0.18519169082231696,-0.14449085067903494,0.0009102389947630157
2.18,2,seg2,-0.33621096612871143,0.018085206391444043,0.08689804846242741,0.009383321088579364,0.007641699184325134,0.0010693599974830326
2.18,3,seg3,-0.44195476977171366,0.14506571675635097,0.0867021796523318,-0.05445451805355114,0.1293019286410029,0.0008717269531625799
2.18,4,seg4,-0.5916738467431187,0.18465203258648555,0.0867366194135088,-0.07852525128410698,0.1614408102114728,0.0009043898925885502
2.18,5,seg5,-0.7276022557324977,0.14668224825418194,0.0871108259075512,-0.12006370805945639,0.11665861430872547,0.0012768535835849804
2.18,6,seg6,-0.8305318228469294,0.05200707630883672,0.08760762232833302,-0.19726245963202196,0.016755659345973728,0.0017719121094074836
2.2,0,head,-0.4169674680049736,-0.22730987075281087,0.08773540604776539,0.4048408871478806,-0.24127745909671078,0.0003756878257164392
2.2,1,seg1,-0.350438932420823,-0.1291628433893015,0.08655450270404712,0.19208126354082372,-0.14007545487727782,0.0007277808443758721
2.2,2,seg2,-0.3371939821514671,0.0206155605712015,0.08635325184442903,0.010485646335978597,0.010122403081387055,0.0005245633794846577
2.2,3,seg3,-0.4386469591172458,0.14562628466118432,0.08592277948267635,-0.05773190237589333,0.13001928469215387,9.232678350712398e-05
2.2,4,seg4,-0.5872212467107064,0.18143031228334222,0.08591774595681996,-0.08312613219203725,0.1584346459396059,8.551643589971292e-05
2.2,5,seg5,-0.7207404315882726,0.13607969492573885,0.08643183386538746,-0.12742234731801777,0.10639463866926872,0.0005978615414212324
2.2,6,seg6,-0.8141088618571567,0.03373977103901856,0.08724012944810734,-0.21453617815058926,-0.0007093553408159816,0.0014044192291818025
2.22,0,head,-0.42676689120169736,-0.219039106715937,0.08770495015043474,0.4150228237165381,-0.2334824350143277,0.0003452319283857863
2.22,1,seg1,-0.3556068992116661,-0.12406890565964127,0.08645187753913719,0.19748580206051514,-0.13523323991595565,0.0006251556794659441
2.22,2,seg2,-0.33772502840408475,0.023110610285497428,0.08629281405546067,0.011134833757020573,0.012589352390063663,0.0004641255905162983
2.22,3,seg3,-0.4364158543681807,0.14631617958531323,0.08608523761557693,-0.059927645968234994,0.1308145792814287,0.0002547849164077076
2.22,4,seg4,-0.5837854846942677,0.1780242820365772,0.08634241223493372,-0.08672009884382091,0.1551959878254675,0.0005101827140134713
2.22,5,seg5,-0.7137573102039407,0.1257027558539928,0.08706875771802941,-0.1348914090754018,0.09636179434537495,0.001234785394063187
2.22,6,seg6,-0.7970701115813013,0.016522628546561172,0.08802126208496669,-0.23237500948208656,-0.017096090929963906,0.0021855518660411494
2.24,0,head,-0.434278989611156,-0.2109542591361722,0.08773778083205123,0.42291117927039557,-0.2257642597408376,0.00037806261000228325
2.24,1,seg1,-0.359680140756402,-0.11856053074141512,0.08669325174301813,0.20181657942620027,-0.12992495786533045,0.0008665298833468865
2.24,2,seg2,-0.3381900780100365,0.025274551557493082,0.08670748903820039,0.01170234139941743,0.014728709312238342,0.0008788005732560111
2.24,3,seg3,-0.4347920711936638,0.1466914034959391,0.08641018239677468,-0.06153173178315629,0.13126665613220162,0.0005797296976054606
2.24,4,seg4,-0.5796765801504965,0.17412676742350072,0.08644279776428933,-0.09100983570467334,0.1514984380459431,0.0006105682433690807
2.24,5,seg5,-0.7064102397627295,0.11400245575359305,0.08688339773699306,-0.142786988095625,0.08502440935417444,0.0010494254130268416
2.24,6,seg6,-0.7786037576985587,-0.0009323518641387168,0.08765556569013098,-0.2516511458238245,-0.03365245328900815,0.0018198554712054449
2.2600000000000002,0,head,-0.4396866999103854,-0.20330486674865356,0.08753208807544904,0.42867680730141006,-0.21838089546808254,0.00017236985340009225
2.2600000000000002,1,seg1,-0.3620198827220821,-0.11336558958614636,0.08634884791959065,0.20440090471213523,-0.12484725475380638,0.0005221260599194005
2.2600000000000002,2,seg2,-0.33770352404394904,0.028206273876825314,0.0862767273391107,0.011355863517066482,0.017680265443596268,0.0004480388741663205
2.2600000000000002,3,seg3,-0.4322270040691548,0.14709556089480805,0.08607228953839549,-0.06407465798221258,0.13179243070526586,0.00024183683922626709
2.2600000000000002,4,seg4,-0.5765166777522923,0.16981897894721004,0.08628340217620072,-0.09437117125290471,0.14734591495100377,0.00045117265528046846
2.2600000000000002,5,seg5,-0.69880401584677,0.10286766022719566,0.08693965132237273,-0.15091451378735696,0.07426422163276673,0.001105678998406509
2.2600000000000002,6,seg6,-0.7603607330260468,-0.017760042737329694,0.08788612126158139,-0.2706743524265233,-0.04959286544948336,0.002050411042655853
2.2800000000000002,0,head,-0.44199207545527014,-0.1976267161737746,0.08773924088007175,0.4312498017193111,-0.21281889492160028,0.00037952265802279617
2.2800000000000002,1,seg1,-0.362078010720519,-0.10893295465624349,0.08667198039429254,0.2046699221375082,-0.12042240889086106,0.0008452585346212932
2.2800000000000002,2,seg2,-0.33630756077426904,0.030788632431594645,0.08667062489240163,0.010084380084350019,0.02032613373882553,0.0008419364274572516
2.2800000000000002,3,seg3,-0.43029320486015965,0.14757377350170864,0.086368058494687,-0.06598350717251716,0.13236213365096391,0.0005376057955177732
2.2800000000000002,4,seg4,-0.5736345075523901,0.16550773036068586,0.0864019246580676,-0.09745525397617101,0.14317671800298223,0.000569695137147358
2.2800000000000002,5,seg5,-0.6918337645061693,0.09090740415391607,0.08688935070108184,-0.15844607235357225,0.06264924188032928,0.0010553783771156122
2.2800000000000002,6,seg6,-0.7419265676667961,-0.033907630853768286,0.08778023381433012,-0.28985611609115974,-0.06484484883370707,0.0019445235954045764
2.3000000000000003,0,head,-0.4421945329405359,-0.1927111071093928,0.08736708357399002,0.43168597050414104,-0.20791849103025603,7.3653519410687984e-06
2.3000000000000003,1,seg1,-0.36030023646492965,-0.10470119650717027,0.08632113504239859,0.20309555758604012,-0.11611083903817324,0.0004944131827273462
2.3000000000000003,2,seg2,-0.3338576817559976,0.034029158735847456,0.08641230696824795,0.007791498231481636,0.023679581329086555,0.0005836185033035735
2.3000000000000003,3,seg3,-0.42796292513432443,0.14848840675431935,0.08624444207804184,-0.06826761775400836,0.13338663179067609,0.00041398937887261733
2.3000000000000003,4,seg4,-0.5720359700619464,0.1610425813586367,0.08633237442428093,-0.09926448282628508,0.13879270515096817,0.0005001449033606858
2.3000000000000003,5,seg5,-0.6848340923752086,0.0793087855352427,0.08683149483672499,-0.16598980754109696,0.051396889983099395,0.0009975225127587667
2.3000000000000003,6,seg6,-0.7231529144917912,-0.04944854937931192,0.08767820891531873,-0.3093481106397597,-0.0794746933522593,0.001842498696393191
2.32,0,head,-0.4412895644713473,-0.18891932056842797,0.0873498655904824,0.4309624838879899,-0.20408793229574668,-9.852631566553693e-06
2.32,1,seg1,-0.35800607951276214,-0.1014021688697141,0.08629540680501961,0.20096100550886364,-0.11270636743410435,0.000468684945348366
2.32,2,seg2,-0.33148482332191126,0.037101451385827315,0.08637516163375006,0.00556754321503026,0.026861320375475204,0.0005464731688056834
2.32,3,seg3,-0.4259775949622228,0.14917804128423054,0.08622098544870901,-0.07021787765218197,0.1341699695251173,0.00039053274953979034
2.32,4,seg4,-0.5706739183986858,0.15645364736124018,0.08629565189909198,-0.10084338491524959,0.1342737928748526,0.00046342237817173504
2.32,5,seg5,-0.6781406692944012,0.06769800918947973,0.0868046213770322,-0.17322821929635385,0.0401178193144683,0.0009706490530659723
2.32,6,seg6,-0.7044223854055245,-0.06404430852139498,0.08767276519997218,-0.3287520485078134,-0.0931625017949716,0.0018370549810466374
2.34,0,head,-0.4399560909144316,-0.18577689589256033,0.08721385782337386,0.429780073689752,-0.20088560647014964,-0.0001458603986750906
2.34,1,seg1,-0.3552732545080746,-0.0980417282184503,0.08617574512658584,0.1983912051706397,-0.10921967557827612,0.0003490232669145915
2.34,2,seg2,-0.3289756899979757,0.03970293341714889,0.08631424411326871,0.0031850611880570086,0.029579267797123884,0.0004855556483243373
2.34,3,seg3,-0.4244591369402853,0.14960815809245995,0.0862089721816996,-0.07171414523005229,0.1346718645024235,0.0003785194825303706
2.34,4,seg4,-0.5692084715007271,0.1518339386448139,0.086281817976139,-0.10252702969236593,0.12972906147467708,0.00044958845521875235
2.34,5,seg5,-0.6716155842191387,0.05613381144734268,0.0867496497436285,-0.18029626705112464,0.02887726302966901,0.0009156774196622808
2.34,6,seg6,-0.6861535646851251,-0.07743622531297331,0.0875803953191382,-0.34763750863730813,-0.1056698053225791,0.0017446851002126534
2.36,0,head,-0.4383054970289567,-0.18271375210481955,0.08717734592926445,0.4282771294077066,-0.19774737949878995,-0.00018237229278450506
2.36,1,seg1,-0.3535199687580797,-0.09562156335357726,0.08615234126147038,0.19675508511978831,-0.10671881171291925,0.00032561940179913484
2.36,2,seg2,-0.3275787688590714,0.041850954307657055,0.0862893141420521,0.0018919502349057935,0.031791336167884605,0.0004606256771077233
2.36,3,seg3,-0.42345997683184056,0.14944980772160404,0.0861962960832326,-0.07271970929308598,0.13456124498658906,0.000365843384063369
2.36,4,seg4,-0.5677195726435594,0.1469667304935748,0.08626572355457877,-0.1042458786990522,0.12493822719592479,0.0004334940336585269
2.36,5,seg5,-0.664917432156328,0.04468475577063934,0.08671994780493097,-0.18753170591721272,0.017759954841242126,0.0008859754809647513
2.36,6,seg6,-0.6681221498144563,-0.08951141106523372,0.08756455738391407,-0.36622316685386985,-0.11687316829157583,0.0017288471649885284
2.38,0,head,-0.4366191141284299,-0.18001439246621603,0.08708521728848347,0.42672112366741766,-0.19497082121892978,-0.00027450093356548577
2.38,1,seg1,-0.35234699281800047,-0.09366233689960632,0.08614753898970377,0.19567668061919263,-0.104705981718403,0.00032081713003252743
2.38,2,seg2,-0.3269491471999665,0.04341957347237277,0.08636027789569597,0.0013376947867919738,0.03338814248541102,0.0005315894307516
2.38,3,seg3,-0.42312860991303164,0.1486834228730108,0.08630429953916498,-0.07308717406210392,0.13381149875314896,0.0004738468399957535
2.38,4,seg4,-0.5662387814236433,0.14188300902293713,0.08633654062428614,-0.10596693342687778,0.11993073907794284,0.0005043111033658926
2.38,5,seg5,-0.657953336897817,0.0338227752057969,0.0867045200645651,-0.19500484691019396,0.007241713150930574,0.0008705477405988732
2.38,6,seg6,-0.6504170549580021,-0.10027819956133899,0.08749694787757972,-0.3844206063591651,-0.12678514659138612,0.0016612376586541827
2.4,0,head,-0.4351160587734458,-0.17781336201008122,0.08700616111780456,0.4253245215595325,-0.19270075227264422,-0.00035355710424439524
2.4,1,seg1,-0.351289160245565,-0.09157639074329414,0.08611537848762119,0.1947193197836101,-0.10257205544304872,0.0002886566279499403
2.4,2,seg2,-0.3267245890468215,0.04501551968208101,0.08637021714541265,0.0011893443943449594,0.03499296734484879,0.0005415286804682784
2.4,3,seg3,-0.4231277199036204,0.14769401426865128,0.08633904425089371,-0.07313515040156744,0.13282325361688574,0.0005085915517244882
2.4,4,seg4,-0.5650277947938659,0.13648256930364527,0.0863481109994263,-0.10743356234772627,0.1145940512111393,0.00051588147850605
2.4,5,seg5,-0.6506722203859516,0.02343671213810832,0.086676106889155,-0.20277200035679777,-0.0027860628257218786,0.000842134565188779
2.4,6,seg6,-0.6326428072016471,-0.10964871460882404,0.08745556793196858,-0.40262066980112815,-0.13529914249436964,0.0016198577130430436
2.42,0,head,-0.43396412920142574,-0.17614371983835994,0.08699977100942241,0.4242533578583014,-0.19097818005486925,-0.0003599472126265407
2.42,1,seg1,-0.3504158786123119,-0.08925071952412497,0.08612539381989877,0.19395770962105752,-0.10020745877748298,0.00029867196022752285
2.42,2,seg2,-0.3269717074397757,0.04647584536333653,0.08639693767008903,0.0015056817148310598,0.036439877602997967,0.000568249205144658
2.42,3,seg3,-0.4233958298037748,0.146333352205676,0.08636666534493836,-0.07293210010970781,0.13145137361224335,0.0005362126457691407
2.42,4,seg4,-0.5638302931353775,0.13091187627906672,0.08635227135373383,-0.10889482417006509,0.10908666118657206,0.0005200418328135809
2.42,5,seg5,-0.6432397056633772,0.013737354147351957,0.08667370208032883,-0.21065769920836339,-0.012120706587102811,0.0008397297563626088
2.42,6,seg6,-0.6151105766126415,-0.11786206757946838,0.08747416583402795,-0.4205239193476606,-0.14266880545067734,0.0016384556151024104
2.44,0,head,-0.43317817061932773,-0.1749841403383174,0.08701098067320359,0.4235234758651115,-0.18978250962133986,-0.0003487375488453598
2.44,1,seg1,-0.3496739322637396,-0.08672702671334132,0.08614561270811759,0.19333671004987035,-0.09765131533083692,0.0003188908484463432
2.44,2,seg2,-0.3275074796332263,0.04770463824264368,0.08644708975679821,0.0020993267888598185,0.037641779974063684,0.0006184012918538373
2.44,3,seg3,-0.42384276022003553,0.14469110585031353,0.08642074434438843,-0.07256383291561164,0.12978971806358428,0.0005902916452192042
2.44,4,seg4,-0.5625379354899867,0.1253608096418602,0.08638361801066304,-0.11044990044958214,0.10360338963948146,0.0005513884897427879
2.44,5,seg5,-0.6358147276661815,0.004610520020048282,0.08669688072804377,-0.2185086226635405,-0.02088383390230049,0.0008629084040775448
2.44,6,seg6,-0.5981017117593803,-0.12499354426443715,0.08751730377381794,-0.437852908186016,-0.14898272571585072,0.001681593554892405
2.46,0,head,-0.4326496737461082,-0.17424612396234232,0.08702503995345753,0.42303070106933366,-0.18902017759602885,-0.0003346782685914179
2.46,1,seg1,-0.3490751678679237,-0.0840739539832108,0.08613116444189847,0.19286488756138065,-0.0949727527961315,0.00030444258222722675
2.46,2,seg2,-0.32829211505956885,0.04875628081937894,0.08644332366870594,0.002933122275184759,0.038654889024663255,0.0006146352037615654
2.46,3,seg3,-0.4242732907952376,0.1428656523996097,0.08642668965684551,-0.07222066606147208,0.12794584350520274,0.0005962369576762855
2.46,4,seg4,-0.5610532600972078,0.12006678176634471,0.08639736835401599,-0.11218484372485162,0.09838601827066391,0.000565138833095738
2.46,5,seg5,-0.6285891468396185,-0.003886494587973126,0.0867331411182334,-0.2261304008962118,-0.029027344944692182,0.0008991687942671717
2.46,6,seg6,-0.5819670556391705,-0.1312004182285041,0.08758703390915117,-0.45426467573230306,-0.15441469575467892,0.0017513236902256257
2.48,0,head,-0.4322410585867398,-0.1738660608731842,0.08702063497405074,0.4226406366506389,-0.18862109859451198,-0.0003390832479982092
2.48,1,seg1,-0.34855278257608513,-0.08202170731246355,0.08604650894713058,0.19244076347870803,-0.09289797050558676,0.0002197870874593305
2.48,2,seg2,-0.3289593870066132,0.04977646270537748,0.08632251996318133,0.0036481900099993234,0.039642158525064995,0.0004938314982369518
2.48,3,seg3,-0.42523452612962226,0.14166993733705147,0.08631681841418541,-0.07131742566622505,0.12670573678916636,0.00048636571501618764
2.48,4,seg4,-0.5597575790993041,0.11599654572620682,0.08636610781496108,-0.11367276479304506,0.09438205753590312,0.0005338782940408349
2.48,5,seg5,-0.621959322949618,-0.011544047294763878,0.08676437287349469,-0.23311714608668657,-0.03636069819605213,0.0009304005495284623
2.48,6,seg6,-0.566923543813945,-0.13643644902645788,0.08764932923889837,-0.46954033158958286,-0.15892885178421343,0.0018136190199728314
2.5,0,head,-0.43195883213774605,-0.1738564034615501,0.08698131181098488,0.4223591896057108,-0.18859802057459646,-0.00037840641106406947
2.5,1,seg1,-0.34821237622103945,-0.08128387367185567,0.0859159474108521,0.1921358573767358,-0.09214477249926405,8.92255511808493e-05
2.5,2,seg2,-0.32939113474870957,0.05077647374584899,0.08610678304629354,0.004127040456576244,0.04062048896191708,0.00027809458134916976
2.5,3,seg3,-0.4268074844179805,0.14151421056919822,0.08608002978310424,-0.06975366097129321,0.12647532719357688,0.00024957708393501254
2.5,4,seg4,-0.5590285074221649,0.11382533419749313,0.08623084645970426,-0.11450434134157304,0.09224800377445859,0.0003986169387840133
2.5,5,seg5,-0.6165115972621283,-0.017560450588732512,0.08670411711064004,-0.23884502793037327,-0.04211101934742673,0.0008701447866738127
2.5,6,seg6,-0.5534724297626188,-0.1403705352589259,0.08761292943989835,-0.4831634326771464,-0.16221832293396674,0.001777219220972806
2.52,0,head,-0.43191931712666265,-0.1742894440227882,0.08697172038072357,0.4222991103639464,-0.18902868987752777,-0.0003879978413253854
2.52,1,seg1,-0.34810314507843,-0.08112550424345179,0.0859103979247151,0.19203428702778622,-0.09198138405848193,8.367606504385006e-05
2.52,2,seg2,-0.32972495983869465,0.05137835341203981,0.08610693947925596,0.004489131579800376,0.04120579942803868,0.00027825101431158683
2.52,3,seg3,-0.42791666452941124,0.14160774010013072,0.08607715877399935,-0.06864128648470773,0.12651596331306225,0.0002467060748301275
2.52,4,seg4,-0.5585259690016469,0.11283037216978599,0.08624597836760652,-0.11505366196318652,0.09127808565661147,0.0004137488466862682
2.52,5,seg5,-0.6124766768602197,-0.021116770044074168,0.08669068953174583,-0.2430446265272281,-0.04547128159046018,0.0008567172077796059
2.52,6,seg6,-0.542720252764936,-0.1424579673708291,0.08755811872232903,-0.49400277005970056,-0.16379167861718213,0.0017224085034034942
2.54,0,head,-0.43203671906464786,-0.1751763133265077,0.08704142430592306,0.4223741719224356,-0.18992014158084924,-0.00031829391612589464
2.54,1,seg1,-0.34802214734712456,-0.08102544032056563,0.08595382283158688,0.19195814325799615,-0.09187757872402746,0.0001271009719156363
2.54,2,seg2,-0.32997882586163807,0.05180658358716021,0.08612065395049592,0.004763090016592237,0.04162146253127779,0.00029196548555154855
2.54,3,seg3,-0.42856778828505593,0.14181851575756976,0.08605654520970177,-0.06798086941742491,0.12669551224825953,0.00022609251053254398
2.54,4,seg4,-0.558607134588771,0.1121262936765034,0.0862220363684034,-0.11500609642550844,0.09057094217975618,0.0003898068474831595
2.54,5,seg5,-0.6098622670125228,-0.022297026839456592,0.08669858851729237,-0.24571224402489963,-0.04652577760287329,0.0008646161933261454
2.54,6,seg6,-0.5352448443601618,-0.14196031154747096,0.08757970221624396,-0.5014460238487135,-0.16293882155845524,0.0017439919973184226
2.56,0,head,-0.4321572409072731,-0.1764836914487406,0.08719302966859269,0.4224323372478773,-0.1912317740994884,-0.0001666885534562651
2.56,1,seg1,-0.34791200298813707,-0.08081325121099363,0.08603229104689011,0.19185822208130454,-0.0916603881245893,0.00020556918721886808
2.56,2,seg2,-0.33021187546233943,0.05205116434768261,0.08614560661624049,0.005007515486136104,0.04185467499800753,0.0003169181512961139
2.56,3,seg3,-0.42897805969861674,0.1420427118494369,0.08605079800333676,-0.06756039308216744,0.12689992891065568,0.00022034530416753517
2.56,4,seg4,-0.5590037468555916,0.11182598360578179,0.08623673584796984,-0.114624225741102,0.09025209706196442,0.00040450632704959466
2.56,5,seg5,-0.6085097780142507,-0.021414977228076303,0.0868002892548791,-0.24702122252685763,-0.04558036061098095,0.0009663169309128833
2.56,6,seg6,-0.5311761369917574,-0.1391414944013115,0.08772191487350926,-0.5053759694652321,-0.1599295629782992,0.001886204654583723
2.58,0,head,-0.4320894512225967,-0.17819654390647058,0.08735399374619025,0.4222831073337609,-0.19293945949675326,-5.724475858698286e-06
2.58,1,seg1,-0.34783770885740606,-0.08094847939880853,0.08609574142526624,0.1917775764357016,-0.09179192732211482,0.00026901956559499673
2.58,2,seg2,-0.33051452237934326,0.052182813019954186,0.08615150359751426,0.005316084814443433,0.04197177110768374,0.0003228151325698897
2.58,3,seg3,-0.4292306537697752,0.14237940254266668,0.08606436961997292,-0.06729206164779819,0.12722421679050314,0.00023391692080369786
2.58,4,seg4,-0.5594996951464554,0.112292526560484,0.08631071959814525,-0.11410663598412246,0.09069450849857086,0.00047849007722500225
2.58,5,seg5,-0.6083447577524328,-0.01880199956596472,0.08697572387260734,-0.24706170054262816,-0.04296249020171274,0.001141751548641115
2.58,6,seg6,-0.5299900239420029,-0.13493679317690305,0.08791360329492734,-0.5063606309065009,-0.15567317737557015,0.0020778930760017994
2.6,0,head,-0.4316086932380834,-0.1802845331522146,0.0873492649892687,0.42170352377526354,-0.19500220287117667,-1.0453232780247013e-05
2.6,1,seg1,-0.3477741854643399,-0.08120046405084388,0.08609013128354225,0.19170213271996386,-0.09204060328010742,0.00026340942387099997
2.6,2,seg2,-0.3309588922669605,0.0521986788842035,0.08619802652824606,0.005760706259598477,0.04196647081001238,0.0003693380633016802
2.6,3,seg3,-0.4293041637843281,0.14285982773171133,0.08616602647957781,-0.06719577082205688,0.1277005991593899,0.00033557378040859065
2.6,4,seg4,-0.5599652751769227,0.11384456025654799,0.0864163839863915,-0.11356772005513852,0.092222625961322,0.0005841544654712483
2.6,5,seg5,-0.6094070761804947,-0.014756964519863355,0.08706378665066292,-0.2458080769687411,-0.03897259585452303,0.0012298143266966932
2.6,6,seg6,-0.5310973254423281,-0.13039629236365688,0.08794394601448917,-0.5050384953227878,-0.15119051948700157,0.002108235795563629
2.62,0,head,-0.431308950978098,-0.18217008889133116,0.08732192757956028,0.42131438492364887,-0.19687135691028082,-3.779064248866926e-05
2.62,1,seg1,-0.3480119999465263,-0.08160481618579848,0.0861182751449031,0.19192043404823442,-0.09245581516221868,0.000291553285231852
2.62,2,seg2,-0.3313937813296601,0.05208691314200188,0.08626067089460747,0.006189783456116297,0.04183413473257537,0.0004319824296630942
2.62,3,seg3,-0.42904590893889766,0.14367992058777573,0.08617524384876415,-0.06741470367027459,0.1285320534670425,0.00034479114959493073
2.62,4,seg4,-0.5601449102222634,0.11670543786796707,0.08632431792258567,-0.11325213539190652,0.09507171279351308,0.0004920884016654248
2.62,5,seg5,-0.6113473729583224,-0.009696861320171467,0.08692879400477956,-0.24362916138107205,-0.0340105677571451,0.001094821680813332
2.62,6,seg6,-0.5340655820912983,-0.12599116269647875,0.08784222006576464,-0.5018639557642334,-0.146931644810603,0.0020065098468391024
2.64,0,head,-0.43084667898436063,-0.1839339983376261,0.08735629704495614,0.4207686898198913,-0.1986112674782839,-3.4211770928160856e-06
2.64,1,seg1,-0.3482752211396802,-0.08224070963952541,0.08614008585716453,0.19215309392378596,-0.0931035151416182,0.0003133639974932795
2.64,2,seg2,-0.33166554721087865,0.05183576227606132,0.08628834889262606,0.006449288775206705,0.04157033473065927,0.00045966042768168236
2.64,3,seg3,-0.42838718716555374,0.14459422054112261,0.08621605849352011,-0.06802916622483494,0.12947666690562265,0.0003856057943508878
2.64,4,seg4,-0.5601026739490997,0.12001772461567757,0.08636443296742949,-0.11313668745019016,0.09838225643082792,0.0005322034465092412
2.64,5,seg5,-0.6137138744648918,-0.004053045067338237,0.08697466677829309,-0.24099674428246462,-0.02848577169801846,0.0011406944543268654
2.64,6,seg6,-0.5383835866707981,-0.12158998280110976,0.08787366988657438,-0.4973413856667017,-0.14274095182122645,0.002037959667648845
2.66,0,head,-0.4301137035371228,-0.18561241681746585,0.08737353320071496,0.41995666663472586,-0.2002529007949657,1.3814978666010225e-05
2.66,1,seg1,-0.34852810698644393,-0.08286611844583158,0.08618299658527313,0.19237592914308546,-0.0937402504803006,0.0003562747256018878
2.66,2,seg2,-0.3317696356540509,0.05136892360448138,0.08636191941394952,0.006531041769497968,0.041099071325326,0.0005332309490051479
2.66,3,seg3,-0.42737092755322004,0.14567775937985472,0.08628111202142427,-0.06899270717262643,0.13060734318842254,0.0004506593222550481
2.66,4,seg4,-0.5598556481544368,0.12419073461344181,0.08638401828455672,-0.11318483395774723,0.10256229424147344,0.000551788763636471
2.66,5,seg5,-0.6168069518955948,0.00231988054448164,0.08695941941704095,-0.23760387521847542,-0.022267271206736647,0.0011254470930747301
2.66,6,seg6,-0.5441338034258759,-0.11752388509862469,0.08784518993560402,-0.4914041732812148,-0.13895312231833937,0.002009479716678475
2.68,0,head,-0.4292392322115192,-0.18718166082594168,0.08733643416413345,0.4190085036676603,-0.20177874936060655,-2.328405791550414e-05
2.68,1,seg1,-0.3487984451868135,-0.08376505212166685,0.08614668215756129,0.19260317950961944,-0.09465103133595411,0.0003199602978900401
2.68,2,seg2,-0.3317040784357318,0.05084384854469888,0.08633094565382753,0.006440569778814306,0.040577711194340664,0.0005022571888831512
2.68,3,seg3,-0.4258587714048547,0.14696784807922395,0.08625290258986645,-0.07044175275323995,0.13196793569695578,0.0004224498906972296
2.68,4,seg4,-0.5591802554409532,0.1291636906296662,0.08634188989794522,-0.1136227914469419,0.10756175822216434,0.0005096603770249758
2.68,5,seg5,-0.6203149294614024,0.00941210428709708,0.08689949802497815,-0.23376234374443317,-0.015350033307791423,0.0010655257010119268
2.68,6,seg6,-0.5515070348406524,-0.11335736119482111,0.08776854010963114,-0.4838410058710926,-0.1351422219446965,0.0019328298907056035
2.7,0,head,-0.42820485933916475,-0.18872259387476065,0.08745482901170469,0.4179019676984464,-0.20326870910796715,9.511078965573905e-05
2.7,1,seg1,-0.34914491236069295,-0.08484293897530437,0.0862248089012686,0.19289795595508138,-0.09574418567958429,0.00039808704159735586
2.7,2,seg2,-0.3316802073832353,0.05019827690317934,0.08636807481475695,0.006386002118071492,0.0399340071149048,0.0005393863498125706
2.7,3,seg3,-0.424241597558984,0.1482700659567182,0.08627743572898718,-0.07199511978994037,0.13334564157891257,0.0004469830298179517
2.7,4,seg4,-0.5580573317545071,0.1346944961027143,0.08638548688795934,-0.11448122397066937,0.11313973817804081,0.000553257367039095
2.7,5,seg5,-0.6239205452857207,0.017293303808353432,0.0869682152400761,-0.22978573618684073,-0.0076493603697652705,0.001134242916109876
2.7,6,seg6,-0.5602846164623172,-0.10843549196865115,0.08785409700671418,-0.4748391316012445,-0.130643667129356,0.002018386787788637
2.72,0,head,-0.42688594257058304,-0.19029385503492274,0.08750771523007192,0.416509766896067,-0.2047754207597384,0.0001479970080229681
2.72,1,seg1,-0.34952920811021226,-0.086037941156078,0.08624273914745638,0.1932249444300185,-0.09695612296029699,0.0004160172877851337
2.72,2,seg2,-0.33161804003214423,0.0491615390426549,0.08635974132263713,0.006274565405595866,0.03890140262619732,0.0005310528576927542
2.72,3,seg3,-0.42234244751902544,0.14943198037343391,0.08626814492128333,-0.07383682074777202,0.13459662262093766,0.0004376922221141083
2.72,4,seg4,-0.5568285339275192,0.1405835538900837,0.08639566317290423,-0.11542836093919168,0.11908060320638976,0.0005634336519839828
2.72,5,seg5,-0.6279777608599579,0.026508468037539885,0.08700375901373959,-0.22529455534755524,0.0013622734806783702,0.0011697866897733694
2.72,6,seg6,-0.5705296372191526,-0.10256140884356155,0.08789272102882668,-0.4643261637794955,-0.12526381486030425,0.002057010809901144
2.74,0,head,-0.4255925595157057,-0.19199826903931883,0.08743459288706013,0.41513673394483336,-0.20641634956371233,7.487466501117368e-05
2.74,1,seg1,-0.3500653798925249,-0.08750308436638099,0.08626491701120395,0.1936907804558883,-0.09844512316304825,0.0004381951515327054
2.74,2,seg2,-0.3317300465317677,0.04807349836094519,0.08645471960736559,0.006334663612275171,0.037809264271151874,0.0006260311424212128
2.74,3,seg3,-0.42046954546348364,0.15061656219863362,0.08636194394141479,-0.07565122468945333,0.1358689962084528,0.0005314912422455659
2.74,4,seg4,-0.5556339788797222,0.14682589482416172,0.08639935106017886,-0.11632448069065653,0.1253727214101532,0.0005671215392586137
2.74,5,seg5,-0.6323392418476476,0.03699665379545711,0.08690613726948816,-0.2204388689877377,0.01163100596684385,0.001072164945521939
2.74,6,seg6,-0.5823091985514132,-0.09528004968149678,0.08775396407387599,-0.45221341995581693,-0.11855131208744334,0.0019182538549504524
2.7600000000000002,0,head,-0.42409270876682037,-0.1938558110497827,0.08754159831797227,0.4135501796748782,-0.20820040677632184,0.00018188009592332022
2.7600000000000002,1,seg1,-0.3507048187245648,-0.08929134018693087,0.08622728769385629,0.19424438913750297,-0.10026178447634103,0.000400565834185046
2.7600000000000002,2,seg2,-0.33203201028301993,0.04684303477602063,0.08632642169048754,0.006577725722576575,0.03656582406293494,0.0004977332255431677
2.7600000000000002,3,seg3,-0.4186311396865709,0.15168573464616833,0.08631790759786744,-0.07743666393428253,0.1370244494639966,0.00048745489869821135
2.7600000000000002,4,seg4,-0.5542021136217334,0.15329018720033036,0.08654357248869544,-0.11744707877373772,0.13189783348466863,0.000711342967775197
2.7600000000000002,5,seg5,-0.6367223831407214,0.047581270382150785,0.08719681203748463,-0.215556957588163,0.02199502917059279,0.0013628397135184017
2.7600000000000002,6,seg6,-0.5955937879695636,-0.08675895075951692,0.08804459690474495,-0.4385383524643872,-0.11067210070974477,0.0022088866858194084
2.7800000000000002,0,head,-0.4226683644103207,-0.19590895481612153,0.08750301657082807,0.4120297372790785,-0.21018343756076208,0.00014329834877911674
2.7800000000000002,1,seg1,-0.3517681108072279,-0.09122087450917192,0.08620154629684333,0.19521464715489809,-0.10223973597555924,0.000374824437172086
2.7800000000000002,2,seg2,-0.3328519890884734,0.04527971648736217,0.08632527814597057,0.007322374897058804,0.03496525325229257,0.0004965896810261994
2.7800000000000002,3,seg3,-0.41708595697351714,0.15258010903235134,0.08636767927890542,-0.0789375312540843,0.1379913478285766,0.0005372265797361914
2.7800000000000002,4,seg4,-0.5526258420613642,0.1603243769069874,0.08663190302200074,-0.11868679732000527,0.13899906962964392,0.0007996735010804973
2.7800000000000002,5,seg5,-0.6415941307930819,0.05937429274751623,0.08727057021638378,-0.21012948375513976,0.033542835433629875,0.0014365978924175543
2.7800000000000002,6,seg6,-0.6102449471845651,-0.0773892877909772,0.08808004959211758,-0.4234578793044192,-0.10201032377093643,0.0022443393731920447
2.8000000000000003,0,head,-0.4216743575453232,-0.19825507694890512,0.08747816089097449,0.41092520150394485,-0.2124795950969485,0.00011844266892553634
2.8000000000000003,1,seg1,-0.35338650398625937,-0.09354866437272695,0.08631118980431148,0.19672042373869794,-0.10464190978486046,0.00048446794464022946
2.8000000000000003,2,seg2,-0.3342788121641684,0.043433230763573694,0.08647079501922768,0.008659704384826454,0.033052955300000506,0.0006421065542833032
2.8000000000000003,3,seg3,-0.4156673072190946,0.15310152863413753,0.08638863840951691,-0.08032975843087181,0.1385796921281313,0.0005581857103476862
2.8000000000000003,4,seg4,-0.5510598999676254,0.16740635801147088,0.08641726758131492,-0.11991392364466319,0.14614755142565725,0.0005850380603946714
2.8000000000000003,5,seg5,-0.6466058554133666,0.07238618682186608,0.08687713281881732,-0.20450418375542,0.046301470587254694,0.001043160494851092
2.8000000000000003,6,seg6,-0.6260260979877517,-0.06655862719157254,0.08771297467487417,-0.40717916404445736,-0.0919429825552427,0.0018772644559486296
2.82,0,head,-0.4206324838832184,-0.20109924308536087,0.08765587548880084,0.40974915055984595,-0.21527095424911263,0.0002961572667518897
2.82,1,seg1,-0.35506950420993955,-0.09636884890170039,0.08635374549142338,0.19826730040966542,-0.10753899506057163,0.0005270236317521382
2.82,2,seg2,-0.33589374905119707,0.04103339030123838,0.08639192985960141,0.010158599604279181,0.03057897702312431,0.0005632413946570353
2.82,3,seg3,-0.41467948858374576,0.15303725400418183,0.08631880427125141,-0.08131951667596184,0.1385625019982364,0.0004883515720821852
2.82,4,seg4,-0.5497216592981942,0.1736649953700219,0.0864670531498789,-0.1209527906361528,0.15246278578779407,0.0006348236289586556
2.82,5,seg5,-0.6514462693261341,0.08477193842036787,0.08707382526880694,-0.19907979934457887,0.05844282567096357,0.0012398529448407192
2.82,6,seg6,-0.6425436375807038,-0.054125211222719946,0.08800129021629177,-0.3900886170376936,-0.08030974784418145,0.002165579997366232
2.84,0,head,-0.42017073177830283,-0.20434098125808664,0.08742835341082653,0.4091336428209336,-0.2184870437395091,6.863518877757435e-05
2.84,1,seg1,-0.3575856366091022,-0.09964709406441292,0.08628625869972668,0.20062456547768448,-0.11093327186058898,0.0004595368400554384
2.84,2,seg2,-0.3383730906455582,0.038147209679873284,0.08644727979672866,0.012497774455194198,0.027578071437031372,0.0006185913317842823
2.84,3,seg3,-0.41442229305772327,0.15275544455438228,0.08637731086885699,-0.08158983247613762,0.13829325216486268,0.0005468581696877611
2.84,4,seg4,-0.5487644196594509,0.18039220330419614,0.08638874616905673,-0.12158878838533553,0.1592279274107256,0.0005565166481364819
2.84,5,seg5,-0.6568487803861877,0.09889233198557164,0.08679477435209149,-0.19301140066983677,0.0722901061878337,0.0009608020281252627
2.84,6,seg6,-0.6602267106299482,-0.04050126498529848,0.08760069557208411,-0.37177719825561384,-0.06754280123575408,0.0017649853531585685
2.86,0,head,-0.4194909261729971,-0.20818928034849216,0.08766419795950918,0.4082714615788428,-0.2222986293749106,0.00030447973746022816
2.86,1,seg1,-0.3603081598193828,-0.10346563175288992,0.08633540749108497,0.20316227421623947,-0.11487705140133339,0.0005086856314137217
2.86,2,seg2,-0.3415125673726588,0.03509941419974049,0.08634534456967015,0.015488644954366863,0.024384317366263092,0.000516656104725774
2.86,3,seg3,-0.4148680375139564,0.15195608412032982,0.08634397588260556,-0.08118263577901366,0.13747358389439546,0.0005135231834363374
2.86,4,seg4,-0.5478821470575369,0.1863322290553708,0.08660026450554636,-0.12218736714424025,0.16520321103059155,0.0007680349846261175
2.86,5,seg5,-0.661852550186403,0.11246230540009379,0.08726672637774029,-0.18736748670056558,0.08560656689593459,0.001432754053774063
2.86,6,seg6,-0.6780191657057005,-0.0250503349987764,0.08819927617463798,-0.35326957267869724,-0.05295614669997687,0.0023635659557124378
2.88,0,head,-0.41956062031636854,-0.21247476359201264,0.08743826897493333,0.4081371246128503,-0.22658257352529967,7.855075288437652e-05
2.88,1,seg1,-0.36377429882736056,-0.10697055206262526,0.08623546173204313,0.20645768164150602,-0.11854295864239332,0.00040873987237188825
2.88,2,seg2,-0.34554552372583336,0.03153573986952326,0.08634477537183471,0.019347431270988348,0.02063274704985982,0.0005160869068903395
2.88,3,seg3,-0.41608508961172636,0.15092447437505344,0.08630199080909308,-0.08001605848813474,0.13638522186848573,0.00047153810992385525
2.88,4,seg4,-0.547547583815405,0.192723680056093,0.08639014938154346,-0.12221737320108736,0.171603342130347,0.0005579198606232155
2.88,5,seg5,-0.6673097519332407,0.12787304808214553,0.08684597928121295,-0.18118304979155145,0.10074013161264453,0.0010120069572467222
2.88,6,seg6,-0.696952501952812,-0.007872898857812487,0.08766554847247082,-0.3335401918359568,-0.03669923846526215,0.0018298382535452823
2.9,0,head,-0.41848216880753253,-0.21798637377352986,0.0877658105398723,0.4067975898780296,-0.2320366134173517,0.00040609231782334776
2.9,1,seg1,-0.3663617277863609,-0.11109619088591385,0.08645628507845268,0.2088458338334903,-0.12278706201354118,0.0006295632187814371
2.9,2,seg2,-0.3496726779226057,0.028336114061244547,0.08646471738215886,0.02331763427249066,0.017240329740396354,0.0006360289172144817
2.9,3,seg3,-0.41754446854089816,0.1490942146130816,0.08642091641718751,-0.07864543782013371,0.13448758211359443,0.0005904637180182831
2.9,4,seg4,-0.5470973011330053,0.19738358354734944,0.08656987214745802,-0.12244537434147734,0.17627939500876644,0.0007376426265377767
2.9,5,seg5,-0.671836000263681,0.14153617500576862,0.08711795666671467,-0.17601168290074634,0.11417236619068272,0.0012839843427484426
2.9,6,seg6,-0.7148224712885022,0.011451184041058843,0.08804767556510198,-0.3147708110702748,-0.01824750874728275,0.002211965346176445
2.92,0,head,-0.41686425174506025,-0.22400606243284482,0.08774421062204664,0.40489502069981087,-0.2379724821573177,0.0003844923999976879
2.92,1,seg1,-0.3686888943062101,-0.11575255454644705,0.08647755592906387,0.21094876055609152,-0.12754890259767612,0.0006508340693926196
2.92,2,seg2,-0.35374416889552374,0.02444855077011716,0.08648779178153286,0.027199497216392168,0.013163403549309657,0.0006591033165884858
2.92,3,seg3,-0.41957288933186965,0.1473394369408461,0.08635046650496897,-0.07670282778067451,0.1326382574211026,0.0005200138057997461
2.92,4,seg4,-0.5470588786307908,0.20240494523143018,0.08632795445535271,-0.12224477968497947,0.1812968955055057,0.0004957249344324649
2.92,5,seg5,-0.6759300163756835,0.15645841663787183,0.08669911104696898,-0.17121213543156596,0.12888285929399396,0.0008651387230027563
2.92,6,seg6,-0.7318131353270284,0.03184666797225923,0.08755674339165345,-0.2968287497770487,0.0013162553532947473,0.0017210331727279121
2.94,0,head,-0.41520447755589956,-0.22958687170543512,0.08739470317840989,0.4029715287072464,-0.24346797677113027,3.498495636093668e-05
2.94,1,seg1,-0.3717432583287735,-0.1209117875106921,0.08620244441011275,0.21375412853164866,-0.1328476510236668,0.0003757225504415068
2.94,2,seg2,-0.358834385771399,0.019919882407606514,0.08633632600023522,0.03206842064557094,0.008397616141300362,0.0005076375352908447
2.94,3,seg3,-0.42228718547209826,0.1446527340631107,0.08639509102330072,-0.07411947118918838,0.12982542173263778,0.0005646383241314917
2.94,4,seg4,-0.5468563225136546,0.20642268592807514,0.0865590395740108,-0.12225589638724646,0.18531972357851023,0.0007268100530905541
2.94,5,seg5,-0.6797300111698956,0.17060000334012196,0.0869862870231035,-0.16674342858027097,0.14282757492285764,0.0011523146991372774
2.94,6,seg6,-0.7483098116327891,0.05329216693333126,0.08776561770424003,-0.27933014478982005,0.021952354265257698,0.0019299074853144915
2.96,0,head,-0.4127961556421381,-0.23554709492329834,0.08773869678227747,0.40028228033891977,-0.24930683097894804,0.0003789785602285184
2.96,1,seg1,-0.3741672705757111,-0.12559131096219833,0.08658369741216107,0.21595268903739784,-0.13763723417965223,0.0007569755524898247
2.96,2,seg2,-0.3639581468725882,0.015897466088954676,0.08670705609847683,0.03699494353311441,0.004135910720034479,0.0008783676335324536
2.96,3,seg3,-0.42535842099528953,0.14196582074144584,0.08666235475007619,-0.07117958968257371,0.12699538859451998,0.0008319020509069686
2.96,4,seg4,-0.547198037975918,0.21023016016939242,0.08662296865591168,-0.12173336510563126,0.1891066208064764,0.0007907391349914333
2.96,5,seg5,-0.6830087999166549,0.1852655028909844,0.08682384885281533,-0.162770403446467,0.1573204146724732,0.000989876528849104
2.96,6,seg6,-0.7640246121948708,0.0759513210840832,0.08747024010848024,-0.2625547700460179,0.04383794371855743,0.0016345298895547034
2.98,0,head,-0.4102967623785854,-0.2414477897077136,0.08762479566799257,0.39750489685625623,-0.2550818899928928,0.0002650774459436178
2.98,1,seg1,-0.376596298456507,-0.13046456794522993,0.08639958215774529,0.21814703944415034,-0.14262057004629394,0.000572860298074046
2.98,2,seg2,-0.369179213212499,0.011093273498504901,0.08647505980934683,0.04198145557600088,-0.0009113160248544819,0.0006463713444024577
2.98,3,seg3,-0.4288063109629599,0.13835131902175712,0.08644481287459013,-0.0679076257518758,0.12322089260891478,0.0006143601754209083
2.98,4,seg4,-0.5477330394398929,0.21286487960766753,0.08646669569524744,-0.12107357987752937,0.19171289334357816,0.0006344661743271918
2.98,5,seg5,-0.6858215083921472,0.199027937129034,0.08674288519683364,-0.1593059086030935,0.17093339379552966,0.0009089128728674151
2.98,6,seg6,-0.7783832753588837,0.09988114708881835,0.0874521557788538,-0.24707352299415894,0.06705730568605926,0.0016164455599282646
3.0,0,head,-0.40659415481511507,-0.2479516178084071,0.08733172936536238,0.3934969584933466,-0.26140213625475006,-2.798885668657547e-05
3.0,1,seg1,-0.37892658711994043,-0.13681356222645513,0.0862358233086628,0.22017253011530127,-0.14907327189730352,0.0004091014489915612
3.0,2,seg2,-0.37531927498235285,0.00567687513372191,0.08642608923259543,0.04785678599494997,-0.006613791123153866,0.0005974007676510518
3.0,3,seg3,-0.43382723529540673,0.13456095499826587,0.08646967183476759,-0.06307277941433338,0.11919587068701618,0.0006392191355983623
3.0,4,seg4,-0.5487764323531358,0.21497966895236534,0.08650037627877294,-0.11993072346485922,0.19377562986669372,0.0006681467578526917
3.0,5,seg5,-0.6873608164587922,0.21286959910803518,0.08667112235567712,-0.15710960070357444,0.1846861137910605,0.0008371500317108926
3.0,6,seg6,-0.7907830754998247,0.12461743410659559,0.08718930716149245,-0.23351053874606512,0.09117543988496009,0.001353596942566912
3.02,0,head,-0.40961064532520275,-0.2553002947222257,0.08935269811338448,0.3961602971732927,-0.26888604529050275,0.001992979891335525
3.02,1,seg1,-0.37791454219538645,-0.14156143561631257,0.08781491195487494,0.21893567402013492,-0.1537676007796094,0.001988190095203693
3.02,2,seg2,-0.37598804353463516,0.004772291306271808,0.0874018487971242,0.048481746348330065,-0.007549177585554905,0.0015731603321798293
3.02,3,seg3,-0.43698557473530286,0.13119607384590337,0.08701007420273266,-0.0600781581263246,0.11568449253490302,0.0011796215035634328
3.02,4,seg4,-0.5509893366964103,0.2142287619966983,0.08671630761111161,-0.11775606330306602,0.19292025856213213,0.0008840780901913647
3.02,5,seg5,-0.6915260293678245,0.2237737695422015,0.08675187957123195,-0.15243016273635096,0.19537970026823395,0.0009179072472657313
3.02,6,seg6,-0.8073044500311625,0.15084662147608685,0.08741578196599263,-0.21575960110086123,0.11658863132490327,0.001580071747067091
3.04,0,head,-0.4151850040945229,-0.26395354123568293,0.0868541183011633,0.40131651946886143,-0.27779477822766524,-0.0005055999208856549
3.04,1,seg1,-0.37547506298921773,-0.14646585821756872,0.08575136898630469,0.2162655506913244,-0.15855036789264795,-7.535287336656038e-05
3.04,2,seg2,-0.3733562276966718,0.0031337668752579872,0.08593993082432551,0.04577493298596673,-0.009060593589383692,0.00011124235938113347
3.04,3,seg3,-0.44038153723663,0.13024117244502595,0.08607915478232168,-0.056731488725390335,0.1145690545423259,0.00024870208315246056
3.04,4,seg4,-0.5541344972790163,0.21290426574137233,0.08623531643458929,-0.1146775011698018,0.19144758052156707,0.00040308691366904015
3.04,5,seg5,-0.693341247451961,0.23255711784850328,0.08638259806296797,-0.15019898967494125,0.20406670728634663,0.0005486257390017457
3.04,6,seg6,-0.8242753396224474,0.17410119429476478,0.08658793113553828,-0.19770122381144872,0.1390091857370509,0.0007522209166127419
3.06,0,head,-0.41991487389700194,-0.26729500469093626,0.08746115569191704,0.40588200487953335,-0.28135755654426287,0.00010143746986808477
3.06,1,seg1,-0.3735985426553836,-0.1505017571144648,0.08643924129322701,0.21419908259621762,-0.162492387436096,0.0006125194335557665
3.06,2,seg2,-0.37010414637580497,0.0012349021001011803,0.08661045107984315,0.04243616701043943,-0.010802535641080042,0.0007817626148987761
3.06,3,seg3,-0.4425642645134515,0.13045345068047473,0.08657951101072414,-0.05454113210639546,0.11467721320042966,0.0007490583115549176
3.06,4,seg4,-0.5589878438984527,0.21136752327423372,0.08657561267427652,-0.10990278966074386,0.1896816018067674,0.0007433831533562724
3.06,5,seg5,-0.6993525833131297,0.2362520932387581,0.08651971431990632,-0.1440186162903284,0.2074714079770899,0.0006857419959400979
3.06,6,seg6,-0.8370833552022758,0.1939042075546374,0.0865042106949893,-0.18396526807267571,0.15818020858908552,0.0006685004760637603
3.08,0,head,-0.42697224209307677,-0.26597701666546447,0.08746069703072713,0.4129941011752522,-0.28037693196510066,0.00010097880867818154
3.08,1,seg1,-0.3741669403815948,-0.15550086784480163,0.08637787132824379,0.2145289215961033,-0.16751288445365817,0.0005511494685725427
3.08,2,seg2,-0.36515914252885096,-0.0031335237870749807,0.08645651119433981,0.03728886691526096,-0.014930671964657066,0.000627822729395433
3.08,3,seg3,-0.44192597960400437,0.131538970969357,0.08636488361893871,-0.05512703233921738,0.11579188034371422,0.0005344309197694852
3.08,4,seg4,-0.5633091494307149,0.21204005379111523,0.0864785267346295,-0.1055543739868418,0.19014771330009678,0.0006462972137092488
3.08,5,seg5,-0.7062894940917691,0.23694298934593036,0.08665256748806008,-0.13705668510120375,0.20783138394055004,0.0008185951640938549
3.08,6,seg6,-0.8453403649207167,0.2045799997053897,0.08696313677314965,-0.17520953860432506,0.16845094123129636,0.0011274265542241119
3.1,0,head,-0.4344052952436398,-0.26446013917330313,0.08781231642404042,0.42049092215984135,-0.2792155226555316,0.0004525982019914637
3.1,1,seg1,-0.37653348961718935,-0.16083136861644898,0.08664130208874533,0.21663910328193306,-0.17294997255418096,0.0008145802290740883
3.1,2,seg2,-0.3613076249838125,-0.0074959867971588524,0.08648449617628481,0.033234097860544265,-0.019104892709382416,0.0006558077113404392
3.1,3,seg3,-0.4400829730613794,0.13280961467214852,0.0861443760069753,-0.05690747883790753,0.11714879552177891,0.0003139233078060799
3.1,4,seg4,-0.5673645620755543,0.21431578823505915,0.08613219252851884,-0.10139525119784201,0.19222786632419123,0.00029996300759858874
3.1,5,seg5,-0.7098652153724924,0.2357282835237382,0.08641166238561822,-0.13354282506339157,0.20644788094272196,0.0005776900616519948
3.1,6,seg6,-0.8495904036401277,0.20403390788195452,0.08687203561571642,-0.17099030493058576,0.16770320290781707,0.0010363253967908825
3.12,0,head,-0.4455172414179866,-0.2623401329666165,0.08785781950618711,0.431691171306776,-0.2776267517056664,0.0004981012841381582
3.12,1,seg1,-0.3809082789824672,-0.164555972171517,0.08681320506868621,0.220831676428597,-0.17687855805538577,0.0009864832090149683
3.12,2,seg2,-0.3576948733919911,-0.010682154620581849,0.08668155760849126,0.029473805742559388,-0.022115514347753405,0.0008528691435468888
3.12,3,seg3,-0.43669145166326756,0.13464092277209225,0.0862093843747883,-0.060208002747996765,0.11913943578768482,0.0003789316756190736
3.12,4,seg4,-0.5702448286687489,0.21649523769951093,0.08599828582837896,-0.09841452522445222,0.19426777031377876,0.00016605630745870903
3.12,5,seg5,-0.7108945425376566,0.23220525712129284,0.08623419644047811,-0.13268232999299012,0.20287985940707143,0.00040022411651188805
3.12,6,seg6,-0.8490396718470379,0.19354624118203767,0.08659836722409667,-0.17203953540104697,0.15725363001050272,0.0007626570051711273
3.14,0,head,-0.45647071206631246,-0.25984220433153954,0.08772637965175822,0.442751110354954,-0.2756529444842493,0.0003666614297092724
3.14,1,seg1,-0.384680532133291,-0.16561854375973545,0.08669715099339931,0.22454908592462752,-0.17811945243086824,0.0008704291337280623
3.14,2,seg2,-0.35443656728900036,-0.011838744148297813,0.0866486207841075,0.026164147954907634,-0.023115725987323046,0.0008199323191631219
3.14,3,seg3,-0.432517221778446,0.1366280990809376,0.0863120832367462,-0.0642829302620019,0.12132301783725477,0.0004816305375769797
3.14,4,seg4,-0.5690027565513548,0.21733451796064418,0.08624473916376658,-0.09961524741345523,0.1951652115242051,0.00041250964284633707
3.14,5,seg5,-0.7099754165166247,0.22698237227844403,0.0866273789379827,-0.13384897893126105,0.19770663517270723,0.0007934066140164731
3.14,6,seg6,-0.8449690296386962,0.17908836154138372,0.08710204681645757,-0.17679363581554652,0.14300586032749332,0.0012663365975320307
3.16,0,head,-0.4670798130404824,-0.2550386949245905,0.08762835058810901,0.45357679575039955,-0.2713597799392947,0.000268632366060062
3.16,1,seg1,-0.3883737704685664,-0.16404285147333397,0.08658139235530836,0.22831312880350169,-0.17672131195610888,0.0007546704956371136
3.16,2,seg2,-0.3519309436673312,-0.010822892296631189,0.08653305903179037,0.023709709296578917,-0.02198177907951371,0.0007043705668459965
3.16,3,seg3,-0.4281334768479211,0.13831131038759828,0.08622964697420729,-0.06858160153692512,0.12321295042509212,0.00039919427503806726
3.16,4,seg4,-0.5656089754519803,0.2162131108697345,0.08620170888532386,-0.10305855230771735,0.19420658990023174,0.0003694793644036104
3.16,5,seg5,-0.7078473131385749,0.21891589348547427,0.0865931935047625,-0.13635856593009368,0.18975057602258769,0.0007592211807962712
3.16,6,seg6,-0.8370783532759549,0.16141749332121977,0.08712627783399343,-0.18551635247339887,0.12573054350786267,0.0012905676150678919
3.18,0,head,-0.4766789059143857,-0.24690812522574565,0.0875625444915653,0.4635519569485317,-0.2636952573388839,0.00020282626951634297
3.18,1,seg1,-0.3922990620498917,-0.16023144212389728,0.0864866126348212,0.23241536288621054,-0.1731010314757248,0.0006598907751499544
3.18,2,seg2,-0.34998904008225096,-0.009078083803636366,0.0864301862601592,0.02185304398209905,-0.02014652974482623,0.0006014977952148309
3.18,3,seg3,-0.42378936447417553,0.13949132809069983,0.08617486225135274,-0.07286463285020461,0.12459837341557922,0.0003444095521835111
3.18,4,seg4,-0.5620204089583608,0.21375922014930365,0.08620927172217155,-0.1067598366409898,0.1919262646098488,0.0003770422012513014
3.18,5,seg5,-0.7038378065953363,0.20870505659536734,0.08666044028864833,-0.14084947725182592,0.17974212718093405,0.0008264679646821094
3.18,6,seg6,-0.8260917341162571,0.1411089872827086,0.08727994878242294,-0.19745703274722193,0.10596791785574039,0.001444238563497402
3.2,0,head,-0.4846175915287126,-0.23671187520809175,0.08762532615163672,0.47196690092937704,-0.2538883739654816,0.0002656079295877689
3.2,1,seg1,-0.3954549463817061,-0.15447202020194994,0.08648518286539346,0.2358417701858285,-0.16749832857380456,0.0006584610057222134
3.2,2,seg2,-0.34811525342144906,-0.007154158470150003,0.08638977704172107,0.02007294282857085,-0.018135608308829796,0.0005610885767766971
3.2,3,seg3,-0.4194932808640954,0.13979334260309614,0.08614416150873017,-0.07714147522098468,0.12510450233579384,0.00031370880956094194
3.2,4,seg4,-0.5578875332893475,0.20981783341541613,0.08623384422196,-0.11107560540065659,0.188186033240922,0.0004016147010397486
3.2,5,seg5,-0.697961067118039,0.1970296583421822,0.08677196436974252,-0.1472752062449629,0.16835964071448886,0.000937992045776298
3.2,6,seg6,-0.8128171462239187,0.11943966805260985,0.08749554995419208,-0.2117478522294893,0.08495490859673914,0.0016598397352665384
3.22,0,head,-0.4900928384940949,-0.22539560563897887,0.08768932385838626,0.47797450091073873,-0.24284550166002516,0.0003296056363373129
3.22,1,seg1,-0.3973787299019836,-0.14751310180343677,0.08652953518340116,0.23809455849691152,-0.160638850959923,0.0007028133237299145
3.22,2,seg2,-0.34612604354790577,-0.004699790347927887,0.08640963621088414,0.01820279376359738,-0.015589351983439494,0.0005809477459397666
3.22,3,seg3,-0.41539952647607004,0.13976677910383734,0.08611780960234414,-0.08123185511838112,0.12527279642971925,0.00028735690317491236
3.22,4,seg4,-0.5526621696606031,0.2049402630711773,0.08620266443998482,-0.11652717849484603,0.1835626720921694,0.00037043491906457726
3.22,5,seg5,-0.6914858730445618,0.18399591139210844,0.08674179615033213,-0.15436335743109658,0.15564882600388502,0.0009078238263659083
3.22,6,seg6,-0.7977222702481179,0.09733476867515842,0.08753462418623359,-0.22787762707194173,0.06359344280608367,0.0016989139673080494
3.24,0,head,-0.49311179803891686,-0.21391899062814815,0.08763315460362218,0.48153622778548416,-0.23152556745043554,0.00027343638157323324
3.24,1,seg1,-0.3981801482409951,-0.13997640326061767,0.08651334995605837,0.23925375075758218,-0.15314883296380066,0.0006866280963871291
3.24,2,seg2,-0.3442228943286,-0.0021272033022055464,0.08645503613445037,0.016424234040271993,-0.012929106436728956,0.0006263476695059916
3.24,3,seg3,-0.4117841209520689,0.13928472889146556,0.08617385799191232,-0.08486610542426211,0.12496335463714635,0.0003434052927430986
3.24,4,seg4,-0.5483057207399094,0.19912700278657344,0.08625568293715218,-0.12115535225141412,0.17796332837950185,0.0004234534162319281
3.24,5,seg5,-0.6849933944895475,0.16958276678044285,0.08677754332041074,-0.1615344209764192,0.14156099923712517,0.0009435709964445149
3.24,6,seg6,-0.7813386988454182,0.07466067749011011,0.08760242717199564,-0.24532172573803582,0.04172476098296986,0.0017667169530700966
3.2600000000000002,0,head,-0.4934212025764559,-0.20436729880882096,0.08764409873842144,0.48229986009842296,-0.22199942376740023,0.0002843805163724872
3.2600000000000002,1,seg1,-0.3967900045414949,-0.13299418741796734,0.08651716991472792,0.23819747565951857,-0.1461083698756708,0.0006904480550566777
3.2600000000000002,2,seg2,-0.3414486271580858,0.0014380349641823637,0.08645867679283145,0.013822785099643334,-0.009235876733922723,0.0006299883278870766
3.2600000000000002,3,seg3,-0.4078880748102162,0.13908611361580347,0.08618251726502217,-0.08876718928573414,0.12495038269689483,0.000352064565852947
3.2600000000000002,4,seg4,-0.5445237802558126,0.19318875577597674,0.08626494163419281,-0.12521561684713883,0.17221179790529903,0.00043271211327255976
3.2600000000000002,5,seg5,-0.6785381532730094,0.15484403810438532,0.08680970214222522,-0.1686837843781077,0.12714618515237208,0.0009757298182589969
3.2600000000000002,6,seg6,-0.7648183368744358,0.051656679996893426,0.08769611466873228,-0.2629181606756632,0.01953305672702122,0.0018604044498067435
3.2800000000000002,0,head,-0.49106750216066025,-0.19717034314475593,0.08755602477223595,0.4802913398705995,-0.21469860717121278,0.00019630655018700038
3.2800000000000002,1,seg1,-0.39298978407998436,-0.1269119848799949,0.08642364961078762,0.23469102179653836,-0.1398522013538385,0.0005969277511163745
3.2800000000000002,2,seg2,-0.33755216066887817,0.00537972655037848,0.08640077106656054,0.010118324358229812,-0.005113213241054057,0.0005720826016161612
3.2800000000000002,3,seg3,-0.40419435501861,0.13952425458051637,0.0861867844005628,-0.0924358719359235,0.12556381648670395,0.0003563317013935696
3.2800000000000002,4,seg4,-0.5412368011455109,0.18766091990692577,0.08630978615671883,-0.12876194887611692,0.16684665762697082,0.00047755663579858443
3.2800000000000002,5,seg5,-0.6722874046279609,0.1402133941810455,0.08687526903607909,-0.1756237430169476,0.11282960126082159,0.0010412967121128658
3.2800000000000002,6,seg6,-0.7480026730286821,0.028843723065336016,0.08777705680651209,-0.2808004709904092,-0.002453769608719785,0.0019413465875865454
3.3000000000000003,0,head,-0.4873622894161592,-0.19144996320468463,0.08732377747371217,0.476862566426977,-0.20880837281161424,-3.5940748336779627e-05
3.3000000000000003,1,seg1,-0.3876424932745837,-0.12159992658002036,0.08622295506908446,0.22960259835373464,-0.1342916771696782,0.0003962332094132187
3.3000000000000003,2,seg2,-0.33266770676067153,0.00891401804725515,0.08629541526913306,0.005407606959075615,-0.0013504685050307785,0.0004667268041886885
3.3000000000000003,3,seg3,-0.4007209717889269,0.14028064526985856,0.08615558247577763,-0.09586932174106226,0.12648465326340838,0.0003251297766084099
3.3000000000000003,4,seg4,-0.5388901237655492,0.18237644789598761,0.08628898805449807,-0.1313574626163007,0.16167985517437355,0.00045675853357782237
3.3000000000000003,5,seg5,-0.6662561480865619,0.12565233149957963,0.08682158535592875,-0.18234114679284152,0.09857207383173873,0.0009876130319625281
3.3000000000000003,6,seg6,-0.7306209525506675,0.006927050939735724,0.08767186378438711,-0.2992055410847186,-0.023518387303676256,0.0018361535654615735
3.3200000000000003,0,head,-0.4837022304782618,-0.18698739960295602,0.08730821820210727,0.4734190343878216,-0.20417667847565696,-5.1500019941683184e-05
3.3200000000000003,1,seg1,-0.38250680573031626,-0.11731347593384761,0.08628737023834211,0.22467672829984484,-0.1297656690054035,0.0004606483786708665
3.3200000000000003,2,seg2,-0.32816194175572566,0.011792046547045808,0.08645077801189181,0.0010439168926201588,0.0017387345194894183,0.000622089546947438
3.3200000000000003,3,seg3,-0.39766884357931914,0.14054818577072492,0.08629998144033384,-0.0989052589193102,0.1268971456586659,0.00046952874116461263
3.3200000000000003,4,seg4,-0.5372365983232397,0.1769543079155534,0.08632549775137055,-0.1332671616491372,0.15634255267595382,0.0004932682304503028
3.3200000000000003,5,seg5,-0.6607763461819867,0.11142642124639358,0.08674578304486423,-0.1884917704195536,0.08462307456850067,0.000911810720898007
3.3200000000000003,6,seg6,-0.7132882009609735,-0.013226461340400217,0.0875387861787105,-0.31747778653628106,-0.04282417350955872,0.0017030759597849582
3.34,0,head,-0.47959035332452243,-0.18302062139621875,0.08713346466440217,0.4695006009737543,-0.20001870509357642,-0.00022625355764678556
3.34,1,seg1,-0.3782672972043417,-0.1139059453227669,0.08607957595029864,0.22060419275943327,-0.12616023537309845,0.0002528540906273913
3.34,2,seg2,-0.32469683568194957,0.015058140467131286,0.08625095728458591,-0.0022618248506040568,0.005166036829295767,0.0004222688196415386
3.34,3,seg3,-0.39495438540437,0.14059582725009528,0.0862260268491201,-0.10161437398289182,0.12707391801380896,0.0003955741499508808
3.34,4,seg4,-0.5357913617768844,0.17147510109900388,0.08634628031413476,-0.13497152369129456,0.15093833524485328,0.00051405079321451
3.34,5,seg5,-0.6555872922797162,0.09743659688782243,0.08680971038187112,-0.19434073983644756,0.0708960565841384,0.000975738057904893
3.34,6,seg6,-0.6962216653715789,-0.03138949385164891,0.08760566447778756,-0.33538938792564166,-0.06015440497573815,0.0017699542588620193
3.36,0,head,-0.47578975651499905,-0.1794214950144743,0.08714923272137988,0.46587559812394574,-0.19624278121229474,-0.000210485500669072
3.36,1,seg1,-0.3762962749486994,-0.11193901856679163,0.08621492193825682,0.21872901268774866,-0.12410173366218598,0.0003882000785855738
3.36,2,seg2,-0.3233150915242841,0.01765225366299119,0.08638989820879787,-0.0035185458633601916,0.007822969738867439,0.0005612097438534996
3.36,3,seg3,-0.39360927922909633,0.1400409167249826,0.08632392266545362,-0.10298436496898157,0.12658365174790293,0.0004934699662843961
3.36,4,seg4,-0.5344312370628954,0.16588508334704646,0.08632905584047987,-0.13659614398968933,0.14541938184853095,0.0004968263195596206
3.36,5,seg5,-0.6501631973282943,0.08389736711289103,0.08669586060732942,-0.20040303954841582,0.05763030854111877,0.0008618882833631991
3.36,6,seg6,-0.6793835862509566,-0.04761475555759012,0.08750734206702672,-0.3529805704917831,-0.07555993391171907,0.0016716318481011794
3.38,0,head,-0.4724445044951869,-0.17651930670082655,0.0870558230169435,0.46267225585004795,-0.19318467618488255,-0.000303895205105445
3.38,1,seg1,-0.37386983690065567,-0.10942524654571642,0.08616350900231765,0.21642495799161426,-0.12147533244924516,0.00033678714264639975
3.38,2,seg2,-0.32192347198059523,0.01914063543100568,0.08638581181176037,-0.0048377543765209296,0.009375894122173989,0.0005571233468159992
3.38,3,seg3,-0.39322245073984624,0.13917260648575447,0.08635037140860305,-0.10341207923605368,0.12573473511043082,0.0005199187094338253
3.38,4,seg4,-0.5336633335224144,0.1602674258997422,0.08635876562474314,-0.13763052957958957,0.1398446354422682,0.0005265361038228888
3.38,5,seg5,-0.6446395209166154,0.07151853478636833,0.08670243681992634,-0.20650958294699404,0.04552838230649162,0.0008684644959601195
3.38,6,seg6,-0.6629515596256635,-0.06205791844325688,0.08750497568545854,-0.37008134809181914,-0.08920470795181007,0.001669265466532996
3.4,0,head,-0.4698086378627997,-0.17428376168014564,0.08700583433253481,0.46014576866386814,-0.19082621971075373,-0.0003538838895141422
3.4,1,seg1,-0.3716584471140094,-0.10696902601363482,0.08615746669592639,0.2143329689271721,-0.11891665196034715,0.0003307448362551424
3.4,2,seg2,-0.32087185241961774,0.02047973612053178,0.08643124869256257,-0.00582445266043456,0.010763525504811657,0.0006025602276181902
3.4,3,seg3,-0.3933995761202984,0.13824009237186974,0.08639667583290989,-0.10327953420880354,0.12479484799554026,0.000566223133740662
3.4,4,seg4,-0.5333991843105135,0.15464754926032956,0.08637527720859635,-0.13816183726574274,0.1342436979858252,0.0005430476876761015
3.4,5,seg5,-0.6390744037132916,0.059911071931124604,0.08668783882235376,-0.21262080962873142,0.03419892371991876,0.0008538664983875344
3.4,6,seg6,-0.6466379972778138,-0.07469351099934006,0.08749222589549754,-0.386977770849068,-0.10104959772349657,0.001656515676572004
3.42,0,head,-0.46790297738118186,-0.17266523053234117,0.08699811773326079,0.4583192956699581,-0.1891188294947682,-0.0003616004887881663
3.42,1,seg1,-0.36981348062608543,-0.10446863542614651,0.08613699439411038,0.21260909007727466,-0.11633129006267467,0.00031027253443913216
3.42,2,seg2,-0.32041641935541537,0.021950786827937847,0.0864181027372558,-0.0062093603082081375,0.012254584042352032,0.0005894142723114199
3.42,3,seg3,-0.39389574447091813,0.1371336838923527,0.08638765809744901,-0.10283658359893612,0.12366607985598298,0.0005572053982797892
3.42,4,seg4,-0.5333489925724342,0.14907113808116065,0.08637395722818417,-0.13847736133397287,0.1286759942031095,0.0005417277072639198
3.42,5,seg5,-0.633597429780147,0.04913567090551543,0.08671321547446774,-0.21860439393096426,0.02369638928184265,0.0008792431505015158
3.42,6,seg6,-0.6308532197289862,-0.08576799207761057,0.0875520515867966,-0.403271712502575,-0.11136031054011748,0.0017163413678710632
3.44,0,head,-0.4666886663748625,-0.17161956905825762,0.0869999262161395,0.45715612510598075,-0.18801656211461526,-0.00035979200590945115
3.44,1,seg1,-0.36827709762486094,-0.10187377494245864,0.08613489865357213,0.21119794100865436,-0.11366625123331053,0.0003081767939008828
3.44,2,seg2,-0.32046850006411043,0.023617816475848895,0.0864409841647028,-0.006078002341607389,0.013917246164324331,0.0006122956997584306
3.44,3,seg3,-0.3946173362979166,0.13606557253804702,0.08641886331080231,-0.10216664232914931,0.12256483722833657,0.0005884106116330889
3.44,4,seg4,-0.5332680147654859,0.14385754443070392,0.08639417492561781,-0.13880636959363096,0.12347216198806324,0.0005619454046975614
3.44,5,seg5,-0.6282779789327113,0.039124128035930475,0.08673288245902713,-0.22439428056147218,0.013949350718688205,0.0008989101350609097
3.44,6,seg6,-0.6157598128555619,-0.09550838167919953,0.08759359131338261,-0.41881157560326004,-0.12037134685271851,0.00175788109445707
3.46,0,head,-0.46596644474167204,-0.17108945975014875,0.08700068187256203,0.4564599504742149,-0.1874526819429394,-0.00035903634948691865
3.46,1,seg1,-0.36704934097492437,-0.09976998398926114,0.08607709293235193,0.21007169789751273,-0.11150641345685881,0.00025037107268068015
3.46,2,seg2,-0.3206499275642931,0.02545408164731744,0.08635010397844607,-0.005809389992865446,0.015742796252345544,0.0005214155135016968
3.46,3,seg3,-0.3956543227488709,0.1356218956778907,0.08633057174975804,-0.10115194610258335,0.12207231146925297,0.0005001190505888181
3.46,4,seg4,-0.5332438706152238,0.13964927715430508,0.08634944391135843,-0.13903076370809161,0.11926981220597978,0.0005172143904381837
3.46,5,seg5,-0.6233498351419684,0.03008340086910242,0.08673588174752216,-0.22974710105388924,0.005153404965022796,0.0009019094235559327
3.46,6,seg6,-0.6015026304233073,-0.10399389914114629,0.08763450540884829,-0.43345644067997124,-0.12816873002710977,0.00179879518992275
3.48,0,head,-0.4656489640380674,-0.17102055137938174,0.08698349189682027,0.45614610895768554,-0.1873687423026394,-0.0003762263252286846
3.48,1,seg1,-0.36629469127385916,-0.0988116905284739,0.08593753204370277,0.2093635098248907,-0.1105132910162612,0.00011081018403152898
3.48,2,seg2,-0.32068822512678136,0.026821274153343223,0.08611444146923128,-0.005706069223326592,0.017106616940854944,0.00028575300428690387
3.48,3,seg3,-0.3971513953797005,0.13595169552356032,0.0860983811863327,-0.09964087418795091,0.12233048983540634,0.00026792848716347684
3.48,4,seg4,-0.5333208325788371,0.1371318285167994,0.0862506884948248,-0.13907369785074125,0.1167515533936842,0.0004184589739045508
3.48,5,seg5,-0.6192315424007631,0.02281119384832441,0.08674215944469015,-0.2342068218033108,-0.0019145665184524914,0.0009081871207239217
3.48,6,seg6,-0.5885889109546004,-0.11102204805073768,0.08766103604956313,-0.4466900068813511,-0.13457433329212365,0.0018253258306375891
3.5,0,head,-0.46585716050633885,-0.17140908439317318,0.0869490826337557,0.45633557868667496,-0.18776674342574864,-0.00041063558829325386
3.5,1,seg1,-0.36601543056823516,-0.09846412735861171,0.08591434942879779,0.2091011065701891,-0.11015283126724476,8.762756912654435e-05
3.5,2,seg2,-0.3208147775375387,0.027591267676208082,0.08611355179764547,-0.005543015142606894,0.01786971516826917,0.0002848633327010991
3.5,3,seg3,-0.39824221846301616,0.13625174371406662,0.0861002139204024,-0.09853700741720794,0.12257828424220926,0.0002697612212331779
3.5,4,seg4,-0.5330154277258549,0.135748518042111,0.08626276606990532,-0.1394445903247962,0.11538434500931324,0.0004305365489850749
3.5,5,seg5,-0.6156632066883513,0.017779701410588003,0.0867087487770745,-0.23801056994797373,-0.006770535624449467,0.0008747764531082808
3.5,6,seg6,-0.5776491134985178,-0.1158368584718665,0.08758041537913364,-0.4578465518734199,-0.13886304773810126,0.001744705160208096
3.52,0,head,-0.46644508059163564,-0.17220027270218713,0.08697500664222144,0.4568851788347196,-0.18858501516804105,-0.00038471157982751525
3.52,1,seg1,-0.3658415671582136,-0.0981050368092515,0.08594204373329778,0.20894452978818986,-0.10978587320517519,0.00011532187362653379
3.52,2,seg2,-0.3209917706641627,0.028109173249611357,0.08614755708169514,-0.0053415747189291376,0.018378610546064187,0.0003188686167507615
3.52,3,seg3,-0.3989888955816946,0.13648791826660586,0.08610098318490303,-0.09777993649068946,0.12277865577458469,0.00027053048573380534
3.52,4,seg4,-0.5328579839839888,0.1348238482660108,0.08624040748248732,-0.1396458619923748,0.11446821595589572,0.00040817796156707165
3.52,5,seg5,-0.6126349114626335,0.015053685624653416,0.08667339258815367,-0.24116516867603846,-0.009349341724820352,0.0008394202641874432
3.52,6,seg6,-0.5688741789890189,-0.11773056728086598,0.08754859852411322,-0.46670166764339,-0.14033699936260444,0.0017128883051876764
3.54,0,head,-0.467206687206944,-0.17335825701507665,0.08703310633963572,0.45759081237182675,-0.1897779332778043,-0.00032661188241323025
3.54,1,seg1,-0.36573294039074866,-0.09789485942843423,0.08595053182057937,0.2088460287424352,-0.10957076427927857,0.00012380996090811947
3.54,2,seg2,-0.3211713952152876,0.028514991500605883,0.0861270599522917,-0.005142840244806213,0.018775420375831593,0.0002983714873473209
3.54,3,seg3,-0.3994550998700343,0.136778090772386,0.0860600007493075,-0.09730045074913471,0.1230463121684953,0.0002295480501382785
3.54,4,seg4,-0.5331503347051469,0.1342462963456504,0.08620869258860928,-0.13938132904072817,0.11387740508738303,0.0003764630676890285
3.54,5,seg5,-0.6104042148721575,0.014548104132220956,0.08669564747584886,-0.24341739896604986,-0.009748188367616683,0.0008616751518826377
3.54,6,seg6,-0.5624550715940255,-0.11689239121530912,0.08759132498791293,-0.4730736114962841,-0.13919427875103588,0.0017556147689873902
3.56,0,head,-0.4679576886313597,-0.1747940938654094,0.08715292239097347,0.4582726293442617,-0.1912478843709552,-0.00020679583107548194
3.56,1,seg1,-0.36571047832142967,-0.09784588495250975,0.08599727811771998,0.2088259228889386,-0.10952077629566995,0.00017055625804873742
3.56,2,seg2,-0.3214070993197482,0.028800714580689,0.08612475848006831,-0.00489380525885579,0.019049602211699025,0.00029607001512393927
3.56,3,seg3,-0.39974135173525127,0.13708731734602062,0.0860372454955988,-0.09699980671462005,0.12334156522721858,0.00020679279642957238
3.56,4,seg4,-0.5334607205220331,0.13419184285571092,0.08620951128228228,-0.13907388644362736,0.11380824160448016,0.00037728176136203606
3.56,5,seg5,-0.6088235816390495,0.015796511724002368,0.08678191138920709,-0.2449368277013326,-0.008425970817102193,0.0009479390652408631
3.56,6,seg6,-0.5582357198758515,-0.11410435231287616,0.08771351443086878,-0.4771554955452034,-0.13620859416420958,0.0018778042119432375
3.58,0,head,-0.4685007118302345,-0.1764636745733048,0.08735579247900523,0.4587355795569824,-0.19294141648909655,-3.925743043725616e-06
3.58,1,seg1,-0.36572745943600243,-0.09785453223819808,0.0861243608064432,0.2088424732255829,-0.10953022193798981,0.00029763894677195535
3.58,2,seg2,-0.32169336053056086,0.02888205561156483,0.08619988835347465,-0.004603997280866347,0.019117227502861482,0.00037119988853027974
3.58,3,seg3,-0.3998425936428408,0.13736344432357842,0.08608187628210276,-0.09688553825666396,0.12361256107793094,0.0002514235829335354
3.58,4,seg4,-0.5336424389673424,0.1347437106098841,0.08627143569768818,-0.13886610974792532,0.11435083579555043,0.00043920617676793117
3.58,5,seg5,-0.607959218820715,0.018377090674568677,0.08693343444247394,-0.24567739773972636,-0.005807179718157325,0.001099462118507713
3.58,6,seg6,-0.5559068312836091,-0.11044194156267854,0.0879103070398238,-0.47930744599730274,-0.1324394982740634,0.002074596820898264
3.6,0,head,-0.4685499383625691,-0.17850093421082117,0.08732968195361562,0.4586877942761658,-0.1949787104416396,-3.0036268433328295e-05
3.6,1,seg1,-0.3657815577102131,-0.09824620370550947,0.0860687835307511,0.20887787000772717,-0.10992402420993759,0.0002420616710798601
3.6,2,seg2,-0.3220338154506313,0.02889437505793114,0.08618308751010445,-0.004263341834883177,0.019113330264360028,0.00035439904516007537
3.6,3,seg3,-0.3997739918492953,0.13783881613455382,0.08614562428909753,-0.0969314387076665,0.12409065909439186,0.00031517158992830363
3.6,4,seg4,-0.5336029414875747,0.13632203986319497,0.08638549954883372,-0.13883044757715732,0.11592925636445346,0.0005532700279134717
3.6,5,seg5,-0.6080354204157312,0.022008507679075664,0.0870456372502742,-0.2454284582782518,-0.00218350405824848,0.001211664926307976
3.6,6,seg6,-0.5554473962238073,-0.1067916667388939,0.08793566324851604,-0.479592638784022,-0.12877149446577008,0.0020999530295904983
3.62,0,head,-0.4686050979461969,-0.18028139577956706,0.08731779530405889,0.458658156702887,-0.19675977966873062,-4.192291799005876e-05
3.62,1,seg1,-0.36613759298611537,-0.09870427176262461,0.08608781567598796,0.2092117017564195,-0.11039851744085097,0.0002610938163167126
3.62,2,seg2,-0.32240661825821626,0.02883275951640385,0.08622109218719175,-0.0038938938246089283,0.019034042333443406,0.0003924037222473725
3.62,3,seg3,-0.3992728830582537,0.1386181103726105,0.08614885212512814,-0.09739489198389051,0.12489291877220592,0.0003183994259589179
3.62,4,seg4,-0.5332339547735618,0.1391134975683883,0.08632175580257746,-0.13906616681342546,0.11873511162740004,0.0004895262816572155
3.62,5,seg5,-0.6091064804775308,0.02653781797332082,0.08694959248584182,-0.24414305563987573,0.002289700772155852,0.001115620161875594
3.62,6,seg6,-0.5571011036750554,-0.10333564207896172,0.08784740151762278,-0.4777763281249343,-0.1253980881199724,0.0020116912986972435
3.64,0,head,-0.4684079296666961,-0.18196557792048812,0.08739021856171605,0.45838105925491646,-0.19843266992770367,3.050033966710275e-05
3.64,1,seg1,-0.3664858485074097,-0.0991133178583679,0.08615889692322261,0.2095400955895092,-0.11082367400839536,0.0003321750635513626
3.64,2,seg2,-0.32271334719924577,0.028491506995813164,0.0862937635406708,-0.0036037531264853226,0.018678578831303375,0.0004650750757264205
3.64,3,seg3,-0.3983893629258143,0.13920105553812748,0.0861982809403012,-0.09824966781323195,0.12551725135336605,0.0003678282411319761
3.64,4,seg4,-0.532464467797989,0.14215301812195624,0.08633721793404234,-0.13969012684164922,0.12180780902287903,0.00050498841312209
3.64,5,seg5,-0.610494054246079,0.03153270049842036,0.08695793794891292,-0.2425193407071514,0.007212886957937478,0.0011239656249466962
3.64,6,seg6,-0.5605646497006194,-0.09944805860942926,0.08787163320956301,-0.47413169115542225,-0.12167974471689759,0.0020359229906374704
3.66,0,head,-0.46771206460664105,-0.18379611214453848,0.0873910742829684,0.45759886500578334,-0.2002280127595381,3.1356060919446316e-05
3.66,1,seg1,-0.36681388256011177,-0.09989690055878635,0.08615239792964771,0.20983046614664252,-0.11162198042053188,0.00032567606997646603
3.66,2,seg2,-0.3229476445829772,0.028134661034094934,0.08630606891284047,-0.0033867040262100276,0.018310986676219325,0.0004773804478960947
3.66,3,seg3,-0.3973134478625992,0.14003576133188822,0.08625260808546344,-0.09928463892800479,0.12640221563333648,0.00042215538629421234
3.66,4,seg4,-0.5313015659840641,0.1460412288218594,0.08641661938717547,-0.1406666655745019,0.12574695806532854,0.0005843898662552249
3.66,5,seg5,-0.6122993346324953,0.03734571155799393,0.08701524789909824,-0.24043945658460983,0.012933395404652763,0.0011812755751320209
3.66,6,seg6,-0.5655367080264944,-0.09508821140683664,0.08788038126085608,-0.46895777550868495,-0.11756146491775873,0.0020446710419305403
3.68,0,head,-0.4668770265934956,-0.18555526043483653,0.0874018865198287,0.45668105285856164,-0.2019454271105381,4.2168297779754393e-05
3.68,1,seg1,-0.3672446524952568,-0.10072265899861253,0.08619490830707756,0.21022144897250153,-0.11246730412647066,0.0003681864474063129
3.68,2,seg2,-0.3231639921575792,0.027607709512558334,0.08636169605495553,-0.0031956799572842322,0.017774335966568636,0.000533007590011153
3.68,3,seg3,-0.3958878351437104,0.14095604688326305,0.08627897680546613,-0.10066483859133735,0.12738930529967957,0.00044852410629690753
3.68,4,seg4,-0.5298301097760799,0.1506773964725152,0.08638708252502102,-0.14191581275771814,0.1304479010740484,0.0005548530041007693
3.68,5,seg5,-0.6145591120979965,0.04459644240688751,0.08694333270327344,-0.23783716728485127,0.020068364391045816,0.0011093603793072143
3.68,6,seg6,-0.5720222645462946,-0.08995059165459328,0.08781408976174919,-0.4622350613490479,-0.1127383233674853,0.0019783795428236495
3.7,0,head,-0.46588970798488144,-0.18734214540535304,0.08747233201936275,0.4556098126395496,-0.20368329946657351,0.00011261379731379584
3.7,1,seg1,-0.3676892163815854,-0.10164402181467706,0.08622285249500272,0.21062166017353778,-0.11340878035154804,0.0003961306353314764
3.7,2,seg2,-0.3233488180146925,0.026949758955045516,0.08634780357519319,-0.003042376315431764,0.0171083348201908,0.0005191151102488106
3.7,3,seg3,-0.39419491578048793,0.14176595086284144,0.0862505469792304,-0.10231729522377545,0.1282788599658267,0.00042009428006117844
3.7,4,seg4,-0.5281074018881287,0.15548082094992124,0.08637062497495385,-0.14340796693827018,0.13532786880736936,0.0005383954540335995
3.7,5,seg5,-0.6167175029207591,0.05303582358724577,0.08696364874024572,-0.23527958021451115,0.028395461966348703,0.0011296764162794931
3.7,6,seg6,-0.5796699340288127,-0.0832632244546937,0.0878566938663369,-0.4542777963841778,-0.10642249698818083,0.0020209836474113646
3.72,0,head,-0.46473958800188747,-0.18928823834841377,0.08752041086046686,0.45436837858848345,-0.20557245144962433,0.00016069263841790582
3.72,1,seg1,-0.3682885866337002,-0.10282452921550639,0.08624830940990572,0.21116416927428006,-0.11461647497275225,0.00042158755023447014
3.72,2,seg2,-0.3236854319103686,0.02623905298185156,0.08636014814708981,-0.0027399673319328135,0.016382414231024323,0.0005314596821454354
3.72,3,seg3,-0.3925323741320456,0.14265187335033752,0.086286493400385,-0.10393579073575007,0.12924290128445667,0.0004560407012157708
3.72,4,seg4,-0.5262682255224926,0.16077214499506742,0.08643488172272021,-0.14499323780216453,0.14070072616096585,0.0006026522017999608
3.72,5,seg5,-0.6189052426808088,0.06290732322597167,0.08704980060187695,-0.23262452094320413,0.03815165849167368,0.0012158282779107243
3.72,6,seg6,-0.588374191468957,-0.0750061483788028,0.08792601791297264,-0.4451904360551758,-0.09858902488755557,0.002090307694047097
3.74,0,head,-0.46368979572901164,-0.1913189741295937,0.08750671608110855,0.453223130293958,-0.2075509250968993,0.00014699785905959717
3.74,1,seg1,-0.36912119085480466,-0.10405259612032247,0.0862558292560232,0.21193738464038625,-0.11588277513828107,0.0004291073963519493
3.74,2,seg2,-0.3242412625433661,0.025208619128737633,0.08638375583482338,-0.002233806305099495,0.01532669521865084,0.0005550673698790087
3.74,3,seg3,-0.39085897410730436,0.1433786231821771,0.08630797802533219,-0.10557270756944388,0.13004846707326986,0.00047752532616296417
3.74,4,seg4,-0.5241627976577267,0.1664923671927394,0.08642966441773664,-0.1468240466096426,0.14651466695823112,0.0005974348968163928
3.74,5,seg5,-0.621070488331393,0.07419188321918195,0.08702728683881922,-0.22992468077547756,0.04932038474117749,0.0011933145148529944
3.74,6,seg6,-0.5983195153646235,-0.06518325235150993,0.08789527998897782,-0.43478889597841375,-0.08925057117319626,0.002059569770052283
3.7600000000000002,0,head,-0.46286786506223027,-0.19344813715669054,0.08751777634717278,0.4523008011224491,-0.20963855871329246,0.00015805812512383055
3.7600000000000002,1,seg1,-0.3703067707100881,-0.10558111003672346,0.08631847145670264,0.21304887698626848,-0.11746598047895097,0.0004917495970313962
3.7600000000000002,2,seg2,-0.324996020382463,0.02401673093499452,0.08646092030134556,-0.0015366273168517255,0.014100237587780243,0.0006322318364011814
3.7600000000000002,3,seg3,-0.3890006122740046,0.14406126487890103,0.08634285842449141,-0.10739647579694687,0.13081877729746555,0.0005124057253221848
3.7600000000000002,4,seg4,-0.5213261356891995,0.17279791928405283,0.08638410178187475,-0.1493574042824573,0.15294807485763895,0.0005518722609545029
3.7600000000000002,5,seg5,-0.6232842270907271,0.08587555925842216,0.08691256960938792,-0.22715740795661607,0.060885466938480376,0.0010785972854217007
3.7600000000000002,6,seg6,-0.6097959143902192,-0.05405509806633144,0.08780102458514201,-0.42279589658719124,-0.07868120421109648,0.0019653143662164696
3.7800000000000002,0,head,-0.4620498107636584,-0.19583865259734287,0.08750921024452493,0.45136990580009356,-0.21198743308332357,0.00014949202247598048
3.7800000000000002,1,seg1,-0.37181072447884667,-0.10750797360795433,0.0862036617837591,0.21445942447522282,-0.11946223595903739,0.0003769399240878546
3.7800000000000002,2,seg2,-0.3260477606820487,0.022539309357827244,0.08629970087502474,-0.0005563913155359715,0.012574436304515648,0.0004710124100803653
3.7800000000000002,3,seg3,-0.3871423478372365,0.1444103843196989,0.08630046543760583,-0.10923601952865539,0.1312559385487512,0.0004700127384366093
3.7800000000000002,4,seg4,-0.5184195105377146,0.178969061397625,0.0865320489446492,-0.15196704262079203,0.15925055472661226,0.000699819423728959
3.7800000000000002,5,seg5,-0.6256234434168889,0.09770682896692792,0.08717371269505104,-0.224257775562104,0.07259200391200701,0.0013397403710848216
3.7800000000000002,6,seg6,-0.6222011981301172,-0.04194727213375177,0.08803054796329104,-0.4098284410695023,-0.06717748260181987,0.002194837744365505
3.8000000000000003,0,head,-0.4615224836185132,-0.19856805967331378,0.08752675402023123,0.45071327987791626,-0.21468865119793137,0.0001670357981822801
3.8000000000000003,1,seg1,-0.3736279830442174,-0.10952396050304321,0.08629248250643524,0.21617868024761164,-0.1215624243894468,0.0004657606467639991
3.8000000000000003,2,seg2,-0.32756760359759296,0.020886026075503376,0.08642072019162494,0.0008830473843867699,0.010850694929372033,0.0005920317266805697
3.8000000000000003,3,seg3,-0.3857034953296243,0.14472743672388938,0.08638162183610752,-0.11065815268724806,0.13164110869901063,0.0005511691369382982
3.8000000000000003,4,seg4,-0.515699231702342,0.1855803963630831,0.0865103305533243,-0.15436959640122588,0.1659838601777611,0.0006781010324040521
3.8000000000000003,5,seg5,-0.6281334173392417,0.11136067756566317,0.08705631063597835,-0.22110083998189467,0.08611092799605863,0.0012223383120121278
3.8000000000000003,6,seg6,-0.6354653596377716,-0.028717823971962566,0.08789659829330321,-0.39594970141952446,-0.05459428488109873,0.0020608880743776675
3.8200000000000003,0,head,-0.4612882742939432,-0.20156112229430628,0.08756517580183736,0.4503368919048772,-0.21766717599296814,0.00020545757978840395
3.8200000000000003,1,seg1,-0.3760650130300668,-0.11193517175946341,0.08631413408196187,0.21849819588984873,-0.12408688513574796,0.000487412222290623
3.8200000000000003,2,seg2,-0.329845083130696,0.01881759082704662,0.08638801256105996,0.0030595065518771282,0.008676215016311262,0.0005593240961155876
3.8200000000000003,3,seg3,-0.38470723919615785,0.14440496935977024,0.08629023851387746,-0.11166862662295554,0.1313664199487088,0.00045978581470823565
3.8200000000000003,4,seg4,-0.5128778740550195,0.19174661990283554,0.08636949221516992,-0.15689429793488532,0.17227736904649876,0.0005372626942496683
3.8200000000000003,5,seg5,-0.6304759574745189,0.12512988440167652,0.08690434332491379,-0.21810565840766022,0.09975304801149518,0.001070371000947562
3.8200000000000003,6,seg6,-0.6496213354571702,-0.013458436217695165,0.0878009401092586,-0.3810835503210675,-0.04002589040763439,0.001965229890333056
3.84,0,head,-0.46091690142502456,-0.20519834031346154,0.08772388817636462,0.4497928395533946,-0.22128259848079482,0.0003641699543156657
3.84,1,seg1,-0.3786696001437473,-0.11491361532949831,0.08642059337216941,0.22095808342010909,-0.1271859097355438,0.0005938715124981647
3.84,2,seg2,-0.3325197707163681,0.016515781588211913,0.08642661512142166,0.005621617096060666,0.006249721865413275,0.0005979266564772878
3.84,3,seg3,-0.38438198912520577,0.14385289254026762,0.0863161849008494,-0.11201978225651765,0.1308304477999026,0.00048573220168017517
3.84,4,seg4,-0.510570845089992,0.1973969194150921,0.08642498129027634,-0.15892980712421834,0.17803106086678885,0.0005927517693560952
3.84,5,seg5,-0.6326034557371111,0.1387880109614223,0.08700912295716437,-0.21533056150507662,0.11329444776043474,0.0011751506331981465
3.84,6,seg6,-0.6635091419777409,0.0035093580904694,0.08796290665846578,-0.36640395919941804,-0.02373826264538591,0.0021271964395402354
3.86,0,head,-0.4611670993078374,-0.20903592742109767,0.08747186146330975,0.44986011779898294,-0.22512774443730693,0.00011214324126079811
3.86,1,seg1,-0.38208268919324995,-0.11776608972398855,0.08629660952086629,0.22423155181160967,-0.13019758563433254,0.0004698876611950453
3.86,2,seg2,-0.3361876124897481,0.013885390626703051,0.08642554654481116,0.009160118808932938,0.0034477537158478897,0.0005968580798667855
3.86,3,seg3,-0.3847446497614005,0.14294098908934916,0.08636020328332436,-0.11170093131560022,0.12990231811160766,0.0005297505841551364
3.86,4,seg4,-0.5084583288701492,0.20310167160258807,0.08639416191761834,-0.16076843249427789,0.18382988652786728,0.0005619323966980921
3.86,5,seg5,-0.6349820829529924,0.1533307806490312,0.08681471311834968,-0.21226251880352623,0.12770753665908333,0.0009807407943834556
3.86,6,seg6,-0.678319710874126,0.021898071791475144,0.08764350997659041,-0.3507350277554845,-0.006075241103230907,0.001807799757664874
3.88,0,head,-0.4609431708960072,-0.2139170260573753,0.08760723717822858,0.4494041448160802,-0.22999265517333792,0.0002475189561796237
3.88,1,seg1,-0.3854238843485622,-0.12141837188527635,0.08633378574603165,0.22739514380315862,-0.1340047414967817,0.0005070638863604038
3.88,2,seg2,-0.3403208666036631,0.011313813969597616,0.08637746811100272,0.01316630455271215,0.0006823836036004297,0.000548779646058345
3.88,3,seg3,-0.38619955968398373,0.1420610414538518,0.08634763960500336,-0.11028954790780071,0.1289541263588667,0.0005171869058341327
3.88,4,seg4,-0.5068133446063832,0.20831546663215667,0.08651872205639313,-0.1621634210120461,0.18911606084140858,0.0006864925354728851
3.88,5,seg5,-0.6367197759627465,0.16789209115389572,0.08707995084068934,-0.20983380167406582,0.1421696483209495,0.0012459785167231174
3.88,6,seg6,-0.6920671292850779,0.04168963945691604,0.08797889846088834,-0.3360612783466137,0.01303964162964833,0.0021431882419628012
3.9,0,head,-0.4612182869946088,-0.21909697707693632,0.08744060157674405,0.44943242806731165,-0.23517982988510397,8.088335469509655e-05
3.9,1,seg1,-0.38894464338613133,-0.12455405385309316,0.08624712189342738,0.23076268193620697,-0.13730442822807984,0.0004204000337561381
3.9,2,seg2,-0.34504079797933856,0.00869264162710125,0.08636494324274159,0.017756142458857174,-0.0021604467875141133,0.0005362547777972154
3.9,3,seg3,-0.38787810809451373,0.14064042739934715,0.08633297468175322,-0.10868051049029852,0.12745523755476917,0.0005025219825839922
3.9,4,seg4,-0.5054063975919507,0.21342374661681496,0.08639510666459659,-0.16332566361197012,0.19428551114502657,0.000562877143676338
3.9,5,seg5,-0.6386706346199637,0.1830779286396,0.08679304230625208,-0.2071624383258065,0.15724543445316236,0.0009590699822858567
3.9,6,seg6,-0.7064575602931413,0.06330728118224481,0.0875897087513181,-0.32065833952920847,0.03394792740665841,0.0017539985323925533
3.92,0,head,-0.4604476115826206,-0.22516407886125822,0.08767163527555505,0.44837388406248924,-0.24120337944012693,0.0003119170535060972
3.92,1,seg1,-0.3919527707432165,-0.12859919319851654,0.08640356189737164,0.2335748869102975,-0.14148814496116588,0.0005768400377003935
3.92,2,seg2,-0.3497446017864183,0.005946454123311247,0.08643541044273928,0.022323921424478445,-0.005127383150141117,0.0006067219777949051
3.92,3,seg3,-0.39026773237872214,0.13930282389421608,0.08636252152717107,-0.10635725234007053,0.1260054241449497,0.0005320688280018443
3.92,4,seg4,-0.5045223055592892,0.2181197258416075,0.08642624581496484,-0.16398526565319205,0.19901824447249183,0.000594016294044597
3.92,5,seg5,-0.6399865260741022,0.19811094105122024,0.08685942094659195,-0.2051325958501887,0.17219878765607885,0.001025448622625727
3.92,6,seg6,-0.7193817763128914,0.08624597322379689,0.08771325503371455,-0.30665708368224626,0.05624554582203386,0.001877544814789009
3.94,0,head,-0.4587503678080837,-0.23181523613165353,0.08763475819362285,0.446362025584399,-0.24776622599705322,0.0002750399715738955
3.94,1,seg1,-0.3948104775115626,-0.13309044911796195,0.08638110678162082,0.23621561042774902,-0.14611031404190383,0.0005543849219495772
3.94,2,seg2,-0.35505559787727975,0.0027057962792502235,0.08643662955769531,0.027474672121959923,-0.008617126692036486,0.0006079410927509327
3.94,3,seg3,-0.39332407188247165,0.13727138787088056,0.08640831052589378,-0.10340105489313924,0.12383083449799731,0.000577857826724551
3.94,4,seg4,-0.5036986686823244,0.22207012020604103,0.08650005476086865,-0.16461996446694166,0.2030033606257923,0.0006678252399484053
3.94,5,seg5,-0.6410120268075776,0.2128458662465087,0.08690969464806986,-0.2034070014371572,0.18686821150934552,0.001075722324103634
3.94,6,seg6,-0.7315311427246979,0.11073714167715278,0.08772669490995906,-0.2933559149287937,0.08013075769467072,0.0018909846910335204
3.96,0,head,-0.4572293012980739,-0.23800357415807655,0.08758978498233312,0.4445481709569328,-0.25387516225858675,0.00023006676028416995
3.96,1,seg1,-0.3980084508591963,-0.13751221509459752,0.0863755935865628,0.23919952208765402,-0.15067926568190546,0.0005488717268915533
3.96,2,seg2,-0.3607425840651837,-0.00065228347411685,0.08646267214777713,0.03299539860456347,-0.012242052985292285,0.0006339836828327533
3.96,3,seg3,-0.39690576681099016,0.1352439873908673,0.08644440420489105,-0.09991990525114401,0.12163527342261352,0.000613951505721827
3.96,4,seg4,-0.5030902222860066,0.22591122078440376,0.08650986655916447,-0.16504491807914604,0.20686906561940596,0.0006776370382442221
3.96,5,seg5,-0.6413084808405008,0.22802228640783717,0.08684078359481796,-0.2023886162700927,0.20201332641673816,0.0010068112708517402
3.96,6,seg6,-0.7425419964998844,0.13655706184512706,0.08757752750413417,-0.28112873159744045,0.10539739906452356,0.0017418172852086272
3.98,0,head,-0.45612527903417405,-0.2437848772615226,0.08753651574395106,0.4431702593784464,-0.2595973725321564,0.00017679752190211118
3.98,1,seg1,-0.4019305700654427,-0.14193973994224315,0.08632438728370416,0.24290648499465153,-0.15528843278112137,0.0004976654240329142
3.98,2,seg2,-0.3672832813990633,-0.004081468452517296,0.08641266990448604,0.03936548488522953,-0.015978633240149455,0.0005839814395416643
3.98,3,seg3,-0.40121655553952845,0.13291432132170505,0.08642857433746733,-0.09572487319641419,0.1191030906659113,0.0005981216382981019
3.98,4,seg4,-0.5028867094621252,0.2292922268462279,0.08653911940495801,-0.16508729349543677,0.2102559260806052,0.0007068898840377619
3.98,5,seg5,-0.6406259822505885,0.2430728591070334,0.08689878342037963,-0.20235406371894868,0.21707932618507936,0.0010648110964134039
3.98,6,seg6,-0.7516008875330549,0.16361495765616713,0.08762929955737248,-0.2707923822231533,0.13199350994713632,0.0017935893384469354
4.0,0,head,-0.4549470321292122,-0.24992581955000348,0.08751336743889328,0.44170109153223425,-0.2656752820246652,0.00015364921684432598
4.0,1,seg1,-0.4058415879401994,-0.14646122683238585,0.08639216897499975,0.24659788736427007,-0.1599909271253815,0.0005654471153285073
4.0,2,seg2,-0.3741316635724322,-0.007536907800920849,0.08654133216582127,0.046041657881647255,-0.019756081267459886,0.0007126437008768971
4.0,3,seg3,-0.4060507559760424,0.13060678852316757,0.08652375157899798,-0.09100596916482342,0.11656810620551748,0.0006932988798287604
4.0,4,seg4,-0.5029343044205177,0.2324792586222507,0.0864901545029639,-0.16488807717025603,0.21343708148033272,0.0006579249820436589
4.0,5,seg5,-0.6395957168366099,0.2579928707506729,0.08661127508224437,-0.20267309751603937,0.2320314635475146,0.0007773027582781422
4.0,6,seg6,-0.7587805419943232,0.19212821423841273,0.08712134284276649,-0.26226387738063683,0.16013276800873694,0.001285632623840946
4.0200000000000005,0,head,-0.4607602457953116,-0.25745566957420035,0.08894980722658626,0.4471493620843599,-0.27347325884564455,0.001590089004537304
4.0200000000000005,1,seg1,-0.406387170130816,-0.15060927740470498,0.08733719208229183,0.24694543982371242,-0.1641602425086383,0.0015104702226205885
4.0200000000000005,2,seg2,-0.375646974751928,-0.008690333206487738,0.08696626663163812,0.04750035891557342,-0.020980315489425506,0.0011375781666937423
4.0200000000000005,3,seg3,-0.4102847330129336,0.1273249884947962,0.0866784130321629,-0.08693297515151067,0.11308852394031849,0.0008479603329936691
4.0200000000000005,4,seg4,-0.5047829865179725,0.23164992031993092,0.08656417118540079,-0.16308095920688848,0.21252070154646532,0.0007319416644805399
4.0200000000000005,5,seg5,-0.6391113826074166,0.2702848154163626,0.08681748048293798,-0.20257189211099286,0.24433253019945908,0.0009835081589717604
4.0200000000000005,6,seg6,-0.769044278109783,0.22287596611673924,0.08760670012072694,-0.2505484427410746,0.19035721367477756,0.001770989901801398
4.04,0,head,-0.4687699018318328,-0.2639319663361288,0.08675266040509282,0.45484172626284386,-0.2803234079614654,-0.0006070578169561358
4.04,1,seg1,-0.4060451092030281,-0.15653541374177737,0.085718498139878,0.24632173337730057,-0.17006338470856747,-0.00010822371979324341
4.04,2,seg2,-0.3735936801666114,-0.011375222462171881,0.08600441253450025,0.04532161331145993,-0.02356444330390742,0.00017572406955587705
4.04,3,seg3,-0.4125408946911551,0.12595433224243713,0.08620832961398915,-0.08474460140555229,0.11161204690773226,0.00037787691481992736
4.04,4,seg4,-0.5068911260647085,0.23089004148777614,0.08635861798835481,-0.16101137211546585,0.21166135443467374,0.0005263884674345659
4.04,5,seg5,-0.6398348248255371,0.2798966852206717,0.08644400814468935,-0.20139182731436106,0.25389907904706804,0.0006100358207231232
4.04,6,seg6,-0.7802271010951509,0.2514469248717005,0.08657301875336179,-0.23801855928810614,0.21836359214017703,0.0007373085344362512
4.0600000000000005,0,head,-0.4744873114572731,-0.2650655783670059,0.08842705061835861,0.46049870723820413,-0.2817278349984389,0.001067332396309656
4.0600000000000005,1,seg1,-0.40531007842600086,-0.16107620977871867,0.0869740523996802,0.24537143264212902,-0.1745640543704071,0.0011473305400089562
4.0600000000000005,2,seg2,-0.37030436516294557,-0.013705665485054704,0.08665665393215535,0.04192511643099498,-0.025735702573590778,0.0008279654672109782
4.0600000000000005,3,seg3,-0.4146077875772627,0.12810848159958924,0.08630511637882507,-0.08257753156272345,0.11366538904957776,0.00047466367965584566
4.0600000000000005,4,seg4,-0.5119792894474362,0.2312406936900412,0.08621177968330664,-0.1559122861663258,0.21176945650069362,0.0003795501623863884
4.0600000000000005,5,seg5,-0.6428474717147771,0.28438356424962624,0.08631330737830906,-0.1981690572482766,0.2582374978604305,0.0004793350543428332
4.0600000000000005,6,seg6,-0.7866658227040356,0.2722296363867901,0.08663402311725599,-0.23059805518356247,0.23881632674238965,0.0007983128983304472
4.08,0,head,-0.4812642761582596,-0.2624637787814493,0.08717309218292286,0.46739181615429837,-0.27945150876788816,-0.00018662603912608655
4.08,1,seg1,-0.406856101437251,-0.16603258854962888,0.08614387787028387,0.24667982284120435,-0.17958839440254318,0.0003171560106126209
4.08,2,seg2,-0.3659976949601367,-0.01855892380030233,0.08629410185004005,0.037392352823086235,-0.030378501145946268,0.0004654133850956754
4.08,3,seg3,-0.41328250729577165,0.12973263604871388,0.08628655309124408,-0.08382401437185559,0.11535077509004604,0.00045610039207485964
4.08,4,seg4,-0.5150668195522672,0.23287126164690275,0.08649722934213677,-0.1527506535724009,0.21325123696697387,0.0006649998212165248
4.08,5,seg5,-0.6480966697647428,0.28570615040944974,0.08677291328475398,-0.19286286340664463,0.2593087687085311,0.0009389409607877541
4.08,6,seg6,-0.7901132273748218,0.2827364939337095,0.08712861881088642,-0.22665452077271447,0.249147212029975,0.0012929085919608785
4.1,0,head,-0.4880926230844404,-0.2589164729454994,0.08808953245782954,0.4743812470378785,-0.2762331930038616,0.0007298142357805848
4.1,1,seg1,-0.4098742463622973,-0.16960634326132207,0.0868047252778451,0.2495244678858711,-0.18330173738380454,0.0009780034181738478
4.1,2,seg2,-0.3629917912859627,-0.022526656956921257,0.08649306346844671,0.03420102520900192,-0.03419868325670599,0.0006643750035023321
4.1,3,seg3,-0.4109268673521245,0.1308795237916678,0.08604535194142668,-0.08612240311932227,0.11660847147783945,0.00021489924225745471
4.1,4,seg4,-0.5179022064495691,0.23577480533857081,0.08601845563395846,-0.1497802957847014,0.21601655059098546,0.00018622611303821535
4.1,5,seg5,-0.6507716924376491,0.284925895636114,0.08636640559033056,-0.19022800525098987,0.2584020899834054,0.0005324332663643322
4.1,6,seg6,-0.7928485291712902,0.28242154918968876,0.08691897320801215,-0.2239373070418003,0.24870244731778057,0.0010832629890866058
4.12,0,head,-0.4993729885258703,-0.2528242643716054,0.08804959363190731,0.4859387672771282,-0.2706847359474771,0.000689875409858362
4.12,1,seg1,-0.4155071945614545,-0.1706486396432939,0.08684116538865205,0.2551014289786325,-0.18461093260543976,0.0010144435289808074
4.12,2,seg2,-0.3605789401322617,-0.025686024785051845,0.08656996303364549,0.03164054935606727,-0.03723964020631747,0.0007412745687011141
4.12,3,seg3,-0.4069413803170772,0.13178338088159414,0.08610654194409352,-0.09006035832640862,0.1177009792950369,0.0002760892449242963
4.12,4,seg4,-0.5188883163981408,0.23784409117989713,0.08604682724074864,-0.14869682300398598,0.21803656134768143,0.00021459771982838827
4.12,5,seg5,-0.6529765105762385,0.28165501090218575,0.08645865070448243,-0.18818135139633724,0.2550299811528071,0.0006246783805162054
4.12,6,seg6,-0.7943833995054258,0.2722545310879849,0.08706095834274366,-0.2228880384920814,0.23847390296715132,0.0012252481238181206
4.14,0,head,-0.5106274439942737,-0.2460252811343352,0.0879194290192576,0.49750404329646836,-0.2644290719911215,0.0005597107972086512
4.14,1,seg1,-0.42075139286161256,-0.1689714193663737,0.08682478157363498,0.26041950626909677,-0.18318519153552815,0.000998059713963731
4.14,2,seg2,-0.3594641328436668,-0.027440492397806104,0.08674020234191769,0.03044350770347522,-0.03893906457261609,0.0009115138769733161
4.14,3,seg3,-0.4040176326912197,0.1322300001948522,0.08638581221630315,-0.09295953777955544,0.11828623777480028,0.0005553595171339243
4.14,4,seg4,-0.518785638374814,0.2379483781266071,0.08635987608874127,-0.14879442151997843,0.21814561671620133,0.000527646567821019
4.14,5,seg5,-0.6548043026584826,0.2763870560414403,0.08677273550726299,-0.18660633974400748,0.24968100829765535,0.0009387631832967619
4.14,6,seg6,-0.7949964145807271,0.2576927746625637,0.08733892721823087,-0.2229687323754261,0.22389947240631922,0.0015032169993053346
4.16,0,head,-0.5218705881697003,-0.2361951487292269,0.0874965548509974,0.5092022774658107,-0.2551451551798394,0.00013683662894845017
4.16,1,seg1,-0.42653730614471164,-0.16539389087766343,0.08642722535534818,0.26636912304258586,-0.17988707649017602,0.0006005034956769323
4.16,2,seg2,-0.35862270139781355,-0.027492912446965882,0.08635017388811828,0.029600534950782572,-0.038951380325263636,0.0005214854231739008
4.16,3,seg3,-0.4003693380051381,0.1324783636330349,0.08596337297543939,-0.09659187857374918,0.1187079472331067,0.00013292027627016811
4.16,4,seg4,-0.5172850399159612,0.23641249030757353,0.08588188301576628,-0.1503664146800647,0.21668288480918435,4.965349484603587e-05
4.16,5,seg5,-0.6560640514132909,0.26843100213268295,0.08624370261610446,-0.18572665815333286,0.24167401628923998,0.0004097302921382412
4.16,6,seg6,-0.7937139726287472,0.239060022709297,0.08680997195708023,-0.22513647988764562,0.20534886666323426,0.0009742617381546942
4.18,0,head,-0.5310110387888775,-0.2261501578180066,0.0874580202150101,0.5188104260841198,-0.2455465531957382,9.830199296115283e-05
4.18,1,seg1,-0.43132858652831635,-0.16098799893800617,0.0865357860728265,0.27136465692221845,-0.17571420065287008,0.0007090642131552527
4.18,2,seg2,-0.35802981511171933,-0.02629706936869352,0.08668642525150705,0.02906523231532382,-0.0377286759846714,0.0008577367865626739
4.18,3,seg3,-0.3974521634192742,0.13294511239546827,0.08652001993296987,-0.09948353444627249,0.11931299953295259,0.0006895672338006475
4.18,4,seg4,-0.5164833653373089,0.23439904451981952,0.0865206669856663,-0.15126300357069689,0.21470987329592928,0.0006884374647460473
4.18,5,seg5,-0.6557614898585585,0.2592237452803276,0.08687945834058546,-0.18646706309578612,0.23249159162247643,0.001045486016619232
4.18,6,seg6,-0.7902417190342993,0.21837614989623358,0.08735128660287295,-0.22958917344805424,0.18485368040821232,0.0015155763839474062
4.2,0,head,-0.5386921491318157,-0.21414801187606278,0.08754645501439551,0.5270540317667839,-0.2339235618141625,0.00018673679234655627
4.2,1,seg1,-0.4357696329666296,-0.15452589021990254,0.08633237425927293,0.27610821194184026,-0.1694707698391218,0.0005056523996016804
4.2,2,seg2,-0.358379269611136,-0.024964131124702745,0.08616996792224905,0.02947772723773153,-0.0364138791378397,0.0003412794573046801
4.2,3,seg3,-0.39558402428594835,0.1326213416350665,0.08587488231486509,-0.10136496547067496,0.1190785029939812,4.44296156958679e-05
4.2,4,seg4,-0.5154304609649465,0.2305581648479482,0.08599779216016254,-0.15249750771642998,0.21092345496388326,0.0001655626392422921
4.2,5,seg5,-0.6548426070785381,0.24787853533493281,0.08663526599112018,-0.18792483907842986,0.22120296799278086,0.0008012936671539517
4.2,6,seg6,-0.784048611409201,0.19589520656385556,0.08748279968598505,-0.2368451631031819,0.16269294916367416,0.0016470894670595065
4.22,0,head,-0.544429746625899,-0.20233491630832448,0.08769505207331173,0.5333473296479223,-0.2223969120982393,0.0003353338512627757
4.22,1,seg1,-0.4392896062707158,-0.14808127424225942,0.08636398501073642,0.2799309050028407,-0.16320097678661727,0.0005372631510651704
4.22,2,seg2,-0.3586770609052413,-0.02367425143825041,0.08617055616441727,0.02983656827811403,-0.035139633334196806,0.00034186769947289197
4.22,3,seg3,-0.3943501570861959,0.13222070004783534,0.08600892969504349,-0.10261650165312891,0.11873703684354785,0.0001784769958742688
4.22,4,seg4,-0.5145683366201242,0.22608821676775076,0.0863845639422086,-0.15357138625477637,0.20649960154062688,0.000552334421288353
4.22,5,seg5,-0.6546061473028075,0.2357956019403696,0.08724721560728567,-0.18873607460906833,0.20914497937291976,0.0014132432833194458
4.22,6,seg6,-0.7767391215814258,0.1741973031401635,0.08830777497209825,-0.24517900401041073,0.14136750074502802,0.0024720647531727147
4.24,0,head,-0.5485231942140559,-0.19158131376149704,0.08770183168603359,0.5379479178762292,-0.21185030748610523,0.0003421134639846335
4.24,1,seg1,-0.44211659422866323,-0.1418060684310224,0.08670224655160712,0.28305333548150147,-0.15706742179842653,0.0008755246919358722
4.24,2,seg2,-0.3592449730345039,-0.021976049389875473,0.08672341054450947,0.0304846567083113,-0.03347038327195461,0.0008947220795650912
4.24,3,seg3,-0.39358393935006963,0.13184826929117638,0.08634984735340286,-0.10339957567859609,0.11840149346596632,0.000519394654233632
4.24,4,seg4,-0.5133734286741891,0.22102159837425256,0.08630736888448695,-0.15500606768721295,0.20149559153544458,0.00047513936356670394
4.24,5,seg5,-0.6536760921663314,0.22254130267437763,0.0867123863282246,-0.1902958665180309,0.19594996134375164,0.0008784140042583793
4.24,6,seg6,-0.7684434078426186,0.1510024830716742,0.08747206375411523,-0.25456919168152986,0.11859376763112929,0.0016363535351896913
4.26,0,head,-0.5513151971496975,-0.1825671893971099,0.08741475852763231,0.5411657519371144,-0.20297927246162878,5.5040305583356486e-05
4.26,1,seg1,-0.4432179556101604,-0.1365810546889874,0.08632359657569824,0.2844021146043421,-0.15190074391269937,0.000496874716026996
4.26,2,seg2,-0.35820645652686484,-0.01924023220238726,0.08628343780891497,0.029577518321049098,-0.030688241620968535,0.0004547493439705924
4.26,3,seg3,-0.3915932655720426,0.1315915820518357,0.08601328495682034,-0.10540020990360907,0.11823983602990201,0.00018283225765111655
4.26,4,seg4,-0.5129381581860405,0.216428834784983,0.08612227250572949,-0.15565942100412564,0.1969287471951969,0.0002900429848092384
4.26,5,seg5,-0.6521118726535797,0.21006476527534304,0.08669907381959369,-0.19245208944917355,0.18356200465893924,0.0008651014956274627
4.26,6,seg6,-0.760298121070056,0.12855035582707444,0.0875781422689687,-0.2637737770474284,0.09655472675696555,0.0017424320500431661
4.28,0,head,-0.5523985019983978,-0.17648199462928663,0.08769829441104753,0.5425374322046704,-0.19695252889639092,0.0003385761889985739
4.28,1,seg1,-0.44218184738843713,-0.13249991554772195,0.08664506447063408,0.2835614075264845,-0.1477749193228156,0.0008183426109628356
4.28,2,seg2,-0.3564461064275122,-0.017068448637568383,0.08661252461768465,0.02792252111227219,-0.02843514140943736,0.0007838361527402748
4.28,3,seg3,-0.3901129157283302,0.13152701751454926,0.08626089786989323,-0.1068819550608382,0.11824579656986109,0.0004304451707240059
4.28,4,seg4,-0.5131241574932552,0.2118679050251868,0.0862492729116315,-0.15569069347786615,0.1923641335151123,0.00041704339071124696
4.28,5,seg5,-0.6515604815576284,0.19716987606458214,0.08674684649732249,-0.19361654155967573,0.1707079682819576,0.0009128741733562679
4.28,6,seg6,-0.7515300493422505,0.10691590256267675,0.0876332690492774,-0.273561527435379,0.0753620725529323,0.0017975588303518614
4.3,0,head,-0.5518915547439065,-0.1716377755942634,0.08732554509718082,0.5422616025339042,-0.19208967257826612,-3.417312486812818e-05
4.3,1,seg1,-0.43965548311625735,-0.1289734543481021,0.08625830696333582,0.2812057351274795,-0.14413222079345744,0.00043158510366457514
4.3,2,seg2,-0.35384973077271603,-0.014897139697961609,0.08630981291980411,0.02543242307106779,-0.026142727660498914,0.00048112445485973265
4.3,3,seg3,-0.3885611356660222,0.1315863896452941,0.08611602789301716,-0.10842915117890463,0.11837895280760892,0.00028557519384793395
4.3,4,seg4,-0.5139254311419768,0.20747580568540933,0.08620626847459564,-0.15509935390952112,0.18793887718521018,0.00037403895367539575
4.3,5,seg5,-0.650993447327648,0.1843758491873865,0.08674123781167649,-0.19479181889932906,0.15795542442878058,0.0009072654877102654
4.3,6,seg6,-0.742369819753769,0.0858507537500048,0.08759959761054391,-0.28371389733032754,0.0547567410553716,0.0017638873916183684
4.32,0,head,-0.5505431892809347,-0.16863609843383065,0.08741665674775552,0.5410576189328123,-0.18902722605870245,5.693852570656799e-05
4.32,1,seg1,-0.43699681767649706,-0.12687040432318158,0.08637274439312108,0.2786501693454852,-0.1419050241562348,0.0005460225334498331
4.32,2,seg2,-0.35128415976879523,-0.013228137576860772,0.08643079765916338,0.022949189291954816,-0.0243535175963028,0.0006021091942190054
4.32,3,seg3,-0.38742916752120793,0.13159883990907567,0.08620267207297926,-0.10955924415089077,0.11844526091016526,0.00037221937381003156
4.32,4,seg4,-0.5144555136650516,0.20306860424670237,0.08623540871546202,-0.15477961690673908,0.18351144223350838,0.0004031791945417751
4.32,5,seg5,-0.6505432881167703,0.1715351781728636,0.08671749800649965,-0.19585257351213406,0.1451507270458016,0.0008835256825334287
4.32,6,seg6,-0.732817482308773,0.06566545020703321,0.0875843263897757,-0.2942160577131538,0.035048918824792746,0.0017486161708501619
4.34,0,head,-0.5484324990814842,-0.16612065246697305,0.08718534500968708,0.5390690339728241,-0.18641417967822851,-0.00017437321236186965
4.34,1,seg1,-0.43376920082147985,-0.12490237878325715,0.08621405257912441,0.27551987083026724,-0.1397856218129135,0.0003873307194531689
4.34,2,seg2,-0.34851836094568145,-0.011835163757394278,0.08640500798515381,0.020252818001591393,-0.0228304939408066,0.0005763195202094368
4.34,3,seg3,-0.38639106526707767,0.1313405993481373,0.08628204715205755,-0.11060846014755212,0.11823671770222428,0.00045159445288832367
4.34,4,seg4,-0.5156332768198819,0.19833873978587627,0.08630682934740433,-0.1538282891515475,0.1787308858465857,0.0004745998264840817
4.34,5,seg5,-0.649998757041948,0.1586419555043292,0.08669923803193332,-0.1970100940616094,0.1322980288446718,0.0008652657079670917
4.34,6,seg6,-0.7227140192081922,0.04617473184618139,0.08746291364346223,-0.3052356629843908,0.01606112357348453,0.0016272034245366912
4.36,0,head,-0.5458865526229247,-0.16404014757118915,0.08714445846185392,0.5366249864945222,-0.18421486707785248,-0.00021525976019502735
4.36,1,seg1,-0.43099965414460606,-0.1232683620900577,0.08609513467508689,0.27283122750018857,-0.13802165004678976,0.0002684128154156473
4.36,2,seg2,-0.34618248318215933,-0.009922040774992348,0.08621049085056064,0.018010635247606942,-0.020808371054106014,0.0003818023856162617
4.36,3,seg3,-0.3854930672810581,0.1309784860911849,0.08612270965582912,-0.11152267407681718,0.11791775173976139,0.0002922569566598948
4.36,4,seg4,-0.5169958493554687,0.1933626802139581,0.08621980233703856,-0.15270407819492035,0.1736956179785759,0.0003875728161183145
4.36,5,seg5,-0.6492241273956968,0.1455774879422872,0.08670055928247301,-0.19840560223878032,0.1192852305024278,0.0008665869585067904
4.36,6,seg6,-0.7120392294952514,0.027452165349986325,0.0875328091382476,-0.31678939006959744,-0.002132199983576447,0.001697098919322057
4.38,0,head,-0.5433992080282675,-0.16220430371230657,0.08714353835331706,0.5342278307168644,-0.1822627272305062,-0.00021617986873188888
4.38,1,seg1,-0.4293314989087396,-0.1219551463576148,0.08619335687232943,0.27122746024443833,-0.1366305324960779,0.0003666350126581841
4.38,2,seg2,-0.34505945429876594,-0.008359266975143984,0.08636471825719966,0.016963253472063868,-0.0191939215384812,0.0005360297922552826
4.38,3,seg3,-0.3855898675401599,0.13030292638963592,0.0862785634030089,-0.11145813433384148,0.11723835066374474,0.00044811070383968254
4.38,4,seg4,-0.5181070178197348,0.18811071830578271,0.08629855010993775,-0.15184411701834677,0.16839672507388545,0.0004663205890175076
4.38,5,seg5,-0.6479633651351738,0.1325625020562241,0.08668148706950383,-0.20028433728510286,0.1063449934985048,0.0008475147455376114
4.38,6,seg6,-0.7009999751910803,0.009606822404192798,0.0874776647150172,-0.3286654204716162,-0.019431948603887177,0.0016419544960916549
4.4,0,head,-0.541131152142994,-0.16070126201552726,0.08704966487957015,0.5320338766496858,-0.18065344869916813,-0.0003100533424787999
4.4,1,seg1,-0.4269556048154895,-0.11994714455738442,0.08613624286945964,0.2689498219193009,-0.13451173386685958,0.00030952100978839936
4.4,2,seg2,-0.34407902180346706,-0.006837706106000985,0.08636836647779375,0.016056345125868753,-0.01762742461610955,0.0005396780128493761
4.4,3,seg3,-0.3861641408040302,0.12946382854602104,0.08631839543863488,-0.1109244456255604,0.11637287314505401,0.00048794273946566047
4.4,4,seg4,-0.519346208830808,0.18254165561240682,0.08632570840188476,-0.15087136962855657,0.16277499792291517,0.0004934788809645152
4.4,5,seg5,-0.6461437579423588,0.11964421638000486,0.08666179913419686,-0.2027166819313221,0.09352794334370948,0.0008278268102306363
4.4,6,seg6,-0.6893388657173531,-0.007326394418379397,0.08743178160548974,-0.34111919205403507,-0.03579100968575708,0.0015960713865642018
4.42,0,head,-0.5391804326601531,-0.15957014698515146,0.08700654372083659,0.5301391988971084,-0.1794307778824391,-0.00035317450121236105
4.42,1,seg1,-0.4248926955120893,-0.11797657518563041,0.08612688990549501,0.2669830322754071,-0.1324452206346156,0.0003001680458237649
4.42,2,seg2,-0.34361150516474415,-0.0051433213240343854,0.0863989837321599,0.01566999637642264,-0.015912709992448475,0.0005702952672155259
4.42,3,seg3,-0.38709664141440536,0.12841221545573417,0.08636028688255101,-0.11004304938035059,0.11527807264321828,0.0005298341833817888
4.42,4,seg4,-0.5206375408496418,0.17673035327535364,0.08633655793454603,-0.14985806883589778,0.15690882414960314,0.0005043284136257847
4.42,5,seg5,-0.6438233647433703,0.10691151039508527,0.08663662304636913,-0.20564041313985695,0.08092009570359077,0.0008026507224029034
4.42,6,seg6,-0.6770959095198151,-0.02327302221401503,0.08740921872390074,-0.3541071979115068,-0.05113690875817998,0.0015735085049752018
4.44,0,head,-0.5375911441329397,-0.15871373270511102,0.08699940914143421,0.5285924691654867,-0.17849969755358025,-0.0003603090806147402
4.44,1,seg1,-0.42308067108388414,-0.11592162487629577,0.08610229224994662,0.2652708590326663,-0.13030636203979823,0.00027557039027537034
4.44,2,seg2,-0.3436511431472556,-0.00355757638820825,0.08638149987303226,0.015785057262777107,-0.014330648311101845,0.0005528114080878832
4.44,3,seg3,-0.3882835980805917,0.12702792755807793,0.08636871888818654,-0.10892331786580785,0.11383886437262615,0.0005382661890173113
4.44,4,seg4,-0.5217903759434357,0.17084463938369607,0.08636621694358593,-0.1489866493855679,0.15097491440061245,0.0005339874226656799
4.44,5,seg5,-0.6411490117114859,0.09475516414873549,0.0866861304386078,-0.20889027333931318,0.06890480016481774,0.0008521581146415796
4.44,6,seg6,-0.6647688078454264,-0.03814748580632747,0.0874793134465749,-0.36712822810636064,-0.06540785390912615,0.001643603227649365
4.46,0,head,-0.5364073635557536,-0.15808216721024093,0.08700197763029766,0.5274400870297309,-0.17781250992109,-0.000357740591751296
4.46,1,seg1,-0.4214236690122812,-0.11373377328209683,0.08611185225672392,0.2637198574466653,-0.12804213048287758,0.00028513039705267695
4.46,2,seg2,-0.3440100033548946,-0.0021289866949732346,0.08642012613722362,0.016211499421857258,-0.012920756029685237,0.0005914376722792464
4.46,3,seg3,-0.3896171015871666,0.12552345212864352,0.08641009581204122,-0.1076629254575906,0.1122726303872727,0.0005796431128719942
4.46,4,seg4,-0.5226819014363615,0.16515582555942132,0.08638943398620567,-0.14836687269345925,0.1452501176982426,0.0005572044652854269
4.46,5,seg5,-0.6382469975861945,0.08323671148272853,0.08669877379596712,-0.21233717841934963,0.05753751011083719,0.0008648014720008951
4.46,6,seg6,-0.6525661936218121,-0.05172729346049339,0.08751661099110611,-0.3799632974228992,-0.07839153464461038,0.0016809007721805685
4.48,0,head,-0.5355275900522304,-0.15766472196794726,0.08701868241420357,0.5265811772112619,-0.17735366804042085,-0.00034103580784537735
4.48,1,seg1,-0.4198631553678956,-0.11148726463682528,0.08611452928552782,0.2622680265266835,-0.12572390035905176,0.00028780742585657326
4.48,2,seg2,-0.34451318784903945,-0.0009516650695316799,0.08643780084885999,0.016770144133192135,-0.011768715695599083,0.0006091123839156165
4.48,3,seg3,-0.390961913969158,0.12401912306250044,0.08641511829411425,-0.10639123002255248,0.1107060043941754,0.0005846655949450219
4.48,4,seg4,-0.5233106756412828,0.15993929029170473,0.08638491345837189,-0.1479870731658748,0.14000956910875353,0.0005526839374516423
4.48,5,seg5,-0.635288465300709,0.0727367847877502,0.08670424867051002,-0.21579206454342573,0.047190281701574514,0.0008702763465437968
4.48,6,seg6,-0.6408761267406995,-0.06377109120617365,0.08756626524294446,-0.3922132993121225,-0.08986533878819965,0.0017305550240189205
4.5,0,head,-0.5348118846987093,-0.1576066021910904,0.08700466916151317,0.5258690488339206,-0.17726155270159502,-0.0003550490605357809
4.5,1,seg1,-0.41878905409508377,-0.11041578852559772,0.0859577007621213,0.2612461353774645,-0.12460252036985284,0.00013097890245004906
4.5,2,seg2,-0.3445110516911035,0.0001327801487852609,0.08617413164287017,0.01681962065960269,-0.010685397613024054,0.0003454431779257999
4.5,3,seg3,-0.3925242556754061,0.12403555496084598,0.08614991308766003,-0.10482987660837022,0.11064806364762278,0.0003194603884908026
4.5,4,seg4,-0.5237454220469172,0.15673317618423083,0.0862719001081953,-0.1477054028289353,0.1367863977002528,0.00043967058727505115
4.5,5,seg5,-0.6327085172010024,0.06396753152419729,0.08672298629670162,-0.21878643029239975,0.03855374832535399,0.0008890139727354002
4.5,6,seg6,-0.6299258178058715,-0.07388340639552109,0.08762821502127888,-0.4036324595293211,-0.09944505507730497,0.0017925048023533369
4.5200000000000005,0,head,-0.5345030829662787,-0.15790117597268788,0.08699212959670213,0.5255465778305866,-0.17754109639184182,-0.000367588625346818
4.5200000000000005,1,seg1,-0.41846066168441964,-0.11023246138357926,0.0859176165014323,0.2609268398673334,-0.12440377230425495,9.08946417610551e-05
4.5200000000000005,2,seg2,-0.34451002827464966,0.0009715567893925567,0.08610773721270124,0.01685851695561118,-0.009847522694933277,0.0002790487477568604
4.5200000000000005,3,seg3,-0.39378389756572957,0.12465298879197514,0.08607895911772805,-0.10354227749504032,0.11120484973838912,0.00024850641855882205
4.5200000000000005,4,seg4,-0.5238060524956838,0.15525024951256639,0.08625873068190071,-0.1477154156345182,0.13530226586359864,0.00042650116098046087
4.5200000000000005,5,seg5,-0.6304367636016927,0.0579463824895526,0.08671792375696799,-0.22134216463833908,0.032647537859576456,0.0008839514330017673
4.5200000000000005,6,seg6,-0.6203738141536705,-0.08138282116075754,0.0875970966481382,-0.4135305473175867,-0.10648137895556632,0.0017613864292126552
4.54,0,head,-0.5346375024862879,-0.15855362300235892,0.08702497994455782,0.525649794171974,-0.1781992013384514,-0.0003347382774911284
4.54,1,seg1,-0.41832919435562665,-0.11025628100888321,0.08593905492931757,0.2607943878965629,-0.12442130822529472,0.00011233306964632261
4.54,2,seg2,-0.34448870962082295,0.0014897823310298722,0.08611333969274129,0.016861885536151502,-0.009328869776623961,0.0002846512277969171
4.54,3,seg3,-0.39436489107590356,0.1251889917655927,0.08606409500949729,-0.10293643318516502,0.11171259506702512,0.00023364231032806104
4.54,4,seg4,-0.5243449541025075,0.1545636571277251,0.08624289056502835,-0.14720980055524951,0.13459080438443544,0.0004106610441080988
4.54,5,seg5,-0.6287282513310676,0.05521582829161825,0.0867146915496652,-0.22317869186338185,0.030001388174055857,0.0008807192256989754
4.54,6,seg6,-0.6129781115508205,-0.08531713317244075,0.08757803298737248,-0.421105109164851,-0.11005926112404589,0.0017423227684469356
4.5600000000000005,0,head,-0.5351100227517016,-0.15960876783590322,0.08712554226045625,0.5260715632011498,-0.1792756384740852,-0.0002341759615926975
4.5600000000000005,1,seg1,-0.41816069094432967,-0.1102044297727013,0.08599593047257163,0.2606285430914154,-0.12436149642951429,0.00016920861290038725
4.5600000000000005,2,seg2,-0.34455992631674653,0.0018527935405312189,0.0861336592687111,0.016950297746437307,-0.008969659201787758,0.0003049708037667215
4.5600000000000005,3,seg3,-0.39470743565806476,0.12563325286354887,0.08605085932174629,-0.10257313373792173,0.11214005059166834,0.00022040662257706567
4.5600000000000005,4,seg4,-0.524944575640272,0.15442512960903143,0.08622859347572412,-0.14661745117446282,0.13442389700585272,0.00039636395480387165
4.5600000000000005,5,seg5,-0.6272912366254427,0.05501823397353868,0.08675846278088668,-0.2246234820593391,0.029872407291138325,0.0009244904569204598
4.5600000000000005,6,seg6,-0.6079749200840407,-0.08525259312567568,0.08765167646501563,-0.42609955990128123,-0.10975668533284003,0.001815966246090095
4.58,0,head,-0.5357130313873343,-0.16107953550080148,0.0872949424135051,0.5266038926710024,-0.18077343761756856,-6.477580854384601e-05
4.58,1,seg1,-0.418049197068202,-0.11018793840242902,0.08608918297896506,0.26051796039776776,-0.1243397175964048,0.00026246111929381644
4.58,2,seg2,-0.34477854256582063,0.0021595883681763614,0.08618108922963116,0.01718326707338728,-0.008673616260095884,0.0003524007646867888
4.58,3,seg3,-0.3948632974638157,0.12604746563945018,0.08608820614107232,-0.10239773557613185,0.11254637633666996,0.0002577534419030969
4.58,4,seg4,-0.5253041314771889,0.154947246979569,0.08629673794000814,-0.14623345445928684,0.1349283109937651,0.00046450841908789176
4.58,5,seg5,-0.6260910147836327,0.0569460984460043,0.086911317000803,-0.22573059414953037,0.03185520751135287,0.001077344676836775
4.58,6,seg6,-0.6051102686112103,-0.08210425166176633,0.08783729989772052,-0.4288111314302262,-0.10647557852622415,0.0020015896787949766
4.6000000000000005,0,head,-0.536290509883179,-0.16307064296557489,0.08734614995826012,0.5270859572311534,-0.18278977194233115,-1.3568263788829582e-05
4.6000000000000005,1,seg1,-0.4181690502220476,-0.11042733168354577,0.08612122671482485,0.2606262846836083,-0.12458454359711824,0.0002945048551536017
4.6000000000000005,2,seg2,-0.34518893811565904,0.002547376895852972,0.08623549977689526,0.017611652996960978,-0.008305798438350956,0.0004068113119508887
4.6000000000000005,3,seg3,-0.39472821412730386,0.12663641495485708,0.0861818639849859,-0.10250463692682553,0.11314108711102748,0.0003514112858166718
4.6000000000000005,4,seg4,-0.5251173767850607,0.15661048486741178,0.08639924942650051,-0.1463408417212687,0.13659855216273947,0.0005670199055802655
4.6000000000000005,5,seg5,-0.6253502701587911,0.06100450211490641,0.087020023533194,-0.2262773543236311,0.035944265624274906,0.0011860512092277814
4.6000000000000005,6,seg6,-0.6042312105117964,-0.07732663356169023,0.08791405674990264,-0.42946181993401955,-0.10166153840142918,0.0020783465309771043
4.62,0,head,-0.5369079932880776,-0.16508272957463604,0.08733385802598069,0.5276069829434893,-0.1848289655291923,-2.58601960682614e-05
4.62,1,seg1,-0.41841638988633756,-0.11061996447643804,0.0861475667938582,0.2608641764203206,-0.12478872935574124,0.0003208449341869507
4.62,2,seg2,-0.34560247325971716,0.002610229638844653,0.08629796957784304,0.018027710809033707,-0.008262697630153729,0.0004692811128986646
4.62,3,seg3,-0.3941816910883561,0.12734115128761891,0.08620230326907363,-0.1030170013064333,0.11387103469358452,0.00037185056990440835
4.62,4,seg4,-0.5242270419540408,0.1594074947708585,0.08633249178569535,-0.14709705409154583,0.13943476501832483,0.0005002622647751059
4.62,5,seg5,-0.6250521236681078,0.06685491854423882,0.08691996979837575,-0.22629673348485096,0.04180224208159581,0.0010859974744095308
4.62,6,seg6,-0.6051965685884794,-0.07167660538963577,0.08783579441979596,-0.42822866297810036,-0.09606385508747883,0.0020000842008704167
4.64,0,head,-0.5373660363416511,-0.16702699875989466,0.08734077975267251,0.5279719764943694,-0.18679283054783274,-1.8938469376436617e-05
4.64,1,seg1,-0.41890205223766536,-0.11104228580701125,0.08616201068786929,0.26132918959905055,-0.1252336854988948,0.00033528882819804096
4.64,2,seg2,-0.3460101643519289,0.0025244891935180154,0.0863359378778554,0.018430859433684745,-0.00836774351087221,0.0005072494129110261
4.64,3,seg3,-0.39324146343366745,0.12794149430275487,0.08624637996765232,-0.10392759241403277,0.11451544420089393,0.00041592726848309336
4.64,4,seg4,-0.52266988174687,0.16257754828986135,0.0863530119380971,-0.1485015825826103,0.14267533394083257,0.000520782417176846
4.64,5,seg5,-0.6247145031746887,0.07347071067449623,0.08692643632233674,-0.22631911662082393,0.04842660560599998,0.0010924639983705131
4.64,6,seg6,-0.607437673675676,-0.06521581158123392,0.08783061225471682,-0.4256826191067152,-0.08971703940942054,0.0019949020357912794
4.66,0,head,-0.5376058928881483,-0.168897627861431,0.0873731798287174,0.5281225354025769,-0.18867275512439163,1.3461606668443982e-05
4.66,1,seg1,-0.41957797061734264,-0.11165696323390852,0.08620599535773323,0.26197508872911607,-0.12587983432760316,0.00037927349806197996
4.66,2,seg2,-0.3463338848512978,0.0022217206224694266,0.08638630045204017,0.018739803941752616,-0.008685575322129145,0.0005576119870957935
4.66,3,seg3,-0.39176797355486975,0.12855960981206316,0.08627881930100371,-0.10536999568175338,0.11520298475880146,0.0004483666018344906
4.66,4,seg4,-0.5204489083167804,0.16642975151259573,0.0863468332035738,-0.15053670766351637,0.1466288714138682,0.0005146036826535472
4.66,5,seg5,-0.6245459735673413,0.0810018664116585,0.08690458015774004,-0.2261290370361392,0.055957248255689804,0.001070607833773815
4.66,6,seg6,-0.6109156981653597,-0.05832590953467804,0.08781359017181097,-0.4218806355409211,-0.08300046844451998,0.001977879952885425
4.68,0,head,-0.5375063112123838,-0.17080889699148505,0.08739322501433965,0.5279321065944841,-0.1905771193402634,3.3506792290693976e-05
4.68,1,seg1,-0.42020873844072815,-0.11235453810680263,0.08617986169724445,0.2625719432582204,-0.12660663789208487,0.00035313983757320755
4.68,2,seg2,-0.34656439333810357,0.00162610103826126,0.08634480733747542,0.018941704867883453,-0.009291490223414472,0.0005161188725310434
4.68,3,seg3,-0.38989334962332606,0.12897784728954423,0.08626687692230409,-0.10722259094710489,0.11570996429948004,0.0004364242231348625
4.68,4,seg4,-0.5177325618346247,0.17054219281024918,0.08637643753337752,-0.15305425938927902,0.1508659275787962,0.0005442080124572757
4.68,5,seg5,-0.624394198573865,0.08928497036402258,0.08696295603686076,-0.22588643555577004,0.06423818970312918,0.0011289837128945351
4.68,6,seg6,-0.6155424325390738,-0.050818558388546355,0.0878443828443464,-0.41690185844298905,-0.07572181672846237,0.002008672625420857
4.7,0,head,-0.5373273134538707,-0.17266907928698477,0.08734929015452875,0.5276647829848755,-0.19242667508632488,-1.0428067520204531e-05
4.7,1,seg1,-0.42102693960686943,-0.11318871412546994,0.08621305584482583,0.2633495177075214,-0.1274788080326515,0.0003863339851545855
4.7,2,seg2,-0.34679893811984386,0.0009636715806351816,0.08643734137704488,0.01914445794010553,-0.009964331387929872,0.0006086529121005074
4.7,3,seg3,-0.38771667836091256,0.1294667336677149,0.08635151835421344,-0.10937352900974802,0.11630188754238306,0.0005210656550442144
4.7,4,seg4,-0.5144478267618764,0.1752525865875861,0.08637869850189937,-0.1561110982629987,0.15572730908349403,0.0005464689809791257
4.7,5,seg5,-0.624316193048201,0.09853616339273943,0.08687565000128503,-0.22552407548430864,0.07348261248095041,0.001041677677318803
4.7,6,seg6,-0.6214411449212017,-0.04236961500551373,0.0877269474663786,-0.4106077329401899,-0.0675631749169275,0.001891237247453062
4.72,0,head,-0.5368672573688271,-0.17458312371214757,0.0874731782528841,0.5271141561454261,-0.19431665597155964,0.00011346003083514966
4.72,1,seg1,-0.42186862423595867,-0.11406186195864738,0.08622903725225871,0.264148694287233,-0.1283910234391041,0.00040231539258746285
4.72,2,seg2,-0.34715811559514237,6.322186119601947e-05,0.08638211766831719,0.019460374766032053,-0.010880854554616412,0.0005534292033728128
4.72,3,seg3,-0.38553265524263913,0.1297182064313304,0.08632576474122511,-0.1115431094435575,0.11665701607217362,0.0004953120420558843
4.72,4,seg4,-0.5107409868795231,0.17995885256763922,0.08645872945719399,-0.15958976010168668,0.16060465602609209,0.0006264999362737417
4.72,5,seg5,-0.6238657098233477,0.10839928412302971,0.08705024110891649,-0.22550464855815594,0.08335599631175773,0.001216268784950264
4.72,6,seg6,-0.6280479351000485,-0.03247295787880733,0.08790379522147425,-0.403537433251789,-0.05799215819645426,0.0020680850025487085
4.74,0,head,-0.5363568525894828,-0.17666329892073881,0.08748056282931878,0.5265053312662057,-0.1963701832306063,0.0001208446072698266
4.74,1,seg1,-0.42295556943980994,-0.11520928075588256,0.08623623959449533,0.2651798005952873,-0.12958887132333222,0.0004095177348240886
4.74,2,seg2,-0.3476190827303107,-0.000940636435805723,0.08639115998002331,0.019873044553925363,-0.011905513437507882,0.0005624715150789328
4.74,3,seg3,-0.3831012163690757,0.12993909944473728,0.08635228777046776,-0.11396128061580504,0.11699337436369675,0.0005218350712985348
4.74,4,seg4,-0.5065805834167485,0.1851551081487254,0.08649399418509023,-0.16349815229213813,0.16599302308116076,0.0006617646641699781
4.74,5,seg5,-0.6233379313631472,0.11937694602918726,0.08707500392429961,-0.2255093867106164,0.09434633700613784,0.0012410316003333838
4.74,6,seg6,-0.6356618243376246,-0.021102885822278438,0.0879094080334942,-0.39539105378516115,-0.046997325343074166,0.002073697814568662
4.76,0,head,-0.536011911168936,-0.17884617482735218,0.08742630534774799,0.5260568945873857,-0.19853416944876234,6.658712569904135e-05
4.76,1,seg1,-0.42444094789134146,-0.11655844470146196,0.08625548316045627,0.2665992873476668,-0.13100719775114955,0.0004287613007850216
4.76,2,seg2,-0.3483964747406798,-0.002085408381435453,0.08645951574915293,0.02059507439449008,-0.013085985400126881,0.0006308272842085599
4.76,3,seg3,-0.3806882646298029,0.1300447873570407,0.08642270616291495,-0.11636646837356858,0.11721377826589904,0.0005922534637457233
4.76,4,seg4,-0.5020175120155093,0.19064893260934326,0.0865023578416498,-0.16779459443400274,0.17169778536678781,0.0006701283207295461
4.76,5,seg5,-0.6225316317096256,0.13144942417372424,0.08699704828125453,-0.2257402266253427,0.10644350860179921,0.0011630759572883037
4.76,6,seg6,-0.6440578936868279,-0.007962611628240985,0.08779617888941517,-0.38637913411083497,-0.034271521235316287,0.001960468670489629
4.78,0,head,-0.5359560928795447,-0.18100894396936903,0.08739451550878971,0.5258982103396911,-0.20069183145950945,3.4797286740759215e-05
4.78,1,seg1,-0.4263540024022835,-0.11783116949757055,0.08628514636837208,0.2684496034002983,-0.13236952534514657,0.0004584245087008304
4.78,2,seg2,-0.3497130257484954,-0.0034847508747430887,0.08651618015173984,0.021843536936429073,-0.014546398783689782,0.0006874916867954661
4.78,3,seg3,-0.37849738675557404,0.12985213891890537,0.08644169562712765,-0.11856403214493234,0.11712561506066296,0.0006112429279584303
4.78,4,seg4,-0.49718069061344783,0.19622867988288073,0.08643211110219408,-0.17236038720033886,0.17750140125031555,0.0005998815812738312
4.78,5,seg5,-0.6213793860295378,0.1445204132956236,0.08684293843153729,-0.22626910003764428,0.1195545238044879,0.0010089661075710632
4.78,6,seg6,-0.6530970183619342,0.00722686092801391,0.08763975161501497,-0.37662736355015586,-0.019529444639567562,0.0018040413960894314
4.8,0,head,-0.535944494583353,-0.18351001855023444,0.08746602475214836,0.5257675955502271,-0.20318952006225635,0.00010630653009940927
4.8,1,seg1,-0.42869107138290086,-0.11941277292153381,0.08622556649981944,0.27070875350079787,-0.13406056101406663,0.00039884464014819376
4.8,2,seg2,-0.3515146123132098,-0.0047819943092583216,0.08635764304589423,0.023581344472292282,-0.01592791231834102,0.0005289545809498558
4.8,3,seg3,-0.37670110075128355,0.1294294408235859,0.08634534793436949,-0.12037839954814053,0.11678888369172823,0.0005148952352002634
4.8,4,seg4,-0.4924409474220903,0.2014990080513008,0.08650027657530776,-0.17684393744425128,0.1829913285476489,0.0006680470543875133
4.8,5,seg5,-0.6199119341139622,0.1577563822975948,0.08706129018889704,-0.22710497089816487,0.13284533305183177,0.001227317864930813
4.8,6,seg6,-0.6621657868807256,0.024298546119848056,0.0878963218178785,-0.36675640560521333,-0.0029086989589526646,0.0020606115989529605
4.82,0,head,-0.5363798281368056,-0.1863975759615434,0.08753160009294318,0.5260650129281474,-0.20609452367836711,0.00017188187089423046
4.82,1,seg1,-0.4317148394166939,-0.12135449060352367,0.08632210965659234,0.27363668620619386,-0.1361439838588667,0.0004953877969210985
4.82,2,seg2,-0.3539884558335878,-0.00630182128118836,0.08644318177746783,0.025980054159304655,-0.01756375082643728,0.0006144933125234592
4.82,3,seg3,-0.3754676343660365,0.1291200790652026,0.0863961233613367,-0.12162519123560608,0.11653857486450071,0.0005656706621674779
4.82,4,seg4,-0.487566051376476,0.2072022359935535,0.08649929474158416,-0.18144188509364936,0.18892009720790578,0.0006670652206639122
4.82,5,seg5,-0.6180924022469366,0.17235023796997986,0.08701267424587339,-0.22822789903912877,0.1475092463082068,0.001178701921907166
4.82,6,seg6,-0.6714691165060163,0.04311459239501696,0.08785567430281303,-0.3565681357555942,0.015443268156628076,0.0020199640838874933
4.84,0,head,-0.537370482082013,-0.18963597804783883,0.08750239630673495,0.5269004242687746,-0.20937640289665485,0.00014267808468600152
4.84,1,seg1,-0.4350987631447511,-0.1233022584149597,0.08625136809097424,0.27692407857478024,-0.13825059029056627,0.0004246462313029914
4.84,2,seg2,-0.3571827750015879,-0.00830154487430846,0.08633000713630501,0.02907558416287341,-0.019713230622022366,0.0005013186713606343
4.84,3,seg3,-0.3748609354886152,0.1281329109598484,0.08627188616375568,-0.12227818336493672,0.11558139897935928,0.0004414334645864576
4.84,4,seg4,-0.48312444117365,0.21225181012220815,0.08639384281226194,-0.18563814616061197,0.19417533203897894,0.0005616132913416894
4.84,5,seg5,-0.6161559671922769,0.18697929946520458,0.08693932705315051,-0.22946592240892993,0.1622138890813736,0.0011053547291842852
4.84,6,seg6,-0.6809164791592501,0.06392346173027486,0.08782388850294562,-0.3461411548485599,0.035778945506347914,0.0019881782840200785
4.86,0,head,-0.5384462660908094,-0.19348380743279472,0.08774772259493714,0.5277918657140073,-0.2132710703226087,0.0003880043728881899
4.86,1,seg1,-0.43912501258725545,-0.12566118901557177,0.08646730343687775,0.2808335010185678,-0.14079846279634708,0.000640581577206506
4.86,2,seg2,-0.3610573141285585,-0.009742072384534225,0.08646478384467977,0.032877176282865433,-0.02133652058549899,0.0006360953797353991
4.86,3,seg3,-0.37504594914325445,0.12757333834931062,0.08633338707353234,-0.12212001019433925,0.11501365536912356,0.0005029343743631204
4.86,4,seg4,-0.47900559210613064,0.21743160416039545,0.08640359843996144,-0.18950581446945464,0.19954527857217286,0.000571368919041193
4.86,5,seg5,-0.6138059544115596,0.2020236342407066,0.08694221712563516,-0.23109729143875402,0.17735301732555275,0.001108244801668934
4.86,6,seg6,-0.6894722495636254,0.08613657151067976,0.0878919649732978,-0.33653792615025846,0.05755970426017517,0.0020562547543722665
4.88,0,head,-0.5404870830250694,-0.1975924994809671,0.08735745081670623,0.5296348317749425,-0.21747223209090896,-2.2674053427179652e-06
4.88,1,seg1,-0.443841698945029,-0.12779718178236893,0.08625033003604257,0.2854431879580008,-0.14315650893988952,0.0004236081763713262
4.88,2,seg2,-0.36594583145510856,-0.011424187336295393,0.08643499238697813,0.03768010016691243,-0.02324938088464945,0.0006063039220337574
4.88,3,seg3,-0.3760793796459546,0.12679658379017136,0.08640207606030767,-0.12112471752002721,0.11418859855812515,0.0005716233611384458
4.88,4,seg4,-0.47534215528180257,0.22258117421801385,0.08641419386250371,-0.1929200249699424,0.20486336166672145,0.0005819643415834602
4.88,5,seg5,-0.6116155999675055,0.21767588738428148,0.08674724788224109,-0.23254025135786882,0.19309177673445493,0.000913275558274862
4.88,6,seg6,-0.6983170307760673,0.11010429632823976,0.08748903779110011,-0.32656250954336036,0.08107933544649519,0.0016533275721745677
4.9,0,head,-0.5419299370653553,-0.2026846034871196,0.08776196767048147,0.5308337105514451,-0.22262723361077813,0.00040224944843252064
4.9,1,seg1,-0.4480518588810751,-0.1302000095074082,0.08645199476289656,0.2895342233785187,-0.14575698138718057,0.0006252729032253102
4.9,2,seg2,-0.371067415190349,-0.012470433425490209,0.08643275260817086,0.042746088257188085,-0.024538184788400086,0.0006040641432264876
4.9,3,seg3,-0.3781127342507757,0.12589918925931304,0.08634684844759655,-0.11913637519508795,0.11319545068831703,0.0005163957484273229
4.9,4,seg4,-0.4725784715678658,0.22665306605236069,0.08645392675080696,-0.19548679009471331,0.20906216716047893,0.0006216972298867113
4.9,5,seg5,-0.6088185961157799,0.23220305328137927,0.08698514590304042,-0.23464271775733647,0.2077355950406676,0.0011511735790741967
4.9,6,seg6,-0.7051825537936106,0.13485342083846416,0.08792856040769818,-0.31852692050529674,0.10547367657586953,0.0020928501887726436
4.92,0,head,-0.5434833502853672,-0.20832068105730484,0.08751946936519915,0.5321171347693645,-0.2283308539773165,0.00015975114315019967
4.92,1,seg1,-0.4521598246314699,-0.13280434835033292,0.08632146354226389,0.2935135902151211,-0.1485538730534344,0.0004947416825926421
4.92,2,seg2,-0.37640202806219963,-0.014156740125333689,0.08643938532119981,0.04799440271890043,-0.026476462396482665,0.0006106968562554355
4.92,3,seg3,-0.3805394724930181,0.12500079612843223,0.08641755127016024,-0.11675514250545566,0.11218258367281943,0.0005870985709910126
4.92,4,seg4,-0.47014128968773145,0.2308429933330652,0.08647543636685104,-0.19772180587713575,0.21336333567447996,0.000643206845930791
4.92,5,seg5,-0.606151242027933,0.24693807467260606,0.08684559292860088,-0.2366057891671891,0.22258086310384784,0.0010116206046346526
4.92,6,seg6,-0.7114616037830744,0.1606131046292506,0.08763053867183601,-0.3110290460265539,0.13090534297960818,0.0017948284529104713
4.94,0,head,-0.5441466812078007,-0.2146247560026328,0.08750523039681511,0.5324796943243266,-0.23465935454205347,0.0001455121747661603
4.94,1,seg1,-0.4568075419817971,-0.13664738866994597,0.08629892175627846,0.29797314551751247,-0.15261375014131906,0.0004721998966072116
4.94,2,seg2,-0.38242250806203915,-0.016011355117858745,0.08638635397000015,0.05391979711699534,-0.028615498960363712,0.0005576655050557738
4.94,3,seg3,-0.38374046317182636,0.1240535391346438,0.08636782965285829,-0.1136028601939918,0.11108406040693125,0.0005373769536890644
4.94,4,seg4,-0.4679847172206123,0.23486276404256173,0.08644291067343042,-0.19968462819768373,0.21748118582960577,0.000610681152510173
4.94,5,seg5,-0.6029548802648512,0.261888498200183,0.0868127419660256,-0.23908701753824244,0.23766646544324857,0.0009787696420593822
4.94,6,seg6,-0.7168868662585665,0.18709366150115514,0.08758880401368156,-0.3043496842667826,0.15709769857538186,0.0017530937947560221
4.96,0,head,-0.5442321845269048,-0.22133664263180328,0.08792726365193806,0.5322456726916025,-0.24136770507074246,0.000567545429889113
4.96,1,seg1,-0.4605871898730978,-0.14000347484109377,0.08667557786513448,0.3015887898099393,-0.15614591221561477,0.000848856005463236
4.96,2,seg2,-0.38871430534675067,-0.018356614527852276,0.08670565509847639,0.06009285091324933,-0.03125753635521326,0.0008769666335320114
4.96,3,seg3,-0.3877373323972008,0.12218007656155318,0.08658761533509388,-0.10969968057419519,0.10902250408436057,0.0007571626359246519
4.96,4,seg4,-0.4664610444815144,0.2376229995353363,0.08654641785320205,-0.20107521097848263,0.2203108073804172,0.0007141883322818038
4.96,5,seg5,-0.5991040641862847,0.2760151790709806,0.08681856999267389,-0.24226116171885806,0.25196040491470834,0.0009845976687076624
4.96,6,seg6,-0.7207951454698757,0.21448023120062634,0.08756918631627099,-0.2991424684413988,0.18426723573826506,0.0017334760973454488
4.98,0,head,-0.5441843821375085,-0.22851789526195637,0.08730638003644348,0.5318561586166631,-0.24853854555090102,-5.333818560547543e-05
4.98,1,seg1,-0.4648879290750988,-0.14400166053618857,0.08622361767625415,0.3056943765440271,-0.16034424570670985,0.00039689581658290674
4.98,2,seg2,-0.3955050441702829,-0.02033621895691003,0.0864402605787886,0.06678168292305436,-0.033558078422648185,0.0006115721138442304
4.98,3,seg3,-0.39231574000141844,0.12006437959005486,0.08647156079955455,-0.10522714979765085,0.1066913116178703,0.0006411081003853264
4.98,4,seg4,-0.4654841582284692,0.23980862746704915,0.08643977161146815,-0.20194697322093733,0.22254045013201168,0.0006075420905479051
4.98,5,seg5,-0.5950909228885293,0.28915588450228563,0.08655830085561347,-0.24564437113532908,0.26527721145190397,0.0007243285316472503
4.98,6,seg6,-0.7224008693922465,0.24193074895518019,0.08707131895164313,-0.29623215547320475,0.21161023032069748,0.001235608732717594
5.0,0,head,-0.5425733846260138,-0.23535900288893932,0.0882819679408233,0.5299214086718941,-0.25529523180949937,0.0009222497187743456
5.0,1,seg1,-0.46886098071032156,-0.1486332957281715,0.08690725589079422,0.3094425002712197,-0.16515971581576128,0.0010805340311229733
5.0,2,seg2,-0.40237185659505476,-0.022497759213861015,0.08676867702954248,0.07353784375377294,-0.036043970613228796,0.0009399885645981071
5.0,3,seg3,-0.3976430448308088,0.1185927547659039,0.08662278692951694,-0.09997591808700498,0.10496782042670932,0.0007923342303477188
5.0,4,seg4,-0.46516882108088364,0.24144176695380679,0.08665717535444248,-0.20218422966495658,0.2241867464235701,0.0008249458335222309
5.0,5,seg5,-0.5904920101521386,0.30056397481038516,0.08705557176789358,-0.24969514582109723,0.2768912437954113,0.001221599443927357
5.0,6,seg6,-0.7211338204984379,0.2675562206414662,0.08795827831153341,-0.2962782166396488,0.23726696609146788,0.002122568092607871
5.0200000000000005,0,head,-0.5465801500004436,-0.24153615376578852,0.08705564559538359,0.5336296546849782,-0.2616560708441773,-0.00030407262666536095
5.0200000000000005,1,seg1,-0.4690080944305792,-0.15525912502015501,0.08600270065794295,0.30927411481709977,-0.17178503864502445,0.00017597879827170593
5.0200000000000005,2,seg2,-0.4022930130500972,-0.024833041942083092,0.08614518738208689,0.07334795017800251,-0.03837285492877387,0.0003164989171425131
5.0200000000000005,3,seg3,-0.4010387042207846,0.11608655353859018,0.08620241183953577,-0.09670337998119814,0.10230285483048727,0.0003719591403665429
5.0200000000000005,4,seg4,-0.4667349276462446,0.24129540557013424,0.0861782218340005,-0.20062686321752374,0.22396601768320207,0.00034599231308025946
5.0200000000000005,5,seg5,-0.5882909404929777,0.31197435248447525,0.08620809815758235,-0.25135068559690144,0.2883934442092137,0.0003741258336161235
5.0200000000000005,6,seg6,-0.7246981246436692,0.29788036332990525,0.08654924130568939,-0.2912747829130085,0.26738711789672315,0.0007135310867638495
5.04,0,head,-0.5527849842652338,-0.24569133829175868,0.08810799222352492,0.539629707133919,-0.26610184381446567,0.0007482740014759653
5.04,1,seg1,-0.46752657980705786,-0.16023214431745908,0.0866635766462183,0.30755760597654147,-0.17668191559990568,0.0008368547865470477
5.04,2,seg2,-0.3993904887299923,-0.026835945000062776,0.08642697447963643,0.07035339378848394,-0.040235353282501274,0.0005982860146920566
5.04,3,seg3,-0.4033385608007573,0.11598657040640788,0.08637547996075878,-0.0944108877347239,0.10209353160096847,0.000545027261589559
5.04,4,seg4,-0.4696215834728624,0.2404989247394501,0.0865410318859461,-0.19778138393310207,0.22303305936906223,0.0007088023650258513
5.04,5,seg5,-0.5863960930374119,0.3187941436247172,0.08693950247473237,-0.2529188225834779,0.2952956861976511,0.001105530150766143
5.04,6,seg6,-0.7292108465272357,0.3231165343364326,0.0876059410806292,-0.28556614979672407,0.29237992673871555,0.0017702308617036644
5.0600000000000005,0,head,-0.5597117557707617,-0.24745579304605766,0.08710885915688872,0.5464646569591435,-0.2681939539814263,-0.0002508590651602305
5.0600000000000005,1,seg1,-0.4672458299534219,-0.1650533343525677,0.0860682046883123,0.3070477270709981,-0.1814842814061124,0.00024148282864105974
5.0600000000000005,2,seg2,-0.3963285544148049,-0.030996892166758053,0.08617095362515959,0.06709690369758664,-0.044245863893590316,0.0003422651602152105
5.0600000000000005,3,seg3,-0.40378885375938817,0.11583911007764951,0.08609857310465222,-0.09396812285189357,0.10192480829001903,0.0002681204054829911
5.0600000000000005,4,seg4,-0.47320724330893793,0.23982936794892912,0.0860423274718476,-0.19423165219698235,0.22219361469795548,0.00021009795092735706
5.0600000000000005,5,seg5,-0.5889128505278408,0.32320861968321124,0.08596834785712179,-0.25019482577625024,0.29958538415093194,0.00013437553315556738
5.0600000000000005,6,seg6,-0.7320634137484651,0.3446123445717552,0.08595901582843628,-0.2816937991981969,0.313715622140241,0.00012330560951073766
5.08,0,head,-0.5655607918661404,-0.24580536308429166,0.08838388323997465,0.5523856117069528,-0.26682375794636914,0.0010241650179256961
5.08,1,seg1,-0.4688346036845957,-0.16992395199979363,0.08675139478988325,0.3084029010403755,-0.1864249920580895,0.000924672930212006
5.08,2,seg2,-0.3929755830234766,-0.03614413852710009,0.08634411589591916,0.06350276695099649,-0.04922770524905654,0.0005154274309747825
5.08,3,seg3,-0.40224590261594567,0.11696166818277284,0.08625562420409265,-0.09545590154855114,0.10311952561218708,0.0004251715049234245
5.08,4,seg4,-0.4760135117014818,0.24148312502573607,0.08670671339990844,-0.19134985901152032,0.22371194364634564,0.000874483878988197
5.08,5,seg5,-0.5914736783836727,0.3238033380586967,0.08750781677083556,-0.24760859614791533,0.3000575552662709,0.0016738444468693409
5.08,6,seg6,-0.7334150951877343,0.35373530213836446,0.0885003362336324,-0.2799094750630171,0.32276391396002746,0.002664626014706864
5.1000000000000005,0,head,-0.5728155774142549,-0.23951025329583298,0.08737249681736887,0.5599317698406265,-0.2608810466110827,1.2778595319923314e-05
5.1000000000000005,1,seg1,-0.473079753842603,-0.1712841369906741,0.08634032641463578,0.31257850786017716,-0.18798566843636047,0.0005136045549645335
5.1000000000000005,2,seg2,-0.39152250785667453,-0.04052624296441068,0.086390074877306,0.06184278780625217,-0.05353569039048588,0.000561386412361628
5.1000000000000005,3,seg3,-0.40037744419219057,0.11807410929924374,0.08620967370454274,-0.09726930017075174,0.10431962875586746,0.0003792210053735201
5.1000000000000005,4,seg4,-0.47907416772722194,0.24498641831674947,0.08623956390823925,-0.18812594442887415,0.22706560641319298,0.0004073343873190055
5.1000000000000005,5,seg5,-0.5961742109045807,0.3235998476869391,0.08650236291408378,-0.2429230742508899,0.29963059055873287,0.0006683905901175569
5.1000000000000005,6,seg6,-0.7345945267246125,0.3535310909977185,0.08685303247175946,-0.27874109864851904,0.3225038034180878,0.0010173222528339215
5.12,0,head,-0.5799808835569813,-0.23303531108416642,0.08785304894665337,0.5673971084355546,-0.25475444817298304,0.0004933307246044183
5.12,1,seg1,-0.4772174940157758,-0.17202834853732393,0.08683201961808266,0.31667614144000544,-0.188925957546319,0.0010052977584114192
5.12,2,seg2,-0.3895850794348638,-0.04450125571501791,0.08680289147858142,0.05971837829570295,-0.05741399407745467,0.0009742030136370428
5.12,3,seg3,-0.397298417442716,0.11870737696619776,0.08642608090602097,-0.10031469994272359,0.10509871404628393,0.0005956282068517449
5.12,4,seg4,-0.47938423413504544,0.24674800066686592,0.08631919155673988,-0.18773239319472293,0.2288104361984725,0.0004869620358196325
5.12,5,seg5,-0.5984765986307843,0.3210594620169665,0.0865528562614284,-0.24074419589436563,0.2969835095813733,0.0007188839374621808
5.12,6,seg6,-0.7370650278368378,0.34540165956987995,0.08691790086638851,-0.2766602878976728,0.314266008949703,0.0010821906474629689
5.14,0,head,-0.5885315252756195,-0.2239580107355121,0.08754611300200683,0.5763700627266576,-0.2460943704190926,0.00018639477995788245
5.14,1,seg1,-0.4821109594630143,-0.170521097620643,0.08636134893743229,0.3216357942179195,-0.1876533013754921,0.0005346270777610435
5.14,2,seg2,-0.3883351519261971,-0.04775287517760206,0.08620286073402715,0.058315117980125855,-0.060602443291886424,0.0003741722690827759
5.14,3,seg3,-0.3932851019948313,0.1178033322021111,0.08584993333075037,-0.10436649260634266,0.10438669295881071,1.9480631581150765e-05
5.14,4,seg4,-0.4780454442384415,0.24630435111213045,0.08592355243869772,-0.18909077999409077,0.22843100423121102,9.132291777746993e-05
5.14,5,seg5,-0.6007505045428523,0.31598279598729917,0.08642735412524165,-0.23871447220654946,0.2918043776247667,0.000593381801275425
5.14,6,seg6,-0.7402673371269612,0.3310903170933272,0.08711265484255272,-0.2741427039782335,0.29981848045944304,0.0012769446236271798
5.16,0,head,-0.5961504713740797,-0.2139685232177132,0.08750291045271195,0.584455789376119,-0.23647879840985678,0.0001431922306630029
5.16,1,seg1,-0.48693077298033816,-0.16773189230622337,0.08647120368976141,0.3265828885236261,-0.1850966382072417,0.0006444818300901656
5.16,2,seg2,-0.38799583573118,-0.049510760493965765,0.08654364365451767,0.05789252604908776,-0.0623421881943094,0.0007149551895732909
5.16,3,seg3,-0.3905616779356039,0.11671507539889062,0.08641246282245316,-0.10713862238193786,0.10342928083092548,0.0005820101232839325
5.16,4,seg4,-0.47755619268628713,0.2440762102240451,0.08661725895660999,-0.18968551750863155,0.2262286722427875,0.0007850294356897408
5.16,5,seg5,-0.6039177406377406,0.3082746305888832,0.08714433550519964,-0.23591766731302014,0.2839542132522301,0.0013103631812334121
5.16,6,seg6,-0.7434502994447094,0.3127603276234163,0.08778965272471721,-0.2718356981367789,0.2813577793046169,0.0019539425057916726
5.18,0,head,-0.6026639782967562,-0.20224334878278838,0.08753795608396685,0.5915199332034866,-0.2250768968165142,0.00017823786191789592
5.18,1,seg1,-0.4910002415765493,-0.1628017183824141,0.0864426105620703,0.3308823798223955,-0.1803657224243373,0.0006158887023990506
5.18,2,seg2,-0.38797071101303,-0.04975387954321288,0.08633395172226181,0.05785585942467319,-0.0625838360418541,0.000505263257317437
5.18,3,seg3,-0.38812429825795725,0.11448422847836856,0.08595806276322207,-0.10967940935730609,0.10131696001697296,0.00012761006405284658
5.18,4,seg4,-0.4776285076184052,0.24002380255558647,0.08595234360407536,-0.1898061442631027,0.22217741483960174,0.0001201140831551123
5.18,5,seg5,-0.6066583896836738,0.2975930119011447,0.08639795554734957,-0.23368847689578578,0.273154266721564,0.0005639832233833436
5.18,6,seg6,-0.7459227774837242,0.29034678687255255,0.08706673272985124,-0.2704327134290484,0.25885196693200324,0.0012310225109257028
5.2,0,head,-0.607204683086929,-0.19122234887259265,0.08756594081147456,0.5965799976553429,-0.21428448342775852,0.00020622258942561145
5.2,1,seg1,-0.4933752090739156,-0.15794894755666564,0.08638132191424641,0.33348560636123564,-0.17563147835713236,0.0005546000545751661
5.2,2,seg2,-0.3868792956696763,-0.04924571606952313,0.0862410300651946,0.05678986498785291,-0.062024306392755704,0.00041234160025022115
5.2,3,seg3,-0.38566122418668913,0.11296846327176856,0.08600308513519357,-0.112211829873307,0.09992013348098905,0.00017263243602434752
5.2,4,seg4,-0.47807751764359646,0.23611303803620393,0.08618043141966973,-0.18954376176699667,0.2182497126418228,0.00034820189874948393
5.2,5,seg5,-0.6092019440636736,0.2864346464957863,0.08682691408996547,-0.23167884685675016,0.26188749369162495,0.0009929417659992473
5.2,6,seg6,-0.7468482944337965,0.26729771162061705,0.08765946739035232,-0.27060518290444635,0.2357849622310662,0.0018237571714267847
5.22,0,head,-0.609433897041115,-0.182064740972962,0.08770984566997798,0.5992425090200719,-0.2052433435367149,0.00035012744792903283
5.22,1,seg1,-0.4938249761695917,-0.15314182754552932,0.08661742661518712,0.3341636413811434,-0.17085121039878542,0.0007907047555158753
5.22,2,seg2,-0.3856695752453058,-0.04843227455867026,0.08655791123474238,0.05562022813151772,-0.06115421431669115,0.0007292227697980047
5.22,3,seg3,-0.3841287102521571,0.11175744721990218,0.08627901417071956,-0.1138002412437211,0.09878342412696386,0.00044856147155034054
5.22,4,seg4,-0.4785902780159822,0.2310727229027288,0.08634400946456558,-0.18927145805269288,0.21319070576978935,0.0005117799436453324
5.22,5,seg5,-0.612175737508625,0.2736949776386091,0.08685487280035667,-0.22931472170377779,0.2490207333261425,0.0010209004763904461
5.22,6,seg6,-0.7460094789828711,0.2427142218961718,0.08760676156109466,-0.27261301052320136,0.21126924876713377,0.001771051342169122
5.24,0,head,-0.6097900008539642,-0.17439194612163852,0.08759449191342278,0.599963368359647,-0.1975961903037434,0.00023477369137382686
5.24,1,seg1,-0.49298876179440665,-0.14922548947569667,0.08658294952139092,0.3335147585342294,-0.16689951336974942,0.0007562276617196773
5.24,2,seg2,-0.3835085050424119,-0.047703057824417985,0.0866168097518941,0.05349631110823041,-0.06032297551527895,0.0007881212869497306
5.24,3,seg3,-0.3821140362448594,0.11049961019496846,0.08636854483000636,-0.11587249462080305,0.09762289352515019,0.0005380921308371367
5.24,4,seg4,-0.4789407629790499,0.22562493005006007,0.08639817454922417,-0.18918063830564763,0.20773240581024374,0.0005659450283039269
5.24,5,seg5,-0.6148631258132532,0.259870740583227,0.0868269154584248,-0.2272882932784783,0.2350842641212665,0.0009929431344585793
5.24,6,seg6,-0.743997229799918,0.21697543804278674,0.08752741772879845,-0.2758479243039657,0.1856553956041179,0.0016917075098729084
5.26,0,head,-0.6083699114766191,-0.1685199196573988,0.0873632490063626,0.5988243460511591,-0.19166323346784123,3.530784313643398e-06
5.26,1,seg1,-0.4904795122843538,-0.14640056418411768,0.08627123381775464,0.3311427944298882,-0.16395837034474547,0.00044451195808339894
5.26,2,seg2,-0.38032705527140387,-0.04733835657207848,0.08628474710556032,0.05033582292045269,-0.05980727786873671,0.0004560586406159445
5.26,3,seg3,-0.38005097456387626,0.10906322786831855,0.08613376079590057,-0.11800157806337704,0.09628632277057105,0.0003033080967313473
5.26,4,seg4,-0.48005774639335314,0.21972815095298226,0.08630984149373883,-0.18834555651941215,0.2017891496254979,0.0004776119728185785
5.26,5,seg5,-0.6172687468013359,0.2452796148808108,0.08687436206590773,-0.2255798101983398,0.22039518494096572,0.001040389741941511
5.26,6,seg6,-0.7410519912965656,0.19097737638626444,0.08767345109888242,-0.2800271096162565,0.15982696069482674,0.0018377408799568756
5.28,0,head,-0.6060915361746632,-0.1647723158714828,0.08732566575908642,0.5967269061077578,-0.18781144507336875,-3.4052462962536056e-05
5.28,1,seg1,-0.48659930906032184,-0.14466933163909682,0.0864396472275419,0.32734937968986455,-0.1620444351856997,0.0006129253678706509
5.28,2,seg2,-0.37642772019222703,-0.04720178115560039,0.0866371882178125,0.04644740604198042,-0.05948528240050249,0.0008084997528681193
5.28,3,seg3,-0.3779764315659249,0.1079361174044638,0.08642696086151283,-0.12012741113302602,0.09525921985088229,0.0005965081623436064
5.28,4,seg4,-0.4811632368970139,0.21384744572897793,0.08637159239613829,-0.18752118964296868,0.19586249606400102,0.0005393628752180385
5.28,5,seg5,-0.6200531737368319,0.2300335212109824,0.08665617874349649,-0.22352412124170187,0.20503385204112648,0.0008222064195302636
5.28,6,seg6,-0.7372394734848127,0.16438162178521692,0.08727370182934469,-0.2851010365545525,0.13344278512899213,0.0014379916104191454
5.3,0,head,-0.6026162859673563,-0.16187521043726227,0.08736191992794458,0.593393471047613,-0.18475223037044947,2.2017058956269597e-06
5.3,1,seg1,-0.48190762072157267,-0.14330875778377306,0.08618107789572954,0.3227277591739638,-0.16046211900740104,0.00035435603605829535
5.3,2,seg2,-0.3723431062783521,-0.047264185561732,0.08618707342901694,0.0423644505426894,-0.05935322360961033,0.00035838496407256115
5.3,3,seg3,-0.37597813420121257,0.10638755564219922,0.08609263697991584,-0.12219714242074392,0.09380751454827292,0.00026218428074661904
5.3,4,seg4,-0.4830998724724672,0.20820271915059133,0.0863496476169688,-0.18585538892207906,0.19013199840198103,0.0005174180960485497
5.3,5,seg5,-0.6223113306725183,0.21528546939604482,0.08699108927574178,-0.22197040345363858,0.19019504258363654,0.0011571169517755608
5.3,6,seg6,-0.7331402055090983,0.13857679028494072,0.08784628731549002,-0.29042374760062206,0.10786228330017358,0.002010577096564478
5.32,0,head,-0.5986688552125525,-0.15928221183928123,0.08727633991714799,0.5895739176042659,-0.1819743061842083,-8.337830490096065e-05
5.32,1,seg1,-0.4770166002211737,-0.14176992360147628,0.08634150124921304,0.3179155160203409,-0.15869225799493475,0.0005147793895417946
5.32,2,seg2,-0.3686857170721268,-0.04720103066297616,0.0865409971852414,0.03871421120018098,-0.05911608000768446,0.0007123087202970252
5.32,3,seg3,-0.3746449740294095,0.10443384676697762,0.0863354578186803,-0.12362177170833187,0.09191946640121627,0.0005050051195110705
5.32,4,seg4,-0.4852738003096857,0.20162113234523882,0.08626911435125423,-0.18399715130607455,0.1834544090106391,0.0004368848303339806
5.32,5,seg5,-0.6249147150005154,0.19938749646009657,0.08659481828287541,-0.22012657580834788,0.17419118514101337,0.0007608459589091843
5.32,6,seg6,-0.7276006277138926,0.1130352868984398,0.08729800517710908,-0.29717260427994474,0.08261335756237628,0.0014622949581835354
5.34,0,head,-0.593993721212929,-0.15707459477343405,0.08729511113523923,0.5850091446399946,-0.1795466944348158,-6.460708680972038e-05
5.34,1,seg1,-0.47289675335659204,-0.1404370621220563,0.08614934461393996,0.31386377014711914,-0.15716483752639898,0.00032262275426871156
5.34,2,seg2,-0.36548283150386296,-0.04639349899215184,0.08618906600066942,0.03555338642294879,-0.05815703355980579,0.0003603775357250427
5.34,3,seg3,-0.37346030939875374,0.10254685348501318,0.0860948954868159,-0.12489489862859969,0.09009099114076438,0.0002644427876466737
5.34,4,seg4,-0.48738102601570865,0.19525688565914154,0.08628123749375442,-0.18219519672015436,0.17699708791539884,0.0004490079728341756
5.34,5,seg5,-0.6273893202530525,0.18406379187448701,0.08686357686043476,-0.2183840510837862,0.1587670741142694,0.0010296045364685397
5.34,6,seg6,-0.7218604286781636,0.08868175119014278,0.08772947639996202,-0.30406531783092,0.058560601246973966,0.0018937661810364825
5.36,0,head,-0.5896906800783642,-0.15513876260195142,0.08722846409219356,0.5808031082946279,-0.17740826803648915,-0.00013125412985538765
5.36,1,seg1,-0.46940949354719697,-0.13891548880906554,0.08632799874221381,0.31045287559667106,-0.1554790247582523,0.0005012768825425618
5.36,2,seg2,-0.3632899060705255,-0.045491835377504425,0.08655120732526815,0.033405857252875114,-0.057152027244777026,0.0007225188603237759
5.36,3,seg3,-0.37325756928710346,0.10078303316630624,0.08641096638793341,-0.1251813516874101,0.08833881811430452,0.0005805136887641893
5.36,4,seg4,-0.48922879660750956,0.1884459816212874,0.08635477384547256,-0.18067366030432955,0.17010596341301468,0.0005225443245523154
5.36,5,seg5,-0.629355664561501,0.16818952774264395,0.08665810065185431,-0.21717541328484039,0.1428172162360199,0.0008241283278880851
5.36,6,seg6,-0.7150484859292479,0.06510597833735195,0.08740740149127563,-0.3119915458672786,0.03533573227566661,0.001571691272350087
5.38,0,head,-0.5854462893981409,-0.15359922843091672,0.08710818939214082,0.5766367955702244,-0.17566848184547976,-0.0002515288299081292
5.38,1,seg1,-0.46516787628322676,-0.13694526205683605,0.08611438895728839,0.3063098304079135,-0.1533091659999723,0.00028766709761714193
5.38,2,seg2,-0.361058418980046,-0.044237811909707145,0.08629722051825621,0.031236579418319102,-0.055793225136802765,0.0004685320533118348
5.38,3,seg3,-0.37320944231462116,0.09914173105923593,0.08622827234856816,-0.12530753598819439,0.08670166621714055,0.0003978196493989311
5.38,4,seg4,-0.4917921812097371,0.1818616579858749,0.08628501674400434,-0.178426537471253,0.16340710550090323,0.00045278722308408903
5.38,5,seg5,-0.6307802465479245,0.1528802463594923,0.08669775294607875,-0.21648103561142948,0.12745748414362362,0.0008637806221125227
5.38,6,seg6,-0.7074071072138731,0.04257954165553013,0.08750827694045811,-0.32069633065055103,0.013198484476410867,0.0016725667215325701
5.4,0,head,-0.5817481525440272,-0.15255353314150313,0.08704549271395505,0.5729926152221434,-0.17444797194421954,-0.0003142255080939016
5.4,1,seg1,-0.4623134863210838,-0.1353217196704653,0.08609774391546614,0.3035359414426579,-0.15155161886156523,0.00027102205579489225
5.4,2,seg2,-0.35987367847172,-0.04244977509191224,0.08632370498918206,0.030138276525972976,-0.05395083090908989,0.0004950165242376819
5.4,3,seg3,-0.37388053106026287,0.09760564257885956,0.08630797641077416,-0.12471031225968121,0.08513538024641412,0.00047752371160493523
5.4,4,seg4,-0.4942424546953056,0.17532670374665965,0.08635455887704702,-0.17629004802862733,0.1567629441600601,0.0005223293561267689
5.4,5,seg5,-0.6315813587123756,0.13790087648832722,0.08673109473270493,-0.21639372034845356,0.11245696153668036,0.0008971224087387097
5.4,6,seg6,-0.6988823377483364,0.021170533928934598,0.08752424873866121,-0.33023032519680795,-0.007780558739747518,0.0016885385197356745
5.42,0,head,-0.578804336939609,-0.15177945911957277,0.08701426121435793,0.5700889745570358,-0.17353467473567147,-0.00034545700769102183
5.42,1,seg1,-0.45989020984068013,-0.13370966041810317,0.08614802073854512,0.30119213096062286,-0.14982605913870828,0.0003212988788738741
5.42,2,seg2,-0.35928408661131134,-0.0408062591382027,0.08642572414129596,0.02962756996116919,-0.05228111774313633,0.0005970356763515816
5.42,3,seg3,-0.37501700851975617,0.09603643154308246,0.08639824924265331,-0.12364980350384545,0.08351386075243779,0.0005677965434840865
5.42,4,seg4,-0.49674765606407123,0.1688318740783862,0.08635588458058753,-0.17409678335786166,0.15015624782976206,0.0005236550596672829
5.42,5,seg5,-0.6317913673295065,0.1233987050865152,0.08666295386836369,-0.21687412830370703,0.09796122812360343,0.0008289815443974641
5.42,6,seg6,-0.6895897703619088,0.0013462555347464392,0.08747005242809973,-0.3404558281783009,-0.027140127723873943,0.0016343422091741888
5.44,0,head,-0.5766487217381776,-0.15124788822312452,0.08702079119601092,0.5679611001123784,-0.1729011174282293,-0.0003389270260380356
5.44,1,seg1,-0.45751374847068377,-0.13196517186079007,0.08612100646654806,0.29890138503794333,-0.14797044816475188,0.00029428460687681846
5.44,2,seg2,-0.35921488146712965,-0.0397765941527944,0.08640010375209381,0.02960744643018852,-0.05124932591449337,0.0005714152871494349
5.44,3,seg3,-0.3765728945399912,0.09423065617145457,0.0863965704711954,-0.1221816198518202,0.08163608473695513,0.0005661177720261701
5.44,4,seg4,-0.49908128255751677,0.16255324553906622,0.08639164418354854,-0.17206460983481736,0.14377367313635658,0.0005594146626282936
5.44,5,seg5,-0.6315183646754403,0.11000053939377406,0.0867438261182534,-0.21778445904906196,0.08459123663844573,0.0009098537942871798
5.44,6,seg6,-0.6801451473672809,-0.016793650462345325,0.08758814420973986,-0.3507530528349786,-0.044809996355457966,0.0017524339908143172
5.46,0,head,-0.5753225630860427,-0.1510099062438416,0.08697751866689116,0.5666477700423845,-0.17260029136529725,-0.00038219955515779447
5.46,1,seg1,-0.4555087004814771,-0.13055901144703289,0.08609341513474164,0.2969655301335847,-0.14647045805245593,0.0002666932750703954
5.46,2,seg2,-0.3590134094809824,-0.038625395020826764,0.08641382669033507,0.029460989910390006,-0.050089842887260136,0.0005851382253906912
5.46,3,seg3,-0.3781360557981759,0.09325549287127415,0.08642078838471698,-0.12066663921595207,0.08058763337721592,0.0005903356855477548
5.46,4,seg4,-0.5010299970397047,0.15720687087233995,0.08640736106458498,-0.17037254490942533,0.13834061446764634,0.0005751315436647308
5.46,5,seg5,-0.6309306850515695,0.0975651090494421,0.08673325710820222,-0.2189632922787841,0.0721978655310557,0.0008992847842359958
5.46,6,seg6,-0.6703745880788693,-0.03298045050157904,0.08758490514084744,-0.3612828934202206,-0.06051346035422288,0.0017491949219218955
5.48,0,head,-0.574674491922817,-0.15112150459958748,0.08695980451563666,0.5659951220950132,-0.1726809206549866,-0.0003999137064122915
5.48,1,seg1,-0.4543142870153162,-0.12999841204262733,0.08595608279527586,0.2957991497816689,-0.1458536500638132,0.0001293609356046166
5.48,2,seg2,-0.35850110038551286,-0.03727412026113791,0.08616585214937703,0.029013570373515568,-0.04871571776797597,0.0003371636844326509
5.48,3,seg3,-0.379723588177613,0.09411087711555918,0.08615347743470707,-0.11904019675757142,0.08136649548982311,0.00032302473553784405
5.48,4,seg4,-0.5022077950367373,0.15415352750552622,0.08627445189604623,-0.16934139436911097,0.13523467782945892,0.00044222237512597795
5.48,5,seg5,-0.6301619040668094,0.08742133149117276,0.08671370166864274,-0.22021395870166954,0.062102169376117476,0.0008797293446765192
5.48,6,seg6,-0.6607334625661712,-0.04688745599686831,0.08761315622417297,-0.3715749482836186,-0.07394587300716135,0.0017774460052474295
5.5,0,head,-0.5748263502253065,-0.15152963439995246,0.08695896209231493,0.5661273848572398,-0.1730958151472432,-0.0004007561297340173
5.5,1,seg1,-0.4537848623092823,-0.12981082654540382,0.0859406245614644,0.2952792524294723,-0.14564108106025786,0.00011390270179315043
5.5,2,seg2,-0.3582598418753014,-0.036276598013523564,0.08613558094611552,0.02882005871452,-0.047707843995594586,0.00030689248117114765
5.5,3,seg3,-0.3809900823303553,0.0950921947522447,0.08610458363988233,-0.11772843540724362,0.08228642695609295,0.00027413094071310207
5.5,4,seg4,-0.5026177526025398,0.1524375813495326,0.0862604466802705,-0.16901356560760394,0.13350116557997307,0.00042821715935024984
5.5,5,seg5,-0.6288579988392762,0.08028017265618706,0.08669115471074575,-0.2218562441890319,0.055031156950244756,0.0008571823867795231
5.5,6,seg6,-0.6518560203235121,-0.05746327146883266,0.0875694249170532,-0.38094564922637825,-0.08408721500431895,0.001733714698127664
5.5200000000000005,0,head,-0.5756320024090354,-0.1521919104624053,0.08699613480376327,0.5669006055027463,-0.17379568288997818,-0.0003635834182856845
5.5200000000000005,1,seg1,-0.453388928512051,-0.1296504427890296,0.08596317226567429,0.29489140015697596,-0.14546203599386712,0.00013645040600304692
5.5200000000000005,2,seg2,-0.35811857845448486,-0.035571780828911326,0.08615726208879777,0.028712498596115223,-0.04699710252451735,0.00032857362385339817
5.5200000000000005,3,seg3,-0.3817066058018506,0.09580498973528119,0.08610972860876744,-0.11697880092789607,0.08296431390859486,0.0002792759095982117
5.5200000000000005,4,seg4,-0.5029063808003391,0.15145946036605196,0.08627168763157,-0.16877181460293023,0.13251041669826188,0.00043945811064975693
5.5200000000000005,5,seg5,-0.6269806163697886,0.07616661293769218,0.0867028586181109,-0.22392726942995392,0.05101160561389022,0.0008688862941446801
5.5200000000000005,6,seg6,-0.6438458108175082,-0.06370355107019156,0.08756715822050509,-0.3892437658922852,-0.089939206599159,0.0017314480015795525
5.54,0,head,-0.576848566522314,-0.15310063122331918,0.08705777627403968,0.5680725438206223,-0.1747612719547115,-0.0003019419480092683
5.54,1,seg1,-0.45301263585926466,-0.1294850117446313,0.08596946392822077,0.2945234069807888,-0.14527888410811704,0.00014274206854952842
5.54,2,seg2,-0.35804216087570256,-0.035077140038628746,0.08613599523233613,0.028659708253701156,-0.04649938539852683,0.00030730676739175455
5.54,3,seg3,-0.3820499946290566,0.09633186661115276,0.08606803307578716,-0.11661072639187668,0.0834742514193771,0.0002375803766179324
5.54,4,seg4,-0.5036430925176562,0.15107916818496592,0.086237686412,-0.1680540362994368,0.13209549429058395,0.00040545689107975014
5.54,5,seg5,-0.6249853638863062,0.07501104260523106,0.08673104118071347,-0.225975256275145,0.049952301527410085,0.0008970688567472435
5.54,6,seg6,-0.6372354067676531,-0.0655112671148992,0.08761393325625393,-0.3959327113434968,-0.09143027592909762,0.0017782230373283858
5.5600000000000005,0,head,-0.5782469732362359,-0.15424962957760086,0.08714443344791878,0.5694146835444569,-0.17597552049480858,-0.00021528477413017277
5.5600000000000005,1,seg1,-0.45287917730977045,-0.1293976900523378,0.08601808174707663,0.29439425541625847,-0.1451853098822043,0.00019135988740538734
5.5600000000000005,2,seg2,-0.3581475139567889,-0.03454349561894149,0.086174866180035,0.028790338841775034,-0.0459713595584234,0.00034617771509062867
5.5600000000000005,3,seg3,-0.3821457488580982,0.09673291051035082,0.08610049227233442,-0.11649599442339395,0.08387028381309142,0.00027003957316519556
5.5600000000000005,4,seg4,-0.5040871785201541,0.15124684515567444,0.08626129382037821,-0.16760247351496071,0.13224184659079186,0.0004290642994579652
5.5600000000000005,5,seg5,-0.622902280788867,0.07597857203714953,0.08680228369678263,-0.22800993292674068,0.05101787147601822,0.0009683113728164022
5.5600000000000005,6,seg6,-0.6322460083607513,-0.06383362148172544,0.08770659760241148,-0.400836614699391,-0.0895170788126638,0.001870887383485939
5.58,0,head,-0.579606464120985,-0.15554812664618203,0.08723174711691178,0.570710836682344,-0.17733724629162761,-0.00012797110513716736
5.58,1,seg1,-0.4530192829788696,-0.12945631417578574,0.08604763720214946,0.2945314123258752,-0.14525053540256044,0.00022091534247821454
5.58,2,seg2,-0.3583763338865906,-0.03420902153145702,0.08618472735868164,0.029034817582200802,-0.0456481543280378,0.0003560388937372677
5.58,3,seg3,-0.38202590740219866,0.09719216950866065,0.08612017618328505,-0.1165938433077215,0.08433472584167338,0.0002897234841158225
5.58,4,seg4,-0.5039492197963935,0.15225849255488108,0.0863041051592461,-0.16769213020208606,0.13325891332814502,0.0004718756383258471
5.58,5,seg5,-0.6210320136406169,0.07878540897300622,0.08690428124562688,-0.22974449955838022,0.053910536577647813,0.0010703089216606565
5.58,6,seg6,-0.6290384389456279,-0.06020607595027255,0.08781557647090431,-0.40386790961455354,-0.0857409909864272,0.001979866251978768
5.6000000000000005,0,head,-0.5808329708241655,-0.15689955921139503,0.08732852927450742,0.5718716370504335,-0.1787455187001112,-3.1188947541532785e-05
5.6000000000000005,1,seg1,-0.45342126722736653,-0.12947236460341954,0.08616247781351148,0.2949321772186666,-0.14528569863554994,0.00033575595384023604
5.6000000000000005,2,seg2,-0.35881049165378304,-0.0340626245371632,0.08631321705555023,0.02947545063735603,-0.04552258539304001,0.00048452859060585385
5.6000000000000005,3,seg3,-0.38161478720996955,0.0976459357489689,0.08620114617367641,-0.11698290228480289,0.0848075436983905,0.0003706934745071888
5.6000000000000005,4,seg4,-0.5028606793216078,0.15412912105760537,0.08631807885691904,-0.16869041141262517,0.13517922736104407,0.00048584933599879476
5.6000000000000005,5,seg5,-0.6194168515901254,0.08302069546130468,0.08691252941680466,-0.2311562682440936,0.058217891829408584,0.0010785570928384391
5.6000000000000005,6,seg6,-0.6275925898538368,-0.05570806315200259,0.08786033076874719,-0.40509805367986856,-0.08117926496355077,0.0020246205498216513
5.62,0,head,-0.5817990654266234,-0.1584486077971842,0.08731858297519357,0.5727629155713756,-0.18033878983208998,-4.113524685538106e-05
5.62,1,seg1,-0.4539977554655086,-0.12973170630881858,0.08615958694046784,0.295495669796438,-0.1455721823587014,0.00033286508079659327
5.62,2,seg2,-0.35913936569948535,-0.03405636037539454,0.08633545610920669,0.029804250151947327,-0.04553197990482073,0.0005067676442623154
5.62,3,seg3,-0.3805892391482617,0.09802781148526846,0.08623417093340924,-0.1179891142849789,0.08523779399231293,0.00040371823424001363
5.62,4,seg4,-0.5010053713893837,0.15659554626427707,0.08632902478079789,-0.17042623644875368,0.13773115452828907,0.0004967952598776415
5.62,5,seg5,-0.618036919965101,0.08818185025345579,0.08690237126503987,-0.23228900968008775,0.06343887132726639,0.0010683989410736477
5.62,6,seg6,-0.6276619095389473,-0.050694718739153447,0.08782674663515999,-0.40479022047322105,-0.07617490025487383,0.0019910364162344513
5.64,0,head,-0.582522009609022,-0.1599222404230738,0.08732267903722174,0.5734149083400162,-0.181845158590563,-3.703918482721169e-05
5.64,1,seg1,-0.45466742471140065,-0.13001227023663922,0.08615110009374023,0.2961512278021545,-0.14588429887151913,0.0003243782340689866
5.64,2,seg2,-0.3594612414465082,-0.03435580163526428,0.08632997609290265,0.030111510349371394,-0.04584640038077404,0.0005012876279582718
5.64,3,seg3,-0.3791124435166599,0.09823840403177825,0.08622915764959391,-0.11945421414717182,0.08551843068220144,0.0003987049504246831
5.64,4,seg4,-0.4983653138202514,0.15951232165455645,0.08631598174950057,-0.17292448911732364,0.14077026891387473,0.0004837522285803253
5.64,5,seg5,-0.616778770761159,0.09419777018771613,0.08688346642784242,-0.2332594272202434,0.06950785162647367,0.0010494941038761973
5.64,6,seg6,-0.6291590301488406,-0.0451001795277193,0.0877938802485774,-0.40302854432812124,-0.07065795034858198,0.0019581700296518595
5.66,0,head,-0.5830288613452849,-0.16145220294502655,0.08730719992768636,0.5738483727011003,-0.18339750927541237,-5.2518294362591256e-05
5.66,1,seg1,-0.45548763501075573,-0.13044123997200022,0.08616327943835705,0.2969500934415381,-0.14635181749056153,0.0003365575786858088
5.66,2,seg2,-0.3597860562736824,-0.0348056982620603,0.08637829417094109,0.03041454591541089,-0.04631124561572229,0.0005496057059967141
5.66,3,seg3,-0.37731736532077076,0.09833899929954601,0.08629086246457242,-0.12124247084792299,0.08570434224478797,0.0004604097654031941
5.66,4,seg4,-0.49515973922227663,0.16273537544422226,0.08634848028998973,-0.17597304180310328,0.14414222839685573,0.0005162507690694845
5.66,5,seg5,-0.6154996714717099,0.10098839890901905,0.08686672352035964,-0.23421390163299263,0.07635165992433035,0.0010327511963934138
5.66,6,seg6,-0.6317754695123721,-0.03853732845373002,0.08774136661859566,-0.4001027344284693,-0.06422705573017344,0.001905656399670122
5.68,0,head,-0.5833144588222725,-0.163091924291804,0.08735346336455539,0.5740556099329984,-0.1850489646165073,-6.254857493559474e-06
5.68,1,seg1,-0.4564118458200764,-0.13103067355438056,0.0861749958947853,0.2978452050478136,-0.14698456766267037,0.0003482740351140601
5.68,2,seg2,-0.3601006812266213,-0.03536582458009695,0.08637321287108446,0.030702157168398605,-0.04688571068890619,0.0005445244061400845
5.68,3,seg3,-0.37526677580335976,0.09836356688366958,0.08630838658781319,-0.12328956761083784,0.08582647241260843,0.0004779338886439638
5.68,4,seg4,-0.49119362899275043,0.166207146181507,0.08640397565349889,-0.17976943156071729,0.14779881795697605,0.0005717461325786405
5.68,5,seg5,-0.6138512393799197,0.10859594275601306,0.08693272904907112,-0.23549841221966789,0.08402903475543137,0.001098756725104899
5.68,6,seg6,-0.6351670646024448,-0.03062220519872216,0.0877835269035593,-0.39633829061762144,-0.05648231195189413,0.0019478166846337575
5.7,0,head,-0.5835641358633179,-0.16479547263422129,0.08733812892484387,0.5742239298149093,-0.1867624651263148,-2.1589297205082403e-05
5.7,1,seg1,-0.4574434598481535,-0.13162928212078243,0.08621950832794018,0.2988471615225899,-0.14763159389182462,0.0003927864682689297
5.7,2,seg2,-0.3605440825996667,-0.036182362404803645,0.08646004663999958,0.031106195941279127,-0.047722425375506604,0.000631358175055205
5.7,3,seg3,-0.37297060162262635,0.09818998302426213,0.08637460613464319,-0.12559140106618302,0.08576236338220106,0.000544153435473968
5.7,4,seg4,-0.48669183040915565,0.17000318825514163,0.0863970093454283,-0.18408547015099275,0.15180480557510428,0.0005647798245080465
5.7,5,seg5,-0.6116964456945404,0.11760202384341709,0.08685346617407667,-0.23722215229300272,0.09312746058289961,0.0010194938501104506
5.7,6,seg6,-0.6391855547403315,-0.021035056825579195,0.08769178785891181,-0.39186808808901497,-0.047097272459747035,0.00185607763998627
5.72,0,head,-0.5837599144769687,-0.16661783488287674,0.08734988566702555,0.5743327578225303,-0.18859207981133128,-9.832555023403522e-06
5.72,1,seg1,-0.45860394221708245,-0.13233600648736085,0.08621826778901237,0.299972694933816,-0.14839274643826444,0.000391545929341125
5.72,2,seg2,-0.3610572094518027,-0.037001003713845265,0.08646634950781042,0.03157978107867131,-0.0485645594959726,0.0006376610428660417
5.72,3,seg3,-0.3706088190429727,0.09791917029018886,0.08642007026900496,-0.12796339583680216,0.08560425804380055,0.0005896175698357348
5.72,4,seg4,-0.4820570321631568,0.17386875150590944,0.0864716270569843,-0.1885310490900782,0.15588656523489391,0.0006393975360640541
5.72,5,seg5,-0.6088313937872268,0.12761533442081688,0.0869335381493158,-0.23960741032633756,0.10326577677760111,0.0010995658253495771
5.72,6,seg6,-0.6432601269866325,-0.009455859670648156,0.08773289685970187,-0.3872470626132135,-0.03572511042721539,0.00189718664077633
5.74,0,head,-0.5840531982499761,-0.16841235468228247,0.08732297658553188,0.5745403055662626,-0.19039852400255727,-3.674163651706808e-05
5.74,1,seg1,-0.4602159137398429,-0.13307652379375615,0.0862206341689967,0.30154759765757977,-0.14920914063325857,0.0003939123093254504
5.74,2,seg2,-0.3618576770035068,-0.03776362877565741,0.08648342870596723,0.03234304721777189,-0.04936441578747121,0.0006547402410228553
5.74,3,seg3,-0.36819192816461627,0.09772921874345693,0.08643745956178886,-0.13038658816527837,0.08552954494888339,0.0006070068626196357
5.74,4,seg4,-0.4768413336861532,0.17825995072049758,0.08645920837564759,-0.19353185428451347,0.16052101110779834,0.0006269788547273447
5.74,5,seg5,-0.605278980644057,0.13906532642047065,0.08689334212997572,-0.2426108770606892,0.11487185895484722,0.0010593698060094997
5.74,6,seg6,-0.6476672349853596,0.004165666643400536,0.08767396538398688,-0.38219668088587144,-0.022328759265653263,0.0018382551650613366
5.76,0,head,-0.5842692899095187,-0.1703361219521352,0.08743287354622978,0.5746645975960986,-0.19233039553171755,7.315532418082638e-05
5.76,1,seg1,-0.4618801793337341,-0.13374755559243626,0.086236059067641,0.3031780421098461,-0.14995861680338216,0.00040933720796974826
5.76,2,seg2,-0.3629158701766735,-0.03859581205393288,0.08643231577866005,0.03336043657343135,-0.05024601700073051,0.0006036273137156739
5.76,3,seg3,-0.3659189743407093,0.09739007074730478,0.08641874723651029,-0.13267310700377874,0.08529895429529233,0.0005882945373410636
5.76,4,seg4,-0.4713640460827002,0.1826245775556733,0.08654196193718819,-0.19879521681214282,0.165141364102975,0.0007097324162679414
5.76,5,seg5,-0.6012707389144801,0.15094992365614598,0.0870772800400302,-0.24604897240563375,0.12693374743107239,0.001243307716063971
5.76,6,seg6,-0.6522100626382743,0.019838277771335632,0.08787517204887559,-0.3769131192965765,-0.006890106488201072,0.0020394618299500455
5.78,0,head,-0.5846056708725701,-0.17254012049737505,0.0874377696101223,0.5748957060299986,-0.19454790553879003,7.805138807334688e-05
5.78,1,seg1,-0.4637351052622881,-0.1343652703048369,0.08625267747428922,0.30500146829181296,-0.15066391009332544,0.00042595561461797327
5.78,2,seg2,-0.36421554816989493,-0.03909079182123766,0.0864455928945128,0.03463508510610191,-0.05080228939269265,0.000616904429568424
5.78,3,seg3,-0.36354267896473735,0.09694967230229098,0.08642826322271552,-0.13506766894712396,0.08497214608991166,0.0005978105235462938
5.78,4,seg4,-0.4650320999706424,0.18717123462267474,0.08652691645477903,-0.2049036063508648,0.16998421546234013,0.0006946869338587819
5.78,5,seg5,-0.5971362290697757,0.16340772957575145,0.08702797650528404,-0.24958591298718122,0.13957420435737733,0.0011940041813178204
5.78,6,seg6,-0.6574466957752446,0.03703807029863417,0.0878354559249041,-0.370863857685387,0.010040978047391446,0.0019997457059785645
5.8,0,head,-0.5852678204787798,-0.17477402258022198,0.08736973461271655,0.5754507908233463,-0.19681078898449705,1.0016390667597075e-05
5.8,1,seg1,-0.4660418516895649,-0.13512930388270586,0.0862572521694126,0.3072692394896607,-0.15153685922210278,0.000430530309741356
5.8,2,seg2,-0.365860169192656,-0.039794964516796226,0.08649245643260205,0.036244330025140624,-0.05158393399472849,0.0006637679676576719
5.8,3,seg3,-0.3613978827493185,0.09665112994995607,0.08645661470781892,-0.13722424291478744,0.08477601586964122,0.0006261620086496916
5.8,4,seg4,-0.45859349038609504,0.19196849273016062,0.0864721560386228,-0.21110661204653028,0.17508246016676077,0.0006399265177025465
5.8,5,seg5,-0.5926102938093544,0.17672609607705245,0.0868652516998101,-0.25347288017435043,0.15309287523606974,0.0010312793758438799
5.8,6,seg6,-0.6626453828353818,0.055701261149988336,0.08764129586661583,-0.36478285398198945,0.028435608618875542,0.0018055856476902887
5.82,0,head,-0.5859275696484472,-0.17725039105374785,0.08743842524475101,0.5759919385856507,-0.1993157498390429,7.870702270205976e-05
5.82,1,seg1,-0.468647697618567,-0.13599773448200927,0.08626732978834756,0.3098308028756365,-0.1525283216421207,0.00044060792867631204
5.82,2,seg2,-0.3679679992397572,-0.04046328117180882,0.08644458392291184,0.03831796553962735,-0.052351807950109436,0.0006158954579674608
5.82,3,seg3,-0.35979566478334196,0.09634768230233286,0.08641216517509535,-0.13883908688512075,0.08454916385500423,0.00058171247592613
5.82,4,seg4,-0.45254707018305923,0.19667467791486168,0.08647728753884766,-0.21692220704311743,0.18007107030338304,0.0006450580179274135
5.82,5,seg5,-0.5874204300704979,0.1906310094191519,0.0869274103666706,-0.25799510895016614,0.16722902561633168,0.00109343804270437
5.82,6,seg6,-0.6672433751793314,0.07593206319330553,0.08772574013401599,-0.3592272595321042,0.0484246620036312,0.0018900299150904493
5.84,0,head,-0.5868701042104221,-0.17987645798140958,0.08746890538145409,0.5768084269538812,-0.20198369767463722,0.00010918715940513857
5.84,1,seg1,-0.4722398627435307,-0.1370311191028205,0.08627138746423298,0.31336971745439685,-0.1537314914814296,0.0004446656045617309
5.84,2,seg2,-0.37123067466169135,-0.04142537710580965,0.08639937144832228,0.04153115649254985,-0.05346808900517157,0.0005706829833779098
5.84,3,seg3,-0.35901438061157254,0.09568430139851467,0.0863408912266327,-0.13965105699847297,0.08392371704225872,0.0005104385274634776
5.84,4,seg4,-0.44654233590133563,0.201227331675887,0.08640870190554532,-0.22270347012830286,0.18490433909344658,0.0005764723846250763
5.84,5,seg5,-0.5819317410521343,0.2052259336003862,0.0868766529042021,-0.2627829858224278,0.18206862648855107,0.0010426805802358774
5.84,6,seg6,-0.67190899402088,0.09832332227970166,0.08770479214443717,-0.35350129604236674,0.07056850595092973,0.0018690819255116342
5.86,0,head,-0.5880439356013781,-0.18314827005731782,0.0876912846865948,0.5778252181514767,-0.20530766669595574,0.0003315664645458516
5.86,1,seg1,-0.47649785965570246,-0.1384527994886589,0.08637513680363271,0.31755522981973605,-0.1553542049684433,0.0005484149439614616
5.86,2,seg2,-0.3751792447694098,-0.0421067280281643,0.0863772743251371,0.045442825982889457,-0.0543365858511521,0.0005485858601927268
5.86,3,seg3,-0.3591325450066546,0.09491707580257583,0.08633667192271977,-0.13956953983553858,0.08315173719053234,0.0005062192235505414
5.86,4,seg4,-0.4412800597007731,0.20519301037575238,0.08653649284886517,-0.22777105138460396,0.18911596331323524,0.0007042633279449179
5.86,5,seg5,-0.5763609280002295,0.21930108606053852,0.08716804707487029,-0.2676776303352261,0.19639295299710022,0.0013340747509040657
5.86,6,seg6,-0.675474118446865,0.1224448447342848,0.08810757614585313,-0.34879223433174833,0.0944930267508366,0.002271865926927588
5.88,0,head,-0.590379078264087,-0.1863186021039598,0.08732050488712406,0.5800068343008342,-0.20858553910305544,-3.9213334924889653e-05
5.88,1,seg1,-0.4809980081834556,-0.13899137023154287,0.08619480777093291,0.3220246478379784,-0.15610633380899525,0.00036808591126166745
5.88,2,seg2,-0.3801366501198118,-0.042568516057564613,0.08637075136294987,0.05037263689697804,-0.05503378047303936,0.0005420628980054992
5.88,3,seg3,-0.3601907696202885,0.09462834618156027,0.08632873716629509,-0.138526255355818,0.08281297234407907,0.0004982844671258674
5.88,4,seg4,-0.4364116054193127,0.2097488833125618,0.08634604144760766,-0.23241716879763952,0.19389837047784145,0.0005138119266874103
5.88,5,seg5,-0.5701733190224266,0.2346176727002874,0.08670419147233989,-0.27312929028673094,0.211986661180897,0.000870219148373666
5.88,6,seg6,-0.6783870780819293,0.1482925812754645,0.08746159590683632,-0.34465244549452523,0.12017284307652214,0.0016258856879107775
5.9,0,head,-0.5921234643976351,-0.19067342972532356,0.08787409216423112,0.5815419915145431,-0.2130184499890712,0.0005143739421821641
5.9,1,seg1,-0.4851463668344223,-0.14039362300627342,0.08656604057783653,0.32610157076177776,-0.15770442386046324,0.0007393187181652799
5.9,2,seg2,-0.38482190941911415,-0.042486244605597336,0.08654827275570175,0.05505650268332294,-0.055174580283194885,0.0007195842907573718
5.9,3,seg3,-0.3618943223729741,0.0940347145701276,0.08645572809040182,-0.13685288467842652,0.08213893892727528,0.0006252753912325965
5.9,4,seg4,-0.4323986089173837,0.21279840014692378,0.08655849385826797,-0.23628048735372081,0.19713541597947798,0.0007262643373477234
5.9,5,seg5,-0.5646120557645797,0.24762824246022547,0.08708561487443256,-0.2780650608053009,0.22524715679319918,0.0012516425504663364
5.9,6,seg6,-0.6791586963682023,0.17426487768203824,0.0880515928673017,-0.342645643647113,0.14607898755530221,0.0022158826483761607
5.92,0,head,-0.594401038436427,-0.19609708452915645,0.08741872038794135,0.5835588654918795,-0.2185443521137877,5.900216589239948e-05
5.92,1,seg1,-0.4896347937516659,-0.1425119867839627,0.08633434024395382,0.33048409589256406,-0.160033997804681,0.0005076183842825793
5.92,2,seg2,-0.38990569581709145,-0.04285655314799039,0.0865166651294698,0.06011690507769094,-0.05578641372534439,0.0006879766645254276
5.92,3,seg3,-0.36393333897182667,0.09395543500057156,0.08645969149244369,-0.13481995154051646,0.08196270954023087,0.0006292387932744642
5.92,4,seg4,-0.42858095952255004,0.21679179001644341,0.0863821312051008,-0.23990375991583313,0.20130596816000149,0.000549901684180551
5.92,5,seg5,-0.5579300847447487,0.26196926108386165,0.08657872699027909,-0.284056951276565,0.23988992976986379,0.0007447546663128662
5.92,6,seg6,-0.679470532900304,0.20044227126839365,0.08725001393037482,-0.34108834170788926,0.17221187847205952,0.0014143037114492801
5.94,0,head,-0.5961803885466642,-0.20162192352760536,0.08763648329288559,0.5850732645872108,-0.22414761260684118,0.00027676507083664037
5.94,1,seg1,-0.49453453029793637,-0.144979834637403,0.08638691327886726,0.33526083215655905,-0.1627322346200498,0.0005601914191960128
5.94,2,seg2,-0.3958622699750639,-0.043697588545106504,0.0864335262816804,0.06602670371621842,-0.056909977825229316,0.000604837816736023
5.94,3,seg3,-0.3669309377268884,0.09334136095049872,0.08642196592295359,-0.13185497404481344,0.08120667139024508,0.0005915132237843679
5.94,4,seg4,-0.4252558295323991,0.21957248779224373,0.08656608929341474,-0.24309278486511757,0.2042417626765001,0.0007338597724944884
5.94,5,seg5,-0.5510098178419491,0.27499904415533993,0.08703852135261078,-0.2903492711475763,0.2532342938059981,0.0012045490286445582
5.94,6,seg6,-0.6783196433737628,0.22661790481678712,0.0878949221758236,-0.34099219215664367,0.19841262452296743,0.002059211956898066
5.96,0,head,-0.5978138191662392,-0.20833950572638257,0.08759720351720239,0.5863851452189057,-0.23093532027540348,0.00023748529515343897
5.96,1,seg1,-0.49899662003532197,-0.14784136068529138,0.0864109155092535,0.33958168181920445,-0.1658028753247687,0.0005841936495822597
5.96,2,seg2,-0.4017745211784948,-0.044388799247268115,0.08648839780508481,0.07189935998976915,-0.05788177760703841,0.000659709340140438
5.96,3,seg3,-0.370119650526054,0.09305342423859442,0.08641432478272071,-0.12868357772692174,0.08076730564361147,0.0005838720835514843
5.96,4,seg4,-0.42206195934420015,0.2230543434133684,0.0863980389859157,-0.24611732966260852,0.20787167371011525,0.0005658094649954593
5.96,5,seg5,-0.5429665220995639,0.28896010036922104,0.08666833886095508,-0.2977190267494081,0.2675623222595456,0.0008343665369888592
5.96,6,seg6,-0.675852515949697,0.25424521995530525,0.08735779153589472,-0.3421417015010552,0.2261260488468115,0.0015220813169691816
5.98,0,head,-0.5999368167287581,-0.21381527602594097,0.0875002520817367,0.5882451376232308,-0.23650592233254394,0.00014053385968774978
5.98,1,seg1,-0.5037884108965168,-0.14913208614420703,0.08627065087056364,0.34430661561294423,-0.1673201862717244,0.0004439290108923938
5.98,2,seg2,-0.40876667888649854,-0.04420289955748931,0.08635535988530539,0.0788924420218496,-0.058028855121789645,0.0005266714203610162
5.98,3,seg3,-0.37450864223751895,0.09290883876882189,0.08633857339785875,-0.12430644026189575,0.08041400575478126,0.0005081206986895237
5.98,4,seg4,-0.4192912265943882,0.22550645215783624,0.08641860313622325,-0.24876822357737563,0.21045286698400806,0.0005863736153030041
5.98,5,seg5,-0.5348128797378282,0.3018656891617416,0.08675250894524505,-0.30524923510542024,0.2808413308049734,0.0009185366212788315
5.98,6,seg6,-0.6707085608936213,0.2826497029863662,0.08746609903215867,-0.34592801882397506,0.2547431544132985,0.0016303888132331301
6.0,0,head,-0.6011236486550827,-0.2199468767292025,0.08741603752799953,0.5891388132867732,-0.2426870582324894,5.631930595058343e-05
6.0,1,seg1,-0.5088093978441841,-0.15104905490895343,0.08622112157580107,0.3492306819938593,-0.16947393868249835,0.0003943997161298257
6.0,2,seg2,-0.415949608258088,-0.043266043484886725,0.08633303996464375,0.08611181861572771,-0.05743490626195599,0.0005043514996993792
6.0,3,seg3,-0.37953200486998556,0.09274750477874437,0.08636660248147147,-0.11929644777504697,0.08001378572472351,0.0005361497823022504
6.0,4,seg4,-0.417572602086892,0.2282327875426022,0.08643305166708397,-0.25035515057779467,0.21325790486661855,0.0006008221461637209
6.0,5,seg5,-0.5264952909763476,0.31455545251950384,0.08670674448754473,-0.3129534755255788,0.2939125609084863,0.0008727721635785057
6.0,6,seg6,-0.6629217559994321,0.3115092735116769,0.08734885609751941,-0.3523325330885505,0.28394060872676874,0.0015131458785938717
6.0200000000000005,0,head,-0.6085282082097281,-0.2263699769589575,0.09088728759346745,0.5962292983231582,-0.2494552737063928,0.0035275693714185014
6.0200000000000005,1,seg1,-0.5106511134474373,-0.1572154791567851,0.08911752647628966,0.35077684197621795,-0.17572102549762791,0.0032908046166184174
6.0200000000000005,2,seg2,-0.41696770960060736,-0.046014206550610046,0.08844792905850239,0.08699797741294808,-0.0602284082156624,0.002619240593558017
6.0200000000000005,3,seg3,-0.3835916914902902,0.09321039312575982,0.08766784453514967,-0.11521933173332981,0.0802829434060821,0.0018373918359804453
6.0200000000000005,4,seg4,-0.41871773425443554,0.2299695121603755,0.08708182808284184,-0.24912866282168983,0.2149381631393679,0.0012495985619215971
6.0200000000000005,5,seg5,-0.5202699361059835,0.32639089544780003,0.08695845937629335,-0.31860851109466726,0.3060308662882398,0.0011244870523271222
6.0200000000000005,6,seg6,-0.6567737576948993,0.3437867101371336,0.08762076337501137,-0.35693743669047634,0.3164740632170256,0.0017850531560858335
6.04,0,head,-0.6186672051903097,-0.23140747605194287,0.09030910023865249,0.6061170650549411,-0.2549695937849738,0.0029493820166035384
6.04,1,seg1,-0.5127220572156096,-0.1655209387149145,0.08845834139096688,0.3524501707016906,-0.18411563314409862,0.002631619531295634
6.04,2,seg2,-0.41507885672744876,-0.05029946565706763,0.08769565853101756,0.08490732335172965,-0.0644189184927042,0.0018669700660731842
6.04,3,seg3,-0.3854869098040812,0.09431915047421914,0.08697382147207594,-0.11327349360319826,0.08130024831890761,0.0011433687729067166
6.04,4,seg4,-0.42057469835448913,0.23129797706098382,0.08663379754362854,-0.24721057936943747,0.21617674722246338,0.0008015680227082961
6.04,5,seg5,-0.5156764051020277,0.3357920199057642,0.08668023828094512,-0.3227494244563685,0.31563995077562973,0.0008462659569788977
6.04,6,seg6,-0.6529727239879057,0.3745536402133185,0.08728463883374471,-0.35926992218817905,0.34738702740605126,0.00144892861481917
6.0600000000000005,0,head,-0.6274278411061313,-0.23085459484291757,0.0855981885802136,0.6148940865733826,-0.25483426996180675,-0.0017615296418353465
6.0600000000000005,1,seg1,-0.5165310455655101,-0.1726345759536286,0.08492994994899764,0.3559162950988494,-0.1914024849111357,-0.0008967719106736105
6.0600000000000005,2,seg2,-0.4130525843567774,-0.05637918433623493,0.08551430735776007,0.08259400466529991,-0.07039531503182021,-0.00031438110718430556
6.0600000000000005,3,seg3,-0.38443456337056736,0.09494826691757641,0.08581103097785114,-0.11429470707875138,0.08197873454031447,-1.9421721318080287e-05
6.0600000000000005,4,seg4,-0.4226613576489966,0.2344382384288005,0.08605304808332855,-0.24497683506674411,0.21921414328807473,0.00022081856240829811
6.0600000000000005,5,seg5,-0.5135292867330824,0.3429701215308115,0.08616086036596572,-0.3245524940081345,0.3229121031681689,0.0003268880419994985
6.0600000000000005,6,seg6,-0.6481581674527859,0.3993690963757091,0.08603369957350294,-0.36289802104138486,0.37240349633918707,0.00019798935457740474
6.08,0,head,-0.6320947993662208,-0.22744994547401218,0.0882605195606512,0.6197177886669291,-0.25165558551109174,0.0009008013386022501
6.08,1,seg1,-0.5187534445668602,-0.17574015843697194,0.08721493431987556,0.3579883768603399,-0.19461031549503743,0.0013882124602043189
6.08,2,seg2,-0.4108431294332562,-0.06016335736913692,0.0872496416039897,0.08020695921862984,-0.07407004912249589,0.0014209531390453195
6.08,3,seg3,-0.38233496544904993,0.09533819299943191,0.08709773389174084,-0.11637336879210633,0.08246814159202615,0.0012672811925716204
6.08,4,seg4,-0.42458588507970657,0.23773500398801126,0.08710097609005288,-0.24289759066095115,0.22241558229025007,0.001268746569132631
6.08,5,seg5,-0.5158435493248386,0.3464870379427259,0.08725850252137757,-0.3220734787682986,0.32631489552625176,0.0014245301974113445
6.08,6,seg6,-0.6440010916463452,0.41094445097162036,0.08745380962613508,-0.36649949910692825,0.384163575804128,0.0016180994072095417
6.1000000000000005,0,head,-0.6369636615806787,-0.2162980250420541,0.08961034750063461,0.6251118693943961,-0.24074801741879376,0.0022506292785856585
6.1000000000000005,1,seg1,-0.5222081512116891,-0.17470373790501645,0.0879918882134495,0.36148849363541324,-0.19373948366255445,0.002165166353778253
6.1000000000000005,2,seg2,-0.4086172133349304,-0.06570314667711018,0.08718982961937806,0.07771991901688877,-0.07949762676709364,0.0013611411544336843
6.1000000000000005,3,seg3,-0.37759792350470395,0.09499545997821889,0.08625481424403317,-0.12112135427809556,0.08235123937366982,0.00042436154486394373
6.1000000000000005,4,seg4,-0.4244029461272176,0.2420677078978443,0.08586112334692361,-0.24287412288743823,0.2267520830793865,2.8893826003364986e-05
6.1000000000000005,5,seg5,-0.5189455322715992,0.3481159986495034,0.08609684720179718,-0.3188974862004195,0.32779438273269285,0.000262874877830957
6.1000000000000005,6,seg6,-0.6442890349365863,0.4117892507281824,0.08671782705918439,-0.36617167688753427,0.3849937146838037,0.0008821168402588508
6.12,0,head,-0.6415188515630391,-0.2012787351550061,0.08637785988616031,0.6303766868341221,-0.22596253393627191,-0.0009818583358886385
6.12,1,seg1,-0.5260095356696155,-0.16914262136188637,0.08536193225328238,0.36555023200663467,-0.18836558169044762,-0.0004647896063888629
6.12,2,seg2,-0.4083625984023338,-0.06916317647314868,0.08573471170379299,0.07730092493706099,-0.08294161847940124,-9.397676115138753e-05
6.12,3,seg3,-0.37360932369267474,0.09269581911472885,0.08618021111649532,-0.125214877680672,0.08024402730258598,0.0003497584173260959
6.12,4,seg4,-0.42295883848800964,0.24195914907433042,0.0868866826279139,-0.2443217606562408,0.2267123743664226,0.001054453106993647
6.12,5,seg5,-0.5207539695113874,0.34462460994847344,0.08782273748427234,-0.31725725819240347,0.3242208841118568,0.001988765160306119
6.12,6,seg6,-0.649441377558348,0.4033521536699829,0.08870206287259608,-0.3614267056929868,0.37632097061861347,0.002866352653670537
6.140000000000001,0,head,-0.644799824131519,-0.1910389498394278,0.0890070135818839,0.6341412673881581,-0.21589049752073652,0.0016472953598349466
6.140000000000001,1,seg1,-0.5284066094805886,-0.16537895393953303,0.08761748690994291,0.36812370785676074,-0.18472025902027148,0.0017907650502716616
6.140000000000001,2,seg2,-0.40758128913919267,-0.06988571412457815,0.08710337385225791,0.07648611440845694,-0.08362615381437156,0.00127468538731354
6.140000000000001,3,seg3,-0.37112352251922104,0.09160220808396459,0.08634232350824862,-0.1277499086391534,0.07926995820880604,0.0005118708090793983
6.140000000000001,4,seg4,-0.4221070204943844,0.23867725112220492,0.0861111428341037,-0.24532880355532755,0.2234747343830707,0.000278913313183457
6.140000000000001,5,seg5,-0.5242036722761485,0.3372404880356617,0.08650328350131496,-0.31416288501309864,0.31668095306352173,0.0006693111773487387
6.140000000000001,6,seg6,-0.6566012049264375,0.38731944192211004,0.0872170472482136,-0.35503801037904226,0.3599656795448365,0.0013813370292880545
6.16,0,head,-0.648121742949858,-0.1756825584976081,0.08736074405288893,0.6381902542284137,-0.2007096014587166,1.0258308399818672e-06
6.16,1,seg1,-0.5315242695200005,-0.15852187415216418,0.08682614564917811,0.3715641732485878,-0.17801932287532307,0.000999423789506862
6.16,2,seg2,-0.4068512450647111,-0.06962174094086988,0.08730313224148464,0.07576946040892633,-0.0833277359239988,0.0014744437765402685
6.16,3,seg3,-0.3678609715505095,0.09001673397293565,0.08708462388292354,-0.13108421769945428,0.07784154997951957,0.0012541711837543157
6.16,4,seg4,-0.42103709299293524,0.2355198374959832,0.08677065003578226,-0.24654778443652509,0.220371817807231,0.0009384205148620095
6.16,5,seg5,-0.5267800099544657,0.3284219003480878,0.08667709395511411,-0.3120091555306501,0.3077497463168836,0.0008431216311478862
6.16,6,seg6,-0.6633085700790702,0.36794992687065875,0.08660243068600075,-0.34926006772350693,0.3402988994504778,0.0007667204670752104
6.18,0,head,-0.6505285577363242,-0.1614364270090381,0.08738239453370762,0.6412723351343075,-0.1865941561205274,2.2676311658670345e-05
6.18,1,seg1,-0.5332934952353493,-0.15175714280203156,0.08598126732267282,0.3736533372530606,-0.17134645665205697,0.00015454546300157357
6.18,2,seg2,-0.40571633653994343,-0.0693886009746361,0.08572229364334528,0.07464693332020071,-0.08304084824846908,-0.00010639482159909008
6.18,3,seg3,-0.3646415677629191,0.08763532113309942,0.08565025043878104,-0.13441330830596118,0.07561605147492405,-0.00018020226038818754
6.18,4,seg4,-0.4197354603309279,0.23115053824181098,0.08616869055651677,-0.2480558832613201,0.2160694159787304,0.00033646103559652196
6.18,5,seg5,-0.5302423503627606,0.31913207231399365,0.08715793828961883,-0.30899285424590106,0.298305667083663,0.0013239659656526098
6.18,6,seg6,-0.6680987834482758,0.3474114523350469,0.08828106466115074,-0.34545273691844036,0.3195557243678673,0.0024453544422251977
6.2,0,head,-0.6518811754072276,-0.14856938984186743,0.08793374770395392,0.6432357804221439,-0.17380607172032644,0.0005740294819049641
6.2,1,seg1,-0.5346409532142384,-0.14528281369962345,0.08670382184315739,0.3753073907825015,-0.16494359110194162,0.0008770999834861459
6.2,2,seg2,-0.4059534707969188,-0.0693325827265086,0.08651891066725816,0.07488646486409478,-0.0829961790260872,0.0006902222023137811
6.2,3,seg3,-0.36368779538212387,0.08621697991406573,0.0862213980528557,-0.13543350079650332,0.07424470875694805,0.00039094535368647265
6.2,4,seg4,-0.42034787996231676,0.22597084496914444,0.08644258448072675,-0.2476906664136504,0.21086644597518003,0.0006103549598065056
6.2,5,seg5,-0.5346643038905826,0.3075067922554632,0.08713105915055895,-0.3051291746178154,0.28648311282625305,0.0012970868265927277
6.2,6,seg6,-0.6714695478919676,0.3235761643748622,0.08806076541057718,-0.34322014660276984,0.2955870250798737,0.0022250551916516426
6.22,0,head,-0.6518937886359921,-0.13739797878214358,0.08741951860008869,0.6437800424270671,-0.16264791940783735,5.9800378039737145e-05
6.22,1,seg1,-0.5348170797644902,-0.13924474306886522,0.08651400119438897,0.37577067798321634,-0.15892074439350226,0.0006872793347177247
6.22,2,seg2,-0.4052984137563077,-0.06814884563192922,0.08664595050449041,0.07428848577989826,-0.08178260815863356,0.0008172620395460323
6.22,3,seg3,-0.3624926553539611,0.08423543543762589,0.08639527652679438,-0.13672159106798737,0.07232228797797594,0.0005648238276251549
6.22,4,seg4,-0.4210772537220414,0.22062022391850605,0.08640158075336661,-0.24721676265172793,0.20548717586361684,0.0005693512324463634
6.22,5,seg5,-0.5396223278710772,0.295636944717493,0.08673264064513798,-0.30074167127346,0.2743907558696984,0.0008986683211717611
6.22,6,seg6,-0.6753444876975732,0.29953099819378953,0.08734166513664497,-0.340493940610554,0.2713846909764065,0.001505954917719432
6.24,0,head,-0.6505568238557736,-0.12825286187431534,0.08734038896111546,0.6428798214756996,-0.15344953692397018,-1.9329260933495518e-05
6.24,1,seg1,-0.5342190643937437,-0.13498607019362702,0.08612736861423764,0.37537601642637125,-0.15463843668651012,0.0003006467545663971
6.24,2,seg2,-0.40381618768368904,-0.06819060457428447,0.08602617837170012,0.07280595186988323,-0.08175377857269277,0.00019748990675574896
6.24,3,seg3,-0.360712520377857,0.08189089284550104,0.08592059496059637,-0.1386112890100094,0.07006512112834176,9.014226142714521e-05
6.24,4,seg4,-0.422736707085731,0.2163250161869373,0.0862999915698329,-0.24576360457559016,0.20111785938059104,0.0004677620489126483
6.24,5,seg5,-0.5451524738135451,0.284378795851559,0.0870801587416544,-0.29575358265086743,0.26288217637783257,0.001246186417688172
6.24,6,seg6,-0.6796850205931215,0.2763677472323255,0.08808138623729865,-0.33726069751970095,0.24804111455737043,0.0022456760183731106
6.26,0,head,-0.6495850329354179,-0.12243410191244,0.08745920221494886,0.642186054624263,-0.14759112138370895,9.94839928999125e-05
6.26,1,seg1,-0.5326056962909966,-0.13261797225884683,0.08673119185516516,0.3738771775423331,-0.15219623962996967,0.0009044699954939145
6.26,2,seg2,-0.40197104329632394,-0.06857843453661612,0.0870083142519467,0.07094444086883961,-0.08205335607941185,0.001179625787002328
6.26,3,seg3,-0.3596024464716904,0.08050998558648542,0.08671137831245751,-0.13978582438421008,0.06873860856157138,0.0008809256132882859
6.26,4,seg4,-0.4249222249275399,0.2117894432193125,0.0865180134005959,-0.2437964174292034,0.19648341387850518,0.0006857838796756471
6.26,5,seg5,-0.5506287604369151,0.2722945830862104,0.08665054740000187,-0.2908586058543918,0.2505510322502044,0.0008165750760356499
6.26,6,seg6,-0.6839291959913171,0.25197304981881363,0.08715678092031648,-0.33418230900034507,0.22347207284170476,0.001321070701390939
6.28,0,head,-0.6479925917049266,-0.11879755633310721,0.08761633131898923,0.6407684860964905,-0.14388290991566105,0.000256613096940278
6.28,1,seg1,-0.5295396093968696,-0.13202481248937428,0.08650583938132361,0.3708427941724894,-0.15145783261607665,0.000679117521652367
6.28,2,seg2,-0.3984983509971687,-0.06956558122445264,0.08643621016651966,0.06742870383033081,-0.08287411393815641,0.0006075217015752837
6.28,3,seg3,-0.35756672000197726,0.07826264250625493,0.08614143901502205,-0.1419261983452565,0.06659069504230251,0.0003109863158528292
6.28,4,seg4,-0.42742808487924583,0.20760107224382696,0.08622785375955265,-0.241492727328457,0.19218053142082694,0.0003956242386324027
6.28,5,seg5,-0.5565981404901988,0.2605831593764424,0.086789997037621,-0.28545335280612155,0.23856878776060378,0.0009560247136547739
6.28,6,seg6,-0.687764385813575,0.2283626206492167,0.08769263900770104,-0.3314751182081935,0.1997058749010224,0.001856928788775497
6.3,0,head,-0.6455586669180372,-0.11613227389357524,0.08756623232179792,0.6384641637374329,-0.14110481365825278,0.00020651409974896395
6.3,1,seg1,-0.5262646000242007,-0.1316644860769033,0.08638166920447266,0.3675886441918698,-0.15094205221999232,0.0005549473448014097
6.3,2,seg2,-0.3955916698358597,-0.07065344221258066,0.08635108131285187,0.0644735434409795,-0.08382240923779961,0.0005223928479074907
6.3,3,seg3,-0.35635113789062833,0.07621852857784157,0.08623518277452953,-0.14323768530442715,0.06460674857690164,0.00040473007536030725
6.3,4,seg4,-0.4304000621099535,0.20307180110580034,0.0864980278593799,-0.2387396720273371,0.18751495190599304,0.0006657983384596583
6.3,5,seg5,-0.5626712872929847,0.2482814925868558,0.08716817517260274,-0.2799725410810048,0.22599203059836612,0.0013342028486365148
6.3,6,seg6,-0.6902600418388456,0.20510525522806955,0.08808443693257371,-0.3300891405730804,0.1763560909336822,0.0022487267136481748
6.32,0,head,-0.6423890441591001,-0.11391177570676926,0.08728131403874627,0.6354038091306395,-0.1387359847680731,-7.840418330268273e-05
6.32,1,seg1,-0.5225825393443166,-0.1310817601147002,0.0863698560522826,0.36393848844445587,-0.15018475213719235,0.0005431341926113581
6.32,2,seg2,-0.39309505706334547,-0.0714767935641682,0.08659782500052138,0.061940575170113116,-0.08452601034792422,0.000769136535577003
6.32,3,seg3,-0.35598567601870423,0.07397396965154614,0.08645587492692904,-0.143709554763773,0.06238212582983249,0.0006254222277598115
6.32,4,seg4,-0.434465816051398,0.19812871632447787,0.0864234080367734,-0.2349137733573929,0.1823839732827034,0.0005911785158531496
6.32,5,seg5,-0.5691049670403181,0.23513400355768907,0.0867628573103677,-0.2741718587984837,0.21255325134154174,0.0009288849864014792
6.32,6,seg6,-0.6914927683352194,0.18127237276331598,0.08747019052135983,-0.329992051086094,0.1524915466299758,0.0016344803024342935
6.34,0,head,-0.6388348274005273,-0.11256424232020511,0.08732304291119335,0.6319177506973952,-0.137220828144722,-3.667531085560505e-05
6.34,1,seg1,-0.5193934761624415,-0.13078104731319573,0.0860174846603065,0.3607673501728409,-0.14973260810250308,0.00019076280063524964
6.34,2,seg2,-0.3910410242845326,-0.07214756791559125,0.085954435939573,0.05985694675269802,-0.08509827034535507,0.00012574747462862357
6.34,3,seg3,-0.3560991504865737,0.07202278273541451,0.08594662517077728,-0.1436890685880721,0.060427749419532974,0.00011617247160805588
6.34,4,seg4,-0.43844018675930807,0.1932745942590067,0.08635500905874931,-0.231174920513485,0.1773462056263187,0.0005227795378290601
6.34,5,seg5,-0.5752263753603899,0.22247439785660633,0.08716666387391052,-0.2686598750549599,0.1996166640198102,0.0013326915499442954
6.34,6,seg6,-0.6925859900230076,0.15817011488427352,0.08815597598220647,-0.3299995368876938,0.12936343826094118,0.0023202657632809265
6.36,0,head,-0.6358727645496722,-0.11130287492528783,0.08742451485167269,0.6290190744348225,-0.1358199213094576,6.4796629623734e-05
6.36,1,seg1,-0.5174331565920751,-0.1302427584867799,0.0864230421989352,0.35883486978298546,-0.149101634869339,0.0005963203392639477
6.36,2,seg2,-0.38993006126855223,-0.07224001973316982,0.08651753169542292,0.05874284267167955,-0.08513774512173729,0.0006888432304785475
6.36,3,seg3,-0.3570474484074529,0.07039473833290413,0.08631283490216929,-0.14281932610440712,0.058756418950937424,0.0004823822030000646
6.36,4,seg4,-0.44222831852013966,0.18767507351269921,0.08632888790737148,-0.22765757015213922,0.17157274728152014,0.0004966583864512292
6.36,5,seg5,-0.5813130018484882,0.20886978010743576,0.0867955584647328,-0.26322760817603763,0.1857377907710033,0.0009615861407665793
6.36,6,seg6,-0.692607420528126,0.13533247055236264,0.08769679460920125,-0.3310650060832666,0.10655065164268611,0.0018610843902757135
6.38,0,head,-0.632996716662093,-0.110502666364843,0.08706434676867437,0.6261843684773201,-0.13488374433614153,-0.0002953714533745766
6.38,1,seg1,-0.5135436208008483,-0.12946410819831214,0.08605904717010819,0.35498679832945335,-0.1481387584340205,0.0002323253104369455
6.38,2,seg2,-0.388246996143514,-0.07214715040222851,0.08624310188576845,0.05706610443022368,-0.08496488160023966,0.0004144134208240724
6.38,3,seg3,-0.3579593227223107,0.06879838371013819,0.08614398948462361,-0.1419844577938007,0.057118475804324276,0.00031353678545438524
6.38,4,seg4,-0.4465638089573468,0.18234651096073443,0.08621136564481292,-0.22358058605420286,0.16604389054040444,0.00037913612389267604
6.38,5,seg5,-0.5869683606095795,0.19537245324087119,0.08666471684004519,-0.25822101422614513,0.1719866114661297,0.0008307445160789656
6.38,6,seg6,-0.6919517481015669,0.11256740226005785,0.08751701104540087,-0.3328033569814757,0.08384258310221777,0.0016813008264753293
6.4,0,head,-0.6306724649410913,-0.11019426053076753,0.08703420256983117,0.6238774278599869,-0.13446507357224616,-0.00032551565221777823
6.4,1,seg1,-0.5113787877881508,-0.12906524378056686,0.0860038293133105,0.3528434008315219,-0.14763731854538192,0.00017710745363926084
6.4,2,seg2,-0.3870678952913244,-0.07163209806295426,0.08620832180622454,0.055912851692865466,-0.08439429781548076,0.00037963334128016113
6.4,3,seg3,-0.3589367875687796,0.06749136701189426,0.08621349611306875,-0.14107030327676007,0.055766421184715746,0.00038304341389952534
6.4,4,seg4,-0.4504811547572825,0.17737144260309626,0.08636887282312371,-0.2199044495057373,0.16088802753269635,0.00053664330220346
6.4,5,seg5,-0.5922122203054241,0.1822601303128206,0.08684138317363899,-0.253607130191108,0.15863958366270242,0.001007410849672763
6.4,6,seg6,-0.6905831722014212,0.09065434231120216,0.0876585950255997,-0.33521325528531026,0.06201948555668861,0.0018228848066741549
6.42,0,head,-0.6289923458291721,-0.10997707701515315,0.08704171809477079,0.6222095485793074,-0.13416817693292035,-0.00031800012727815907
6.42,1,seg1,-0.509471962861812,-0.12831683016566708,0.08619818397770014,0.350974354602647,-0.14679900450365468,0.00037146211802889517
6.42,2,seg2,-0.3864773120327317,-0.07054307641656311,0.08653126193793746,0.05537476569405445,-0.083278403470363,0.0007025734729930871
6.42,3,seg3,-0.36045931799028963,0.06596421946791362,0.08648121198228494,-0.139622177140011,0.054168544719761916,0.0006507592831157122
6.42,4,seg4,-0.45461903169703505,0.17217927228966398,0.08640629294343026,-0.21601836388962245,0.15550481318493267,0.0005740634225100127
6.42,5,seg5,-0.5968017482692719,0.16936130054701148,0.08667647535715235,-0.24963667601851164,0.14553694767151407,0.0008425030331861288
6.42,6,seg6,-0.6883109765863139,0.06980910910127353,0.08745799257718409,-0.3384749300340445,0.04130600930756299,0.0016222823582585505
6.44,0,head,-0.6276833695468342,-0.109973817890751,0.08704799427480958,0.6209022106207783,-0.13410262549045385,-0.00031172394723937014
6.44,1,seg1,-0.507186314620725,-0.12748287546836243,0.08607664529109714,0.34873098532818214,-0.14585721757611217,0.0002499234314258941
6.44,2,seg2,-0.38607513085182893,-0.06943453413000872,0.08631968095837693,0.055025797306717104,-0.08215197692239798,0.0004909924934325544
6.44,3,seg3,-0.3622787200747169,0.0645348523597801,0.08629831942017444,-0.1378728622217423,0.05265420935699838,0.0004678667210052112
6.44,4,seg4,-0.4590314177112082,0.16719109607477678,0.08632634512686661,-0.21184837188447453,0.15031229751686925,0.0004941156059463658
6.44,5,seg5,-0.6008757617378296,0.15721829280528185,0.08674108047530484,-0.24614518157857668,0.13321381132842483,0.000907108151338612
6.44,6,seg6,-0.6853740086842844,0.050819716666136806,0.08760981541618727,-0.3423123017511722,0.02247790839914252,0.0017741051972617328
6.46,0,head,-0.6269969523577701,-0.11005155083420247,0.08699267148627673,0.6202128718002435,-0.13414760280020105,-0.0003670467357722168
6.46,1,seg1,-0.5053035007917912,-0.12665074665148301,0.08611649572663978,0.34688990711291934,-0.14493642591284028,0.0002897738669685318
6.46,2,seg2,-0.3855911418125971,-0.06777730730524455,0.0864595721132441,0.05462122642272194,-0.08047359420722573,0.0006308836482997182
6.46,3,seg3,-0.3638818573928038,0.06369964871255161,0.08646871099627411,-0.13631128994782168,0.051743656543601205,0.000638258297104885
6.46,4,seg4,-0.4625676830449437,0.16263815971962065,0.08640093013462671,-0.20853279414305187,0.14559622434065136,0.000568700613706466
6.46,5,seg5,-0.6043579609777036,0.1455695682296548,0.08669324040918837,-0.2432213071483524,0.12141256333938673,0.0008592680852221452
6.46,6,seg6,-0.6815655575135995,0.03347616309463184,0.08753343843828451,-0.34694184147611284,0.005335256540637688,0.001697728219358971
6.48,0,head,-0.6266450979914615,-0.11024009014806073,0.08696412715233275,0.6198524432750544,-0.13431918323666747,-0.0003955910697162057
6.48,1,seg1,-0.5042500853105121,-0.1264628047060911,0.08593485122517398,0.3458466296898954,-0.14469856341156193,0.00010812936550273766
6.48,2,seg2,-0.3848983988903951,-0.06665947615938589,0.08614104547972545,0.05398246760305518,-0.07932406108585151,0.00031235701478107836
6.48,3,seg3,-0.36508307220751524,0.06459738182160613,0.08614604785880323,-0.13506871187119332,0.05258320492786421,0.0003155951596340023
6.48,4,seg4,-0.4646259836551839,0.15996964407558295,0.08624239538693049,-0.20660382420887677,0.14283277502195213,0.00041016586601023974
6.48,5,seg5,-0.6069171625207817,0.1359598365584417,0.08667979244885937,-0.2411223460320597,0.11169192459691396,0.0008458201248931485
6.48,6,seg6,-0.6772522717658708,0.01806282605415507,0.08757965780634723,-0.3519837820407973,-0.009855340156209173,0.0017439475874216903
6.5,0,head,-0.6268689599491825,-0.11050063905078765,0.08695282484500058,0.6200636516854788,-0.13459009081165513,-0.00040689337704837014
6.5,1,seg1,-0.5038335317466436,-0.12643457714708572,0.08590753253980933,0.34543189151711107,-0.14465054347117712,8.081068013808534e-05
6.5,2,seg2,-0.3845324782261986,-0.06590553172044637,0.08610416890701793,0.05365284283793059,-0.07855355627490741,0.00027548044207355293
6.5,3,seg3,-0.36608609903558426,0.06589101530991105,0.08610218749671848,-0.13400525575944133,0.05382763713501019,0.00027173479754925844
6.5,4,seg4,-0.4654745057106683,0.15840727427777623,0.08624824150656162,-0.2058306189870745,0.14123179321424667,0.000416011985641368
6.5,5,seg5,-0.6079516062726822,0.12876987690991407,0.08667502143363677,-0.24043125465162013,0.10446088135773868,0.0008410491096705469
6.5,6,seg6,-0.6723044427556236,0.00550306191090022,0.08754379606056345,-0.35752374133596676,-0.022165398574234763,0.0017080858416379102
6.5200000000000005,0,head,-0.6276085983463685,-0.11084262841022875,0.08701341337753565,0.6207861762374074,-0.13496689308388193,-0.00034630484451329824
6.5200000000000005,1,seg1,-0.5034795227942648,-0.12631532272296392,0.08596970200709869,0.3450839591814823,-0.14451457639484716,0.00014298014742744614
6.5200000000000005,2,seg2,-0.3843517888702336,-0.06531762370176655,0.08617087448915131,0.053500337587772305,-0.07795771516315478,0.00034218602420693633
6.5200000000000005,3,seg3,-0.3667776992448018,0.06687496505324117,0.08613635680187687,-0.133267611667431,0.05477755773183508,0.0003059041027076437
6.5200000000000005,4,seg4,-0.46589104324730485,0.15741514208628424,0.08628018188387906,-0.20546177039222233,0.14022096161656736,0.00044795236295881724
6.5200000000000005,5,seg5,-0.6073366250885792,0.12404237461130752,0.08669911880908818,-0.24127052743555547,0.09976800366550392,0.0008651464851219537
6.5200000000000005,6,seg6,-0.6665426709895187,-0.0032139804970448757,0.08756172905923904,-0.3636938405992405,-0.03059835281965091,0.0017260188403134952
6.54,0,head,-0.6287365540274386,-0.11134407886757627,0.08708699073891386,0.6218889890894583,-0.1355214563289907,-0.0002727274831350879
6.54,1,seg1,-0.5032312234276884,-0.12621652919844442,0.08600068453537203,0.3448406428879787,-0.14440407790057116,0.00017396267570078672
6.54,2,seg2,-0.38420914851646254,-0.06475468525241321,0.08616153225355688,0.05338464988929597,-0.07738862613259724,0.00033284378861250796
6.54,3,seg3,-0.3671605606147976,0.0676370869678392,0.08607915444300487,-0.13284891367522556,0.055520595168750866,0.0002487017438356498
6.54,4,seg4,-0.46631173342224963,0.15694633900917165,0.08622825031561464,-0.20506386790037617,0.1397326685126196,0.00039602079469439055
6.54,5,seg5,-0.6054247753457964,0.1216213460431271,0.08671382419595673,-0.24329543097111106,0.09744070599689611,0.0008798518719905085
6.54,6,seg6,-0.6601835668143378,-0.00782100252132811,0.08762010422377538,-0.3702649938114303,-0.0348975159127484,0.0017843940048498375
6.5600000000000005,0,head,-0.6300993045515676,-0.11202749478971527,0.08715709636306622,0.6232176707447415,-0.13626895306632697,-0.00020262185898273222
6.5600000000000005,1,seg1,-0.503142444195539,-0.12622240357842543,0.08600091237731106,0.34475168468274126,-0.14440572049646114,0.00017419051763981064
6.5600000000000005,2,seg2,-0.3841270451812411,-0.06436659335026952,0.08612578058641078,0.05332110942251838,-0.07699706656976678,0.0002970921214664052
6.5600000000000005,3,seg3,-0.36720668480343527,0.06813940789149403,0.08604327429354329,-0.13277893559555784,0.05602015179165255,0.00021282159437406578
6.5600000000000005,4,seg4,-0.46671611824099907,0.1570600484150043,0.08622878290949135,-0.20465452970558823,0.13982700383410715,0.0003965533885710998
6.5600000000000005,5,seg5,-0.602790210519715,0.12149000923240813,0.08680316930901656,-0.24593326104099683,0.09743490062834516,0.0009691969850503385
6.5600000000000005,6,seg6,-0.654182619040243,-0.00886618384933651,0.08772160541297278,-0.3763088834763863,-0.03565591943973061,0.0018858951940472352
6.58,0,head,-0.631549480983985,-0.1128673603011541,0.08724648482062403,0.6246262335902656,-0.1371768828391534,-0.00011323340142492533
6.58,1,seg1,-0.5031570640103975,-0.12622291804405478,0.08603896426563166,0.34476626344756484,-0.14440693015656833,0.00021224240596041943
6.58,2,seg2,-0.3842205256337169,-0.0641419504919539,0.08615445795798525,0.053425175018761185,-0.07677712712249693,0.00032576949304087555
6.58,3,seg3,-0.3670426276158004,0.06845585386410873,0.08608197920020154,-0.13292774678174282,0.05634404690625068,0.0002515265010323148
6.58,4,seg4,-0.4665335701260199,0.15770320331071294,0.08628825957643678,-0.20480626233247234,0.14047811768289875,0.000456030055516532
6.58,5,seg5,-0.5999496587736316,0.1232025901184715,0.08692303267644962,-0.24868909000378647,0.0992807267957577,0.0010890603524833925
6.58,6,seg6,-0.6494691541306579,-0.007308167709148161,0.08783895569444801,-0.3809428593334834,-0.03387534832345149,0.0020032454755224693
6.6000000000000005,0,head,-0.6329743139700158,-0.11383054416814765,0.08728831543139663,0.6260036128134592,-0.13820678510391887,-7.140279065231958e-05
6.6000000000000005,1,seg1,-0.5035150009986182,-0.1261407640423792,0.08611919794023888,0.34512770467665244,-0.14434190396623184,0.00029247608056763574
6.6000000000000005,2,seg2,-0.38447995027783605,-0.06376175732419528,0.08627900755454113,0.05370239962985587,-0.07640971113783564,0.00045031908959675127
6.6000000000000005,3,seg3,-0.36648475431224814,0.06865963991329876,0.08619691648117442,-0.13347528948907927,0.056574152013246407,0.00036646378200519414
6.6000000000000005,4,seg4,-0.4651517328786189,0.15896134017080446,0.08633879149448934,-0.20612665731080593,0.1418005924985221,0.000506561973569089
6.6000000000000005,5,seg5,-0.5972545733523063,0.12634186476208945,0.08693978795584954,-0.25123171912130804,0.10254470717039225,0.0011058156318833195
6.6000000000000005,6,seg6,-0.6466184913861706,-0.004000455784392069,0.08785397673098172,-0.38363287332188073,-0.03043571738379367,0.00201826651205618
6.62,0,head,-0.6342624743866133,-0.11484410539560598,0.08725970677664233,0.6272420768036256,-0.1392805032073038,-0.00010001144540662532
6.62,1,seg1,-0.504114535755296,-0.12612880892537234,0.0861344576864141,0.34572712905367137,-0.14435849509284351,0.00030773582674285815
6.62,2,seg2,-0.38473503110513535,-0.06361909628399243,0.08634118869937214,0.05396398086017796,-0.07627935140178148,0.0005125002344277679
6.62,3,seg3,-0.3653021741350083,0.0687019362421208,0.08625694345840619,-0.13465451672840337,0.05667268105926318,0.00042649075923696655
6.62,4,seg4,-0.4624163954820278,0.16074904929131942,0.0863410049168118,-0.20877381568611256,0.14371645447367565,0.0005087753958915586
6.62,5,seg5,-0.5946348175346238,0.13058495883695145,0.08688288508053303,-0.2536465716823955,0.10690767118348672,0.0010489127565668083
6.62,6,seg6,-0.645487764489436,0.000613142174349799,0.08777995242510331,-0.3845427514017115,-0.025773534277194896,0.001944242206177768
6.640000000000001,0,head,-0.6353694087282205,-0.11585632622305883,0.08726323053258166,0.6282995838598612,-0.140344257627273,-9.648768946729502e-05
6.640000000000001,1,seg1,-0.5048070818793085,-0.12616084214439813,0.08611169913167868,0.34641736593927125,-0.14442345125273903,0.00028497727200743617
6.640000000000001,2,seg2,-0.38505133741881925,-0.06387625500225147,0.0863195513507512,0.05426769022031837,-0.07655127218988475,0.0004908628858068254
6.640000000000001,3,seg3,-0.36366237794092926,0.06835803865346413,0.08625437068471786,-0.1363088214157124,0.05640721333833231,0.0004239179855486386
6.640000000000001,4,seg4,-0.45882651041544803,0.1627335538966491,0.08635328099802903,-0.2122651876604589,0.14586955806034857,0.0005210514771087776
6.640000000000001,5,seg5,-0.5918524049169963,0.13583202261805508,0.08689064581716147,-0.25617611641323185,0.11228120835662919,0.0010566734931952426
6.640000000000001,6,seg6,-0.6455875171804555,0.006467599752390897,0.0877604288595925,-0.3841644899218902,-0.01993045782849923,0.0019247186406669559
6.66,0,head,-0.6363975531638767,-0.11682525102137381,0.08725870616908298,0.6292804508065296,-0.14136101535561815,-0.00010101205296597637
6.66,1,seg1,-0.5058414928497988,-0.12624873425275554,0.08615116155270036,0.34744642189735697,-0.14456047283347487,0.000324439693029116
6.66,2,seg2,-0.38542520341414943,-0.06428196569596853,0.08639325527988777,0.054621824244337897,-0.07697431597304759,0.000564566814943393
6.66,3,seg3,-0.36159552470996226,0.06782182339154853,0.08631747953039287,-0.13839885190310167,0.05596997010305519,0.000487026831223647
6.66,4,seg4,-0.4542588529081224,0.164969883094777,0.08635890631064752,-0.2167212394648896,0.14832073445144076,0.0005266767897272734
6.66,5,seg5,-0.5885607656045795,0.14219220075961994,0.0868296829651664,-0.259161336159283,0.11879083341660784,0.0009957106412001732
6.66,6,seg6,-0.6464622971885094,0.013837173733053532,0.08768083378838802,-0.3829399728107381,-0.012610866407972734,0.0018451235694624812
6.68,0,head,-0.6372994838176449,-0.11804368845689092,0.08735623873286882,0.6301233723305496,-0.1426209963049584,-3.4794891801276373e-06
6.68,1,seg1,-0.5068748192543411,-0.1263960012651542,0.08619857680590261,0.34847156878374896,-0.14475675042379363,0.00037185494623136195
6.68,2,seg2,-0.3860094229788358,-0.06494522616144638,0.0864097399709328,0.055173816329777234,-0.0776646287155,0.0005810515059884308
6.68,3,seg3,-0.35952294767049053,0.066995626700197,0.0863362496597663,-0.1405084003348555,0.05524334642398613,0.0005057969605970769
6.68,4,seg4,-0.44924836309380306,0.16708591321179345,0.08640933272269223,-0.22162534699887698,0.15067282308231938,0.0005771032017719835
6.68,5,seg5,-0.5843959377074736,0.14934611578278592,0.08690965494631621,-0.26298098002130704,0.126134852230293,0.0010756826223499855
6.68,6,seg6,-0.6472633643873834,0.02298935885631211,0.08775968522269924,-0.38170424802774144,-0.003507175648275749,0.001923975003773698
6.7,0,head,-0.6382127500384959,-0.11943233595368509,0.08728638218457097,0.6309695160424328,-0.14405153392390233,-7.333603747798623e-05
6.7,1,seg1,-0.5081756559609891,-0.12664615552911235,0.08621936669552176,0.34975902630482864,-0.14506852987205063,0.00039264483585051135
6.7,2,seg2,-0.38664515199769145,-0.06560537184041548,0.08650770595163657,0.05577740774041818,-0.07835428160777337,0.0006790174866921905
6.7,3,seg3,-0.3572124887256731,0.06606540543237803,0.08643830381036142,-0.14286051179997564,0.054424137172399314,0.0006078511111922008
6.7,4,seg4,-0.44361184791694813,0.16940629207692673,0.08642762008335758,-0.22714504529559862,0.1532588223332722,0.000595390562437334
6.7,5,seg5,-0.5791473133880208,0.1576616613885966,0.08682468252961939,-0.26782790861907113,0.1346907647551501,0.000990710205653167
6.7,6,seg6,-0.6478289747291803,0.0340804751702473,0.08763218193322943,-0.38061143685697685,0.00754445499579659,0.0017964717143038877
6.72,0,head,-0.6390580807020837,-0.12077513527848163,0.0872987307657876,0.6317499831542835,-0.14543304217385425,-6.0987456261346606e-05
6.72,1,seg1,-0.5096659931878431,-0.12679439247652846,0.08619623581279327,0.3512406200082466,-0.14528752608220427,0.0003695139531220276
6.72,2,seg2,-0.38738856687072637,-0.06612297123646543,0.08646790217082746,0.05649534696190329,-0.07890667465843763,0.0006392137058830877
6.72,3,seg3,-0.35489546658536714,0.0651675262816214,0.08643304082796575,-0.1452176398171842,0.0536375457422638,0.0006025881287965301
6.72,4,seg4,-0.4376557671211427,0.17180388976692013,0.08647030471675793,-0.23298027215562453,0.15593716148597403,0.0006380751958376812
6.72,5,seg5,-0.5727588299990161,0.1667086521435173,0.08690187745426452,-0.2737785942006082,0.14403154110590427,0.001067905130298294
6.72,6,seg6,-0.6476427134573917,0.04701454217756351,0.08768418906028293,-0.38018193674491724,0.02047273068378323,0.0018484788413573872
6.74,0,head,-0.6399427417343879,-0.12220952340553752,0.0873299981869656,0.6325653772299867,-0.1469079072328693,-2.972003508334986e-05
6.74,1,seg1,-0.5113911873422021,-0.12681746613116332,0.08620124875440197,0.352962761215889,-0.14539267799314715,0.0003745268947307201
6.74,2,seg2,-0.3884361707945351,-0.06649929042595303,0.08645786723961857,0.057523854276234875,-0.07933242437104902,0.0006291787746741939
6.74,3,seg3,-0.3527194593852797,0.06432442127952256,0.0864482718109315,-0.14743130590167908,0.05289895529738928,0.0006178191117622717
6.74,4,seg4,-0.4311044482673125,0.1742177287426249,0.08652906150694066,-0.23940928965643984,0.15866005173241302,0.0006968319860204131
6.74,5,seg5,-0.5651906478692386,0.17644811414071854,0.08699639386317391,-0.28087468611701116,0.15412014756319187,0.0011624215392076892
6.74,6,seg6,-0.6468009435374033,0.06167549027692998,0.08776526973393367,-0.38032501783084327,0.03515712728605211,0.0019295595150081307
6.76,0,head,-0.6409396235822332,-0.12373314661118368,0.0873461762954238,0.6334886181402826,-0.14847724700256604,-1.3541926625157408e-05
6.76,1,seg1,-0.513139680958151,-0.12680963934966138,0.08623993311818923,0.3547096460791578,-0.1454680733355712,0.00041321125851798146
6.76,2,seg2,-0.3894981486210505,-0.0668893252656716,0.08649904966478533,0.058566066459055835,-0.07977255826663827,0.0006703611998409575
6.76,3,seg3,-0.3502391293878106,0.06337350717114384,0.08646256604707635,-0.14995408073762814,0.05206716105340867,0.0006321133479071234
6.76,4,seg4,-0.42396983016032463,0.1769248270596369,0.08649320244665414,-0.24640698884469034,0.16170362905113816,0.0006609729257338881
6.76,5,seg5,-0.5573697163504447,0.18685284347884454,0.08692830106627988,-0.28819158002620915,0.1648852962353598,0.0010943287423136605
6.76,6,seg6,-0.6460949128813837,0.07804745665849375,0.08770899298754595,-0.38025108370886257,0.05154414337291912,0.0018732827686204073
6.78,0,head,-0.6420420852669071,-0.12537095280937116,0.08734460019655577,0.6345118851253366,-0.15016566507464116,-1.5118025493185416e-05
6.78,1,seg1,-0.5149114837226836,-0.12668768168731914,0.08623571428264976,0.3564852453272781,-0.1454305764352517,0.00040899242297851024
6.78,2,seg2,-0.3907265726763888,-0.06711671506617212,0.08649100625315725,0.05978227677315097,-0.08005815282683952,0.0006623177882128795
6.78,3,seg3,-0.34780329391408293,0.06218462686895061,0.08645477772992692,-0.1524437366109477,0.05099555270151248,0.000624325030757697
6.78,4,seg4,-0.41639807247835303,0.1794657887694168,0.08646856288035819,-0.2538492389529363,0.1646020620975312,0.0006363333594379406
6.78,5,seg5,-0.5495108284751318,0.19758343134602113,0.08687531119019253,-0.29553087922019927,0.17597774059825408,0.0010413388662263018
6.78,6,seg6,-0.6457503809298987,0.09602982585334376,0.08765567408274169,-0.37973941918008836,0.06952253327677084,0.0018199638638161514
6.8,0,head,-0.6431930122193817,-0.1271534834941233,0.08740752434375301,0.635576674820966,-0.15200095017399073,4.7806121704060955e-05
6.8,1,seg1,-0.5170037959266492,-0.12660229960405933,0.0862864603530576,0.3585792501586103,-0.14544486716201138,0.00045973849338636075
6.8,2,seg2,-0.3922294976607179,-0.06720099689047825,0.08651547756631513,0.061279487684406365,-0.0802138654512096,0.0006867891013707522
6.8,3,seg3,-0.34566905824587424,0.0612866738106624,0.0864563696765818,-0.15461828879107686,0.050200188383877124,0.0006259169774125717
6.8,4,seg4,-0.4086862135870089,0.1820536485379658,0.08645073761021331,-0.26142919957593513,0.16755400767430795,0.0006185080892930628
6.8,5,seg5,-0.5408121855868745,0.2089192122861694,0.0868402905005,-0.303680179905829,0.18771465739716653,0.0010063181765337798
6.8,6,seg6,-0.644856341479721,0.11527551579328424,0.08762860858933381,-0.37971651629593395,0.08878896427111281,0.0017928983704082746
6.82,0,head,-0.6442952547907908,-0.12919324345384262,0.0874017922118679,0.6365805933996501,-0.15409085612084036,4.2073989818952606e-05
6.82,1,seg1,-0.5197436285424459,-0.12644433523183396,0.08624416809546695,0.3613234959808258,-0.14541747424523843,0.0004174462357957043
6.82,2,seg2,-0.39442353452605283,-0.06699544428070806,0.08643496602583353,0.06348082099494987,-0.08011296303701995,0.0006062775608891569
6.82,3,seg3,-0.3441139987219346,0.06063771165709601,0.08639188491237164,-0.15620247127351605,0.04962596903394243,0.0005614322132024147
6.82,4,seg4,-0.4010514330218413,0.18471755058031267,0.08643591070701791,-0.268928550253074,0.17057824109514189,0.0006036811860976599
6.82,5,seg5,-0.5312143034657849,0.22075639275810577,0.08686151120476418,-0.31270383858038064,0.19999520163785156,0.0010275388807979569
6.82,6,seg6,-0.6428838431721638,0.13606165428643544,0.08764738081135817,-0.380697538153862,0.10964542368161916,0.001811670592432632
6.84,0,head,-0.6456667200974906,-0.13143312700517032,0.0874489290487963,0.6378439054924819,-0.15639347158304914,8.921082674734349e-05
6.84,1,seg1,-0.5228649449079513,-0.12625490434131562,0.08623479039183228,0.36445029082429653,-0.14537680581018206,0.000408068532161035
6.84,2,seg2,-0.39718194022652686,-0.0666400583410439,0.08637166433154911,0.06625301442480787,-0.0798892561727255,0.0005429758666047335
6.84,3,seg3,-0.34316878845609905,0.059989575224539037,0.08634699027824198,-0.1571774562285143,0.04902355089071594,0.0005165375790727594
6.84,4,seg4,-0.3938563877189749,0.18732202591939393,0.08645775487790743,-0.2759914921373578,0.1735221875340398,0.0006255253569871777
6.84,5,seg5,-0.521539224257898,0.23275128530839165,0.08694730069912024,-0.32179710113046994,0.21243695316862124,0.0011133283751540157
6.84,6,seg6,-0.6399178383777779,0.15881592800035463,0.08776438993804553,-0.3825772744375695,0.13251507055665315,0.0019286797191199884
6.86,0,head,-0.6473780187300223,-0.13394770493252506,0.08766187168188534,0.6394335927523825,-0.15898664330465048,0.00030215345983639064
6.86,1,seg1,-0.5267299870937849,-0.12588173327929322,0.08636693416935377,0.36832871321459976,-0.14518800035331644,0.0005402123096825279
6.86,2,seg2,-0.4006805208187236,-0.06559510261169783,0.08639691197378165,0.06979736163510121,-0.07901198683667529,0.0005682235088372706
6.86,3,seg3,-0.3431516336419887,0.059508073815143454,0.0863510570760967,-0.15721750692943184,0.04854341149819228,0.0005206043769274693
6.86,4,seg4,-0.38722404041208003,0.18974437004283642,0.08650628291125734,-0.2825010415050066,0.17625742954827328,0.0006740533903370899
6.86,5,seg5,-0.5112895559720639,0.2447755330017986,0.08708651246360184,-0.3314629046320854,0.22493537207723552,0.001252540139635619
6.86,6,seg6,-0.6355080975384535,0.18298398022320067,0.08799874545070416,-0.3858318271552077,0.15686560338694017,0.002163035231778618
6.88,0,head,-0.6499720714701827,-0.1361858648088111,0.08737964589634054,0.6419181889815503,-0.16134572168987843,1.992767429158382e-05
6.88,1,seg1,-0.5313845057636543,-0.12508361392803494,0.08628975472788068,0.37301594140628647,-0.14461230041089257,0.000463032868209437
6.88,2,seg2,-0.40522075637023997,-0.0643107700057888,0.0864816970089385,0.07439357577252213,-0.07794518568058814,0.0006530085439941241
6.88,3,seg3,-0.3438589115827841,0.059681594059393904,0.08644127928987362,-0.1565027723432046,0.0486830747786111,0.0006108265907043969
6.88,4,seg4,-0.38075815466398394,0.19269846671929503,0.08642224020596091,-0.2888190110862348,0.17951589944176252,0.000590010685040665
6.88,5,seg5,-0.500427728034092,0.25762303199378755,0.08672974629083538,-0.3417009944599346,0.23828524298160353,0.0008957739668691567
6.88,6,seg6,-0.6300005869769808,0.2087538650067012,0.08745648926058822,-0.39010667224759243,0.18286839811689415,0.001620779041662676
6.9,0,head,-0.6532856649430766,-0.1389755867179375,0.08754269310680789,0.6450952610146314,-0.16428998107536194,0.0001829748847589352
6.9,1,seg1,-0.5362364512954161,-0.12470044278355837,0.08624445528145794,0.3778806247878013,-0.14446047431255982,0.00041773342178669237
6.9,2,seg2,-0.40999677227871717,-0.06285573586817896,0.0862622129918277,0.07923342702571982,-0.07671909753361919,0.00043352452688331933
6.9,3,seg3,-0.3453715950131143,0.060247130782178644,0.08625760820205194,-0.15496488827035682,0.04917597996569654,0.0004271555028827201
6.9,4,seg4,-0.3752840568065279,0.19507117127108572,0.08647949526661446,-0.29417398584809734,0.1821464354212166,0.0006472657456942088
6.9,5,seg5,-0.48999602595127245,0.26924432155916894,0.08708190140025603,-0.3515678028343365,0.2503898236019564,0.0012479290762898027
6.9,6,seg6,-0.6224072664934428,0.2344784400537938,0.08801542633622396,-0.3964671201582246,0.2089252010612959,0.002179716117298419
6.92,0,head,-0.6571606606173541,-0.1426644527256733,0.08759684188065273,0.6487903075926588,-0.16815908364351026,0.0002371236586037745
6.92,1,seg1,-0.540799290443507,-0.12433623602349064,0.08642068393725542,0.3824556268341688,-0.14431383213292986,0.0005939620775841786
6.92,2,seg2,-0.4148595512663066,-0.060792015797484514,0.08652958904784022,0.08418891126010268,-0.07488914233945007,0.000700900582895847
6.92,3,seg3,-0.3473020679313263,0.060906433496797294,0.08648319213971983,-0.15300522565753863,0.04974266171146181,0.0006527394405506093
6.92,4,seg4,-0.3701562951396649,0.19764422488283584,0.08650233279303675,-0.2991734819654463,0.1849606108191626,0.0006701032721165012
6.92,5,seg5,-0.47900180160892203,0.2809878652841836,0.0868345559057272,-0.36199067782085675,0.26264329107486883,0.001000583581760972
6.92,6,seg6,-0.613613509568029,0.26038931547457633,0.0876097549562908,-0.40401777798586597,0.2352252237283864,0.0017740447373652546
6.94,0,head,-0.6610849763685425,-0.14662942128209744,0.08763692068696982,0.6525214782561523,-0.17230632311648647,0.00027720246492086986
6.94,1,seg1,-0.5461005408372336,-0.12438105429888185,0.08636778144867892,0.3877487373498872,-0.14461089354072132,0.0005410595890076725
6.94,2,seg2,-0.4206639993191615,-0.059027775432104204,0.08639354493990181,0.09007074488485964,-0.07340314285350423,0.000564856474957437
6.94,3,seg3,-0.35011220368955204,0.06187752952553656,0.0863387523006847,-0.15015205828209557,0.05057891909024485,0.00050829960151548
6.94,4,seg4,-0.3657503175317414,0.20021639412950065,0.0864217550347819,-0.3034520539746403,0.18773955214180313,0.0005895255138616551
6.94,5,seg5,-0.46792148266290445,0.2924915480540913,0.08684624544931478,-0.3725109651743085,0.27466126674466734,0.001012273125348559
6.94,6,seg6,-0.6038091340414646,0.2864328598779418,0.08770011945633845,-0.4125715953676507,0.26170586180108535,0.0018644092374129062
6.96,0,head,-0.6649186099841655,-0.14969645065689446,0.08745044701750478,0.6562048037179953,-0.17555232518439837,9.072879545582446e-05
6.96,1,seg1,-0.5516656428052802,-0.12332121615793497,0.0862673714185083,0.39335797260938665,-0.14381710729746566,0.00044064955883706125
6.96,2,seg2,-0.4270315485431839,-0.056208673124696476,0.08638466232544803,0.09656524397811753,-0.0708902754746961,0.0005559738605036557
6.96,3,seg3,-0.35355481503627517,0.06330744931961245,0.086380613972457,-0.1466452959198532,0.051843379938041036,0.0005501612732877748
6.96,4,seg4,-0.36145272916806714,0.2028704497517606,0.08642847658825298,-0.30761846246972385,0.1905951286579142,0.0005962470673327308
6.96,5,seg5,-0.45550275378541283,0.30390020675369794,0.08673500036985085,-0.38437266821840865,0.28664802281665647,0.0009010280458846276
6.96,6,seg6,-0.5923783134274972,0.3130240083054848,0.08742937938504432,-0.42272395365042914,0.2888108881961945,0.0015936691661187774
6.98,0,head,-0.6685420803603327,-0.1543253237331036,0.08751380063899185,0.6596038737540134,-0.18034839924668605,0.0001540824169428967
6.98,1,seg1,-0.5575497989656157,-0.12338290024645536,0.08630779793788555,0.3992325257262208,-0.14415875670776518,0.000481076078214307
6.98,2,seg2,-0.4337805658196092,-0.05349485913578822,0.08640131107216961,0.10343576805926505,-0.06850073170871875,0.0005726226072252372
6.98,3,seg3,-0.35789490598485807,0.06530951894079075,0.08642612211712374,-0.1422148414911434,0.053636629994003794,0.0005956694179545113
6.98,4,seg4,-0.3582561647688812,0.20521858884342134,0.08654409077110561,-0.31069965357976803,0.19309273601175736,0.0007118612501853666
6.98,5,seg5,-0.44347926386178427,0.31428778503863586,0.08690645367910789,-0.39588817480314403,0.2975960454987106,0.0010724813551416662
6.98,6,seg6,-0.5781671421039781,0.3392230133821005,0.08762767690442406,-0.4356721748425606,0.31565653635968755,0.001791966685498525
7.0,0,head,-0.6720632222218897,-0.15963040144930093,0.08767060026474452,0.6628685497010965,-0.18581504177595018,0.00031088204269556774
7.0,1,seg1,-0.5636151577567912,-0.12409781267133374,0.08651557256649905,0.405256988101263,-0.14516151795969265,0.0006888507068278094
7.0,2,seg2,-0.44120506649894564,-0.051566753846901445,0.08662404093239182,0.11094361716922435,-0.06692815354574001,0.000795352467447441
7.0,3,seg3,-0.36262344860770357,0.06748422593489607,0.08656252387550983,-0.13738815949375885,0.05558383484714772,0.0007320711763406096
7.0,4,seg4,-0.3556025415535766,0.20809455500176802,0.08652941822943093,-0.3132133986914987,0.19609173301492702,0.000697188708510682
7.0,5,seg5,-0.43146395023720324,0.32462261230345146,0.08668840081649547,-0.4073980248482854,0.3084909878119844,0.0008544284925292439
7.0,6,seg6,-0.5614181138489296,0.3651206444113475,0.08725573118681038,-0.45116972010073986,0.3423219321254223,0.0014200209678848358
7.0200000000000005,0,head,-0.6817767079296511,-0.16561941028768085,0.0874317587533288,0.6722860036333873,-0.19225954275602272,7.204053127984889e-05
7.0200000000000005,1,seg1,-0.56738533962804,-0.1311934873754344,0.08619660886370091,0.4086852048540116,-0.1524285806911253,0.0003698870040296648
7.0200000000000005,2,seg2,-0.4412428072701497,-0.05308907086266972,0.08622027409641522,0.11090886598112305,-0.0684505417410535,0.0003915856314708477
7.0200000000000005,3,seg3,-0.36593987790916727,0.06912340165833929,0.08626451561386547,-0.1339974774161217,0.05706331969370851,0.00043406291469624825
7.0200000000000005,4,seg4,-0.356355550915209,0.21024608445265278,0.08639857007155104,-0.3123588482801662,0.19820498777268583,0.0005663405506307895
7.0200000000000005,5,seg5,-0.4221228704542846,0.3338526338780849,0.08668003071728542,-0.4162892505069898,0.318155105777584,0.0008460583933191934
7.0200000000000005,6,seg6,-0.5455882874553292,0.39367411796220975,0.08725809458906672,-0.4656227097985932,0.37159641494280077,0.0014223843701411804
7.04,0,head,-0.6891586536285697,-0.1665519911004571,0.08781705960828107,0.6796152019321052,-0.19354238396438714,0.00045734138623211573
7.04,1,seg1,-0.5693182200046547,-0.13632066960078668,0.08662017140480564,0.4103718852903396,-0.1576419417209494,0.0007934495451343976
7.04,2,seg2,-0.44039341057227227,-0.05570692223605208,0.08658724298485744,0.1099358445391079,-0.07102500281802206,0.0007585545199130656
7.04,3,seg3,-0.3681539283139123,0.0705405500598821,0.08648563139314018,-0.13171849170639371,0.05837349255296016,0.0006551786939709564
7.04,4,seg4,-0.3583059710246673,0.2119987570738467,0.08642132017822653,-0.31032722607628677,0.1998628511991516,0.0005890906573062793
7.04,5,seg5,-0.41509695860664514,0.34139228871269156,0.08640469124872173,-0.4229483784924293,0.32602059030063985,0.0005707189247555061
7.04,6,seg6,-0.5324021977754859,0.4219965783898836,0.08657373390227995,-0.4774459526715346,0.4005143272751242,0.0007380236833544052
7.0600000000000005,0,head,-0.6949901119544746,-0.16293848363515878,0.08730552882040321,0.6856120244305275,-0.1902104982629287,-5.41894016457406e-05
7.0600000000000005,1,seg1,-0.5719909560633775,-0.14081960039841754,0.08603636997325123,0.41282748243262873,-0.16226297396874115,0.00020964811357998547
7.0600000000000005,2,seg2,-0.43911947025298376,-0.06202757118261486,0.08596628138989129,0.10836253921892057,-0.07727786115739148,0.00013759292494691655
7.0600000000000005,3,seg3,-0.36602751834438885,0.07242183997402685,0.08587769749713361,-0.13375295899719325,0.06035384957673325,4.724479796439085e-05
7.0600000000000005,4,seg4,-0.3593463058435276,0.21588929177620236,0.08605548296805618,-0.3091029140890249,0.20369946649956525,0.0002232534471359321
7.0600000000000005,5,seg5,-0.41222875122042285,0.3474883107095147,0.08636512163463234,-0.4255232176685187,0.3322462068172602,0.0005311493106661125
7.0600000000000005,6,seg6,-0.5216874011409506,0.4425519048551701,0.08675466221137346,-0.4871703515150758,0.4215562943915076,0.0009189519924479167
7.08,0,head,-0.6983512307802373,-0.1582006584164833,0.08781572832712525,0.6891948144551473,-0.1856380018766897,0.0004560101050763016
7.08,1,seg1,-0.5754728202975605,-0.14361042080232797,0.08690046644188583,0.41617258227837634,-0.16521633884503623,0.0010737445822145836
7.08,2,seg2,-0.43837746275907835,-0.06726439335885064,0.08707812878909246,0.10737214481536261,-0.08247343625086509,0.0012494403241480878
7.08,3,seg3,-0.3639085486606308,0.07237664150599857,0.08697031398063508,-0.1358716787079717,0.06040954705289211,0.0011398612814658565
7.08,4,seg4,-0.36048599572119017,0.21917604263289978,0.08698940238035333,-0.30780809454064845,0.2069282536632411,0.0011571728594330782
7.08,5,seg5,-0.41468449319821077,0.3521898587875074,0.08703911217210443,-0.42284650507779203,0.33682555531866903,0.0012051398481382064
7.08,6,seg6,-0.5158413383190272,0.4529668533271811,0.08713377311967146,-0.49251412813314643,0.4322376638562923,0.001298062900745925
7.1000000000000005,0,head,-0.7005484633779182,-0.1495719881747156,0.08755145084076733,0.6918002078193325,-0.17712367826015102,0.0001917326187183821
7.1000000000000005,1,seg1,-0.5789643590275141,-0.14391786514047408,0.08639892013776801,0.41964553299597557,-0.16568960202292474,0.0005721982780967638
7.1000000000000005,2,seg2,-0.4380020907185129,-0.0738456239525984,0.08622326037148766,0.10668398815001169,-0.08902934508952673,0.0003945719065432812
7.1000000000000005,3,seg3,-0.3600062722415539,0.06986151004617959,0.08579084521938139,-0.13988923203042464,0.05808298030964081,-3.960747978783152e-05
7.1000000000000005,4,seg4,-0.3595842411583889,0.22342605690357262,0.08563606505147268,-0.3085065631939365,0.21121636794957077,-0.00019616446944756283
7.1000000000000005,5,seg5,-0.41739484479816136,0.3543910939603178,0.08581903580058234,-0.42003446475251194,0.3388953068229987,-1.4936523383884959e-05
7.1000000000000005,6,seg6,-0.5171663544857246,0.454195808106637,0.08619505314940941,-0.4911321256831095,0.43340216672013016,0.0003593429304838691
7.12,0,head,-0.7017075342956174,-0.14106398325500177,0.0878199831965323,0.6933628732262702,-0.16868047567273894,0.00046026497448334314
7.12,1,seg1,-0.5817030105372019,-0.14251915000163734,0.08651869355338047,0.42244764811378344,-0.1644228080393118,0.0006919716937092285
7.12,2,seg2,-0.43801700111713476,-0.07809765409959113,0.08652406489176644,0.1064965215950476,-0.09327726681451978,0.0006953764268220614
7.12,3,seg3,-0.3570677555571842,0.06775197675004645,0.08681047319998851,-0.142924814682894,0.05611568546874777,0.000980020500819287
7.12,4,seg4,-0.35917409660734023,0.2245918025403196,0.0875836219982113,-0.30886076354062686,0.21240031201781132,0.0017513924772910583
7.12,5,seg5,-0.420722233213487,0.35173484520732723,0.08872137755986613,-0.4168372612341454,0.33608371283294947,0.0028874052358999064
7.12,6,seg6,-0.5241726471893217,0.4462250770009487,0.08990664434247611,-0.4845131101333367,0.42510702808641376,0.004070934123550571
7.140000000000001,0,head,-0.7012864175288712,-0.12638546386208366,0.08770637074301459,0.6936408048886192,-0.15399854715874126,0.0003466525209656346
7.140000000000001,1,seg1,-0.5829330591957306,-0.1368768823959207,0.0863769884393528,0.423944826391114,-0.15884547349288997,0.0005502665796815603
7.140000000000001,2,seg2,-0.43708731612602436,-0.08063793588758222,0.08625875612252515,0.10544699448047636,-0.09577042516906227,0.0004300676575807738
7.140000000000001,3,seg3,-0.3532414801752062,0.06442348542635735,0.08634381287279118,-0.14690516201886333,0.05297306349430083,0.0005133601736219545
7.140000000000001,4,seg4,-0.35854217308838426,0.222008127409482,0.08694919547975416,-0.3096149317301642,0.2098496386052801,0.0011169659588339126
7.140000000000001,5,seg5,-0.42682933913383525,0.34597763465806697,0.08798210363009357,-0.4110110690502794,0.3300423801436805,0.0021481313061273433
7.140000000000001,6,seg6,-0.5373034135406841,0.4317486753103006,0.08910631819954411,-0.4720861746112107,0.4100221182627616,0.0032706079806185673
7.16,0,head,-0.6993443363969972,-0.11140660523564226,0.08773773199545229,0.692413789173686,-0.1389442349091693,0.00037801377340333786
7.16,1,seg1,-0.5826468699152422,-0.12950759243442803,0.08661265800598862,0.42400967620578695,-0.15147091361841383,0.0007859361463173758
7.16,2,seg2,-0.4365486687013704,-0.08093562445218307,0.08642164508984584,0.10489478998909244,-0.09604214143513173,0.0005929566249014695
7.16,3,seg3,-0.35127962512183797,0.06132121430726341,0.08592500498228756,-0.1490124354886343,0.04996767502189221,9.455228311833208e-05
7.16,4,seg4,-0.3589156122831822,0.21738849470665766,0.08579882416658312,-0.30946177046193746,0.2052174679729472,-3.340535433712932e-05
7.16,5,seg5,-0.43302765272141625,0.3381901910952596,0.08618071830397804,-0.40519039417482794,0.3219687742229891,0.0003467459800118172
7.16,6,seg6,-0.5513099586460584,0.4155180062529049,0.08678655977226019,-0.4588679407272149,0.3931432493196228,0.0009508495533346456
7.18,0,head,-0.6959097196388967,-0.09690942023623408,0.0878702391017781,0.6896730055222333,-0.1243000186394181,0.0005105208797291511
7.18,1,seg1,-0.5822178550921044,-0.12196061559278117,0.08643248910744399,0.42394031868224025,-0.14391207093579467,0.0006057672477727399
7.18,2,seg2,-0.43627755304360427,-0.08100048513892515,0.08622918602608073,0.10462089472514699,-0.09609402585428575,0.00040049756113635926
7.18,3,seg3,-0.34946823413325057,0.058923712353909946,0.086350687619926,-0.15093587443658849,0.04765909633727121,0.0005202349207567708
7.18,4,seg4,-0.35993645824941495,0.21469013933505401,0.08710880205264691,-0.30857049973318423,0.20247358665515822,0.0012765725317266663
7.18,5,seg5,-0.4392771098315374,0.33152546724784054,0.08831970585344892,-0.3992652019275494,0.3150141818581608,0.0024857335294826977
7.18,6,seg6,-0.5624874898725234,0.3991168039240036,0.08958562484412184,-0.4484836310476201,0.37622867706338126,0.0037499146251963045
7.2,0,head,-0.6909231412332005,-0.0798058189902662,0.08740443172910083,0.6855060617630581,-0.10697847946185354,4.471350705187449e-05
7.2,1,seg1,-0.5799643726191486,-0.1117909295322502,0.0864556949909887,0.42217337923406223,-0.1336466618932429,0.0006289731313174479
7.2,2,seg2,-0.4367909311491848,-0.079626053671212,0.08652806825530077,0.10519910223033307,-0.09474558415378084,0.0006993797903563914
7.2,3,seg3,-0.34934452468662486,0.05679872184636996,0.08615341782168788,-0.15116057497516772,0.045542401188630156,0.0003229651225186564
7.2,4,seg4,-0.3628375019677033,0.20990818165915182,0.0860589420580019,-0.3059003232743839,0.19755898274974534,0.00022671253708164696
7.2,5,seg5,-0.4484976797787741,0.32181894265494393,0.08641760999063242,-0.3905170269980356,0.30487983603738095,0.0005836376666661924
7.2,6,seg6,-0.5743941046725483,0.3770158622237635,0.08704783110068831,-0.43764232249235374,0.353586125775591,0.001212120881762771
7.22,0,head,-0.6870792266892091,-0.06909336688474413,0.08824705007895318,0.6821763233772588,-0.09609522850389256,0.0008873318569042332
7.22,1,seg1,-0.5776639268331369,-0.1051221199060505,0.08695801251400838,0.420192918084316,-0.12687592734829128,0.0011312906543371332
7.22,2,seg2,-0.43457439761916766,-0.07677351878723801,0.08664462354131733,0.10312083640495778,-0.0917907935838182,0.0008159350763729534
7.22,3,seg3,-0.3483259021822528,0.05535412692261349,0.08620729491252883,-0.15224679355730103,0.04414792082236491,0.00037684221335961
7.22,4,seg4,-0.3644644864792057,0.2057790141403478,0.08633432547098449,-0.3044716951737418,0.1933570635752977,0.0005020959500642436
7.22,5,seg5,-0.4547136535243878,0.3125562638766784,0.08708174505030364,-0.38474892048157056,0.2953318260371579,0.001247772726337415
7.22,6,seg6,-0.5852988352740844,0.3572488106324852,0.0881488756443268,-0.42769068979523395,0.33332250110607775,0.002313165425401262
7.24,0,head,-0.6820540517902643,-0.05622566396436301,0.08715166806029956,0.6777692345365133,-0.083002951041306,-0.00020805016174939295
7.24,1,seg1,-0.5744262097067903,-0.09748718189968988,0.08608995080742707,0.41732222702832406,-0.1190955531021247,0.0002632289477558225
7.24,2,seg2,-0.4332240371785181,-0.07485027837899155,0.08616524259430179,0.10186353577418555,-0.08980546688244874,0.00033655412935741646
7.24,3,seg3,-0.3476045493822339,0.05375559821051515,0.08606090319851672,-0.15304340519929427,0.042585533611298486,0.00023045049934750095
7.24,4,seg4,-0.3667815883814041,0.20104270598014412,0.08629776824398848,-0.30238262633493657,0.18851584806683072,0.00046553872306823174
7.24,5,seg5,-0.4634352015638134,0.30274768846616124,0.08691071881536944,-0.3765040587529179,0.2851192941839662,0.0010767464914032132
7.24,6,seg6,-0.595146740864523,0.3354309435683148,0.08775897554984907,-0.4188922857825742,0.31106068054797065,0.001923265330923532
7.26,0,head,-0.679465663244491,-0.04934631486049468,0.08787236129409536,0.6755111767666218,-0.076008211985174,0.0005126430720464037
7.26,1,seg1,-0.5721091808613025,-0.0940018313380348,0.08693475956587113,0.41517369634267326,-0.11550388119332582,0.0011080377061998825
7.26,2,seg2,-0.4308673014973532,-0.0737003763713899,0.08699854343667551,0.09956419598386317,-0.08854470749782857,0.001169854971731138
7.26,3,seg3,-0.34660389426175453,0.05253399197440453,0.0866558944111157,-0.15410106441325266,0.04141293416848412,0.0008254417119464702
7.26,4,seg4,-0.36914995755270896,0.19704132109252792,0.08657239995269639,-0.3002073722927537,0.18440628319916916,0.000740170431776141
7.26,5,seg5,-0.4710024466456009,0.2929657078566079,0.0869346608228628,-0.3694109263429208,0.2749882618881233,0.0011006884988965793
7.26,6,seg6,-0.604852547657645,0.31403656776980693,0.08769941286709153,-0.41021566501197987,0.2892286340726551,0.001863702648165988
7.28,0,head,-0.6758544056413126,-0.042380177041161,0.087108480795941,0.6722355393614325,-0.06887810278670742,-0.00025123742610795585
7.28,1,seg1,-0.568853200312465,-0.09118643894671373,0.0859728868008537,0.41205539364584964,-0.11253672229278278,0.0001461649411824556
7.28,2,seg2,-0.4284566842670985,-0.07412351203918462,0.08598618476569318,0.09713617263645954,-0.08885263906163776,0.00015749630074880783
7.28,3,seg3,-0.34523598383907733,0.05041362849265555,0.08587414457260355,-0.15556833590145147,0.03936007406634036,4.369187343432335e-05
7.28,4,seg4,-0.37211660403674574,0.19410342959927454,0.086113304662796,-0.29738390571615253,0.18133053381455058,0.0002810751418757529
7.28,5,seg5,-0.47877175463371147,0.28348024542731115,0.08678016523648542,-0.36210184827193803,0.2651437953279024,0.0009461929125191976
7.28,6,seg6,-0.6134030694717606,0.2924767462124868,0.08770954163546786,-0.4027008939473535,0.26728631093425,0.0018738314165423209
7.3,0,head,-0.6738077091790434,-0.03903075215580229,0.08754600361207023,0.6703505658490304,-0.06543506803111501,0.00018628539002127353
7.3,1,seg1,-0.5671870402662411,-0.09031861898241357,0.08655087471281625,0.4104324223117619,-0.11159059078054416,0.0007241528531450048
7.3,2,seg2,-0.42689695775670433,-0.07472282051073534,0.08661252288246843,0.09554969154392291,-0.08937703888435784,0.0007838344175240541
7.3,3,seg3,-0.34466474410139997,0.04971319740791785,0.08633122105718637,-0.1561722628546079,0.03868762274647276,0.0005007683580171424
7.3,4,seg4,-0.3749086851601558,0.19111657100560311,0.08633117243331914,-0.2947371371107259,0.17821418062427696,0.0004989429123988948
7.3,5,seg5,-0.48643340659078094,0.2741267651197378,0.08679727739520708,-0.3548940230319258,0.2554362848398101,0.0009633050712408581
7.3,6,seg6,-0.6209959287056899,0.27155616521055176,0.08766553645730261,-0.3961122779717767,0.2460280805205881,0.0018298262383770747
7.32,0,head,-0.6718475814770325,-0.03714694002482481,0.08742217464337067,0.6684823124450352,-0.06346010525401206,6.245642132171603e-05
7.32,1,seg1,-0.5646809839062181,-0.0908202608520566,0.08637563364610891,0.4079053317579844,-0.11197239750824475,0.0005489117864376641
7.32,2,seg2,-0.4244113713062283,-0.07598326328786459,0.08644448120766139,0.09300693530909744,-0.09051776090432427,0.0006157927427170168
7.32,3,seg3,-0.34395881106648296,0.048318732104005085,0.08625287514057589,-0.15694376054098239,0.03732833386860798,0.00042242244140666685
7.32,4,seg4,-0.3786134614231564,0.18859787436144337,0.08633755948267648,-0.29115642707047334,0.17552202246583856,0.000505329961756229
7.32,5,seg5,-0.49438080697726955,0.2649681520394248,0.08686689651436301,-0.3473914991438992,0.24590982160529049,0.0010329241903967862
7.32,6,seg6,-0.6276649061876644,0.25104641285241563,0.08775321253362224,-0.39042694497666,0.22522418205965064,0.0019175023146967007
7.34,0,head,-0.6697885938280246,-0.036393378378396866,0.08717445023969851,0.6664615209130066,-0.06260940737738441,-0.00018526798235043995
7.34,1,seg1,-0.5619173707650963,-0.09174212145044613,0.08610688307902267,0.40510097746723595,-0.11276168932234125,0.0002801612193514269
7.34,2,seg2,-0.4219050844879599,-0.0771525675980907,0.08621993345172592,0.09044783956936567,-0.09156646256808888,0.0003912449867815443
7.34,3,seg3,-0.34353548766887865,0.04696173865288197,0.08613089845502196,-0.15743118548073143,0.035993024596022806,0.0003004457558527379
7.34,4,seg4,-0.3826404549717991,0.18587489410024619,0.08627851761016514,-0.28726358699594007,0.17261047739565974,0.00044628808924489227
7.34,5,seg5,-0.5028490659114829,0.2556300118011657,0.08681551812116255,-0.3393772508479327,0.23617924625093561,0.0009815457971963232
7.34,6,seg6,-0.6337696757871671,0.23073400620146173,0.08767576585284557,-0.38529578859488667,0.20464425713279893,0.0018400556339200347
7.36,0,head,-0.6678571973178455,-0.03609210311007533,0.08719970620379575,0.6645466510037138,-0.0622165556281422,-0.00016001201825320555
7.36,1,seg1,-0.5599548820414322,-0.09237337685065038,0.08623224896199579,0.4031106701373773,-0.11329883185752149,0.0004055271023245405
7.36,2,seg2,-0.4200661687573064,-0.07772400534427863,0.08642737510607576,0.08858381201617312,-0.0920497362408601,0.0005986866411313851
7.36,3,seg3,-0.34377340814833446,0.04599157305435932,0.0863390471193282,-0.15723970612895583,0.03501263533612047,0.0005085944201589782
7.36,4,seg4,-0.3867569114702281,0.18295823297611388,0.08638907726538864,-0.2832906028862216,0.1695012132579264,0.0005568477444683889
7.36,5,seg5,-0.511211582324353,0.24626688854603107,0.08679786862456366,-0.3314698142318216,0.22642874862267726,0.0009638963005974416
7.36,6,seg6,-0.6397170723015146,0.21093541784465206,0.08759429853149793,-0.38029737364597965,0.18458505789124052,0.00175858831257239
7.38,0,head,-0.6657571581866231,-0.03625870446306456,0.08712175981699374,0.6624410626620241,-0.06228302440526913,-0.00023795840505520804
7.38,1,seg1,-0.557270913225796,-0.09309745103322735,0.08609485550109841,0.40039528285813125,-0.11389435175485502,0.0002681336414271651
7.38,2,seg2,-0.41792019466462915,-0.07797911172757119,0.08624126688699212,0.08642812868440283,-0.09220242365310452,0.00041257842204774076
7.38,3,seg3,-0.344152178510379,0.045010269933270446,0.08616873011891785,-0.15690806654363618,0.03401441793092013,0.0003382774197486227
7.38,4,seg4,-0.3913504869997568,0.18012063712770118,0.08625505196175781,-0.27883727754799725,0.16644821804442939,0.00042282244083756415
7.38,5,seg5,-0.519633412631575,0.23671452145917837,0.0867145536835025,-0.32351213730916706,0.21648639876611744,0.000880581359536281
7.38,6,seg6,-0.645100314934116,0.1913098974356233,0.0875607770778672,-0.37585423678338625,0.1647255793638303,0.0017250668589416651
7.4,0,head,-0.6637452348193219,-0.03661856454209793,0.08707552937911969,0.6604142927862525,-0.06254672647692974,-0.00028418884292925883
7.4,1,seg1,-0.5553387341651842,-0.09328188318856467,0.08617558725787687,0.39845651578988195,-0.11398661982542646,0.000348865398205625
7.4,2,seg2,-0.416174389432678,-0.07727710905379781,0.08641823759040461,0.08471771093490654,-0.09141813111602,0.0005895491254602342
7.4,3,seg3,-0.34499791335805774,0.044531437962465475,0.08636598694070789,-0.15608607829160134,0.03349587882702436,0.0005355342415386682
7.4,4,seg4,-0.39586817016317133,0.17717772460751144,0.0863441800218993,-0.27446477074891806,0.1632936373185865,0.000511950500979047
7.4,5,seg5,-0.5278615013125981,0.22696928570331812,0.08665729491342974,-0.315757161371194,0.20636061921727003,0.000823322589463521
7.4,6,seg6,-0.649810572975377,0.1718932549070424,0.08744066066261882,-0.3720733811544992,0.14510677031214908,0.0016049504436932843
7.42,0,head,-0.6618410302335971,-0.03711150710052682,0.08705420445838787,0.6584887860533236,-0.06294848671794771,-0.00030551376366108607
7.42,1,seg1,-0.5529989537177943,-0.09345865786756304,0.08610731576666034,0.3961109736231259,-0.11405184077668215,0.0002805939069890906
7.42,2,seg2,-0.41510970276926906,-0.0768104995998838,0.08633660840233527,0.08367643727753922,-0.09090138045655718,0.0005079199373908966
7.42,3,seg3,-0.346463322914642,0.04410717363427999,0.0863335206688307,-0.15464252054149338,0.03300235434886308,0.000503067969661472
7.42,4,seg4,-0.4006152056474482,0.17422436803683242,0.08637947028495088,-0.2698636685579439,0.1601177091789908,0.0005472407640306348
7.42,5,seg5,-0.535440967647044,0.21739254014339215,0.08673761846955615,-0.30864205413369294,0.19643400779014722,0.0009036461455899231
7.42,6,seg6,-0.6537891074536368,0.15314761694027876,0.08753325701753746,-0.368991485918357,0.12619302924579406,0.0016975467986119208
7.44,0,head,-0.6602366330801985,-0.03755094942149861,0.08704999752409534,0.6568652931882273,-0.06331107559808692,-0.000309720697953611
7.44,1,seg1,-0.5505861180057215,-0.09345566813930846,0.08615650682359113,0.3937010142109543,-0.11393402421182439,0.000329784963919888
7.44,2,seg2,-0.4145739236117169,-0.07628553294451845,0.08643325313608373,0.08316624911506003,-0.09035151016845334,0.0006045646711393543
7.44,3,seg3,-0.3484960265626589,0.04377153129390705,0.08639274935206344,-0.15262809386375656,0.032570353121028905,0.0005622966528942147
7.44,4,seg4,-0.4057438915647533,0.1712182103444468,0.0863574826282274,-0.26488386126604757,0.15687087646970696,0.0005252531073071526
7.44,5,seg5,-0.5425948889187641,0.20774888430225205,0.08666651261779894,-0.3019551941222579,0.18646081418306956,0.0008325402938327148
7.44,6,seg6,-0.6565655707629248,0.13508722122120206,0.08749063577456173,-0.3670776881327573,0.1080209622177745,0.0016549255556361914
7.46,0,head,-0.6589427353343926,-0.03800155205572657,0.08703028524776565,0.6555514167650232,-0.0636995892464279,-0.00032943297428329743
7.46,1,seg1,-0.5481390452735196,-0.09332728040846414,0.08614026912949643,0.3912628244392843,-0.11368932234678114,0.0003135472698251873
7.46,2,seg2,-0.414390195535174,-0.07573499239352699,0.08646958875620002,0.08300893021751478,-0.08979284956588261,0.0006409002912556444
7.46,3,seg3,-0.3507830552686824,0.043311534991388144,0.08646049251529311,-0.1503655484858291,0.03200203515306672,0.0006300398161238896
7.46,4,seg4,-0.41083563738264395,0.16822429309411038,0.08642655632389759,-0.259940369676526,0.1536380283636415,0.0005943268029773435
7.46,5,seg5,-0.5491128971629692,0.19851978756562638,0.08672901153443985,-0.29588379712999385,0.17693197392826895,0.0008950392104736249
7.46,6,seg6,-0.6584789639767578,0.11817198459512919,0.08755393840857086,-0.36597148276500546,0.09103383140090018,0.0017182281896453155
7.48,0,head,-0.6579611658446786,-0.03848799368847017,0.08703141043388012,0.6545478090667906,-0.06413876542195873,-0.00032830778816883566
7.48,1,seg1,-0.5461025961819955,-0.09320396687461185,0.08603752826392885,0.3892345515373418,-0.11346923108214069,0.00021080640425760744
7.48,2,seg2,-0.4141171326638187,-0.07510774098134079,0.08630966324706689,0.08276602852865415,-0.0891533134563954,0.00048097478212251465
7.48,3,seg3,-0.3526963693252347,0.043049637043560296,0.08631881988060294,-0.14846686651898078,0.031649376674626764,0.0004883671814337187
7.48,4,seg4,-0.4151090235484576,0.1654988805282526,0.08638050627196603,-0.25580153193218036,0.15071232757580777,0.0005482767510457814
7.48,5,seg5,-0.554909022765103,0.18999104945006945,0.08678901935976321,-0.29050013375970357,0.1681370541134101,0.0009550470357969909
7.48,6,seg6,-0.6597067909604653,0.10262191058207619,0.08766539738865137,-0.3654850968065879,0.07544294336936465,0.0018296871697258271
7.5,0,head,-0.6574804968625338,-0.03892981755538633,0.08696783023332118,0.6540466577212942,-0.06455721294394766,-0.00039188798872777375
7.5,1,seg1,-0.5454082634084323,-0.09331791160427058,0.08591276041400953,0.3885355827320321,-0.11355000243233478,8.603855433828023e-05
7.5,2,seg2,-0.4134283778054523,-0.07452579254421404,0.08611383181239517,0.08210574984670163,-0.08853924562586438,0.00028514334745079195
7.5,3,seg3,-0.3534524641050447,0.04424606589161889,0.0860946712866818,-0.1476546887583793,0.03280846622667272,0.0002642185875125769
7.5,4,seg4,-0.4172866286163262,0.16399226903799555,0.0862311280192042,-0.2536980960829071,0.149103787976806,0.0003988984982839505
7.5,5,seg5,-0.5595411341130762,0.18284199885188812,0.08669424797521004,-0.2862135044267949,0.1607756555401532,0.0008602756512438164
7.5,6,seg6,-0.6599797031767204,0.08866605444240727,0.08760070463696748,-0.36587667253258205,0.06148991251154067,0.0017649944180419402
7.5200000000000005,0,head,-0.6576116041174752,-0.03923197786006764,0.08695069629582015,0.654163236185676,-0.06486527044452628,-0.0004090219262287975
7.5200000000000005,1,seg1,-0.5452818388978987,-0.09339479137609065,0.0858961701511339,0.3884056426588969,-0.1136207783715429,6.94482914626593e-05
7.5200000000000005,2,seg2,-0.4129590230153148,-0.07407151457784518,0.08609951769913228,0.08165854661182723,-0.0880631451570126,0.0002708292341879054
7.5200000000000005,3,seg3,-0.35371373717763416,0.045356553372765035,0.0860866212760245,-0.14734086208607083,0.03390526104977685,0.00025616857685527294
7.5200000000000005,4,seg4,-0.41809675292957693,0.16313505427291203,0.08625870582746346,-0.2529296857806597,0.14820898958403503,0.00042647630654321644
7.5200000000000005,5,seg5,-0.5620543720212472,0.1777570897164417,0.08669660942521511,-0.2839451122339034,0.15557689967389113,0.0008626371012488837
7.5200000000000005,6,seg6,-0.659229955713878,0.07743194986860003,0.08755377948450094,-0.367160217187464,0.050304218972372944,0.0017180692655753976
7.54,0,head,-0.6583897412039307,-0.03941155673113181,0.08701315807151806,0.6549319451456924,-0.06508167846417584,-0.00034656015053088907
7.54,1,seg1,-0.5451823937736657,-0.09343396237947468,0.08594657521982894,0.38830444601438097,-0.11365517225730062,0.00011985336015769843
7.54,2,seg2,-0.41259888469597156,-0.07367162706311173,0.08612509648912783,0.08131784757556418,-0.08764657127380557,0.0002964080241834588
7.54,3,seg3,-0.3537247840959733,0.0461209014733507,0.08606929183043018,-0.1472934512905779,0.03466821731965337,0.00023883913126095113
7.54,4,seg4,-0.4185287313098264,0.16273400778173527,0.08623273622089064,-0.25251728324367784,0.14778783906871581,0.000400506699970396
7.54,5,seg5,-0.5624563896960068,0.1744569107143393,0.08668899603878016,-0.283700610222326,0.15226132756292626,0.0008550237148139406
7.54,6,seg6,-0.6566601481297616,0.06969542571433386,0.08756149194084915,-0.3700953048892753,0.04269876190581535,0.0017257817219236138
7.5600000000000005,0,head,-0.6597144667025455,-0.03959198530258911,0.08717458602133407,0.6562465827332202,-0.06532494812799153,-0.0001851322007148798
7.5600000000000005,1,seg1,-0.5448612088538106,-0.09345639705971312,0.08605698774474994,0.38798255733541337,-0.11366229587721954,0.00023026588507869816
7.5600000000000005,2,seg2,-0.41241992470522393,-0.07338614471058173,0.08619215424319007,0.08115267687085789,-0.0873528954487938,0.00036346577824569737
7.5600000000000005,3,seg3,-0.3536479827029979,0.046599407217389935,0.08608246279138179,-0.14734739290168555,0.03514983594847787,0.00025201009221256787
7.5600000000000005,4,seg4,-0.41894766337441963,0.16291197348206243,0.08623465216525539,-0.25209035623983767,0.14794566555131985,0.0004024226443351403
7.5600000000000005,5,seg5,-0.5610658026022409,0.17313176754910733,0.08676536344541835,-0.2851526870399243,0.15100386591765627,0.0009313911214521298
7.5600000000000005,6,seg6,-0.6526221135034745,0.06581313778720345,0.08769010595348628,-0.37431352747697133,0.03901304876025002,0.0018543957345607404
7.58,0,head,-0.6614413247586347,-0.04001201911957769,0.08730856655401473,0.6579514940681849,-0.06582668958815649,-5.115166803422444e-05
7.58,1,seg1,-0.5448942768440411,-0.09357230662794117,0.08607309334268509,0.3880100715575105,-0.11377964785874035,0.00024637148301384637
7.58,2,seg2,-0.4123154016646378,-0.0730751144632012,0.08615110409380351,0.08106307463089502,-0.08703724323608102,0.0003224156288591379
7.58,3,seg3,-0.35338502964606744,0.04695253574070109,0.08607575401987472,-0.14759324212314567,0.035515078640974605,0.00024530132070549326
7.58,4,seg4,-0.4187750358493903,0.1634516372340147,0.08631880799310285,-0.2522371048061146,0.14849293338872552,0.0004865784721826
7.58,5,seg5,-0.558353704767604,0.17344876447575217,0.0869642287861989,-0.28784662543546885,0.1514495761781419,0.0011302564622326788
7.58,6,seg6,-0.647915140998092,0.06529836591991944,0.08788111075746483,-0.37903966516522763,0.03872287158856527,0.0020454005385392854
7.6000000000000005,0,head,-0.6634238059922576,-0.040747506246300226,0.08734016884159516,0.6598967260668701,-0.0666556923782917,-1.954938045378718e-05
7.6000000000000005,1,seg1,-0.5451625421572232,-0.09360440585726297,0.08609510375595382,0.3882765052486916,-0.11382447783726964,0.00026838189628257403
7.6000000000000005,2,seg2,-0.4123026670354589,-0.07253985264379273,0.08620853686533281,0.08107582828969004,-0.08650198186975276,0.0003798484003884328
7.6000000000000005,3,seg3,-0.3528303038732855,0.047138291926610884,0.0861780068676591,-0.14813849893261524,0.03572702451916529,0.00034755416848987475
7.6000000000000005,4,seg4,-0.4174091207069083,0.16432937620412014,0.08642181651750788,-0.25355969938839323,0.1494346835927553,0.0005895869965876349
7.6000000000000005,5,seg5,-0.5546599578109362,0.17551097930723042,0.08706279098845707,-0.29143804327439643,0.1536852448690629,0.0012288186644908439
7.6000000000000005,6,seg6,-0.643650022890172,0.06744832961066691,0.08793630946985899,-0.3831976306366819,0.04107338206119698,0.0021005992509334492
7.62,0,head,-0.6652950866466648,-0.041444331440828104,0.08731627630121772,0.6617327234645146,-0.06744078485354699,-4.344192083123588e-05
7.62,1,seg1,-0.5454735812988398,-0.09348251729267491,0.08613354328207175,0.3885929927951084,-0.11371753017367678,0.00030682142240050225
7.62,2,seg2,-0.41254829737342963,-0.07223016663519603,0.08630355526701548,0.08133591869087498,-0.08620433666139478,0.0004748668020711083
7.62,3,seg3,-0.3519431459137798,0.04709975270872091,0.08623230837943177,-0.1490264857775079,0.03573075005794664,0.00040185568026254725
7.62,4,seg4,-0.4147001012265302,0.1653738737145712,0.08637124507339913,-0.25621594014807586,0.15060692359382502,0.0005390155524788859
7.62,5,seg5,-0.550287115723548,0.17892804624735684,0.08695343647525611,-0.2956433074470531,0.1573065495552466,0.001119464151289884
7.62,6,seg6,-0.6402210927566003,0.07171661716142891,0.08784374397404722,-0.38641954163530823,0.045500020739939175,0.00200803375512168
7.640000000000001,0,head,-0.6669280865434031,-0.042204904725642346,0.08733448977663565,0.6633276762426923,-0.0682782130709912,-2.52284454133056e-05
7.640000000000001,1,seg1,-0.5461138814702237,-0.09334085630009328,0.08614669333901812,0.3892393092789571,-0.1136065024791383,0.00031997147934687
7.640000000000001,2,seg2,-0.41283530981365807,-0.07207113402343548,0.08632255220337884,0.0816301744979887,-0.08605914357471076,0.0004938637384344635
7.640000000000001,3,seg3,-0.350703320082541,0.04665410265534076,0.08624711253378793,-0.1502861158554672,0.03534461002062369,0.00041665983461870726
7.640000000000001,4,seg4,-0.4110655452980403,0.16625500800931564,0.08636743601403071,-0.25980444330265035,0.15166003306141743,0.0005352064931104655
7.640000000000001,5,seg5,-0.545437673792442,0.18294776377117253,0.08694406806084706,-0.30029595043844104,0.16155250400695537,0.0011100957368808395
7.640000000000001,6,seg6,-0.6372644213160504,0.07756334819244733,0.08783594380128913,-0.38909460873152607,0.051480838893480416,0.002000233582363592
7.66,0,head,-0.6683726993599866,-0.04317799078481078,0.08733614189687759,0.664724341624496,-0.06931894765741843,-2.3576325171359436e-05
7.66,1,seg1,-0.5469726529244082,-0.0932384135156955,0.08614855993564116,0.3901019830436937,-0.1135450459078768,0.00032183807596991576
7.66,2,seg2,-0.413224854527386,-0.07212211500242631,0.08634982070079182,0.0820168515576378,-0.08612860576396304,0.0005211322358474463
7.66,3,seg3,-0.3491469379939245,0.045852997419635624,0.08631035563511273,-0.15187886010592178,0.034618482926487365,0.0004799029359435075
7.66,4,seg4,-0.40660064124079753,0.16714293128293262,0.08643726284328178,-0.26422203061105354,0.15275944124334848,0.0006050333223615312
7.66,5,seg5,-0.5399646279421287,0.18784327436210047,0.08699150198977448,-0.30552981051927874,0.16670293733587804,0.0011575296658082601
7.66,6,seg6,-0.6348538544047695,0.08469874453249843,0.08783604484673954,-0.39116286071297307,0.05872287227530695,0.0020003346278140016
7.68,0,head,-0.6696368392514068,-0.04413906595524936,0.08732202004818411,0.6659413101922664,-0.0703390960060233,-3.7698173864841866e-05
7.68,1,seg1,-0.5480036526283575,-0.09305132160552941,0.08618717932874877,0.3911407184744173,-0.1134072327109878,0.0003604574690775214
7.68,2,seg2,-0.4138820950110379,-0.07241993331720482,0.08641472624445254,0.08265917372390676,-0.08645736561040783,0.0005860377795081639
7.68,3,seg3,-0.34740739803867193,0.04455846013847736,0.08633210898589551,-0.15367803780531591,0.03340819963983908,0.0005016562867262847
7.68,4,seg4,-0.40123702335411177,0.1677908831667511,0.08637167605907546,-0.26954873397881934,0.1536619209974774,0.0005394465381552138
7.68,5,seg5,-0.5336745478556071,0.19346574962605148,0.08686738534712891,-0.311545181779553,0.1726183954064174,0.001033413023162691
7.68,6,seg6,-0.6327284986653889,0.09339764603109796,0.08772412666249765,-0.3928718153028411,0.06751306559001746,0.0018884164435721135
7.7,0,head,-0.6708361555026119,-0.04534144894663762,0.08734150588738894,0.6670820443957928,-0.07159719369900701,-1.8212334660011598e-05
7.7,1,seg1,-0.5492223210076004,-0.09295357292672261,0.0861901900588998,0.3923626579614239,-0.11336759292411007,0.000363468199228556
7.7,2,seg2,-0.4145639470161856,-0.07277856123390501,0.08642157975464916,0.08332318551008776,-0.08684803745136235,0.0005928912897047861
7.7,3,seg3,-0.34557182542952364,0.04307589947179675,0.08637586761567659,-0.15558208763854217,0.03201467634756324,0.0005454149165073641
7.7,4,seg4,-0.3954529417073128,0.16823621496898766,0.08644563978940652,-0.27530506764682894,0.15438202071946722,0.0006134102684862697
7.7,5,seg5,-0.5265966814278422,0.1993632670515329,0.0869396723041207,-0.3183343570895018,0.17884607583794382,0.0011056999801544731
7.7,6,seg6,-0.6300638708943617,0.10360203419167671,0.08775731336650973,-0.39504778265372176,0.07783270439068363,0.0019216031475841888
7.72,0,head,-0.671999714487288,-0.04654831228246649,0.08737297110106643,0.6681868486239446,-0.07285806492139968,1.3252879017475183e-05
7.72,1,seg1,-0.5506416702521078,-0.09265158255988332,0.08624576874803089,0.39379477106711147,-0.11313349356091747,0.0004190468883596421
7.72,2,seg2,-0.4156684127706258,-0.07312431925825323,0.08648063300397006,0.08440994467276301,-0.0872459667620777,0.0006519445390256867
7.72,3,seg3,-0.34382812276912345,0.04145905395402302,0.08639957744154653,-0.15740076242579162,0.03048264814476338,0.0005691247423773027
7.72,4,seg4,-0.38884820664636155,0.16842515879566536,0.08642256063319939,-0.28189332669841527,0.154885079025454,0.0005903311122791438
7.72,5,seg5,-0.5182494151031617,0.20587780286695206,0.08688517430795357,-0.32636212915566426,0.18575048802364352,0.0010512019839873515
7.72,6,seg6,-0.6268448127310292,0.11551567449695799,0.08771641733020409,-0.3976962064659862,0.08988604467837624,0.0018807071112785512
7.74,0,head,-0.6732832037888894,-0.0479623559169886,0.08732704737772506,0.6694015872744449,-0.0743315893353157,-3.2670844323887116e-05
7.74,1,seg1,-0.552304715317856,-0.09242995196216504,0.0861949885549442,0.3954664794254897,-0.11299126073496439,0.0003682666952729563
7.74,2,seg2,-0.41681590781547834,-0.07343941818872035,0.08645031281864105,0.08554114347795425,-0.0876153195431948,0.0006216243536966704
7.74,3,seg3,-0.3420879790256112,0.039689028683091626,0.08643071043999993,-0.15922317236738284,0.028797444384876695,0.0006002577408307092
7.74,4,seg4,-0.3822323521080008,0.16868979147692698,0.08649877067210236,-0.2884890904893992,0.15546426961350707,0.0006665411511821151
7.74,5,seg5,-0.5087839928193055,0.2128009928829738,0.08696539718399791,-0.33548734175974615,0.19311630596384652,0.0011314248600316906
7.74,6,seg6,-0.6224627070149642,0.1290564069637413,0.08773772897545894,-0.4014289243767354,0.10361998450781834,0.0019020187565333968
7.76,0,head,-0.6746643715615429,-0.049272788126469104,0.08741039185794679,0.6707188247278425,-0.07570626838257238,5.067363589783547e-05
7.76,1,seg1,-0.5542148620594699,-0.09200070799895756,0.08629086460842729,0.39739489007598783,-0.11265340970699529,0.000464142748756044
7.76,2,seg2,-0.41803650621514515,-0.07354943720721877,0.08652459231551997,0.08675512284331002,-0.08778330388180731,0.0006959038505755938
7.76,3,seg3,-0.3401508797318988,0.037964461019378865,0.08646145975826283,-0.16124015129528735,0.02716702011357038,0.0006310070590936079
7.76,4,seg4,-0.3747867825824303,0.16899167907855883,0.08647756517189871,-0.29591185609334647,0.1561201602039648,0.0006453356509784625
7.76,5,seg5,-0.4985868580701311,0.2202638476158738,0.08692137347450955,-0.34531775431827977,0.20105600033910884,0.0010874011505433295
7.76,6,seg6,-0.6173102809359248,0.14443421933553807,0.08772348693694944,-0.40584366059009275,0.11922558324684303,0.001887776718023898
7.78,0,head,-0.6761984991643207,-0.05059760835417835,0.08738544802362394,0.672188163944753,-0.07710259871694317,2.5729801574989053e-05
7.78,1,seg1,-0.5562904761431458,-0.09123242082191979,0.08624717118072205,0.39950471611589733,-0.11198477446142167,0.00042044932105080035
7.78,2,seg2,-0.4198148270560082,-0.07333532646977081,0.08646638624904394,0.08854161847570745,-0.08765406853055163,0.0006376977840995696
7.78,3,seg3,-0.3387463417003724,0.03591606143882383,0.08642168203608655,-0.16274058402647706,0.025187785528525904,0.000591229336917326
7.78,4,seg4,-0.3671686128417983,0.1688764270131841,0.08645434993153264,-0.3035268785967308,0.1563675980791094,0.0006221204106123951
7.78,5,seg5,-0.4879346052435778,0.228036748652945,0.0868982752992758,-0.3555880137171471,0.20932704940667057,0.0010643029753095723
7.78,6,seg6,-0.6116275285170807,0.1617251429952004,0.0877004411594216,-0.41069707458335003,0.13676736447515195,0.001864730940496065
7.8,0,head,-0.6781246255738985,-0.052023655195678,0.0874452047413746,0.6740442402736248,-0.07861869673512632,8.548651932564766e-05
7.8,1,seg1,-0.5590005868013344,-0.09047101609651183,0.08629144859850142,0.4022479922287607,-0.1113532104477929,0.00046472673883017623
7.8,2,seg2,-0.42192758854457457,-0.07295913269740154,0.08647809056238454,0.09066988955509617,-0.0873788503006148,0.0006494020974401604
7.8,3,seg3,-0.3376094298388145,0.03435463717606202,0.08642166918854931,-0.16395051800218877,0.023682237759903642,0.0005912164893800836
7.8,4,seg4,-0.35952059224838195,0.1687416399832068,0.08645919220777919,-0.3111726478247945,0.15659694376877578,0.0006269626868589395
7.8,5,seg5,-0.47641575446956447,0.235904129198794,0.08690532149960645,-0.3667193926985268,0.2177337135347803,0.0010713491756402238
7.8,6,seg6,-0.6046813538440439,0.1799843473466194,0.08772306969562117,-0.41676639739948235,0.15533645725535838,0.0018873594766956325
7.82,0,head,-0.6805279894151488,-0.05347732038437635,0.08751851953621416,0.6763756988746707,-0.08018509420228849,0.00015880131416520782
7.82,1,seg1,-0.5625627165490111,-0.08943206429181595,0.08626892132203696,0.4058555308510184,-0.11048496262641153,0.0004421994623657194
7.82,2,seg2,-0.4248447734167379,-0.07222467982866712,0.08635298775025348,0.0936187225669987,-0.08678406255547277,0.0005242992853091016
7.82,3,seg3,-0.33707043871129705,0.0330616159019311,0.08629156270856399,-0.16455043508196138,0.022416332965586046,0.00046111000939476343
7.82,4,seg4,-0.3520704801296829,0.16874494072923807,0.08641498555835682,-0.31861416104044055,0.1569548020245024,0.0005827560374365715
7.82,5,seg5,-0.4641453826126795,0.24405479094096588,0.08697015882119949,-0.37858795945664814,0.22645910380857678,0.0011361864972332658
7.82,6,seg6,-0.5964539381669274,0.19942721876235944,0.08785056386557268,-0.42405917705917684,0.17514885192224036,0.0020148536466471356
7.84,0,head,-0.6835902861612291,-0.054917186347599616,0.08754493427714036,0.6793660004597976,-0.08176906761807634,0.0001852160550914056
7.84,1,seg1,-0.5663612592071069,-0.08819841272424703,0.08627648288111624,0.4097084805351243,-0.10943348687977628,0.0004497610214449915
7.84,2,seg2,-0.4281488532034535,-0.07104086263729083,0.08634227009182943,0.09697539797421145,-0.08575883253784301,0.0005135816268850568
7.84,3,seg3,-0.3370813911331249,0.03211677071104252,0.08630620059816946,-0.16458446157385356,0.02147203714957428,0.00047574789900023395
7.84,4,seg4,-0.34509205362152345,0.16890102278988464,0.08646993974007199,-0.325577252042128,0.1574428202988719,0.0006377102191517381
7.84,5,seg5,-0.4518816434409353,0.25236937592528497,0.08704547976332194,-0.3904420997089729,0.23534791592228063,0.001211507439355719
7.84,6,seg6,-0.5870294747521237,0.22012686850115631,0.08793265111535417,-0.43248783622948994,0.1962735700160124,0.0020969408964286312
7.86,0,head,-0.6872160432748361,-0.05641233125574827,0.08772901335997234,0.6829164931461463,-0.08343507320804291,0.00036929513792338664
7.86,1,seg1,-0.5705542978792528,-0.08653912342906603,0.08644870321507368,0.4139757359193128,-0.10797563031773079,0.0006219813554024373
7.86,2,seg2,-0.4320484137439498,-0.069106200216854,0.0864590907650974,0.10096261316248312,-0.0840119478447638,0.0006304023001530296
7.86,3,seg3,-0.33779075603689945,0.031764118663180754,0.08633790553542527,-0.16389268366430645,0.02108602502882187,0.0005074528362560421
7.86,4,seg4,-0.33850384257075766,0.16927348381703036,0.08641323449984135,-0.3321402719669919,0.15812840145894147,0.0005810049789211069
7.86,5,seg5,-0.43889941651479203,0.26081961526632136,0.08694775455620435,-0.4030074576077055,0.24440642251761263,0.0011137822322381252
7.86,6,seg6,-0.5761821053286387,0.24167704419348213,0.08788542039168279,-0.4422973113767111,0.21831556840763497,0.002049710172757249
7.88,0,head,-0.6915390631349994,-0.05764395222773247,0.08740930224587437,0.6871759999743363,-0.08487103717289579,4.9584023825419155e-05
7.88,1,seg1,-0.5753675280871655,-0.08444694990805547,0.08631018892040607,0.41888308165784005,-0.10611489581852093,0.00048346706073482126
7.88,2,seg2,-0.43640073151284686,-0.06646540793289527,0.08649094621084406,0.1054356782615075,-0.08158128076215418,0.0006622577458996887
7.88,3,seg3,-0.3390131914235706,0.032156792180758426,0.08643549067168142,-0.16265294555297535,0.02142007619428586,0.0006050379725121985
7.88,4,seg4,-0.332282101420865,0.16992029308985854,0.08641486913482008,-0.3383241806261344,0.15907057918240414,0.0005826396138998297
7.88,5,seg5,-0.42561730154817784,0.2693447386912149,0.0867228962087072,-0.4158687999017629,0.25355400043574894,0.0008889238847409747
7.88,6,seg6,-0.5637435161646656,0.2639892391811849,0.08746235091736604,-0.4536599376698172,0.2411944510127337,0.0016266406984404985
7.9,0,head,-0.6963251762286395,-0.05931895988223221,0.08769175669445077,0.691876973907212,-0.08677192466756337,0.00033203847240181883
7.9,1,seg1,-0.5801320658602013,-0.08243671287488165,0.08635968034563772,0.42373789066351036,-0.10433368762284517,0.0005329584859664754
7.9,2,seg2,-0.44066120859987273,-0.0631108343643442,0.08632312686967035,0.10985097659359269,-0.07843327036305302,0.0004944384047259748
7.9,3,seg3,-0.34092016877399706,0.03309012903963342,0.08625340730297618,-0.160703710216833,0.02226159975969415,0.00042295460380695205
7.9,4,seg4,-0.3270355885867341,0.17065418036407143,0.08640029511260398,-0.34352982184920194,0.16005332375931286,0.0005680655916837363
7.9,5,seg5,-0.41246051246067084,0.2771428845359407,0.0869764745682572,-0.428639556204297,0.261969460087363,0.00114250224429098
7.9,6,seg6,-0.549484003970738,0.2858343058115721,0.08793821536762472,-0.46686365497354676,0.26369339484187904,0.0021025051486991825
7.92,0,head,-0.7012724910442183,-0.060540677340732804,0.08741874210678163,0.696760539616386,-0.08822770741032226,5.9023884732681275e-05
7.92,1,seg1,-0.5845789041041994,-0.07991928306821532,0.08626075244782082,0.4282994981425568,-0.10203074159549182,0.0004340305881495726
7.92,2,seg2,-0.4454941298452849,-0.0594896532255827,0.08641586976808299,0.11485075866731938,-0.07504619790780886,0.0005871813031386175
7.92,3,seg3,-0.34298999528088525,0.034771658273433564,0.08639793384385656,-0.15855620272967186,0.023842717694866046,0.0005674811446873401
7.92,4,seg4,-0.3216739437777268,0.17197278470850336,0.08642420080780851,-0.3488226370869317,0.1616256021478123,0.0005919712868882598
7.92,5,seg5,-0.3986080677310105,0.2853276712257013,0.08674505188279372,-0.4420867791145252,0.2708042297008459,0.0009110795588274934
7.92,6,seg6,-0.5337550257942052,0.3082294381247016,0.08747358088427001,-0.48150899479470216,0.2868117150076337,0.0016378706653444736
7.94,0,head,-0.7064945359509416,-0.06324696023977121,0.08765515294434281,0.7018478715720505,-0.09117944820295748,0.0002954347222938608
7.94,1,seg1,-0.5898004353755975,-0.07813777120308496,0.08636523072697067,0.4335998974710246,-0.10049974835589365,0.0005385088672994198
7.94,2,seg2,-0.45040130333768236,-0.0553795731914686,0.08639811424799754,0.11994797623371503,-0.07117431430291195,0.0005694257830531624
7.94,3,seg3,-0.3455914845867136,0.037266683286768854,0.08637430925463187,-0.15583891947608972,0.026211107051515435,0.0005438565554626434
7.94,4,seg4,-0.31701138752324953,0.17320440008368204,0.08651071470482559,-0.35342129584282794,0.16307771953382527,0.0006784851839053418
7.94,5,seg5,-0.3848536716272342,0.29287507285387354,0.08698144679778175,-0.4554663985450572,0.27899767021058913,0.001147474473815524
7.94,6,seg6,-0.5163197906814749,0.3300832716725508,0.08784341906266344,-0.4978844193357146,0.309470552913203,0.002007708843737896
7.96,0,head,-0.7117339655099422,-0.06653070559864045,0.08766003729835423,0.7069250862355504,-0.0947088244853674,0.0003003190763052749
7.96,1,seg1,-0.5954690804148847,-0.07669785707589859,0.08643443883459595,0.43933064682328277,-0.09933124455476482,0.0006077169749247047
7.96,2,seg2,-0.45568331259745676,-0.05135766528422159,0.086509769912928,0.12541540860158595,-0.06740834187406965,0.0006810814479836225
7.96,3,seg3,-0.34864307265038963,0.03973798960021229,0.08649663281845808,-0.1526731762833183,0.0285343837551763,0.0006661801192888589
7.96,4,seg4,-0.3127887062037639,0.17479414567922022,0.08657419223310543,-0.35756353417376346,0.16486662707531924,0.0007419627121851846
7.96,5,seg5,-0.3707474059179147,0.3002569669881504,0.08692771061945662,-0.46920536560623805,0.28704253673144103,0.001093738295490393
7.96,6,seg6,-0.49703370285230214,0.3518058363173825,0.08768245193013788,-0.5161148466392201,0.33208635532617203,0.001846741711212338
7.98,0,head,-0.7163335056091815,-0.06853335130950365,0.0874919245037547,0.7114241058291431,-0.0969280995160025,0.00013220628170575177
7.98,1,seg1,-0.6005426885511265,-0.07388582969235986,0.08635075857237323,0.4445323343041975,-0.09676386361804738,0.0005240367127019863
7.98,2,seg2,-0.46162389128236264,-0.04640365753825991,0.08651167216812645,0.13158502409553946,-0.06274266802005389,0.0006829837031820801
7.98,3,seg3,-0.35226120239800357,0.04302912772513563,0.08649535395747701,-0.14890251642021515,0.031649600797929896,0.0006649012583077873
7.98,4,seg4,-0.3088661787468693,0.17635854236687237,0.08648133451972073,-0.36140716514019294,0.16661592969020425,0.0006491049988004843
7.98,5,seg5,-0.3557663533984212,0.30676040796887405,0.08666085709822356,-0.4838599350591628,0.2942515778121409,0.0008268847742573388
7.98,6,seg6,-0.47563264502017855,0.37275901308581527,0.08723309025360904,-0.5364944636910431,0.3540342960446342,0.0013973800346834958
8.0,0,head,-0.7211000558299806,-0.07123456889990999,0.08742587339849599,0.716056700290771,-0.09985310311075747,6.615517644703583e-05
8.0,1,seg1,-0.6065660538825361,-0.07120252717125662,0.0862420354776064,0.45067657660229016,-0.09437026195653761,0.000415313617935148
8.0,2,seg2,-0.4675820863415587,-0.04040255467370702,0.0863610895796685,0.13782206872283037,-0.05703192391194175,0.0005324011147241209
8.0,3,seg3,-0.3570747582864753,0.046685588480740184,0.08642710481367612,-0.14392039875401752,0.03507283451864708,0.0005966521145068931
8.0,4,seg4,-0.30653297683935604,0.17781095762937013,0.08654588402367275,-0.36366860079460844,0.168177739542971,0.0007136545027525004
8.0,5,seg5,-0.34207644790077396,0.31216831835200637,0.08687088159946332,-0.49727695833773855,0.3003048821631262,0.0010369092754970999
8.0,6,seg6,-0.4524883880750786,0.3914247009053432,0.08755408482735301,-0.5587241694116188,0.37378030107912646,0.0017183746084274698
8.02,0,head,-0.7282359721631233,-0.06883122638806748,0.08944191479339668,0.7232989092568504,-0.09779209208965262,0.0020821965713477275
8.02,1,seg1,-0.6106413667408375,-0.07281388676877472,0.08795974393954857,0.4546705848165345,-0.096173745537849,0.0021330220798773253
8.02,2,seg2,-0.470177899069489,-0.041129007173994474,0.08765361503069884,0.1403803672126783,-0.05788109161604536,0.0018249265657544617
8.02,3,seg3,-0.3596809502432889,0.05043994407359466,0.08720851192780628,-0.14113848487543995,0.03869890368580044,0.0013780592286370547
8.02,4,seg4,-0.3060856868196639,0.18078349399464577,0.08691400138255377,-0.36397391682353797,0.17116819484727097,0.0010817718616335237
8.02,5,seg5,-0.33007285089888466,0.3188342737946969,0.08693215288529632,-0.5089497117750139,0.30753455228852034,0.0010981805613300977
8.02,6,seg6,-0.42896471310978673,0.4141734711152775,0.08753480444545347,-0.5811385436305214,0.39762281894608303,0.0016990942265279335
8.040000000000001,0,head,-0.738123392995371,-0.06461097917619443,0.08730587184445837,0.733375973992057,-0.09404718307131296,-5.3846377590580086e-05
8.040000000000001,1,seg1,-0.6154957869285929,-0.07588198462812296,0.08608135855188721,0.4593734893337066,-0.09946939553946547,0.00025463669221596763
8.040000000000001,2,seg2,-0.4705980396592793,-0.04362629045586146,0.08613203493298725,0.14068118253364242,-0.060395540272849164,0.00030334646804287824
8.040000000000001,3,seg3,-0.36167571369321627,0.05237784893626202,0.08612091814027607,-0.1390537541157895,0.040539679103204655,0.00029046544110684913
8.040000000000001,4,seg4,-0.30736982555712994,0.18392876346584147,0.08618511345944277,-0.3625415453890883,0.1742487864166235,0.00035288393852252187
8.040000000000001,5,seg5,-0.32084579741120495,0.3244932733211282,0.08633974286959478,-0.5178969902741635,0.3136262679050271,0.0005057705456285588
8.040000000000001,6,seg6,-0.4076210638560375,0.43785183829924973,0.08665961706716858,-0.6013311215330517,0.42229012997813714,0.0008239068482430445
8.06,0,head,-0.7433416737001988,-0.06024516528871892,0.08676589451117236,0.7387961169829405,-0.08993466141541116,-0.000593823710876587
8.06,1,seg1,-0.6196589296724537,-0.07825236651943121,0.0860530114336372,0.4634191049803941,-0.10203522130390812,0.00022628957396594873
8.06,2,seg2,-0.4716533948704423,-0.0466036808084984,0.08653812523208902,0.14159364373966718,-0.06341978273683792,0.0007094367671446472
8.06,3,seg3,-0.36221371828743687,0.054902293598795775,0.08663617976136682,-0.13839621729105253,0.04303565889513086,0.0008057270621976004
8.06,4,seg4,-0.3100381432239425,0.18902594063464123,0.08657935856007935,-0.359633669440065,0.1792131989423644,0.0007471290391591057
8.06,5,seg5,-0.31797283961409345,0.3307979876362442,0.08638722377243699,-0.5204666425192422,0.32006056634675045,0.0005532514484707651
8.06,6,seg6,-0.39060317756379004,0.4552302074081773,0.08609189731723728,-0.6175026637654971,0.4404587124359424,0.0002561870983117387
8.08,0,head,-0.7444353006400285,-0.05475752918001257,0.08840010142408176,0.7401496689936454,-0.08450529065082112,0.001040383202032813
8.08,1,seg1,-0.6243414797746042,-0.0800275873237916,0.08683994138799637,0.46801186398642547,-0.10403127968812904,0.0010132195283251294
8.08,2,seg2,-0.4731349306961913,-0.05218603368711475,0.08644882445650423,0.14280782884167603,-0.0690663185422633,0.0006201359915598559
8.08,3,seg3,-0.35928616060827046,0.05608289583646557,0.08619470317063492,-0.14126427120691296,0.044354249939807404,0.00036425047146569633
8.08,4,seg4,-0.30954322151809815,0.1934468017933588,0.08647177824554614,-0.35991763538161203,0.1836526047836354,0.0006395487246258907
8.08,5,seg5,-0.318682945457505,0.33704202215774304,0.08705875567947752,-0.519460178974566,0.326263730744681,0.0012247833555112941
8.08,6,seg6,-0.38336699491756643,0.4653614009011439,0.08789035732201238,-0.6242484893416771,0.4509228061936169,0.0020546471030868374
8.1,0,head,-0.743551353258891,-0.04521826386227286,0.08726679700982072,0.7397207101954256,-0.07493476610282061,-9.29212122282308e-05
8.1,1,seg1,-0.629018931179021,-0.07740366903717397,0.08615025316178973,0.47280889125082864,-0.1016329410469224,0.0003235313021184849
8.1,2,seg2,-0.4754855308057479,-0.05587754429547946,0.0861170161610652,0.14498008130656806,-0.07286551459862044,0.00028832769612081866
8.1,3,seg3,-0.35708528828000563,0.05508106792565883,0.08595342694139062,-0.14351032808969247,0.04345829980335192,0.00012297424222139364
8.1,4,seg4,-0.3085960467582717,0.1987009079520768,0.08611592173764844,-0.3606136866291986,0.1889458348195596,0.000283692216728193
8.1,5,seg5,-0.3222533623738499,0.341753372493166,0.08653912367373837,-0.5156695879943703,0.33079982145799336,0.0007051513497721429
8.1,6,seg6,-0.38618289219224217,0.4685917994589439,0.08710184619781304,-0.6212820436126913,0.45401553185879456,0.0012661359788875004
8.120000000000001,0,head,-0.7431278076107316,-0.03573095342204833,0.08772260314376332,0.7397491588379312,-0.06543804872365318,0.00036288492171436537
8.120000000000001,1,seg1,-0.6323191399351586,-0.07460476254973368,0.08696790868808234,0.47623856437104045,-0.09899426758341925,0.001141186828411092
8.120000000000001,2,seg2,-0.4772360421097282,-0.05972039741688911,0.0871337464571842,0.14654572233232127,-0.07678732261483498,0.0013050579922398303
8.120000000000001,3,seg3,-0.35477761836133503,0.05298524994082903,0.08671338618497011,-0.1459151260660465,0.041474681853366856,0.000882933485800888
8.120000000000001,4,seg4,-0.30755511817893316,0.2022356218853722,0.08636230126897243,-0.3614852137421351,0.19252608277028982,0.0005300717480521827
8.120000000000001,5,seg5,-0.3259798002386045,0.34294349910164024,0.08632395640936663,-0.5118907328144003,0.3318112531321174,0.0004899840854004078
8.120000000000001,6,seg6,-0.39546640644736275,0.4670554773684081,0.08636284818123431,-0.6120821643404203,0.45203913517380495,0.0005271379623087713
8.14,0,head,-0.7417284388214833,-0.022730181899405198,0.087727973663648,0.7389701005810759,-0.0523854106215738,0.0003682554415990469
8.14,1,seg1,-0.6336129397900415,-0.06990055649991128,0.08660602560543242,0.4777547779467202,-0.09435696567212085,0.0007793037457611701
8.14,2,seg2,-0.47783969523401226,-0.06303490852004444,0.08644419369052313,0.1469909492330308,-0.08012680669986673,0.0006155052255787524
8.14,3,seg3,-0.3520040441459455,0.048591900159299616,0.0860168524970296,-0.14889464316691484,0.037218308505531275,0.00018639979786037875
8.14,4,seg4,-0.3061593020606699,0.20109058309873007,0.0859328547395886,-0.36293394224002007,0.19144877028166357,0.00010062521866835428
8.14,5,seg5,-0.3303282169726581,0.3407022544368752,0.08636141161104709,-0.5076539072926868,0.32936560081902905,0.0005274392870808636
8.14,6,seg6,-0.4082205002282045,0.4602901865181527,0.08693858960978923,-0.599664492032454,0.44467452500825605,0.0011028793908636897
8.16,0,head,-0.738584444561579,-0.011097905680007958,0.08837288782837249,0.7363832651062306,-0.04061668799868071,0.0010131696063235412
8.16,1,seg1,-0.6326907044074733,-0.06493631007562102,0.08712086174376811,0.47706984298732535,-0.08935445382674727,0.0012941398840968649
8.16,2,seg2,-0.476584170602897,-0.06395530284477924,0.08678358319666479,0.14569304440020464,-0.08098640594202296,0.0009548947317204182
8.16,3,seg3,-0.35013329620084793,0.0454970284459826,0.08626357361640324,-0.15091056061496352,0.03421597513990407,0.00043312091723402
8.16,4,seg4,-0.30703675865802055,0.19889562602293537,0.0861723612247673,-0.36216194097527155,0.18921454095325893,0.0003401317038470575
8.16,5,seg5,-0.3376314391713789,0.33699092968697936,0.08668660389076734,-0.5005355875998305,0.3253109108645844,0.0008526315668011125
8.16,6,seg6,-0.42363138048317134,0.4490605048057845,0.08743366574057726,-0.5848055102903075,0.43272414245582513,0.00159795552165172
8.18,0,head,-0.7315232676203377,0.002189816842758828,0.08756717594181838,0.7299624705627673,-0.027007970679987187,0.00020745771976943272
8.18,1,seg1,-0.629054395800631,-0.05827700238852089,0.08653679312841357,0.47375458048918256,-0.08252963487515967,0.0007100712687423266
8.18,2,seg2,-0.4743559640801446,-0.06407746895940573,0.0864609810312026,0.14346154863017938,-0.08100239016559256,0.0006322925662582274
8.18,3,seg3,-0.34830572102924795,0.04206310459851253,0.08607830084694504,-0.15289949017413912,0.030872919171711834,0.0002478481477758143
8.18,4,seg4,-0.3090295709195967,0.195329287450029,0.08593587838950888,-0.36034111383230016,0.1855574027221726,0.00010364886858862943
8.18,5,seg5,-0.3472477835414411,0.331408620099755,0.08629506577772524,-0.49119580954729514,0.31927727139169215,0.00046109345375901223
8.18,6,seg6,-0.4413739678521815,0.43408973707612336,0.08687260263457909,-0.567795507033901,0.4169259437566927,0.0010368924156535508
8.2,0,head,-0.7226031214916174,0.013791162852008387,0.08782928938490439,0.7216045562376484,-0.014995248078245172,0.00046957116285543943
8.2,1,seg1,-0.6237504451821987,-0.05202694879275744,0.08647251786924863,0.4687540886313449,-0.07603424086953028,0.0006457960095773846
8.2,2,seg2,-0.4723486902496652,-0.06396130715894349,0.08620670930629004,0.14146207756943655,-0.08079083102207883,0.0003780208413456665
8.2,3,seg3,-0.3468869686815662,0.03948232164515341,0.08600916555237775,-0.15443945798397096,0.028362580943318356,0.00017871285320852914
8.2,4,seg4,-0.3114793657061422,0.19148293295736904,0.0863337301128908,-0.35807714832606113,0.181598817423732,0.0005015005919705579
8.2,5,seg5,-0.35679918871492244,0.3246490452940925,0.0871974075103623,-0.4819769248053121,0.3120707912214928,0.0013634351863960753
8.2,6,seg6,-0.45890752838953885,0.4180278732711287,0.08824906167393638,-0.5510462205456318,0.4000478331959853,0.0024133514550108426
8.22,0,head,-0.7123153423004265,0.024742729554234816,0.08766527567117617,0.7118496346267985,-0.0035664809412617295,0.0003055574491272195
8.22,1,seg1,-0.6171840584143151,-0.04528703464474166,0.08663939544729513,0.4625159042548041,-0.06898946027774766,0.00081267358762388
8.22,2,seg2,-0.4710182189428416,-0.06278153711679758,0.08667519538710947,0.14018926074187416,-0.07954907880288996,0.0008465069221650912
8.22,3,seg3,-0.34653968741997715,0.03803133605869972,0.08635262315729048,-0.15485540016911536,0.026929767087522632,0.0005221704581212516
8.22,4,seg4,-0.31502270862531523,0.18638756018741673,0.08635051148089105,-0.35478031632613083,0.1763405856420415,0.0005182819599708066
8.22,5,seg5,-0.36782788148015955,0.3164190234907453,0.08678478654594879,-0.47135240703285636,0.3033252240540454,0.0009508142219825655
8.22,6,seg6,-0.4773044020074732,0.399224757454504,0.08748460262839025,-0.5335650592228289,0.38039049049441803,0.0016488924094647112
8.24,0,head,-0.7025133813755163,0.033769293418812185,0.08747122687542545,0.7024883672195067,0.005916343832552507,0.00011150865337650195
8.24,1,seg1,-0.6110706892047759,-0.03985394678609827,0.08644929439028674,0.45666803042683546,-0.06327158493292015,0.0006225725306154978
8.24,2,seg2,-0.4677379609960232,-0.06166045382650401,0.08648954028070363,0.13696607361757548,-0.07827315376516658,0.0006608518157592558
8.24,3,seg3,-0.34588870915041026,0.035527416394265286,0.08620745404126981,-0.15562480584395272,0.024459665611692,0.0003770013421005858
8.24,4,seg4,-0.31884836285429863,0.1815524160165638,0.08624873252036777,-0.3511891082640998,0.17132885200129885,0.0004165029994475239
8.24,5,seg5,-0.3792185487117182,0.3076914425913457,0.08671379277319706,-0.4603900044848064,0.29406543471016494,0.0008798204492308365
8.24,6,seg6,-0.495038337558789,0.37947613570239946,0.08747786772980003,-0.516791082732318,0.35982026337128376,0.0016421575108744868
8.26,0,head,-0.6948767645969741,0.03956709247091208,0.08755249585623152,0.6951363289490636,0.012071010593075958,0.00019277763418257265
8.26,1,seg1,-0.6049999620774869,-0.037309250519216436,0.08642411079660968,0.4507252877694259,-0.06044085770340029,0.0005973889369384339
8.26,2,seg2,-0.4632839102803634,-0.06146719632263572,0.08637488735214684,0.13252626723767139,-0.07786814074418129,0.000546198887202462
8.26,3,seg3,-0.3451481145763856,0.03246851371695755,0.08615146171980997,-0.15651013869525332,0.0214394749464023,0.0003210090206407501
8.26,4,seg4,-0.3232747140016903,0.17754702954108387,0.08628037120408354,-0.34695839461230393,0.16711734784104637,0.00044814168316328895
8.26,5,seg5,-0.39126198945305507,0.29917454963007895,0.08687444975419242,-0.4487655411593816,0.2849850281674661,0.0010404774302261999
8.26,6,seg6,-0.5121600435888073,0.3593683695068199,0.08779017829366342,-0.5006457342242155,0.33892043561446866,0.0019544680747378834
8.28,0,head,-0.6889355800638114,0.0423532659755721,0.08755173271717592,0.6893344743387309,0.015136776326351303,0.00019201449512697144
8.28,1,seg1,-0.5990383345739568,-0.03747106019299602,0.08641980193065432,0.4447627147125925,-0.06031876184229903,0.0005930800709830764
8.28,2,seg2,-0.4593982918620081,-0.06264984144872839,0.08639933208952694,0.1285887679277968,-0.07886452378823018,0.0005706436245825619
8.28,3,seg3,-0.344235144968507,0.030274137338934477,0.08617317466429807,-0.15752650724501752,0.019291034543614034,0.0003427219651288421
8.28,4,seg4,-0.3275860827153411,0.17421053349215088,0.08626700024287214,-0.3428106996757917,0.1635794483539546,0.00043477072195188815
8.28,5,seg5,-0.4031784387493323,0.2909796279208713,0.08683290102980129,-0.43725260232145446,0.2762322717475452,0.000998928705835067
8.28,6,seg6,-0.5288311278439888,0.33928076838289245,0.08776136955692442,-0.48494953720178985,0.3180621958001728,0.0019256593379988751
8.3,0,head,-0.6841810006563912,0.04223627989586209,0.08746225931084946,0.684579714874096,0.015246199885188291,0.00010254108880050627
8.3,1,seg1,-0.5941958261535075,-0.03981149940124069,0.08634713746965174,0.43981430862594484,-0.0624260873247167,0.000520415609980493
8.3,2,seg2,-0.4559738003646356,-0.06528030905467225,0.08638757326551011,0.1250429691345145,-0.08132903444106397,0.0005588848005657343
8.3,3,seg3,-0.34308024488510785,0.028430237094467847,0.08618782469272428,-0.15876785248671993,0.017504186954988354,0.0003573719935550529
8.3,4,seg4,-0.33172863569056366,0.1717132876756403,0.08627762800214674,-0.33879168809875404,0.1608878823112859,0.00044539848122648884
8.3,5,seg5,-0.4147023368747392,0.28314778235966614,0.08681733697530244,-0.42611449054830663,0.2678608621284342,0.0009833646513362215
8.3,6,seg6,-0.5444886424972422,0.3194770319037453,0.08772163978180131,-0.4702522517775551,0.2975357361742328,0.0018859295628757683
8.32,0,head,-0.6800328706126167,0.04074611050868671,0.08729479756548267,0.6803653658845736,0.01395513433485923,-6.492065656628354e-05
8.32,1,seg1,-0.5907966357900495,-0.04244569938747095,0.08621572281984605,0.43629360466834816,-0.06489553024495995,0.00038900096017480124
8.32,2,seg2,-0.4529370746018243,-0.06792747438339722,0.08631365663282028,0.12188370202558435,-0.08382867820962285,0.0004849681678759099
8.32,3,seg3,-0.3423056134786055,0.026678992615998303,0.08618152610378536,-0.15962495032133256,0.01579179262505947,0.00035107340461613956
8.32,4,seg4,-0.33622178003376507,0.16996777058408574,0.08628768005222451,-0.3343867065924053,0.15893050806704886,0.0004554505313042606
8.32,5,seg5,-0.42624681084831634,0.27593317200840206,0.08680513686890731,-0.41492645115529375,0.26010500908892675,0.0009711645449410888
8.32,6,seg6,-0.5588128057476194,0.3000457202947889,0.08767027222190284,-0.4568690826987486,0.2774447354762681,0.0018345620029772969
8.34,0,head,-0.6765657142456512,0.03901513534505058,0.08725493972631693,0.6768197586684909,0.012391127378942997,-0.00010477849573202469
8.34,1,seg1,-0.5885972241005788,-0.04445220542549268,0.08619698065721512,0.43400119273282406,-0.0667950896090801,0.00037025879754387647
8.34,2,seg2,-0.45046178900773515,-0.06981639424357178,0.08628849811778441,0.11932132487221236,-0.08559765540952032,0.0004598096528400375
8.34,3,seg3,-0.34207352988325,0.02531685399500573,0.08618215265923965,-0.15992159702088918,0.014442242643149233,0.0003516999600704229
8.34,4,seg4,-0.3409369627063429,0.16847741821238904,0.08629370229029207,-0.3297477947054076,0.15721744229785434,0.0004614727693718207
8.34,5,seg5,-0.437726086470986,0.2691767491999161,0.08680608327053357,-0.4037817304504738,0.25280992729480023,0.0009721109465673505
8.34,6,seg6,-0.5717020823444168,0.28148901951675825,0.08767880270400946,-0.44487755043334626,0.2582956428383118,0.001843092485083922
8.36,0,head,-0.6734700859551763,0.03716884368476903,0.08713933691468527,0.6736397704724817,0.010694253052452729,-0.00022038130736368178
8.36,1,seg1,-0.5864186089069355,-0.04621333648156312,0.08615811226815005,0.43174123146674603,-0.06845054176302653,0.0003313904084788072
8.36,2,seg2,-0.448598576768374,-0.0712649465225652,0.08631090513754895,0.1173912852342955,-0.0869558934408021,0.0004822166726045768
8.36,3,seg3,-0.34236342806665493,0.024485032098381196,0.08622873978951336,-0.15967161489159787,0.013597566634572924,0.0003982870903441321
8.36,4,seg4,-0.34590558800851584,0.1671380475976807,0.08629858736450303,-0.3248485419349866,0.15564312551730952,0.00046635784358278753
8.36,5,seg5,-0.449004842256248,0.2625262598339117,0.08673519545698662,-0.3928322608508991,0.24563020192799984,0.0009012231330203929
8.36,6,seg6,-0.5832518751479119,0.2637122351411013,0.08756978900667899,-0.434186866863478,0.23998933077577814,0.0017340787877534458
8.38,0,head,-0.6708233733067903,0.03547139604133184,0.08707189000080032,0.6709152729414138,0.009124689562863325,-0.0002878282212486344
8.38,1,seg1,-0.5844092611341862,-0.047477597018081706,0.08615795753964758,0.42967399258509353,-0.0696177420808109,0.0003312356799763383
8.38,2,seg2,-0.4467871216735713,-0.0718922266616989,0.08636075474275635,0.11555202958342119,-0.08749625312084872,0.0005320662778119795
8.38,3,seg3,-0.3429575884367108,0.024142556635076858,0.08630597382100086,-0.15909442665817586,0.01322720231195975,0.00047552112183163464
8.38,4,seg4,-0.3509893943614971,0.16602017468404207,0.08633892574985415,-0.3198236972416415,0.15428457382879715,0.0005066962289339005
8.38,5,seg5,-0.45981654343263917,0.2558649497577627,0.0867106482237774,-0.3823498316074532,0.23846189589384215,0.0008766758998111773
8.38,6,seg6,-0.5936179739591261,0.2463946412216286,0.08751819909949002,-0.42465668251161753,0.22219802250667145,0.0016824888805644783
8.4,0,head,-0.6687605160108724,0.03407206371729748,0.08701841858620082,0.6687881569137288,0.00782511710210592,-0.0003412996358481274
8.4,1,seg1,-0.5821015138854372,-0.04867574017244661,0.0861494758562044,0.42731183896628755,-0.07070469868669862,0.0003227539965331566
8.4,2,seg2,-0.4451956818683741,-0.07215216869930245,0.0863949510941304,0.1139500220537928,-0.08768016176995631,0.0005662626291860207
8.4,3,seg3,-0.3438986383305772,0.024258471923032952,0.08634578381752078,-0.15814892650921739,0.013298200374959981,0.0005153311183515585
8.4,4,seg4,-0.3563183785219759,0.16518462358723046,0.08633377548165568,-0.3145405164649543,0.15319635570013992,0.0005015459607354278
8.4,5,seg5,-0.46999469291907603,0.24917545473026095,0.08665959139936033,-0.3725015775297906,0.23129558845558415,0.0008256190753941073
8.4,6,seg6,-0.6028493489538657,0.22942569437503627,0.08746073926961517,-0.4162433436048172,0.20480896934666334,0.001625029050689633
8.42,0,head,-0.6672224728911331,0.03304623892340568,0.08700274996681302,0.6672030361341349,0.00687365230517015,-0.0003569682552359288
8.42,1,seg1,-0.5795977101273605,-0.04973209838990179,0.08614462478804297,0.4247605987355982,-0.0716407004106327,0.0003179029283717216
8.42,2,seg2,-0.44388275466222415,-0.07211073176608283,0.08643137257600329,0.11264055458358178,-0.08757628774843956,0.0006026841110589182
8.42,3,seg3,-0.34515033471637213,0.024677374616370776,0.08640427300287701,-0.15687871227163036,0.013657058423725386,0.0005738203037077838
8.42,4,seg4,-0.3617145521714121,0.16443820151192998,0.0863806709972547,-0.3091859805578431,0.15219396795808135,0.0005484414763344547
8.42,5,seg5,-0.4795729041349891,0.2425264930477396,0.08668830363327462,-0.3632506528864889,0.2241983203343782,0.0008543313093083982
8.42,6,seg6,-0.6109326874076401,0.21292974903566397,0.08748552638726256,-0.40895422958139177,0.18794701839369116,0.0016498161683370233
8.44,0,head,-0.6661418339684171,0.032336984519417716,0.08701458784507275,0.6660898672884795,0.006216630683141859,-0.0003451303769761993
8.44,1,seg1,-0.5769680076124295,-0.05057485301191596,0.08612957718565821,0.4220937680992169,-0.07235734887821464,0.0003028553259869643
8.44,2,seg2,-0.4427552572990159,-0.07169751762319616,0.08642117281488837,0.11153400024051983,-0.08710988264810426,0.0005924843499439947
8.44,3,seg3,-0.34672939189550483,0.025178194726495892,0.08639282619617564,-0.15527760961297243,0.014082161509871488,0.0005623734970064131
8.44,4,seg4,-0.3671303072257386,0.16357595743453157,0.08636750799706763,-0.30381739756476056,0.15107495754685832,0.0005352784761473856
8.44,5,seg5,-0.48856114566739656,0.23591584928866435,0.08669763628431496,-0.35458720582106923,0.2171674042000212,0.0008636639603487317
8.44,6,seg6,-0.6179312095975407,0.19709366785756802,0.08753156979365245,-0.40271729874502876,0.17179581182403447,0.0016958595747269128
8.46,0,head,-0.6654384658245802,0.031874824792197755,0.08702301346447668,0.6653653013124993,0.005788468908070888,-0.0003367047575722759
8.46,1,seg1,-0.574421225206316,-0.05113734971594229,0.08612877564288696,0.4195231014799103,-0.07279800327546006,0.0003020537832157111
8.46,2,seg2,-0.4417439581007847,-0.07094835216547012,0.08645105229365263,0.1105595007895149,-0.08631343693667783,0.0006223638287082556
8.46,3,seg3,-0.34838158432258165,0.0257500760964404,0.08643481890273735,-0.15360007267215328,0.014574764726750612,0.0006043662035681296
8.46,4,seg4,-0.3722131294442578,0.16257969784757678,0.08639790663885961,-0.2987877481425275,0.14983792821977807,0.0005656771179393671
8.46,5,seg5,-0.496901591083627,0.2294374983265236,0.08672293554356464,-0.34656452484675077,0.21029946048265633,0.0008889632195984154
8.46,6,seg6,-0.6238919444913511,0.18204284197696236,0.0875744447618767,-0.39747960787760933,0.15647836051732147,0.001738734542951162
8.48,0,head,-0.6650820071443206,0.03147289807632408,0.08701216884293878,0.6649901182858182,0.005403961987268832,-0.00034754937911017636
8.48,1,seg1,-0.5726684305795793,-0.05157365926610879,0.0860032162180303,0.4177515283854648,-0.07315040049138342,0.00017649435835905003
8.48,2,seg2,-0.4404853582150311,-0.07019451961757085,0.086242870658117,0.10933820298385856,-0.08550056003801,0.0004141821931726297
8.48,3,seg3,-0.3492703617855642,0.02670013424763706,0.08623706119685512,-0.15266708769865445,0.015481448193300938,0.00040660849768589524
8.48,4,seg4,-0.37609743993890177,0.1617765139871562,0.08630235240000692,-0.2949460636517125,0.14885079469097345,0.00047012287908666794
8.48,5,seg5,-0.5042655524078721,0.2234584613143366,0.0867321957810087,-0.3394934584491386,0.20397673717925183,0.0008982234570424769
8.48,6,seg6,-0.6288136311479061,0.16792050363043945,0.08763315104275002,-0.39323559986915285,0.14213779442185281,0.0017974408238244782
8.5,0,head,-0.6651025460037762,0.03125886362440992,0.08697190864914929,0.6650004476736772,0.005189192587446183,-0.0003878095728996611
8.5,1,seg1,-0.572092128960178,-0.05182598798496395,0.08589587146202769,0.41716387110424186,-0.07337501629375494,6.914960235644696e-05
8.5,2,seg2,-0.4396265790473423,-0.06977802558770985,0.08608584891762598,0.10850021844274803,-0.08504366744173193,0.0002571604526816068
8.5,3,seg3,-0.34939747958278616,0.028140501190029307,0.08608840437343258,-0.15247156486399518,0.016914133324177114,0.00025795167426335974
8.5,4,seg4,-0.37816991520186627,0.16134309468742825,0.08624454480874616,-0.29289656376692,0.14831923450933399,0.0004123152878259123
8.5,5,seg5,-0.5098280025826232,0.21857506784511496,0.08671744876018965,-0.3341697186782698,0.19883415236519963,0.0008834764362234265
8.5,6,seg6,-0.6324610027346754,0.1553199702207559,0.08760274082953776,-0.39019203816380643,0.12937795532241733,0.0017670306106122163
8.52,0,head,-0.6655660969609789,0.031313542694463854,0.08696321404266065,0.6654660756288255,0.005221748661935251,-0.00039650417938830174
8.52,1,seg1,-0.5719032863335256,-0.05187835352670914,0.08590801155840624,0.41697275030821845,-0.07341833521487308,8.12896987349987e-05
8.52,2,seg2,-0.43911013781569436,-0.06942943712036898,0.08611249933829475,0.10800095220960591,-0.08467089580423975,0.0002838108733503736
8.52,3,seg3,-0.3493390436626322,0.029186274608200367,0.08609539134447114,-0.15248016475085915,0.0179615028104904,0.00026493864530191535
8.52,4,seg4,-0.37911554910123924,0.16082921971673772,0.08624161428251231,-0.2919764574054151,0.14776093777770227,0.00040938476159206594
8.52,5,seg5,-0.5130766945161113,0.21463281584078506,0.086674515554417,-0.3311123251621453,0.19474175758580747,0.0008405432304507826
8.52,6,seg6,-0.6341095430347946,0.14504252462127903,0.0875328131553158,-0.38903448384795586,0.11903369888822453,0.0016971029363902629
8.540000000000001,0,head,-0.6664772926073813,0.0314864622473213,0.08707224291792977,0.6663844682711945,0.005351107202957357,-0.00028747530411918354
8.540000000000001,1,seg1,-0.5716150002210846,-0.051907592205798506,0.0859869816476492,0.4166833993467953,-0.07343382082417865,0.0001602597879779566
8.540000000000001,2,seg2,-0.4387470654742547,-0.06907862836388866,0.0861631744489544,0.10765498674911349,-0.08430320543331617,0.0003344859840100217
8.540000000000001,3,seg3,-0.3492347153616733,0.029962242169422258,0.08610517149421716,-0.15254744545517518,0.018741556242809283,0.0002747187950479374
8.540000000000001,4,seg4,-0.379658756761759,0.16058664569853418,0.08625435710312233,-0.29144540969695165,0.1474927866112796,0.00042212758220208646
8.540000000000001,5,seg5,-0.5140399647591373,0.2116925212798761,0.08672274385494348,-0.3302900791410366,0.19175895133219353,0.0008887715309772587
8.540000000000001,6,seg6,-0.6332175146484467,0.1374897985812895,0.08760606165926181,-0.3902849462555708,0.11153198381470122,0.0017703514403362708
8.56,0,head,-0.6677959895176487,0.03166561461020313,0.0871912310891833,0.6677101970607523,0.005467297936758683,-0.00016848713286565786
8.56,1,seg1,-0.5715022647664468,-0.05189567162030393,0.08605097798626503,0.416571358951449,-0.07341654850817646,0.00022425612659378313
8.56,2,seg2,-0.4384439579222594,-0.06869059731974152,0.08617525810353978,0.10737068959190826,-0.08390118875991795,0.0003465696385954037
8.56,3,seg3,-0.3490052327297869,0.030528922972579794,0.08607125751878739,-0.15274969892583823,0.019318516332070303,0.00024080481961816225
8.56,4,seg4,-0.37974191222508125,0.16058613672045924,0.08622955945052854,-0.291362372681111,0.14748832072519635,0.00039732992960829494
8.56,5,seg5,-0.5129605117419145,0.20975968317503652,0.08677542688258336,-0.3314602954836817,0.189879676028458,0.000941454558617133
8.56,6,seg6,-0.6301081401442706,0.13264934944740778,0.08771061824214108,-0.3936211612288457,0.10684499893353877,0.0018749080232155352
8.58,0,head,-0.6694609693771101,0.03167765085506625,0.08733430447237756,0.6693738631322692,0.0054000818243103805,-2.5413749671396313e-05
8.58,1,seg1,-0.5716137791798126,-0.05192092452940466,0.0860984767490659,0.4166815451851835,-0.07344707992970068,0.0002717548893946542
8.58,2,seg2,-0.4382856088478796,-0.0683739735558114,0.08616351907312572,0.1072275885123805,-0.08357738771255083,0.0003348306081813468
8.58,3,seg3,-0.348689131572835,0.030810108061966077,0.08606171320693796,-0.15305205991312495,0.01961442650302256,0.00023126050776874074
8.58,4,seg4,-0.3794201588123142,0.16088985192879013,0.08627922353976517,-0.291669307279716,0.14780700448468795,0.00044699401884491785
8.58,5,seg5,-0.5102269117681753,0.20904903266259817,0.08693384553462638,-0.3342246188321139,0.1892999266069247,0.0010998732106601572
8.58,6,seg6,-0.6257773662556628,0.1302924436699196,0.0878859472678369,-0.3980591963035474,0.10469687137865921,0.0020502370489113575
8.6,0,head,-0.6714355310077319,0.03126689694734701,0.08732951533683293,0.6713266390095783,0.004895821198870548,-3.020288521601855e-05
8.6,1,seg1,-0.5717934462792705,-0.05204090386249759,0.08604847008689999,0.4168552987174109,-0.07357547392111533,0.00022174822722874354
8.6,2,seg2,-0.4383304148992022,-0.06809685989386037,0.08614543773395855,0.10728553201993919,-0.08330272043418152,0.0003167492690141771
8.6,3,seg3,-0.34825661409167263,0.03091710425452079,0.08612048349062208,-0.15347899520490935,0.019741885568368766,0.00029003079145285826
8.6,4,seg4,-0.37819714244830627,0.16134427705281512,0.08639442784340438,-0.2928693111015946,0.14831911975225032,0.0005621983224841365
8.6,5,seg5,-0.5063205191315895,0.20975059986397163,0.08707194781325545,-0.33809319652216696,0.19018660953979596,0.0012379754892892225
8.6,6,seg6,-0.6213913053297337,0.13036364434320316,0.08794511295646383,-0.40243689878899397,0.10497673014405372,0.0021094027375382907
8.620000000000001,0,head,-0.6733017675149301,0.03093764000031688,0.0873376798430943,0.6731750910623068,0.004478120532936266,-2.2038378954647442e-05
8.620000000000001,1,seg1,-0.5721575074253824,-0.051781751716841774,0.08613473089361495,0.41723128075411925,-0.0733339416028511,0.00030800903394370693
8.620000000000001,2,seg2,-0.43833291676138486,-0.06753674282873258,0.08628184221078526,0.10731468780132324,-0.08274335711184685,0.00045315374584088686
8.620000000000001,3,seg3,-0.34749993180264843,0.030692310915961852,0.08620483462161423,-0.1542455183169063,0.01955335851381968,0.00037438192244500235
8.620000000000001,4,seg4,-0.37556642213702385,0.16151954889085246,0.08635759745567703,-0.29548870907876024,0.14861939264451526,0.0005253679347567847
8.620000000000001,5,seg5,-0.5017072388723065,0.2115256419332477,0.08697021126868987,-0.34261677268211527,0.19217919274280915,0.0011362389447236443
8.620000000000001,6,seg6,-0.617454907375707,0.1328218039135846,0.08787138539135488,-0.4062518491107787,0.10761944302407829,0.0020356751724293354
8.64,0,head,-0.6750237100482316,0.030444831527183927,0.08736382678822045,0.67487162899671,0.003903920815103562,4.108566171501238e-06
8.64,1,seg1,-0.572634249499912,-0.05154144228944655,0.08617583034096221,0.41771891928776383,-0.07311659329482056,0.00034910848129096617
8.64,2,seg2,-0.4385649181164504,-0.06726329655545703,0.08633785885315616,0.10755943996311337,-0.08248126195276356,0.0005091703882117854
8.64,3,seg3,-0.34656095124477626,0.03003217794694567,0.08623996896721521,-0.15521485155484135,0.018938660947049844,0.00040951626804598684
8.64,4,seg4,-0.3721995930913135,0.16151940405947102,0.08634478460348034,-0.29885173002077464,0.1487794800778261,0.0005125550825600955
8.64,5,seg5,-0.49662621034473003,0.2140238508788147,0.08693466758114925,-0.3475731505763727,0.1949163841865782,0.0011006952571830236
8.64,6,seg6,-0.6137358565330928,0.1372436209941198,0.08784717012334348,-0.4097562453940815,0.11221324451644343,0.0020114599044179365
8.66,0,head,-0.6766969059494093,0.029507327236911265,0.08735343360578132,0.6764983118388539,0.00288784909090431,-6.284616267629439e-06
8.66,1,seg1,-0.5733488892739074,-0.05140052925800825,0.08613852221771819,0.418439455542567,-0.07300985063950458,0.0003118003580469403
8.66,2,seg2,-0.4389199636134552,-0.06718154182683037,0.08631838627332736,0.10791797397540767,-0.08241649697294588,0.0004896978083829828
8.66,3,seg3,-0.34541495388425597,0.029066740190306167,0.08628142057718272,-0.15640549690369182,0.0180288567563573,0.0004509678780134918
8.66,4,seg4,-0.36807438993874675,0.16138662025451161,0.08643193088342896,-0.30297857822055013,0.14884317091627705,0.0005997013625087116
8.66,5,seg5,-0.4908686621347563,0.2172684192452428,0.0870146724374353,-0.35316976129190664,0.19843128585933675,0.0011807001134690742
8.66,6,seg6,-0.6101757945008149,0.14333244992559724,0.08786224900370991,-0.4130224975950423,0.11846460244798027,0.0020265387847843708
8.68,0,head,-0.6782510006325664,0.028583781472277248,0.08739449436618824,0.6780066927238155,0.0018913882692135095,3.477614413928409e-05
8.68,1,seg1,-0.5742851028151444,-0.05106034849028959,0.08619997740934583,0.41939079792670125,-0.07271461104598882,0.0003732555496745865
8.68,2,seg2,-0.43944052530055566,-0.06710436123918945,0.08638053796912128,0.1084416189395531,-0.0823641780979496,0.0005518495041769017
8.68,3,seg3,-0.3440898258078314,0.027802533606200594,0.08630973499466413,-0.15778928881931,0.01682914735807234,0.00047928229549490386
8.68,4,seg4,-0.3629148737383123,0.16082066300084386,0.08641212313528687,-0.3081591828049819,0.14852340354404445,0.000579893614366625
8.68,5,seg5,-0.4840548914726348,0.22110191990338673,0.08696021264653969,-0.3597933695296104,0.20258471960017202,0.0011262403225734685
8.68,6,seg6,-0.6064122591792677,0.15114780077094056,0.08782082698220879,-0.4164098249358124,0.12645020952799857,0.001985116763283251
8.700000000000001,0,head,-0.679754845359658,0.027424064292336785,0.0874590985517002,0.6794536408637819,0.0006614151066610106,9.938032965124688e-05
8.700000000000001,1,seg1,-0.5753056314822987,-0.050685337965919564,0.08623942563941557,0.4204280174950269,-0.07238859383655764,0.00041270377974432504
8.700000000000001,2,seg2,-0.4403623667499792,-0.06711941384750378,0.08638339270785911,0.10936169946414126,-0.08242308537313178,0.0005547042429147331
8.700000000000001,3,seg3,-0.3429659111908252,0.026160238842316514,0.08627013230377782,-0.15899008901800538,0.015242202166671043,0.0004396796046085977
8.700000000000001,4,seg4,-0.3574766968172437,0.15989092663161217,0.08635366826952307,-0.31363544511269414,0.14785353111214708,0.0005214387486028177
8.700000000000001,5,seg5,-0.47607512534714297,0.2251123770752878,0.08691848491824106,-0.3675732304186803,0.20697040069709807,0.0010845125942748335
8.700000000000001,6,seg6,-0.6015865301872553,0.16042213443946907,0.0878188063788893,-0.4207887073300082,0.13594369752101518,0.001983096159963754
8.72,0,head,-0.681381050607503,0.026152362818809127,0.08744338265181226,0.6810174813871834,-0.0006862387668938718,8.366442976330546e-05
8.72,1,seg1,-0.5766618890279772,-0.050264464914897486,0.08624451702047241,0.42180276818500595,-0.07203274387450388,0.00041779516080116263
8.72,2,seg2,-0.4412958361237476,-0.067092277471058,0.0864048135761296,0.11029540257008559,-0.08244040485759543,0.0005761251111852245
8.72,3,seg3,-0.34175701448205853,0.024401904770560704,0.08629916178399534,-0.16028129748705003,0.013543393569532249,0.00046870908482611606
8.72,4,seg4,-0.3517049439106084,0.15893183840329403,0.08636076959084188,-0.3194463023228234,0.1471702154275629,0.0005285400699216319
8.72,5,seg5,-0.4667606035964057,0.22935333345880463,0.08689878120207162,-0.376675364724889,0.21164984271007453,0.0010648088781053944
8.72,6,seg6,-0.595387099641291,0.1709983165782273,0.08777969036830839,-0.4264777779311162,0.14680293522059573,0.0019439801493828512
8.74,0,head,-0.6831472637380775,0.02477018840304935,0.08749993721297833,0.682715913586872,-0.0021509035752519112,0.00014021899092937773
8.74,1,seg1,-0.5782514975512276,-0.049731564758384667,0.08626498959428328,0.42341593696617147,-0.07157609924548886,0.00043826773461203006
8.74,2,seg2,-0.44236389051675423,-0.06691123298744121,0.08639967676148741,0.11137086289724843,-0.08231039571928969,0.0005709882965430346
8.74,3,seg3,-0.34060394769191515,0.022674542309063486,0.08631972237720921,-0.1615152653168297,0.011872864464463125,0.0004892696780399858
8.74,4,seg4,-0.3456082292729502,0.15783644932331165,0.08642515599651002,-0.32558823979380247,0.14636621871854444,0.0005929264755897695
8.74,5,seg5,-0.4561880572606578,0.23359602858789041,0.08700363918891343,-0.38703401538326404,0.2163908926469464,0.0011696668649472108
8.74,6,seg6,-0.5876795201121107,0.18268493954810833,0.08787397114414562,-0.43362044118142956,0.15884313041512588,0.002038260925220081
8.76,0,head,-0.6850624198941759,0.023489664312061766,0.08753236213535334,0.6845679577239138,-0.0035211216468798053,0.00017264391330439055
8.76,1,seg1,-0.5799667116275927,-0.048985406592864024,0.08626902748033984,0.42516471822196933,-0.07091241599664139,0.0004423056206685899
8.76,2,seg2,-0.44383453927628436,-0.06663430836808439,0.08637994869346007,0.11285302447587077,-0.08210377511689515,0.0005512602285156903
8.76,3,seg3,-0.3395717825489728,0.0207490326392431,0.08630285900498486,-0.16263789859721406,0.009998658795767109,0.00047240630581563137
8.76,4,seg4,-0.33885489656255446,0.1563602190767362,0.08642824083962802,-0.3324041760787852,0.14521306175076765,0.0005960113187077759
8.76,5,seg5,-0.4449619079302861,0.238168152912765,0.08702651861352763,-0.3980298504345499,0.22149210437939992,0.0011925462895614053
8.76,6,seg6,-0.5791136196956311,0.1960969328889671,0.08790792140687559,-0.4415383399570515,0.1726475896326411,0.0020722111879500488
8.78,0,head,-0.687145710604569,0.022410740180848435,0.08747372842723736,0.6865975403237611,-0.004697969952641972,0.00011401020518840566
8.78,1,seg1,-0.5820662933727151,-0.04768377044332496,0.08625319367840555,0.427323867588413,-0.06971217677749075,0.0004264718187343003
8.78,2,seg2,-0.4454211046250609,-0.0656860217214127,0.0863804591747154,0.11448292235453934,-0.08123206984843828,0.0005517707097710267
8.78,3,seg3,-0.3388689241908488,0.018824774397493808,0.08630257014901417,-0.163431538677237,0.00811003096692482,0.0004721174498449471
8.78,4,seg4,-0.33183869749744627,0.15440438980538349,0.08638307629030968,-0.3395055056493009,0.1435933593751529,0.0005508467693894348
8.78,5,seg5,-0.43317785592624797,0.24284815011815966,0.08691813019613769,-0.40957782217177663,0.2267276181283589,0.0010841578721714623
8.78,6,seg6,-0.5696459077842827,0.21091888785737584,0.08779337663184324,-0.45028992632879217,0.18790333130212564,0.001957666412917697
8.8,0,head,-0.6897081274172369,0.021332854780929934,0.08756759964487716,0.6891057555567327,-0.005896582985058848,0.00020788142282820998
8.8,1,seg1,-0.5847431827147208,-0.046320888497766825,0.08626422803074589,0.4300625851702716,-0.06847823603622175,0.00043750617107464473
8.8,2,seg2,-0.4476153586480202,-0.06467779615866362,0.08632647281160774,0.11672267290449743,-0.0803294143348993,0.0004977843466633658
8.8,3,seg3,-0.338556942512858,0.0173042901666012,0.08628713306646457,-0.1638155288148242,0.00660611725994954,0.0004566803672953479
8.8,4,seg4,-0.32526004309227263,0.15277555346723132,0.08647379120891131,-0.3461542242964702,0.14227945605095835,0.0006415616879910657
8.8,5,seg5,-0.4208209627493217,0.24751151150237485,0.08710495571639008,-0.4216987777103234,0.2319737772185556,0.0012709833924238606
8.8,6,seg6,-0.55887721555653,0.22634102738534329,0.08800237667828872,-0.46031245523758285,0.20382049292633678,0.002166666459363184
8.82,0,head,-0.6927286239094744,0.020417385742860443,0.08758984985774534,0.6920792610351111,-0.006954764343918215,0.00023013163569639283
8.82,1,seg1,-0.5877094507906447,-0.04458069390072439,0.08631262316594789,0.4331083104238713,-0.06688118211962128,0.00048590130627663985
8.82,2,seg2,-0.45021836982992997,-0.06314335459030068,0.08638765881696775,0.11939576080079947,-0.07892059240227778,0.0005589703520233746
8.82,3,seg3,-0.3384410305014022,0.01627195092927943,0.08634700796837426,-0.16398043995228576,0.005580464193822909,0.0005165552692050351
8.82,4,seg4,-0.3183745062041451,0.15140188610636673,0.08651078233565977,-0.3530973338458655,0.14123503753521857,0.0006785528147395248
8.82,5,seg5,-0.40747933848235585,0.2527112045898392,0.08710327572342653,-0.4347778237522284,0.23780252501689272,0.0012693033994603115
8.82,6,seg6,-0.5469746311183511,0.24305210056740156,0.08798188487858508,-0.4714062493749026,0.22107909121303912,0.002146174659659536
8.84,0,head,-0.6961845015915029,0.019940978510128438,0.08745889953208269,0.6955085499324288,-0.007595101803297395,9.918131003373853e-05
8.84,1,seg1,-0.5912812308382097,-0.04214355780575125,0.08622951612174237,0.4367920299559767,-0.06461679357938714,0.0004027942620711267
8.84,2,seg2,-0.4533549273503381,-0.060796354540566186,0.08632432406816523,0.12264046126148848,-0.07672552492455849,0.0004956356032208564
8.84,3,seg3,-0.3389569374708082,0.015735652604617168,0.08627301373634202,-0.16349064075050776,0.005020220821690886,0.0004425610371728006
8.84,4,seg4,-0.3117968986508979,0.15010342768266763,0.08638496219039728,-0.3597292836805396,0.14025108794897023,0.0005527326694770296
8.84,5,seg5,-0.39379455493112675,0.2581005527287454,0.08690431053375383,-0.4481906142912781,0.2438370443961739,0.001070338209787608
8.84,6,seg6,-0.5333044015812628,0.2611485369315026,0.08776112355835526,-0.48419975429981954,0.23980560761052613,0.0019254133394297213
8.86,0,head,-0.7005555721551617,0.01874199573844211,0.0877265614830131,0.6998176063148325,-0.009000751350753356,0.00036684326096414477
8.86,1,seg1,-0.5951479846895379,-0.039909945252077104,0.08640238075001887,0.44076070308348353,-0.06256973618102162,0.0005756588903476217
8.86,2,seg2,-0.4563510335155826,-0.05786755797170761,0.08639121061868574,0.1257725580238279,-0.07394263589233001,0.0005625221537413627
8.86,3,seg3,-0.3398156354239882,0.016090673870264503,0.08632151282418582,-0.16261601984049956,0.005333973172371128,0.0004910601250165958
8.86,4,seg4,-0.30608906213640624,0.14932157951590103,0.0864914995418321,-0.3654678618207092,0.13974176962255272,0.000659270020911859
8.86,5,seg5,-0.3803052165270693,0.2629612209502762,0.08710896719987334,-0.4614333417608024,0.24933418140417235,0.0012749948759071122
8.86,6,seg6,-0.5175938960546367,0.278759440881222,0.08806472446612763,-0.4990543305181423,0.2581442413428291,0.0022290142472020935
8.88,0,head,-0.705619304504569,0.01755306060944065,0.08741133511524322,0.704819017800546,-0.010429329383250297,5.161689319427287e-05
8.88,1,seg1,-0.5982339322451787,-0.03788193824296082,0.08629040336735348,0.44393966960148445,-0.06069089168993557,0.00046368150768223704
8.88,2,seg2,-0.4596213376432908,-0.05470249900529869,0.08649454005340478,0.12918978610922446,-0.07093680163875757,0.0006658515884604005
8.88,3,seg3,-0.3410687336809591,0.016868330520570293,0.08645644772773882,-0.1613273317179156,0.0060511119524854886,0.0006259950285695953
8.88,4,seg4,-0.3005134284556686,0.1487220048964191,0.086444579802402,-0.3710657122749143,0.13940822658931928,0.0006123502814817522
8.88,5,seg5,-0.3662994138879311,0.2681142594798963,0.08675037005143603,-0.47517803394161984,0.25514793668667857,0.000916397727469806
8.88,6,seg6,-0.5006473642357613,0.2971956663378952,0.08748875586785328,-0.5151042542675477,0.27736608561894865,0.0016530456489277368
8.9,0,head,-0.7105300636380483,0.01571484453663169,0.08761157890076757,0.7096367292184929,-0.012499172441991892,0.0002518606787186156
8.9,1,seg1,-0.6025375008649425,-0.03559507815995451,0.08634954630830699,0.44834719666146094,-0.058611435723109576,0.0005228244486357447
8.9,2,seg2,-0.46280410437273667,-0.05087959351049127,0.08640284847967583,0.13255088382194982,-0.0672697002437956,0.0005741600147314563
8.9,3,seg3,-0.34232545579335005,0.018427425357636293,0.08634018039662184,-0.1599978341105011,0.00754863099760042,0.000509727697452611
8.9,4,seg4,-0.2951279341033474,0.14837106701780184,0.08642300515483506,-0.3764618058799159,0.13931398956711546,0.0005907756339148112
8.9,5,seg5,-0.3517988244956746,0.2725325650976457,0.08688242461138707,-0.48945191919277725,0.2602513391856105,0.0010484522874208424
8.9,6,seg6,-0.4825405533557678,0.31448848644411576,0.08774491642592942,-0.532367558610189,0.29550103945397116,0.0019092062070038829
8.92,0,head,-0.7156342933489757,0.013918282815249549,0.08762734791978957,0.7146496743787494,-0.014536615883597087,0.0002676296977406206
8.92,1,seg1,-0.6070243396483489,-0.03319365194192041,0.086327230823325,0.45294323858186086,-0.056426265520851504,0.0005005089636537507
8.92,2,seg2,-0.4667307162444075,-0.04681042394489587,0.08635843387522084,0.13666670386796548,-0.06339201445305111,0.0005297454102764637
8.92,3,seg3,-0.34449663260640695,0.02006141737679241,0.08635089112232691,-0.15775135352097563,0.009077442180400346,0.0005204384231576875
8.92,4,seg4,-0.29051521693591814,0.14784831958535058,0.08652504439335848,-0.3810941746004252,0.1390113601241891,0.0006928148724382327
8.92,5,seg5,-0.33764496608465605,0.27676403377408115,0.0870543398486479,-0.5033883581791498,0.2651516150384387,0.001220367524681673
8.92,6,seg6,-0.4628402478114078,0.3319817704281616,0.08794890968997343,-0.5512130116521445,0.31391206665721544,0.0021131994710478913
8.94,0,head,-0.7204081683183788,0.013073992763427984,0.08759953345158758,0.7193779590664967,-0.015607144642686211,0.00023981522953862855
8.94,1,seg1,-0.6119680577453961,-0.02956087624417152,0.08634530723699244,0.4580542437631833,-0.05303288462160611,0.0005185853773211901
8.94,2,seg2,-0.47101945073276097,-0.04155128940150955,0.08636867238390593,0.14120086830165696,-0.05834294597028159,0.0005399839189615535
8.94,3,seg3,-0.34661540328827134,0.022766481023442652,0.08630327623112732,-0.15550624588463757,0.011678605427032834,0.0004728235319580998
8.94,4,seg4,-0.2854414207265191,0.14790781514873397,0.08637018284335271,-0.3861593901503667,0.13931225732637628,0.0005379533224324634
8.94,5,seg5,-0.3217485602589852,0.2804693742078595,0.08678379588663893,-0.5190904092562579,0.26960928907839327,0.0009498235626727025
8.94,6,seg6,-0.4412113702622064,0.349113853556233,0.08760486101660084,-0.5720020414633398,0.33205408572325756,0.001769150797675298
8.96,0,head,-0.7258966391008678,0.011745704648381232,0.08750486677025902,0.724796995705419,-0.01719513165435918,0.00014514854821007228
8.96,1,seg1,-0.6166797396198376,-0.026192875454907723,0.08633848932236722,0.46292087463705606,-0.0498929356828908,0.0005117674626959751
8.96,2,seg2,-0.4754007589271968,-0.035889641249315235,0.08644610350087134,0.1458466577302973,-0.05289622568400071,0.0006174150359269659
8.96,3,seg3,-0.34929768483255264,0.026137362019212285,0.08640831363634793,-0.1526665787287807,0.014918013307150155,0.0005778609371787091
8.96,4,seg4,-0.28130303788334365,0.14813288312410033,0.08641670879759118,-0.39028237244022607,0.13973402169870974,0.000584479276670935
8.96,5,seg5,-0.3064303109679509,0.2837656524097474,0.08668427213312378,-0.5342344267586117,0.27363084912235,0.0008502998091575592
8.96,6,seg6,-0.4170875543045458,0.3652042168013283,0.0873574976009928,-0.5953327595422463,0.3492743028985837,0.0015217873820672634
8.98,0,head,-0.7320261547381332,0.009613922838857064,0.08763422317981073,0.7308181114350243,-0.01961621013244095,0.0002745049577617814
8.98,1,seg1,-0.621876852900456,-0.023262115440372197,0.08638485888854773,0.46825157796899214,-0.04721283443507219,0.0005581370288764848
8.98,2,seg2,-0.47979764416533904,-0.03004634869653879,0.08640995383839545,0.15051665126303615,-0.04726880815397145,0.0005812653734510731
8.98,3,seg3,-0.35247646573372565,0.029881703589432616,0.08637583313899512,-0.14931320129492823,0.01850682949043285,0.000545380439825896
8.98,4,seg4,-0.27793066572497616,0.14873999621207976,0.08644124672870171,-0.39362202996068474,0.1405009427642931,0.0006090172077814621
8.98,5,seg5,-0.29161577216011114,0.28668064174124597,0.08679418979562649,-0.5488934506087967,0.27724758005311756,0.0009602174716602657
8.98,6,seg6,-0.39112683109038665,0.37962889085247453,0.0875667211884704,-0.6205775759320238,0.3649181392773306,0.001731010969544866
9.0,0,head,-0.7387737168860625,0.006713809103239524,0.08765664028955454,0.7374200073686221,-0.022834163627444056,0.00029692206750558947
9.0,1,seg1,-0.6272819037348663,-0.02079041813216733,0.08644065197268733,0.4737681358021588,-0.045001171762720435,0.0006139301130160812
9.0,2,seg2,-0.4848320903782059,-0.02417703435186596,0.0864998648389632,0.15582472175557505,-0.04164574073566168,0.0006711763740188254
9.0,3,seg3,-0.3556325705090473,0.034575061837663526,0.08644145982593698,-0.14593730926202705,0.023044666197547272,0.0006110071267677597
9.0,4,seg4,-0.27498467278967603,0.14965202466105276,0.08644076312428606,-0.3965212800454896,0.14155214170421176,0.0006085336033658101
9.0,5,seg5,-0.27698413096713265,0.28868666179319713,0.08666074761424207,-0.5634130432063355,0.2799476673156805,0.0008267752902758468
9.0,6,seg6,-0.3644707552730193,0.39195240738400444,0.08731158535461463,-0.6466169540356873,0.37849629178679123,0.0014758751356890865
9.02,0,head,-0.7480911773806428,0.01027445235408724,0.08865839111907084,0.746896366120866,-0.019720985955420663,0.001298672897021888
9.02,1,seg1,-0.6320547709415031,-0.02174740971592335,0.08726528171315856,0.47849005024560315,-0.0461842263893853,0.0014385598534873145
9.02,2,seg2,-0.48548516564684996,-0.023415536469501914,0.08707506899853204,0.15651329776508832,-0.04091618648103426,0.0012463805335876654
9.02,3,seg3,-0.35847636366819347,0.03791875688259899,0.0868289000791046,-0.1429376073195539,0.02624923236805322,0.0009984473799353744
9.02,4,seg4,-0.27483474551853904,0.15188260378802945,0.08659045686749482,-0.39656488105346277,0.14378732858239932,0.0007582273465745748
9.02,5,seg5,-0.26403200883860917,0.29163852217299524,0.08657033823520809,-0.5762100059602867,0.28351259250256633,0.0007363659112418625
9.02,6,seg6,-0.3362591117364784,0.4087303694819788,0.08703255652853802,-0.6739981439339523,0.39659787411672637,0.001196846309612476
9.040000000000001,0,head,-0.7562354735857748,0.01615718539862207,0.08678381911070025,0.7553114014101343,-0.014232517150358394,-0.0005758991113486989
9.040000000000001,1,seg1,-0.6373392921812348,-0.023665237995140698,0.08572104659318343,0.4836773113990598,-0.04835137930604236,-0.00010567526648781744
9.040000000000001,2,seg2,-0.48670304566524786,-0.025694712139348173,0.08595623394198805,0.15762132863219888,-0.04325074020081073,0.00012754547704367514
9.040000000000001,3,seg3,-0.35979303331785406,0.0403981007446749,0.08613985711813224,-0.141504434164703,0.028663104705364997,0.0003094044189630163
9.040000000000001,4,seg4,-0.2756829235150887,0.15471293949457746,0.0862623646871601,-0.3955829645054114,0.14657409122356918,0.00043013516623985337
9.040000000000001,5,seg5,-0.2544553482596318,0.29422624058262137,0.08635443041709702,-0.5856526619680931,0.28655314539960924,0.0005204580931307962
9.040000000000001,6,seg6,-0.3109392872729417,0.42579706652597626,0.08648551154879919,-0.6984770502161587,0.41485023851150254,0.0006498013298736477
9.06,0,head,-0.7580042573906954,0.021868025298125798,0.08864759975665842,0.7573499678375883,-0.008612327168959636,0.0012878815346094724
9.06,1,seg1,-0.6417446466677601,-0.025161218826009454,0.08713292439565251,0.4880064783039875,-0.050055322000266016,0.0013062025359812657
9.06,2,seg2,-0.48902562808439143,-0.029607796228225142,0.08673799712680812,0.15975505016221037,-0.047269925268938064,0.0009093086618637419
9.06,3,seg3,-0.35836116322654293,0.04292705992547703,0.08635104596449378,-0.14281432508343028,0.031257342989961245,0.0005205932653245537
9.06,4,seg4,-0.2766166905881793,0.15951944897738696,0.08626044079385851,-0.39442150699046,0.15133071510990573,0.000428211272938267
9.06,5,seg5,-0.25068850678274734,0.2994419491535305,0.08637877809989027,-0.5891670123277225,0.29194221323702785,0.0005448057759240427
9.06,6,seg6,-0.2915086747244176,0.4375585013328164,0.08676370325663832,-0.7173259025694594,0.42752307630110475,0.0009279930377127793
9.08,0,head,-0.7558892124905272,0.02952741984654581,0.08698714945647923,0.7556018408147496,-0.0008609536333111006,-0.0003725687655697224
9.08,1,seg1,-0.6465687477220482,-0.024022798851106704,0.08593196280615187,0.49287929210652687,-0.049147777695828246,0.00010524094648062254
9.08,2,seg2,-0.49384194848933965,-0.03454428140494067,0.08605467500357351,0.16433097890374765,-0.05243003227288738,0.00022598653862913876
9.08,3,seg3,-0.35684079806526764,0.04248602624568192,0.08600768164433299,-0.14435395690910366,0.030889165354218737,0.0001772289451637682
9.08,4,seg4,-0.2760412012369777,0.1629173200062267,0.08622470168211002,-0.39483463481542475,0.1547521243111146,0.0003924721611897747
9.08,5,seg5,-0.2506702233675127,0.30544410736870675,0.08648919602415225,-0.58889962392617,0.29793844046470597,0.0006552237001860306
9.08,6,seg6,-0.2821480234448749,0.44413570659932244,0.08687056409849074,-0.7263629287844399,0.4345383153329044,0.0010348538795652007
9.1,0,head,-0.7533310335004465,0.03660621053762787,0.08837696744829301,0.7533834500736487,0.006331563305286042,0.001017249226244063
9.1,1,seg1,-0.6498463261771449,-0.021667602804616538,0.0870928239306417,0.4962652437682485,-0.046951234891746935,0.0012661020709704568
9.1,2,seg2,-0.49644333298587373,-0.0375856056118812,0.0867584577586159,0.16678467486837897,-0.05559171384172342,0.0009297692936715285
9.1,3,seg3,-0.3556374408890195,0.04065036152846456,0.08624006516614889,-0.14564331239605857,0.029112850101847127,0.0004096124669796669
9.1,4,seg4,-0.274517759034284,0.16621432264877162,0.08614934791980061,-0.3961994418220618,0.1581178938225541,0.0003171183988803644
9.1,5,seg5,-0.25270499588370016,0.30698170226694343,0.08641691595104378,-0.5867939807458201,0.29937745542653343,0.000582943627077559
9.1,6,seg6,-0.2837195010170401,0.44704680882594383,0.08688985129716793,-0.7246546884490475,0.4373713301387279,0.0010541410782423932
9.120000000000001,0,head,-0.7486163707518273,0.04925171554755195,0.08801404542155979,0.7492759468288382,0.01918711692537487,0.0006543271995108346
9.120000000000001,1,seg1,-0.6510910890506386,-0.01621683245894723,0.08695843746478998,0.49776800596539017,-0.04156588088748256,0.0011317156051187383
9.120000000000001,2,seg2,-0.49823682663514207,-0.04060579769397904,0.08680320823736395,0.16843240112440636,-0.058693838576067074,0.0009745197724195798
9.120000000000001,3,seg3,-0.35393854744937153,0.036438745350374446,0.0862899726234774,-0.14754071749929124,0.024986858872472487,0.0004595199243081771
9.120000000000001,4,seg4,-0.272676839104926,0.16797216636583354,0.08604095332145198,-0.3979546175421377,0.15996135765759767,0.00020872380053173212
9.120000000000001,5,seg5,-0.2568435557113645,0.3076743869356524,0.0862363182714403,-0.5826271445407967,0.29987239535829946,0.0004023459474740698
9.120000000000001,6,seg6,-0.29500381771880574,0.4454134250984478,0.08657008068675193,-0.7134608931635811,0.43520276081329434,0.0007343704678263868
9.14,0,head,-0.7436950776941093,0.061509309755259804,0.08759280602535485,0.7449435861930152,0.031665033115091466,0.00023308780330590084
9.14,1,seg1,-0.6499055887852019,-0.011236120979779083,0.08641655434927173,0.49682088802686086,-0.036534393500212835,0.0005898324896004836
9.14,2,seg2,-0.4990958021862617,-0.04269325087976445,0.08635356561000103,0.1691910585444309,-0.06081980628964536,0.0005248771450566542
9.14,3,seg3,-0.3528535851674734,0.032660005998727606,0.08621622650027512,-0.14880428588463598,0.02126403612940113,0.0003857738011058959
9.14,4,seg4,-0.27276927143225965,0.16664639212863425,0.08644740612315487,-0.39792538540023015,0.15863268668815822,0.0006151766022346183
9.14,5,seg5,-0.2627476463456078,0.3067517176625776,0.087112505843978,-0.5767736550265254,0.29866978764708296,0.001278533520011782
9.14,6,seg6,-0.3097498897957559,0.44115705200813027,0.08786128109121492,-0.6989340967919149,0.43024942448990483,0.002025570872289384
9.16,0,head,-0.7364074628417087,0.07381115633111833,0.08766037879269943,0.7382496911036166,0.04429976809199918,0.00030066057065047946
9.16,1,seg1,-0.6473437498992001,-0.005000998648086508,0.08644382773990585,0.494558690180362,-0.030184414770238276,0.0006171058802346002
9.16,2,seg2,-0.49970790580419616,-0.04298713979646102,0.08627772591280115,0.16978848199568128,-0.061142493063924754,0.0004490374478567788
9.16,3,seg3,-0.3526812671808319,0.03028737617649452,0.08594534076832855,-0.14908932538543224,0.01890229561764817,0.00011488806915932459
9.16,4,seg4,-0.2758273428697324,0.16406285863432218,0.08605146778395513,-0.39499373307244867,0.1559065427336543,0.00021923826303488214
9.16,5,seg5,-0.2729332219358382,0.3054788804500134,0.08661844369376226,-0.5666601969425555,0.2969136469221662,0.0007844713697960359
9.16,6,seg6,-0.3293508014988549,0.43335805836563657,0.08739686132671906,-0.6797265601382205,0.4215264331980289,0.0015611511077935208
9.18,0,head,-0.7286181017036489,0.08444601873476743,0.0877148535539663,0.7309752841566377,0.05529328658447649,0.00035513533191734725
9.18,1,seg1,-0.6445950874433599,0.0006583905671723594,0.08682328485142789,0.49208248051236275,-0.024400625591440583,0.0009965629917566415
9.18,2,seg2,-0.4990030153189922,-0.04322936000016126,0.08688327155834079,0.16907286263268653,-0.06135089208135617,0.0010545830933964134
9.18,3,seg3,-0.352234858410811,0.027660252131564946,0.08644405652472255,-0.14966025682969164,0.016299393617312533,0.0006136038255533244
9.18,4,seg4,-0.27899345596295066,0.16185494928164088,0.08621555621496882,-0.3919362850343143,0.15355045544293094,0.0003833266940485719
9.18,5,seg5,-0.2841032060144591,0.3027331127205291,0.08637433892004648,-0.5556335446381058,0.29363939530036925,0.0005403665960802551
9.18,6,seg6,-0.35149939586237255,0.42400413484122834,0.08677961247326128,-0.6580482289220884,0.41112902615572994,0.0009439022543357434
9.200000000000001,0,head,-0.7202570314138449,0.09304793065433829,0.08751782618083528,0.7230330649134483,0.06428336659226866,0.00015810795878633266
9.200000000000001,1,seg1,-0.6406402582207854,0.004723119605247468,0.0863494418769929,0.4883255786934548,-0.020152286497910645,0.0005227200173216484
9.200000000000001,2,seg2,-0.49690390004584184,-0.04419232312394052,0.08622803870142541,0.16693029713236193,-0.062212864229455246,0.00039935023648103585
9.200000000000001,3,seg3,-0.35177615655863925,0.02403794206443305,0.08600374209919062,-0.1502908297205798,0.012703018297506906,0.00017328940002139803
9.200000000000001,4,seg4,-0.2819753918935575,0.15910828308854988,0.08617821272002894,-0.3890884456564674,0.1506649870325532,0.0003459831991086959
9.200000000000001,5,seg5,-0.2947349813822867,0.29923470918097866,0.08678282162334826,-0.5451803101836546,0.28963897479446404,0.0009488492993820347
9.200000000000001,6,seg6,-0.37295190392634514,0.41434529853392255,0.08758415303441795,-0.6370797064869049,0.40046017955104796,0.0017484428154924125
9.22,0,head,-0.7118590118315137,0.09920860118355287,0.08760927446784748,0.7149377561551675,0.0708367298794364,0.0002495562457985323
9.22,1,seg1,-0.6356715826043016,0.0071678087095151145,0.08657719649965112,0.4834788793177299,-0.0174739012835278,0.0007504746399798756
9.22,2,seg2,-0.4954409421498043,-0.045152467460315614,0.08656466602149279,0.16542330232124147,-0.06310229640297814,0.0007359775565484172
9.22,3,seg3,-0.3518343337920616,0.021817319827544555,0.08625330769714926,-0.15033840092487966,0.010482143539677406,0.00042285499798003223
9.22,4,seg4,-0.28623208690370294,0.15634285470438308,0.08625427876309279,-0.38496818456356086,0.14770011012426615,0.0004220492421725397
9.22,5,seg5,-0.3064378770012368,0.2950754512660383,0.08665843174532882,-0.5336886201614415,0.2849274726255454,0.0008244594213625972
9.22,6,seg6,-0.39387553191879443,0.4025011688196649,0.08731585797047943,-0.6167434660105349,0.38763368586468866,0.0014801477515538897
9.24,0,head,-0.7031739805441513,0.10344811750212227,0.08747495040155367,0.7064643304940522,0.07548477512814057,0.00011523217950472342
9.24,1,seg1,-0.630604193360065,0.008430814634350681,0.0864684793152844,0.4784773402135748,-0.01597116234900824,0.0006417574556131511
9.24,2,seg2,-0.4937460128516926,-0.04687055262421858,0.0865199019503142,0.16364852749429123,-0.06473777072848268,0.0006912134853698237
9.24,3,seg3,-0.3519617789183846,0.018967833743670382,0.08626545252421633,-0.150346711234141,0.007629820952529253,0.00043499982504710544
9.24,4,seg4,-0.2907635282362262,0.15455541660176134,0.08628672719612311,-0.38052694454220776,0.14569903976293064,0.000454497675202864
9.24,5,seg5,-0.3191403824995006,0.2915839994982328,0.08669857390731407,-0.5211666711024273,0.2808354470727834,0.0008646015833478488
9.24,6,seg6,-0.41411980812167926,0.38916479949215277,0.0873981239173692,-0.5971568253107868,0.3733489747417969,0.0015624136984436626
9.26,0,head,-0.6965585647006549,0.10473627505849006,0.08774071406397323,0.6999177158803896,0.07708630994431918,0.0003809958419242754
9.26,1,seg1,-0.6260024603678815,0.007270843895099119,0.08652579534425586,0.47382561687408614,-0.016910815805264403,0.0006990734845846169
9.26,2,seg2,-0.4910787352507036,-0.049559289536665545,0.08638220723356752,0.16085631147103457,-0.06729652152993186,0.0005535187686231402
9.26,3,seg3,-0.3518428600611925,0.01583126505006212,0.08611432143408079,-0.1506147690314805,0.004502465858907835,0.0002838687349115687
9.26,4,seg4,-0.29542548797873514,0.15301118453420423,0.0862642411453098,-0.3759437594877482,0.14393468830327438,0.00043201162438955
9.26,5,seg5,-0.3317788596785286,0.28787061014047266,0.0869081232705347,-0.5087192401314963,0.2765247826075485,0.0010741509465684723
9.26,6,seg6,-0.4339566322450463,0.3759064848523724,0.08786863777908922,-0.5779734602697718,0.3591616210759089,0.002032927560163683
9.28,0,head,-0.6903299184709295,0.10406643679691543,0.08741082971634583,0.6936642488690004,0.07671366066562255,5.111149429687378e-05
9.28,1,seg1,-0.621566275499624,0.004921076988561257,0.08629995177218903,0.46928263001109183,-0.019046795922468426,0.0004732299125177891
9.28,2,seg2,-0.4889748904016625,-0.05273989249442163,0.08632309462159284,0.15860348117431905,-0.07037339558935791,0.0004944061566484609
9.28,3,seg3,-0.3515758042468369,0.013340732891345828,0.08615261968621342,-0.15100005014836818,0.0020274653129380106,0.0003221669870441951
9.28,4,seg4,-0.300196673178214,0.1515637837503765,0.08629391662390361,-0.37124686440491167,0.14226186021442772,0.00046168710298336024
9.28,5,seg5,-0.34459087132447563,0.2836158184534871,0.0868571512056325,-0.4961242374213888,0.2716650705350063,0.0010231788816662812
9.28,6,seg6,-0.4539530571566617,0.36172746463495076,0.08770960648713719,-0.5586744929516277,0.3440470094708128,0.0018738962682116472
9.3,0,head,-0.6855699402186052,0.10215624637844024,0.08737264426011881,0.6888187555758355,0.07503216872660681,1.2926038069863144e-05
9.3,1,seg1,-0.6179372370596066,0.001437741176445212,0.08629373928275567,0.46549192685976376,-0.02235347371088363,0.00046701742308442873
9.3,2,seg2,-0.4866969703694143,-0.056528267971952935,0.08635250472956475,0.15614784819738523,-0.07404906901259241,0.0005238162646203776
9.3,3,seg3,-0.3510700283021409,0.010889328914036937,0.08616141342099791,-0.1516219187339592,-0.0003970903635616934,0.0003309607218286853
9.3,4,seg4,-0.30496297366993724,0.1503752277025936,0.08625199465013571,-0.3665425297120906,0.14084781603147772,0.0004197651292154603
9.3,5,seg5,-0.3578271014338222,0.2791663188699841,0.08677231912709142,-0.48311476335613807,0.26659068204224357,0.0009383468031251979
9.3,6,seg6,-0.4737077795709511,0.3466740601155186,0.0876138315606895,-0.5396585674258605,0.32807050729924003,0.001778121341763958
9.32,0,head,-0.6817664159815408,0.09960673705910007,0.08731645822853742,0.6848982064476631,0.07266656332343634,-4.325999351152687e-05
9.32,1,seg1,-0.6145660927992216,-0.0026976008014340663,0.08622509402440849,0.4619277957800828,-0.026323692413198648,0.0003983721647372457
9.32,2,seg2,-0.4842530604435001,-0.060474710742913905,0.08630740354524784,0.1535188907685761,-0.07787473093015572,0.0004787150803034629
9.32,3,seg3,-0.3507574066047529,0.008371092927834847,0.08615031541937636,-0.15205403256647895,-0.0028975948013953336,0.00031986272020713413
9.32,4,seg4,-0.30997228918990827,0.14945484483574262,0.08624949876196882,-0.36158269261786463,0.13969007573417236,0.0004172692410485679
9.32,5,seg5,-0.3712739935425751,0.27475641212026125,0.08677045269382462,-0.4698929817169427,0.26154581582110015,0.0009364803698583973
9.32,6,seg6,-0.49294127836737256,0.3310346059580015,0.08761200008418454,-0.521191165834401,0.3115334253103436,0.0017762898652590037
9.34,0,head,-0.6782586371675562,0.0965157908868127,0.08718870418878952,0.6812472998930214,0.0697460596381206,-0.00017101403325943398
9.34,1,seg1,-0.6111556380336823,-0.006836820234093363,0.08615509968370651,0.45832421420498337,-0.03029591333481084,0.0003283778240352614
9.34,2,seg2,-0.48178296079613175,-0.06396160973384135,0.08632237744083379,0.15088564362508458,-0.08124012337705576,0.000493688975889417
9.34,3,seg3,-0.3508303255759948,0.006251963784666595,0.08620030307883328,-0.1520820485388052,-0.005017793048512045,0.0003698503796640551
9.34,4,seg4,-0.31547210343647747,0.14853608134975632,0.08624778857882148,-0.3561328355187303,0.13851060946275212,0.00041555905790123526
9.34,5,seg5,-0.38503831380323544,0.2701755451825566,0.08668427129899793,-0.4563622678420034,0.2563150762796453,0.0008502989750317075
9.34,6,seg6,-0.5113117640364987,0.31500456240046737,0.08747042064466161,-0.5036043881747206,0.2946472685042647,0.001634710425736069
9.36,0,head,-0.6748965692298727,0.09309775046412301,0.08719576191682475,0.6777263722352427,0.06649189775271791,-0.0001639563052241999
9.36,1,seg1,-0.6088903659798822,-0.009187013702582302,0.08616668886707118,0.45594965996709697,-0.03253563630605742,0.00033996700739993835
9.36,2,seg2,-0.4786860981890793,-0.06570379450899731,0.086280674107762,0.14770937710330712,-0.08283295004038696,0.00045198564281762055
9.36,3,seg3,-0.35120533329621095,0.004696431687889621,0.08618808335003555,-0.15178149569146002,-0.006589409693958722,0.0003576306508663307
9.36,4,seg4,-0.3211701779245848,0.14726046669504758,0.08625529435093442,-0.35050192587518264,0.13696526089311498,0.0004230648300141693
9.36,5,seg5,-0.3989505289163434,0.2651033090402499,0.08670674967804752,-0.44270721164344856,0.250586485787438,0.0008727773540812972
9.36,6,seg6,-0.5286783117219971,0.2985847850590694,0.08753417826268764,-0.4870389588994522,0.2774195983385506,0.0016984680437620997
9.38,0,head,-0.6719168773583216,0.08995292908731682,0.08709733509811966,0.6746003902447716,0.06349244751378083,-0.0002623831239292884
9.38,1,seg1,-0.6062935399033229,-0.011350756404813294,0.08620033796436073,0.45325280084709074,-0.03457334066134541,0.00037361610468948647
9.38,2,seg2,-0.4762703942426301,-0.06676946611981155,0.08641597579746173,0.1452456936198296,-0.08378244739774222,0.0005872873325173528
9.38,3,seg3,-0.3519321189337575,0.004179894247143856,0.08635099385765524,-0.15108011632272964,-0.007139950584071734,0.0005205411584860153
9.38,4,seg4,-0.3270161083933865,0.14592175340921645,0.08633577701114221,-0.3447263307404737,0.1353498485174055,0.0005035474902219672
9.38,5,seg5,-0.4124546908216684,0.2594073396750166,0.0866487534321216,-0.42948943061841316,0.24425428865479776,0.0008147811081553741
9.38,6,seg6,-0.5448566268059079,0.28178034742926067,0.08740975767265723,-0.47167872234526087,0.25986425339829683,0.0015740474537316862
9.4,0,head,-0.6693739484617246,0.0870963906354846,0.08707987475947775,0.671924396115001,0.06076016738231426,-0.0002798434625712054
9.4,1,seg1,-0.6031133138801118,-0.013880829681029778,0.08609969068209061,0.4499557686541712,-0.036949195677886536,0.00027296882241936715
9.4,2,seg2,-0.47416599512949525,-0.06769159653043869,0.08626535684185248,0.14309979355260338,-0.08460338163541796,0.0004366683769081031
9.4,3,seg3,-0.3530036322197492,0.004093206484522528,0.08624112867652371,-0.1500139427737468,-0.007277534934788641,0.00041067597735448824
9.4,4,seg4,-0.3331828608901441,0.14507763124089781,0.08632901199961203,-0.33860673882264203,0.13421319846303822,0.0004967824786917818
9.4,5,seg5,-0.4252302468935694,0.2533822626490721,0.08674403389397546,-0.417015092527968,0.23762803214755507,0.0009100615700092379
9.4,6,seg6,-0.5595440226138267,0.26469605122588474,0.08756239800790765,-0.457821034548358,0.24210032192815178,0.0017266877889821064
9.42,0,head,-0.6674237250851284,0.08480908965116234,0.08703967993568427,0.669867526709928,0.058568272024034834,-0.0003200382863646767
9.42,1,seg1,-0.6003034893084633,-0.01570754208258092,0.08616854346590853,0.4470621921334846,-0.03864011472963767,0.00034182160623728863
9.42,2,seg2,-0.47205528051402423,-0.06774432134769401,0.08642475708220636,0.14098896136670952,-0.08455559485052447,0.0005960686172619828
9.42,3,seg3,-0.3542676993096995,0.004719462856248333,0.08638881359065562,-0.14872150359799988,-0.0067121469017930825,0.0005583608914863925
9.42,4,seg4,-0.3394434713640936,0.14444084892576683,0.08637161764037174,-0.3323835276858307,0.13327918649013612,0.0005393881194514921
9.42,5,seg5,-0.4375228815603613,0.247085144581583,0.08668000516852968,-0.4050360754517431,0.23075302575660264,0.0008460328445634574
9.42,6,seg6,-0.5725744827516808,0.24743172243735442,0.08748178115031077,-0.44562697292921727,0.22423541775470704,0.0016460709313852323
9.44,0,head,-0.6659341149412193,0.08298041109253114,0.08702803744305614,0.6682925750932103,0.05681255819301298,-0.00033168077899281556
9.44,1,seg1,-0.5973746221782104,-0.017481150959354874,0.08614165786364526,0.44405223521379217,-0.04027232502711513,0.00031493600397401733
9.44,2,seg2,-0.47045131021518755,-0.06763162817847745,0.08642113448776051,0.13939217177228522,-0.08436669418673252,0.0005924460228161343
9.44,3,seg3,-0.3558149719767544,0.005508280302494405,0.08641167673493873,-0.14713844324018344,-0.005997860143561746,0.0005812240357695037
9.44,4,seg4,-0.34554652092682064,0.1439385311241393,0.08641833772106747,-0.3263112995718277,0.1324869852113204,0.0005861082001472201
9.44,5,seg5,-0.44888112369291,0.24094499901260213,0.08674668846346827,-0.3939829215971756,0.22407928304348895,0.0009127161395020428
9.44,6,seg6,-0.5840704138791656,0.23080965478820634,0.08756781941771492,-0.43493513542087203,0.20708507734712195,0.0017321091987893833
9.46,0,head,-0.6648645351163712,0.08165019126420518,0.08703803921832516,0.6671609002016544,0.055534748452434245,-0.00032167900372379044
9.46,1,seg1,-0.5944376011216796,-0.01898148476240731,0.08617555599677244,0.4410471391498965,-0.0416311818455366,0.0003488341371011977
9.46,2,seg2,-0.46911620925254616,-0.06722705790992035,0.0864966599355355,0.13807783769398285,-0.08389904302075019,0.0006679714705911249
9.46,3,seg3,-0.3575881413949415,0.0062837344151795045,0.08646339824864013,-0.14533037807741472,-0.005307672318884903,0.0006329455494709091
9.46,4,seg4,-0.35139491214573837,0.1434012283927195,0.08641530531568495,-0.32049510622676797,0.13167195819112948,0.0005830757947647008
9.46,5,seg5,-0.4593462763599146,0.23504294421948832,0.08672373909359438,-0.38381051416438283,0.21768586469866033,0.000889766769628153
9.46,6,seg6,-0.5940552944095232,0.21516876085554598,0.08758859832104939,-0.4257059408904705,0.19098671188590302,0.0017528881021238452
9.48,0,head,-0.6642612528910757,0.0805702242187291,0.08701323370017032,0.6665069044217179,0.054484716175563754,-0.00034648452187863166
9.48,1,seg1,-0.5925818107486599,-0.020281416855520047,0.08602029336449868,0.43913158601090657,-0.042841321311328937,0.00019357150482743335
9.48,2,seg2,-0.4680098195286795,-0.0672656081121788,0.08625402434522,0.13697086697624297,-0.08388489490777337,0.0004253358802756291
9.48,3,seg3,-0.35820501048874437,0.0076652006855627945,0.08621581827548092,-0.14464846205485662,-0.003957129067726618,0.00038536557631169144
9.48,4,seg4,-0.3554277273250645,0.1430693565825318,0.08630195763245047,-0.31648265492450317,0.13114853511742963,0.0004697281115302182
9.48,5,seg5,-0.4683969970415047,0.23000178245407044,0.08673529661169922,-0.3750099649037025,0.2122196786881748,0.0009013242877329991
9.48,6,seg6,-0.602454550911384,0.20095331014713236,0.08765565696977717,-0.4179927348623878,0.17638763652529627,0.0018199467508516337
9.5,0,head,-0.6641668542510053,0.07992616013866313,0.08697798590315296,0.6663819608360565,0.05384587445582377,-0.0003817323188959887
9.5,1,seg1,-0.5920436344123989,-0.02085100773840411,0.08592107301084428,0.43856691186271185,-0.043384654219508184,9.435115117303883e-05
9.5,2,seg2,-0.46695526082203387,-0.06722783634090489,0.08610914669602385,0.1359193008147529,-0.0837969780132112,0.0002804582310794723
9.5,3,seg3,-0.3578947652974569,0.009152627786152404,0.08608888058828974,-0.14488756696848043,-0.002456622387121098,0.00025842788912051884
9.5,4,seg4,-0.3574876639501151,0.14301533012351597,0.0862782980816283,-0.3144276236343096,0.13099653461301933,0.0004460685607080572
9.5,5,seg5,-0.47505696790461316,0.2261531377977991,0.08675152313080786,-0.36854070291656116,0.20805843765648935,0.0009175508068416383
9.5,6,seg6,-0.6088679099390792,0.188768880660137,0.0876418969243641,-0.41216651692401,0.16391179264724468,0.001806186705438556
9.52,0,head,-0.6645851450755503,0.07983477239011338,0.08698074582912621,0.666795428419296,0.05373468321483382,-0.0003789723929227412
9.52,1,seg1,-0.5919242034577359,-0.021080703716459846,0.08593120467522689,0.4384366846840909,-0.04360840604009097,0.00010448281555563987
9.52,2,seg2,-0.4662984993319336,-0.06716073832825632,0.08611376835251056,0.1352664767975896,-0.08369869983279972,0.00028507988756618086
9.52,3,seg3,-0.3575382881555786,0.010037475193247151,0.08606661196424101,-0.14520152905662287,-0.0015558123662451893,0.00023615926507178364
9.52,4,seg4,-0.35876458943708883,0.14351040832535697,0.08623851666092221,-0.3131285835840241,0.131430281166672,0.00040628714000195965
9.52,5,seg5,-0.4788399105194366,0.22358474021760563,0.08669956548858934,-0.36488428043278487,0.20531291483282396,0.0008655931646231185
9.52,6,seg6,-0.6124536334639203,0.17949302042369703,0.08757340036391807,-0.40902630758266373,0.15447579340960485,0.001737690144992532
9.540000000000001,0,head,-0.6655569516154649,0.08013832197566721,0.08704332918838285,0.667780580142068,0.053991639212876426,-0.00031638903366609794
9.540000000000001,1,seg1,-0.5918082556198228,-0.021270365505995602,0.08595456944944084,0.43831184195845013,-0.043792334801790095,0.00012784758976959465
9.540000000000001,2,seg2,-0.4658208493357749,-0.06702998917754767,0.08610808093436821,0.1347955905675122,-0.08354536680459768,0.00027939246942383644
9.540000000000001,3,seg3,-0.3571714186811143,0.010607514032016003,0.08604100399049616,-0.1455408538814922,-0.0009689596145216934,0.00021055129132693806
9.540000000000001,4,seg4,-0.35936378753399606,0.14411650680492483,0.08621865203566775,-0.31250121937215053,0.1320071761934312,0.0003864225147475059
9.540000000000001,5,seg5,-0.4801271303092091,0.22187420946606096,0.08671791973314268,-0.3636799257575222,0.2035430617160112,0.0008839474091764526
9.540000000000001,6,seg6,-0.6126897141242023,0.1734289070296538,0.08760295541559453,-0.409079094061539,0.1484073159299123,0.0017672451966689873
9.56,0,head,-0.6669970190443999,0.08066929639168414,0.08723185408668044,0.6692442856271346,0.05445347715318966,-0.00012786413536851338
9.56,1,seg1,-0.5915250430977379,-0.021408520942336737,0.08611133528542382,0.4380223753377064,-0.043916855212660276,0.0002846134257525751
9.56,2,seg2,-0.4654421009782504,-0.0666958545239376,0.08623943393134892,0.1344331733097627,-0.08319358559939108,0.000410745466404544
9.56,3,seg3,-0.3569092076877287,0.010954074997392493,0.08612305854779301,-0.14578627443951162,-0.0006103123540187068,0.0002926058486237837
9.56,4,seg4,-0.35944033662332403,0.14460199033454224,0.08626630142294446,-0.3124016521817494,0.13248846653740484,0.0004340719020242134
9.56,5,seg5,-0.479281388051139,0.22068692857518699,0.08681133813222444,-0.3645812140516264,0.20239737620428824,0.0009773658082582182
9.56,6,seg6,-0.6100669136183435,0.1699963629492739,0.08775831478670922,-0.41186228221008025,0.14510348405063594,0.0019226045677836756
9.58,0,head,-0.6689220121205297,0.08112231004143076,0.08734419509380931,0.6711886570221889,0.054814364376155396,-1.5523128239644524e-05
9.58,1,seg1,-0.5916359048333425,-0.02143466183814614,0.08614757347436161,0.4381318673727084,-0.04394824255285729,0.00032085161469036505
9.58,2,seg2,-0.4651445882510588,-0.06629887045458417,0.08624413322628766,0.13415489072477932,-0.08278289231110487,0.000415444761343281
9.58,3,seg3,-0.35645450161661374,0.011163363765760461,0.08614550941271401,-0.1462305049324044,-0.000379620635848432,0.0003150567135447868
9.58,4,seg4,-0.35858622673295776,0.14493823310102505,0.08633227463182228,-0.31323879200615834,0.1328649765865835,0.0005000451109020282
9.58,5,seg5,-0.476416723019623,0.22017923505872114,0.0869469631522516,-0.36746679493922335,0.20202659137491658,0.001112990828285379
9.58,6,seg6,-0.6058701699241137,0.1685070890741515,0.08789801552263794,-0.41612514714664767,0.1438156265892233,0.002062305303712403
9.6,0,head,-0.6711508493256849,0.08142553706509482,0.08733953583199257,0.6734293997017411,0.0550111743313175,-2.018239005638356e-05
9.6,1,seg1,-0.5919422376241558,-0.02135466309040312,0.08612170126774146,0.43844166030620757,-0.04388291325841893,0.0002949794080702173
9.6,2,seg2,-0.4650505953579492,-0.06588115410431183,0.0862398986499938,0.13408088404121865,-0.08236117602730003,0.0004112101850494293
9.6,3,seg3,-0.3557672672125764,0.011166272194129873,0.08616528711735688,-0.14691682220630564,-0.00034400905712211866,0.00033483441818765725
9.6,4,seg4,-0.35650856028591377,0.14493207632542238,0.08635697568826711,-0.31531439723272364,0.13295770583776576,0.0005247461673468651
9.6,5,seg5,-0.47179583908222705,0.2204567140736035,0.0869775161380325,-0.3720692372805987,0.20252367030069401,0.0011435438140662835
9.6,6,seg6,-0.6011382342556018,0.16867432108035377,0.0878966316103549,-0.4208437621942755,0.14420786853570616,0.0020609213914293545
9.620000000000001,0,head,-0.6731823393360552,0.08171548654129863,0.0873159298452728,0.6754723869060583,0.05520411381283509,-4.378837677615488e-05
9.620000000000001,1,seg1,-0.5923142459423832,-0.021061347311315745,0.08611898102079621,0.4388272064050615,-0.04360763423499473,0.00029225916112496364
9.620000000000001,2,seg2,-0.4651573465228754,-0.06551660847102972,0.08626381283006732,0.13420486348132502,-0.08200212390240932,0.00043512436512294084
9.620000000000001,3,seg3,-0.3550364623920728,0.010615676833865682,0.08616585492328824,-0.1476730025455053,-0.0008592005079171392,0.00033540222411901355
9.620000000000001,4,seg4,-0.3537163103103693,0.1445378348844789,0.08629698676714671,-0.31812224577589776,0.1326967981962076,0.00046475724622646597
9.620000000000001,5,seg5,-0.4660942083394322,0.2212748153031878,0.08689982092042932,-0.3777254728526369,0.20361219310654108,0.0010658485964630954
9.620000000000001,6,seg6,-0.5961334727380544,0.17045929009891722,0.08782372444318415,-0.42575790358274757,0.14622899857996585,0.001988014224258608
9.64,0,head,-0.6750678017495308,0.08174704962465269,0.08735937393762452,0.6773572150095682,0.0551459093398266,-3.442844244277987e-07
9.64,1,seg1,-0.5929401308974066,-0.020653868285329616,0.08614556711186344,0.4394717746583984,-0.04323040366850399,0.00031884525219219584
9.64,2,seg2,-0.46542468944054416,-0.06524454662105232,0.08628797880100199,0.13448485127310844,-0.08174309355228301,0.0004592903360576134
9.64,3,seg3,-0.3542682756911537,0.009706651644286416,0.08619084176918006,-0.14848358058385142,-0.001730636590747237,0.0003603890700108331
9.64,4,seg4,-0.350417475780738,0.14375760812589383,0.08631528729652606,-0.3214544744366349,0.13207445166886886,0.00048305777560581076
9.64,5,seg5,-0.4599473332700943,0.22240129216577267,0.08692972269877777,-0.38381177221182083,0.20502993192097121,0.0010957503748115494
9.64,6,seg6,-0.5909377561057199,0.17368295202076162,0.08784805146397193,-0.43079431430600557,0.1496962791473635,0.002012341245046387
9.66,0,head,-0.6768509629615312,0.08141443804257634,0.08737755814011201,0.6791225262489917,0.0547288115094498,1.7839918063061733e-05
9.66,1,seg1,-0.593561823479239,-0.02023908324479532,0.08619128274546599,0.4401125029924204,-0.04284567584510139,0.000364560885794743
9.66,2,seg2,-0.4659147255771107,-0.0650523971093312,0.08636165082981294,0.13498347680741307,-0.08157448327231717,0.0005329623648685639
9.66,3,seg3,-0.35348127862134426,0.008407500805894245,0.08625132886263252,-0.14933151430178868,-0.002990861054372991,0.00042087616346329904
9.66,4,seg4,-0.3464184410743444,0.1425191481338576,0.08632590258953776,-0.3255079178286138,0.1310277146430872,0.0004936730686175145
9.66,5,seg5,-0.453174640534523,0.22399632930468386,0.08690378550856111,-0.3905008806768227,0.2069454836177298,0.0010698131845948838
9.66,6,seg6,-0.5857163006976187,0.1785146955472083,0.08781647808616104,-0.435779903788668,0.15477104412623716,0.0019807678672355
9.68,0,head,-0.6786379301159854,0.08065235205249165,0.08743760353454649,0.6808711998308867,0.05388254478378378,7.788531249754149e-05
9.68,1,seg1,-0.5943954034836809,-0.01985152755930971,0.08619693468928584,0.44096358277367326,-0.04249823054145085,0.000370212829614594
9.68,2,seg2,-0.4664082181755405,-0.06491776047922668,0.08634046940260773,0.13548281776858956,-0.08146348520325178,0.0005117809376633531
9.68,3,seg3,-0.35261703608930867,0.0068958464770549,0.08626020884831777,-0.15026671929230517,-0.004459671998550148,0.0004297561491485441
9.68,4,seg4,-0.3419292054005342,0.1407743060764488,0.08639225899373625,-0.33007510616545593,0.12949849868906826,0.0005600294728159982
9.68,5,seg5,-0.4459160000238693,0.22568388977744722,0.08700164973016221,-0.39767098296856634,0.20897658074288464,0.0011676774061959855
9.68,6,seg6,-0.58008574497842,0.18456330300014778,0.08789249703516401,-0.4411162177704459,0.1610807638434826,0.0020567868162384706
9.700000000000001,0,head,-0.6803824217101568,0.07974703093569616,0.08743955823621269,0.6825706292221893,0.052895226704214295,7.984001416373732e-05
9.700000000000001,1,seg1,-0.5953967063320196,-0.019328048727293386,0.08622375275287922,0.44198866412249926,-0.04202299827208359,0.00039703089320797247
9.700000000000001,2,seg2,-0.46705608021069683,-0.06479189559712684,0.08638316800288352,0.13613593578878908,-0.08136859560009133,0.0005544795379391482
9.700000000000001,3,seg3,-0.3516645262204837,0.005068996167191846,0.08629918092291476,-0.15130509222011512,-0.0062391210052883134,0.0004687282237455376
9.700000000000001,4,seg4,-0.33676512300476474,0.1388117305062292,0.08639923718115917,-0.3353267387891666,0.12778391283764134,0.0005670076602389273
9.700000000000001,5,seg5,-0.4374280760695441,0.22785113371194401,0.08697020902196419,-0.40604614698094593,0.21154532111185248,0.0011362366979979638
9.700000000000001,6,seg6,-0.5738536553340511,0.1920627892824588,0.08784262769768725,-0.4469843347201116,0.16886834622144148,0.002006917478761708
9.72,0,head,-0.6821265114873638,0.07879581654769885,0.08743977971033973,0.6842674731269025,0.05186208647871545,8.00614882907752e-05
9.72,1,seg1,-0.5964778942300849,-0.018708794456573665,0.08622716440925139,0.44309809808930356,-0.0414559009295475,0.00040044254958014613
9.72,2,seg2,-0.46797606074931203,-0.06464420071659996,0.08638037730072784,0.13706190289168205,-0.08126485123430736,0.0005516888357834648
9.72,3,seg3,-0.3508750678724281,0.0029800691224253183,0.08628028831280275,-0.15219307098104864,-0.008288109634286946,0.00044983561363352853
9.72,4,seg4,-0.33128260042593843,0.13647645910600326,0.08635537889515722,-0.34091418788287475,0.12571220847597042,0.0005231493742369753
9.72,5,seg5,-0.4277934739286292,0.23003933280887662,0.08691217722324092,-0.41556569257893783,0.2141895649164739,0.0010782048992746956
9.72,6,seg6,-0.5662371654740253,0.20097247784743869,0.08778826178639029,-0.45416816970620894,0.1781304185056046,0.0019525515674647526
9.74,0,head,-0.6840395824281701,0.0777401144167521,0.08751833483864473,0.686128134002783,0.05071653485685505,0.00015861661659577475
9.74,1,seg1,-0.5978544940361958,-0.01792550787496898,0.08628446616327679,0.44451041575616607,-0.040739016208839324,0.0004577443036055395
9.74,2,seg2,-0.46897094213491597,-0.06434549766291704,0.08640970408218755,0.1380698726605184,-0.08101383444063094,0.0005810156172431774
9.74,3,seg3,-0.35011269580516835,0.0008796976681983149,0.0863060374800505,-0.15305453880843634,-0.010349818778907524,0.0004755847808812774
9.74,4,seg4,-0.3255013320653159,0.1338947951136205,0.08638941337311179,-0.3468117704136511,0.12340860844203574,0.0005571838521915423
9.74,5,seg5,-0.4170316287764778,0.23204368957363936,0.08696240828368161,-0.4262199532084768,0.21670382177359174,0.0011284359597153876
9.74,6,seg6,-0.5567771712253045,0.2109137306090797,0.08784781518595139,-0.4631443266008464,0.18851062105888064,0.002012104967025849
9.76,0,head,-0.686118007904536,0.07676147876782641,0.08753580770801206,0.6881576297505222,0.04964009293853104,0.00017608948596310736
9.76,1,seg1,-0.5993736996819945,-0.0168326179957611,0.08627748811682708,0.44607991212795617,-0.0397196658171605,0.00045076625715582963
9.76,2,seg2,-0.47042347708053,-0.0637193972756637,0.08638641759303346,0.13955055871310745,-0.0804575716640593,0.0005577291280890878
9.76,3,seg3,-0.3496327420835218,-0.0011678290531865164,0.08629557101176967,-0.15363139334729226,-0.012372183753559881,0.000465118312600446
9.76,4,seg4,-0.3193761766179845,0.13102390061366115,0.08640561837498431,-0.3530666152525028,0.12083247169839818,0.0005733888540640636
9.76,5,seg5,-0.40505425883212615,0.23405325777920344,0.08699871394798908,-0.4380881132840022,0.21928113269033495,0.001164741624022858
9.76,6,seg6,-0.5456081955302593,0.22215626238883554,0.08788328152351864,-0.4737655987859192,0.20027196095060554,0.0020475713045930988
9.78,0,head,-0.6883847432272532,0.07605163449007947,0.0874991110621183,0.6903880141254389,0.048823175891695055,0.0001393928400693495
9.78,1,seg1,-0.6012014906686228,-0.01514135704250336,0.08626980572756923,0.44798612149448835,-0.03811730838092774,0.0004430838678979865
9.78,2,seg2,-0.4717995042259994,-0.062472606565927305,0.08638388752737575,0.14098436317758772,-0.07927768076384246,0.0005551990624313718
9.78,3,seg3,-0.3493660874926485,-0.0031752856796929095,0.08629561444104492,-0.1539932834554806,-0.014364675241053178,0.0004651617418756915
9.78,4,seg4,-0.3129674518803257,0.1276381723161222,0.08637695485702854,-0.359629209725836,0.11775557998072891,0.0005447253361082899
9.78,5,seg5,-0.392486694781042,0.2360763737925276,0.08692434716209771,-0.4505451539507703,0.22190006422618508,0.001090374838131486
9.78,6,seg6,-0.5329114194639519,0.23468623639315983,0.08780847855499559,-0.48585166899727134,0.21339199440525253,0.0019727683360700465
9.8,0,head,-0.6910760737776055,0.07562836172248381,0.08754929994737151,0.6930561509525411,0.048272298556836,0.00018958172532256012
9.8,1,seg1,-0.6035743637727141,-0.013094487132272747,0.08630099081588356,0.45045371926641936,-0.03618568615260231,0.00047426895621231757
9.8,2,seg2,-0.4737610069134168,-0.06094557482154062,0.08638076503014373,0.14301631683687652,-0.07784572997305195,0.0005520765651993581
9.8,3,seg3,-0.3493628830245627,-0.004790960699394206,0.0862882639424376,-0.15407337652521344,-0.015978367014001207,0.0004578112432683801
9.8,4,seg4,-0.3066600245220595,0.12447683259422172,0.08638200616480575,-0.3660799426351362,0.11489800169730442,0.0005497766438855023
9.8,5,seg5,-0.3792067901396324,0.23809342888374074,0.08694026796783404,-0.46371401649351895,0.2245468429920646,0.0011062956438678134
9.8,6,seg6,-0.5187397698566972,0.2478273297822172,0.08784374635459448,-0.49938185752599684,0.2271926460710442,0.002008036135668939
9.82,0,head,-0.6942429239683411,0.07556578651439921,0.08754241912276177,0.6962164347037898,0.04805907942617002,0.00018270090071281775
9.82,1,seg1,-0.6062710468877719,-0.01056455494696568,0.08629061464122537,0.45326774974503525,-0.03378695958418288,0.0004638927815541205
9.82,2,seg2,-0.4761107408814572,-0.05880566750674631,0.08635980760386792,0.14546522947213947,-0.07582007453818379,0.0005311191389235498
9.82,3,seg3,-0.34966636284961977,-0.0058824661595165695,0.08627745937950874,-0.15382218684758664,-0.017083078704682356,0.0004470066803395206
9.82,4,seg4,-0.3003900114101273,0.12154236522628012,0.08638297212533531,-0.3724825065201963,0.11226525809964558,0.0005507426044150665
9.82,5,seg5,-0.36516685340575955,0.24021290212533403,0.08693609627362342,-0.4776371757038456,0.22733209484671843,0.0011021239496571966
9.82,6,seg6,-0.5030799043461956,0.26170560866818254,0.087834281499451,-0.5143634919534955,0.2418004741947343,0.0019985712805254546
9.84,0,head,-0.6978971534027659,0.07585073373402346,0.0875238082179387,0.6998800845212857,0.04816979388170289,0.00016408999588975182
9.84,1,seg1,-0.6090216314388802,-0.007684043969909276,0.08629226002267253,0.45615230511806365,-0.031040616713929346,0.0004655381630012806
9.84,2,seg2,-0.4785388771866245,-0.05598069106685226,0.08638837662712041,0.14802505900314517,-0.07311385751545554,0.0005596881621760391
9.84,3,seg3,-0.35026677135962786,-0.006201441427333709,0.08633970889419768,-0.15323763914690539,-0.01743026681788895,0.0005092561950284513
9.84,4,seg4,-0.2945579168876606,0.11909427907379892,0.08645406862220707,-0.37842450046492865,0.1100975034349751,0.0006218391012868252
9.84,5,seg5,-0.3508578229984728,0.24215891959883634,0.08698054032380051,-0.4918373786766233,0.2299568940222569,0.001146567999834286
9.84,6,seg6,-0.48578584837960204,0.2756978083967498,0.0878447121700185,-0.5309720434631403,0.25659986748403635,0.0020090019510929646
9.86,0,head,-0.7019566672367192,0.07630458345817062,0.08763407251427492,0.703956597811741,0.04842993140511417,0.0002743542922259701
9.86,1,seg1,-0.612318572627483,-0.003924220808912096,0.0863319926215472,0.4596244457409811,-0.027441959895502823,0.0005052707618759533
9.86,2,seg2,-0.4810113848482237,-0.05202610181082989,0.08633304304994623,0.15068296946579623,-0.06928141934993164,0.000504354585001851
9.86,3,seg3,-0.35124594551151433,-0.0056761644198438654,0.08626068543006035,-0.15223457584254235,-0.016952185274986778,0.000430232730891128
9.86,4,seg4,-0.28900658116595485,0.116630038115782,0.08641311878099166,-0.38408682257001314,0.10790025056619695,0.00058088926007141
9.86,5,seg5,-0.3363141305028806,0.2438991702900042,0.08700603941199325,-0.5062817705679405,0.232387327469187,0.001172067088027029
9.86,6,seg6,-0.4668179414752144,0.2897341154602176,0.08795095927094557,-0.5492504501192623,0.27152297903557393,0.0021152490520200268
9.88,0,head,-0.7065169178759717,0.07723641220018695,0.08754963933296744,0.7085560282059171,0.04914367557785659,0.00018992111091849229
9.88,1,seg1,-0.6153829452782109,-4.172034720981155e-05,0.08629215536418212,0.462870119736591,-0.023709696521748286,0.0004654335045108787
9.88,2,seg2,-0.4841109760666473,-0.04763187842702183,0.0863465142846614,0.15398817573167733,-0.06503968899460193,0.0005178258197170299
9.88,3,seg3,-0.3525635897565954,-0.004492095497837953,0.08627814113502368,-0.1508620731416044,-0.015832166567816157,0.0004476884358544514
9.88,4,seg4,-0.28367237398591166,0.11484406393828998,0.08638133652210919,-0.389499982500317,0.10637016247453485,0.0005491070011889448
9.88,5,seg5,-0.32135134182932623,0.24586228612481836,0.08688590952625548,-0.5211341772903391,0.23506031890141232,0.0010519372022892576
9.88,6,seg6,-0.4463511261480929,0.30405918413675936,0.0877792686862633,-0.56901232419728,0.2868058601478542,0.0019435584673377637
9.9,0,head,-0.7124454161192819,0.07735113828086443,0.08762853964773681,0.7144832687677012,0.04897612614246669,0.0002688214256878624
9.9,1,seg1,-0.6196749186651491,0.0035359859330512493,0.08636552739374062,0.467327497877392,-0.020340305198352237,0.0005388055340693754
9.9,2,seg2,-0.4870000247436096,-0.043016831822361344,0.08639112205642663,0.1570935873102639,-0.06056736562212869,0.0005624335914822531
9.9,3,seg3,-0.3538941676343386,-0.0025827142852371046,0.086303950427792,-0.1494421328374742,-0.0139882729601656,0.0004734977286227765
9.9,4,seg4,-0.2787622614551632,0.11363253354665442,0.0863788847402265,-0.39446218974555886,0.10539368400209008,0.0005466552193062468
9.9,5,seg5,-0.3062678091435625,0.2473106267555809,0.0868542855945959,-0.536131690079928,0.23722486480415111,0.0010203132706296802
9.9,6,seg6,-0.42453797268555715,0.3175419712964848,0.08774066851983721,-0.5901590962127773,0.30131148825690646,0.0019049583009116688
9.92,0,head,-0.7185698971735179,0.07750058573671634,0.0875473752761661,0.7206079225085981,0.0488339316431003,0.00018765705411714906
9.92,1,seg1,-0.6236261690001743,0.0072506751370628245,0.08630442073600707,0.47145105825268807,-0.016817870681957694,0.000477698876335822
9.92,2,seg2,-0.4898494503165699,-0.03775316675689927,0.08637332812116094,0.16019028934151242,-0.05544527302766412,0.0005446396562165667
9.92,3,seg3,-0.35580322712205115,-0.0001800754102900346,0.08636289630316095,-0.14742089158652286,-0.011679211355059846,0.0005324436039917252
9.92,4,seg4,-0.27461839726932324,0.11220740214302966,0.08648537239926107,-0.3986691824622931,0.1041673797218143,0.0006531428783408261
9.92,5,seg5,-0.2916468571288093,0.24820611495252778,0.08694055639393153,-0.5506934573746286,0.2388151698563557,0.0011065840699653051
9.92,6,seg6,-0.4013045890098637,0.3300735835252266,0.08777620609479178,-0.6127697569052505,0.31493460996432665,0.001940495875866241
9.94,0,head,-0.7244851083776982,0.07771289187134585,0.08751740154183123,0.7265265350581341,0.048764484041244296,0.0001576833197822758
9.94,1,seg1,-0.6278543458522701,0.011390468191879576,0.08627881477029359,0.47587146264262237,-0.012883993325312412,0.0004520929106223426
9.94,2,seg2,-0.49328012056571025,-0.031953891014679325,0.08635538312817863,0.16389306789408697,-0.04981583891024806,0.0005266946632342534
9.94,3,seg3,-0.3577859697479695,0.002888350754487099,0.08636082074348873,-0.1452943649408598,-0.00870862355560083,0.0005303680443195097
9.94,4,seg4,-0.2703962765064875,0.1112108515566913,0.08649257189127285,-0.4029339463223202,0.10337289496841277,0.000660342370352604
9.94,5,seg5,-0.27643119966116303,0.24873358004863305,0.08692983478570483,-0.5658667709877911,0.24006617168311975,0.0010958624617386087
9.94,6,seg6,-0.37662083733543483,0.34178075381883366,0.0877424471674726,-0.6368683785103458,0.32780324896255947,0.0019067369485470664
9.96,0,head,-0.730669958719865,0.07735471703521335,0.08768626837712282,0.7326873312273018,0.048112369384282615,0.0003265501550738653
9.96,1,seg1,-0.6319631994718979,0.01535944936882374,0.08652882229730739,0.4801645498307087,-0.009115055538029378,0.0007021004376361467
9.96,2,seg2,-0.4963932913526763,-0.025673318930305142,0.08665363679068408,0.16730161231283586,-0.04369054357038307,0.000824948325739705
9.96,3,seg3,-0.3600579257497416,0.006659054825292032,0.08661011411987717,-0.1428455302434322,-0.005050317678852878,0.0007796614207079416
9.96,4,seg4,-0.2667924422254977,0.1104288330742238,0.08657622480509466,-0.40657091440599774,0.10276327411192518,0.0007439952841744174
9.96,5,seg5,-0.26116320051532393,0.2483141351590484,0.08678219195522366,-0.581137431739995,0.2403738274934108,0.0009482196312574354
9.96,6,seg6,-0.35037442444003153,0.3520850961813338,0.0874188433653426,-0.662594653207486,0.3393450188234767,0.0015831331464170595
9.98,0,head,-0.7366720898921337,0.07720262848644695,0.08763756228985237,0.7386754232024607,0.04767480335643698,0.000277844067803415
9.98,1,seg1,-0.6369840307356167,0.01999186485333121,0.08643524073597592,0.4854001550556071,-0.004726837479804846,0.00060851887630467
9.98,2,seg2,-0.5002829635902392,-0.018877746899009718,0.08650402617615204,0.1715102878859719,-0.03708778662595935,0.0006753377112076603
9.98,3,seg3,-0.3629411742203353,0.010982483653803946,0.08647662146455695,-0.1397597907965341,-0.0008690056068380899,0.0006461687653877279
9.98,4,seg4,-0.2639175824931397,0.11017756569567792,0.08650709832838599,-0.40945447476434205,0.10264911004086272,0.0006748688074657422
9.98,5,seg5,-0.24668894466165045,0.24778975801554778,0.08678856945949015,-0.5956202424732052,0.24053889459703715,0.0009545971355239269
9.98,6,seg6,-0.32294508301039865,0.3604364244642318,0.0874932829501089,-0.6895954627177079,0.34899228481204275,0.00165757273118336
10.0,0,head,-0.7424994970656621,0.07765529776529086,0.08754197880657537,0.7445177704312251,0.047849625256855606,0.0001822605845264169
10.0,1,seg1,-0.6419482011181442,0.025692846948232928,0.08634188515472244,0.49063001818116464,0.0007314329531185923,0.0005151632950511909
10.0,2,seg2,-0.504430907404127,-0.010645916317765895,0.08639819092571757,0.1760452959367308,-0.029062690079512107,0.0005695024607731969
10.0,3,seg3,-0.3657292049236206,0.01664715151014954,0.0863756820018983,-0.13670532978429728,0.004656557264884209,0.0005452293027290722
10.0,4,seg4,-0.2610080458443613,0.11040018449833333,0.08643037226802913,-0.4123501198404672,0.10300994550754877,0.0005981427471088846
10.0,5,seg5,-0.2316077547757912,0.24611225816851168,0.0867278850287142,-0.610764178235362,0.23958103045392226,0.0008939127047479789
10.0,6,seg6,-0.2942869491825976,0.36722428298579896,0.08742262264293649,-0.7178980799773937,0.35713633257436944,0.0015869124240109472
10.02,0,head,-0.749972804320685,0.08636973205221951,0.08907385791632479,0.752397341696859,0.05619851997017534,0.0017141396942758347
10.02,1,seg1,-0.6463247881938424,0.028306695925970328,0.08793294553693413,0.4951260428175268,0.0031340322490698972,0.002106223677262889
10.02,2,seg2,-0.505098492660358,-0.008157081390729749,0.08791452835400505,0.1768305718769073,-0.026608446598083833,0.0020858398890606783
10.02,3,seg3,-0.36720250564320644,0.021487553763879338,0.08760177359571872,-0.13500333697087982,0.009421358357397295,0.0017713208965494942
10.02,4,seg4,-0.25988416785742513,0.11215971789574497,0.08710862882570143,-0.41338898569313337,0.10482097207999251,0.001276399304781184
10.02,5,seg5,-0.21737772580782821,0.24519630030052372,0.08667161652548759,-0.6250216746934761,0.23934333743921196,0.0008376442015213675
10.02,6,seg6,-0.2620554302257132,0.3774359441371172,0.0866562072105943,-0.7496070897653019,0.36887036580604937,0.0008204969916687649
10.040000000000001,0,head,-0.7573612394341915,0.0975960053336383,0.08762282117471268,0.7603116789196089,0.06706044666555558,0.00026310295266372685
10.040000000000001,1,seg1,-0.6518037157691765,0.02933817871364749,0.0861148519242918,0.5006478518587054,0.003903596428669826,0.00028813006462055646
10.040000000000001,2,seg2,-0.5062536477291876,-0.009339469409452057,0.08592825079960505,0.17792814652634967,-0.02784447028255638,9.956233466067166e-05
10.040000000000001,3,seg3,-0.3676224845426564,0.024547514994212517,0.08595518152261454,-0.13443820612247415,0.012457864924375946,0.00012472882344531644
10.040000000000001,4,seg4,-0.2600151773449343,0.11538139140482723,0.08619225969798798,-0.4131048007083896,0.10803276014575607,0.00036003017706773277
10.040000000000001,5,seg5,-0.2079709307358449,0.2467978711092958,0.0866202732236022,-0.6343415898138532,0.2413907760146981,0.0007863008996359805
10.040000000000001,6,seg6,-0.23355008926307297,0.387122401492758,0.08729629994312599,-0.7776191389210082,0.3799024563377069,0.0014605897242004479
10.06,0,head,-0.7598033962141254,0.10497392379934094,0.08720381920797916,0.7631021939139745,0.07431377946436177,-0.000155899014069788
10.06,1,seg1,-0.6567905556810654,0.03001577392944016,0.08643703463849436,0.5056612888229418,0.004343093170597811,0.0006103127788231189
10.06,2,seg2,-0.5092317465796256,-0.011031674782167137,0.08683230356948211,0.18082233643629866,-0.02967649008333589,0.001003615104537739
10.06,3,seg3,-0.3667372303980532,0.02718591249762619,0.08687462919453931,-0.13519689214915945,0.01513540330866037,0.001044176495370086
10.06,4,seg4,-0.2594445835299604,0.12057392414659371,0.08675439227728032,-0.4134276280847219,0.11324656452077374,0.0009221627563600759
10.06,5,seg5,-0.20146099188570749,0.24944156040873627,0.08648435292375863,-0.6407183353009752,0.24434128680636846,0.0006503805997924023
10.06,6,seg6,-0.20923844950003656,0.39443134748167197,0.08609849949026548,-0.8015553879021563,0.3883601453883766,0.000262789271339936
10.08,0,head,-0.756527493602877,0.11111974053336744,0.08856986699235421,0.7601224912786061,0.08060853708079664,0.0012101487703052582
10.08,1,seg1,-0.6618539286011977,0.03193974310709802,0.08678032501838338,0.5108104887540033,0.006023909279572352,0.000953603158712138
10.08,2,seg2,-0.5143197998733159,-0.01455324643419794,0.0861497150785665,0.18573702787510366,-0.03343621896688414,0.00032102661362212737
10.08,3,seg3,-0.3639049353388643,0.02733762335509928,0.085827062051829,-0.1380187577673442,0.015421735141626394,-3.3906473402289805e-06
10.08,4,seg4,-0.25675830744040656,0.12492898518449369,0.08616595694157149,-0.4159035968784375,0.11772453441845866,0.00033372742065124195
10.08,5,seg5,-0.19902956215565779,0.25523533671578735,0.086918231738725,-0.6428712760340313,0.25024421325239665,0.001084259414758773
10.08,6,seg6,-0.1975196341410554,0.3987587447210176,0.08797169295488032,-0.8130549776400593,0.3932403540036035,0.002135982735954778
10.1,0,head,-0.7497445765405378,0.11951727187036203,0.08715238751708686,0.7537469102799506,0.08931936157411047,-0.00020733070496209427
10.1,1,seg1,-0.6636087707169556,0.037352606935496635,0.0862334972192376,0.5128209481920463,0.01134712433476662,0.0004067753595663609
10.1,2,seg2,-0.5180577780944976,-0.015623383659585929,0.08633130790637332,0.1894198412195983,-0.03468303921500513,0.0005026194414289448
10.1,3,seg3,-0.3630069406010278,0.0261044574582732,0.08609964073736175,-0.13897442306484534,0.014232703385380149,0.00026918803819252213
10.1,4,seg4,-0.2544063420012437,0.12872123183415685,0.08605418527389615,-0.4180724189568436,0.12162441734878633,0.00022195575297589976
10.1,5,seg5,-0.19986073912338276,0.26121591069117917,0.0861644998705372,-0.641756417007928,0.2561784536906264,0.00033052754657098005
10.1,6,seg6,-0.19710998211391262,0.40212774795303424,0.08640557165480889,-0.813303829912131,0.3966250356883857,0.0005698614358833481
10.120000000000001,0,head,-0.74386590546275,0.12786141365698997,0.08865751729149099,0.7482720097699921,0.0979338226830288,0.0012977990694420377
10.120000000000001,1,seg1,-0.6643174614676043,0.04144538369524971,0.08731767576258966,0.513723616883387,0.015401535934357148,0.00149095390291841
10.120000000000001,2,seg2,-0.5214347122559532,-0.01826501987014313,0.08693903780967563,0.19266722977450607,-0.037482395171591555,0.001110349344731254
10.120000000000001,3,seg3,-0.3622346366496519,0.022725864598488146,0.08648132880644156,-0.13990664386586735,0.010894693876163108,0.0006508761072723385
10.120000000000001,4,seg4,-0.25212919056441846,0.13034824330428937,0.08653436209858632,-0.42026955837448393,0.12335795805178443,0.0007021325776660758
10.120000000000001,5,seg5,-0.20249943378958304,0.26254441225248154,0.08709516822930283,-0.6390574870335518,0.25737987074249613,0.001261195905336604
10.120000000000001,6,seg6,-0.20514831620467866,0.40364212014662765,0.08788119316916826,-0.8052025330694614,0.3977551363721403,0.002045482950242719
10.14,0,head,-0.7340101978476704,0.14038716120958683,0.08730601398432435,0.739023587616654,0.11091442405603374,-5.370423772460553e-05
10.14,1,seg1,-0.6611474116956003,0.04751108779145004,0.08613016207239434,0.5108458344716567,0.021611234005015745,0.0003034402127230912
10.14,2,seg2,-0.5236771136770509,-0.019707708271809784,0.08603930366303322,0.1948384307445853,-0.039030167863081965,0.0002106151980888482
10.14,3,seg3,-0.36253227834732227,0.01822641610836654,0.08579390770699906,-0.13982347447298604,0.006386178583134745,-3.6544992170164936e-05
10.14,4,seg4,-0.25234098473108185,0.1292176276164434,0.0859394795791764,-0.4201118117754836,0.1222185438983145,0.00010725005825615308
10.14,5,seg5,-0.20859693251790673,0.2635604163913767,0.08653795374815429,-0.6329185444006854,0.25810453514652937,0.000703981424188066
10.14,6,seg6,-0.2213493480210065,0.4038812649150995,0.0872833827812392,-0.7890084776126443,0.39722298041204485,0.001447672562313665
10.16,0,head,-0.7252842760939693,0.14987488457787196,0.08762778635362588,0.7307590873324415,0.12080667557964453,0.0002680681315769262
10.16,1,seg1,-0.6583466748421755,0.05238589921876769,0.0870331354329559,0.5082802702585733,0.026613812704181197,0.0012064135732846593
10.16,2,seg2,-0.5236216888733634,-0.02071956631234184,0.08740201424056171,0.19473491300485957,-0.04003824161068923,0.0015733257756173347
10.16,3,seg3,-0.3620717754171619,0.014992875351078103,0.08703106813288386,-0.14043734432613936,0.0031782177696085628,0.0012006154337146357
10.16,4,seg4,-0.2539258090326128,0.12779212677863383,0.08660408042865951,-0.4185966248358599,0.12071923430954634,0.0007718509077392632
10.16,5,seg5,-0.21682259328412246,0.2644938844449637,0.08646176645648053,-0.6246577791848268,0.25864547478170985,0.000627794132514306
10.16,6,seg6,-0.2409504916781007,0.4029306765360808,0.08644382591946341,-0.769474784088205,0.3953406233306937,0.0006081157005378701
10.18,0,head,-0.7138202628084129,0.15913058674778183,0.08763975883923208,0.7197485558692336,0.1305974784144329,0.0002800406171831332
10.18,1,seg1,-0.653332624259993,0.057348800834261124,0.08644716882108337,0.5035080925856052,0.031809716469640405,0.0006204469614121272
10.18,2,seg2,-0.5226460295338189,-0.021546571081475754,0.08628751403613547,0.1937210008842115,-0.040817876298555295,0.00045882557119109046
10.18,3,seg3,-0.3628341861440244,0.010724015825993014,0.08600439227245273,-0.1398789584885339,-0.0011220888494060585,0.00017393957328350196
10.18,4,seg4,-0.2568252422423463,0.12471738911378027,0.08611819421936244,-0.4158468080739517,0.11750999258911939,0.00028596469844219263
10.18,5,seg5,-0.22576913242257357,0.2629728836738755,0.08671490339857552,-0.6157937640354642,0.256700419172229,0.0008809310746092924
10.18,6,seg6,-0.26063754947271145,0.4003402871525509,0.08748700752138536,-0.7499333141986531,0.3918162345500263,0.001651297302459817
10.200000000000001,0,head,-0.7022677301811779,0.16637052066113273,0.08779321257647041,0.7085536721376433,0.1383790098441735,0.000433494354421457
10.200000000000001,1,seg1,-0.6473373645640045,0.061295974970174714,0.08649149464735914,0.4977074777286495,0.036037740802373666,0.000664772787687895
10.200000000000001,2,seg2,-0.5218704302959174,-0.021493770335134603,0.08627823505315634,0.19294879334890758,-0.04072822352950505,0.00044954658821196036
10.200000000000001,3,seg3,-0.3632837756356579,0.008541138566621575,0.08604425288617765,-0.13953376461254324,-0.0033238892555270878,0.00021380018700842274
10.200000000000001,4,seg4,-0.2606291385841859,0.12271411384084846,0.08631578557314225,-0.41214256064552857,0.11532795450837965,0.0004835560522220006
10.200000000000001,5,seg5,-0.23649683382664385,0.2615838221517306,0.08708381352875683,-0.605144325704604,0.25480238530766786,0.0012498412047906027
10.200000000000001,6,seg6,-0.2819922543437454,0.3939251878745526,0.08804194393172024,-0.7289081101548727,0.3843921040461882,0.0022062337127947
10.22,0,head,-0.6908627494772129,0.17180790434642024,0.0878793049770895,0.6974203872513183,0.1443530113358491,0.0005195867550405464
10.22,1,seg1,-0.6411356678529266,0.06454483831007662,0.08693140548661324,0.491667426186067,0.03957807022993488,0.0011046836269419935
10.22,2,seg2,-0.5206605088636389,-0.021168610889991543,0.08696377416129714,0.1917557176863734,-0.04034585067436756,0.0011350856963527611
10.22,3,seg3,-0.3639304258600528,0.0071483023745407956,0.0865303151203511,-0.13895413413703417,-0.004745922195535929,0.0006998624211818766
10.22,4,seg4,-0.26552093025849954,0.12084564894665856,0.08637294144587833,-0.40734523477817347,0.11322879959147138,0.0005407119249580816
10.22,5,seg5,-0.24890470812646429,0.26013972376869887,0.08665257367095001,-0.5928192375842205,0.25276941516845175,0.0008186013469837911
10.22,6,seg6,-0.3043439512433096,0.38546192917059274,0.08726044255651556,-0.70698451855691,0.374874686667258,0.0014247323375900234
10.24,0,head,-0.6793019949836889,0.1759598804839205,0.08733052940398628,0.6860703307426633,0.149050475283551,-2.9188818062672595e-05
10.24,1,seg1,-0.6350148179752738,0.06695906182800834,0.08612112978451528,0.48566840819250906,0.0422808579625671,0.0002944079248440312
10.24,2,seg2,-0.518995554855358,-0.021891381186451814,0.08600905854002786,0.19005825260972461,-0.040988564502138336,0.00018037007508348024
10.24,3,seg3,-0.364825460893946,0.004316254930176762,0.08580901712884474,-0.13819489437529253,-0.007617356579786231,-2.143557032448229e-05
10.24,4,seg4,-0.26990806727945765,0.11922492654303789,0.08607421431880954,-0.40304020132219126,0.1114011236653886,0.00024198479788929694
10.24,5,seg5,-0.2609574299314203,0.2588132414256006,0.08679117022535782,-0.5808433020191827,0.25087083000063626,0.0009571979013915932
10.24,6,seg6,-0.325933322421639,0.37726529505540324,0.08776703325602438,-0.6858096998424174,0.36565987190811594,0.0019313230370988366
10.26,0,head,-0.6712193958089079,0.17842644619597334,0.08794494070068526,0.6781142773730148,0.15189890829197425,0.0005852224786363075
10.26,1,seg1,-0.6307220811656868,0.06800972177936535,0.08681262992916873,0.4814305379128597,0.04353462474328803,0.0009859080694974848
10.26,2,seg2,-0.5178608430006564,-0.02264752964524966,0.08666915891697266,0.18888884034918474,-0.04168985363631596,0.0008404704520282857
10.26,3,seg3,-0.3652161404602218,0.002983965763502618,0.08625416892578656,-0.1378680629967487,-0.0089667290995561,0.00042371622661734054
10.26,4,seg4,-0.2745842877765549,0.11807077307302195,0.08631061902161459,-0.3984242072864531,0.11002573011107493,0.00047838950069434283
10.26,5,seg5,-0.2731502068370768,0.2575944556436533,0.08688275409318608,-0.5687223446217544,0.24907315394362967,0.0010487817692198531
10.26,6,seg6,-0.3472765665844665,0.3694302544660314,0.08785032068673965,-0.6648635205124537,0.3568179544773448,0.002014610467814107
10.28,0,head,-0.6634420607871919,0.1798777053430314,0.08714796994205279,0.6704148223990908,0.15371865724425565,-0.00021174827999616286
10.28,1,seg1,-0.6261499614603336,0.06791348743499552,0.08625931944250888,0.4768590190069966,0.043656093011142226,0.00043259758283763217
10.28,2,seg2,-0.5163132954923383,-0.02400756853711533,0.0864640171553477,0.18727832023444835,-0.04297470150189949,0.0006353286904033223
10.28,3,seg3,-0.36596498725820614,0.001057536343006523,0.08628144978218256,-0.13721174619550308,-0.01092661432458964,0.00045099708301334085
10.28,4,seg4,-0.2790276158033337,0.11776452805710787,0.08630084187581266,-0.39400048867905474,0.10950836791336396,0.00046861235489241426
10.28,5,seg5,-0.2853104217885804,0.2567747463660559,0.08666153119309149,-0.5566149196734246,0.24767565186129306,0.0008275588691252639
10.28,6,seg6,-0.3688327574368536,0.3617732953003609,0.08735021455996016,-0.6436961606416217,0.3481437822533573,0.001514504341034617
10.3,0,head,-0.6598458374315499,0.17958621417979082,0.08756070933065396,0.6668088014975345,0.15359864566975842,0.00020099110860501146
10.3,1,seg1,-0.6241595260373057,0.06571620391217288,0.0864492758992746,0.4747662671770928,0.041556026861947086,0.0006225540396033596
10.3,2,seg2,-0.5149767043004844,-0.02699402475496248,0.08642550557514338,0.18580111392487297,-0.045894163485568955,0.0005968171101990022
10.3,3,seg3,-0.3661761688617504,-0.0012385914843052633,0.08620049943843489,-0.13711007981745535,-0.013230190808360619,0.00037004673926566145
10.3,4,seg4,-0.2827632956996134,0.11817485854040899,0.08634102054530317,-0.3902495135274626,0.10974044721788978,0.0005087910243829208
10.3,5,seg5,-0.2969985057739118,0.25631701963311676,0.08694052060671421,-0.5449618634584187,0.2466621915292962,0.0011065482827479906
10.3,6,seg6,-0.3895533219686888,0.3539833083082564,0.08785884915443914,-0.6233698112128402,0.33937650156310417,0.002023138935513605
10.32,0,head,-0.6567351476793519,0.17821467091209248,0.08723709674765738,0.6636363628457678,0.15237669858850772,-0.000122621474391571
10.32,1,seg1,-0.6221884824230836,0.062265624274370296,0.08624860114488653,0.47263323906885113,0.03820316184003803,0.00042187928521528195
10.32,2,seg2,-0.5140033927641923,-0.030541386566832352,0.0864075549675044,0.184660081352818,-0.04939118448071046,0.0005788665025600187
10.32,3,seg3,-0.3666885510022103,-0.003445337663901804,0.08627184388255615,-0.13670330039905884,-0.015458821478465626,0.00044139118338692995
10.32,4,seg4,-0.287119677942512,0.11923842608210063,0.08632301975282836,-0.38584745089016254,0.11059548329737898,0.0004907902319081087
10.32,5,seg5,-0.30966853030258157,0.25634187779498463,0.08676602560187449,-0.5323050124595511,0.24608403734605105,0.000932053277908268
10.32,6,seg6,-0.40997600987571997,0.3450871041711708,0.0875377163516309,-0.6033936473013684,0.32951843356135624,0.0017020061327053665
10.34,0,head,-0.6544039425476907,0.17614077173714895,0.08724175250239259,0.6612090994712715,0.15041609468561518,-0.00011796571965635994
10.34,1,seg1,-0.6207581889290066,0.05924149203091326,0.0861881724340931,0.47106064357758787,0.03525052594547988,0.0003614505744218566
10.34,2,seg2,-0.5125963598119392,-0.03357436050881102,0.08627778224745723,0.18311029925777342,-0.05235375905685068,0.0004490937825128577
10.34,3,seg3,-0.3673716263803626,-0.005265801732534499,0.08615161398751298,-0.13610763745200097,-0.017309731268497684,0.000321161288343752
10.34,4,seg4,-0.29181501533839865,0.12030323457350785,0.0862284088378385,-0.3811067581156984,0.11143562757091145,0.00039617931691825203
10.34,5,seg5,-0.3225014816650373,0.25644898108341324,0.08672891077575041,-0.5194815050808065,0.24558028118061587,0.0008949384517841913
10.34,6,seg6,-0.4297308211750119,0.3360511174830604,0.087572649215736,-0.5840912556652332,0.31955252657929467,0.001736938996810461
10.36,0,head,-0.6524612454903597,0.17381048998765958,0.08719902859721708,0.6591577023426011,0.1481809090761585,-0.00016068962483187232
10.36,1,seg1,-0.6192867629676221,0.05636239429935358,0.0861360829135202,0.4694538646218928,0.032444717774009695,0.00030936105384896107
10.36,2,seg2,-0.5113775188721457,-0.035917526179431884,0.08624436343796592,0.18178132487233453,-0.05463626331297656,0.0004156749730215431
10.36,3,seg3,-0.3679982512864565,-0.006134320105302894,0.08617600876184538,-0.13552305658590996,-0.018207087467403966,0.0003455560626761528
10.36,4,seg4,-0.2967754682650873,0.12121844714334094,0.08629041864864498,-0.3761083696952028,0.11211372821318498,0.0004581891277247313
10.36,5,seg5,-0.33548805378120233,0.25628179273647717,0.08678490024371247,-0.5065176049403118,0.24479523315670307,0.0009509279197462417
10.36,6,seg6,-0.4489239905629099,0.3267976197184755,0.08761531564758279,-0.5653602211931428,0.30939608430893883,0.0017796054286572521
10.38,0,head,-0.6506782159267682,0.17139895897346233,0.08718459184761142,0.6572619250203385,0.14585696746733823,-0.0001751263744375342
10.38,1,seg1,-0.6177689125589475,0.053973980458840304,0.0862168281644026,0.4678240661553148,0.030131246897852647,0.00039010630473135244
10.38,2,seg2,-0.5101514112948856,-0.03751381728948107,0.08638322849535729,0.18048063688770902,-0.05617239347203222,0.0005545400304129144
10.38,3,seg3,-0.3687280764741672,-0.006244604120979996,0.08627457996575086,-0.1347993069427848,-0.018351979919742904,0.00044412726658163426
10.38,4,seg4,-0.30208609772460115,0.12223476991170237,0.0862795201792761,-0.37075538955563914,0.11287615909406343,0.0004472906583558589
10.38,5,seg5,-0.3487630295374471,0.255620014544577,0.08666190698883242,-0.4932891661756245,0.24350243018141118,0.0008279346648661923
10.38,6,seg6,-0.4675711924835703,0.3167385598565857,0.08747303748999423,-0.5472128733719434,0.2984609760887408,0.0016373272710686892
10.4,0,head,-0.6491841859703499,0.16893885455942229,0.08712071861134982,0.6556525081601549,0.1434707536025227,-0.00023899961069913378
10.4,1,seg1,-0.615899505035405,0.05144529043558543,0.08611622637348693,0.4658364329880437,0.027694389882174833,0.00028950451381568043
10.4,2,seg2,-0.5087387722259972,-0.03864344858293613,0.08627993098479476,0.1790158377656345,-0.05723351529815916,0.00045124251985038943
10.4,3,seg3,-0.3696605948144745,-0.005787478712606597,0.08622151746545016,-0.13384609001358103,-0.017939752337234546,0.000391064766280938
10.4,4,seg4,-0.30764522596775734,0.12353114697739324,0.08629290159398578,-0.365140864034051,0.1139065005347573,0.00046067207306553504
10.4,5,seg5,-0.3617129408622463,0.25443659446520983,0.08671478163388409,-0.48041024917438413,0.24170404666830173,0.0008808093099178654
10.4,6,seg6,-0.4854492051341994,0.30614733491829144,0.08753583130590364,-0.5298591697225961,0.2870309125876299,0.0017001210869781042
10.42,0,head,-0.648072770223565,0.1667815174858042,0.08703906609887381,0.6544396810855776,0.14136875486358585,-0.00032065212317514136
10.42,1,seg1,-0.614196736322539,0.04952938803982983,0.08616636922309887,0.46404441323069473,0.025861695562711628,0.0003396473634276198
10.42,2,seg2,-0.5068727265137289,-0.03916679414942277,0.08644376422260747,0.17712699974620927,-0.057667460131332865,0.0006150757576630916
10.42,3,seg3,-0.3706141230480259,-0.004890556007950178,0.0864003926840877,-0.13285095642960412,-0.01708922568846601,0.0005699399849184716
10.42,4,seg4,-0.3133762695741468,0.12490592966996152,0.08636235771036599,-0.35935088651531133,0.11500697706748207,0.0005301281894457416
10.42,5,seg5,-0.3746700407739908,0.25274720948151036,0.08664463365332604,-0.4675482313087406,0.2393999294511405,0.0008106613293598214
10.42,6,seg6,-0.5023152654457427,0.2947810996780404,0.087411460000885,-0.5135531555800091,0.27487487718482706,0.0015757497819594568
10.44,0,head,-0.6472351919521766,0.16487927310308104,0.08702776734064546,0.6535125214154451,0.13950852745857928,-0.0003319508814034894
10.44,1,seg1,-0.6123357079181782,0.04757496026214013,0.08608171332270058,0.4620924796311226,0.023998051314848362,0.0002549914630293332
10.44,2,seg2,-0.5054107578296189,-0.039320802950096954,0.08633167278848669,0.17565935814313394,-0.057751717289423826,0.0005029843235423159
10.44,3,seg3,-0.37184971841639564,-0.0036669257914956985,0.0863473906006363,-0.13155852685745736,-0.015925785693511864,0.0005169379014670766
10.44,4,seg4,-0.31901924306545537,0.12624307355559308,0.08641250277867002,-0.353650670601731,0.11607404882215942,0.0005802732577497721
10.44,5,seg5,-0.3868196761527999,0.2507634450475905,0.08677444387455514,-0.4555067729573301,0.23684019471463832,0.00094047155058892
10.44,6,seg6,-0.5180222594182405,0.28343554637794843,0.08756069725710239,-0.49840391014134855,0.2627946618744847,0.0017249870381768478
10.46,0,head,-0.6466056080525325,0.16350454152899785,0.08699629984727976,0.6528182255079636,0.1381653163879355,-0.00036341837476919214
10.46,1,seg1,-0.6102783818099473,0.04576032322298455,0.08612075494813555,0.45995112359173707,0.022283381488999787,0.0002940330884643044
10.46,2,seg2,-0.5039453159293109,-0.03915394426377696,0.08644126801441047,0.17420351779163873,-0.05751530524428239,0.0006125795494660996
10.46,3,seg3,-0.3732894962131538,-0.0023576797799160047,0.08643845993367306,-0.13005807164323646,-0.014686544242946117,0.0006080072345038406
10.46,4,seg4,-0.3246956267800046,0.1274479149302313,0.0864153588408417,-0.3479233787838932,0.11700737794025245,0.0005831293199214521
10.46,5,seg5,-0.3985751886360477,0.2484430415085865,0.08670518798699113,-0.44387501204144514,0.23396295918256746,0.0008712156630249074
10.46,6,seg6,-0.5322392756549857,0.27196321130738127,0.08750668962104789,-0.4847489878475698,0.2506587185748807,0.0016709794021223523
10.48,0,head,-0.6461972241665233,0.16242172634247598,0.08703850304234653,0.6523587716785353,0.13710316371287976,-0.0003212151797024193
10.48,1,seg1,-0.6081295240677468,0.04398943671751812,0.08609022626591814,0.4577204217830851,0.02061676874096909,0.000263504406246895
10.48,2,seg2,-0.5027932255840752,-0.03880352704435562,0.08638487627429005,0.17306940973979842,-0.0571104554970387,0.0005561878093456735
10.48,3,seg3,-0.3748087235673989,-0.0010669989334271442,0.08639154785221867,-0.12847914043898165,-0.013469628036548458,0.0005610951530494457
10.48,4,seg4,-0.3298561929668188,0.1283624261200043,0.0864238417864699,-0.34272513723378667,0.11767525432743227,0.000591612265549657
10.48,5,seg5,-0.4090663459099458,0.24610658220780549,0.08678539546072206,-0.43350693779423405,0.23112985851348708,0.0009514231367558357
10.48,6,seg6,-0.5449239868035514,0.2611270784431294,0.08763696963747723,-0.47259435661544547,0.23923118113395683,0.0018012594185516928
10.5,0,head,-0.6461207069762916,0.16165296126321754,0.08700011382670483,0.6522457545861506,0.1363389112910209,-0.00035960439534411803
10.5,1,seg1,-0.6070109689706534,0.04275982052167772,0.08597683990095666,0.45654461498128174,0.019441779439303464,0.00015011804128541029
10.5,2,seg2,-0.5017705064860977,-0.038887149308173954,0.0862079099149529,0.17204386979729303,-0.05714531037594769,0.00037922145000852947
10.5,3,seg3,-0.3747822586517847,0.0004908256448794973,0.086175890295845,-0.1284314363175689,-0.011912309146490644,0.0003454375966757822
10.5,4,seg4,-0.3331285470369451,0.1288709111028929,0.08627887019761478,-0.3394322915981737,0.11802742723517361,0.0004466406766945319
10.5,5,seg5,-0.41805238366120473,0.24393857015686463,0.08671027810919112,-0.42463426095967705,0.22853664496655687,0.0008763057852248929
10.5,6,seg6,-0.5556164638409182,0.2507576890144756,0.08761587543693461,-0.46240748909639956,0.22836467146196904,0.0017801652180090694
10.52,0,head,-0.6464177201516959,0.1612714265183121,0.08699613653470958,0.6525242734403416,0.13594367359572718,-0.0003635816873393677
10.52,1,seg1,-0.6068146235834609,0.04233269196031991,0.08590905288894507,0.4563281644302224,0.019024479214114397,8.233102927382441e-05
10.52,2,seg2,-0.5009259988261356,-0.038999984217417384,0.08609211195501607,0.17119494908854585,-0.05721782613051336,0.0002634234900716903
10.52,3,seg3,-0.37411192319761466,0.0016870271241307931,0.08607216406479282,-0.12904408330567146,-0.010685560896857658,0.00024171136562359252
10.52,4,seg4,-0.33470173713121065,0.1292924031499472,0.08626952565121679,-0.337840824709726,0.11837357136864263,0.00043729613029654113
10.52,5,seg5,-0.42412307183181913,0.24214521687752902,0.08674708860676297,-0.41865579975175243,0.22645641122241908,0.0009131162827967498
10.52,6,seg6,-0.5637570151821083,0.24169498890108487,0.08762255507040023,-0.4547074684832842,0.21892482019025655,0.001786844851474692
10.540000000000001,0,head,-0.6470358175063429,0.16141506530707989,0.08702423544380508,0.6531485063918301,0.13605773350847067,-0.0003354827782438702
10.540000000000001,1,seg1,-0.6068459688833625,0.04219078036947743,0.08593492322621211,0.4563527204413893,0.01888123665843805,0.00010820136654086931
10.540000000000001,2,seg2,-0.5004155430378663,-0.03906956934756665,0.08610191529445288,0.17068176005054958,-0.057263039108378,0.00027322682950850496
10.540000000000001,3,seg3,-0.3735565376712487,0.0022429984293457737,0.08604751008774623,-0.12957238006611443,-0.010103787996163504,0.0002170573885770105
10.540000000000001,4,seg4,-0.3354006308829654,0.13000625681540995,0.0862263801047567,-0.3371087495894848,0.11905335482697049,0.0003941505838364473
10.540000000000001,5,seg5,-0.4270511152625399,0.24075564752305942,0.08671212969487971,-0.4157972056719435,0.22492906672660934,0.0008781573709134849
10.540000000000001,6,seg6,-0.5682785497703308,0.23468727713308948,0.08758266406216322,-0.4505245641017061,0.21170986279694903,0.0017469538432376835
10.56,0,head,-0.6480739104153679,0.1619448407517673,0.08711169052347062,0.6542106357786597,0.13653750436532341,-0.00024802769857833196
10.56,1,seg1,-0.6068772192992988,0.04205127260626738,0.08597306497685223,0.45637729607762234,0.018740399722247413,0.00014634311718098036
10.56,2,seg2,-0.5000276680416448,-0.039037788746772474,0.08610418464249694,0.17029583704359122,-0.05721283500532303,0.00027549617755256994
10.56,3,seg3,-0.37309301397209066,0.002545837074061922,0.08603262255394571,-0.13002096602630003,-0.009779232760939545,0.00020216985477648775
10.56,4,seg4,-0.3355027715467614,0.1305948809734197,0.0862261519872659,-0.33697871121607015,0.11963645099059436,0.00039392246634564754
10.56,5,seg5,-0.42757372794745974,0.23945544822080791,0.08676664680866424,-0.41533706346833027,0.2236054688282961,0.0009326744846980123
10.56,6,seg6,-0.5687407970256142,0.22984257476349568,0.08765304158755502,-0.4502934067825832,0.206848651027372,0.0018173313686294795
10.58,0,head,-0.649460964471815,0.1627245904638159,0.08728836153627857,0.6556332275254495,0.1372503586917599,-7.135668577037957e-05
10.58,1,seg1,-0.6067533084869231,0.04196777475876584,0.08613549626440778,0.45624955189086913,0.01866289357597334,0.0003087744047365337
10.58,2,seg2,-0.4996988828744334,-0.038753592817798034,0.08625751847006502,0.16998094970852165,-0.056913313756624236,0.00042883000512064506
10.58,3,seg3,-0.372753321126584,0.0026613151179278836,0.08614149931676415,-0.1303547782000329,-0.009647719109339311,0.0003110466175949289
10.58,4,seg4,-0.33494418725929975,0.13083022956526785,0.08629040773714519,-0.3375254619961661,0.11989811671305316,0.00045817821622494426
10.58,5,seg5,-0.4258425204303754,0.23826440200526935,0.08686047126525402,-0.4171229928866683,0.2224981627878626,0.0010264989412877984
10.58,6,seg6,-0.5660564873507961,0.22700832068425367,0.0877991656700338,-0.4531095609457914,0.20414535852665702,0.0019634554511082647
10.6,0,head,-0.6513503141613759,0.16352226956270238,0.08732981630733218,0.657558399032423,0.13795721713771097,-2.9901914716773392e-05
10.6,1,seg1,-0.6069582880555169,0.042101923707094493,0.08614233182213767,0.4564606835305024,0.01878713525424686,0.0003156099624664205
10.6,2,seg2,-0.4993290787279137,-0.03841722948664957,0.08627400363597093,0.16962757259285816,-0.05655973206672604,0.0004453151710265557
10.6,3,seg3,-0.37217665417045526,0.002438423208917153,0.08619412156418582,-0.1309413994650868,-0.009842914070199443,0.00036366886501659756
10.6,4,seg4,-0.33329544047472387,0.13046255277351987,0.08636325140252334,-0.3391898388174601,0.11960932270465764,0.0005310218816030887
10.6,5,seg5,-0.42200818262980205,0.2372782623668889,0.0869519995252321,-0.42099991771462847,0.22169562205240967,0.0011180272012658726
10.6,6,seg6,-0.5614948469051302,0.22586823730181588,0.08786491020112568,-0.45772029070102177,0.20322366183226925,0.002029199982200136
10.620000000000001,0,head,-0.653255952797323,0.16433681373088474,0.08732318933270243,0.6595006436607949,0.13868014632920841,-3.652888934652099e-05
10.620000000000001,1,seg1,-0.6072153994039033,0.04244649601956982,0.08614792542531712,0.45673390222079313,0.01911908083904048,0.0003212035656458695
10.620000000000001,2,seg2,-0.4992280377365049,-0.03806347817217437,0.08630007105248406,0.16954348161181979,-0.05620157291028349,0.00047138258753968987
10.620000000000001,3,seg3,-0.37146651205988024,0.0017634124228237194,0.08619831491986825,-0.13168286161156512,-0.010483363337392294,0.0003678622206990251
10.620000000000001,4,seg4,-0.3305120783394373,0.12930127803376923,0.08631674392712635,-0.34202531377819323,0.11858182791460598,0.00048451440620610187
10.620000000000001,5,seg5,-0.41620878035231057,0.23654874393316805,0.08689133608431053,-0.42682746741833266,0.22124293190621647,0.001057363760344307
10.620000000000001,6,seg6,-0.5558606125536383,0.22639647103349514,0.08781071916833202,-0.46332300144887595,0.20401943810423867,0.0019750089494064843
10.64,0,head,-0.6551924739108296,0.1649122572670378,0.08734848875820912,0.6614623566400951,0.13916277607632693,-1.1229463839829146e-05
10.64,1,seg1,-0.6076026388350169,0.04293977057586046,0.08616333098696545,0.45714417849168804,0.019593367193915537,0.00033660912729420456
10.64,2,seg2,-0.499336830350028,-0.0376658540220508,0.0863379981114134,0.16967107444018745,-0.05580957690562616,0.0005093096464690305
10.64,3,seg3,-0.370952257094562,0.000771706061722735,0.0862637010051126,-0.13224373056008948,-0.011449471870925015,0.00043324830594337893
10.64,4,seg4,-0.32746156788728864,0.12748450098521763,0.08638750058663476,-0.34515883061783803,0.11691228753547518,0.0005552710657145132
10.64,5,seg5,-0.40954366268208015,0.23565850959866377,0.08695974943233041,-0.4335274002561299,0.22067090857411784,0.001125777108364187
10.64,6,seg6,-0.5492120843899758,0.22805247620842076,0.08784892563430875,-0.46988518448035177,0.20598997958782542,0.0020132154153832127
10.66,0,head,-0.6570553482884843,0.16536354673916268,0.08734139034384056,0.6633445976681314,0.1395248973910508,-1.8327878208393433e-05
10.66,1,seg1,-0.6081573620524168,0.04364507063860186,0.08619285483527055,0.4577318393611136,0.020271468018974264,0.0003661329755993009
10.66,2,seg2,-0.49965222602029946,-0.03735285171403811,0.08639622742480339,0.17000100894902076,-0.05551193938527781,0.000567538959859018
10.66,3,seg3,-0.3704262223691868,-0.0008062373688856195,0.08630236182067204,-0.13284426576248953,-0.013000592586138402,0.0004719091215028143
10.66,4,seg4,-0.3236887738762319,0.12491379958877406,0.0863649031591268,-0.34904969290138194,0.11452405157379807,0.0005326736382065544
10.66,5,seg5,-0.40181663028393216,0.23486520718926007,0.08689748662586254,-0.44128343142707066,0.22024624533863027,0.001063514301896315
10.66,6,seg6,-0.5419344273324208,0.23096432125235805,0.08778457231662744,-0.4770160163569908,0.2092448790559939,0.0019488620977018978
10.68,0,head,-0.6589973039063792,0.16539730425357127,0.0874277502871306,0.6652859593989401,0.13946619627199258,6.803206508164406e-05
10.68,1,seg1,-0.6088016709973577,0.04424449021243116,0.08616721126874778,0.45840394544689017,0.020839544819631007,0.0003404894090765359
10.68,2,seg2,-0.5002227805944027,-0.03713007569185977,0.08631082683980766,0.1705815192428499,-0.0553165692831325,0.00048213837486328626
10.68,3,seg3,-0.37016377050051724,-0.002704933700582616,0.08626276991539823,-0.1331967818561704,-0.014884647029901454,0.00043231721622900843
10.68,4,seg4,-0.3198908082093512,0.12193289079509428,0.08643235985140604,-0.3529852206618752,0.11172727098032036,0.0006001303304857958
10.68,5,seg5,-0.39356437308531655,0.2339121507128619,0.0870588920337382,-0.44957169517899986,0.21968700523792187,0.0012249197097719822
10.68,6,seg6,-0.5338145991240291,0.2347845031508984,0.08792570377500378,-0.4849448360890862,0.21344716623316892,0.0020899935560782373
10.700000000000001,0,head,-0.6609828926939354,0.16526392589786398,0.08736382382260739,0.6672629506284248,0.13923847210303358,4.105600558440559e-06
10.700000000000001,1,seg1,-0.6095918795347196,0.04503811991590859,0.08618273124834572,0.4592310285359687,0.021594668122453135,0.00035600938867447196
10.700000000000001,2,seg2,-0.5008062012442883,-0.036856036278027755,0.08641083513378696,0.17117732073021644,-0.05507060619105707,0.0005821466688425841
10.700000000000001,3,seg3,-0.36976675682055204,-0.004831412872658827,0.08640029383889639,-0.1336945477912441,-0.016989822225753376,0.0005698411397271619
10.700000000000001,4,seg4,-0.315424505488957,0.11844185309411873,0.08651975203647463,-0.3576126059225289,0.10845274660761925,0.0006875225155543868
10.700000000000001,5,seg5,-0.3842480567849675,0.2330822677987716,0.08705373658975929,-0.45891695033187474,0.21930143919005088,0.0012197642657930663
10.700000000000001,6,seg6,-0.5248472580618476,0.23982078568477458,0.08784852183724581,-0.493662332418305,0.218904510388192,0.0020128116183202732
10.72,0,head,-0.6626733336683,0.16518418058469223,0.08735006228547203,0.6689476809518902,0.13907836670133658,-9.655936576924429e-06
10.72,1,seg1,-0.6102770496554438,0.046187969779734904,0.08624168581244064,0.45997014524413904,0.022710606873165694,0.00041496395276939546
10.72,2,seg2,-0.5016697243316056,-0.03628245093822133,0.08649690509391678,0.17206716307675218,-0.054538767058791,0.0006682166289724012
10.72,3,seg3,-0.36958493456328606,-0.00708631298433882,0.08641873311360565,-0.13398347787176154,-0.019233514106441002,0.0005882804144364262
10.72,4,seg4,-0.3106203774154249,0.11412645273113761,0.08642408109721804,-0.36261666631358125,0.10437087124937118,0.0005918515762977916
10.72,5,seg5,-0.3740216828317423,0.23200729419178084,0.08687820269695677,-0.4691828961485067,0.21871437108043648,0.0010442303729905483
10.72,6,seg6,-0.5145003930558244,0.24598954667891262,0.08770004620576569,-0.503703893302432,0.22555870325076832,0.001864335986840146
10.74,0,head,-0.6645379616988921,0.16496235509952115,0.08743801245192104,0.6707996391640415,0.138768052314974,7.829422987208623e-05
10.74,1,seg1,-0.6112341034768933,0.04747678235346797,0.08624360276369726,0.4609874510078013,0.02395241154802665,0.0004168809040260152
10.74,2,seg2,-0.5026118952137629,-0.03567157560364249,0.08643623026849372,0.1730373387842977,-0.05397342314400715,0.0006075418035493413
10.74,3,seg3,-0.3696070949191863,-0.00947614506856382,0.08638876031564252,-0.13407507807557154,-0.021621692884258612,0.000558307616473297
10.74,4,seg4,-0.30592219355244377,0.10965263106693326,0.08648437790067601,-0.3675224420319783,0.10012571206599066,0.0006521483797557598
10.74,5,seg5,-0.3634632920360538,0.23069967557597754,0.0870133088180413,-0.4797915544963072,0.21791072272062825,0.0011793364940750756
10.74,6,seg6,-0.5025112264877606,0.25274122536756743,0.08784063001868679,-0.515358152968084,0.2328733127235239,0.002004919799761251
10.76,0,head,-0.6666896031453019,0.16478209645760777,0.08740470503362319,0.6729402637976668,0.13848559830229915,4.498681157423523e-05
10.76,1,seg1,-0.6124847996828119,0.04911613685633209,0.08621293406187823,0.4623147492064609,0.025530386097017608,0.00038621220220698416
10.76,2,seg2,-0.5036767955491057,-0.03480586041043114,0.08641547323352712,0.17414223306384052,-0.0531593689990658,0.000586784768582746
10.76,3,seg3,-0.36965474314874525,-0.011893912853744486,0.08641382666378268,-0.1341425487854123,-0.024038988712274053,0.0005833739646134567
10.76,4,seg4,-0.3007548350659383,0.10480234576855324,0.08654321311062424,-0.37291477717681354,0.09552684450026781,0.0007109835897039923
10.76,5,seg5,-0.3514458258120075,0.22908694240063382,0.08706410302989658,-0.49187215580410387,0.21687174496960862,0.0012301307059303518
10.76,6,seg6,-0.48892466448627947,0.26020358942556454,0.08784597139387293,-0.5285741755280924,0.24097382456069585,0.002010261174947389
10.78,0,head,-0.6689238449387483,0.16481664219861694,0.08742339035801627,0.6751736180236836,0.1384137742090275,6.367213596732146e-05
10.78,1,seg1,-0.6135950260735974,0.051018733174601386,0.08627169708811755,0.46351426480407476,0.0273779893336665,0.00044497522844630377
10.78,2,seg2,-0.5048308719765859,-0.0334817399636131,0.08647503788798559,0.17535801853577102,-0.051891673040141466,0.0006463494230412176
10.78,3,seg3,-0.3698117975551108,-0.01410203807548625,0.0864188705341905,-0.13409076010531987,-0.02625208631835658,0.0005884178350212821
10.78,4,seg4,-0.2953458291555995,0.09959571670653466,0.08646260377174962,-0.3785654448295699,0.09058353728718153,0.0006303742508293741
10.78,5,seg5,-0.33834705854419495,0.2270738299988301,0.08692198866561804,-0.5050518875268869,0.2154843022950157,0.0010880163416518152
10.78,6,seg6,-0.4732477772664444,0.26818299645194815,0.08772384472976753,-0.5438535479349877,0.24969027499746604,0.0018881345108419934
10.8,0,head,-0.6713621584179429,0.16511035433004692,0.08743990507563783,0.6776231467900471,0.13859111078470293,8.018685358887612e-05
10.8,1,seg1,-0.614933697151326,0.05347481718668545,0.08628238597731219,0.46496830748812307,0.029767581098298034,0.00045566411764094705
10.8,2,seg2,-0.5059939224065383,-0.031596977319970534,0.08645909298679942,0.1766094495874628,-0.05006439724042245,0.0006304045218550464
10.8,3,seg3,-0.37030589193483526,-0.015938840113180964,0.08639114150051058,-0.13368464156672455,-0.02811032169481206,0.000560688801341358
10.8,4,seg4,-0.2902196290166739,0.09442029173681196,0.08642037438538967,-0.3839321421153255,0.08565793968666313,0.0005881448644694254
10.8,5,seg5,-0.3248268281653921,0.22464150908080546,0.08687243595155864,-0.5186725555147778,0.2136981841332227,0.001038463627592412
10.8,6,seg6,-0.4553894027457106,0.27624850211432894,0.08769313281832061,-0.5613078382175872,0.25859654654081404,0.0018574225993950727
10.82,0,head,-0.6741016296181996,0.16570547059366322,0.0874597911457252,0.6803878362758342,0.1390551774508442,0.0001000729236762532
10.82,1,seg1,-0.6166079222910956,0.05671840046374174,0.08624377636067998,0.4667950022045072,0.03292781031573914,0.00041705450100873454
10.82,2,seg2,-0.5074105163704149,-0.028878693992997133,0.08636464372901884,0.17815380529416758,-0.04741661172131096,0.0005359552640744614
10.82,3,seg3,-0.370840532524902,-0.017011192481265168,0.0863256284867288,-0.1332016415328408,-0.02920690325999711,0.0004951757875595736
10.82,4,seg4,-0.2851343071787953,0.0891242688534637,0.08644573402195581,-0.38926374684304044,0.08060993536804006,0.0006135045010355611
10.82,5,seg5,-0.310705618783829,0.22175268336837264,0.08696986611473609,-0.532915247229841,0.21148467987914749,0.0011358937907698652
10.82,6,seg6,-0.43567627849677587,0.28409578322815354,0.08781515563970899,-0.5806251621994079,0.267373110940793,0.001979445420783446
10.84,0,head,-0.6772961651840648,0.16678694181048728,0.08753892842112021,0.6836302208001397,0.13998339082602554,0.00017921019907125857
10.84,1,seg1,-0.6182987029971717,0.060096552548745935,0.08629598282338095,0.4686446380455552,0.03622166795698075,0.0004692609637097084
10.84,2,seg2,-0.5089165249978845,-0.025753606368241144,0.0863893605526987,0.17980683473276884,-0.04436673822829915,0.0005606720877543298
10.84,3,seg3,-0.37159367636372015,-0.017656965849761536,0.08635627725782839,-0.13248008434810385,-0.029887788062652514,0.0005258245586591687
10.84,4,seg4,-0.2802093398482548,0.08434216019896855,0.08650014648407486,-0.3944107208666007,0.07606763146045444,0.0006679169631546161
10.84,5,seg5,-0.29616830930038396,0.21878018467850113,0.08704640751307811,-0.5475775496724757,0.20920740024402515,0.0012124351891118906
10.84,6,seg6,-0.4142500166360235,0.29186528383657523,0.08791416259493236,-0.6016573842982056,0.27615351358307866,0.0020784523760068174
10.86,0,head,-0.6810627818244674,0.16814275257705527,0.08774009467714439,0.687457094369367,0.14115840675534821,0.0003803764550954353
10.86,1,seg1,-0.6204300648825365,0.06441239911694399,0.08648798048401289,0.4709789820290228,0.04043118969384603,0.0006612586243416457
10.86,2,seg2,-0.5102276159672448,-0.02167409844364903,0.0865096322702541,0.1813105895731279,-0.04035424949725506,0.000680943805309725
10.86,3,seg3,-0.3722210439042281,-0.017489281606373627,0.0863863010956737,-0.13184544735812131,-0.0297501511225986,0.0005558483965044797
10.86,4,seg4,-0.27510915110253376,0.07981631612807531,0.08644117698649303,-0.3997205217699928,0.0717896407919359,0.0006089474655727872
10.86,5,seg5,-0.2808219889449632,0.2154658990538658,0.08694848129108555,-0.563064212404666,0.20662722291547048,0.0011145089671193292
10.86,6,seg6,-0.39126619974075655,0.29934740401611076,0.08786817272833641,-0.624259073382606,0.2847209876521572,0.0020324625094108734
10.88,0,head,-0.6849114419683544,0.17048186630747142,0.08733920497664796,0.6914127152401173,0.14331170689057787,-2.0513245400990976e-05
10.88,1,seg1,-0.6217577037091253,0.06879205606298253,0.08622694932574751,0.472513550487521,0.04474269980805737,0.0004002274660762639
10.88,2,seg2,-0.5116626215508263,-0.016792142387641554,0.08642690640641179,0.18297630824677902,-0.035546119168546046,0.000598217941467416
10.88,3,seg3,-0.3731292405551656,-0.016393112359014042,0.08639206468364716,-0.13088611156948532,-0.0286984463065015,0.0005616119844779333
10.88,4,seg4,-0.27050085822867714,0.07599989649148917,0.0863930838247059,-0.4045052216744297,0.06819686068786138,0.0005608543037856489
10.88,5,seg5,-0.26565504111880545,0.2121967848271181,0.08671924156574749,-0.578369556086898,0.20408362921112355,0.0008852692417812696
10.88,6,seg6,-0.36654652483991745,0.30635740939437783,0.08745981142131765,-0.6486171221533366,0.29289949378811375,0.0016241012023921059
10.9,0,head,-0.6900095883210393,0.1717763515851713,0.08784659973727403,0.696566691182789,0.14436209745943704,0.0004868815152250794
10.9,1,seg1,-0.6241165677637996,0.07278348077459026,0.08648262242920017,0.4750596991650724,0.04861734014855912,0.000655900569528925
10.9,2,seg2,-0.512428329748447,-0.012060607227238762,0.08642150088477064,0.1839663291830837,-0.030856386493467287,0.0005928124198262691
10.9,3,seg3,-0.37353980937613385,-0.014453816610891783,0.08630024323489995,-0.1303837141737113,-0.026780887542825427,0.0004697905357307214
10.9,4,seg4,-0.2667615918988712,0.07270088847343614,0.08642507384288105,-0.40839725539755184,0.06507954772872912,0.0005928443219608004
10.9,5,seg5,-0.25204277064569425,0.20845222548671732,0.08699980076301797,-0.5921446111381489,0.200991139857522,0.001165828439051747
10.9,6,seg6,-0.34186602191712145,0.31077783452224345,0.08800937810942339,-0.6730592850762656,0.29848948971035233,0.0021736678904978463
10.92,0,head,-0.6960454790242072,0.17294906610591587,0.08757444508081177,0.7026515536654603,0.1452462266868552,0.00021472685876282316
10.92,1,seg1,-0.6268503450367708,0.07637227548619749,0.08639551596676398,0.4779611745175089,0.052071964070037044,0.0005687941070927349
10.92,2,seg2,-0.513477251348055,-0.007409456844012776,0.08651929061613957,0.18523541698478832,-0.026260426032253977,0.0006906021511951937
10.92,3,seg3,-0.37423390697145925,-0.01255788412003329,0.0864674522790081,-0.1296001729916365,-0.02492013643166243,0.0006369995798388706
10.92,4,seg4,-0.26280914981481507,0.06970327969385891,0.08647347781206349,-0.4124878793117184,0.06227343782094459,0.0006412482911432454
10.92,5,seg5,-0.23783838430626994,0.2046399965430839,0.08677999561438901,-0.6065143316127726,0.19785923719972687,0.0009460232904227872
10.92,6,seg6,-0.31668621179116424,0.31515205714285055,0.08754425686170715,-0.698002388272976,0.3040570982057244,0.001708546642781611
10.94,0,head,-0.7013124184501766,0.17411653700610735,0.08751981075375892,0.7079680866280843,0.14616171370148714,0.0001600925317099683
10.94,1,seg1,-0.6295899640192525,0.08131719742440352,0.08631138950589202,0.4809330249505269,0.05688090055821574,0.0004846676462207794
10.94,2,seg2,-0.514428024616456,-0.001334612727252769,0.08639239987016907,0.18647422324329604,-0.02023771402646205,0.0005637114052246955
10.94,3,seg3,-0.3749823258659867,-0.009618295241685972,0.0863635828901698,-0.12871270299614546,-0.02201949673972033,0.0005331301910005692
10.94,4,seg4,-0.25892885831890167,0.0669101518759354,0.08641796231536664,-0.41649670285768264,0.059668143427525515,0.0005857327944463891
10.94,5,seg5,-0.22308584937885734,0.19955575178183002,0.08677286863544106,-0.6214921165721679,0.19348284721892275,0.0009388963114748405
10.94,6,seg6,-0.29082117164631305,0.3186936157415339,0.08753353956429029,-0.7236695726905586,0.30882559723566666,0.0016978293453647486
10.96,0,head,-0.7071574983051073,0.17483792059690278,0.08758001213753104,0.713840875002843,0.14660410436268712,0.00022029391548208932
10.96,1,seg1,-0.6323860385963604,0.08565828798214012,0.08636959052341185,0.483932529828159,0.061084003074174574,0.000542868663740606
10.96,2,seg2,-0.5163119428575643,0.0050888228294892965,0.08645840032959885,0.18866170707009186,-0.013911215247663528,0.000629711864654478
10.96,3,seg3,-0.3761155591768004,-0.005920638680685216,0.08641595205927714,-0.12740477712174533,-0.018379962197108964,0.0005854993601079189
10.96,4,seg4,-0.2554383316153772,0.06474611813203347,0.08644646441903062,-0.4200862637922902,0.05767268082243954,0.000614234898110369
10.96,5,seg5,-0.20842867227473422,0.1942991184744066,0.08676393730426124,-0.636382855971312,0.18892972581546827,0.0009299649802950172
10.96,6,seg6,-0.2629076344624383,0.32075991321266906,0.08747793487610091,-0.7514531427086166,0.3122179976125187,0.0016422246571753674
10.98,0,head,-0.7138968600969504,0.17490135938350646,0.08763490355892996,0.7205756194794366,0.14634673561776568,0.00027518533688100644
10.98,1,seg1,-0.6361062913886489,0.09032263176963706,0.08643390633022129,0.4878705497960547,0.06556600960448704,0.0006071844705500401
10.98,2,seg2,-0.5175754279542383,0.011960979008780277,0.08651396631745153,0.1902508160147429,-0.007106977016672448,0.0006852778525071601
10.98,3,seg3,-0.37702864168265826,-0.0012954652234497652,0.08649924079158337,-0.12627261077102167,-0.013803484454752175,0.0006687880924141493
10.98,4,seg4,-0.2527347408437517,0.0628526644882142,0.08657080822190168,-0.42287690319682575,0.05591004033871811,0.0007385787009814293
10.98,5,seg5,-0.1944810246286094,0.18874444806498875,0.08688378172876743,-0.6505790538915258,0.18404513752088272,0.0010498094048012052
10.98,6,seg6,-0.23357175164112332,0.3202065254859155,0.08758367050319753,-0.7807821211668602,0.3130613726067516,0.0017479602842719877
11.0,0,head,-0.7203375970590098,0.1756370214797724,0.08769650256502134,0.7270440695487833,0.14677504045091938,0.00033678434297239324
11.0,1,seg1,-0.6388935534276402,0.0948735542732652,0.08652590113740542,0.4908712383167881,0.06997912570413414,0.0006991792777341771
11.0,2,seg2,-0.5187810844810257,0.019200580023091742,0.08663181453525597,0.1917996491291227,6.704183546212531e-05,0.0008031260703115911
11.0,3,seg3,-0.3781805997860837,0.0038223265295354025,0.08658054402338324,-0.12487839510237594,-0.008746315032216475,0.0007500913242140111
11.0,4,seg4,-0.2500391683373347,0.06201305819907407,0.08652960590439623,-0.4256093793530132,0.055199671481565425,0.0006973763834759866
11.0,5,seg5,-0.18112999077229852,0.1827548198550882,0.08667295701550086,-0.6642000143022638,0.17869769059772658,0.0008389846915346361
11.0,6,seg6,-0.20416348039407697,0.3167318422184592,0.08723723807254678,-0.8103224345649329,0.3109902072832824,0.0014015278536212428
11.02,0,head,-0.7295755413228266,0.18269390935664656,0.08798683796573838,0.7366073933401095,0.15338428539888707,0.0006271197436894249
11.02,1,seg1,-0.6460214681506615,0.0954789901271694,0.08680218412818459,0.4980198898484038,0.07024464810570492,0.0009754622685133468
11.02,2,seg2,-0.5199655176093585,0.0191392068281918,0.08684503436234255,0.19297981932521419,-5.063064492888643e-05,0.0010163458973981715
11.02,3,seg3,-0.3794878918490888,0.007650442879436096,0.08678709367773976,-0.12339039894023232,-0.004984752225652442,0.0009566409785705388
11.02,4,seg4,-0.24970074447123888,0.06344355488720597,0.08663811417943537,-0.4258793404097431,0.05664465332080141,0.0008058846585151241
11.02,5,seg5,-0.16963346921739078,0.1781257515205511,0.08657521845498864,-0.6759038128365232,0.17462100304972744,0.0007412461310224161
11.02,6,seg6,-0.1722535047412654,0.31559936452124004,0.0868590775202583,-0.8422501488188238,0.3113776531571887,0.0010233673013327615
11.040000000000001,0,head,-0.7349485054374233,0.18989281312818515,0.0876096149945304,0.7423168751748778,0.16031932512946181,0.00024989677248145326
11.040000000000001,1,seg1,-0.652876488520788,0.09532726189213833,0.08632653999484528,0.5048599217497556,0.06976685179418782,0.0004998181351740377
11.040000000000001,2,seg2,-0.5228747808669437,0.01695217336594517,0.08627840625472065,0.19578170208030854,-0.002373641857237595,0.0004497177897762744
11.040000000000001,3,seg3,-0.38010574806988046,0.009901024005620747,0.08628597988388279,-0.12266613451832568,-0.002766125902394483,0.00045552718471356113
11.040000000000001,4,seg4,-0.2495703132197995,0.06609701308131433,0.08632534762550258,-0.4258833420832751,0.059301312253713746,0.0004931181045823296
11.040000000000001,5,seg5,-0.1607290141048661,0.17567495240162057,0.08646009485235863,-0.6849148151546738,0.17259675642786093,0.000626122528392406
11.040000000000001,6,seg6,-0.1425982197083173,0.31681790368540746,0.08677793037589597,-0.8718138390923896,0.3140061480474745,0.0009422201569704303
11.06,0,head,-0.7338857614922881,0.19660644759332718,0.08781704477699201,0.7415748466871974,0.1670759297610488,0.00045732655494305774
11.06,1,seg1,-0.6584743417311505,0.09652542054385714,0.08688450015191646,0.5105084540071856,0.07069724313810614,0.0010577782922452095
11.06,2,seg2,-0.5284669352859266,0.013957807556508436,0.08702779710216726,0.2012250139040752,-0.005630753158953842,0.0011991086372228899
11.06,3,seg3,-0.37807591613621633,0.009644428902012567,0.08683907019246699,-0.1247058781435078,-0.0029258277157627253,0.001008617493297767
11.06,4,seg4,-0.2470550307541282,0.0689778135211635,0.08660921538017027,-0.4282586731308051,0.06229855423094727,0.0007769858592500262
11.06,5,seg5,-0.15380425304051182,0.17583912912615232,0.08635400397408066,-0.6918239162851773,0.1730903061804639,0.0005200316501144386
11.06,6,seg6,-0.11857752353510863,0.3167867171021815,0.08609415996830067,-0.8958088013251221,0.31511817531018976,0.0002584497493751253
11.08,0,head,-0.7300102496680653,0.2020476006694889,0.08728050633462821,0.7379626783351139,0.17269535842345612,-7.92118874207437e-05
11.08,1,seg1,-0.6628287811517833,0.09911536019278017,0.08590876161745921,0.5149812182058893,0.07307701423506706,8.203975778796335e-05
11.08,2,seg2,-0.535123515436969,0.011388899788908006,0.08580481408281601,0.20775179348863,-0.008513546019167699,-2.387438212836379e-05
11.08,3,seg3,-0.3767994247962516,0.007796183556847965,0.08586174584370869,-0.12606888365460658,-0.004711228783732878,3.129314453946541e-05
11.08,4,seg4,-0.24553717148858262,0.06990471258002798,0.08640494022728826,-0.42973070006900366,0.06329664005303323,0.0005727107063680098
11.08,5,seg5,-0.15070176832622023,0.17948538900038297,0.08712641012632717,-0.694749354930574,0.17688008601621716,0.001292437802360949
11.08,6,seg6,-0.10651364929022133,0.31678854799860096,0.08798036885265016,-0.9078589187071416,0.3156941407707076,0.002144658633724622
11.1,0,head,-0.7228323415832923,0.20797410080800766,0.0879606454971122,0.7310749540544464,0.17895674984964355,0.000600927275063251
11.1,1,seg1,-0.6632773906445657,0.10329149789112305,0.08696657469783917,0.5156280676043089,0.07722706994653639,0.0011398528381679207
11.1,2,seg2,-0.538501795589323,0.01038136275367641,0.08692655236881394,0.21107829557326757,-0.009680718476296497,0.001097863903869567
11.1,3,seg3,-0.3767102555842105,0.00565228443304415,0.0864903072603692,-0.12625998298405589,-0.006848454941093104,0.0006598545611999768
11.1,4,seg4,-0.24171135826083964,0.07285248243154134,0.08625691346369707,-0.4334118897317675,0.06642314554893285,0.000424683942776824
11.1,5,seg5,-0.15053358768271247,0.18385891921961142,0.08624087436544178,-0.6947092025897724,0.18125666448539135,0.00040690204147555975
11.1,6,seg6,-0.10642100005566069,0.3186779135649395,0.08639294201519446,-0.9078615454113221,0.31758577477979766,0.0005572317962689172
11.120000000000001,0,head,-0.7114743998926389,0.21627564712756148,0.0875130989975586,0.7201249643843886,0.18778942990456948,0.00015338077550965112
11.120000000000001,1,seg1,-0.6607795569417285,0.1088583222172451,0.08623381404419511,0.5133979971796248,0.08290646183166013,0.0004070921845238662
11.120000000000001,2,seg2,-0.5419991258328019,0.009621291330216025,0.08607413452027074,0.21453549008625714,-0.010606371488293796,0.0002454460553263649
11.120000000000001,3,seg3,-0.3779789476380017,0.0018951714655035708,0.08593395146812013,-0.1251715347592519,-0.010661689505058858,0.00010349876895091037
11.120000000000001,4,seg4,-0.23887668992304628,0.07382541664317878,0.08620835818621855,-0.4361970427719873,0.06752988314522246,0.0003761286652983059
11.120000000000001,5,seg5,-0.15274931424501537,0.1852866147837829,0.08694885559094459,-0.6924280406675489,0.18257729278546814,0.001114883266978367
11.120000000000001,6,seg6,-0.11396779444940452,0.3203128742516687,0.08783149549761887,-0.9002454923208953,0.3188597203776298,0.0019957852786933322
11.14,0,head,-0.6987852753780462,0.22459861621494734,0.08771925906621127,0.7078463198098932,0.1967068613042956,0.0003595408441623149
11.14,1,seg1,-0.6560820555415441,0.11463398220046553,0.08663486870066879,0.5089806903096274,0.08889913800008448,0.0008081468409975451
11.14,2,seg2,-0.5438901753965178,0.010605362921695019,0.08656920468927252,0.21647123022050943,-0.00971341265280953,0.0007405162243281499
11.14,3,seg3,-0.37896365687345873,-4.525744101574881e-05,0.08620795139070182,-0.12428028903434318,-0.012646783376220208,0.00037749869153259896
11.14,4,seg4,-0.24059993849046188,0.07360781262431611,0.08614991519418844,-0.4344861029186785,0.06723051388805061,0.0003176856732681893
11.14,5,seg5,-0.15901327885547423,0.188529633673468,0.08655478024197959,-0.6860168340320981,0.1855185261379096,0.0007208079180133636
11.14,6,seg6,-0.1294314069782309,0.32392922064313234,0.08715905911806433,-0.8846272948264083,0.32173603410567936,0.0013233488991387932
11.16,0,head,-0.6855921362247638,0.23266414507780528,0.0876525361129889,0.6950519797618974,0.2053911309494308,0.0002928178909399476
11.16,1,seg1,-0.6507055522955015,0.12022216183860969,0.08662235188362861,0.5038762285276281,0.09473686090674602,0.0007956300239573694
11.16,2,seg2,-0.543954344034073,0.010877905607182775,0.08662023793655792,0.21654829683515064,-0.00944423266401736,0.0007915494716135424
11.16,3,seg3,-0.38001215065627836,-0.003051202079318226,0.08633292576569754,-0.12337604042026049,-0.015699221225689067,0.0005024730665283139
11.16,4,seg4,-0.2432725981186191,0.07229836488373317,0.08632466662624963,-0.43187879016322445,0.06579535429147185,0.0004924371053293825
11.16,5,seg5,-0.1670644835874055,0.19150572323556062,0.08673937347815551,-0.6778331159593104,0.18810807536806795,0.0009054011541892865
11.16,6,seg6,-0.14854486725005547,0.32945350813235685,0.08733915845865244,-0.8652725836935286,0.3263444256634903,0.0015034482397268956
11.18,0,head,-0.6723642900697713,0.2393912487102751,0.08758857546165566,0.6821592745114914,0.2127401437053268,0.00022885723960670845
11.18,1,seg1,-0.6446843958841131,0.12464077973215335,0.08642687520832935,0.4980721829666035,0.09943702725915748,0.0006001533486581084
11.18,2,seg2,-0.5433547692479788,0.010925913271493963,0.08630684744264322,0.21595168618665544,-0.009367744795611657,0.00047815897769884486
11.18,3,seg3,-0.3814487279938148,-0.005674125486548487,0.08605325800967914,-0.1220659194780322,-0.018387541289097305,0.00022280531050991592
11.18,4,seg4,-0.24736361801247098,0.07139978711552245,0.08618726575082901,-0.4278351704276457,0.0647030973576555,0.0003550362299087617
11.18,5,seg5,-0.17750597654355083,0.1943120627043277,0.08677697262706019,-0.6672698967722479,0.19041430969302467,0.000943000303093966
11.18,6,seg6,-0.17106922987387096,0.3343554662451027,0.08755128622895123,-0.8425404526700545,0.3301688634032124,0.001715576010025685
11.200000000000001,0,head,-0.6615034724893576,0.2438749278565952,0.0878058061929542,0.6715241480184723,0.21773562382891068,0.0004460879709052429
11.200000000000001,1,seg1,-0.6396586501409048,0.12707413876432544,0.08680472170215559,0.49316793891706523,0.10210681128679751,0.0009779998424843395
11.200000000000001,2,seg2,-0.5425722961367136,0.010279400433285022,0.08675923434616242,0.21513933125583137,-0.009976286072872159,0.0009305458812180478
11.200000000000001,3,seg3,-0.3824013511699651,-0.007526908436328387,0.08635897343003175,-0.12120255226171427,-0.020283561495838903,0.0005285207308625278
11.200000000000001,4,seg4,-0.25220370206270365,0.0712192258097919,0.08624603668169065,-0.42300916390258847,0.06429239428258043,0.00041380716077039914
11.200000000000001,5,seg5,-0.1897772502311654,0.19737213606234894,0.08656920775562793,-0.6548668946508502,0.19288690857542606,0.0007352354316617071
11.200000000000001,6,seg6,-0.19635705604280007,0.3370736582246572,0.08713737633649457,-0.817151917899709,0.331680492369551,0.0013016661175690308
11.22,0,head,-0.6530563523731432,0.24576468492555362,0.08770664627011596,0.6631765356210423,0.22002524984449628,0.00034692804806700506
11.22,1,seg1,-0.6358651702085981,0.12716050224180253,0.08656479745200356,0.4893828675832959,0.10237361391740048,0.0007380755923323129
11.22,2,seg2,-0.541860214496228,0.008136444778723247,0.08642808118106692,0.21432607022888084,-0.012082924556844052,0.0005993927161225404
11.22,3,seg3,-0.38385813944269476,-0.009784404053738175,0.08612967143326244,-0.11985485206622482,-0.022607829706898112,0.00029921873409322064
11.22,4,seg4,-0.25721052659857035,0.0716105660616269,0.0862171081482035,-0.41798938823308174,0.06444500932345178,0.0003848786272832583
11.22,5,seg5,-0.20253244675875867,0.20083297444376835,0.08675058446032377,-0.6419614450608672,0.1957367878049465,0.0009166121363575475
11.22,6,seg6,-0.22158658997065353,0.3376592804698581,0.08753435096627399,-0.7919231012934514,0.33106474225229693,0.0016986407473484483
11.24,0,head,-0.6469087737504343,0.24533340457810804,0.08755490472664519,0.6570153976625455,0.21988703004622517,0.00019518650459623976
11.24,1,seg1,-0.6332845511407704,0.12513856842914936,0.08646490310097762,0.48670894599093906,0.10047678645205778,0.0006381812413063792
11.24,2,seg2,-0.5421478871202113,0.005308129002401487,0.08642671297055288,0.21447881338601235,-0.014921726275367374,0.0005980245056085021
11.24,3,seg3,-0.3856369355963164,-0.011709412702283402,0.08619413342449998,-0.11816968534141399,-0.024615312499417046,0.0003636807253307589
11.24,4,seg4,-0.26305142126208764,0.07277260062045016,0.08629623778655222,-0.4120998091119079,0.06532775082464819,0.0004640082656319766
11.24,5,seg5,-0.2166020130923182,0.2046104580318277,0.08679399574398967,-0.6277280454059013,0.19884040075010215,0.0009600234200234509
11.24,6,seg6,-0.24742639094630142,0.33688712208099764,0.08755673203828813,-0.7661493278190405,0.3290637065573931,0.0017210218193625948
11.26,0,head,-0.6425909470880458,0.24279258008932803,0.08741552779054,0.6525815421948353,0.2175545760040593,5.580956849104979e-05
11.26,1,seg1,-0.6317869114891206,0.12139110929879185,0.0863599331667835,0.4850346565152277,0.09680484837914895,0.000533211307112258
11.26,2,seg2,-0.5429007208197341,0.0014711803574453276,0.08638420916103456,0.21504818829066336,-0.018790155633772523,0.0005555206960901893
11.26,3,seg3,-0.3874528802418629,-0.013860467624196475,0.08617053502169673,-0.11645817007623262,-0.026850353378093578,0.00034008232252751014
11.26,4,seg4,-0.26917187915662005,0.0740766860936752,0.08626422508744089,-0.4059242231347561,0.0663390774756235,0.0004319955665206404
11.26,5,seg5,-0.23128074220791695,0.2084855478764961,0.08672350812419781,-0.6128815280007303,0.2020125184446819,0.0008895358002315862
11.26,6,seg6,-0.2736844648412076,0.33594046154038826,0.08747634776327178,-0.7399660601770185,0.32686846024841093,0.001640637544346235
11.28,0,head,-0.6396027066285624,0.23919122758852465,0.08743635041921058,0.6494252943485885,0.2140995187815193,7.663219716162739e-05
11.28,1,seg1,-0.6310067638139017,0.11652404266057352,0.08634136310444801,0.484023762330396,0.09198042499359578,0.0005146412447767645
11.28,2,seg2,-0.5438807438033585,-0.003044943319286203,0.08634670744678706,0.21581217215922321,-0.02334780269780773,0.0005180189818426856
11.28,3,seg3,-0.38927324244488454,-0.01626088657609229,0.08611373964418825,-0.11475410984192831,-0.029334685966976835,0.00028328694501902896
11.28,4,seg4,-0.27497886896387397,0.07571872439353691,0.08621344335380722,-0.40004566640281314,0.06770289239909971,0.00038121383288697297
11.28,5,seg5,-0.24603398881266678,0.21224163690825743,0.08670304023180425,-0.5979662409581465,0.20506222377619648,0.0008690679078380281
11.28,6,seg6,-0.30033310880756703,0.33479609921944875,0.08750559838878415,-0.7134020739274982,0.3244571484018108,0.0016698881698586077
11.3,0,head,-0.6372836679249297,0.23454432858228444,0.08733602643662229,0.6468877309575307,0.20956825152840736,-2.3691785426660505e-05
11.3,1,seg1,-0.6302302336429707,0.11097047215084345,0.08634346443350703,0.482983809871933,0.08647010346059592,0.000516742573835785
11.3,2,seg2,-0.5444293645270302,-0.007702493100369693,0.08648582007960398,0.2161385119291685,-0.028026184577917935,0.0006571316146596062
11.3,3,seg3,-0.39121968143277275,-0.01845273411274089,0.08629709075077716,-0.11291418947674667,-0.03161668364592786,0.0004666380516079316
11.3,4,seg4,-0.28074237441146943,0.07805063045797221,0.08631516841666957,-0.3941777129866001,0.0697578628707897,0.00048293889574932414
11.3,5,seg5,-0.2611155453775192,0.2158611122863193,0.08669531552011096,-0.5827295176023596,0.2079598455227299,0.0008613431961447399
11.3,6,seg6,-0.3272446370739601,0.332896129393089,0.0873930562408465,-0.6866114616728719,0.3212785742068264,0.0015573460219209662
11.32,0,head,-0.6353497022191396,0.2291281740372912,0.08736285133064951,0.6446981942868499,0.2042502742274069,3.133108600561485e-06
11.32,1,seg1,-0.6292424042307221,0.10524486582205597,0.0862246713596018,0.4817246101728754,0.08079799707074121,0.00039794949993054995
11.32,2,seg2,-0.5448017753660378,-0.011862766131582284,0.08628801263913766,0.21631250757573894,-0.032199467103957345,0.00045932417419328186
11.32,3,seg3,-0.39359531568256795,-0.02010006740335867,0.08616957277989865,-0.11061964598209681,-0.033375210077234124,0.00033912008072942146
11.32,4,seg4,-0.28678347500573403,0.08089201448015246,0.08632779957007722,-0.3880082322020908,0.07230852286329367,0.0004955700491569709
11.32,5,seg5,-0.2761052423729647,0.21974223941115573,0.08687871565752185,-0.5675720973563629,0.21112319426047374,0.0010447433335556283
11.32,6,seg6,-0.3530744787191157,0.33033776385219976,0.08769248910519314,-0.6609326443391377,0.31749382931209014,0.0018567788862676043
11.34,0,head,-0.6335761524826429,0.22328942269021002,0.08725453843684153,0.6426487798435648,0.19850254455384267,-0.00010517978520742377
11.34,1,seg1,-0.6278858988157044,0.09959874567181283,0.08621210391036362,0.480100935080821,0.07522283259896734,0.0003853820506923705
11.34,2,seg2,-0.5447692936797165,-0.015427904625337588,0.08638428646990409,0.2161103927703543,-0.03575902004569502,0.0005555980049597176
11.34,3,seg3,-0.39598532379796825,-0.021025764016455447,0.08628017326525599,-0.10827640121082205,-0.03441360159895008,0.0004497205660867615
11.34,4,seg4,-0.2933814218006993,0.08397092687671277,0.08633993536441541,-0.3812712318789613,0.0750699409947217,0.0005077058434951598
11.34,5,seg5,-0.29174980950362167,0.22396143694882423,0.08677761335968681,-0.5517444597732378,0.2145930641540829,0.0009436410357205882
11.34,6,seg6,-0.3781278842375542,0.32674388579159447,0.08754422987305617,-0.6360786648308715,0.312711696930473,0.0017085196541306302
11.36,0,head,-0.6320866925534541,0.21734479342085442,0.08723206918787652,0.6408780944235234,0.19263553669856365,-0.00012764903417243623
11.36,1,seg1,-0.6267385038428845,0.09590427529259342,0.08622122823747642,0.47877901522601723,0.07158715460112541,0.00039450637780517883
11.36,2,seg2,-0.5439376151446852,-0.017872426305627895,0.08636354560511311,0.21516331841689598,-0.0381611910637587,0.0005348571401687374
11.36,3,seg3,-0.3981447344386681,-0.021336243933656397,0.08624421115925027,-0.10613421359880029,-0.03482649907836788,0.0004137584600810429
11.36,4,seg4,-0.3000514339038986,0.08701666632988758,0.08627325591375697,-0.37446382665245354,0.07779479408268777,0.00044102639283671863
11.36,5,seg5,-0.30754322347818536,0.22796844900409335,0.08670856415140021,-0.535778242210153,0.21784390516595928,0.0008745918274339903
11.36,6,seg6,-0.40231297028227364,0.32242078084487424,0.08754087293453626,-0.6121267258194504,0.30724248849640384,0.0017051627156107196
11.38,0,head,-0.6309750083166104,0.21204855726692345,0.08709623217955224,0.6395156145681529,0.18739820838306478,-0.0002634860424967078
11.38,1,seg1,-0.625278433888872,0.09206311425781233,0.08610995632955096,0.47713779347263197,0.06781983280416956,0.0002832344698797118
11.38,2,seg2,-0.5430650334632794,-0.019687645750061378,0.08631460616887722,0.2142053366380128,-0.03993282627831315,0.00048591770393284495
11.38,3,seg3,-0.4000084687457438,-0.020957359325257406,0.08630173660761493,-0.10425455946441636,-0.03453674150975349,0.00047128390844571044
11.38,4,seg4,-0.3065088980558927,0.08991098864290527,0.08639126971985689,-0.3678759346897483,0.08037851705726459,0.0005590401989366417
11.38,5,seg5,-0.3226768348398388,0.23116319121295342,0.0868152398146331,-0.5205097366867498,0.22031479765323014,0.0009812674906668761
11.38,6,seg6,-0.4256326334947723,0.31765287087984334,0.08760765211407416,-0.5890603979113271,0.30137016574048164,0.001771941895148621
11.4,0,head,-0.6301961838531542,0.20779401240743745,0.08707949116904842,0.6385351928634037,0.1831855497466333,-0.0002802270530005285
11.4,1,seg1,-0.6239612278041293,0.08901189616135569,0.0862160626860872,0.47567686819632776,0.0648347597600431,0.00038934082641595147
11.4,2,seg2,-0.5417334836151113,-0.02098149346211552,0.0864728223027916,0.2128137195645285,-0.04116183759671878,0.0006441338378472272
11.4,3,seg3,-0.40170800457970157,-0.020112964067040315,0.08639800919113887,-0.10251676344524895,-0.03377418633242008,0.0005675564919696424
11.4,4,seg4,-0.31304636860997803,0.09325080458681975,0.08633032732184455,-0.3611869253165836,0.08340342125180328,0.000498097800924302
11.4,5,seg5,-0.33786332420681514,0.2336963653670578,0.08664698183107769,-0.5052198980232614,0.2221223551786208,0.0008130095071114674
11.4,6,seg6,-0.44779278060503974,0.31143756907195297,0.08746256682329336,-0.5672211556441749,0.29410727419168453,0.0016268566043678157
11.42,0,head,-0.6296809246574204,0.2045913726828298,0.08704380318464845,0.637868099413032,0.1800110608786593,-0.0003159150374004993
11.42,1,seg1,-0.6223800986433958,0.08582178114957487,0.08612791033775523,0.4739457086002381,0.061723507654539336,0.00030118847808398297
11.42,2,seg2,-0.5405965640144933,-0.021744658942415153,0.08636743988257466,0.2116417681098349,-0.04187003073160883,0.0005387514176302816
11.42,3,seg3,-0.4030003180080677,-0.01856648581574022,0.08631966847373179,-0.10115231529178076,-0.032290963417537726,0.000489215774562568
11.42,4,seg4,-0.3190974505022083,0.09651136679905119,0.08631818921284937,-0.3549875252680274,0.08637230943436916,0.00048595969192911925
11.42,5,seg5,-0.3521069417463053,0.23555304144342812,0.08670393206477997,-0.4909040582964752,0.22329905376299414,0.0008699597408137472
11.42,6,seg6,-0.4685848547954143,0.3044001982345457,0.08756776247236187,-0.5467875595304977,0.28608835361271107,0.0017320522534363253
11.44,0,head,-0.6294151067665119,0.20258269918895463,0.08701474747393258,0.637506987144314,0.17801731408292404,-0.0003449707481163744
11.44,1,seg1,-0.62083724537293,0.08311633146942285,0.08618533976910586,0.4722758474241474,0.0590945500971742,0.00035861790943461647
11.44,2,seg2,-0.5388551190173485,-0.022393147808288605,0.08651869524237635,0.20987143387434218,-0.04243490698493146,0.0006900067774319729
11.44,3,seg3,-0.403902140938834,-0.017019269646235888,0.08647720096301238,-0.10017788004764938,-0.030788419431970526,0.0006467482638431582
11.44,4,seg4,-0.32475848692770254,0.09959922609819927,0.0863820514145963,-0.3491859478938208,0.08918725320467358,0.0005498218936760557
11.44,5,seg5,-0.36571527934336684,0.23671306557398264,0.08666840246332906,-0.4772559333083297,0.22381012364709424,0.0008344301393628378
11.44,6,seg6,-0.48768812579926607,0.2963602278627311,0.0875172337400761,-0.5280885681125019,0.2771483420617703,0.0016815235211505575
11.46,0,head,-0.6294386789604435,0.20143903824796316,0.08700727117863548,0.6374761042054394,0.17687382720483563,-0.000352447043413473
11.46,1,seg1,-0.6197377140165325,0.08112789328843006,0.08603494019081846,0.4710829294080018,0.05716069327465708,0.00020821833114721688
11.46,2,seg2,-0.5365169046303658,-0.02324425239006959,0.08625185722099885,0.20749536369078045,-0.04317376827829958,0.0004231687560544706
11.46,3,seg3,-0.4038896361373878,-0.015920694705381683,0.08625619630060599,-0.10013808796266152,-0.02969049417918575,0.0004257436014367677
11.46,4,seg4,-0.32914947009104795,0.10193954469468991,0.08631111409781576,-0.34468856117539964,0.09131594693015069,0.00047888457689551633
11.46,5,seg5,-0.37770198415587614,0.23726662428179124,0.08674271793843273,-0.4652564661494113,0.2237925910730327,0.0009087456144665079
11.46,6,seg6,-0.5047451806568174,0.28798484517497197,0.08764771764977049,-0.511449436988477,0.2679706805414792,0.0018120074308449474
11.48,0,head,-0.6296636568563101,0.20122765112930835,0.0869765109340051,0.6376907669675511,0.17665197259902943,-0.0003832072880438492
11.48,1,seg1,-0.6193789737768942,0.08009442119347672,0.08594718638417098,0.47067541127980517,0.05614546516936889,0.00012046452449973599
11.48,2,seg2,-0.5351919072463062,-0.023793958745230173,0.08612243250154715,0.20614570638410265,-0.04365979327664659,0.00029374403660277493
11.48,3,seg3,-0.4026529720225098,-0.014455431671316243,0.08612803432044581,-0.10130361688182599,-0.02816803687916112,0.0002975816212765908
11.48,4,seg4,-0.33171886859434996,0.10289362412195502,0.08627652511224253,-0.3420766681163137,0.09214666401165882,0.00044429559132228014
11.48,5,seg5,-0.38735809884958367,0.23705518751163737,0.08673705934445822,-0.45562135549240906,0.2231218458885353,0.0009030870204919939
11.48,6,seg6,-0.5190185651093331,0.2794859586960348,0.08763069683696251,-0.49759669977553195,0.2588021339394139,0.0017949866180369672
11.5,0,head,-0.63011347291283,0.20184463985386084,0.08697955482238844,0.6381694366876918,0.1772468548310146,-0.0003801633996605158
11.5,1,seg1,-0.6191738989034782,0.07953159265630808,0.08595900233075575,0.4704437829824751,0.05559303418016612,0.00013228047108450325
11.5,2,seg2,-0.5342253121824377,-0.023997280369039337,0.08614567942414546,0.20517053022099146,-0.04381688290393547,0.0003169909592010828
11.5,3,seg3,-0.4014927975378859,-0.013126304134293183,0.08612145392073463,-0.1023992217207026,-0.02678520106776323,0.000291001221565404
11.5,4,seg4,-0.3334315445236602,0.10318208511229568,0.08627742919252067,-0.34035220457992627,0.09235328950170477,0.0004451996716004214
11.5,5,seg5,-0.3943324320293172,0.23571136610491875,0.08670485445075232,-0.44871887935671473,0.2214476289176717,0.0008708821267860989
11.5,6,seg6,-0.5295533241098073,0.27089598256781267,0.08758098200188312,-0.48748268681475065,0.24972052731416033,0.0017452717829575803
11.52,0,head,-0.6307683222685747,0.20301018802324142,0.08704259001753727,0.6388790140920289,0.17837991710692344,-0.0003171282045116852
11.52,1,seg1,-0.6188835358248916,0.07893774118852007,0.08599216219616392,0.4701254866964809,0.05501367439771947,0.00016544033649266987
11.52,2,seg2,-0.533473688595201,-0.024115826501165713,0.08617140915838506,0.20441411653177563,-0.043899523892784086,0.00034272069344068457
11.52,3,seg3,-0.40062967310997943,-0.012192957274121858,0.0861166424786312,-0.10321694884968091,-0.025811834496594407,0.0002861897794619733
11.52,4,seg4,-0.33454179300665576,0.10373574205224148,0.08628048387000449,-0.339216864825774,0.09285348080876658,0.0004482543490842428
11.52,5,seg5,-0.39837967596330454,0.23355614835314678,0.08673515534246898,-0.44477879123132935,0.2191022392739492,0.0009011830185027547
11.52,6,seg6,-0.5358348979842276,0.2625194609317295,0.08761942147733653,-0.48160688104469435,0.24105454833851409,0.0017837112584109943
11.540000000000001,0,head,-0.6316079944018269,0.20448626732549535,0.0870764942482086,0.6397879834595466,0.17981436267464784,-0.0002832239738403547
11.540000000000001,1,seg1,-0.6187906152512257,0.07861876275704939,0.0859741992522243,0.47001749078284816,0.054699479624701,0.0001474773925530526
11.540000000000001,2,seg2,-0.5329249998944757,-0.024231493529285053,0.08613252565179894,0.20386054480157817,-0.04398894699489463,0.00030383718685456085
11.540000000000001,3,seg3,-0.39998149951109024,-0.011836986068629948,0.08606378118275111,-0.10384744682763009,-0.025425419158926307,0.00023332848358188774
11.540000000000001,4,seg4,-0.33486955277109925,0.10454609502418309,0.0862360980623136,-0.3388509106193581,0.0936473170142413,0.0004038685413933485
11.540000000000001,5,seg5,-0.3994514918167654,0.23122959697805995,0.08675312576370205,-0.4438189136980465,0.21672731492872224,0.0009191534397358231
11.540000000000001,6,seg6,-0.538014814361159,0.25543844040586916,0.08764608986630065,-0.47976643042356254,0.23387780613830375,0.0018103796473751127
11.56,0,head,-0.63262118818039,0.20601729263078591,0.08714125088428476,0.640872892809903,0.18129543384774713,-0.00021846733776419158
11.56,1,seg1,-0.6187879698148635,0.07848780089901809,0.08597269740144224,0.47000861568617364,0.05456879206120868,0.0001459755417709957
11.56,2,seg2,-0.5325534160959711,-0.0242128246270019,0.08610556088596043,0.20349027052851476,-0.04395261505419244,0.0002768724210160528
11.56,3,seg3,-0.39951516925755276,-0.01173350094214702,0.08603803301944067,-0.1043083236746534,-0.025299857984116606,0.00020758032027144713
11.56,4,seg4,-0.33464441757987606,0.10499459652267122,0.08623408702587967,-0.33905444589380473,0.0941060248085077,0.00040185750495942696
11.56,5,seg5,-0.39859851311326705,0.22895199287506063,0.08682432932818626,-0.44477932024365235,0.21449288605633993,0.0009903570042200383
11.56,6,seg6,-0.5369012121258728,0.2501009851148367,0.08772981869441938,-0.48113278778042057,0.22859939667185175,0.0018941084754938442
11.58,0,head,-0.6337685459894293,0.2074382098451851,0.087242107175963,0.642086573969821,0.18266013664106387,-0.00011761104608595807
11.58,1,seg1,-0.6187889221577766,0.07863391187395918,0.08606242154569574,0.47001652057551463,0.054714692152640264,0.0002356996860244931
11.58,2,seg2,-0.5321768131508675,-0.02399254050398149,0.08620395392979804,0.20312457794629485,-0.043714657477286804,0.0003752654648536691
11.58,3,seg3,-0.39920227286249976,-0.011934725959394616,0.0861288588132924,-0.10463044210271234,-0.025485963813951816,0.0002984061141231703
11.58,4,seg4,-0.3337568044318716,0.10473056627560441,0.08629626508562253,-0.33995361884469905,0.09388453648788368,0.00046403556470228646
11.58,5,seg5,-0.39618465166763694,0.22700134456733767,0.08690346244639953,-0.44728328059214845,0.21265932709308608,0.0010694901224333059
11.58,6,seg6,-0.5338841234313633,0.24682148429932418,0.08782360745267247,-0.4843025338017893,0.22546719936824972,0.001987897233746927
11.6,0,head,-0.6349601436240183,0.20864479944895611,0.08731553818248806,0.6433342446759956,0.1838086492459191,-4.418003956088712e-05
11.6,1,seg1,-0.6187684090616796,0.07902640502314666,0.08617356883304517,0.47001471002068446,0.05510771680983287,0.000346846973373921
11.6,2,seg2,-0.5320235047870687,-0.02361854817707045,0.08634385314139569,0.2029892421157607,-0.04333379276643998,0.0005151646764513101
11.6,3,seg3,-0.39888713529430303,-0.012513793074375662,0.08622434491697255,-0.10497278119801383,-0.02604937694333579,0.00039389221780332384
11.6,4,seg4,-0.33203038032095067,0.10327771526340113,0.0863118261498501,-0.34174722993325046,0.09251549465609986,0.00047959662892985144
11.6,5,seg5,-0.3925515991778027,0.2253416819304737,0.0868855099071928,-0.45099120208927845,0.21117444708720706,0.0010515375832265833
11.6,6,seg6,-0.5299886791818208,0.24544929877032912,0.08783628383057243,-0.4882588683018024,0.22428195831694842,0.0020005736116468914
11.620000000000001,0,head,-0.6363173457768031,0.20957527183174895,0.08729412052979213,0.6447341914472808,0.18467347615117394,-6.559769225682188e-05
11.620000000000001,1,seg1,-0.6189895653842546,0.07961582624419543,0.08614795866267728,0.47026366712807943,0.05568594501176717,0.0003212368030060392
11.620000000000001,2,seg2,-0.532086968750974,-0.023354689611464426,0.08634278346506827,0.20306519156582242,-0.043073253521040314,0.0005140950001238931
11.620000000000001,3,seg3,-0.3986753948399731,-0.013702511053658339,0.08625432010421633,-0.10524085447685814,-0.02722667094715919,0.0004238674050471014
11.620000000000001,4,seg4,-0.32972682340210435,0.10106492148714383,0.0863441794702979,-0.34415348661170164,0.09041483771801337,0.0005119499493776575
11.620000000000001,5,seg5,-0.3878450834872096,0.22389127810532153,0.08689417095952016,-0.45576141151312244,0.2099496763935112,0.0010601986355539411
11.620000000000001,6,seg6,-0.5254999370123292,0.24561770943354025,0.0878010186238894,-0.49273450932209384,0.2246638036663245,0.001965308404963867
11.64,0,head,-0.637617220757946,0.21030312247861044,0.08727042566740444,0.6460672329534154,0.1853386391939616,-8.929255464451558e-05
11.64,1,seg1,-0.6192418218994709,0.08034492627156652,0.08612423701681722,0.4705503366977392,0.05640221364657476,0.000297515157145975
11.64,2,seg2,-0.5324444863382214,-0.023072832063651787,0.086329812615805,0.20343571804008279,-0.04280873011128212,0.0005011241508606212
11.64,3,seg3,-0.3986467761720882,-0.015380858851169665,0.08624316051028873,-0.10534931563434351,-0.02890175498531283,0.00041270781111950317
11.64,4,seg4,-0.32695036204440264,0.09790369211139759,0.08631862713028847,-0.3470772492509855,0.08738932604800738,0.00048639760936822207
11.64,5,seg5,-0.38202095537682873,0.22237168820348116,0.08684398429272928,-0.46165125963813797,0.20870898675604257,0.001010011968763061
11.64,6,seg6,-0.5200617102803184,0.24714571891042383,0.08772858088800202,-0.49809385382391314,0.22644889454845765,0.0018928706690764796
11.66,0,head,-0.6390469071665701,0.210819152648253,0.08731770529273988,0.6475198579634612,0.18578604386868117,-4.201292930906819e-05
11.66,1,seg1,-0.6196007563823777,0.08115814825473969,0.08611953811128846,0.470947566838407,0.05719743196393938,0.0002928162516172145
11.66,2,seg2,-0.5328832934674453,-0.02274922064228086,0.08631511231183117,0.20388942907132387,-0.04250636882273632,0.0004864238468867965
11.66,3,seg3,-0.39872141178950304,-0.01717884878570519,0.086281453424358,-0.10536033344180469,-0.030701259608254622,0.0004510007251887771
11.66,4,seg4,-0.32410967357310555,0.09441705402498578,0.08642378339388262,-0.35008065288272827,0.08404183105014439,0.0005915538729623776
11.66,5,seg5,-0.3754940670777672,0.22050001899114735,0.08697030489153369,-0.4682598275919503,0.20715006209329231,0.001136332567567469
11.66,6,seg6,-0.513179781891649,0.2491858906696289,0.08780429952944037,-0.5048708895869036,0.22881427515531164,0.001968589310514829
11.68,0,head,-0.640466299514357,0.21134603906098007,0.08730955433790988,0.6489627172407839,0.1862447823938847,-5.0163884139073356e-05
11.68,1,seg1,-0.620022181102292,0.08226491049657621,0.08620656546814383,0.4714211863988443,0.05828288392808633,0.0003798436084725826
11.68,2,seg2,-0.5334027905926657,-0.022316441486292596,0.08645882606771654,0.20442893411280127,-0.04209880364860445,0.0006301376027721683
11.68,3,seg3,-0.39880646419715926,-0.019274213218590755,0.08638516550660214,-0.1053750987304843,-0.032798297520379646,0.0005547128074329111
11.68,4,seg4,-0.32074867817745223,0.09020563406681611,0.08641249638886497,-0.35363826725491215,0.07999513757379395,0.0005802668679447259
11.68,5,seg5,-0.3675180196875145,0.21813838929232182,0.08685957147847188,-0.4763392304809707,0.20517069963127138,0.0010255991545056603
11.68,6,seg6,-0.5046492235941753,0.2518968430591107,0.0876915902626342,-0.5132627637875209,0.23192813692437841,0.0018558800437086659
11.700000000000001,0,head,-0.6420129666661905,0.21174140570076952,0.08736721243379696,0.6505264478956285,0.1865660929870209,7.494211748004798e-06
11.700000000000001,1,seg1,-0.6204145606860809,0.08339430916071428,0.08620467392625113,0.4718668710335458,0.05939232896354942,0.00037795206657988134
11.700000000000001,2,seg2,-0.5341363896969574,-0.02167152219506325,0.08641313186385909,0.20519239457727692,-0.041489528130345434,0.0005844433989147108
11.700000000000001,3,seg3,-0.39919363782825856,-0.021355838951773797,0.08634053724706986,-0.10508743128916313,-0.03489599067163671,0.0005100845479006355
11.700000000000001,4,seg4,-0.3174655774690851,0.0856863819778897,0.08640904791133447,-0.3571327253646698,0.07563725365808424,0.0005768183904142216
11.700000000000001,5,seg5,-0.35858030977932487,0.21493835976435588,0.08691164052336003,-0.48541910683584105,0.2023996542049577,0.0010776681993938109
11.700000000000001,6,seg6,-0.4941548420124297,0.2546613250029491,0.08775385271154226,-0.523613688493178,0.23518892868800617,0.0019181424926167229
11.72,0,head,-0.6438128893308006,0.21220403383136402,0.0873108679512145,0.652346348164606,0.18694253607225858,-4.8850270834455145e-05
11.72,1,seg1,-0.6209640804838118,0.08468986059536926,0.08623059212788745,0.47247742526723907,0.06066025997730157,0.00040387026821619987
11.72,2,seg2,-0.5348039333058093,-0.02100546209054584,0.08650866190387395,0.2058908805154833,-0.040855992080356014,0.0006799734389295736
11.72,3,seg3,-0.3995548456049602,-0.023615253513747818,0.08644329941405261,-0.1048341614988883,-0.037170035445625055,0.0006128467148833888
11.72,4,seg4,-0.31388327516449965,0.08053927202593629,0.08644096754172527,-0.3609559266749031,0.07066646273517098,0.0006087380208050219
11.72,5,seg5,-0.34849681060193827,0.21090029555979597,0.08685725126814925,-0.49568335739335867,0.19884605340261144,0.001023278944183026
11.72,6,seg6,-0.48173955911730604,0.257516298716729,0.08766007716032066,-0.5358790312848999,0.23863152806283658,0.0018243669413951225
11.74,0,head,-0.6455503386132186,0.21264361301951218,0.08732481576981964,0.6541027489093779,0.1872989295276823,-3.4902452229312875e-05
11.74,1,seg1,-0.621479816836651,0.08632674623979635,0.08619351084493142,0.4730704789086673,0.06227074623211611,0.0003667889852601719
11.74,2,seg2,-0.5353356219276216,-0.020153115727587163,0.08644142846346231,0.20646253102908887,-0.040029915326485116,0.000612739998517936
11.74,3,seg3,-0.3998736331857418,-0.025912004130831084,0.08642071922657697,-0.10462504071272798,-0.03947935513234954,0.0005902665274077484
11.74,4,seg4,-0.31010229110302073,0.07502050215549175,0.0864927911279129,-0.3649952724282756,0.06533388856882005,0.0006605616069926545
11.74,5,seg5,-0.33759447466549986,0.20603176720178587,0.08696797080750397,-0.5068050398256095,0.1945018990421357,0.0011339984835377487
11.74,6,seg6,-0.46759528950501683,0.2600948114097699,0.08774924903310798,-0.5498845588235777,0.24188026457310052,0.001913538814182436
11.76,0,head,-0.647234507599165,0.21326044206464934,0.08737525426483465,0.6558143652987175,0.1878349076798445,1.5536042785702087e-05
11.76,1,seg1,-0.6218257841358972,0.088034358736217,0.08627592950031421,0.47349732185370924,0.06395995874401167,0.00044920764064296237
11.76,2,seg2,-0.536016019522757,-0.019121250315230265,0.08652480968512133,0.20719126557450848,-0.039031600206415586,0.000696121220176954
11.76,3,seg3,-0.4002922429913815,-0.028453654933225603,0.0864517570793479,-0.10432786595368501,-0.04203804818412913,0.0006213043801786694
11.76,4,seg4,-0.30587635880123704,0.06872867266530991,0.08644391451675218,-0.36951585323342423,0.05925030645501068,0.000611684995831932
11.76,5,seg5,-0.32580319200928176,0.20112075584480035,0.08686848085188964,-0.5188166835262148,0.19015761603770553,0.0010345085279234167
11.76,6,seg6,-0.451762548100444,0.2635945793571642,0.08767440030036842,-0.5655328011005337,0.2461295691846419,0.0018386900814428841
11.78,0,head,-0.6491893096321012,0.2139935340162783,0.08732767613874817,0.6578018411915696,0.18847413719453177,-3.2042083300778956e-05
11.78,1,seg1,-0.6222514401265187,0.0899503649912794,0.08626951001797357,0.4740136809441443,0.0658535363847514,0.0004427881583023291
11.78,2,seg2,-0.5365172578447529,-0.017894621726366775,0.08655405378169431,0.20775031290623994,-0.037830216158193423,0.0007253653167499374
11.78,3,seg3,-0.40093649688510985,-0.03096674866796796,0.08650055714320606,-0.10380394371594515,-0.044578955244195265,0.0006701044440368398
11.78,4,seg4,-0.3017611828156408,0.06205958763382898,0.08645657419202712,-0.3739437573403228,0.05278462522498247,0.0006243446711068773
11.78,5,seg5,-0.3136044942789986,0.19602480741188816,0.08680676048070458,-0.531244082067689,0.1856479949647468,0.0009727881567383606
11.78,6,seg6,-0.4342948796957105,0.26754696107142406,0.08757186255676366,-0.582792577299407,0.2509087831620185,0.0017361523378381233
11.8,0,head,-0.6514438096764213,0.21444008413950533,0.08745231547325559,0.6600750385780536,0.1888128865176659,9.259725120663864e-05
11.8,1,seg1,-0.6227332486341406,0.0920453998967938,0.08618214372359599,0.47459464914818655,0.06792326743955653,0.00035542186392474584
11.8,2,seg2,-0.5368413410144364,-0.016311106435627828,0.08631887038165312,0.20814939055941356,-0.03626391873956224,0.0004901819167087429
11.8,3,seg3,-0.40122995948147505,-0.032912636030765025,0.0863452775185067,-0.10360342114541408,-0.04653660399278076,0.0005148248193374699
11.8,4,seg4,-0.2976804736965067,0.055540300669390905,0.08655458245719408,-0.3783301045361932,0.04646693199757356,0.0007223529362738318
11.8,5,seg5,-0.3010673086561141,0.19024924295127027,0.08714196550807592,-0.544041928833632,0.1804756370574926,0.0013079931841096931
11.8,6,seg6,-0.41549530042318733,0.2706591537725948,0.08795876134671891,-0.6014227409306766,0.25491214765501874,0.002123051127793374
11.82,0,head,-0.653931455116934,0.21510743022071716,0.08749425159068847,0.662591625169025,0.18936108589680903,0.00013453336863951393
11.82,1,seg1,-0.6231894706019039,0.09443913283669297,0.08623086627815327,0.4751642752617945,0.07029257576945351,0.000404144418482022
11.82,2,seg2,-0.5369921434018674,-0.014328874252471435,0.08633080665987035,0.20839435927123232,-0.03429110954498073,0.000502118194925974
11.82,3,seg3,-0.40126349464209105,-0.034631801457161174,0.08628377859610323,-0.1036517414697008,-0.048255417396431396,0.0004533258969340037
11.82,4,seg4,-0.29306155267012124,0.04882725351876245,0.08641389114820004,-0.3832632751027295,0.03998131239307404,0.0005816616272797948
11.82,5,seg5,-0.2871587048055443,0.18376021126465553,0.08696299332095483,-0.5582435947585929,0.17465588807338983,0.0011290209969886111
11.82,6,seg6,-0.39483941809302636,0.2735797989493493,0.08781711960450714,-0.6219162202336376,0.2588125257258384,0.001981409385581598
11.84,0,head,-0.656683954749962,0.21582152073913738,0.0875261557313686,0.6653749904759972,0.18994337196520597,0.0001664375093196474
11.84,1,seg1,-0.6236824553535655,0.09725039136940955,0.08622741813133787,0.4757904931295302,0.07307718699640542,0.0004006962716666257
11.84,2,seg2,-0.5370084645566832,-0.011645933181304573,0.08631457466273505,0.20853834684828657,-0.03161198529457825,0.00048588619779067754
11.84,3,seg3,-0.4017904918087651,-0.0355212235057842,0.08634211255970356,-0.10316767028873682,-0.04916891216159203,0.0005116598605343359
11.84,4,seg4,-0.28927473582469665,0.04277439000144914,0.08656923033418844,-0.3873338652940877,0.03411552735840851,0.0007370008132681904
11.84,5,seg5,-0.27394557722416435,0.177257381503677,0.08717869246201515,-0.5717512291369363,0.1687892579618775,0.001344720138048927
11.84,6,seg6,-0.37228158678325846,0.27552767971026965,0.08803789714909106,-0.6443557886121813,0.26183175804295394,0.002202186930165523
11.86,0,head,-0.6596388359989819,0.21680525097515949,0.08763696716788948,0.66837334060888,0.19078536059505477,0.00027724894584052473
11.86,1,seg1,-0.6243961468246007,0.10111698109910208,0.08634387572879744,0.47668739231794033,0.07690542987002387,0.000517153869126194
11.86,2,seg2,-0.5369969578077723,-0.008025555209803085,0.08637411155358961,0.20869915198625225,-0.027995161996518154,0.0005454230886452333
11.86,3,seg3,-0.4019521582907623,-0.03567284310120932,0.0863263289010309,-0.10301340278155662,-0.04932805388881363,0.0004958762018616725
11.86,4,seg4,-0.28514087188230336,0.03672986767299144,0.08648218309320634,-0.39175071237013775,0.02827459051755474,0.0006499535722860883
11.86,5,seg5,-0.2597371065489324,0.17007007972844315,0.08705972787943858,-0.5862856537532803,0.16228630118910692,0.0012257555554723576
11.86,6,seg6,-0.34823361150315346,0.2768977857495961,0.08796943251092983,-0.6683113095667964,0.2643447883567972,0.0021337222920042864
11.88,0,head,-0.6623143601058392,0.21878795351766275,0.08732489357109291,0.6711401926311845,0.1926384845802223,-3.4824650956041814e-05
11.88,1,seg1,-0.624506525397192,0.1055758019370087,0.08619263568005278,0.47700984733564966,0.08135394529152994,0.00036591382038153597
11.88,2,seg2,-0.5368934312639393,-0.003283835406332758,0.08637120555186896,0.20882140782334394,-0.023253888122319682,0.0005425170869245849
11.88,3,seg3,-0.40213056610990033,-0.03482348932246293,0.08635888513487165,-0.1027947751849613,-0.04848815320099012,0.0005284324357024278
11.88,4,seg4,-0.2810782822606821,0.03134644194559964,0.08640979546554514,-0.3960649033758837,0.023090609136357205,0.0005775659446248943
11.88,5,seg5,-0.24518840096778968,0.16283563386800695,0.08678419866619236,-0.6011621714039904,0.1557524460054556,0.0009502263422261348
11.88,6,seg6,-0.32224032284240517,0.2776693154144531,0.08754016613535433,-0.6942384267293316,0.2663525007335982,0.0017044559164287876
11.9,0,head,-0.6659174984476601,0.2206984942922781,0.08773443689172049,0.6748301735176666,0.1943753821068061,0.00037471866967153655
11.9,1,seg1,-0.6254240080783426,0.1102130793705259,0.08644576432648539,0.47814698492092295,0.08594230388450813,0.0006190424668141431
11.9,2,seg2,-0.5365398872007301,0.0015760818297022756,0.08643923498895742,0.20869955462010054,-0.01838265206331822,0.0006105465240130448
11.9,3,seg3,-0.40185094106853686,-0.033159251248175516,0.086352984166081,-0.10299487996334418,-0.046812493149156684,0.0005225314669117798
11.9,4,seg4,-0.2773368030960086,0.026907193286025886,0.08647182055395426,-0.40001341307250565,0.018834452868586996,0.0006395910330340149
11.9,5,seg5,-0.23146863595815945,0.15553801732389955,0.08700763675217728,-0.6152136941473365,0.14911604127710076,0.0011736644282110548
11.9,6,seg6,-0.2958546546229767,0.27646656654402285,0.08794859461249883,-0.7206514375155769,0.26640684554657507,0.0021128843935732944
11.92,0,head,-0.6697920264163802,0.22360024941932463,0.08739745446413304,0.6788384097926495,0.19708945501669684,3.7736242084085436e-05
11.92,1,seg1,-0.62594752071208,0.11521480190660573,0.08628210179113024,0.4789079433230819,0.09091344420799478,0.000455379931458999
11.92,2,seg2,-0.535531877998256,0.007027992667756045,0.08644369374389571,0.20795215166333217,-0.012888946286859803,0.000615005278951336
11.92,3,seg3,-0.40164592261055215,-0.030971084783909256,0.08643451507959646,-0.10309552821155213,-0.04461704900876839,0.0006040623804272338
11.92,4,seg4,-0.2736205254829194,0.022627775743544406,0.0864578928261478,-0.40392914318745565,0.014736747234197083,0.0006256633052275501
11.92,5,seg5,-0.21739968094733703,0.14778748758234528,0.08675936018694463,-0.6296355659924578,0.14204385499319544,0.0009253878629784107
11.92,6,seg6,-0.26850175708889573,0.27445224336229984,0.08747941506507048,-0.7480692055926877,0.2656965674484133,0.0016437048461449416
11.94,0,head,-0.6745821456990614,0.22632537855781626,0.08759720930918041,0.6837527940358432,0.19958352780467273,0.00023749108713146116
11.94,1,seg1,-0.6271298371377995,0.12026025736863236,0.08632270858782728,0.48032904032942153,0.09589691450973677,0.0004959867281560393
11.94,2,seg2,-0.5350725199645098,0.01316109404897554,0.08634425131589608,0.20778519700189402,-0.006740932908835117,0.0005155628509517091
11.94,3,seg3,-0.4011248519885058,-0.027831222255282242,0.08631984724512712,-0.10346657795509356,-0.04145594581849257,0.0004893945459578941
11.94,4,seg4,-0.27011160947689117,0.01908064468374471,0.08647169236440447,-0.4076028961220523,0.011360629690748076,0.0006394628434842203
11.94,5,seg5,-0.20384799798890774,0.13940480749265027,0.08697484246043513,-0.6435708368313916,0.1343156169586026,0.0011408701364689078
11.94,6,seg6,-0.24118465784239188,0.27073340105495963,0.08786067295903066,-0.7755323363935742,0.263281997946097,0.0020249627401051212
11.96,0,head,-0.6798067317859642,0.22917607469645174,0.08763167442750679,0.6891071286925087,0.20218234842871993,0.00027195620545783505
11.96,1,seg1,-0.628319823876285,0.12550044444464914,0.08643372540240797,0.481767066506916,0.10107453073172723,0.0006070035427367254
11.96,2,seg2,-0.53406294084178,0.01958274516203066,0.08652124926636573,0.20708237719901187,-0.00027851096754942674,0.0006925608014213547
11.96,3,seg3,-0.4007246816530731,-0.024184740325463007,0.08651056427688235,-0.10369275368017555,-0.03779455109746439,0.0006801115777131245
11.96,4,seg4,-0.2668893061934922,0.015760361839939528,0.08657915244026003,-0.4109795650748074,0.008197463018624262,0.0007469229193397819
11.96,5,seg5,-0.190383052655199,0.13054356028436445,0.08692295440766946,-0.6574422440072426,0.12610522611101993,0.001088982083703241
11.96,6,seg6,-0.21280891338680696,0.265391914637135,0.08766157797162426,-0.8041301367407556,0.2592970053770177,0.0018258677526987177
11.98,0,head,-0.6845841819424545,0.2322874306489018,0.08764347012068549,0.6940272392390242,0.20506281333363,0.00028375189863653894
11.98,1,seg1,-0.6291697347499825,0.131114265827938,0.08643232570761883,0.482883183942841,0.10664154257704575,0.0006056038479475834
11.98,2,seg2,-0.5328167562357168,0.026525495881815117,0.08650030707181725,0.20616801987215844,0.006715680501651683,0.0006716186068728702
11.98,3,seg3,-0.39992264646173126,-0.01988110056652746,0.0864704114575134,-0.10428906384333353,-0.033457617870865375,0.0006399587583441751
11.98,4,seg4,-0.26380862945110634,0.012939916947295732,0.08650612632329807,-0.41419097997857013,0.005526827719949186,0.0006738968023778241
11.98,5,seg5,-0.17737320646109284,0.121490625690759,0.0867890056552136,-0.6708681903926806,0.11768170627728855,0.0009550333312473708
11.98,6,seg6,-0.18414197344329625,0.25774390047620516,0.08748903966752136,-0.8331285734980757,0.25302195702067615,0.0016533294485958222
12.0,0,head,-0.6888201547282936,0.2356633529535772,0.08742040643040337,0.6984190770522498,0.20823331447228136,6.068820835442024e-05
12.0,1,seg1,-0.629472834838139,0.13759562657225216,0.08626384962299476,0.48349439760230484,0.11310113425329324,0.000437127763323511
12.0,2,seg2,-0.531255297816541,0.03476145661410966,0.08640329514775012,0.20500029164514144,0.015016620952340135,0.0005746066828057478
12.0,3,seg3,-0.3987648965676787,-0.014541938485395367,0.08643114216962944,-0.10519140368956403,-0.028069406725471313,0.0006006894704602139
12.0,4,seg4,-0.2602905181618324,0.010817772173782148,0.08648094900868011,-0.41780610068782986,0.0035745194093283147,0.0006487194877598662
12.0,5,seg5,-0.16462230955451193,0.11113247866505413,0.08672779193039001,-0.6840975977934385,0.10794212920547826,0.0008938196064237902
12.0,6,seg6,-0.15542859754718177,0.247648811720957,0.0873245891083136,-0.8622898532914406,0.24430481683283864,0.0014888788893880622
12.02,0,head,-0.6906259408842582,0.24619481618968003,0.0894619216061103,0.7007240241060482,0.21866690448787945,0.002102203384061349
12.02,1,seg1,-0.6312525504567132,0.14044491120244304,0.08791304941311795,0.4854076980411251,0.11586249116926783,0.002086327553446704
12.02,2,seg2,-0.5295233412741964,0.03554512805288634,0.08756607913071099,0.20330759362381476,0.015881830636028924,0.0017373906657666138
12.02,3,seg3,-0.39662792256919116,-0.010983675780305006,0.08718676530503669,-0.1071566135598041,-0.02441347435275881,0.0013563126058674657
12.02,4,seg4,-0.2579584451842295,0.010695690929262182,0.08689078564015569,-0.4201413411812296,0.0035635631094731376,0.0010585561192354431
12.02,5,seg5,-0.15265740311857018,0.10275163633286279,0.0868888585924771,-0.6964478026449118,0.10014020993323419,0.0010548862685108712
12.02,6,seg6,-0.12287011690876512,0.2383064005718702,0.08744157098412615,-0.8952560599110511,0.23652249529225952,0.0016058607652006118
12.040000000000001,0,head,-0.6899919849675399,0.2574470560303202,0.08723582624698997,0.7006262963558066,0.22993656512261437,-0.00012389197505897898
12.040000000000001,1,seg1,-0.6351952927660882,0.14375272740372866,0.08600424769035495,0.4895033963763721,0.11897891862467468,0.0001775258306837002
12.040000000000001,2,seg2,-0.5310825796365682,0.03482165604590397,0.08608900614463197,0.20483063414942443,0.015084972071020627,0.0002603176796875939
12.040000000000001,3,seg3,-0.39553902342688857,-0.00876866671459755,0.08622815063786997,-0.1081388634790623,-0.02214915290932517,0.00039769793870074455
12.040000000000001,4,seg4,-0.25569441444584184,0.012363324751843237,0.08639112677696524,-0.42232344149312384,0.005337055702843178,0.0005588972560449934
12.040000000000001,5,seg5,-0.14230528995829572,0.09699556414259378,0.0865933146043606,-0.7070621252169974,0.09488333155651003,0.0007593422803943706
12.040000000000001,6,seg6,-0.09059925262006444,0.23049624994691295,0.08691530359450184,-0.9278620536624322,0.2302570099880585,0.001079593375576296
12.06,0,head,-0.6874812141340212,0.26324743697502484,0.08763149132662248,0.6983944187456239,0.2358498646765188,0.0002717731045735333
12.06,1,seg1,-0.638953146505464,0.146480146632457,0.08638546435633626,0.49338679373795274,0.12152440586810782,0.0005587424966650156
12.06,2,seg2,-0.5339109195434655,0.03417189969685879,0.08632093983439888,0.20762484641581014,0.014301347319304552,0.0004922513694545078
12.06,3,seg3,-0.3927365924052927,-0.007562261724681498,0.08625034684713236,-0.1108807045308969,-0.020810743302365844,0.00041989414796313185
12.06,4,seg4,-0.2522325686465876,0.01634075417166658,0.08629138110768263,-0.42559207320530656,0.009474732328185216,0.00045915158676237966
12.06,5,seg5,-0.13554908849076733,0.09607215617125169,0.08642589482626796,-0.7138546174236431,0.09428250698227193,0.0005919225023017366
12.06,6,seg6,-0.06684089031992217,0.22301551439738138,0.0866510645271955,-0.9519495137246263,0.22391544462615545,0.0008153543082699555
12.08,0,head,-0.6803076783509275,0.2668306723406372,0.08733407188530544,0.6913995425662341,0.2397704384285677,-2.5646336743512244e-05
12.08,1,seg1,-0.6410237542010614,0.1506240876229456,0.08614294789272511,0.49565227114624855,0.12556510819244657,0.000316226033053868
12.08,2,seg2,-0.5394212222332191,0.033888580728598565,0.08608947766752123,0.2131154217664008,0.0137561063757817,0.00026078920257685545
12.08,3,seg3,-0.389987418985671,-0.009025619978180846,0.08598452274766451,-0.11369640609231857,-0.02214160640031529,0.00015407004849528338
12.08,4,seg4,-0.24943141939158522,0.017770977863998595,0.0862121738493022,-0.428321982098019,0.01103664602471651,0.0003799443283819537
12.08,5,seg5,-0.13181881231551162,0.09945832768583784,0.08653710734442603,-0.7174195141401893,0.09784237064094539,0.000703135020459808
12.08,6,seg6,-0.056377520948246246,0.21954826699329516,0.08700691503862443,-0.9625660380712738,0.22095009237814878,0.0011712048196988872
12.1,0,head,-0.6728101443486366,0.2708222503631189,0.08806458439666878,0.6841004688919576,0.24411431166744785,0.0007048661746198309
12.1,1,seg1,-0.6417305451560938,0.15536375509582892,0.08697785890850909,0.49658382862795386,0.13026576791911235,0.001151137048837847
12.1,2,seg2,-0.5445042104974718,0.03399260715538731,0.08685017674844397,0.2181976011956554,0.013618108412208266,0.0010214882834995997
12.1,3,seg3,-0.38962168346998793,-0.011323751741691047,0.08643474750453593,-0.1141710984915644,-0.02441972825745615,0.0006042948053667091
12.1,4,seg4,-0.24578627903404343,0.018721940624717465,0.08637069728311918,-0.4319177344539895,0.012160008562546324,0.0005384677621989298
12.1,5,seg5,-0.13161839976884326,0.10221508690293848,0.08653270754924154,-0.7174885015721784,0.10060554405282746,0.0006987352252753182
12.1,6,seg6,-0.0555599350987444,0.22179763823189794,0.0868419566152876,-0.9632756467824012,0.22323582487941085,0.0010062463963620566
12.120000000000001,0,head,-0.6619467995514499,0.2764737583881481,0.0876082553236939,0.673518396654582,0.25027641766196373,0.00024853710164494947
12.120000000000001,1,seg1,-0.6397409761464542,0.15984616799499268,0.0864577401140777,0.49480983831967684,0.1348377881102492,0.0006310182544064513
12.120000000000001,2,seg2,-0.5493106829323482,0.03348290008689459,0.08627631489347373,0.2229743696841528,0.012880232157323363,0.0004476264285293574
12.120000000000001,3,seg3,-0.39226497427964674,-0.015417426157529673,0.08585323469733,-0.11172562651585642,-0.028634561983984102,2.278199816077575e-05
12.120000000000001,4,seg4,-0.2437715453836859,0.018229417015400685,0.08582050230050497,-0.4339536250713011,0.011763927028612061,-1.172722041527241e-05
12.120000000000001,5,seg5,-0.13326726524238758,0.105479948914419,0.08618476767795004,-0.7156861251019464,0.1037882347954563,0.00035079535398381545
12.120000000000001,6,seg6,-0.06301290880814539,0.22851643583937323,0.08670672573176029,-0.9555113611613824,0.22959231189609847,0.0008710155128347497
12.14,0,head,-0.6514112947149823,0.2815282414837674,0.08739691817989137,0.6632353796473884,0.25582657286150934,3.719995784241814e-05
12.14,1,seg1,-0.6368120424529623,0.16336128413656648,0.08630816356586805,0.4920515127286734,0.13848831327827782,0.0004814417061968085
12.14,2,seg2,-0.5522930895648146,0.03348519342288763,0.08638694066834512,0.22595350605714237,0.012740585994134858,0.0005582522034007498
12.14,3,seg3,-0.3944551032082309,-0.017968011659441938,0.08638387721482807,-0.10965936517935311,-0.03128648868262691,0.0005534245156588458
12.14,4,seg4,-0.2443810134167558,0.018270372282788015,0.08673894437473613,-0.433342898515716,0.011775830453437922,0.000906714853815882
12.14,5,seg5,-0.13711293810330466,0.1098467461220873,0.08741467210871845,-0.7116369878381441,0.10796706298331969,0.0015806997847522264
12.14,6,seg6,-0.07471484543567469,0.2366799199808952,0.08814002896945115,-0.9434341725240468,0.23718963436973903,0.0023043187505256135
12.16,0,head,-0.6384141427589446,0.2848135402999123,0.08736269533049912,0.6504093068910732,0.25972670169390183,2.9771084501667433e-06
12.16,1,seg1,-0.6316145030157264,0.1664199845666512,0.08625380293562526,0.4870054305179718,0.14179090602368521,0.0004270810759540167
12.16,2,seg2,-0.5535653331058866,0.03376841450293718,0.08616457477933066,0.22723778689012608,0.012962938304309168,0.00033588631438628835
12.16,3,seg3,-0.397101436575031,-0.01983132358323065,0.08584523816015144,-0.10710470802533929,-0.03327363196837783,1.4785460982214005e-05
12.16,4,seg4,-0.24721178414237277,0.019241361886916282,0.0858926386869775,-0.43046912461951936,0.01261099948125845,6.0409166057248664e-05
12.16,5,seg5,-0.14410500021063857,0.11633568919853975,0.08636351204404624,-0.7043440306528822,0.11411589134746189,0.0005295397200800189
12.16,6,seg6,-0.09236176061430898,0.24643310647160074,0.08702071371137736,-0.925343085508753,0.2460919280414937,0.0011850034924518194
12.18,0,head,-0.6282813415617301,0.2865967849675114,0.08770036643431298,0.6403728544050509,0.261990159917628,0.00034064821226402475
12.18,1,seg1,-0.6281407995465471,0.16831051039419098,0.08707621317631474,0.4836256359127898,0.1438446080764767,0.0012494913166434946
12.18,2,seg2,-0.5543616477747083,0.032238378825241686,0.08736635049014599,0.22796038270808802,0.0113967386010267,0.0015376620252016138
12.18,3,seg3,-0.3984269095961079,-0.022536462026614527,0.08697304318561686,-0.10590947823436475,-0.036038786299323965,0.001142590486447631
12.18,4,seg4,-0.24956639759550603,0.019975102067379045,0.08658146524999769,-0.42808225948771295,0.01323184890590271,0.0007492357290774382
12.18,5,seg5,-0.15208576465324072,0.12215705888987952,0.0864880888033325,-0.6960952621939984,0.119550849036085,0.000654116479366279
12.18,6,seg6,-0.11188763410035632,0.2559916607750491,0.08656548637214426,-0.9053844320752442,0.2547103878138272,0.0007297761532187169
12.200000000000001,0,head,-0.6170804309844418,0.28634778039524894,0.08739172081451564,0.6291727852450358,0.26227450448705253,3.2002592466690016e-05
12.200000000000001,1,seg1,-0.6233636959591784,0.16790029109428256,0.0862465011694863,0.47883442241179114,0.1436622026385655,0.0004197793098150576
12.200000000000001,2,seg2,-0.5551386692734023,0.030142931954664873,0.08611955517706783,0.22863679850822327,0.009266686568315334,0.00029086671212345816
12.200000000000001,3,seg3,-0.40155093252052065,-0.025387453098641835,0.08587625563639481,-0.10292467783009517,-0.039035223495459126,4.580293722558637e-05
12.200000000000001,4,seg4,-0.2536634263690365,0.020538674167712,0.08601838625031713,-0.42396305192507255,0.01359979908928411,0.000186156729396883
12.200000000000001,5,seg5,-0.16169143251297136,0.12723880420434344,0.08661819028720207,-0.6862586312745115,0.12416968900051409,0.000784217963235842
12.200000000000001,6,seg6,-0.13268763978701695,0.2641692644303021,0.08738681916198955,-0.8842188115480957,0.26188882397800917,0.0015511089430640113
12.22,0,head,-0.6078245984473281,0.28417582484374043,0.08759677100099572,0.6198240742076415,0.26054550801426946,0.00023705277894676968
12.22,1,seg1,-0.6190474154922558,0.16622675162013617,0.08638771147223848,0.47444338669372027,0.14219597729389724,0.0005609896125672309
12.22,2,seg2,-0.5558858088999065,0.02870779622684977,0.08630025948106197,0.2293147914259993,0.007797619591592131,0.00047157101611759733
12.22,3,seg3,-0.4032599379522097,-0.026663872138261158,0.08620654489777402,-0.10127835546034604,-0.04039153016606309,0.0003760921986047938
12.22,4,seg4,-0.25819244265344576,0.022245844869339768,0.08656598733885795,-0.41935792088602336,0.015089493158542529,0.0007337578179377052
12.22,5,seg5,-0.17242374441518005,0.13329420658968077,0.08733340822146575,-0.6752502952260737,0.12970746420792004,0.0014994358974995264
12.22,6,seg6,-0.15549416100476804,0.2702002613058837,0.08823100254396443,-0.8611511091151869,0.2668275928306794,0.002395292325038892
12.24,0,head,-0.5985720433676176,0.28079164792963734,0.08774176608201001,0.6104209456047645,0.25760550778334906,0.00038204785996105717
12.24,1,seg1,-0.6139103969924675,0.16366545729496795,0.08678606828062056,0.46919029343707797,0.13988206309461465,0.0009593464209493169
12.24,2,seg2,-0.5557489719479081,0.027497665336418262,0.0868060531681171,0.22912051770501024,0.006595372177478958,0.0009773647031727228
12.24,3,seg3,-0.4052630973752904,-0.027153139814716107,0.0863790173692483,-0.09930075077510214,-0.04097557660422044,0.0005485646700790769
12.24,4,seg4,-0.2639270324585813,0.025014624902270587,0.08625945057544399,-0.4134980589047434,0.017582218707196774,0.00042722105452373815
12.24,5,seg5,-0.1854281320650032,0.14070914029775472,0.08660116437439322,-0.6619077559516068,0.13649509897522896,0.0007671920504269958
12.24,6,seg6,-0.18123212513950332,0.27558613532930243,0.0872970484076623,-0.8351859877185319,0.2709824583618706,0.001461338188736755
12.26,0,head,-0.590678321218524,0.27711990638309675,0.08752093567142341,0.6023614246189531,0.25431360000448205,0.00016121744937445948
12.26,1,seg1,-0.6099311306667987,0.1601584491960128,0.08636267354332194,0.46504863265050844,0.13656840767736717,0.0005359516836506983
12.26,2,seg2,-0.5551155869013387,0.024334820810311228,0.0862499842591697,0.22833732616281796,0.0034662551899294273,0.0004212957942253265
12.26,3,seg3,-0.40781494306585964,-0.02869979342439553,0.08595296912092518,-0.09682540402033094,-0.04264192358478039,0.00012251642175595268
12.26,4,seg4,-0.26966360058047567,0.027899105567006866,0.08609001039912202,-0.40763071449355964,0.020190419634958875,0.0002577808782017743
12.26,5,seg5,-0.19876531276502363,0.14795415787910504,0.08672049215243562,-0.6482408872649311,0.14309717206345834,0.0008865198284693926
12.26,6,seg6,-0.20688966204956893,0.2815804627826334,0.08766721466343758,-0.8092722452641842,0.27574891552080455,0.001831504444512036
12.280000000000001,0,head,-0.5855465554842528,0.2731325922971392,0.08770089243491892,0.5970457119020656,0.2505750318988407,0.0003411742128699713
12.280000000000001,1,seg1,-0.6072968718613584,0.15599805389535643,0.0866274513146853,0.4622193597289243,0.13253809463165883,0.0008007294550140542
12.280000000000001,2,seg2,-0.5548365394726926,0.021454149323258773,0.08661133795889676,0.22792149974349465,0.0006021280850781738,0.0007826494939523893
12.280000000000001,3,seg3,-0.4096466064471144,-0.029619106150713868,0.08631318635531487,-0.09503956749765106,-0.04364736604700413,0.0004827336561456508
12.280000000000001,4,seg4,-0.27524468685611886,0.031044963334751277,0.08636922470649923,-0.4019062364484876,0.023067101094456255,0.0005369951855789812
12.280000000000001,5,seg5,-0.21235347287291864,0.15532107718244464,0.08689764246851686,-0.6343175220849604,0.14980906428445578,0.001063670144550638
12.280000000000001,6,seg6,-0.23321262317866498,0.28763381238086083,0.08777709237036725,-0.782691023644995,0.2805426594771602,0.0019413821514417118
12.3,0,head,-0.5818444423687895,0.26872935904191536,0.08737597569278502,0.5931382376719246,0.2463529767406044,1.625747073606687e-05
12.3,1,seg1,-0.6055067514568527,0.15109907715197426,0.0864578614161144,0.4601981185811236,0.12772986331265193,0.0006311395564431582
12.3,2,seg2,-0.554568347054673,0.018022662347438406,0.08663034473764654,0.22749030195577657,-0.002812706977728541,0.0008016562727021642
12.3,3,seg3,-0.41186656168581287,-0.03047571111835678,0.08639840908249607,-0.092862894746033,-0.044608651157767236,0.0005679563833268508
12.3,4,seg4,-0.28077371204129814,0.03481560784421812,0.08633530903448552,-0.3962040260284006,0.026570339002047805,0.0005030795135652771
12.3,5,seg5,-0.22641467945958768,0.16288477692682277,0.08668892575846301,-0.6199122813848826,0.15669500102893558,0.0008549534344967913
12.3,6,seg6,-0.260035822986194,0.29311555510470566,0.08741769250846988,-0.7556373337443002,0.2847416371960933,0.0015819822895443425
12.32,0,head,-0.5800625842398056,0.2647393403977299,0.08747918492465806,0.5911685080240913,0.2424522803557253,0.00011946670260910841
12.32,1,seg1,-0.6050010282908577,0.1468927910422682,0.08621860661435805,0.45949278542067423,0.12355241147090675,0.00039188475468680817
12.32,2,seg2,-0.5548391994018751,0.014877644881901821,0.08614766108186843,0.2276111716193011,-0.005967051026324668,0.0003189726169240542
12.32,3,seg3,-0.41387678812632805,-0.03114768251299767,0.08605106428108412,-0.09088692617642329,-0.045375530619473234,0.0002206115819149007
12.32,4,seg4,-0.28601017806107687,0.038437181547557445,0.08637142137717287,-0.3908011377592801,0.029938598317145793,0.0005391918562526188
12.32,5,seg5,-0.24008583539877443,0.1707047189419322,0.08712646185732092,-0.6058844544331285,0.16385545274835756,0.0012924895333547015
12.32,6,seg6,-0.286072305539154,0.29749752497591103,0.08812742140390627,-0.7294218093863206,0.2878795292026576,0.002291711184980727
12.34,0,head,-0.5788275053594404,0.26111671745307347,0.08725174905382999,0.5897624229373262,0.23889254138094512,-0.00010796916821896596
12.34,1,seg1,-0.6046152803455236,0.14336966230928402,0.08640080857232761,0.45893980394996586,0.12005163312323014,0.0005740867126563659
12.34,2,seg2,-0.5551397775743615,0.012650364070101977,0.08665588927601675,0.22780540979561859,-0.008206113013679127,0.0008272008110723761
12.34,3,seg3,-0.4158524082862604,-0.03081847704550508,0.08646289750011855,-0.08889787726821273,-0.045140720703843576,0.0006324448009493305
12.34,4,seg4,-0.2916629921938612,0.04290673692097785,0.08634046009707351,-0.38494201651341176,0.03413406385496731,0.0005082305761532624
12.34,5,seg5,-0.25454894430915415,0.17880391576611226,0.08660205554992698,-0.5910522817553522,0.17125715270079742,0.0007680832259607528
12.34,6,seg6,-0.31192564115252563,0.3002235234311499,0.08734614237656736,-0.7034680344363211,0.28937204241411085,0.0015104321576418223
12.36,0,head,-0.578567945629398,0.25765431792569987,0.08711168792791447,0.5893383768842381,0.23544641795229723,-0.00024803029413447697
12.36,1,seg1,-0.604645150729897,0.13942374585075595,0.08603320485145846,0.45878184880774214,0.11610876625880671,0.00020648299178721574
12.36,2,seg2,-0.5553418593198819,0.0102517523360783,0.08616993265998497,0.22789310927442796,-0.010611624203397844,0.0003412441950405992
12.36,3,seg3,-0.41789568379321634,-0.030452683809601026,0.08613293047246758,-0.08683950841106182,-0.04487258429039829,0.00030247777329835135
12.36,4,seg4,-0.29666382514958517,0.04796682737901162,0.08628625925438145,-0.3797060332863549,0.03895042403027129,0.0004540297334612031
12.36,5,seg5,-0.26803788859180344,0.18618325536539837,0.08681235038932468,-0.5772274288786792,0.17798617296395972,0.0009783780653584567
12.36,6,seg6,-0.3363052922852538,0.30231182960053343,0.08767118895823586,-0.6790166227837935,0.2902977206212521,0.0018354787393103228
12.38,0,head,-0.578563012273922,0.2547527411222153,0.08705985852550574,0.5891953590227422,0.23254836374717977,-0.00029985969654321154
12.38,1,seg1,-0.6044421065575569,0.13709943269768463,0.08618793786359004,0.45846841739530075,0.1137967499701192,0.0003612160039187934
12.38,2,seg2,-0.5546580546550165,0.008857524901569977,0.08648310690315361,0.22714372620470752,-0.011971728601453721,0.0006544184382092366
12.38,3,seg3,-0.4193033490149593,-0.02924223802514252,0.08644643987538286,-0.08537583142560994,-0.04373050283284337,0.0006159871762136393
12.38,4,seg4,-0.3017411327845964,0.05288161955404832,0.08640423856226337,-0.3744005769828277,0.04361801102499897,0.0005720090413431217
12.38,5,seg5,-0.28161427751233503,0.19324692443136876,0.08670218638597915,-0.563330253650688,0.1843957187714979,0.0008682140620129286
12.38,6,seg6,-0.35958897276920726,0.30309880343417545,0.08746113537885321,-0.6557218721468207,0.2899756998238196,0.0016254251599276681
12.4,0,head,-0.5787166002687569,0.252176327627528,0.08707691304500856,0.5892261578654148,0.22996756015158518,-0.0002828051770403933
12.4,1,seg1,-0.6041012720379467,0.13472380630544453,0.08609475176372525,0.45801490969878766,0.11144003622117386,0.0002680299040540013
12.4,2,seg2,-0.554151483389557,0.008152187491692983,0.08629590110087344,0.22660416094823638,-0.012652158350031218,0.0004672126359290679
12.4,3,seg3,-0.4205334520943209,-0.027426577304579237,0.08627832941210316,-0.08406071235982494,-0.04197544178526196,0.00044787671293393394
12.4,4,seg4,-0.3065173682524713,0.05799339135456096,0.08634453340958582,-0.3693864771620441,0.04849668289040283,0.0005123038886655773
12.4,5,seg5,-0.29443121801825856,0.19961689189271536,0.08678354428633044,-0.5502246805257945,0.19014849222804525,0.0009495719623642124
12.4,6,seg6,-0.381259598791988,0.30304059280438017,0.08764423390013375,-0.6340785717087429,0.28888621976867357,0.0018085236812082073
12.42,0,head,-0.5788268748013387,0.2503447053193304,0.08703983275708772,0.5892491379785407,0.2281327651584555,-0.00031988546496122816
12.42,1,seg1,-0.6035582060079943,0.13228557970359842,0.08614820964303778,0.4573564204115241,0.10903041767597046,0.0003214877833665336
12.42,2,seg2,-0.5536077553592573,0.007830797164838931,0.08645455816103736,0.22604575360810775,-0.012947307728465123,0.0006258696960929899
12.42,3,seg3,-0.42146154031379834,-0.025278001352390632,0.08643773621366631,-0.08303142203583919,-0.039873469427130395,0.000607283514497084
12.42,4,seg4,-0.31112136280592456,0.06286223284289572,0.08641149538839284,-0.3645559844804696,0.05314089689689672,0.0005792658674725892
12.42,5,seg5,-0.30677722909716765,0.20529325251907504,0.08674508838910722,-0.537622512930687,0.1952308569739303,0.0009111160651409933
12.42,6,seg6,-0.4014975691848479,0.30192859555139173,0.08757951845982014,-0.6139164547188769,0.2868123292332346,0.0017438082408945954
12.44,0,head,-0.5790331212582925,0.24911066157095155,0.08698249951148672,0.5893964208680329,0.22689030416334582,-0.00037721871056223266
12.44,1,seg1,-0.6030366842498233,0.13030697991737816,0.08606730917476293,0.4567413252666043,0.10707887981547135,0.0002405873150916893
12.44,2,seg2,-0.552151239502544,0.0069908075392720315,0.0863554685026958,0.224550911867402,-0.01371702792564669,0.0005267800377514315
12.44,3,seg3,-0.4220776520604712,-0.02372821560717401,0.08636185324312479,-0.08234225194315767,-0.03835476138283915,0.0005314005439555625
12.44,4,seg4,-0.3151619974985315,0.06749408514346225,0.08634362451569022,-0.36029949195630595,0.05757520133431072,0.0005113949947699731
12.44,5,seg5,-0.3184419143408453,0.21026575352077675,0.08670410235999655,-0.5257343968153527,0.19964258489621473,0.0008701300360303282
12.44,6,seg6,-0.42024390798293715,0.29972163350110764,0.0875770587667237,-0.5952963900425299,0.28371570345151204,0.0017413485477981577
12.46,0,head,-0.579233519743048,0.24851181133759645,0.08693884919752354,0.5895680921590274,0.22628259525068925,-0.00042086902452541375
12.46,1,seg1,-0.6028654296725734,0.12906605516003453,0.08594675013876717,0.4565112073962369,0.10584751141025917,0.00012002827909592118
12.46,2,seg2,-0.5509122089909462,0.006028968583322612,0.08616677301420088,0.22326751005646547,-0.0146188098157899,0.0003380845492565038
12.46,3,seg3,-0.4209461975390737,-0.022595384524251257,0.086178966195703,-0.08341851138440516,-0.03716936642276231,0.00034851349653378105
12.46,4,seg4,-0.31762270332154624,0.07042369308647842,0.08625507939453742,-0.35770215025289054,0.06038438127201061,0.00042284987361716764
12.46,5,seg5,-0.3284391860396035,0.2141744490290961,0.08667931485178879,-0.5155624328681137,0.20307106727785376,0.0008453425278225624
12.46,6,seg6,-0.4373196658273739,0.29673612580182634,0.08757458275006373,-0.5783820654392337,0.27992091948342945,0.0017388725311381914
12.48,0,head,-0.5793954594062075,0.24861305162270628,0.0869219279123891,0.5897346664930014,0.22637601388422582,-0.0004377903096598468
12.48,1,seg1,-0.6027720339320399,0.128448799058624,0.08591072630398308,0.45638854140289226,0.10523539956332677,8.400444431183596e-05
12.48,2,seg2,-0.5500234489132323,0.0055167946136786584,0.08612094856515033,0.22235538196883536,-0.015088106100237286,0.00029226010020595716
12.48,3,seg3,-0.41945697740341226,-0.021558708690405715,0.08612928499418931,-0.08485670721390502,-0.03606299119136063,0.00029883229502009057
12.48,4,seg4,-0.3191881944987846,0.07189577007101564,0.08625632103634771,-0.3560683747519877,0.06178028631421073,0.00042409151542746604
12.48,5,seg5,-0.3362226848199218,0.21640053646140997,0.08667016140733719,-0.5076818110557031,0.20492420471550538,0.000836189083370964
12.48,6,seg6,-0.45159842417221957,0.2930313859217401,0.08753375122240345,-0.5642958002850135,0.2755408314215009,0.0016980410034779098
12.5,0,head,-0.5795496736010175,0.2493524261365147,0.08696685623718212,0.5899238938124157,0.22710721133439704,-0.0003928619848668352
12.5,1,seg1,-0.6026085895382848,0.12793790411741607,0.08595728026899875,0.4562009680056294,0.10473286207075558,0.0001305584093275053
12.5,2,seg2,-0.5492470870800422,0.005195063835353106,0.08616968690603936,0.22156458822354885,-0.015372524176507892,0.000340998441094989
12.5,3,seg3,-0.41831098387943694,-0.02075619450283355,0.0861427524630847,-0.08596320942618878,-0.035206846908959644,0.00031229976391547454
12.5,4,seg4,-0.3203751572362209,0.07292439756312225,0.08626234141392647,-0.35483380315676505,0.06275125903973766,0.00043011189300622144
12.5,5,seg5,-0.3420605673384536,0.2168478600184706,0.08666386475106251,-0.5018292547620529,0.20509318841513355,0.0008298924270962876
12.5,6,seg6,-0.46223064845188866,0.28797783636688756,0.08752770245913022,-0.5539161290001282,0.2699870056914148,0.0016919922402046789
12.52,0,head,-0.5798094664470133,0.2505585047547134,0.08702911158555064,0.590240791251229,0.22829955942508964,-0.00033060663649830957
12.52,1,seg1,-0.602439663563402,0.12748617496370523,0.08597107411432467,0.45601073502101985,0.10428968420029353,0.00014435225465342372
12.52,2,seg2,-0.5485182867100361,0.004947704360447853,0.08615758740377157,0.22082484148324313,-0.015584918736931647,0.0003288989388271907
12.52,3,seg3,-0.41736141517701425,-0.02019736460067134,0.08611200336727025,-0.08688510666413919,-0.0346034589220758,0.00028155066810102436
12.52,4,seg4,-0.32110092919551847,0.07375892786546875,0.0862595406418563,-0.3540691371151788,0.06355030322326936,0.0004273111209360525
12.52,5,seg5,-0.34585294862274746,0.2157665168923412,0.0867139104493465,-0.49809263330372316,0.20383258584599745,0.0008799381253802724
12.52,6,seg6,-0.46899579592637364,0.2818773275770677,0.08759583792188902,-0.5474489789404539,0.26357144663973037,0.0017601277029634793
12.540000000000001,0,head,-0.5801700904284368,0.25206110945979643,0.0870896761019307,0.5906725176634156,0.2297832989105557,-0.0002700421201182468
12.540000000000001,1,seg1,-0.6023178687119095,0.12727970912958975,0.08598742973751693,0.45587925217915337,0.10408924870243787,0.00016070787784568108
12.540000000000001,2,seg2,-0.5478750245502934,0.004797105219187081,0.08614566780793699,0.22017514098831198,-0.015704733487054465,0.00031697934299261543
12.540000000000001,3,seg3,-0.4165974851240356,-0.019925270407297448,0.08607196787460056,-0.08763522175533557,-0.034295316542971424,0.00024151517543133383
12.540000000000001,4,seg4,-0.3214294027869211,0.07407568659725347,0.08622984860740614,-0.35372596073051327,0.06385107051439133,0.00039761908648588973
12.540000000000001,5,seg5,-0.3477982494169345,0.21347701634524552,0.0867465123617658,-0.49625849728581317,0.20145309997668007,0.0009125400377995724
12.540000000000001,6,seg6,-0.47251553931261003,0.27537431977116006,0.08766382726852022,-0.5442427110515655,0.2569082979657672,0.0018281170495946797
12.56,0,head,-0.5806562498324798,0.2536485184761778,0.08717659966390408,0.591233673208171,0.23134577220824973,-0.00018311855814487354
12.56,1,seg1,-0.6022028626762371,0.12712679961499163,0.08602249630742538,0.45575709928072405,0.10394198574952736,0.0001957744477541351
12.56,2,seg2,-0.5474715649522605,0.004784629971319541,0.08615500500163638,0.21977154484094977,-0.01569799339281876,0.00032631653669200344
12.56,3,seg3,-0.4161541155842204,-0.019907413511228034,0.08605888192950617,-0.08807723907289211,-0.03425637930461442,0.00022842923033694618
12.56,4,seg4,-0.32130217705276154,0.07422184513329962,0.08622189687370621,-0.3538460864145509,0.06400311828689652,0.00038966735278596343
12.56,5,seg5,-0.34782939656602146,0.21061806227833324,0.08681272034953197,-0.4963634470504066,0.19859590309013025,0.0009787480255657455
12.56,6,seg6,-0.473642381318906,0.2694387491959715,0.08775887682868011,-0.5433996279849004,0.2509258250738475,0.0019231666097545702
12.58,0,head,-0.5813696875371402,0.2551797903125479,0.08724277273544032,0.5920191778747689,0.23284135544364987,-0.00011694548660863557
12.58,1,seg1,-0.6022368362141788,0.12730693154691095,0.08601520122496209,0.45579960705326045,0.1041202967235341,0.00018847936529084452
12.58,2,seg2,-0.5472119660263187,0.004874726538708171,0.08613076574088284,0.21951652789140688,-0.015595644239217164,0.00030207727593846434
12.58,3,seg3,-0.4159078971503197,-0.020169041687890417,0.08607758097605284,-0.08833562976422836,-0.0345059931476631,0.0002471282768836125
12.58,4,seg4,-0.32072743047782426,0.0738192614243004,0.08630163298256031,-0.3544393412583663,0.06362834374345588,0.00046940346164006663
12.58,5,seg5,-0.3464156064220305,0.20782222556821744,0.08696077302760506,-0.4979086929881816,0.19587051862688026,0.0011268007036388389
12.58,6,seg6,-0.47299765093887736,0.2649464957290367,0.08787176528681144,-0.5442574204348292,0.2464693454557003,0.0020360550678859
12.6,0,head,-0.5821151339670243,0.25661201195407335,0.0872615760295232,0.5928319410598695,0.23423647737924747,-9.814219252575473e-05
12.6,1,seg1,-0.6021915902552366,0.12784938875566396,0.08607979259011136,0.45578022865992673,0.10466429258565009,0.0002530707304401192
12.6,2,seg2,-0.546985352267399,0.005157530719354722,0.08623515418239053,0.21930362995767014,-0.015302375641978899,0.0004064657174461528
12.6,3,seg3,-0.4156901947768056,-0.02081617131648943,0.08615762253170933,-0.08858388326005906,-0.035142028745290835,0.00032716983254010845
12.6,4,seg4,-0.3194978994300627,0.07206898836752709,0.08631186613810647,-0.3557507770504051,0.061938569044298696,0.0004796366171862243
12.6,5,seg5,-0.34366555175940255,0.20538916671820429,0.08692549762139193,-0.5007714242009528,0.19357109565191688,0.001091525297425705
12.6,6,seg6,-0.4708043380009754,0.262586178216552,0.0878318355189696,-0.5465605789120043,0.24421608527722613,0.0019961253000440604
12.620000000000001,0,head,-0.583013228823405,0.25784592875646756,0.08730672095289671,0.5937877420991149,0.23542625442541984,-5.299726915224123e-05
12.620000000000001,1,seg1,-0.6020828631612888,0.12832553936097765,0.0861564421328505,0.45569428543891666,0.10514507813312267,0.0003297202731792487
12.620000000000001,2,seg2,-0.5469622735791316,0.005534427937942978,0.08634790582296147,0.21929851448563634,-0.01492480714332318,0.0005192173580170906
12.620000000000001,3,seg3,-0.4158511589876139,-0.021837551423399035,0.08625475527166589,-0.08847171034685779,-0.03616991202538038,0.0004243025724966626
12.620000000000001,4,seg4,-0.3180509514362753,0.06953334715822736,0.08635158732644876,-0.35731676019879915,0.05947466327949922,0.000519357805528517
12.620000000000001,5,seg5,-0.3400288924577939,0.20320577991026056,0.08691613781881673,-0.5045078731883266,0.19156325656660197,0.0010821654948505038
12.620000000000001,6,seg6,-0.4669992654298037,0.2619065389148896,0.0878178077010337,-0.550393684891895,0.2437183048059384,0.001982097482108161
12.64,0,head,-0.5840696312203796,0.258903342409684,0.08725439725641734,0.5948932712670892,0.2364321942432016,-0.00010532096563160842
12.64,1,seg1,-0.6021665532984922,0.12908487275147615,0.08610407587225831,0.45581401848326414,0.10589956818281342,0.0002773540125870638
12.64,2,seg2,-0.5471344173924904,0.005793565634414886,0.08631532247275336,0.21948279596588316,-0.014674155643734385,0.00048663400780898924
12.64,3,seg3,-0.4162661864135394,-0.023510879553893704,0.08624952384352683,-0.08813678921854277,-0.037861095822116844,0.0004190711443576023
12.64,4,seg4,-0.3162804663643316,0.06582347993586424,0.08634606872945123,-0.35926179687877047,0.05585325961366886,0.0005138392085309862
12.64,5,seg5,-0.3353140306780844,0.2008191701384629,0.0868691860131183,-0.5093309745939111,0.1894037379550135,0.0010352136891520758
12.64,6,seg6,-0.4615667149293458,0.2624355778104994,0.08772922652036612,-0.5557949020003516,0.24450528691310408,0.0018935163014405787
12.66,0,head,-0.5850618412191277,0.2598789308622403,0.08728815148589508,0.5959307865983733,0.2373594565834473,-7.15667361538691e-05
12.66,1,seg1,-0.6022098016777693,0.13006299342201522,0.08613251018508869,0.45590376798724136,0.10687452228172338,0.0003057883254174443
12.66,2,seg2,-0.5474964828311981,0.006217424004741498,0.08633628808249456,0.21986462315601643,-0.014268008752984162,0.000507599617550189
12.66,3,seg3,-0.41693457542270074,-0.0254253767637636,0.0862586504202027,-0.08756027116780239,-0.03980523325842436,0.0004281977210334742
12.66,4,seg4,-0.31442264399576836,0.06129858458585926,0.08633889740148311,-0.36133286022025696,0.051421907842824646,0.000506667880562861
12.66,5,seg5,-0.32948181891297007,0.19763604892113798,0.08684023213103013,-0.5153080669946516,0.1865017866826957,0.0010062598070639112
12.66,6,seg6,-0.45430771175224793,0.2632828389490455,0.08769991597710149,-0.5630053575675311,0.245697054117564,0.0018642057581759464
12.68,0,head,-0.5865108973881764,0.26078673165585164,0.08734658813604987,0.597421404332358,0.23819726612795136,-1.3130085999082941e-05
12.68,1,seg1,-0.6023992137533916,0.13106666625272154,0.08614473480955555,0.45614073163065794,0.10786804345270441,0.0003180129498843026
12.68,2,seg2,-0.5479737541509633,0.006799865536108143,0.08634763777275843,0.2203690728802818,-0.013708941202682718,0.0005189493078140567
12.68,3,seg3,-0.41773915112261595,-0.027297433518143916,0.08633111254545588,-0.08684570094056134,-0.04171345964403546,0.0005006598462866524
12.68,4,seg4,-0.31258875915363,0.05649026247450638,0.08648092714296618,-0.3633935018349941,0.0467063112447087,0.0006486976220459323
12.68,5,seg5,-0.3227028055636757,0.1932808379208432,0.08699965088172115,-0.5222866695379502,0.18247413334791868,0.001165678557754929
12.68,6,seg6,-0.44519125826184275,0.2635325573060149,0.08780441446374007,-0.5720995966439131,0.2463803542805041,0.0019687042448145314
12.700000000000001,0,head,-0.5879616850102539,0.2617200774529063,0.08732093569737537,0.5989149672798625,0.23906050932826486,-3.878252467358345e-05
12.700000000000001,1,seg1,-0.6025396227035226,0.13232712399984345,0.08621250468183879,0.45634096842776317,0.10912039070113097,0.00038578282216754356
12.700000000000001,2,seg2,-0.548362707655133,0.0074523848011263,0.08648062777361334,0.22078863996028475,-0.013075672156390493,0.0006519393086689695
12.700000000000001,3,seg3,-0.41850142898314513,-0.02938546038441766,0.08644385634825481,-0.08618365894401175,-0.043835398409794196,0.0006134036490855893
12.700000000000001,4,seg4,-0.3104392045496044,0.05102192479544129,0.08649299350171441,-0.3658008665857077,0.04134647011602677,0.0006607639807941629
12.700000000000001,5,seg5,-0.3146230752572096,0.18752915134055617,0.0869184687105744,-0.5306309754045684,0.1771134897353408,0.0010844963866081803
12.700000000000001,6,seg6,-0.4341602013069693,0.2631713127380071,0.08770513725970168,-0.5831353463030864,0.2465445024634115,0.0018694270407761393
12.72,0,head,-0.5893066070237462,0.26261178440850397,0.08732013112575801,0.6003008029257667,0.2398871991609111,-3.958709629094115e-05
12.72,1,seg1,-0.6024920177949822,0.13383392542764685,0.08620797247402967,0.4563651282471866,0.11062775033747134,0.0003812506143584249
12.72,2,seg2,-0.5487185934086155,0.008426485407858255,0.08646899532359344,0.22119048126466248,-0.012119612415759139,0.0006403068586490618
12.72,3,seg3,-0.41940296716850817,-0.03136311849230171,0.08642870475534802,-0.085377261816766,-0.045853721070911076,0.0005982520561787913
12.72,4,seg4,-0.3083188153609525,0.045244882596136286,0.0864720378904736,-0.36819379064839025,0.03567688624118402,0.0006398083695533519
12.72,5,seg5,-0.3058171711737359,0.18043280697001907,0.0869149373880014,-0.5397646263554124,0.17044427160625156,0.0010809650640351831
12.72,6,seg6,-0.42118925514705496,0.2618953243773823,0.0877045568823781,-0.5961523209901656,0.2458872654002986,0.0018688466634525641
12.74,0,head,-0.5907225681243091,0.2636132138609367,0.08732056720588614,0.6017628190104577,0.24082010631299938,-3.915101616280836e-05
12.74,1,seg1,-0.6024224640181688,0.13558639483601634,0.08626338018767621,0.4563790557514802,0.11238154416222862,0.00043665832800496296
12.74,2,seg2,-0.5490607260931855,0.009601196475776091,0.08655444383911287,0.22158813241617592,-0.010962515000398488,0.0007257553741684963
12.74,3,seg3,-0.42038733250058724,-0.03334507174544916,0.08649178278747369,-0.08448833580725508,-0.047880275870099874,0.0006613300883044626
12.74,4,seg4,-0.30619313097377143,0.03887214290401573,0.08646809160700453,-0.3706203539859288,0.02941253187172928,0.0006358620860842795
12.74,5,seg5,-0.2963845589251696,0.1722515642885335,0.0868696831588658,-0.5495759071675799,0.162721210395719,0.0010357108348995753
12.74,6,seg6,-0.4064672879938048,0.2600654990187104,0.08765820316372257,-0.6109446904435469,0.24476015243551486,0.0018224929447970273
12.76,0,head,-0.5921560118610669,0.26479602493550936,0.08734770146650564,0.6032509301264914,0.24193335753834108,-1.2016755543312052e-05
12.76,1,seg1,-0.6023210321732579,0.137551306479884,0.086231463633729,0.4563712517320683,0.11434905662334269,0.0004047417740577486
12.76,2,seg2,-0.5493424009530532,0.010759879292258103,0.08648007134941411,0.22192463144161922,-0.009818550402272749,0.0006513828844697395
12.76,3,seg3,-0.4215201611400187,-0.03569991107119442,0.0864470305949413,-0.08346886088547273,-0.050286359796324016,0.0006165778957720747
12.76,4,seg4,-0.3039941162015148,0.03158555152790697,0.0864898698386992,-0.3731636560960343,0.02223885121062622,0.0006576403177789569
12.76,5,seg5,-0.2866616709746158,0.16429758469053296,0.08693766364795162,-0.5596663189988541,0.1552389693804372,0.001103691323985398
12.76,6,seg6,-0.39003062414708156,0.2587957412178532,0.08772753699277433,-0.6274231592479971,0.24427407722148675,0.0018918267738487898
12.780000000000001,0,head,-0.5936392943933244,0.2661979492532395,0.08734817051560244,0.6047992514705883,0.2432631018289305,-1.154770644651304e-05
12.780000000000001,1,seg1,-0.6021484442211966,0.13951046418651525,0.08624552828038441,0.45629209839547136,0.11631420808568312,0.00041880642071316643
12.780000000000001,2,seg2,-0.5496132488544403,0.012071455224582386,0.0864975770454345,0.22225759217385063,-0.00852135066332427,0.0006688885804901207
12.780000000000001,3,seg3,-0.4227614283168486,-0.038050819604117436,0.08645041137797264,-0.08234088322744025,-0.052693678125331364,0.00061995867880342
12.780000000000001,4,seg4,-0.30176404236394083,0.02386729696824277,0.08645432658808937,-0.3757585255323476,0.014635474633271483,0.0006220970671691195
12.780000000000001,5,seg5,-0.27616506743805647,0.15586946375862115,0.08685453181411384,-0.5705521347581147,0.14731994649300947,0.0010205594901476212
12.780000000000001,6,seg6,-0.37218073625571896,0.2577643392833309,0.08763750998153647,-0.6453019070662444,0.2440933450975196,0.0018017997626109256
12.8,0,head,-0.5953743811507983,0.26764655425726186,0.08742877453733587,0.606601313316474,0.24462749019628008,6.905631528691947e-05
12.8,1,seg1,-0.6018949993745889,0.14178552200701539,0.0862718067322548,0.4561472139122965,0.1185987498041463,0.00044508487258355933
12.8,2,seg2,-0.5495924003610255,0.013827810211934854,0.0864701652732577,0.22232035469310765,-0.006765993614901548,0.000641476808313321
12.8,3,seg3,-0.4237509136016591,-0.03993719435780553,0.08641090739983684,-0.08144229435228652,-0.05462500639196521,0.0005804547006676153
12.8,4,seg4,-0.29951876236074615,0.01618689184605956,0.086439810393679,-0.378366782596346,0.007070628288402923,0.0006075808727587506
12.8,5,seg5,-0.265162261684736,0.14651177418457018,0.0868744639149535,-0.5819878186211085,0.13849649914042148,0.0010404915909872775
12.8,6,seg6,-0.3530082341183053,0.2559175250908361,0.08767628085729083,-0.6645405770688582,0.24316106973021687,0.0018405706383652909
12.82,0,head,-0.5974844692918134,0.269096437262498,0.0874751026951839,0.6087780124489713,0.24597530827668865,0.00011538447313494404
12.82,1,seg1,-0.6015444263050053,0.14455231642067967,0.08622674515545599,0.4559287136952054,0.12137909339077115,0.00040002329578474327
12.82,2,seg2,-0.5490345581962701,0.016125856942637448,0.08635984932696797,0.22187251188259438,-0.004444002341388376,0.0005311608620235941
12.82,3,seg3,-0.4248477137232161,-0.04110389699928674,0.08636595405979852,-0.08040226203836173,-0.0558425852789827,0.000535501360629298
12.82,4,seg4,-0.297596046500768,0.008939344102802844,0.0865211623236148,-0.38063224073088786,-7.720243213607729e-05,0.0006889328026945529
12.82,5,seg5,-0.2542568322483115,0.13694437167174875,0.08706196029836437,-0.593336217037443,0.12945894220238754,0.0012279879743981453
12.82,6,seg6,-0.3321518031497236,0.25302464136026187,0.0878849427498694,-0.6855110517332318,0.24126405066629655,0.0020492325309438564
12.84,0,head,-0.5995940765002619,0.2708607865626388,0.08745799175963795,0.6109691970844062,0.2476372592145504,9.827353758899704e-05
12.84,1,seg1,-0.60116818230411,0.14818933971493775,0.08627816415455278,0.4557259870437414,0.12502990150623092,0.0004514422948815322
12.84,2,seg2,-0.5484653814592727,0.01929248068842513,0.08642362228591202,0.22145468413748004,-0.0012538788201675506,0.0005949338209676469
12.84,3,seg3,-0.4253909740254287,-0.04160653276366844,0.08637758595985404,-0.0798835384498841,-0.056370506017647516,0.0005471332606848123
12.84,4,seg4,-0.2955604487993954,0.0016669104961713026,0.08643564109703372,-0.383011637152012,-0.0072445186129428615,0.0006034115761134745
12.84,5,seg5,-0.24284678549632785,0.12637619951246934,0.086877946847888,-0.6052362890075044,0.1194457650459623,0.0010439745239217701
12.84,6,seg6,-0.3097786633322413,0.2488837275688642,0.08768857372923598,-0.7080559121397563,0.23819259799431378,0.001852863510310443
12.86,0,head,-0.6019542910239749,0.2730886475853048,0.08768060359194597,0.6134327642395965,0.24975026991154567,0.00032088536989702265
12.86,1,seg1,-0.6007593533182164,0.15232150746056675,0.08640327788619002,0.4555142769463182,0.12917684378365563,0.0005765560265187791
12.86,2,seg2,-0.5477062560595211,0.023068511852923673,0.08643766940697205,0.22087612551375607,0.002554001514950157,0.0006089809420276732
12.86,3,seg3,-0.4259388637657243,-0.04144580946555143,0.0863710377663611,-0.07932862048393269,-0.056236039675720516,0.0005405850671918733
12.86,4,seg4,-0.29355436411947794,-0.004865957010646009,0.08649628596867474,-0.3853263570087598,-0.013674511271508523,0.0006640564477544963
12.86,5,seg5,-0.23156330699944963,0.1160411508633737,0.08704595731873933,-0.6169988414648226,0.10965942368436334,0.0012119849947731104
12.86,6,seg6,-0.28601663702174646,0.24336155022202616,0.08795818818460185,-0.7320538215379162,0.2338075459436039,0.0021224779656763143
12.88,0,head,-0.6040365782061751,0.27609494199335105,0.0873648257818312,0.6156557657091958,0.25265405889196585,5.107559782252524e-06
12.88,1,seg1,-0.599728463430322,0.15729440818999624,0.08626052255273157,0.4547212224698655,0.13419317114765703,0.0004338006930603294
12.88,2,seg2,-0.5462602386242882,0.027872352513572392,0.08643972876684278,0.21966036807122558,0.007421216874516795,0.0006110403018984023
12.88,3,seg3,-0.42588007137694905,-0.04047028163157978,0.08640475895433947,-0.07934091952104419,-0.05525881921261379,0.0005743062551702427
12.88,4,seg4,-0.2910104334932342,-0.011176127898831089,0.08641190198382052,-0.38816771492843477,-0.019856462811365258,0.000579672462900277
12.88,5,seg5,-0.21934438923301586,0.10462198222475694,0.08674924003243392,-0.6297473680194164,0.09883470962564139,0.0009152677084676986
12.88,6,seg6,-0.26072640842472067,0.2368559715419136,0.08748985897138606,-0.7576250030414412,0.22851293614701168,0.0016541487524605186
12.9,0,head,-0.6066054544075555,0.27994421620515847,0.08762485608469679,0.6184049234250517,0.25637671503355663,0.00026513786264784067
12.9,1,seg1,-0.598937227215819,0.16227276869337842,0.08633098093741728,0.4541678099504809,0.139203546645758,0.0005042590777460387
12.9,2,seg2,-0.5442549445763398,0.03268510384840602,0.08633481786031205,0.21788639181079833,0.01232394956725135,0.0005061293953676771
12.9,3,seg3,-0.4250090629693729,-0.03878434849129321,0.08629073615571357,-0.0801307050631768,-0.05353334391667385,0.00046028345654434977
12.9,4,seg4,-0.2888014341892263,-0.016608152077377432,0.08646270552753246,-0.39063272881134115,-0.02517720253044505,0.0006304760066122156
12.9,5,seg5,-0.20816547864760562,0.093680597929695,0.08702791807608673,-0.641434327413447,0.08843774313152843,0.0011939457521205066
12.9,6,seg6,-0.23540916482317376,0.2281713203643137,0.08795801365401032,-0.7833268740446324,0.22104300866914908,0.0021223034350847797
12.92,0,head,-0.6087598802643966,0.2841694061864234,0.08736897870792042,0.6207579907722219,0.2604945852609626,9.260485871465107e-06
12.92,1,seg1,-0.5973317935062927,0.1670874100730097,0.08621807318586766,0.45279333089156076,0.14408913732920944,0.0003913513261964152
12.92,2,seg2,-0.5415960557837617,0.03801208097836298,0.08637976606957104,0.2154840341265877,0.017771430866927895,0.0005510776046266652
12.92,3,seg3,-0.4240203827756632,-0.0365671234633291,0.08639244103388892,-0.08101274413245446,-0.05127157858177203,0.0005619883347196958
12.92,4,seg4,-0.28624459372895295,-0.021769841824569057,0.08646883392901575,-0.393432324113838,-0.03021135989065253,0.0006366044080955008
12.92,5,seg5,-0.19658369740099377,0.08211237957797714,0.08682103319043043,-0.653553532879836,0.0774338260322107,0.0009870608664642039
12.92,6,seg6,-0.2093306492579446,0.21823676816981216,0.08756239671541535,-0.8098486389412268,0.21236082644980037,0.0017266864964898126
12.94,0,head,-0.6125350101684279,0.28852111116381696,0.08775646285185307,0.6247359467519162,0.2646616955576729,0.00039674462980411607
12.94,1,seg1,-0.5969177777733877,0.17246477051715417,0.08648910601155477,0.45263570038541817,0.14948010820621924,0.0006623841518835216
12.94,2,seg2,-0.5390151879138709,0.0436946027340932,0.08652115597332645,0.2131765298243148,0.023570340795529342,0.0006924675083820747
12.94,3,seg3,-0.42244629449838617,-0.03362466684898092,0.0864670124409364,-0.08244501316705598,-0.04825754304049136,0.0006365597417671703
12.94,4,seg4,-0.2835755282538289,-0.026068079446353323,0.08654980209341116,-0.39630292437397596,-0.03437770256856059,0.0007175725724909154
12.94,5,seg5,-0.185532806361783,0.07036804457217781,0.08697261645530238,-0.6651508313349624,0.06622872603173101,0.0011386441313361584
12.94,6,seg6,-0.18350787445284647,0.2066998752272321,0.08781888892771754,-0.8361912104968127,0.20206594805452038,0.0019831787087919994
12.96,0,head,-0.616756247113278,0.29277815165608384,0.08747197238833562,0.6291549990677446,0.2687130177771125,0.00011225416628667106
12.96,1,seg1,-0.5966991834602373,0.17775267427367125,0.08639312164365771,0.45266901249574465,0.15477242338156239,0.0005663997839864682
12.96,2,seg2,-0.5365156488500202,0.04967313725170811,0.0866090055836972,0.2109643498345084,0.02966105751867643,0.0007803171187528296
12.96,3,seg3,-0.4208670661423342,-0.030175590231592445,0.08660322458008857,-0.08385830570201741,-0.044737216930118805,0.0007727718809193429
12.96,4,seg4,-0.280830161104487,-0.029872551991045854,0.0865431853049959,-0.39922624087971154,-0.038047208357447605,0.0007109557840756509
12.96,5,seg5,-0.1746254641143258,0.05837394747086896,0.08667195469637115,-0.6766166301825374,0.05476731525664799,0.0008379823724049273
12.96,6,seg6,-0.15736052829185465,0.19349829247797232,0.08721806004899925,-0.8629372105472964,0.19012371293799515,0.0013823498300737092
12.98,0,head,-0.6202831508263071,0.29627410004523713,0.0874182659034013,0.6328442834724025,0.27203715458552125,5.8547681352341674e-05
12.98,1,seg1,-0.595620190949266,0.1839201008645337,0.08624009642208853,0.45188475905742537,0.1609842123458268,0.00041337456241728743
12.98,2,seg2,-0.5326750762635156,0.056459539566010825,0.08637344691961324,0.20745110342176162,0.036622548293270774,0.0005447584546688644
12.98,3,seg3,-0.4188027713001574,-0.025457389966281163,0.08646759344213946,-0.08569571571969699,-0.039926120239632185,0.0006371407429702353
12.98,4,seg4,-0.2791435003744332,-0.03273637170620003,0.08664281994595696,-0.4010472836166897,-0.0408275125007191,0.0008105904250367141
12.98,5,seg5,-0.16536236243708896,0.04651089549212427,0.08703509180275583,-0.6864338149490393,0.04335854940813035,0.0012011194787896057
12.98,6,seg6,-0.1327398915148732,0.17842654884891337,0.087770573259454,-0.888247234717901,0.17624077781074549,0.0019348630405284645
13.0,0,head,-0.6249693262853465,0.3001242690809766,0.08741662066060037,0.6377083838933658,0.27565993930578503,5.690243855141497e-05
13.0,1,seg1,-0.5953421280628456,0.18962493466581049,0.0863210141934995,0.4518785122627104,0.16669581532979408,0.0004942923338282501
13.0,2,seg2,-0.529665848365177,0.06353745036455552,0.08649936713510407,0.20478213298628956,0.04383565238438713,0.0006706786701596995
13.0,3,seg3,-0.4163774399562653,-0.020746733748390422,0.08650008882999918,-0.08789411217584392,-0.03510537681652252,0.0006696361308299592
13.0,4,seg4,-0.2766713227818276,-0.03543953831082991,0.0864529935553041,-0.40364530743106286,-0.04340996172600398,0.0006207640343838527
13.0,5,seg5,-0.1561070641997594,0.034082463101691274,0.08653775027250614,-0.6962701123619232,0.0313846724109499,0.0007037779485399159
13.0,6,seg6,-0.10847920489476934,0.1614287253825116,0.08701524982068914,-0.9132893814275305,0.160416814780265,0.0011795396017636045
13.02,0,head,-0.6303936750116368,0.3037358666185197,0.08783203762996215,0.6432984671970599,0.2790092921585721,0.00047231940791320204
13.02,1,seg1,-0.5956639397987369,0.1959322691968831,0.08655350471012987,0.4525001342167532,0.17298068747061424,0.0007267828504586293
13.02,2,seg2,-0.5264976868850898,0.07125039398831128,0.08651931718928357,0.20198463115855017,0.051690633608371665,0.0006906287243391984
13.02,3,seg3,-0.414099884310801,-0.014645356165357861,0.0864215858647047,-0.08987871400627265,-0.028902520724155462,0.0005911331655354818
13.02,4,seg4,-0.2747242096857731,-0.0364540880592899,0.08639603977224898,-0.4056384980694534,-0.044330696041415166,0.0005638102513287335
13.02,5,seg5,-0.14823633378263515,0.02246905568116904,0.08662441285831894,-0.7046846226482422,0.02015900335068889,0.0007904405343527182
13.02,6,seg6,-0.0858112541715206,0.14280728800199588,0.08731039422919983,-0.9368178670451754,0.14289527704524393,0.0014746840102742853
13.040000000000001,0,head,-0.6374195200215528,0.31483558400617884,0.08842736341481776,0.6508446021997445,0.2897620625321376,0.0010676451927688069
13.040000000000001,1,seg1,-0.6046057377651691,0.2004807929560507,0.08711481515011534,0.4616482707231007,0.17709850457598958,0.0012880932904440895
13.040000000000001,2,seg2,-0.5315957208466784,0.0708331869251436,0.08699119281046984,0.20705703300627448,0.05103127672528181,0.0011625043455254641
13.040000000000001,3,seg3,-0.41244653317273844,-0.012770563226559282,0.08677764791918005,-0.09144096769467376,-0.026951166844975196,0.0009471952200108269
13.040000000000001,4,seg4,-0.2719360904081114,-0.034408072202990414,0.08665976363714616,-0.4083260853393842,-0.04215430805757963,0.0008275341162259087
13.040000000000001,5,seg5,-0.14002789705792149,0.015932649011351375,0.08669446087956365,-0.7131948350202304,0.01402065414311588,0.0008604885555974218
13.040000000000001,6,seg6,-0.06151200855358881,0.12569531198653333,0.08716725842139623,-0.9619039617403251,0.1269591258899944,0.0013315482024706948
13.06,0,head,-0.6395977755495391,0.32697299791070966,0.0871161401117973,0.6535980260130246,0.3017820571552424,-0.00024357811025164933
13.06,1,seg1,-0.6127570017454766,0.20504170910251357,0.08587062518389409,0.47000735877838046,0.18126632264413228,4.3903324222840934e-05
13.06,2,seg2,-0.5382650089866431,0.0691138805618105,0.08591948605084257,0.21363693989861945,0.04899651778436703,9.079758589819464e-05
13.06,3,seg3,-0.4113320534220018,-0.013723342358853214,0.0860121142385943,-0.09259952870511387,-0.027849826722074505,0.00018166153942507368
13.06,4,seg4,-0.2681223894035583,-0.031717362969222514,0.08632606837932195,-0.41200741037760336,-0.039285148338446596,0.0004938388584017073
13.06,5,seg5,-0.13485620270239232,0.013379496734719321,0.08678459128853029,-0.7184821773494932,0.011716523038958189,0.0009506189645640678
13.06,6,seg6,-0.041862353512425746,0.11575082122232269,0.08738478659381234,-0.9820046237261613,0.11796105790357996,0.0015490763748867986
13.08,0,head,-0.6337355155700019,0.3332510606871349,0.08786681444713232,0.6480411904175161,0.3083319993269031,0.0005070962250833672
13.08,1,seg1,-0.6159680367434942,0.20927953657552692,0.08702612510931107,0.47341643944549044,0.1853465305375845,0.0011994032496398244
13.08,2,seg2,-0.5435773588321782,0.06820376613282685,0.08721730117869136,0.21889995663570797,0.047834612462485354,0.0013886127137469895
13.08,3,seg3,-0.4107876775904161,-0.015472841343835888,0.08693964213264693,-0.09322654879982868,-0.029571435721028407,0.0011091894334777086
13.08,4,seg4,-0.26521424226955265,-0.029809881783124974,0.08663877257530732,-0.41482148255740786,-0.03724142575597647,0.0008065430543870711
13.08,5,seg5,-0.13020667839871175,0.015382751975603362,0.08631635108969367,-0.7230310955014093,0.013938785727107408,0.0004823787657274453
13.08,6,seg6,-0.027928053878807122,0.11214356389864769,0.08605851597659354,-0.9960948086477146,0.1150210408059608,0.00022280575766800426
13.1,0,head,-0.6227503878384943,0.336753196254195,0.08755012360070771,0.6372351815998074,0.3123529641644292,0.00019040537865876173
13.1,1,seg1,-0.6176021020597073,0.21374333300661105,0.08621860573925269,0.4752610914936039,0.18972750153235798,0.000391883879581445
13.1,2,seg2,-0.5521513865233828,0.06756871697459359,0.08598370680169518,0.22743404611092913,0.046792232923457105,0.00015501833675080068
13.1,3,seg3,-0.41320447811245853,-0.02004617630931959,0.08575830598914759,-0.09103013818879219,-0.03425460749842862,-7.214671002163386e-05
13.1,4,seg4,-0.2610116106721332,-0.030962965691346888,0.085962963166608,-0.41907422897503727,-0.03819319397801535,0.00013073364568774726
13.1,5,seg5,-0.1270941712506946,0.018368666697456383,0.08651993424711411,-0.7259979719728554,0.017069445637491774,0.0006859619231478903
13.1,6,seg6,-0.021930616740666865,0.11512566194472057,0.08721941058462371,-1.001943527799689,0.11828518621619591,0.0013837003656981678
13.120000000000001,0,head,-0.6109959424749525,0.3380423770154966,0.08828925540028731,0.6255554092609688,0.31420009462454807,0.0009295371782383627
13.120000000000001,1,seg1,-0.6165253832766,0.2170243871515069,0.08726587305597287,0.47434174270731955,0.19305608042560413,0.0014391511963016274
13.120000000000001,2,seg2,-0.5576825705086828,0.067481171162689,0.08715908410790878,0.2329547962143808,0.046441549533226115,0.001330395642964402
13.120000000000001,3,seg3,-0.4152224304924894,-0.023068509666098278,0.08667609282078584,-0.08915830944527418,-0.03736955338590284,0.0008456401216166143
13.120000000000001,4,seg4,-0.2576987045869675,-0.03071973760594678,0.08642467864451826,-0.4223718055999831,-0.037792575665896846,0.0005924491235980156
13.120000000000001,5,seg5,-0.12555732276797987,0.02377216117347799,0.08656211620697567,-0.7272759191777594,0.022539958113686025,0.0007281438830094439
13.120000000000001,6,seg6,-0.024249540485035734,0.12395053348377,0.08683923790140952,-0.9992072436845885,0.12698969736008855,0.0010035276824839762
13.14,0,head,-0.5953480879099876,0.3368802519289832,0.0874464554555565,0.6098699783198693,0.31378398962853454,8.673723350755003e-05
13.14,1,seg1,-0.6110823713703754,0.21800610324709818,0.08642828319427494,0.46895161958777193,0.19429572467145978,0.0006015613346036924
13.14,2,seg2,-0.5608804763801457,0.0667558430814446,0.08640840893122527,0.23611455912110632,0.04556485051974014,0.0005797204662808947
13.14,3,seg3,-0.41982255862780654,-0.02622817059681005,0.08613694295138308,-0.08471376645356914,-0.040744560593382016,0.0003064902522138535
13.14,4,seg4,-0.2578511971497382,-0.031002815411169473,0.0860586341968022,-0.4222329578969099,-0.03808259004632933,0.00022640467588194713
13.14,5,seg5,-0.12864587515035136,0.028412696668182247,0.08644547363631391,-0.7239700169020196,0.02702824683420673,0.0006115013123476898
13.14,6,seg6,-0.0326684929412671,0.13577586986859913,0.08689478938348795,-0.9902350465608066,0.13840096459211865,0.0010590791645624098
13.16,0,head,-0.5814187349305611,0.3335041932194206,0.08764362209870682,0.59579573751262,0.3110746737527895,0.0002839038766578733
13.16,1,seg1,-0.6049685600403879,0.21705132752922207,0.08644266258752459,0.4627992967834012,0.19363299564926903,0.0006159407278533424
13.16,2,seg2,-0.5618257571296491,0.064825417507379,0.08625826204509189,0.23696689710955046,0.04359162510289233,0.0004295735801475159
13.16,3,seg3,-0.4235109381012089,-0.029197535997228623,0.08605403482249854,-0.08117088257958673,-0.04388609650351959,0.00022358212332931893
13.16,4,seg4,-0.26093062701099107,-0.030851005771514756,0.08617791528526224,-0.4191497925434835,-0.03807750679573705,0.00034568576434199083
13.16,5,seg5,-0.13373965748101954,0.035323550793461445,0.08682157084964638,-0.7185531091920995,0.03368884996253989,0.0009875985256801584
13.16,6,seg6,-0.04712868647989915,0.1480159820438038,0.08761027020963055,-0.9752087140013708,0.14993902651905688,0.001774559990705013
13.18,0,head,-0.5666216334066262,0.3283933812892658,0.08769340316289849,0.5807721720869695,0.3066738676933025,0.0003336849408495379
13.18,1,seg1,-0.597104589591433,0.2141531282229408,0.08688695554330812,0.4548063077422175,0.19111233767524496,0.001060233683636877
13.18,2,seg2,-0.5616256124915303,0.06304287235559625,0.08702874936396533,0.23668214544232705,0.04182062493848653,0.0012000608990209577
13.18,3,seg3,-0.42542923620606865,-0.03170810926706546,0.08667902711124696,-0.07937423981381972,-0.04648511949957147,0.0008485744120777378
13.18,4,seg4,-0.2656269604060791,-0.029667495784785797,0.08637846435429102,-0.41440245572830714,-0.03711884293003085,0.0005462348333707678
13.18,5,seg5,-0.14224509930893225,0.044050681663800266,0.08647600979010354,-0.7096419686301159,0.04200130614552644,0.0006420374661373213
13.18,6,seg6,-0.06747806381792995,0.16184408382335877,0.08679636578670387,-0.9542242961058672,0.16278300419023453,0.0009606555677783291
13.200000000000001,0,head,-0.5520985926960426,0.32192431768058,0.08768220593011321,0.5659577158368857,0.300903306070103,0.0003224877080642563
13.200000000000001,1,seg1,-0.5890350394128321,0.20943735134229094,0.08657642782581192,0.44652147085889266,0.18678594547351005,0.0007497059661406708
13.200000000000001,2,seg2,-0.5607094741661127,0.06030798118588222,0.08647239923403977,0.23563688791103873,0.039132433011797016,0.0006437107690953903
13.200000000000001,3,seg3,-0.42734007900464765,-0.03418985139642633,0.0861111594308768,-0.0775836717923549,-0.04905498921562718,0.0002807067317075751
13.200000000000001,4,seg4,-0.2713262747583126,-0.028554448466448747,0.08609125006876354,-0.408656627863234,-0.036278295156342816,0.0002590205478432972
13.200000000000001,5,seg5,-0.1541950763084974,0.05059196246830759,0.08657790645252297,-0.6973942236028329,0.04796645883308182,0.0007439341285567502
13.200000000000001,6,seg6,-0.09053559564745581,0.17532028336404953,0.08728554098890748,-0.9305515398823103,0.17514659350956677,0.0014498307699819385
13.22,0,head,-0.5394077733499308,0.31465261550241175,0.08762861738536802,0.5529352061466588,0.29424381738136335,0.0002688991633190696
13.22,1,seg1,-0.5816560771048247,0.20403241159952704,0.08640709968874885,0.4388936411083827,0.1817383052666529,0.0005803778290776052
13.22,2,seg2,-0.5593693298250297,0.05769966702919843,0.08633496087859499,0.23417412878763175,0.03659085371111516,0.0005062724136506158
13.22,3,seg3,-0.42903406429707397,-0.03567048328942521,0.08618791225105739,-0.07596207131751213,-0.050614562514040846,0.0003574595518881646
13.22,4,seg4,-0.2778930255376971,-0.026680882888788466,0.08650749089808774,-0.40200815234710074,-0.03471937338822148,0.0006752613771674881
13.22,5,seg5,-0.16662194428641644,0.058503954230289056,0.08725338466208528,-0.6846048939178498,0.055278073400047915,0.0014194123381190554
13.22,6,seg6,-0.11556380335463906,0.18682777211896626,0.08816257506969297,-0.9050040344770405,0.1854499155943068,0.0023268648507674267
13.24,0,head,-0.5286330849544381,0.3072242339821898,0.08766822085078324,0.541819199626018,0.2873366355355092,0.000308502628734289
13.24,1,seg1,-0.5750216786434091,0.19848770884929168,0.0867177526460774,0.432002880012892,0.17651562558529948,0.0008910307864061495
13.24,2,seg2,-0.5574516799354212,0.05481105949281076,0.08681719932648287,0.23212117894076445,0.033796782930991094,0.0009885108615384913
13.24,3,seg3,-0.4312421789642126,-0.03644518171120507,0.08648091720612631,-0.07379332767374179,-0.05149347037892396,0.0006504645069570908
13.24,4,seg4,-0.2851424707646287,-0.02369909837247915,0.08643656183133487,-0.39462501426468105,-0.032085978801294095,0.0006043323104146237
13.24,5,seg5,-0.18000344313411856,0.06852138495435509,0.0867759155723753,-0.6707618142840454,0.0646473090122758,0.0009419432484090717
13.24,6,seg6,-0.14242551639131343,0.19809025358818222,0.08747237363009869,-0.8776367615494878,0.19542124893259366,0.0016366634111731476
13.26,0,head,-0.5208677241954452,0.29998784020321567,0.08731336751810904,0.5337182477997832,0.28047800577839727,-4.635070393990692e-05
13.26,1,seg1,-0.5707254979932695,0.19263477954712505,0.086154393813084,0.42743301833214364,0.1708737895532895,0.0003276719534127531
13.26,2,seg2,-0.5560928395897416,0.05038343571712517,0.08613584466493154,0.2305531615095364,0.02943884526285758,0.0003071561999871686
13.26,3,seg3,-0.4344894382383494,-0.037836681082174375,0.08600914262653156,-0.07061597131019516,-0.05303793463250912,0.00017868992736233547
13.26,4,seg4,-0.2916567980098192,-0.020694064880799827,0.0862847253924078,-0.387975054741316,-0.029394376290372212,0.000452495871487546
13.26,5,seg5,-0.1928370476189654,0.0779188819571741,0.08693621388411511,-0.6574955116994613,0.07342338841653322,0.0011022415601488894
13.26,6,seg6,-0.16766708748579873,0.20969009230641367,0.08787798076386795,-0.8518717394578128,0.2058066620758961,0.0020422705449424094
13.280000000000001,0,head,-0.5167181066900144,0.2945544901494636,0.08766340053426319,0.5293147515541411,0.2752482984193618,0.00030368231221424014
13.280000000000001,1,seg1,-0.5692478207455768,0.18771603207815357,0.08665146711388014,0.42572292539140966,0.16603094030457147,0.0008247452542088918
13.280000000000001,2,seg2,-0.5564651574298214,0.046997987221184354,0.08670496548036438,0.23076393924528465,0.026039513734635793,0.0008762770154200072
13.280000000000001,3,seg3,-0.4369049612293473,-0.03887524983112237,0.0864434721389259,-0.06825261231727416,-0.05419028468183835,0.0006130194397566818
13.280000000000001,4,seg4,-0.29692563334129185,-0.017438761439641168,0.08647755929286975,-0.38255726515234717,-0.026393512712815703,0.0006453297719495044
13.280000000000001,5,seg5,-0.20483759570989046,0.08705783108887785,0.08691521700741148,-0.6450736262166993,0.08198085923178064,0.0010812446834452538
13.280000000000001,6,seg6,-0.19231547187361228,0.22115914298732794,0.08776447777179457,-0.8267054563109952,0.21608966596399962,0.0019287675528690262
13.3,0,head,-0.5150762959107839,0.28955569268215237,0.08719396078479985,0.5274369013723229,0.2703333012221603,-0.00016575743724910053
13.3,1,seg1,-0.570066595728305,0.18229604425378385,0.08610243339930065,0.4262828278129564,0.16057812729046708,0.00027571153962940853
13.3,2,seg2,-0.5583367371801911,0.0429686795614804,0.08621483935529595,0.2324416379011306,0.021925700637505555,0.000386150890351572
13.3,3,seg3,-0.4397634449202302,-0.04038881612013502,0.08616756319004575,-0.06546940034573015,-0.055838175164456286,0.00033711049087652156
13.3,4,seg4,-0.30050532371712113,-0.013618006168561044,0.08638377340552995,-0.3787997958845775,-0.022747449256303655,0.0005515438846097065
13.3,5,seg5,-0.21574804385104146,0.09593189539375112,0.08695531517367722,-0.6337532117168998,0.09032562474491632,0.0011213428497109934
13.3,6,seg6,-0.21595076286389445,0.2314640757058105,0.0878006889017129,-0.8026065206139149,0.22525808549727508,0.0019649786827873605
13.32,0,head,-0.5148868104290842,0.28562088372601563,0.08742859155266382,0.5270603675404881,0.26641196872636924,6.887333061486589e-05
13.32,1,seg1,-0.5713140151755061,0.1789787640325333,0.08646476093674466,0.42737095979064815,0.15720523948587103,0.0006380390770734101
13.32,2,seg2,-0.5598833593299561,0.0398750847228037,0.08658474882584968,0.23383927905107002,0.018762005279916394,0.0007560603609053085
13.32,3,seg3,-0.44187275959482536,-0.04116859485836508,0.08637297482427579,-0.06339958652234792,-0.05671745555946732,0.0005425221251065676
13.32,4,seg4,-0.3036557653170337,-0.009515648940490085,0.08633221584513973,-0.37545768717475425,-0.01879967438024363,0.0004999863242194785
13.32,5,seg5,-0.22566852148525585,0.10568105153845903,0.08673394253950718,-0.623379999132068,0.09959160460059051,0.00089997021554096
13.32,6,seg6,-0.23802949201046322,0.24010160317437354,0.08758748941646691,-0.7801417371473434,0.23283506809241228,0.0017517791975413671
13.34,0,head,-0.5157017691547175,0.2818050470477868,0.0870868993516725,0.5276928018246078,0.2625616707956234,-0.0002728188703764456
13.34,1,seg1,-0.573216241028835,0.1750240569085775,0.08602935327425598,0.4290828201677449,0.1531644839028076,0.00020263141458473632
13.34,2,seg2,-0.5620459381120286,0.03721017689014947,0.08618003372969545,0.23587258069895362,0.01599719694058232,0.0003513452647510712
13.34,3,seg3,-0.4436992104560455,-0.04159497576721398,0.08614581202013849,-0.061595497299089016,-0.05723027668033439,0.0003153593209692662
13.34,4,seg4,-0.30615306760737176,-0.00509208564782614,0.0862931082541888,-0.3727526910485082,-0.01449997358948426,0.0004608787332685549
13.34,5,seg5,-0.23465876674440253,0.11509745188676997,0.08680524183086323,-0.6139518011777714,0.10856947676868374,0.0009712695068970073
13.34,6,seg6,-0.2582996781776715,0.2476571965211516,0.08766013419495089,-0.759534938134534,0.2394174136073396,0.0018244239760253494
13.36,0,head,-0.5165334188070896,0.27853122026599425,0.08707724427016858,0.5283677031313903,0.2592519742585645,-0.0002824739518803715
13.36,1,seg1,-0.5741312898402853,0.17305930848577375,0.08610939181680019,0.4299033270019762,0.15115841330906366,0.0002826699571289448
13.36,2,seg2,-0.5630091585467596,0.03566285961207283,0.08631019502311847,0.23676107070427863,0.014405791940209346,0.0004815065581740968
13.36,3,seg3,-0.44474981630967203,-0.041183671705615994,0.08626601364318975,-0.0605265073649603,-0.05686943847368507,0.0004355609440205299
13.36,4,seg4,-0.30837173039918103,-0.00048080640758909644,0.08633265126965359,-0.37031708502651844,-0.009999508711218267,0.0005004217487333401
13.36,5,seg5,-0.24330671076928148,0.12423819872741698,0.08675898845463782,-0.604878635327654,0.11728829836978338,0.0009250161306715993
13.36,6,seg6,-0.2774036573397257,0.2541120707023336,0.0875922975792015,-0.7401454094467622,0.24495578861691775,0.0017565873602759657
13.38,0,head,-0.5173610979915699,0.27586183804285014,0.08703702099791318,0.5290674048307416,0.2565462263365573,-0.00032269722413577617
13.38,1,seg1,-0.5747530979664056,0.17123635102721596,0.08615855980760029,0.4304376734557856,0.14930792874856408,0.0003318379479290423
13.38,2,seg2,-0.5634284560591448,0.03450078345685299,0.0864233008019649,0.237124588276725,0.013225077593336009,0.0005946123370205308
13.38,3,seg3,-0.4452580954278658,-0.04028721485854571,0.0863750361394622,-0.05997614054977065,-0.0559981871268456,0.00054458344029297
13.38,4,seg4,-0.3102926661772105,0.004376179650334161,0.08636120447442548,-0.3681671751291602,-0.005239446183982976,0.0005289749535052346
13.38,5,seg5,-0.25165927329548343,0.13276153154236622,0.08670250832517709,-0.5961298998722542,0.1254044631631837,0.0008685360012108678
13.38,6,seg6,-0.29552522040414264,0.25962289716846354,0.08750930568876732,-0.7217821122189692,0.24959794017910486,0.0016735954698417765
13.4,0,head,-0.5180243083027497,0.2738196869767794,0.08701086401331885,0.5296326748260898,0.25447482615171113,-0.0003488542087300983
13.4,1,seg1,-0.5752684424379353,0.16923383283796567,0.08609613622494844,0.43085713134413933,0.1472831536740304,0.000269414365277193
13.4,2,seg2,-0.5635595786041421,0.03339424278571574,0.08634172612099908,0.237202900427789,0.012113550452112603,0.0005130376560547045
13.4,3,seg3,-0.4453900027833763,-0.039253983928990974,0.0863161936720469,-0.05979520975590055,-0.05497240461965619,0.0004857409728776796
13.4,4,seg4,-0.31200642374122345,0.009267200158034174,0.08634568873653298,-0.36622258894253307,-0.00043552787102546644,0.0005134592156127299
13.4,5,seg5,-0.25989010880816227,0.14077245820890655,0.08673441133297714,-0.5875271396248376,0.1330145955807401,0.0009004390090109199
13.4,6,seg6,-0.3130027887544579,0.2640598017313081,0.08757365490105101,-0.7041131894313174,0.2531980353210377,0.0017379446821254724
13.42,0,head,-0.5183916216723378,0.2725172792437283,0.08700127715525055,0.5299375885836739,0.25315641323649957,-0.00035844106679840115
13.42,1,seg1,-0.5754810033457612,0.16712524831648995,0.08614014718384656,0.4309691009116451,0.14516684234540359,0.00031342532417531765
13.42,2,seg2,-0.5630316209573034,0.03224562977615242,0.08644150140284837,0.23662087691769199,0.010991365192777469,0.0006128129379039948
13.42,3,seg3,-0.4450983887020375,-0.03805996066948878,0.08640828612839771,-0.06002966816965516,-0.05376585600113004,0.0005778334292284859
13.42,4,seg4,-0.31363068554136075,0.014134422103456253,0.0863650087343506,-0.3643685297178493,0.004348878074607469,0.0005327792134303538
13.42,5,seg5,-0.26809790623119795,0.14821037723942942,0.08668927713084412,-0.5789746615966951,0.14005346605931104,0.000855304806877899
13.42,6,seg6,-0.33003181852603625,0.267466862841857,0.08752124668059376,-0.686941308667155,0.255790800517161,0.001685536461668219
13.44,0,head,-0.5185626234088336,0.27179304331294346,0.08701066883922819,0.5300739291556228,0.252424859734862,-0.00034904938282076525
13.44,1,seg1,-0.5755368995911612,0.16493042769789062,0.0861027705766564,0.43092047923902044,0.14297184852513428,0.00027604871698515276
13.44,2,seg2,-0.5622431755441786,0.031268813329572535,0.08639134375859873,0.23578683684185914,0.010053178808503042,0.00056265529365436
13.44,3,seg3,-0.44467764715668,-0.036690784526121414,0.08636871813585194,-0.060384771960889747,-0.05237820761015668,0.0005382654366827139
13.44,4,seg4,-0.31529654508046023,0.018795124168084175,0.08635094386944987,-0.3624827484589379,0.008925018455170212,0.0005187143485296253
13.44,5,seg5,-0.27608026956113624,0.15490485162919343,0.08671483735760181,-0.5706827437891211,0.14636046302718592,0.0008808650336355889
13.44,6,seg6,-0.34635749589357717,0.27004398189329193,0.08757621016115646,-0.6705114814322899,0.25758803759601545,0.0017404999422309247
13.46,0,head,-0.5185909138541381,0.27158993175592716,0.08698683373830467,0.5300925211817479,0.2522206319442619,-0.0003728844837442846
13.46,1,seg1,-0.5753891716422672,0.16289175616027154,0.08608272874834416,0.43067589545428075,0.14094251761140325,0.0002560068886729161
13.46,2,seg2,-0.5608552443820121,0.029962377608648238,0.08640137917236988,0.2343383032598155,0.00881427701040344,0.0005726907074255078
13.46,3,seg3,-0.44405032735336464,-0.035590777521141814,0.0864050018738434,-0.06095903006921045,-0.05124959201058286,0.0005745491746741715
13.46,4,seg4,-0.31698302434470693,0.022896607118926625,0.08637013610884985,-0.3606029848586831,0.012941592058599304,0.0005379065879295986
13.46,5,seg5,-0.28397433422940155,0.1609280704125374,0.08670522758550016,-0.5625109705835227,0.15200116725352766,0.0008712552615339347
13.46,6,seg6,-0.36200814983603996,0.27160456096791763,0.08755954500715453,-0.6548042913034265,0.25840201186063944,0.0017238347882289895
13.48,0,head,-0.5186003140816842,0.27170677574708885,0.08698201096610153,0.5301074715266482,0.25233689616806215,-0.00037770725594742094
13.48,1,seg1,-0.5753832664774967,0.16151452329299032,0.08594793762113676,0.4306044525433984,0.13956712633901086,0.00012121576146550961
13.48,2,seg2,-0.5597053086242639,0.028673760364827296,0.0861665084941585,0.23312834341283106,0.007581846965090852,0.0003378200292141198
13.48,3,seg3,-0.44274506767742405,-0.0350018618170756,0.08618033639927804,-0.06223478341738562,-0.05059922448176498,0.0003498837001088134
13.48,4,seg4,-0.3181450848602022,0.025851325712142333,0.08626706104083112,-0.35930162190047826,0.015837658538792345,0.0004348315199108749
13.48,5,seg5,-0.2911092396151486,0.16589317094497494,0.08671608674376981,-0.5551478537741503,0.1566210816474701,0.0008821144198035841
13.48,6,seg6,-0.3766890834679446,0.27223536873800097,0.08760763490610726,-0.6401099717988864,0.25833341870134835,0.0017719246871817224
13.5,0,head,-0.5185249109688106,0.2721678593889928,0.08696482228339013,0.5300540974690393,0.25280104588984925,-0.00039489593865882355
13.5,1,seg1,-0.5754051944105026,0.16096846385552005,0.08588987479938914,0.43060036789764483,0.1390206420673574,6.31529397178976e-05
13.5,2,seg2,-0.5590650188377649,0.02803480975396152,0.08608586484452216,0.23245837059402608,0.006974092643143313,0.0002571763795777837
13.5,3,seg3,-0.4413809562707756,-0.034561220875519924,0.08609992333328116,-0.06357637841384567,-0.05009416286733392,0.0002694706341119374
13.5,4,seg4,-0.3190290206835254,0.027524359633406915,0.08624155507288933,-0.35833906565300166,0.017466728982893132,0.0004093255519690836
13.5,5,seg5,-0.2969458060556459,0.16926577451150202,0.08670511535987852,-0.5491573939024964,0.159712093319074,0.0008711430359122918
13.5,6,seg6,-0.38939467066698735,0.27194106608520036,0.08757244339919706,-0.6274327877354672,0.25743477287136446,0.0017367331802715241
13.52,0,head,-0.5183959902586533,0.27294677690450514,0.08698329004470953,0.529962392613942,0.25358521632095843,-0.000376428177339419
13.52,1,seg1,-0.5753267048487453,0.1606005786606601,0.08592740349826522,0.43050445910272483,0.1386569091557879,0.00010068163859397461
13.52,2,seg2,-0.5585616424640063,0.0276986950515067,0.08614702020668061,0.23193956843385047,0.00666231518174334,0.000318331741736233
13.52,3,seg3,-0.4403804097596509,-0.03426739826023395,0.08613796167018187,-0.06456180776412528,-0.049753055779069265,0.0003075089710126433
13.52,4,seg4,-0.3199611848030012,0.02819683002170362,0.08626466891029569,-0.3573759539746412,0.018094074393090492,0.00043243938937544135
13.52,5,seg5,-0.30165300593896843,0.1708377549653814,0.08668929092737433,-0.5443807150594825,0.16105827031980519,0.000855318603408109
13.52,6,seg6,-0.39940778758409956,0.2701923775987069,0.0875384692885735,-0.6175142393368175,0.2552115276148914,0.001702759069647966
13.540000000000001,0,head,-0.5183867553227154,0.27399212748023366,0.08706179644835652,0.5300029178373759,0.25462982190034317,-0.0002979217736924361
13.540000000000001,1,seg1,-0.5752330819399915,0.16036951893566972,0.08595888661640959,0.4303999458239682,0.13843056689256886,0.00013216475673834271
13.540000000000001,2,seg2,-0.5580244102605625,0.027425437408431754,0.08613645700349798,0.23138994026177806,0.006414934801860385,0.0003077685385536044
13.540000000000001,3,seg3,-0.43953995231184445,-0.03412118606873996,0.08609083386876122,-0.06539435443642845,-0.049567010717675844,0.0002603811695919972
13.540000000000001,4,seg4,-0.32059269106000804,0.0284844754092847,0.08624404919289684,-0.35673147383925097,0.018351339580556406,0.0004118196719765932
13.540000000000001,5,seg5,-0.3050134130676919,0.17065975929304086,0.08672297666846814,-0.541032586713287,0.16072054986401862,0.0008890043445019119
13.540000000000001,6,seg6,-0.4064723805087516,0.26685281098709623,0.08760432329565902,-0.6106165860347263,0.25153953125563977,0.001768613076733483
13.56,0,head,-0.5184867040424542,0.2752515810567286,0.08719321466314667,0.5301626924602021,0.2558830916749025,-0.00016650355890228397
13.56,1,seg1,-0.5751092426365225,0.1601736328914577,0.08605786607786967,0.43026692435371,0.13824079649485135,0.00023114421819842024
13.56,2,seg2,-0.5575568023077633,0.027285593464610222,0.08619647589866235,0.23091620679267513,0.006297503433082283,0.0003677874337179726
13.56,3,seg3,-0.43892415093759035,-0.03412773977436011,0.08608620876366468,-0.06600976993839604,-0.049544250149015846,0.0002557560644954604
13.56,4,seg4,-0.3208928595834949,0.028388421934341074,0.08622504956664377,-0.3564362167596427,0.018241109505389434,0.00039282004572352425
13.56,5,seg5,-0.3069186563918974,0.1689247886864745,0.08676507180707997,-0.5392120719207111,0.15889687198138736,0.0009310994831137481
13.56,6,seg6,-0.41077565324035786,0.2624074286320823,0.08770949970280148,-0.6065297513559701,0.2468943872545567,0.00187378948387594
13.58,0,head,-0.5188582274403447,0.27665778526803986,0.08729157071073518,0.5306007181043367,0.2572700211807406,-6.814751131377361e-05
13.58,1,seg1,-0.5750982642642968,0.16026592840084927,0.08607760731232006,0.4302603508935241,0.1383335098991234,0.00025088545264881357
13.58,2,seg2,-0.5572503393690373,0.02724264941265741,0.08617433487591218,0.23060804734350535,0.006269193041214464,0.00034564641096780646
13.58,3,seg3,-0.4386442035044367,-0.03435698298051891,0.08607427021926778,-0.0663003101642153,-0.04975991050715509,0.00024381752009855484
13.58,4,seg4,-0.32064926867991483,0.028162351056443463,0.08626630701653251,-0.3566902906763938,0.01802688762284331,0.0004340774956122645
13.58,5,seg5,-0.3071015251664077,0.16613792644716516,0.08689880786505279,-0.5391620410267175,0.1561044645900492,0.0010648355410865645
13.58,6,seg6,-0.4125504908229557,0.2577690700278345,0.08784353683019547,-0.6049776708339434,0.24217681743114464,0.002007826611269928
13.6,0,head,-0.5195874103540579,0.2781588504774175,0.08731173542276874,0.5314005125632892,0.2587346826801482,-4.798279928021343e-05
13.6,1,seg1,-0.5751652572115021,0.16060018269313509,0.08603448441039217,0.4303431755591862,0.13866419715567344,0.00020776255072092742
13.6,2,seg2,-0.5570181941504956,0.027330702721479697,0.08613395111630213,0.23038035575168922,0.006368194691180515,0.00030526265135776
13.6,3,seg3,-0.4385004801647147,-0.034836295502063255,0.08610692579213632,-0.06646668180212037,-0.05023183991902708,0.00027647309296709166
13.6,4,seg4,-0.31994768404109447,0.027078671374507583,0.08637508852077802,-0.3574426541717104,0.016977825265618918,0.0005428589998577732
13.6,5,seg5,-0.3055750906761785,0.1628279639935183,0.08705428211584314,-0.5408442716348112,0.15287089784749572,0.001220309791876914
13.6,6,seg6,-0.41181808334162284,0.25398278289058474,0.08792536062463296,-0.6058894431126782,0.23842967687918595,0.0020896504057074244
13.620000000000001,0,head,-0.5203135174293116,0.27963809391008526,0.0873351665755255,0.5321961961401963,0.26017769351282677,-2.4551646523457427e-05
13.620000000000001,1,seg1,-0.574952634371095,0.1610084190186987,0.08615467995082735,0.4301502221817888,0.13908208992172236,0.00032795809115609975
13.620000000000001,2,seg2,-0.5565836216498583,0.02755385676210495,0.08631465908046877,0.22995689588336013,0.006611777785931511,0.0004859706155243976
13.620000000000001,3,seg3,-0.43860484052767534,-0.03561250727138104,0.08622594705134055,-0.06639938069433712,-0.05101213880860207,0.00039549435217133
13.620000000000001,4,seg4,-0.31911769554347563,0.024605700083311668,0.08635429232345787,-0.3583893943595104,0.014547156442017848,0.0005220628025376234
13.620000000000001,5,seg5,-0.3027130123141913,0.159257557119923,0.0869507892872547,-0.5438730275937682,0.14944074695671075,0.0011168169632884833
13.620000000000001,6,seg6,-0.4085364557770915,0.25141510298028213,0.08785258029377808,-0.6092895516998383,0.23602108368220248,0.0020168700748525448
13.64,0,head,-0.5213100233593663,0.2810442084995325,0.08734582083156672,0.5332584918756815,0.2615347897060197,-1.3897390482228711e-05
13.64,1,seg1,-0.5748912975439081,0.16153167753790235,0.08614183335454906,0.43011385746050323,0.1396076746354773,0.0003151114948778122
13.64,2,seg2,-0.5564376939265128,0.02778449202815836,0.08630953535949856,0.2298221097672636,0.006849096620609012,0.0004808468945541877
13.64,3,seg3,-0.43908647039878884,-0.03677430092502598,0.08625242485776712,-0.06597358794809886,-0.052195537458089296,0.0004219721585978914
13.64,4,seg4,-0.31835761353298114,0.021199130643248944,0.08640171304036802,-0.3593107385130489,0.011180620393886396,0.0005694835194477721
13.64,5,seg5,-0.2991466117509712,0.1554143084250985,0.08699087303990732,-0.5476182926012615,0.1457715830832759,0.0011569007159411004
13.64,6,seg6,-0.4032083571932133,0.24939329505120153,0.08786400779061825,-0.6147078336136046,0.2342551383485045,0.0020282975716927054
13.66,0,head,-0.5224375738091807,0.28237006223629546,0.08734575870050154,0.5344478639165572,0.2628054793992326,-1.3959521547410314e-05
13.66,1,seg1,-0.5748394282041732,0.16225978699830626,0.08611807699858166,0.4300966986415844,0.14033742760029871,0.000291355138910418
13.66,2,seg2,-0.5564739019363274,0.028133619373497173,0.08630661341731988,0.22987489220772075,0.007196105175571929,0.0004779249523755025
13.66,3,seg3,-0.43981051079722616,-0.03826366565277108,0.08631170878435412,-0.06532124891827433,-0.053717672662629445,0.00048125608518490015
13.66,4,seg4,-0.3174618239238185,0.016870968232188602,0.08650654292884828,-0.36041149639101006,0.006899994157635038,0.0006743134079280344
13.66,5,seg5,-0.2944022264816361,0.15075206412472897,0.08707986705944508,-0.5525791846712598,0.14134041355729415,0.0012458947354788558
13.66,6,seg6,-0.39618186103746866,0.247797105109589,0.08788478697367076,-0.6218023328685667,0.23299515784372993,0.0020490767547452216
13.68,0,head,-0.5235236592499168,0.2836345363553504,0.08733979225323385,0.5355928967910722,0.2640168324024961,-1.9925968815101558e-05
13.68,1,seg1,-0.5746375110060592,0.1632320668502483,0.08619134347252425,0.42994128239565443,0.1413182152714474,0.000364621612853
13.68,2,seg2,-0.5565605455635884,0.02872337183075042,0.08642803906339766,0.22998950480182598,0.007781065885580373,0.0005993505984532854
13.68,3,seg3,-0.4407987567854925,-0.03991636584636456,0.08639250986996509,-0.06441277703644371,-0.0554155321688899,0.0005620571707958683
13.68,4,seg4,-0.316638295622359,0.011665579950993585,0.0864826230909324,-0.36148182324686257,0.0017396970302460421,0.0006503935700121477
13.68,5,seg5,-0.28871708603641427,0.14491857091961827,0.08696703908845871,-0.5585355073082137,0.1357840941372496,0.0011330667644924852
13.68,6,seg6,-0.38735171200077584,0.2460052011539088,0.08777538851058382,-0.6307077555661761,0.2316255234527197,0.001939678291658281
13.700000000000001,0,head,-0.5246075139532932,0.28487769361932525,0.08731815095027878,0.536734686956973,0.26520699886898463,-4.156727177016817e-05
13.700000000000001,1,seg1,-0.5743126494281342,0.16452807922955337,0.0862300698118945,0.42967846796324866,0.14262821973946235,0.0004033479522232569
13.700000000000001,2,seg2,-0.5566831384621962,0.0295940802714401,0.08649444705624626,0.23015339702069362,0.008644953348200271,0.0006657585913018849
13.700000000000001,3,seg3,-0.4420806117388582,-0.04159235014265262,0.08641791712563854,-0.06321213700452755,-0.05715062265540418,0.0005874644264693141
13.700000000000001,4,seg4,-0.3160358174943099,0.005848266804030975,0.0864202678768965,-0.3623604727637874,-0.0040423516699128565,0.0005880383559762475
13.700000000000001,5,seg5,-0.2824637775182039,0.13770297817698401,0.08683958287309423,-0.5651251302687202,0.12887428116681254,0.001005610549128011
13.700000000000001,6,seg6,-0.37667723079220256,0.243296933428742,0.08765920577002091,-0.6414990316323731,0.22942833798165388,0.001823495551095372
13.72,0,head,-0.5259316072249353,0.2861936499315879,0.08741123498104163,0.5381199080822607,0.2664584486049665,5.1516758992675715e-05
13.72,1,seg1,-0.5740377385085105,0.16592051955014211,0.08621811155587202,0.4294701367299419,0.14403216566339908,0.0003913896962007696
13.72,2,seg2,-0.5568230614117532,0.030632371879607292,0.0864124159001022,0.2303425751708089,0.009675409326358485,0.0005837274351578187
13.72,3,seg3,-0.4434953607079891,-0.0431185315923994,0.08636779512585291,-0.06187162421386044,-0.05874240465083744,0.0005373424266836846
13.72,4,seg4,-0.31558331401691775,-7.667728909321186e-06,0.08647199573692403,-0.36309115561396793,-0.009870115496938088,0.0006397662160037842
13.72,5,seg5,-0.2760006023630034,0.129180617819022,0.08699783542232603,-0.5719865729611733,0.12066916914244434,0.0011638630983598075
13.72,6,seg6,-0.36446153733776737,0.2391975243318193,0.0878218170221916,-0.6538959799399111,0.22591493590372858,0.001986106803266066
13.74,0,head,-0.527437771346478,0.28768911842432277,0.08739185008077352,0.5396955369862754,0.2678805421076632,3.213185872456836e-05
13.74,1,seg1,-0.5737195908799058,0.1676813504459951,0.08624097683906118,0.4292361500021481,0.14580614243003528,0.00041425497938993305
13.74,2,seg2,-0.5568064076325244,0.031787927245319036,0.08647163775762773,0.2303809347573426,0.010830447894418714,0.0006429492926833535
13.74,3,seg3,-0.44485184138267253,-0.04473715114043687,0.08644679443261037,-0.060593712951414934,-0.06042374693220968,0.0006163417334411475
13.74,4,seg4,-0.31524501949554873,-0.006684215370792926,0.0865312510868713,-0.3637468130446871,-0.016522997949759397,0.0006990215659510579
13.74,5,seg5,-0.2690930694383054,0.11925217463524815,0.0870205208514108,-0.5793587873629178,0.11108071514974982,0.0011865485274445697
13.74,6,seg6,-0.3507815013232479,0.23405411520772537,0.08781042445606525,-0.6678052969631789,0.2214284068775172,0.001974714237139713
13.76,0,head,-0.5286937168397964,0.2892928110692341,0.08737334959541936,0.541026381326631,0.26942264538667504,1.3631373370404098e-05
13.76,1,seg1,-0.5731598422389069,0.16954056433571432,0.08624859167703819,0.42876551820731573,0.1476898888414329,0.0004218698173669433
13.76,2,seg2,-0.5568084687598507,0.03324034665917122,0.086481042042318,0.2304521162193593,0.01228112346167805,0.0006523535773736294
13.76,3,seg3,-0.4465008140936238,-0.04640806116988436,0.08641854266385114,-0.05902612965621904,-0.062171240548855096,0.0005880899646819177
13.76,4,seg4,-0.3150309813052578,-0.013987594243935845,0.08644290271985573,-0.364308186715259,-0.02380791489599342,0.0006106731989354852
13.76,5,seg5,-0.2617837515712554,0.10885805310523086,0.08689431752933371,-0.5871544937228822,0.10104623198382773,0.001060345205367491
13.76,6,seg6,-0.33538302648243606,0.22844368413103167,0.08770470669501748,-0.683453331855602,0.2165571679929906,0.0018689964760919414
13.780000000000001,0,head,-0.5302052638523024,0.29108270144024484,0.08747760180115145,0.5426213989709342,0.27113857097521776,0.00011788357910250125
13.780000000000001,1,seg1,-0.5725594700750161,0.17168290745540088,0.08620549377342403,0.4282677834364454,0.14985837699575447,0.00037877191375278174
13.780000000000001,2,seg2,-0.5565041345736381,0.03479838658005317,0.08633630607130038,0.23022227617580038,0.013851881637309046,0.0005076176063560089
13.780000000000001,3,seg3,-0.44840666703859955,-0.0477644658372728,0.08634366288696488,-0.05718698945141541,-0.06361681046282885,0.0005132101877956541
13.780000000000001,4,seg4,-0.3151465652745453,-0.021167064389724058,0.08653639948643604,-0.3645344147357341,-0.030984750696740667,0.0007041699655157968
13.780000000000001,5,seg5,-0.25449596634929095,0.09878430501956019,0.08713348651536772,-0.5949134448166197,0.09133073447440367,0.0012995141914014935
13.780000000000001,6,seg6,-0.31864562889541437,0.2226265018721364,0.08797402784596245,-0.7004486119217661,0.21154313340371644,0.002138317627036909
13.8,0,head,-0.5317274343056702,0.2931570672476161,0.08749808069868496,0.5442405666022169,0.273138144073034,0.00013836247663601142
13.8,1,seg1,-0.5718098474722141,0.17419332350260602,0.08624753492331232,0.42763848444935115,0.1524016240465584,0.00042081306364107063
13.8,2,seg2,-0.5560361514309426,0.036811929793583234,0.08637074891417186,0.22985065064687915,0.015885415251686248,0.0005420604492274855
13.8,3,seg3,-0.4497765043387169,-0.04897406496461061,0.08634025839259879,-0.05587627084452342,-0.06489023145014723,0.0005098056934295658
13.8,4,seg4,-0.31494541307925134,-0.028764015158006473,0.08647655722600182,-0.36509688850945365,-0.038563520150630665,0.0006443277050815766
13.8,5,seg5,-0.24635213206563247,0.08743092774754435,0.08702827929323138,-0.6035883743137875,0.08037779831398957,0.0011943069692651603
13.8,6,seg6,-0.3008493294987187,0.21634624571597816,0.08787619058797884,-0.7185236322767002,0.20611694424932311,0.002040480369053299
13.82,0,head,-0.5333690459505656,0.2954920511965106,0.0875379714027583,0.5459914432663697,0.27539235562942244,0.00017825318070935348
13.82,1,seg1,-0.5707983469312132,0.177259205844028,0.08622828630513037,0.4267740396786545,0.1555121711228944,0.00040156444545912107
13.82,2,seg2,-0.5550458409777953,0.03943526338080548,0.08629465294523662,0.22898631043944817,0.01855290656546749,0.0004659644802922497
13.82,3,seg3,-0.4506648821238353,-0.04942794275271801,0.08627694820875756,-0.0550105003698618,-0.06538587408424382,0.00044649550958833495
13.82,4,seg4,-0.31474585838035124,-0.03571479986485545,0.08648171267296285,-0.36562701465081116,-0.04549693174904574,0.000649483152042607
13.82,5,seg5,-0.23851064875397834,0.07550613390100894,0.08710853984479189,-0.6119884899501877,0.06883970375294969,0.0012745675208256646
13.82,6,seg6,-0.28215505324319645,0.20825800744869555,0.08798893887289928,-0.7375816563775337,0.19892755760496314,0.0021532286539737433
13.84,0,head,-0.535051842549564,0.2982544999017523,0.08762342463018563,0.5478038018627241,0.2780715875269431,0.00026370640813667967
13.84,1,seg1,-0.5696068375208124,0.1807704410087567,0.0863677955545486,0.4257509849722772,0.1590761332613837,0.0005410736948773531
13.84,2,seg2,-0.5536597033339775,0.042428046564154984,0.08643884005295115,0.22774417418084247,0.021608266816710957,0.0006101515880067715
13.84,3,seg3,-0.4512157173583173,-0.04957231762380374,0.08636642775727942,-0.05446716029565659,-0.06555630038114144,0.0005359750581101913
13.84,4,seg4,-0.3142773146838055,-0.042699871196174674,0.08647055490999085,-0.36642745674337734,-0.05245178955892443,0.0006383253890706042
13.84,5,seg5,-0.23012179569224392,0.06323550182940231,0.08700588080359385,-0.6209518140296696,0.05698221293201388,0.0011719084796276286
13.84,6,seg6,-0.26186659583464034,0.1990195726104001,0.08788685440335677,-0.75828679470727,0.19066514700124423,0.002051144184431225
13.86,0,head,-0.5364832897535061,0.3013532508792844,0.08752011046915666,0.5493811009664303,0.28109870269748727,0.0001603922471077046
13.86,1,seg1,-0.5676052155998458,0.1848388250344316,0.08627495700246172,0.4239452511971364,0.1632351673352415,0.00044823514279047905
13.86,2,seg2,-0.5512464318314172,0.04622420891507077,0.08635082982946107,0.2255143018594082,0.025514978652614338,0.0005221413645166983
13.86,3,seg3,-0.4516536536512514,-0.04853397571945681,0.08632328366712119,-0.053980304091174,-0.06453997703538175,0.0004928309679519682
13.86,4,seg4,-0.3141053828071293,-0.04888338134891516,0.08645240202689622,-0.3668934756937089,-0.058620110620377724,0.0006201725059759716
13.86,5,seg5,-0.2218535719631173,0.050912352827819765,0.08698035993598101,-0.6297971448172693,0.04506652377013487,0.0011463876120147848
13.86,6,seg6,-0.24013090212383736,0.18828497115576429,0.08785311231561793,-0.7805087341182582,0.18097714110498359,0.0020174020966923917
13.88,0,head,-0.5381443616514565,0.30536322210491934,0.08770192390661465,0.5512311308188729,0.28502507744087047,0.000342205684565694
13.88,1,seg1,-0.5658208916423519,0.18958115964110386,0.08640844967693846,0.42238864341264354,0.1680570468144068,0.0005817278172672163
13.88,2,seg2,-0.5487454946192531,0.05050241716386059,0.08640076224414181,0.22321980440160166,0.029907362307799234,0.0005720737791974351
13.88,3,seg3,-0.45101139689924574,-0.04725848934033946,0.08630798315112156,-0.054561130914229865,-0.0632353700292832,0.00047753045195234045
13.88,4,seg4,-0.3134368958026088,-0.05482751157389316,0.08641821277115813,-0.3678440946936301,-0.06452569124582837,0.0005859832502378842
13.88,5,seg5,-0.2136819505553075,0.03783033933636763,0.08696740606216556,-0.638582098166717,0.03238823255775539,0.0011334337381993381
13.88,6,seg6,-0.21838705565371597,0.1757218022527303,0.08791034420510205,-0.8028258411315153,0.16946302773425698,0.002074633986176508
13.9,0,head,-0.5393423572294561,0.30995975926752695,0.08742672642258824,0.5526465245618547,0.2895593919253774,6.700820053928691e-05
13.9,1,seg1,-0.5633923331684534,0.19454857772243034,0.08622781066501166,0.42019924313918916,0.173134414744491,0.00040108880534041325
13.9,2,seg2,-0.5454957048042453,0.05540032353839787,0.08632895590581235,0.22020679517532696,0.03495438084315686,0.0005002674408679797
13.9,3,seg3,-0.44979761503786536,-0.045378227702104895,0.08630683689942188,-0.05568405314438544,-0.06129947336364481,0.00047638420025265804
13.9,4,seg4,-0.31233189806368666,-0.06045680511858412,0.08641078343162353,-0.36921574629442705,-0.07009601778036147,0.0005785539107032861
13.9,5,seg5,-0.20508171815329418,0.02442571912537902,0.08685628221812457,-0.6478105301505896,0.019408098371906095,0.0010223098941583436
13.9,6,seg6,-0.19560069617662543,0.16171941039818022,0.08767847892780414,-0.8262527744992051,0.1565609368648701,0.0018427687088786032
13.92,0,head,-0.5416531237588078,0.3155022998441164,0.08777260098066074,0.5552184499862483,0.2949856795704742,0.0004128827586117878
13.92,1,seg1,-0.5616498827071575,0.19942787824100977,0.08649636650080127,0.4186909798027145,0.1780911121195535,0.0006696446411300211
13.92,2,seg2,-0.5418625304653559,0.05993861837294405,0.08651418387602827,0.21679372142713296,0.039660441124274325,0.0006854954110838973
13.92,3,seg3,-0.4480990283143079,-0.04302657583544665,0.08644367171200042,-0.05726879677831194,-0.058869648066693564,0.0006132190128311926
13.92,4,seg4,-0.31127845861343595,-0.06515923017015254,0.08652912004085508,-0.3704917870606819,-0.07474297979911981,0.0006968905199348369
13.92,5,seg5,-0.1973939325223228,0.011088187038957118,0.08698869974755792,-0.6561243564507284,0.006451551674937023,0.0011547274235916977
13.92,6,seg6,-0.17356157026354257,0.14584607478240835,0.08786986314016196,-0.8490223618315643,0.14175446033428726,0.002034152921236418
13.94,0,head,-0.5447618373537078,0.32138095457942395,0.08756696336127699,0.5586034144549665,0.3007097251028648,0.00020724513922804055
13.94,1,seg1,-0.5602584074324617,0.204767116698403,0.08638755711758118,0.4175551830478681,0.18349052287224188,0.000560835257909939
13.94,2,seg2,-0.5381403306488909,0.06516763509908714,0.08651305011373171,0.21332459549760538,0.04506067747826783,0.0006843616487873377
13.94,3,seg3,-0.4459596755133723,-0.04013088036925842,0.08649066094147055,-0.05926791525662264,-0.05587541895909745,0.0006602082423013272
13.94,4,seg4,-0.31004381202034487,-0.0695068725734252,0.08652415736116596,-0.3719319450395121,-0.07902693727702603,0.0006919278402457152
13.94,5,seg5,-0.18978947614737957,-0.002387383252809596,0.08682611728215082,-0.6643615173474191,-0.006646842570329894,0.0009921449581846015
13.94,6,seg6,-0.15163023715260415,0.12836788423007756,0.08755076184115552,-0.8717606557929503,0.12533981733827984,0.001715051622229985
13.96,0,head,-0.5466650343871949,0.32635188993737796,0.08754552579559956,0.5607410287142506,0.30558445202439793,0.00018580757355060595
13.96,1,seg1,-0.5576684942070148,0.21029771990644447,0.0863757592431281,0.41523141362340055,0.18913811687508209,0.0005490373834568518
13.96,2,seg2,-0.5334780156160635,0.07055971849516235,0.08649423133656145,0.20892418017888126,0.05066853712658332,0.0006655428716170753
13.96,3,seg3,-0.4435113586708555,-0.036956858835285954,0.08646773293333626,-0.06156240175883921,-0.052588475127854924,0.0006372802341670369
13.96,4,seg4,-0.30849417223622994,-0.07389131748404472,0.08645930760272873,-0.3736884907693808,-0.08333266459462459,0.0006270780818084798
13.96,5,seg5,-0.18274095810109192,-0.017144669593489478,0.08670615817980039,-0.6721043685146046,-0.02105195841814737,0.000872185855834165
13.96,6,seg6,-0.13019078398210482,0.10924570934708826,0.087366056528119,-0.8940858666816077,0.10725964357695089,0.0015303463091934644
13.98,0,head,-0.5484257569335562,0.3313521140847277,0.08747838803043517,0.5627377238204748,0.31049521510783124,0.00011866980838622088
13.98,1,seg1,-0.5546746939600535,0.21647450585008324,0.08630217207424952,0.41253496756655095,0.19545038296367812,0.0004754502145782741
13.98,2,seg2,-0.5280909909719297,0.07677690492014926,0.08641663083927448,0.20383914423296684,0.05713505481264731,0.0005879423743301027
13.98,3,seg3,-0.4397408247322738,-0.03313112857327387,0.08643960910148199,-0.06514659140690225,-0.04858763486805698,0.000609156402312766
13.98,4,seg4,-0.3071682619854496,-0.07753293841561355,0.08653374335404769,-0.3751862084451441,-0.08690705723757383,0.0007015138331274429
13.98,5,seg5,-0.17638619406662143,-0.03164375835007931,0.08684771996846016,-0.6791419637874369,-0.03523218597197831,0.0010137476444939397
13.98,6,seg6,-0.10956709491806114,0.08780260673842019,0.08752736462641722,-0.9157066940111895,0.08682234860813537,0.00169165440749168
14.0,0,head,-0.5505254464189084,0.3366461664367668,0.08755807577734512,0.5650869854729703,0.3156833415450794,0.0001983575552961664
14.0,1,seg1,-0.5517054359686493,0.22249892510997255,0.08643548585908065,0.4098557846126528,0.20160928701687772,0.0006087639994094007
14.0,2,seg2,-0.5223673633393479,0.08323947511747666,0.08658505443457026,0.19842956486442984,0.06386269763035857,0.0007563659696258884
14.0,3,seg3,-0.43586439975827806,-0.028636408698250626,0.08658708371640483,-0.0688047139530776,-0.04391352353337827,0.0007566310172356094
14.0,4,seg4,-0.30510082161170815,-0.08051306351201379,0.0865763037569744,-0.3773931344952684,-0.08978541313949148,0.0007440742360541458
14.0,5,seg5,-0.17025060688014554,-0.046185607403602044,0.08672790238257351,-0.6859626655866271,-0.049465556303083934,0.0008939300586072868
14.0,6,seg6,-0.0898594310005865,0.06398903318434668,0.08726094778513832,-0.9365253481797119,0.06397367378710235,0.0014252375662127809
14.02,0,head,-0.551023950864037,0.3479556876207611,0.0877733106532828,0.5661231609786687,0.326956323245338,0.0004135924312338446
14.02,1,seg1,-0.5554525300906967,0.2286269135768857,0.0866256926947475,0.41389027239231774,0.2075520023360517,0.0007989708350762542
14.02,2,seg2,-0.522785961905914,0.08494687685379909,0.08671814876922619,0.19892894674701955,0.06554824299743199,0.0008894603042818167
14.02,3,seg3,-0.4326324872510664,-0.02497766320047809,0.08672986861662266,-0.07185883952685375,-0.040105112572115055,0.0008994159174534333
14.02,4,seg4,-0.3026703318408843,-0.07942400144173827,0.08671534603601366,-0.3797690402612241,-0.08858191469347759,0.0008831165150934156
14.02,5,seg5,-0.164511426226193,-0.05684607467867454,0.08677463085369687,-0.6922026896420791,-0.05984080843913129,0.0009406585297306452
14.02,6,seg6,-0.06834580765509057,0.04047681935746787,0.08715055224294155,-0.959133573290192,0.04151196535240213,0.001314842024016008
14.040000000000001,0,head,-0.5489516743846308,0.35637470956403866,0.08786624309558626,0.5644539056447272,0.3354644280235839,0.0005065248735373062
14.040000000000001,1,seg1,-0.5599344923391721,0.23303183831862428,0.08642343315559257,0.4185767925987973,0.21173863295381187,0.0005967112959213289
14.040000000000001,2,seg2,-0.526556201630525,0.08554746823734063,0.08622344881108993,0.20272349734896591,0.06596872286464536,0.00039476034614555067
14.040000000000001,3,seg3,-0.43086759170614636,-0.023419730260578888,0.08615047677131739,-0.07354759104001167,-0.03846495109954972,0.00032002407214816453
14.040000000000001,4,seg4,-0.30015433404995423,-0.0778431518621128,0.08628713267890464,-0.3822069523020522,-0.08688311654250776,0.00045490315798439596
14.040000000000001,5,seg5,-0.1591775107096639,-0.06452838614500862,0.08660602701841427,-0.6978961731731685,-0.06726056648654274,0.0007720546944480489
14.040000000000001,6,seg6,-0.0466907050220762,0.020753358362473648,0.08720974711786672,-0.9817028053328231,0.022841449863271586,0.0013740368989411805
14.06,0,head,-0.5429750559184386,0.3600228297349608,0.08727012965896291,0.5586576784987267,0.33939285009094233,-8.958856308603769e-05
14.06,1,seg1,-0.5623242143277544,0.23682582080142192,0.08622972483346783,0.42114436769307784,0.2154145862175612,0.00040300297379658456
14.06,2,seg2,-0.5315692839566287,0.08682784674292687,0.0864274155941678,0.207791834291173,0.0670090709618825,0.0005987271292234309
14.06,3,seg3,-0.4303369486901073,-0.023877984272712528,0.08653472548162246,-0.07409944172677257,-0.03889743181542355,0.000704272782453233
14.06,4,seg4,-0.2956472408881007,-0.07656199254508232,0.08670747826599763,-0.38664796625706627,-0.08538891005939604,0.0008752487450773838
14.06,5,seg5,-0.15462421559675896,-0.06860262535056852,0.0869359643645319,-0.7026382076289921,-0.0711134914413243,0.001101992040565672
14.06,6,seg6,-0.029912570109610723,0.004826056644465629,0.08713647335998555,-0.9992199312820143,0.007730690464364098,0.0013007631410600073
14.08,0,head,-0.5368243831682117,0.36122502429495995,0.08810422722411734,0.5525711892729162,0.3408864015430558,0.0007445090020683914
14.08,1,seg1,-0.562931175865974,0.2414379219276462,0.08669776699267977,0.4219701378151836,0.21999257516608794,0.0008710451330085217
14.08,2,seg2,-0.5360451930043294,0.08905865086533148,0.08633698333127855,0.2123688387164522,0.06902433256394881,0.0005082948663341774
14.08,3,seg3,-0.43022106149448897,-0.025169946919620052,0.08594985587888632,-0.07427668391749434,-0.04018241528961328,0.00011940317971709247
14.08,4,seg4,-0.2923611646930801,-0.07646145872406616,0.08592248108339468,-0.38992553441266187,-0.08513210119497602,9.025156247442767e-05
14.08,5,seg5,-0.1502585044919015,-0.06908988376893381,0.08619854330245992,-0.7070221612008233,-0.0713924274470052,0.00036457097849369735
14.08,6,seg6,-0.020117558970610863,-0.004988367957265781,0.08665533393487404,-1.0094709257564043,-0.0016064550177156453,0.0008196237159485004
14.1,0,head,-0.5254255872827749,0.36046576459821,0.08774025682256324,0.5411491752764512,0.3406704868029042,0.0003805386005142908
14.1,1,seg1,-0.5594043079832621,0.24634884864743603,0.08647217578810593,0.4186809841382867,0.22506578582573505,0.0006454539284346805
14.1,2,seg2,-0.5402006437807945,0.0923049424670731,0.08624482566374406,0.21667407645444958,0.07206918204082566,0.00041613719879968203
14.1,3,seg3,-0.43229075810416245,-0.026772881962329263,0.08598214508988082,-0.07228561842649008,-0.04188203378127676,0.0001516923907115969
14.1,4,seg4,-0.2899846433215414,-0.07709299396001638,0.08611968569325987,-0.392329418562558,-0.08564981885635206,0.0002874561723396202
14.1,5,seg5,-0.14748459040283216,-0.06580201297626839,0.08659800035645757,-0.7096364577658827,-0.06797626773299618,0.0007640280324913429
14.1,6,seg6,-0.018872614241512348,-0.003614581588103842,0.0872472918775927,-1.010649079409275,-0.00017497664323194885,0.0014115816586671576
14.120000000000001,0,head,-0.5141364528342034,0.3601272154293797,0.08789583746642846,0.5298567206602124,0.34086958693722424,0.0005361192443795043
14.120000000000001,1,seg1,-0.5551403973135864,0.24984638006700363,0.08704684181763486,0.41458835736883465,0.22876227961761073,0.0012201199579636168
14.120000000000001,2,seg2,-0.5433656461321665,0.09517325216606667,0.08712725821801223,0.21997199936983064,0.07478361473603226,0.0012985697530678575
14.120000000000001,3,seg3,-0.43416905640857995,-0.028437958991150005,0.08670065742059353,-0.07048869178889458,-0.04363461493229576,0.0008702047214243086
14.120000000000001,4,seg4,-0.28748456252488036,-0.07794617612116812,0.0864136852024275,-0.39486727061783566,-0.08638305192625935,0.000581455681507248
14.120000000000001,5,seg5,-0.14653839262209778,-0.06188177087511038,0.0864445619293559,-0.7103950135964548,-0.06401543683233216,0.0006105896053896775
14.120000000000001,6,seg6,-0.022096127545670457,0.005321068245477099,0.08659672351686964,-1.0070039586423272,0.008597136589292606,0.0007610132979441048
14.14,0,head,-0.5005017241943323,0.35909844342394664,0.08778177972619106,0.5161884810053867,0.34049087644143355,0.0004220615041421044
14.14,1,seg1,-0.5499198381135296,0.25188467565705996,0.0867374423432244,0.40947071898657855,0.23104671929920828,0.0009107204835531596
14.14,2,seg2,-0.54643214129926,0.09632468053146444,0.08664747371676562,0.22308981793804467,0.07578779961202231,0.0008187852518212468
14.14,3,seg3,-0.43830847288467495,-0.031196489963574735,0.08622275094627856,-0.06648524808278708,-0.04658702079501214,0.00039229824710933225
14.14,4,seg4,-0.28804453604262814,-0.07984544826870371,0.0860832267274854,-0.3943983206295502,-0.08830682190715758,0.00025099720656515667
14.14,5,seg5,-0.14787295598558967,-0.05846005205080558,0.08640652116620304,-0.7088991180616074,-0.06066110893653959,0.0005725488422368141
14.14,6,seg6,-0.02728642306884291,0.016814409914973183,0.08687957470498135,-1.0012725601123262,0.01983044158996541,0.0010438644860558122
14.16,0,head,-0.48725283891317483,0.35587702715531827,0.08766728048202857,0.5028012964998138,0.33790364337038525,0.0003075622599796185
14.16,1,seg1,-0.543814708057204,0.2518551224944342,0.0865124040445687,0.4033711002537421,0.23130775129703257,0.0006856821848974515
14.16,2,seg2,-0.5474275347871739,0.09635488472525108,0.08642559054152406,0.22408552099285592,0.07577059741356487,0.0005969020765796834
14.16,3,seg3,-0.44172056443991714,-0.032954112149974006,0.08624638230037539,-0.06316067050824382,-0.0485050376043385,0.0004159296012061636
14.16,4,seg4,-0.29002480793490126,-0.0799556727317712,0.08643328099363873,-0.392425538344591,-0.08851116538096436,0.0006010514727184807
14.16,5,seg5,-0.15077045237767073,-0.052674288432022744,0.08707686916957,-0.7057295522809176,-0.0550197971426535,0.0012428968456037748
14.16,6,seg6,-0.036562671948472,0.030798869714802557,0.0878386541327581,-0.9913412822770629,0.03335758577200746,0.0020029439138325583
14.18,0,head,-0.47239038232890973,0.34951476526977593,0.08748201665946534,0.48765289181575056,0.332255915727835,0.00012229843741638768
14.18,1,seg1,-0.535696830249875,0.2495482062198517,0.08640885070316333,0.3951526315458198,0.22938979017059238,0.0005821288434920829
14.18,2,seg2,-0.5467176933799892,0.09641938072781833,0.08633200938199391,0.22337955337083423,0.07586880267971673,0.0005033209170495351
14.18,3,seg3,-0.44415268907574024,-0.03344374415628164,0.08598320031641166,-0.0607546040151133,-0.04910986301362201,0.00015274761724243247
14.18,4,seg4,-0.29334117758475164,-0.07736506471680944,0.08595494392281113,-0.3889896358582555,-0.0860813234838491,0.00012271440189087768
14.18,5,seg5,-0.15591738742835012,-0.04313101586487759,0.08640290459290516,-0.7001342716056105,-0.04573228801106594,0.0005689322689389348
14.18,6,seg6,-0.05064105555488807,0.047962795738373386,0.0870631826870975,-0.9764619958323656,0.04983205318044236,0.0012274724681719668
14.200000000000001,0,head,-0.4593145848340962,0.3421432842037261,0.08754840430393325,0.47424109158366307,0.3255150828601591,0.00018868608188429836
14.200000000000001,1,seg1,-0.5286149889583759,0.24603427520058097,0.08653562281264578,0.3879115818887604,0.22621687555701214,0.000708900952974531
14.200000000000001,2,seg2,-0.5459412739159303,0.09491672337749102,0.08654709123765773,0.2225325001136531,0.07440479889689454,0.0007184027727133585
14.200000000000001,3,seg3,-0.44626416039888395,-0.03447002053529561,0.08626823886171407,-0.058694367154201545,-0.0502354643777663,0.00043778616254484815
14.200000000000001,4,seg4,-0.29655748180310415,-0.07467534082458491,0.08626940295896468,-0.38564896835486767,-0.08354771576515457,0.0004371734380444331
14.200000000000001,5,seg5,-0.16228054498392647,-0.03344071748370404,0.08670952610252514,-0.693317149378444,-0.03635580139134021,0.0008755537785589129
14.200000000000001,6,seg6,-0.06628852891705224,0.06562400626278099,0.08735339213461149,-0.9599917311227703,0.06672856643559003,0.0015176819156859506
14.22,0,head,-0.4480991417287457,0.33350185527730875,0.0875229471829568,0.4626270991561535,0.31741720426009423,0.00016322896090785466
14.22,1,seg1,-0.5220679361444389,0.2406462180596093,0.08631568693816713,0.38111552245180724,0.22114650708635808,0.0004889650784958843
14.22,2,seg2,-0.5444931762183453,0.09324508313815787,0.08624673081141933,0.22100648757811578,0.07280396980773225,0.0004180423464749533
14.22,3,seg3,-0.4479815745600101,-0.034647921942803014,0.08612290779215395,-0.05698736559336993,-0.05049489834355907,0.00029245509298472805
14.22,4,seg4,-0.3006190636484313,-0.07126905943303657,0.08643760680539099,-0.38142987904619957,-0.08033859043126251,0.0006053772844707428
14.22,5,seg5,-0.16896951528215803,-0.023003293662543427,0.08716781898843387,-0.6861390268470837,-0.02624854179269599,0.0013338466644676472
14.22,6,seg6,-0.08255491221729236,0.08329663475534897,0.08807263633741211,-0.9429027143726846,0.08360702993196345,0.002236926118486568
14.24,0,head,-0.438064231082285,0.3234588180640347,0.08747796481858154,0.4521255970137069,0.3078631223631923,0.00011824659653258962
14.24,1,seg1,-0.5157733275731541,0.23463689527535883,0.08638969160776999,0.3745420543093492,0.21544356276193588,0.0005629697480987461
14.24,2,seg2,-0.5428698286826859,0.09203419015532607,0.08638458197661102,0.2193273513882999,0.07167170628133931,0.0005558935116666414
14.24,3,seg3,-0.4494416262231054,-0.033871778354777095,0.08611029700403437,-0.0554920305749232,-0.049789120113140455,0.00027984430486514833
14.24,4,seg4,-0.30482317852476204,-0.06630717200616804,0.08622737452489676,-0.37699438474676605,-0.07558240508495224,0.0003951450039765131
14.24,5,seg5,-0.1763773668370909,-0.010888367506137364,0.08676847105180649,-0.6781630029513916,-0.014499893221640229,0.0009344987278402661
14.24,6,seg6,-0.10023178281248901,0.10101863508322852,0.08760591610952981,-0.9244024588939154,0.10046768225779631,0.0017702058906042678
14.26,0,head,-0.43182351742049974,0.3160233607576986,0.08773972126942037,0.4455380909763092,0.3007330945535264,0.0003800030473714161
14.26,1,seg1,-0.5123635238926922,0.22951170052878261,0.08675962336265297,0.37089219913813276,0.2104864527613577,0.0009329015029817256
14.26,2,seg2,-0.5420043942407452,0.08879496240648377,0.0868230906021766,0.21830873820448798,0.06847733617693684,0.000994402137232231
14.26,3,seg3,-0.451155601992313,-0.034245471496386855,0.08652005960129022,-0.05379778151223965,-0.050243960321087223,0.0006896069021209983
14.26,4,seg4,-0.30803395701130476,-0.06210332076742338,0.08651130016011414,-0.3735871772769572,-0.07153612271913172,0.0006790706391938961
14.26,5,seg5,-0.18349986489382591,0.0007527641100271501,0.08691717870761112,-0.6704945577607194,-0.003210921956428984,0.0010832063836448969
14.26,6,seg6,-0.1180827177503994,0.11885741053216575,0.0876864388450683,-0.905722778815687,0.11743669341994767,0.0018507286261427586
14.280000000000001,0,head,-0.42771680021944597,0.3093622524158045,0.08761215000556266,0.4411190156910054,0.29427497840921757,0.00025243178351370965
14.280000000000001,1,seg1,-0.5108249159023167,0.22426970703109675,0.08636996284184356,0.3691058607657502,0.20532362353727224,0.0005432409821723161
14.280000000000001,2,seg2,-0.5422517179613988,0.08567748404204498,0.08625559512207878,0.21840741652636422,0.06535161978476427,0.0004269066571344071
14.280000000000001,3,seg3,-0.4533499984164548,-0.034553091821876256,0.08607058637459998,-0.05162051166764128,-0.05065566647137135,0.00024013367543075648
14.280000000000001,4,seg4,-0.3107571698963075,-0.057972801508658266,0.08634824400073812,-0.3706704729133954,-0.06753988531138688,0.0005160144798178751
14.280000000000001,5,seg5,-0.19019228514028735,0.012236846252410127,0.0870850756158529,-0.6632631772577233,0.007941645793901999,0.001251103291886671
14.280000000000001,6,seg6,-0.13571171721727757,0.13592882355497618,0.08811591349041809,-0.8873013025811336,0.13364977388326307,0.002280203271492545
14.3,0,head,-0.4261176196378422,0.3044221599732662,0.08764845230602664,0.43928654125619016,0.28941659088669347,0.00028873408397768474
14.3,1,seg1,-0.5114488053212296,0.2200833062843892,0.08667142839229489,0.3695298065841744,0.20111227468423504,0.0008447065326236403
14.3,2,seg2,-0.5438479639480236,0.08331940808155285,0.08676514027509236,0.21988962965533138,0.06292024821192732,0.0009364518101479813
14.3,3,seg3,-0.45510446280968453,-0.03475941891722594,0.08646637648982353,-0.04987785467501047,-0.05094525718783903,0.0006359237906543025
14.3,4,seg4,-0.31251875877956875,-0.05334996452215674,0.0864051744627989,-0.36869087283444657,-0.0630061229968586,0.0005729449418786503
14.3,5,seg5,-0.19684379028928525,0.023938278087040445,0.08680667347111515,-0.6560623215151007,0.019313264161497982,0.0009727011471489244
14.3,6,seg6,-0.15371374362547915,0.15174345068083628,0.08764440740404103,-0.868567034284428,0.1485897396559272,0.0018086971851154904
14.32,0,head,-0.4267602970330858,0.3001767500906329,0.08723728917666043,0.4397264454347872,0.2851454056156666,-0.00012242904538851962
14.32,1,seg1,-0.5137126421309506,0.21627342286421372,0.08605714861987389,0.37160976053423694,0.19719896913250606,0.00023042676020264274
14.32,2,seg2,-0.5463258943166234,0.08054627472655143,0.08610076550271506,0.2222327749569929,0.060032328959128724,0.0002720770377706849
14.32,3,seg3,-0.4572721475277729,-0.035097894484302825,0.08604804445818802,-0.047728734713173085,-0.0513865123698194,0.00021759175901879535
14.32,4,seg4,-0.31346467090598795,-0.048614093471633944,0.08630808627547036,-0.3675206458096144,-0.058320635501579565,0.00047585675455011356
14.32,5,seg5,-0.20274976811711898,0.03537827057677875,0.08697872494423263,-0.6496185905911168,0.030459220111748047,0.0011447526202664066
14.32,6,seg6,-0.17116773445428157,0.16623626689578117,0.08790923358531548,-0.8504430874100529,0.1622354740574959,0.00207352336638994
14.34,0,head,-0.42757944961352845,0.29697371886535523,0.08732687475450565,0.44039223308972675,0.2819070191689112,-3.2843467543300364e-05
14.34,1,seg1,-0.5150952179422531,0.21419884625815344,0.08636004864689674,0.37289203773081936,0.19506094453974607,0.0005333267872254938
14.34,2,seg2,-0.5478353871990106,0.07876875635738649,0.08650650282352595,0.22365596283006597,0.05818498584202545,0.0006778143585815799
14.34,3,seg3,-0.4583398206974836,-0.0348014240552098,0.08632190851206972,-0.04664816189524308,-0.05114118993367502,0.0004914558129004987
14.34,4,seg4,-0.3146421828592655,-0.043626212470587324,0.08629751100490696,-0.36610708788078733,-0.05339444577091402,0.00046528148398670977
14.34,5,seg5,-0.20859046840016424,0.047242858354028555,0.08671810255063134,-0.6432198561618566,0.04203239688486587,0.0008841302266651141
14.34,6,seg6,-0.18840141519406642,0.17956546579567162,0.08757958523117008,-0.8325945791631509,0.17472939451848563,0.0017438750122445446
14.36,0,head,-0.42893017680103385,0.29439494998456145,0.08710041438344998,0.4416187025354458,0.2792668893285365,-0.00025930383859897044
14.36,1,seg1,-0.5174136251724433,0.2114212306678846,0.08609187353301351,0.37507562733590794,0.19217614005970218,0.0002651516733422621
14.36,2,seg2,-0.5497544173135841,0.07684911429808897,0.08628061830709575,0.22548146001844416,0.056176189627577915,0.0004519298421513801
14.36,3,seg3,-0.4592226467801497,-0.03465340571033727,0.08621398482762363,-0.04575929175399654,-0.05103535423757223,0.00038353212845440576
14.36,4,seg4,-0.31544418769854626,-0.0386899799014884,0.08629331257099365,-0.3650710695951871,-0.04850197504025499,0.0004610830500734048
14.36,5,seg5,-0.21424634445450264,0.05859478986812365,0.08674665241688315,-0.6370301345628241,0.05310229433547271,0.0009126800929169232
14.36,6,seg6,-0.20505278038231692,0.19208813660343332,0.08757955598826395,-0.8153661104380083,0.18644541398553074,0.0017438457693384063
14.38,0,head,-0.43031761332792695,0.2920954074568628,0.08707807079620636,0.4428951284971997,0.2769039223975972,-0.0002816474258425933
14.38,1,seg1,-0.5186220054167836,0.2096881659963094,0.08609928427180302,0.3762001593790674,0.19038753064049882,0.0002725624121317771
14.38,2,seg2,-0.550474479229679,0.0751836589644169,0.08627960998777742,0.22612144467590917,0.05447835268912186,0.00045092152283304765
14.38,3,seg3,-0.45960281989574203,-0.03408792905977964,0.08619352891781223,-0.04535263759309727,-0.05048861130569591,0.0003630762186430103
14.38,4,seg4,-0.3162000285135366,-0.033637143608661435,0.0862314376992606,-0.36407561369063207,-0.04349083570056435,0.0003992081783403545
14.38,5,seg5,-0.22007130087639173,0.06970133818457214,0.08665909337503251,-0.6306832023127228,0.06391903986417372,0.0008251210510662882
14.38,6,seg6,-0.2215792958544925,0.20360025895758327,0.08751380348038651,-0.7983104433736633,0.19715797183660513,0.0016780932614609695
14.4,0,head,-0.4315306902921045,0.29028741261426255,0.08703743223291965,0.44402078590670324,0.2750402441882235,-0.00032228598912929785
14.4,1,seg1,-0.5193886040369944,0.20814244506988494,0.08616276558521652,0.3768923263371349,0.1888070776899313,0.00033604372554527084
14.4,2,seg2,-0.5504624592500199,0.07380890292674787,0.08642427883035134,0.22604401175469557,0.053105726452403065,0.0005955903654069616
14.4,3,seg3,-0.459397477151227,-0.03310107781957273,0.08635415238494296,-0.04551078203116227,-0.04949310573076364,0.0005236996857737319
14.4,4,seg4,-0.3169448256550852,-0.028526173607241842,0.08631170355465635,-0.36308842228133864,-0.03842110294045932,0.00047947403373610475
14.4,5,seg5,-0.22604289774715874,0.08016047772109708,0.08662977814824326,-0.6242206068627056,0.07408213137602081,0.0007958058242770322
14.4,6,seg6,-0.23775499741487124,0.21398949118604765,0.08743395944301642,-0.7816586326201715,0.20676560764732999,0.0015982492240908808
14.42,0,head,-0.4324907259044901,0.2889551181876192,0.08699883318532786,0.44491632793651614,0.2736637699643401,-0.00036088503672108974
14.42,1,seg1,-0.5202484100068346,0.20624440074322747,0.08609918833189435,0.3776608274672945,0.1868702646931383,0.0002724664722231068
14.42,2,seg2,-0.5502813068412307,0.07248982792025188,0.08636566288064206,0.22580028798854648,0.051796767402705016,0.0005369744156976802
14.42,3,seg3,-0.45892273868212835,-0.03194054790276446,0.08634680330622184,-0.045929751327122695,-0.048311297357612006,0.0005163506070526153
14.42,4,seg4,-0.31762484536125046,-0.023360838263710867,0.08635496291242171,-0.3621633475846741,-0.03329398359159567,0.0005227333915014676
14.42,5,seg5,-0.23219941788038004,0.09002912193810139,0.08669582008783315,-0.6176014001867977,0.08364659590944934,0.000861847763866927
14.42,6,seg6,-0.2537045177474218,0.22304570705933782,0.08749955244841691,-0.7652961869174172,0.21505250184123695,0.001663842229491369
14.44,0,head,-0.43305960761807494,0.2880669658644796,0.08699462362270247,0.4454422966324935,0.27274955014178554,-0.00036509459934648547
14.44,1,seg1,-0.5209851756431074,0.2040498732836505,0.08611763509787276,0.37829231763570265,0.1846431601736494,0.0002909132382015178
14.44,2,seg2,-0.5497901830339953,0.07123106144472721,0.08642661671808187,0.22524981422374102,0.05056280051976836,0.0005979282531374946
14.44,3,seg3,-0.45820231910102477,-0.030624357714055896,0.08641427140813819,-0.04658671526079323,-0.046962312785623524,0.0005838187089689667
14.44,4,seg4,-0.3183097556796929,-0.01821942903970077,0.08638949802635736,-0.36123452649482013,-0.02819099600234122,0.0005572685054371085
14.44,5,seg5,-0.23854165421745926,0.09926585640271109,0.08669595218459751,-0.6108267612128386,0.09257102822160906,0.0008619798606312873
14.44,6,seg6,-0.2694512453054855,0.23074739243098777,0.08750252351274096,-0.7492007682021139,0.22199605156062144,0.0016668132938154195
14.46,0,head,-0.433388419126345,0.287527600488908,0.08701744593698779,0.4457450664081205,0.27219514732858346,-0.0003422722850611598
14.46,1,seg1,-0.521569112750623,0.2017051484172473,0.08611263340137243,0.37876400434274027,0.18227330176121428,0.0002859115417011837
14.46,2,seg2,-0.5490608146612455,0.0701859933410951,0.08642255524958856,0.22447153605557899,0.04955362825631886,0.0005938667846441814
14.46,3,seg3,-0.4575090899609402,-0.029063938455805804,0.08640269212511376,-0.047204896360459374,-0.04537066991421276,0.0005722394259445318
14.46,4,seg4,-0.3191379683475754,-0.013211608987165615,0.08637454035179772,-0.36016892312863324,-0.023228266172119257,0.0005423108308774682
14.46,5,seg5,-0.2448550028119209,0.10761631936723037,0.08670559363070628,-0.6041231561480024,0.10061156808708745,0.000871621306740053
14.46,6,seg6,-0.2846082410216667,0.23726557544309382,0.08755362978228627,-0.7337507376277684,0.22778550612454318,0.0017179195633607314
14.48,0,head,-0.43361717166656183,0.2873298241232571,0.08700412835780381,0.44596414729224665,0.27198670841266515,-0.00035558986424513717
14.48,1,seg1,-0.5220164742490687,0.19972607287250613,0.08605718218876852,0.3791166719585952,0.18027517817275365,0.00023046032909727898
14.48,2,seg2,-0.5481993152803276,0.06880350591743119,0.08635674764822303,0.2235452183414553,0.048213707306279954,0.0005280591832786535
14.48,3,seg3,-0.4567109177200346,-0.028036395713521213,0.08635513726324845,-0.04795326198687636,-0.04430630536083892,0.0005246845640792253
14.48,4,seg4,-0.31999982475724925,-0.009055146629135145,0.08635755838170035,-0.35911023144556065,-0.019117530505016318,0.0005253288607801054
14.48,5,seg5,-0.2509499828323289,0.11506092096199808,0.08671724949467721,-0.5976807834298873,0.1077576654913828,0.0008832771707109888
14.48,6,seg6,-0.29903264072165514,0.2425669963531246,0.08758596038952854,-0.7190903803651342,0.23239444258325942,0.0017502501706029988
14.5,0,head,-0.43379518756759067,0.2874087699308452,0.08698429598352628,0.44614571862255253,0.27205709274019996,-0.0003754222385226741
14.5,1,seg1,-0.5223576756799923,0.1988780447506653,0.08590966863877746,0.3794171279261368,0.1794118727091749,8.294677910621051e-05
14.5,2,seg2,-0.5477581317321668,0.06769958202728227,0.08610283047930561,0.22305199742287324,0.047132030827904674,0.0002741420143612394
14.5,3,seg3,-0.45525362505643313,-0.02794902143305806,0.08609511233042133,-0.049404745109650455,-0.04414967549034292,0.00026465963125210656
14.5,4,seg4,-0.32059360243928947,-0.0067699588900291575,0.08623225555141999,-0.3584083713016257,-0.016863190850707165,0.0004000260304997394
14.5,5,seg5,-0.25614792239092465,0.12087935922946219,0.08670733576863816,-0.5922118261116218,0.11332213360394414,0.0008733634446719402
14.5,6,seg6,-0.31217287857718634,0.24661345886799765,0.08760663684741453,-0.7057724550712646,0.23581095771315597,0.001770926628488989
14.52,0,head,-0.4337678880136974,0.2878453728202659,0.08697413350476184,0.44613922854394383,0.2724945001333386,-0.00038558471728711297
14.52,1,seg1,-0.5224499560516122,0.19863697731652416,0.08589697967564296,0.379497830997536,0.1791666866796894,7.025781597171099e-05
14.52,2,seg2,-0.5474322408616399,0.0670941767652896,0.08609290632369174,0.22269766374071073,0.04654282116028325,0.00026421785874736203
14.52,3,seg3,-0.4540932673949574,-0.028058675535002617,0.0860801161577233,-0.05056900654722826,-0.044203982298741805,0.0002496634585540808
14.52,4,seg4,-0.3212353226557144,-0.005778259858682888,0.08624376786111199,-0.35772018188331034,-0.015903155888100234,0.00041153834019173885
14.52,5,seg5,-0.26028553936459886,0.12442193277770286,0.08669964875954833,-0.587910301496715,0.11666377804213245,0.0008656764355821078
14.52,6,seg6,-0.3230587863996566,0.24893539987485172,0.08756278292077861,-0.6947883777898854,0.23761219212946458,0.0017270727018530718
14.540000000000001,0,head,-0.4336134849404528,0.2886438969387873,0.0870506631233923,0.44602300330579037,0.27329946769224855,-0.0003090550986566548
14.540000000000001,1,seg1,-0.5224895781710377,0.19839897277349877,0.08596500616529577,0.3795260812517398,0.17892706615054918,0.0001382843056245281
14.540000000000001,2,seg2,-0.547134299527995,0.06668106213360506,0.08614632559481347,0.2223803993053489,0.04614435407851469,0.0003176371298690972
14.540000000000001,3,seg3,-0.4533180366951519,-0.02823665931616986,0.0860902868965854,-0.05135182932029922,-0.04434487009159918,0.0002598341974161811
14.540000000000001,4,seg4,-0.3216620869819741,-0.0053307314987990455,0.08624477598282582,-0.3572726026288598,-0.015476444939052402,0.0004125464619055691
14.540000000000001,5,seg5,-0.26340913770793245,0.12572530711175678,0.0867128016441078,-0.5847282131355422,0.1178170190949165,0.0008788293201415776
14.540000000000001,6,seg6,-0.33118932446899807,0.24881410785194513,0.08759167913849286,-0.6866728249926184,0.23710409387213963,0.0017559689195673217
14.56,0,head,-0.4334650520989214,0.28980114788678646,0.0871639955532835,0.445929813845669,0.27446247147109204,-0.00019572266876545508
14.56,1,seg1,-0.5225306191376083,0.19828839603593404,0.08601854805857316,0.3795618132127628,0.17881466151190534,0.00019182619890191488
14.56,2,seg2,-0.5468891416632728,0.06639896765849472,0.0861492959962239,0.22212209396169477,0.045874246653667926,0.0003206075312795209
14.56,3,seg3,-0.4528941144556461,-0.028498207274640343,0.08605929367658958,-0.05178771864112301,-0.04458594663484152,0.00022884097742036091
14.56,4,seg4,-0.3214849391449438,-0.005083170450452397,0.08623031666041053,-0.3574377679610976,-0.015220733692046894,0.00039808713949028574
14.56,5,seg5,-0.26521034574343233,0.12498720335062173,0.08677781997262808,-0.5829641734613239,0.1169940296802001,0.000943847648661858
14.56,6,seg6,-0.3362750604818629,0.24643400906131346,0.08769278795784058,-0.6817061239198089,0.23448465471540217,0.001857077738915039
14.58,0,head,-0.4334693666060227,0.2913151225131974,0.08731770066544907,0.44600617563273875,0.27597452526043303,-4.20175565998826e-05
14.58,1,seg1,-0.5225766553808757,0.19839412046327845,0.08607321222012068,0.3796128288650677,0.17891807521240605,0.0002464903604494362
14.58,2,seg2,-0.5466395451646411,0.06625011430693897,0.08613964670480237,0.22186569614492505,0.04573744061597906,0.00031095823985799464
14.58,3,seg3,-0.4526741757904299,-0.028834291378597547,0.0860509149747615,-0.052023402803370596,-0.04491118272916622,0.00022046227559227582
14.58,4,seg4,-0.3211124609200924,-0.005422013476903255,0.08628412520797829,-0.357825950139461,-0.015541466011826242,0.00045189568705804317
14.58,5,seg5,-0.26582489239538026,0.12263303143405982,0.08694090470165368,-0.5824623614922373,0.11461327817117052,0.0011069323776874557
14.58,6,seg6,-0.33845017561974416,0.24262886860061927,0.08787487754283213,-0.6797145653858699,0.23058030913722938,0.0020391673239065905
14.6,0,head,-0.43383944482142467,0.29317846987493323,0.08739440959978241,0.44646451381348884,0.27781814870031063,3.4691377733458983e-05
14.6,1,seg1,-0.5226226846858458,0.19852535868918592,0.08612669716743437,0.37966505182427546,0.17904697413166776,0.0002999753077631284
14.6,2,seg2,-0.5462601202050068,0.0662247901009128,0.08620883850960434,0.22148549590213001,0.04573020246933381,0.00038015004465996594
14.6,3,seg3,-0.45264707594714215,-0.029271558533296917,0.08614105835520286,-0.05207128209461345,-0.04534666469154256,0.00031060565603363566
14.6,4,seg4,-0.32075101417584556,-0.006770977835512145,0.08637819092012518,-0.358251186423332,-0.01687170008618976,0.0005459613992049306
14.6,5,seg5,-0.26515368384095295,0.11895540902287607,0.08705210517624505,-0.5833078326831307,0.11097176667343536,0.0012181328522788276
14.6,6,seg6,-0.3380122777231016,0.2384408856838846,0.08796646114948212,-0.6803512790560955,0.22641791184950044,0.002130750930556577
14.620000000000001,0,head,-0.434284755677367,0.2950982595295294,0.08730320744880765,0.44700068555534167,0.27971457005105166,-5.651077324130005e-05
14.620000000000001,1,seg1,-0.5224941897013639,0.19888511255114225,0.08609013137208248,0.37955382362825474,0.1794124356079363,0.0002634095124112307
14.620000000000001,2,seg2,-0.5458266156836746,0.066246923460111,0.08624115725446886,0.2210535359477379,0.04577294183508622,0.0004124687895244866
14.620000000000001,3,seg3,-0.4529086045649966,-0.030041482924612756,0.08618669667979695,-0.05184669159615883,-0.046128163184369374,0.000356243980627724
14.620000000000001,4,seg4,-0.3206461764043987,-0.009455810104176454,0.08636310782935856,-0.35848368032245603,-0.01954850076163231,0.0005308783084383151
14.620000000000001,5,seg5,-0.2634554283659017,0.11428438775052224,0.08697038023621909,-0.5852264642752708,0.10638686054584683,0.0011364079122528625
14.620000000000001,6,seg6,-0.3353232489277928,0.23434455783742222,0.0878523868420712,-0.68323221084728,0.22245420024272752,0.002016676623145655
14.64,0,head,-0.4346172083820217,0.29678403778191637,0.08733562693737433,0.44741299009715474,0.2813826162380173,-2.4091284674621072e-05
14.64,1,seg1,-0.5221522959327974,0.19948053549710779,0.08614855367271668,0.379240654274141,0.1800234550750503,0.0003218318130454312
14.64,2,seg2,-0.5455377025842949,0.0664582738268306,0.08630621529111923,0.22077500867882205,0.045997802496307826,0.00047752682617485664
14.64,3,seg3,-0.4536199141696261,-0.03103182515563729,0.08620786691865692,-0.0511833197565382,-0.047151235464568585,0.0003774142194876984
14.64,4,seg4,-0.320849321751463,-0.013036941351155266,0.08631675857602115,-0.35845119620389765,-0.023135242154892436,0.0004845290551009074
14.64,5,seg5,-0.2611050190278332,0.10878347572152847,0.08689976730982266,-0.5878360064278444,0.10100404093519723,0.001065794985856433
14.64,6,seg6,-0.33086995669300895,0.23020784670851452,0.08781182812710017,-0.6878773288656632,0.21853411487556035,0.001976117908174632
14.66,0,head,-0.4352651001585874,0.29848232829169336,0.08740243095907659,0.44814097175871054,0.2830481483182107,4.2712737027633674e-05
14.66,1,seg1,-0.5218434643877434,0.20016298083045905,0.08621770317167902,0.37896465119737804,0.18071982484595825,0.0003909813120077793
14.66,2,seg2,-0.5453858331456933,0.06691145800930011,0.08637971642377265,0.22064487899412574,0.04645770084896639,0.0005510279588282763
14.66,3,seg3,-0.45467826148082596,-0.032056454575690944,0.0862656376936252,-0.05017493521840072,-0.048225072092112534,0.000435184994455981
14.66,4,seg4,-0.321303511360003,-0.017198519264458596,0.08634435872792626,-0.358195576553512,-0.027313720050400198,0.0005121292070060096
14.66,5,seg5,-0.25823581326495815,0.10242591928419234,0.0869143835750114,-0.5910045260553162,0.09479023783778545,0.001080411251045174
14.66,6,seg6,-0.3249505022812758,0.22589261446718684,0.08783033940616242,-0.6939954438034417,0.21450548738795047,0.0019946291872368765
14.68,0,head,-0.43618387045050655,0.3002071757113344,0.08740025234741566,0.44914078888022335,0.2847273157291092,4.053412536671186e-05
14.68,1,seg1,-0.5215698902671084,0.2010652036126198,0.08618094060181955,0.3787343251104084,0.1816340450829783,0.0003542187421483045
14.68,2,seg2,-0.5453610249863937,0.0674471316474039,0.08633849046503576,0.22064559240249657,0.04699394816352838,0.0005098020000913889
14.68,3,seg3,-0.4561099519880087,-0.03320886692410452,0.08626217679043548,-0.04879971189234389,-0.049444314780148706,0.0004317240912662529
14.68,4,seg4,-0.3221021785538729,-0.02200188346260324,0.08638013341349202,-0.3576264131561108,-0.032149651184468275,0.0005479038925717689
14.68,5,seg5,-0.2550160630906555,0.09510934056865561,0.08696166361946826,-0.5945688340987207,0.08763518204089565,0.0011276912955020396
14.68,6,seg6,-0.31760329813388793,0.22112408004442807,0.08783911191888324,-0.7015612639601216,0.2100920199669882,0.002003401699957705
14.700000000000001,0,head,-0.4372094159537527,0.30189922133363023,0.08739849198102309,0.45024569914133766,0.2863686369292287,3.877375897413937e-05
14.700000000000001,1,seg1,-0.5212116575410025,0.20207985720220872,0.08620818746387841,0.37842478708498833,0.1826645977520417,0.0003814656042071679
14.700000000000001,2,seg2,-0.5453409747623167,0.06813107851360276,0.08638982940975226,0.22065811488500345,0.04767807425914211,0.0005611409448078863
14.700000000000001,3,seg3,-0.4577324047165606,-0.03444434578605416,0.08630844735132112,-0.04723789575148934,-0.05075560849878267,0.0004779946521518974
14.700000000000001,4,seg4,-0.32317370526368605,-0.02746555538382267,0.08638708887148806,-0.35681612439087973,-0.03765812760442318,0.0005548593505678157
14.700000000000001,5,seg5,-0.25144743487063625,0.08665411946957646,0.086926891282928,-0.5985358144524234,0.07935937766430771,0.0010929189589617833
14.700000000000001,6,seg6,-0.30880543759450757,0.21556924914213732,0.0877881438655967,-0.7106135177003445,0.2049621857943851,0.0019524336466711645
14.72,0,head,-0.43845808887747917,0.30360098503235394,0.0874967877583705,0.45157394649128174,0.2880090462482641,0.00013706953632154628
14.72,1,seg1,-0.5208114356572204,0.20323812828914206,0.0862308815934279,0.37808014243779126,0.1838406035063692,0.0004041597337566538
14.72,2,seg2,-0.5452711809305691,0.06899805330042627,0.0863565339586268,0.22062966067953793,0.04854738825196984,0.0005278454936824273
14.72,3,seg3,-0.4595047430283708,-0.03552776165131467,0.08628707015639425,-0.04551912697404519,-0.051922144789640766,0.0004566174572250281
14.72,4,seg4,-0.3245199158082757,-0.033079567543468594,0.08642798361770171,-0.3557386179406879,-0.04332984649805575,0.0005957540967814617
14.72,5,seg5,-0.24797367942834722,0.07724520685756388,0.08703826216245243,-0.6024534170421607,0.07012644728649683,0.0012042898384862083
14.72,6,seg6,-0.2988605202422714,0.20867868207085033,0.08791204177678069,-0.720875098060343,0.19855271902932772,0.0020763315578551517
14.74,0,head,-0.43987655840026,0.3054325328504094,0.08753104834880336,0.4530779746492725,0.28977101176911924,0.00017133012675440984
14.74,1,seg1,-0.5201584731205159,0.20478400797810184,0.08623532309070381,0.3775014903564826,0.18541580693951681,0.00040860123103256263
14.74,2,seg2,-0.5448947299817954,0.0700138498305231,0.08634353631767988,0.22030197946888425,0.04957994959714384,0.000514847852735506
14.74,3,seg3,-0.4611245243653401,-0.03661684152459046,0.08631004515672398,-0.04395301186526994,-0.05308707827087231,0.0004795924575547589
14.74,4,seg4,-0.3261335830798922,-0.039297033808448595,0.0865078632755855,-0.35442267704647284,-0.04961706435510531,0.0006756337546652558
14.74,5,seg5,-0.24438758554168086,0.06664341880595709,0.08715028109727384,-0.6065400013938078,0.059707339474819494,0.0013163087733076145
14.74,6,seg6,-0.2877868319277765,0.20061272427971627,0.08800437918306653,-0.7323201088453825,0.19102291318233422,0.002168668964140988
14.76,0,head,-0.44108359479982434,0.3073678286901928,0.08749070495951493,0.4543757467749623,0.29164667015140117,0.00013098673746597678
14.76,1,seg1,-0.5193300493123454,0.20629458674343537,0.08625623298206028,0.37674589580078505,0.186964099896134,0.0004295111223890369
14.76,2,seg2,-0.5444617808104127,0.07136788071017568,0.08641371364537187,0.21993396109996827,0.05095305086367765,0.0005850251804274953
14.76,3,seg3,-0.4629869042756674,-0.03760672524745137,0.08637763972843165,-0.042139852191177406,-0.05416447360731237,0.0005471870292624303
14.76,4,seg4,-0.32786399890332907,-0.045959393700323925,0.0865160520257673,-0.3530112929992944,-0.05635422795127641,0.0006838225048470536
14.76,5,seg5,-0.24024576143600565,0.055541534268971696,0.08708038538666357,-0.6112054865503513,0.04881514982131208,0.001246413062697349
14.76,6,seg6,-0.27487797473281894,0.19183874384332095,0.08791210270044238,-0.7456319048453,0.18287322521172103,0.0020763924815168366
14.780000000000001,0,head,-0.4421041366850479,0.30943780941654986,0.0874728461827184,0.4554936455476181,0.29366573634174925,0.0001131279606694513
14.780000000000001,1,seg1,-0.5180588930175243,0.2082844003364851,0.0862665615281091,0.37557087787954996,0.1890121549113808,0.00043983966843785804
14.780000000000001,2,seg2,-0.5436033305870935,0.07294596537344136,0.08640789039916325,0.21915158685247757,0.05257020222551611,0.0005792019342188703
14.780000000000001,3,seg3,-0.46495969341560145,-0.03825490052991139,0.08632084666808694,-0.04020014601122946,-0.054905802227044685,0.0004903939689177156
14.780000000000001,4,seg4,-0.3298518521488459,-0.05273996055286262,0.08637952042734715,-0.3513483888701179,-0.06322171637309429,0.0005472909064268977
14.780000000000001,5,seg5,-0.23595067537849657,0.04358289630394743,0.08689459750660188,-0.6160648340889385,0.037074471488349185,0.0010606251826356522
14.780000000000001,6,seg6,-0.2605644990631674,0.1819361905947699,0.08775923801795812,-0.7604004380867291,0.17366309098561253,0.0019235277990325844
14.8,0,head,-0.44320638721046657,0.3119440984152645,0.08763955177331911,0.45671392489595714,0.2961167277896742,0.00027983355127016163
14.8,1,seg1,-0.5165720067002554,0.2109134515709219,0.0863370699420443,0.3742107965951908,0.19170899013314716,0.0005103480823730605
14.8,2,seg2,-0.5424419260822585,0.07497348253135977,0.08637351718112624,0.21808799072544843,0.05465069484214799,0.000544828716181861
14.8,3,seg3,-0.4664711965027667,-0.03857116937210367,0.08627607106157589,-0.03870540730356027,-0.05529364724580487,0.00044561836240666897
14.8,4,seg4,-0.33171399367849336,-0.05931795146234453,0.08640623865808365,-0.3498014131389789,-0.0698808755969149,0.000574009137163406
14.8,5,seg5,-0.2317601744451483,0.031020709070272486,0.08702228434583645,-0.6208484387634579,0.02472595042373268,0.0011883120218702248
14.8,6,seg6,-0.24554181697386657,0.17041978479089098,0.08795257251168094,-0.7759541796361187,0.1628746850056266,0.0021168622927554004
14.82,0,head,-0.4437362728311495,0.31474059946882577,0.08743548403418902,0.4573762994908126,0.29888484209541727,7.576581214006894e-05
14.82,1,seg1,-0.5143317460718366,0.21354805539532623,0.08625272767708018,0.37209845891312676,0.19444722578973794,0.0004260058174089393
14.82,2,seg2,-0.5404396289042953,0.07761590598518434,0.0864020882394668,0.21621371900155006,0.057385416254396186,0.0005733997745224206
14.82,3,seg3,-0.4673522426687327,-0.0383690920601644,0.08634110714063888,-0.037815742320358364,-0.05513372912880544,0.0005106544414696518
14.82,4,seg4,-0.33371137770772996,-0.06595031025438396,0.08640712308493702,-0.3481219355967608,-0.07660077747796627,0.0005748935640167707
14.82,5,seg5,-0.22746196664763405,0.017520781249504336,0.08688049624170817,-0.625784256643505,0.011445877257871525,0.0010465239177419455
14.82,6,seg6,-0.22927418981489456,0.15736410029476972,0.0877131122667228,-0.792824712016886,0.15060799318550158,0.0018774020477972664
14.84,0,head,-0.4443599677735056,0.3182378865407512,0.08766222103120265,0.45816572849702913,0.3023484838333448,0.00030250280915369854
14.84,1,seg1,-0.5120839303824143,0.216814754549722,0.08635893412763347,0.3700086570311272,0.19781720009708437,0.000532212267962226
14.84,2,seg2,-0.5381156310206402,0.08022758572423619,0.0863813808389293,0.2140166479587224,0.06010473897423143,0.0005526923739849199
14.84,3,seg3,-0.4676827902020494,-0.038039597458523436,0.08629773163463539,-0.03746988822593915,-0.05482033910079589,0.0004672789354661644
14.84,4,seg4,-0.335046067766451,-0.07213843479925633,0.08644430415855124,-0.3470832593893699,-0.08284540994685154,0.0006120746376309938
14.84,5,seg5,-0.22309994153419135,0.004057385607482887,0.08704456292719405,-0.6307820809098222,-0.001794667969041467,0.0012105906032278263
14.84,6,seg6,-0.2127304568849185,0.14259337677776304,0.08798179001624222,-0.8100526584141117,0.13664134593631985,0.00214607979731668
14.86,0,head,-0.44429457965859465,0.3220086531296214,0.08744546701520484,0.4582798705271719,0.30611808963106985,8.57487931558848e-05
14.86,1,seg1,-0.5084965993603299,0.22056848728769957,0.08626268289288065,0.36660403624721677,0.20173740553126077,0.00043596103320940605
14.86,2,seg2,-0.5343426468801822,0.08328223057652973,0.08637267833699754,0.21039331385262203,0.06333548415939617,0.0005439898720531605
14.86,3,seg3,-0.4673924267113444,-0.03708823709224583,0.08632183868552028,-0.03771464613241651,-0.053856237928481564,0.0004913859863510533
14.86,4,seg4,-0.3362955563212761,-0.07847836494496141,0.0863884427651347,-0.34613691278372316,-0.08923762114506971,0.0005562132442144541
14.86,5,seg5,-0.21845265232060637,-0.010764384656429305,0.08684137919264626,-0.6361294929870039,-0.016378472509236706,0.001007406868680033
14.86,6,seg6,-0.19493598221254982,0.12628493552313208,0.08767222139581389,-0.8286031114591417,0.12119824790463744,0.0018365111768883502
14.88,0,head,-0.44471486725524023,0.3269802257195301,0.08779665409042607,0.45893628597974595,0.3110640267954753,0.0004369358683771196
14.88,1,seg1,-0.5056994706661474,0.2243071542258474,0.08649011096391082,0.3639880054005179,0.20560495540349102,0.0006633891042395756
14.88,2,seg2,-0.5307027551200846,0.08659563170135744,0.08647054360372838,0.2069152358909427,0.06681835836469237,0.0006418551387840088
14.88,3,seg3,-0.4662161079036412,-0.03590618301516064,0.08634565547734473,-0.03883337643258256,-0.0526195405953361,0.0005152027781755025
14.88,4,seg4,-0.3370135294325901,-0.08398147287024568,0.08642821944469643,-0.3456816538155122,-0.09476866277369361,0.0005959899237761856
14.88,5,seg5,-0.21420644344767045,-0.025162683879637823,0.08696660033810864,-0.6410561256139463,-0.030558373823136684,0.00113262801414242
14.88,6,seg6,-0.17764846212571136,0.108001847454915,0.08792099090778516,-0.8467411605574037,0.10375861387908251,0.002085280688859617
14.9,0,head,-0.4449472508731597,0.33251693362258455,0.08739390852554445,0.45943190594949135,0.3165834015241197,3.419030349549601e-05
14.9,1,seg1,-0.5022759687426437,0.2287212993416255,0.08625255644621352,0.3607784580265934,0.2101770280381073,0.000425834586542273
14.9,2,seg2,-0.5261416017568966,0.09003093708139623,0.08640745049498379,0.2025227418132163,0.07046684282142812,0.000578762030039412
14.9,3,seg3,-0.46442418636902466,-0.03435273895189768,0.08639458506449317,-0.04054933694386139,-0.05098257670837683,0.0005641323653239466
14.9,4,seg4,-0.3374663804061662,-0.08928534939593832,0.08644060172838637,-0.3454817348709999,-0.1000880812211907,0.0006083722074661235
14.9,5,seg5,-0.2099064111222407,-0.039892181902689505,0.0867911600139284,-0.6460522829192032,-0.04506653711802307,0.0009571876899621828
14.9,6,seg6,-0.16021402400019807,0.0880794068933981,0.08754290130322619,-0.8651039802963957,0.0846884769659367,0.0017071910843006466
14.92,0,head,-0.44584060482868304,0.33842381921820197,0.08771844376625565,0.4606053645768653,0.32244107799003985,0.0003587255442066978
14.92,1,seg1,-0.49928899738224547,0.23314234340737966,0.08640419963348976,0.3580052749081649,0.21473521670571374,0.0005774777738185161
14.92,2,seg2,-0.5214546805841054,0.09378583537412939,0.08640048238210063,0.19801983230843706,0.07444054352198134,0.0005717939171562547
14.92,3,seg3,-0.46200042028932137,-0.03243852552036433,0.08635171918583634,-0.04287925653066983,-0.048955181880325334,0.0005212664866671157
14.92,4,seg4,-0.33757812963510814,-0.09394104239912407,0.08649776374606474,-0.3455916832045322,-0.10474381710222978,0.0006655342251444957
14.92,5,seg5,-0.20630157047740044,-0.05463326990901948,0.08702914478411618,-0.6503545878578308,-0.059619362407279976,0.0011951724601499542
14.92,6,seg6,-0.1439064772709169,0.06691258151257289,0.08795099189954102,-0.882400407547022,0.0643217349247721,0.0021152816806154773
14.94,0,head,-0.4469469328222212,0.3444321047293293,0.08760092361806804,0.46199638168240925,0.32838990374177995,0.00024120539601908686
14.94,1,seg1,-0.4961330862814401,0.23743144372304098,0.08643090078990656,0.3550570640895728,0.21916965120874324,0.0006041789302353162
14.94,2,seg2,-0.5161076840425126,0.09744261670816576,0.08655006592457898,0.19285292585135774,0.07834765235087747,0.0007213774596346034
14.94,3,seg3,-0.45917928096710303,-0.030242635494002867,0.08649168786799728,-0.04559269370847267,-0.04662751808065321,0.0006612351688280588
14.94,4,seg4,-0.3377769254633894,-0.09851510204400929,0.08645668810821405,-0.34561079852669063,-0.10932215479409092,0.0006244585872938052
14.94,5,seg5,-0.2030421555671692,-0.06991804114067121,0.08669796346412777,-0.6543377331127871,-0.0747316941611349,0.0008639911401615435
14.94,6,seg6,-0.12784319170791492,0.04417126907954107,0.08739169209850829,-0.899527782446497,0.042370665172093945,0.0015559818795827518
14.96,0,head,-0.44737683081042556,0.349691427192905,0.08756938230808774,0.4626760910556072,0.33362280735489186,0.0002096640860387855
14.96,1,seg1,-0.4919513879515221,0.24239463550192736,0.08637161150438309,0.35111630932932375,0.22432623200162502,0.0005448896447118462
14.96,2,seg2,-0.5100084138544481,0.10159609403016975,0.08645409597198565,0.1869582366149337,0.08278669610968054,0.0006254075070412785
14.96,3,seg3,-0.4557508232526731,-0.027655735837506565,0.08642236608879043,-0.04889415242348924,-0.043880384577543605,0.0005919133896212098
14.96,4,seg4,-0.3376502774187269,-0.10278176018050708,0.08644086030536519,-0.34594035928975125,-0.11357795096923828,0.0006086307844449385
14.96,5,seg5,-0.20081792305444343,-0.08576637648368422,0.08673987328714744,-0.6573136897523005,-0.09045621722210435,0.0009059009631812165
14.96,6,seg6,-0.11308903972473675,0.019732987108567957,0.08744425326249047,-0.9154282683143379,0.018662245241924568,0.0016085430435649334
14.98,0,head,-0.44745850448835217,0.3549168945620147,0.08746147725056543,0.46300635948461194,0.3388384667168589,0.00010175902851647378
14.98,1,seg1,-0.4872491381338403,0.24699245870700504,0.0862990798316488,0.34663820452360156,0.22914263199736523,0.0004723579719775606
14.98,2,seg2,-0.5029948832750428,0.10611778228333867,0.08642585149835388,0.1801678466200611,0.08763704450523817,0.000597163033409509
14.98,3,seg3,-0.45103740936757525,-0.024948711459420885,0.08642483029926608,-0.0534733944057248,-0.04095210960734553,0.0005943776000968543
14.98,4,seg4,-0.3375143508262449,-0.10658188983846728,0.08646936415279897,-0.34625698534455823,-0.11736730571606023,0.0006371346318787274
14.98,5,seg5,-0.1990905875517074,-0.10152771070985177,0.08672749204744347,-0.659789171917323,-0.10611748577157462,0.0008935197234772457
14.98,6,seg6,-0.09971340377979636,-0.00705369178382613,0.0873637022575616,-0.9300635636500508,-0.007457516116855324,0.0015279920386360585
15.0,0,head,-0.44915036939395003,0.3611710810563213,0.0874756508443204,0.4649939527944849,0.34500504829815554,0.00011593262227144185
15.0,1,seg1,-0.4835000345081181,0.2523079618663507,0.08633969855953601,0.34314632128011396,0.23463053717558843,0.0005129766998647617
15.0,2,seg2,-0.49595585877703946,0.1104500462563748,0.08648357717724593,0.1733429766277913,0.09229939655091424,0.0006548887123015573
15.0,3,seg3,-0.44608449665665384,-0.021491654713628825,0.08651676449862085,-0.05825616874582889,-0.03726325405662547,0.0006863117994516249
15.0,4,seg4,-0.33648065588498066,-0.10932062263974708,0.08655806298794987,-0.34741984911542656,-0.12005374023764082,0.0007258334670296185
15.0,5,seg5,-0.19772440163527663,-0.1162941963660635,0.08677180467844062,-0.6618565674850878,-0.12080222064012923,0.0009378323544743938
15.0,6,seg6,-0.08872307826166556,-0.03519696407937438,0.0873568766572344,-0.9423808135606402,-0.035045853963282345,0.0015211664383088658
