time_s,cmd_vx_m_s,cmd_vy_m_s,cmd_yaw_rad_s,body_vx_m_s,body_vy_m_s,body_yaw_rate_rad_s,raw_gait_gate_action,learned_gait_blend,gait_blend,desired_gait_blend,gait_gate_error,prior_component_l2,residual_component_l2,applied_action_l2,policy_residual_0,ema_residual_0,prior_component_0,residual_component_0,applied_action_0,policy_residual_1,ema_residual_1,prior_component_1,residual_component_1,applied_action_1,policy_residual_2,ema_residual_2,prior_component_2,residual_component_2,applied_action_2,policy_residual_3,ema_residual_3,prior_component_3,residual_component_3,applied_action_3,policy_residual_4,ema_residual_4,prior_component_4,residual_component_4,applied_action_4,policy_residual_5,ema_residual_5,prior_component_5,residual_component_5,applied_action_5,policy_residual_6,ema_residual_6,prior_component_6,residual_component_6,applied_action_6,policy_residual_7,ema_residual_7,prior_component_7,residual_component_7,applied_action_7,policy_residual_8,ema_residual_8,prior_component_8,residual_component_8,applied_action_8,policy_residual_9,ema_residual_9,prior_component_9,residual_component_9,applied_action_9,policy_residual_10,ema_residual_10,prior_component_10,residual_component_10,applied_action_10
0.02,0.05,0.075,0.0,0.0,0.0,0.0,0.08190425485372543,0.6228563822805882,0.3659994675964117,0.28,0.0859994675964117,0.8589937686920166,0.036805905401706696,0.8707631826400757,-0.1010807529091835,-0.03032422624528408,-0.2104874700307846,-0.019104262813925743,-0.2295917272567749,-0.04929085075855255,-0.01478725578635931,-0.2700388431549072,-0.009315971285104752,-0.2793548107147217,-0.03727225959300995,-0.011181678622961044,-0.3307926058769226,-0.0070444573648273945,-0.3378370702266693,0.05930234491825104,0.01779070496559143,-0.37378913164138794,0.011208144016563892,-0.3625809848308563,-0.03504083305597305,-0.01051225047558546,-0.38561034202575684,-0.0066227177157998085,-0.39223307371139526,-0.028776217252016068,-0.008632865734398365,-0.3625671863555908,-0.005438705440610647,-0.3680059015750885,0.03951200097799301,0.011853600852191448,0.09934528917074203,0.007467768620699644,0.10681305825710297,0.06598962098360062,0.019796887412667274,0.19806495308876038,0.012472039088606834,0.21053698658943176,-0.01137570571154356,-0.003412711899727583,0.1177990511059761,-0.0021500084549188614,0.11564904451370239,0.04706788435578346,0.014120365492999554,0.046093348413705826,0.008895830251276493,0.054989177733659744,-0.10027118027210236,-0.030081355944275856,0.16202345490455627,-0.018951253965497017,0.1430722028017044
0.04,0.05,0.075,0.0,0.41954026599263,1.1480151820009652,6.08136741984906,0.10293465107679367,0.6544019766151905,0.3880813836306334,0.28,0.10808138363063335,0.8501384258270264,0.05279029905796051,0.8711190223693848,-0.15327909588813782,-0.06721068918704987,-0.19852861762046814,-0.04234273359179497,-0.2408713549375534,0.004136384464800358,-0.00911016296595335,-0.2548799216747284,-0.005739402491599321,-0.26061931252479553,-0.012387359514832497,-0.01154338289052248,-0.3171643018722534,-0.007272331044077873,-0.32443663477897644,-0.05199252814054489,-0.003144265152513981,-0.36594444513320923,-0.0019808870274573565,-0.36792534589767456,-0.025522202253341675,-0.015015236102044582,-0.3859974145889282,-0.009459598921239376,-0.395456999540329,-0.010504228994250298,-0.009194274432957172,-0.3710651993751526,-0.005792392883449793,-0.37685757875442505,-0.06501615792512894,-0.01120732817798853,0.08853752911090851,-0.007060616742819548,0.08147691190242767,0.0364970862865448,0.024806946516036987,0.20883165299892426,0.015628376975655556,0.22446003556251526,-0.055808860808610916,-0.019131558015942574,0.13948678970336914,-0.01205288153141737,0.1274339109659195,-0.06856885552406311,-0.010686402209103107,0.05724256858229637,-0.006732433568686247,0.05051013454794884,-0.020905407145619392,-0.027328571304678917,0.15160223841667175,-0.0172169990837574,0.13438524305820465
0.06,0.05,0.075,0.0,0.4376793341209898,0.9994864384519838,4.700801797880006,0.05862530320882797,0.587937954813242,0.3415565683692694,0.28,0.06155656836926937,0.8405541181564331,0.06814058125019073,0.8499768972396851,-0.13047274947166443,-0.08618930727243423,-0.18795974552631378,-0.054299261420965195,-0.24225901067256927,-0.024957764893770218,-0.013864443637430668,-0.24007165431976318,-0.008734599687159061,-0.24880625307559967,0.036193691194057465,0.002777739427983761,-0.30273786187171936,0.0017499758396297693,-0.3009878993034363,0.004238370805978775,-0.0009294742485508323,-0.3564019799232483,-0.0005855687777511775,-0.35698753595352173,0.017219291999936104,-0.005344877485185862,-0.3843168318271637,-0.0033672729041427374,-0.3876841068267822,0.0362696647644043,0.004444907419383526,-0.3777709901332855,0.0028002916369587183,-0.3749707043170929,-0.11113034933805466,-0.041184235364198685,0.07588900625705719,-0.02594606764614582,0.04994294047355652,-0.06636583805084229,-0.0025448910892009735,0.2176453024148941,-0.001603281358256936,0.21604202687740326,0.0034761810675263405,-0.012349236756563187,0.16104169189929962,-0.007780019193887711,0.1532616764307022,-0.12566865980625153,-0.04518108069896698,0.07021060585975647,-0.02846408076584339,0.04174652695655823,0.02659820206463337,-0.011150537990033627,0.14315181970596313,-0.007024839054793119,0.13612698018550873
0.08,0.05,0.075,0.0,0.43154860851001003,0.8639549616786809,4.084162746075223,0.08788573741912842,0.6318286061286926,0.3722800242900849,0.28,0.09228002429008486,0.8304261565208435,0.08675477653741837,0.8442004919052124,-0.17888027429580688,-0.11399659514427185,-0.17897579073905945,-0.07181785255670547,-0.2507936358451843,-0.03490190953016281,-0.020175684243440628,-0.22588713467121124,-0.012710681185126305,-0.2385978102684021,0.012044687755405903,0.0055578239262104034,-0.28777942061424255,0.0035014289896935225,-0.284278005361557,-0.013660491444170475,-0.004748779349029064,-0.3453376889228821,-0.002991731045767665,-0.34832942485809326,-0.00323677621781826,-0.0047124470584094524,-0.38059961795806885,-0.0029688416980206966,-0.3835684657096863,-0.019912326708436012,-0.0028622630052268505,-0.3825608789920807,-0.001803225721232593,-0.3843640983104706,-0.08334361761808395,-0.053832050412893295,0.06152861565351486,-0.03391418978571892,0.027614425867795944,-0.04388030990958214,-0.014945517294108868,0.22441606223583221,-0.009415675885975361,0.21500039100646973,-0.017887607216835022,-0.014010747894644737,0.18224407732486725,-0.008826770819723606,0.17341729998588562,-0.03369922935962677,-0.041736528277397156,0.08486530184745789,-0.026294013485312462,0.058571286499500275,-0.042077042162418365,-0.02042848989367485,0.13675831258296967,-0.012869948521256447,0.12388836592435837
0.1,0.05,0.075,0.0,0.4671087595147767,0.7947334553435452,3.756353435149623,0.07655934989452362,0.6148390248417854,0.36038731738924984,0.28,0.08038731738924981,0.8199833035469055,0.09412501752376556,0.8507204055786133,-0.1440650224685669,-0.12301712483167648,-0.17174240946769714,-0.07750079035758972,-0.24924319982528687,-0.024794721975922585,-0.0215613953769207,-0.21258799731731415,-0.013583678752183914,-0.22617167234420776,-0.029967056587338448,-0.005099640693515539,-0.2725648283958435,-0.0032127737067639828,-0.2757776081562042,-0.06795468181371689,-0.023710550740361214,-0.3329557180404663,-0.014937646687030792,-0.3478933572769165,-0.08114694058895111,-0.02764279581606388,-0.3749143183231354,-0.017414961010217667,-0.39232927560806274,-0.032259680330753326,-0.01168148871511221,-0.38534650206565857,-0.007359337992966175,-0.3927058279514313,-0.06578908115625381,-0.05741916224360466,0.045602697879076004,-0.036174070090055466,0.009428627789020538,-0.014752306044101715,-0.014887554571032524,0.22907495498657227,-0.009379159659147263,0.2196957916021347,-0.034797850996255875,-0.020246878266334534,0.20287790894508362,-0.012755532748997211,0.19012238085269928,0.03299049660563469,-0.019318420439958572,0.10105733573436737,-0.012170604430139065,0.08888673037290573,-0.054159559309482574,-0.030547812581062317,0.13248687982559204,-0.019245121628046036,0.1132417619228363
0.12,0.05,0.075,0.0,0.4416349561689278,0.6809800634081926,3.1306189810914113,0.10709600150585175,0.6606440022587776,0.39245080158114437,0.28,0.11245080158114434,0.8094971776008606,0.08604153245687485,0.8418145775794983,-0.046632543206214905,-0.10010174661874771,-0.16639305651187897,-0.0630640983581543,-0.22945715487003326,-0.02237793430685997,-0.02180635742843151,-0.20041953027248383,-0.013738005422055721,-0.21415753662586212,-0.0011072345077991486,-0.0039019188843667507,-0.25737470388412476,-0.002458208939060569,-0.2598329186439514,-0.024979693815112114,-0.024091292172670364,-0.3194843530654907,-0.015177514404058456,-0.3346618711948395,-0.08257924020290375,-0.044123731553554535,-0.3673657774925232,-0.02779795043170452,-0.39516371488571167,-0.015273043885827065,-0.012758955359458923,-0.3860764801502228,-0.008038141764700413,-0.39411461353302,-0.07158482819795609,-0.06166886165738106,0.02827354706823826,-0.038851384073495865,-0.010577837005257607,-0.044642504304647446,-0.023814041167497635,0.23157449066638947,-0.015002845786511898,0.216571643948555,0.010997089557349682,-0.010873687453567982,0.22273290157318115,-0.006850422825664282,0.21588248014450073,0.02423439919948578,-0.006252574268728495,0.11862168461084366,-0.003939121961593628,0.11468256264925003,-0.030032282695174217,-0.030393153429031372,0.1303810328245163,-0.019147686660289764,0.11123334616422653
0.14,0.05,0.075,0.0,0.41185237024161553,0.5831420674347788,2.582164935943898,0.08533456921577454,0.6280018538236618,0.3696012976765633,0.28,0.08960129767656327,0.7992790937423706,0.09584171324968338,0.8231142163276672,-0.12113932520151138,-0.10641302168369293,-0.163026362657547,-0.06704020500183105,-0.23006656765937805,-0.03960833698511124,-0.027146950364112854,-0.18960615992546082,-0.017102578654885292,-0.20670874416828156,0.020454391837120056,0.0034049744717776775,-0.24248920381069183,0.002145133912563324,-0.2403440773487091,0.04536677151918411,-0.0032538725063204765,-0.3051721155643463,-0.0020499397069215775,-0.30722206830978394,-0.0026274099946022034,-0.031674835830926895,-0.3580932319164276,-0.019955147057771683,-0.3780483901500702,-0.026371721178293228,-0.016842786222696304,-0.3847373425960541,-0.010610954836010933,-0.39534831047058105,-0.09852815419435501,-0.07272665202617645,0.009717750363051891,-0.0458177886903286,-0.03610003739595413,-0.11831792443990707,-0.052165206521749496,0.23188920319080353,-0.032864078879356384,0.19902512431144714,0.06235561892390251,0.011095105670392513,0.2416067272424698,0.006989916320890188,0.24859663844108582,-0.03517390042543411,-0.014928972348570824,0.13737936317920685,-0.009405252523720264,0.12797410786151886,-0.054570719599723816,-0.037646424025297165,0.13046224415302277,-0.0237172469496727,0.10674499720335007
0.16,0.05,0.075,0.0,0.3754075792952837,0.4889298474918719,2.1179359599508194,0.090347521007061,0.6355212815105915,0.3748648970574141,0.28,0.09486489705741408,0.7896743416786194,0.10023443400859833,0.8211988210678101,-0.126179501414299,-0.112342968583107,-0.1617044359445572,-0.07077606767416,-0.2324804961681366,-0.05078548192977905,-0.034238509833812714,-0.18034732341766357,-0.02157026156783104,-0.2019175887107849,0.008363518863916397,0.004892537835985422,-0.22818289697170258,0.003082298906520009,-0.2251005917787552,-0.028406130149960518,-0.010799549520015717,-0.2902829349040985,-0.006803716067224741,-0.2970866560935974,-0.04441830888390541,-0.03549787774682045,-0.3472677171230316,-0.022363662719726562,-0.3696313798427582,-0.005067471414804459,-0.01331019215285778,-0.38135382533073425,-0.00838542077690363,-0.3897392451763153,-0.04046665504574776,-0.06304865330457687,-0.00987559650093317,-0.039720650762319565,-0.04959624633193016,-0.0600305013358593,-0.05452479422092438,0.23001588881015778,-0.034350618720054626,0.19566527009010315,0.05819651111960411,0.025225527584552765,0.25930705666542053,0.015892082825303078,0.27519914507865906,0.0429283045232296,0.002428211271762848,0.15713922679424286,0.0015297731151804328,0.15866899490356445,-0.07382269203662872,-0.04849930480122566,0.1327296793460846,-0.03055456094443798,0.10217511653900146
0.18,0.05,0.075,0.0,0.3386326691090644,0.42593063471008,1.7756512778189597,0.07988498359918594,0.6198274753987789,0.36387923277914525,0.28,0.08387923277914522,0.781053364276886,0.09131381660699844,0.8038952350616455,-0.03186839818954468,-0.08820059150457382,-0.16245165467262268,-0.055566370487213135,-0.21801802515983582,-0.02302445098757744,-0.03087429329752922,-0.1728138029575348,-0.019450804218649864,-0.1922646015882492,0.005558019503951073,0.005092182196676731,-0.21471962332725525,0.0032080747187137604,-0.2115115523338318,0.00807487778365612,-0.005137220956385136,-0.2750914394855499,-0.0032364490907639265,-0.2783278822898865,-0.07421610504388809,-0.04711334407329559,-0.3350888788700104,-0.029681406915187836,-0.3647702932357788,0.0250571109354496,-0.0018000011332333088,-0.37598830461502075,-0.0011340007185935974,-0.37712231278419495,-0.007813154719769955,-0.04647800326347351,-0.030306827276945114,-0.029281141236424446,-0.05958797037601471,-0.09817429631948471,-0.06761964410543442,0.22597363591194153,-0.042600374668836594,0.18337325751781464,0.030253585427999496,0.026733944192528725,0.2756534814834595,0.01684238389134407,0.29249587655067444,-0.02324962057173252,-0.005275138653814793,0.17769992351531982,-0.003323337296023965,0.17437659204006195,-0.05434620380401611,-0.05025337636470795,0.13716024160385132,-0.031659625470638275,0.10550061613321304
0.2,0.05,0.075,0.0,0.30953874351530963,0.38252418212887124,1.483535918748381,0.059094563126564026,0.588641844689846,0.34204929128289224,0.28,0.062049291282892216,0.7737987041473389,0.0949544832110405,0.7884659171104431,-0.04414435476064682,-0.07498372346162796,-0.16525423526763916,-0.047239746898412704,-0.21249398589134216,-0.025641677901148796,-0.02930450811982155,-0.1671445071697235,-0.018461840227246284,-0.18560634553432465,0.055432215332984924,0.020194193348288536,-0.20234769582748413,0.01272234134376049,-0.1896253526210785,-0.0074857790023088455,-0.005841788370162249,-0.2598778307437897,-0.0036803267430514097,-0.26355814933776855,0.018502136692404747,-0.027428697794675827,-0.32178130745887756,-0.017280079424381256,-0.3390613794326782,0.024303190410137177,0.006030956748872995,-0.3687397241592407,0.0037995027378201485,-0.36494022607803345,-0.11406368762254715,-0.06675371527671814,-0.05136774107813835,-0.04205483943223953,-0.09342257678508759,-0.10815490037202835,-0.0797802209854126,0.21980364620685577,-0.05026153847575188,0.1695421040058136,0.08558009564876556,0.04438779130578041,0.29047948122024536,0.027964308857917786,0.31844377517700195,-0.030959270894527435,-0.012980379164218903,0.19885189831256866,-0.008177638985216618,0.19067426025867462,-0.033491477370262146,-0.04522480443120003,0.14370878040790558,-0.028491627424955368,0.11521714925765991
0.22,0.05,0.075,0.0,0.2788029904114927,0.34236059066420277,1.2441507429649046,0.11103757470846176,0.6665563620626926,0.39658945344388485,0.28,0.11658945344388483,0.7682889103889465,0.10302712023258209,0.7947062849998474,-0.08016660809516907,-0.07653859257698059,-0.17006050050258636,-0.048219311982393265,-0.21827980875968933,-0.07460024207830429,-0.04289322718977928,-0.16344404220581055,-0.02702273242175579,-0.1904667764902115,0.060624681413173676,0.03232334181666374,-0.1912953108549118,0.02036370523273945,-0.1709316074848175,-0.10381975769996643,-0.03523518145084381,-0.2449226826429367,-0.022198164835572243,-0.2671208381652832,-0.03835592791438103,-0.030706867575645447,-0.307590514421463,-0.019345326349139214,-0.3269358277320862,0.028757382184267044,0.012848885729908943,-0.35974183678627014,0.00809479784220457,-0.3516470491886139,-0.0339517742395401,-0.05691313371062279,-0.07284370809793472,-0.03585527464747429,-0.10869897902011871,-0.07461737096309662,-0.07823136448860168,0.21156875789165497,-0.049285758286714554,0.1622830033302307,0.08934684842824936,0.057875510305166245,0.3036339581012726,0.036461569368839264,0.34009552001953125,0.032458946108818054,0.0006514191627502441,0.22037963569164276,0.000410394073696807,0.22079002857208252,-0.07528148591518402,-0.054241809993982315,0.15230855345726013,-0.03417234122753143,0.1181362122297287
0.24,0.05,0.075,0.0,0.2532700448818184,0.3119809117674921,1.0839807889766744,0.0898561105132103,0.6347841657698154,0.3743489160388708,0.28,0.0943489160388708,0.7648787498474121,0.09401684999465942,0.7936199307441711,-0.014043135568499565,-0.05778995528817177,-0.1767817884683609,-0.03640767186880112,-0.21318945288658142,-0.03909836709499359,-0.041754767298698425,-0.16178062558174133,-0.02630550228059292,-0.1880861222743988,0.029063817113637924,0.03134548291563988,-0.1817663013935089,0.019747653976082802,-0.16201864182949066,-0.062451623380184174,-0.0434001162648201,-0.23050183057785034,-0.027342073619365692,-0.25784391164779663,-0.05906583368778229,-0.03921455889940262,-0.2927781641483307,-0.024705171585083008,-0.3174833357334137,0.01823345199227333,0.014464255422353745,-0.3491605222225189,0.009112481027841568,-0.34004804491996765,0.020055148750543594,-0.03382264822721481,-0.09451588988304138,-0.02130826748907566,-0.1158241555094719,-0.046600356698036194,-0.0687420591711998,0.20135293900966644,-0.04330749809741974,0.1580454409122467,0.061612069606781006,0.058996476233005524,0.3149828016757965,0.037167780101299286,0.3521505892276764,0.026497095823287964,0.008405121974647045,0.2420637309551239,0.005295226816087961,0.24735896289348602,-0.06062544137239456,-0.05615689605474472,0.16287192702293396,-0.035378843545913696,0.12749308347702026
0.26,0.05,0.075,0.0,0.22839521030380805,0.28264678349197464,0.9130408204001812,0.03414924442768097,0.5512238666415215,0.31585670664906507,0.28,0.03585670664906504,0.7638781666755676,0.0964086726307869,0.7883264422416687,-0.054000772535800934,-0.05665320158004761,-0.18529413640499115,-0.0356915183365345,-0.22098565101623535,-0.05177432298660278,-0.04476063326001167,-0.1621849536895752,-0.028199199587106705,-0.1903841495513916,0.026525933295488358,0.02989961765706539,-0.17393642663955688,0.01883675903081894,-0.15509966015815735,-0.020388532429933548,-0.03649664297699928,-0.21688124537467957,-0.02299288474023342,-0.23987412452697754,0.0015605539083480835,-0.026982024312019348,-0.277617484331131,-0.01699867472052574,-0.294616162776947,0.02923515811562538,0.018895525485277176,-0.33719098567962646,0.011904180981218815,-0.3252868056297302,-0.07271238416433334,-0.04548957198858261,-0.11616343259811401,-0.0286584310233593,-0.1448218673467636,-0.07599777728319168,-0.07091877609491348,0.18926025927066803,-0.04467882961034775,0.14458143711090088,0.07484236359596252,0.0637502446770668,0.32441043853759766,0.04016265273094177,0.36457309126853943,-0.028409268707036972,-0.002639195416122675,0.2636832296848297,-0.0016626931028440595,0.2620205283164978,-0.07238464057445526,-0.061025217175483704,0.1752912700176239,-0.038445886224508286,0.13684538006782532
0.28,0.05,0.075,0.0,0.2046764130184843,0.2593732889058338,0.7545862951378405,0.07527656853199005,0.6129148527979851,0.3590403969585896,0.28,0.07904039695858955,0.7655310034751892,0.10021966695785522,0.7991982698440552,-0.039488233625888824,-0.05150371044874191,-0.19544054567813873,-0.03244733810424805,-0.22788788378238678,-0.08239199966192245,-0.056050047278404236,-0.16464956104755402,-0.03531153127551079,-0.1999610960483551,0.04667649418115616,0.03493268042802811,-0.1679501086473465,0.022007588297128677,-0.14594252407550812,-0.11330994218587875,-0.059540633112192154,-0.20431214570999146,-0.037510599941015244,-0.241822749376297,-0.07134907692670822,-0.04029214382171631,-0.26238808035850525,-0.025384049862623215,-0.28777211904525757,0.032997891306877136,0.023126235231757164,-0.3240540027618408,0.01456952840089798,-0.30948448181152344,-0.006407341919839382,-0.033764902502298355,-0.1375657320022583,-0.02127188816666603,-0.15883761644363403,-0.03897625952959061,-0.06133602187037468,0.17541395127773285,-0.03864169493317604,0.1367722600698471,0.05943895876407623,0.06245686113834381,0.3318207561969757,0.039347823709249496,0.3711685836315155,0.031028535217046738,0.00746112409979105,0.28501781821250916,0.004700507968664169,0.2897183299064636,-0.061172470450401306,-0.061069391667842865,0.18943999707698822,-0.038473717868328094,0.15096628665924072
0.3,0.05,0.075,0.0,0.1873939701133039,0.2394333633907284,0.6472237259024747,0.04989607632160187,0.5748441144824028,0.332390880137682,0.28,0.05239088013768195,0.7699969410896301,0.08941395580768585,0.8015688061714172,-0.0045480020344257355,-0.03741699457168579,-0.2070339024066925,-0.023572705686092377,-0.23060661554336548,-0.041818827390670776,-0.05178068205714226,-0.16912899911403656,-0.032621830701828,-0.20175082981586456,0.0070851873606443405,0.026578431949019432,-0.16391772031784058,0.01674441248178482,-0.14717331528663635,-0.035519398748874664,-0.052334263920784,-0.1930263489484787,-0.03297058492898941,-0.2259969413280487,-0.04346568137407303,-0.041244205087423325,-0.2473708540201187,-0.02598384954035282,-0.273354709148407,0.01832021400332451,0.021684428676962852,-0.3099918067455292,0.013661189936101437,-0.29633063077926636,-0.004081095568835735,-0.024859759956598282,-0.1585046797990799,-0.01566164940595627,-0.17416632175445557,-0.026943687349557877,-0.05101832002401352,0.15995512902736664,-0.032141540199518204,0.12781359255313873,0.06601184606552124,0.06352335214614868,0.33713826537132263,0.04001971334218979,0.377157986164093,0.00048798881471157074,0.005369183141738176,0.305850088596344,0.0033825852442532778,0.3092326819896698,-0.044898293912410736,-0.05621806159615517,0.20517393946647644,-0.035417377948760986,0.16975656151771545
0.32,0.05,0.075,0.0,0.1715621942240093,0.2124206837925204,0.5030179782961438,0.02952910028398037,0.5442936504259706,0.3110055552981794,0.28,0.031005555298179388,0.7773383259773254,0.09790870547294617,0.8073084950447083,-0.07327238470315933,-0.04817361384630203,-0.21986034512519836,-0.030349375680088997,-0.2502097189426422,-0.06508589535951614,-0.05577224865555763,-0.17554065585136414,-0.03513651713728905,-0.21067717671394348,0.012621748261153698,0.022391427308321,-0.16191366314888,0.014106598682701588,-0.1478070616722107,-0.08004729449748993,-0.060648173093795776,-0.18323199450969696,-0.03820835053920746,-0.22144034504890442,0.004450934007763863,-0.027535663917660713,-0.23284277319908142,-0.017347468063235283,-0.25019022822380066,0.0461994893848896,0.029038947075605392,-0.29526379704475403,0.01829453743994236,-0.2769692540168762,-0.06762252748012543,-0.037688590586185455,-0.17876692116260529,-0.02374381199479103,-0.20251072943210602,-0.06033402681350708,-0.05381303280591965,0.14304132759571075,-0.033902209252119064,0.10913911461830139,0.07413464784622192,0.06670673936605453,0.3403087258338928,0.04202524572610855,0.3823339641094208,-0.04485677182674408,-0.009698603302240372,0.3259677290916443,-0.006110120099037886,0.3198575973510742,-0.08174211531877518,-0.06387528032064438,0.22233277559280396,-0.04024142771959305,0.1820913553237915
0.34,0.05,0.075,0.0,0.1580056537404918,0.18816086337725504,0.37221837555658777,0.04437423497438431,0.5665613524615765,0.32659294672310357,0.28,0.046592946723103545,0.7875141501426697,0.09859947860240936,0.8209763169288635,-0.024108679965138435,-0.04095413163304329,-0.23368333280086517,-0.025801103562116623,-0.2594844400882721,-0.0656866654753685,-0.0587465725839138,-0.18376626074314117,-0.03701034188270569,-0.22077660262584686,0.01149890385568142,0.01912366971373558,-0.16197489202022552,0.012047911994159222,-0.14992697536945343,-0.1145661473274231,-0.07682356238365173,-0.17510974407196045,-0.04839884489774704,-0.22350859642028809,-0.06305145472288132,-0.03819040209054947,-0.21907177567481995,-0.024059953168034554,-0.24313172698020935,0.06126007065176964,0.03870528191328049,-0.2801416218280792,0.024384327232837677,-0.25575730204582214,0.01945517212152481,-0.020545460283756256,-0.19814597070217133,-0.012943639419972897,-0.2110896110534668,-0.013648930937051773,-0.041763801127672195,0.12484489381313324,-0.026311194524168968,0.09853369742631912,0.055953964591026306,0.063480906188488,0.3412998914718628,0.03999296948313713,0.38129284977912903,0.035451799631118774,0.003846517764031887,0.3451657295227051,0.002423306228592992,0.34758904576301575,-0.059948407113552094,-0.06269721686840057,0.24074162542819977,-0.03949924558401108,0.2012423872947693
0.36,0.05,0.075,0.0,0.14649047516066602,0.16955855831870917,0.2861671405218235,0.025272106751799583,0.5379081601276994,0.30653571208938957,0.28,0.02653571208938954,0.8003823161125183,0.09492001682519913,0.8359684944152832,-0.051795125007629395,-0.04420642927289009,-0.2482479065656662,-0.02785005047917366,-0.27609795331954956,-0.05062093585729599,-0.05630888044834137,-0.1936541050672531,-0.03547459468245506,-0.22912870347499847,-0.014859994873404503,0.0089285708963871,-0.1641002893447876,0.005624999757856131,-0.15847529470920563,-0.06135478615760803,-0.07218292355537415,-0.16880939900875092,-0.04547524079680443,-0.21428464353084564,-0.02433086559176445,-0.03403254225850105,-0.20631186664104462,-0.021440502256155014,-0.22775237262248993,0.018907465040683746,0.032765936106443405,-0.2649041712284088,0.020642539486289024,-0.24426163733005524,-0.02313191071152687,-0.02132139541208744,-0.21644432842731476,-0.013432479463517666,-0.2298768013715744,-0.013011178001761436,-0.03313801437616348,0.10555126518011093,-0.020876949653029442,0.08467431366443634,0.07500268518924713,0.06693743914365768,0.3401016294956207,0.04217058792710304,0.38227221369743347,-0.0022512339055538177,0.0020171920768916607,0.3632484972476959,0.001270830980502069,0.364519327878952,-0.06495200097560883,-0.06337365508079529,0.26021289825439453,-0.03992540389299393,0.2202875018119812
0.38,0.05,0.075,0.0,0.13706351416313028,0.15093366366102215,0.19117002976148564,0.004084079526364803,0.5061261192895472,0.2842882835026831,0.28,0.004288283502683066,0.8157080411911011,0.10132382810115814,0.8498606085777283,-0.011731861159205437,-0.03446405753493309,-0.26328545808792114,-0.021712355315685272,-0.284997820854187,-0.08112013339996338,-0.06375225633382797,-0.20502182841300964,-0.04016391932964325,-0.2451857477426529,-0.014258293434977531,0.001972511410713196,-0.16825063526630402,0.0012426822213456035,-0.1670079529285431,-0.1183721050620079,-0.08603967726230621,-0.16444715857505798,-0.054204996675252914,-0.2186521589756012,-0.03170217201113701,-0.0333334319293499,-0.19479838013648987,-0.021000061184167862,-0.21579843759536743,0.07935962080955505,0.04674404114484787,-0.24983248114585876,0.029448745772242546,-0.22038373351097107,0.027463290840387344,-0.00668598897755146,-0.23347553610801697,-0.004212173167616129,-0.23768770694732666,0.007907982915639877,-0.020824214443564415,0.08535704761743546,-0.013119255192577839,0.07223778963088989,0.06880497932434082,0.06749770045280457,0.3367261588573456,0.04252355173230171,0.3792497217655182,0.023034218698740005,0.008322300389409065,0.3800317347049713,0.005243049003183842,0.3852747976779938,-0.08326664566993713,-0.06934155523777008,0.28054818511009216,-0.0436851792037487,0.23686300218105316
0.4,0.05,0.075,0.0,0.12923074761025408,0.13654658189163113,0.12747515290965306,0.0026200348511338234,0.5039300522767007,0.28275103659369055,0.28,0.0027510365936905257,0.8331790566444397,0.10003180056810379,0.8662962317466736,-0.026125943288207054,-0.03196262568235397,-0.27851858735084534,-0.020136453211307526,-0.29865503311157227,-0.06110692769289017,-0.06295865774154663,-0.21765977144241333,-0.03966395556926727,-0.2573237419128418,-0.03678637742996216,-0.00965515524148941,-0.17434939742088318,-0.006082747597247362,-0.18043214082717896,-0.07460152357816696,-0.08260823041200638,-0.16210348904132843,-0.052043184638023376,-0.2141466736793518,-0.04217495024204254,-0.03598588705062866,-0.18474365770816803,-0.022671109065413475,-0.20741476118564606,0.04621478170156479,0.046585261821746826,-0.2352045178413391,0.029348714277148247,-0.20585580170154572,0.003298732452094555,-0.0036905724555253983,-0.24906602501869202,-0.0023250605445355177,-0.25139108300209045,0.002414565533399582,-0.013852580450475216,0.06446804106235504,-0.008727125823497772,0.05574091523885727,0.07290462404489517,0.06911978125572205,0.33120784163475037,0.04354546219110489,0.37475329637527466,-0.007362378761172295,0.003616896690800786,0.3953443765640259,0.002278644824400544,0.3976230323314667,-0.07027671486139297,-0.06962209939956665,0.30154022574424744,-0.04386192187666893,0.2576783001422882
0.42,0.05,0.075,0.0,0.12237806161205197,0.121611619903664,0.06537957038264985,-0.008279111236333847,0.48758133314549923,0.2713069332018495,0.28,0.008693066798150517,0.8524237275123596,0.10547903925180435,0.8839359879493713,-0.003053748980164528,-0.023289963603019714,-0.29366642236709595,-0.014672677032649517,-0.30833908915519714,-0.06899051368236542,-0.06476821005344391,-0.23133482038974762,-0.040803972631692886,-0.2721388041973114,-0.030236491933465004,-0.015829555690288544,-0.18228407204151154,-0.009972619824111462,-0.19225668907165527,-0.11468026041984558,-0.09222984313964844,-0.16182158887386322,-0.058104801923036575,-0.2199263870716095,-0.04826052486896515,-0.03966827690601349,-0.17633315920829773,-0.02499101497232914,-0.20132417976856232,0.08060244470834732,0.056790418922901154,-0.22129011154174805,0.03577796369791031,-0.18551215529441833,0.02845332771539688,0.00595259852707386,-0.2630569338798523,0.0037501370534300804,-0.25930678844451904,0.014015749096870422,-0.005492080934345722,0.04309710115194321,-0.0034600109793245792,0.039637088775634766,0.07268140465021133,0.07018826901912689,0.32360297441482544,0.04421861097216606,0.3678215742111206,0.006473308429121971,0.004473820328712463,0.4090304374694824,0.0028185066767036915,0.41184893250465393,-0.06672149151563644,-0.06875191628932953,0.32297515869140625,-0.043313708156347275,0.2796614468097687
0.44,0.05,0.075,0.0,0.11556633726768151,0.10727350382875397,0.0028246484192010852,-0.02903837338089943,0.45644243992865086,0.24950970795005561,0.28,0.030490292049944412,0.8730297088623047,0.10139280557632446,0.9031346440315247,-0.027947233989834785,-0.02468714490532875,-0.30844953656196594,-0.015552900731563568,-0.3240024447441101,-0.05070958286523819,-0.06055062264204025,-0.24579478800296783,-0.038146890699863434,-0.28394168615341187,-0.0593113899230957,-0.02887410670518875,-0.1919083446264267,-0.018190687522292137,-0.2100990265607834,-0.05494111031293869,-0.08104322850704193,-0.1636066734790802,-0.05105723440647125,-0.21466390788555145,-0.059649303555488586,-0.04566258564591408,-0.16972199082374573,-0.028767429292201996,-0.19848942756652832,0.04832935333251953,0.05425209924578667,-0.20834586024284363,0.03417882323265076,-0.17416703701019287,0.0136244036257267,0.008254140615463257,-0.27530568838119507,0.005200108513236046,-0.2701055705547333,0.020673483610153198,0.0023575888480991125,0.02146201767027378,0.0014852809254080057,0.022947298362851143,0.06661291420459747,0.06911566108465195,0.3139890432357788,0.04354286566376686,0.35753190517425537,-0.012250218540430069,-0.00054339156486094,0.42095041275024414,-0.0003423366870265454,0.4206080734729767,-0.059303976595401764,-0.06591753661632538,0.3446345031261444,-0.04152804613113403,0.3031064569950104
0.46,0.05,0.075,0.0,0.1093337920841402,0.09365956822713259,-0.05945427655961682,-0.06030883640050888,0.4095367453992367,0.2166757217794657,0.28,0.06332427822053432,0.8945624828338623,0.09433429688215256,0.9263248443603516,-0.027890533208847046,-0.02564816176891327,-0.3225952684879303,-0.016158342361450195,-0.3387536108493805,-0.028836717829108238,-0.05103645101189613,-0.2607729732990265,-0.032152965664863586,-0.29292595386505127,-0.049672581255435944,-0.03511364758014679,-0.20304468274116516,-0.022121597081422806,-0.22516627609729767,-0.030591651797294617,-0.06590775400400162,-0.16742582619190216,-0.04152188450098038,-0.20894771814346313,-0.07345668971538544,-0.054000817239284515,-0.16503210365772247,-0.03402051329612732,-0.1990526169538498,0.04158512130379677,0.050452008843421936,-0.19661051034927368,0.03178476542234421,-0.16482573747634888,0.0029753977432847023,0.006670517846941948,-0.28568747639656067,0.004202426411211491,-0.28148505091667175,0.014751769602298737,0.00607584323734045,-0.0002167413040297106,0.003827781183645129,0.003611039835959673,0.06619520485401154,0.06823952496051788,0.30246397852897644,0.042990900576114655,0.3454548716545105,0.021049566566944122,0.005934496410191059,0.4309828579425812,0.0037387327756732702,0.43472158908843994,-0.03903833031654358,-0.05785377696156502,0.36629754304885864,-0.036447878926992416,0.3298496603965759
0.48,0.05,0.075,0.0,0.10409706087907367,0.08037285285931732,-0.10775524957002379,-0.04581199586391449,0.43128200620412827,0.2318974043428898,0.28,0.048102595657110225,0.9165816903114319,0.09854938089847565,0.9435693025588989,-0.027374906465411186,-0.02616618573665619,-0.33584269881248474,-0.01648469641804695,-0.3523274064064026,-0.024380823597311974,-0.04303976148366928,-0.27599310874938965,-0.027115048840641975,-0.3031081557273865,-0.054042935371398926,-0.04079243540763855,-0.21548770368099213,-0.025699233636260033,-0.2411869317293167,-0.09620741754770279,-0.07499764859676361,-0.17320860922336578,-0.04724851995706558,-0.22045713663101196,-0.07150481641292572,-0.05925201624631882,-0.16234998404979706,-0.03732876852154732,-0.19967874884605408,0.05248529836535454,0.05106199532747269,-0.18630051612854004,0.03216905519366264,-0.1541314572095871,0.08529312908649445,0.03025730326771736,-0.2940964996814728,0.0190621018409729,-0.2750343978404999,0.014581255614757538,0.008627466857433319,-0.021718256175518036,0.0054353042505681515,-0.016282951459288597,0.07217691093683243,0.06942074000835419,0.28914523124694824,0.043735064566135406,0.33288028836250305,-0.02315431833267212,-0.002792148385196924,0.43902552127838135,-0.0017590534407645464,0.43726646900177,-0.03849271684885025,-0.05204545706510544,0.3877435624599457,-0.03278863802552223,0.35495492815971375
0.5,0.05,0.075,0.0,0.09907550576479315,0.06966735455423739,-0.15536135799715708,-0.06570319086313248,0.4014452137053013,0.21101164959371094,0.28,0.06898835040628909,0.938654363155365,0.09820806235074997,0.9630405902862549,-0.03493702411651611,-0.028797438368201256,-0.3479475677013397,-0.01814238540828228,-0.36608994007110596,-0.009229837916791439,-0.03289678320288658,-0.2911744713783264,-0.02072497271001339,-0.31189945340156555,-0.05393422394990921,-0.04473496973514557,-0.22900789976119995,-0.02818302996456623,-0.2571909427642822,-0.06620268523693085,-0.07235915958881378,-0.18084834516048431,-0.04558626934885979,-0.2264346182346344,-0.08264651894569397,-0.0662703663110733,-0.16172510385513306,-0.04175033047795296,-0.20347543060779572,0.057072777301073074,0.05286522954702377,-0.1776060163974762,0.0333050936460495,-0.1443009227514267,0.03697122260928154,0.032271478325128555,-0.300447016954422,0.02033103071153164,-0.2801159918308258,0.016354113817214966,0.010945461690425873,-0.042823418974876404,0.0068956408649683,-0.03592777997255325,0.06755592674016953,0.06886129081249237,0.27416855096817017,0.043382611125707626,0.3175511658191681,-0.039448097348213196,-0.01378893293440342,0.4449964165687561,-0.008687027730047703,0.4363093972206116,-0.022785590961575508,-0.043267495930194855,0.4087539613246918,-0.02725852280855179,0.3814954459667206
0.52,0.05,0.075,0.0,0.09350500707097718,0.061713850113374866,-0.19872154644783624,-0.0665355771780014,0.4001966342329979,0.21013764396309856,0.28,0.06986235603690147,0.9603659510612488,0.1018613874912262,0.9833131432533264,-0.005695984233170748,-0.02186700329184532,-0.35868653655052185,-0.013776211999356747,-0.37246274948120117,-0.013976296409964561,-0.02722063660621643,-0.3060370981693268,-0.017149001359939575,-0.32318609952926636,-0.02915075235068798,-0.04005970433354378,-0.24335592985153198,-0.025237614288926125,-0.26859354972839355,-0.1148291602730751,-0.08510015904903412,-0.19020414352416992,-0.053613100200891495,-0.24381723999977112,-0.0824870616197586,-0.07113537192344666,-0.1631689816713333,-0.04481528326869011,-0.20798426866531372,0.06732174009084702,0.057202182710170746,-0.17068739235401154,0.036037374287843704,-0.13465002179145813,0.051541656255722046,0.038052529096603394,-0.3046743869781494,0.023973092436790466,-0.28070127964019775,0.033846087753772736,0.01781564950942993,-0.06331715732812881,0.011223859153687954,-0.052093297243118286,0.06587345898151398,0.06796494126319885,0.2576865553855896,0.04281791299581528,0.3005044758319855,-0.023233911022543907,-0.016622427850961685,0.44883474707603455,-0.010472129099071026,0.43836262822151184,-0.00872628204524517,-0.032905131578445435,0.4291146695613861,-0.020730232819914818,0.40838444232940674
0.54,0.05,0.075,0.0,0.08716303217617141,0.05339834133186505,-0.23816266435751077,-0.11394798755645752,0.3290780186653137,0.16035461306571963,0.28,0.1196453869342804,0.9813278913497925,0.09567078948020935,1.002874732017517,-0.04268916696310043,-0.028113652020692825,-0.3678615987300873,-0.01771160028874874,-0.38557320833206177,0.0027855215594172478,-0.018218787387013435,-0.32030683755874634,-0.011477836407721043,-0.3317846655845642,-0.050681255757808685,-0.04324617236852646,-0.2582671344280243,-0.027245087549090385,-0.28551220893859863,-0.026588745415210724,-0.06754673272371292,-0.20110344886779785,-0.04255444183945656,-0.2436578869819641,-0.08169116824865341,-0.07430210709571838,-0.16665500402450562,-0.0468103289604187,-0.21346533298492432,0.023406032472848892,0.04706333950161934,-0.16567222774028778,0.029649903997778893,-0.13602232933044434,0.057771142572164536,0.04396811127662659,-0.30673548579216003,0.02769991010427475,-0.2790355682373047,0.02130727469921112,0.018863137811422348,-0.0829906240105629,0.011883776634931564,-0.07110685110092163,0.06205406412482262,0.06619168072938919,0.2398672103881836,0.041700758039951324,0.2815679609775543,-0.006263445131480694,-0.01351473294198513,0.45050138235092163,-0.00851428136229515,0.4419870972633362,-0.024167945608496666,-0.0302839744836092,0.44861820340156555,-0.019078902900218964,0.429539293050766
0.56,0.05,0.075,0.0,0.08126571360928649,0.04566067612170496,-0.2643054734232858,-0.11319664120674133,0.330205038189888,0.16114352673292165,0.28,0.11885647326707838,1.0011837482452393,0.09475831687450409,1.0187568664550781,0.010276379063725471,-0.016596641391515732,-0.3753035068511963,-0.010455884039402008,-0.3857593834400177,-0.011454932391643524,-0.016189631074666977,-0.33372050523757935,-0.010199467651546001,-0.343919962644577,-0.04429710656404495,-0.04356145113706589,-0.2734665274620056,-0.027443714439868927,-0.30091023445129395,-0.040082283318042755,-0.05930739641189575,-0.2133452445268631,-0.03736365959048271,-0.2507089078426361,-0.07263756543397903,-0.07380274683237076,-0.17211885750293732,-0.04649573192000389,-0.2186145931482315,0.0209309421479702,0.03922361880540848,-0.16265302896499634,0.02471087872982025,-0.1379421502351761,0.0895959883928299,0.05765647441148758,-0.3066093325614929,0.03632357716560364,-0.2702857553958893,0.04337053745985031,0.026215359568595886,-0.10164334625005722,0.01651567593216896,-0.08512766659259796,0.07344044744968414,0.06836631149053574,0.22089208662509918,0.043070774525403976,0.26396286487579346,0.02003060281276703,-0.0034511322155594826,0.44997933506965637,-0.002174213295802474,0.44780513644218445,-0.03410927206277847,-0.03143156319856644,0.4670657813549042,-0.01980188488960266,0.4472638964653015
0.58,0.05,0.075,0.0,0.07641867730200128,0.03919833831660993,-0.2881860806452387,-0.11254075169563293,0.3311888724565506,0.16183221071958545,0.28,0.11816778928041458,1.0196125507354736,0.09879540652036667,1.0382567644119263,0.03897571563720703,7.50664621591568e-05,-0.38087502121925354,4.729186912300065e-05,-0.38082772493362427,-0.0384492501616478,-0.022867517545819283,-0.34603071212768555,-0.014406535774469376,-0.3604372441768646,-0.02197171188890934,-0.03708452731370926,-0.2886737585067749,-0.023363251239061356,-0.31203702092170715,-0.11717412620782852,-0.0766674131155014,-0.2267037332057953,-0.048300471156835556,-0.27500420808792114,-0.05688967555761337,-0.06872882694005966,-0.17945978045463562,-0.04329916089773178,-0.222758948802948,0.08071837574243546,0.05167204886674881,-0.16168548166751862,0.03255338966846466,-0.12913209199905396,0.022418346256017685,0.04708503559231758,-0.30429720878601074,0.02966357208788395,-0.27463364601135254,0.03563066944479942,0.029039952903985977,-0.11908523738384247,0.0182951707392931,-0.10079006850719452,0.09001121670007706,0.07485978305339813,0.20095454156398773,0.04716166481375694,0.24811621010303497,-0.0011847075074911118,-0.0027712048031389713,0.44727393984794617,-0.0017458590446040034,0.4455280900001526,-0.017958782613277435,-0.027389727532863617,0.4842694401741028,-0.017255527898669243,0.4670139253139496
0.6,0.05,0.075,0.0,0.07104298273898041,0.03188526174855995,-0.3126951574702935,-0.1335083544254303,0.29973746836185455,0.13981622785329823,0.28,0.1401837721467018,1.036331295967102,0.0999768078327179,1.0515440702438354,0.030908582732081413,0.009325121529400349,-0.38447335362434387,0.005874826572835445,-0.37859854102134705,-0.01443912647664547,-0.02033899910748005,-0.3570104241371155,-0.01281356904655695,-0.36982399225234985,-0.030841650441288948,-0.03521166369318962,-0.30360835790634155,-0.02218334749341011,-0.32579171657562256,-0.07038866728544235,-0.07478378713130951,-0.24093253910541534,-0.04711378738284111,-0.28804633021354675,-0.07454527169466019,-0.07047376036643982,-0.18854238092899323,-0.0443984679877758,-0.23294085264205933,0.04965539649128914,0.051067054271698,-0.16278743743896484,0.03217224404215813,-0.13061518967151642,0.0687841922044754,0.05359478294849396,-0.2998226583003998,0.033764712512493134,-0.26605793833732605,0.034248363226652145,0.030602475628256798,-0.13513855636119843,0.019279560074210167,-0.11585899442434311,0.08311048895120621,0.07733500003814697,0.18025776743888855,0.04872104898095131,0.22897881269454956,-0.020222220569849014,-0.008006509393453598,0.44241270422935486,-0.005044100806117058,0.43736860156059265,-0.004595011472702026,-0.02055131085216999,0.500053882598877,-0.012947325594723225,0.4871065616607666
0.62,0.05,0.075,0.0,0.0655442371188411,0.025037655146479307,-0.3330250719674514,-0.14868220686912537,0.27697668969631195,0.1238836827874184,0.28,0.15611631721258162,1.0510956048965454,0.09440506249666214,1.061374545097351,0.020257022231817245,0.01260469201952219,-0.3860321640968323,0.007940955460071564,-0.3780912160873413,0.00036106817424297333,-0.014128979295492172,-0.36645710468292236,-0.008901257067918777,-0.37535837292671204,-0.04603163152933121,-0.03845765441656113,-0.3179948627948761,-0.024228321388363838,-0.342223197221756,-0.018597280606627464,-0.05792783573269844,-0.2557692527770996,-0.03649453446269035,-0.29226377606391907,-0.07420312613248825,-0.07159256935119629,-0.1991991251707077,-0.045103318989276886,-0.24430245161056519,0.028140217065811157,0.044189002364873886,-0.16593855619430542,0.027839072048664093,-0.13809949159622192,0.06164678558707237,0.05601038411259651,-0.2932312786579132,0.035286542028188705,-0.2579447329044342,0.029962271451950073,0.030410414561629295,-0.14963971078395844,0.019158560782670975,-0.13048115372657776,0.0694616362452507,0.07497298717498779,0.15901267528533936,0.0472329817712307,0.20624566078186035,-0.0308438278734684,-0.014857705682516098,0.43544524908065796,-0.009360354393720627,0.4260849058628082,-0.007810419425368309,-0.016729043796658516,0.5142582058906555,-0.010539297945797443,0.503718912601471
0.64,0.05,0.075,0.0,0.060380602308537215,0.019672080295089923,-0.34759507339194073,-0.14967313408851624,0.27549029886722565,0.12284320920705799,0.28,0.15715679079294204,1.0637000799179077,0.09222572296857834,1.0738017559051514,0.024886516854166985,0.0162892397493124,-0.38552266359329224,0.010262221097946167,-0.37526044249534607,-0.009196421131491661,-0.012649212032556534,-0.37419652938842773,-0.007969003170728683,-0.3821655213832855,-0.017291715368628502,-0.032107871025800705,-0.3315679728984833,-0.020227959379553795,-0.3517959415912628,-0.06935900449752808,-0.06135718524456024,-0.2709401845932007,-0.038655027747154236,-0.3095952272415161,-0.06419957429170609,-0.06937467306852341,-0.2112334817647934,-0.04370604455471039,-0.2549395263195038,0.05498408153653145,0.047427527606487274,-0.17108072340488434,0.029879342764616013,-0.14120137691497803,0.034389644861221313,0.04952416196465492,-0.2845902740955353,0.031200222671031952,-0.25339004397392273,0.0366823747754097,0.03229200094938278,-0.1624409407377243,0.0203439611941576,-0.14209698140621185,0.06763830780982971,0.07277257740497589,0.13743574917316437,0.04584672302007675,0.18328246474266052,-0.01357365120202303,-0.014472490176558495,0.42644253373146057,-0.009117668494582176,0.41732487082481384,-0.0012626731768250465,-0.012089133262634277,0.5267376899719238,-0.007616153918206692,0.519121527671814
0.66,0.05,0.075,0.0,0.05491552369545641,0.014601591333253073,-0.35953663824786136,-0.1604221761226654,0.2593667358160019,0.11155671507120135,0.28,0.16844328492879868,1.0739778280258179,0.09311043471097946,1.0828065872192383,0.03473003953695297,0.021821480244398117,-0.38295429944992065,0.013747532851994038,-0.3692067563533783,-0.00486662145704031,-0.01031443476676941,-0.3800859749317169,-0.006498093716800213,-0.38658407330513,-0.006809676066040993,-0.024518411606550217,-0.34407728910446167,-0.015446599572896957,-0.3595238924026489,-0.07132380455732346,-0.06434717029333115,-0.2861655652523041,-0.040538717061281204,-0.3267042934894562,-0.07302156835794449,-0.07046873867511749,-0.22442349791526794,-0.04439530521631241,-0.26881879568099976,0.04939896613359451,0.048018958419561386,-0.17811910808086395,0.030251944437623024,-0.14786715805530548,0.05964883416891098,0.05256156623363495,-0.27398765087127686,0.033113785088062286,-0.24087387323379517,0.03781384974718094,0.03394855558872223,-0.1734117716550827,0.02138759009540081,-0.15202417969703674,0.06861567497253418,0.07152550667524338,0.1157468780875206,0.04506107047200203,0.16080795228481293,-0.007253805175423622,-0.012306883931159973,0.4154963195323944,-0.007753336802124977,0.407742977142334,0.0014062654227018356,-0.008040512911975384,0.5373651385307312,-0.005065523087978363,0.5322996377944946
0.68,0.05,0.075,0.0,0.04968206560392421,0.009059260097820845,-0.3649887474157792,-0.15946732461452484,0.26079901307821274,0.11255930915474896,0.28,0.16744069084525107,1.0817984342575073,0.09031466394662857,1.0858126878738403,0.039614416658878326,0.02715936116874218,-0.3783744275569916,0.017110398039221764,-0.36126402020454407,0.005512736737728119,-0.005566283129155636,-0.38401681184768677,-0.003506758250296116,-0.3875235617160797,-0.02225552313029766,-0.023839544504880905,-0.3552921414375305,-0.015018912963569164,-0.37031105160713196,-0.029001493006944656,-0.05374346673488617,-0.30116456747055054,-0.03385838493704796,-0.3350229561328888,-0.07441309094429016,-0.07165203988552094,-0.2385258674621582,-0.04514078423380852,-0.2836666405200958,0.024568457156419754,0.040983811020851135,-0.18692389130592346,0.025819800794124603,-0.16110408306121826,0.06548967212438583,0.056439995765686035,-0.2615315020084381,0.03555719554424286,-0.22597430646419525,0.03048892319202423,0.03291066735982895,-0.18244042992591858,0.020733719691634178,-0.16170671582221985,0.06541334837675095,0.06969185918569565,0.0941670835018158,0.043905869126319885,0.13807295262813568,-0.03222954273223877,-0.018283681944012642,0.40271812677383423,-0.011518719606101513,0.39119940996170044,-0.005344710312783718,-0.007231771945953369,0.5460323095321655,-0.004556016065180302,0.541476309299469
0.7000000000000001,0.05,0.075,0.0,0.04473416910382122,0.005217937531904303,-0.36375824458246764,-0.1581847071647644,0.2627229392528534,0.11390605747699742,0.28,0.1660939425230026,1.087066888809204,0.08587904274463654,1.089668869972229,0.0350697860121727,0.02953248843550682,-0.37186747789382935,0.018605466932058334,-0.3532620072364807,0.00032467208802700043,-0.003798996564000845,-0.385916531085968,-0.0023933679331094027,-0.38830989599227905,-0.011239232495427132,-0.02005944959819317,-0.36500564217567444,-0.012637453153729439,-0.3776431083679199,-0.04143702983856201,-0.05005153268575668,-0.3156605660915375,-0.031532466411590576,-0.34719303250312805,-0.06930501013994217,-0.07094793021678925,-0.25328052043914795,-0.044697195291519165,-0.2979777157306671,0.034600112587213516,0.03906870260834694,-0.19733268022537231,0.024613281711935997,-0.17271940410137177,0.03151863068342209,0.04896358400583267,-0.24734872579574585,0.030847057700157166,-0.21650166809558868,0.032251060009002686,0.03271278738975525,-0.18943488597869873,0.02060905657708645,-0.16882583498954773,0.05619053915143013,0.06564146280288696,0.07291626185178757,0.04135411977767944,0.11427038162946701,-0.024095308035612106,-0.020027169957756996,0.38823816180229187,-0.012617116793990135,0.3756210505962372,-0.006808929145336151,-0.007104919292032719,0.5526508688926697,-0.0044760992750525475,0.5481747984886169
0.72,0.05,0.075,0.0,0.03942324105230454,0.0011913474482394958,-0.3607613163775961,-0.16433537006378174,0.2534969449043274,0.1074478614330292,0.28,0.17255213856697083,1.089721918106079,0.08623103052377701,1.0905238389968872,0.03645218163728714,0.03160839527845383,-0.363553524017334,0.019913289695978165,-0.3436402380466461,0.00564227532595396,-0.0009666149271652102,-0.3857501149177551,-0.0006089673843234777,-0.3863590955734253,0.012676711194217205,-0.01023860089480877,-0.3730386793613434,-0.006450318731367588,-0.379489004611969,-0.05351002514362335,-0.051089078187942505,-0.3293861746788025,-0.0321861207485199,-0.3615722954273224,-0.07718086987733841,-0.07281781733036041,-0.26841533184051514,-0.045875225216150284,-0.3142905533313751,0.023934002965688705,0.03452829271554947,-0.20915350317955017,0.021752825006842613,-0.187400683760643,0.07132109999656677,0.0556708388030529,-0.2315838783979416,0.035072628408670425,-0.19651125371456146,0.0340132862329483,0.033102937042713165,-0.19432388246059418,0.020854849368333817,-0.17346903681755066,0.05708318576216698,0.06307397782802582,0.052210982888936996,0.03973660618066788,0.09194758534431458,-0.011400136165320873,-0.017439059913158417,0.3722040355205536,-0.010986607521772385,0.3612174391746521,-0.006416969932615757,-0.00689853448420763,0.5571532845497131,-0.004346076864749193,0.5528072118759155
0.74,0.05,0.075,0.0,0.034178057872968154,-0.0019510201042761929,-0.3537042125665086,-0.15309220552444458,0.27036169171333313,0.11925318419933323,0.28,0.1607468158006668,1.0897328853607178,0.08479030430316925,1.087094783782959,0.05780310183763504,0.03946680575609207,-0.3535858690738678,0.024864086881279945,-0.3287217915058136,0.011430067010223866,0.002752389758825302,-0.38352060317993164,0.001734005520120263,-0.381786584854126,0.010881509631872177,-0.0039025673177093267,-0.3792431056499481,-0.0024586173240095377,-0.3817017376422882,-0.046007946133613586,-0.04956473782658577,-0.3420882821083069,-0.03122578375041485,-0.3733140528202057,-0.07002492249011993,-0.07197995483875275,-0.2836511433124542,-0.04534737020730972,-0.32899850606918335,0.01699814945459366,0.029269250109791756,-0.22216834127902985,0.018439628183841705,-0.20372870564460754,0.0521458238363266,0.05461333692073822,-0.214397594332695,0.034406401216983795,-0.17999118566513062,0.026767723262310028,0.031202374026179314,-0.1970575749874115,0.019657496362924576,-0.17740008234977722,0.05051882565021515,0.05930742993950844,0.03226223960518837,0.0373636819422245,0.06962592154741287,-0.035737160593271255,-0.022928491234779358,0.35477912425994873,-0.014444949105381966,0.3403341770172119,-0.004900841973721981,-0.0062992265447974205,0.5594937801361084,-0.003968512639403343,0.5555252432823181
0.76,0.05,0.075,0.0,0.028873347085171357,-0.004576579643852004,-0.34563469780608475,-0.16648076474666595,0.25027885288000107,0.10519519701600077,0.28,0.17480480298399925,1.0870983600616455,0.07880772650241852,1.0831592082977295,0.043752819299697876,0.04075261205434799,-0.3421483635902405,0.02567414566874504,-0.31647422909736633,-0.0029179896228015423,0.0010512757580727339,-0.3792691230773926,0.000662303704302758,-0.3786068260669708,0.013986414298415184,0.001464127330109477,-0.3835044503211975,0.0009224002133123577,-0.38258203864097595,-0.03033994883298874,-0.04379729926586151,-0.3535325825214386,-0.02759229764342308,-0.381124883890152,-0.06002991646528244,-0.06839494407176971,-0.29870694875717163,-0.04308881610631943,-0.34179577231407166,0.020799558609724045,0.026728343218564987,-0.23613713681697845,0.016838856041431427,-0.21929827332496643,0.028482578694820404,0.046774107962846756,-0.1959650218486786,0.029467687010765076,-0.1664973348379135,0.024481285363435745,0.029186047613620758,-0.1976081281900406,0.018387209624052048,-0.17922091484069824,0.046831823885440826,0.055564749985933304,0.013273315504193306,0.03500579297542572,0.04827910661697388,-0.018638992682099342,-0.021641641855239868,0.3361409604549408,-0.01363423466682434,0.32250672578811646,-0.014735611155629158,-0.008830142207443714,0.5596484541893005,-0.005562989506870508,0.5540854930877686
0.78,0.05,0.075,0.0,0.02329539752829195,-0.005047862581250479,-0.32933276468862094,-0.16091890633106232,0.2586216405034065,0.1110351483523846,0.28,0.16896485164761543,1.0818428993225098,0.0772416964173317,1.077845573425293,0.04669894278049469,0.04253651201725006,-0.32945194840431213,0.026798002421855927,-0.3026539385318756,-0.005664022173732519,-0.0009633137378841639,-0.37307411432266235,-0.0006068876245990396,-0.3736810088157654,0.0330679789185524,0.010945282876491547,-0.3857441246509552,0.006895528174936771,-0.3788485825061798,-0.05387609452009201,-0.04682093858718872,-0.363508015871048,-0.029497191309928894,-0.3930051922798157,-0.05960414558649063,-0.06575770676136017,-0.3133050501346588,-0.041427355259656906,-0.3547323942184448,0.031705837696790695,0.02822159230709076,-0.25080227851867676,0.017779603600502014,-0.23302267491817474,0.027392197400331497,0.04095953330397606,-0.17647399008274078,0.025804506614804268,-0.15066948533058167,0.02211371809244156,0.027064349502325058,-0.19596993923187256,0.017050540074706078,-0.17891940474510193,0.04913061484694481,0.053634509444236755,-0.004562279675155878,0.0337897390127182,0.02922745980322361,-0.01807745173573494,-0.02057238481938839,0.31647950410842896,-0.012960602529346943,0.3035188913345337,-0.009086638689041138,-0.008907090872526169,0.5576157569885254,-0.00561146717518568,0.5520042777061462
0.8,0.05,0.075,0.0,0.018569824826678124,-0.004687951735355533,-0.30883023642992646,-0.14138981699943542,0.28791527450084686,0.13154069215059283,0.28,0.1484593078494072,1.074015736579895,0.07684837281703949,1.0688005685806274,0.055127568542957306,0.046313829720020294,-0.3157307803630829,0.02917771227657795,-0.2865530550479889,-0.004042479209601879,-0.0018870634958148003,-0.365049809217453,-0.0011888500303030014,-0.36623865365982056,0.03772411495447159,0.01897893287241459,-0.38592082262039185,0.01195672806352377,-0.3739641010761261,-0.053669415414333344,-0.04887548089027405,-0.3718305826187134,-0.030791552737355232,-0.40262213349342346,-0.05906403809785843,-0.06374961137771606,-0.3271762430667877,-0.04016225412487984,-0.36733850836753845,0.021870426833629608,0.026316242292523384,-0.26589325070381165,0.01657923310995102,-0.24931401014328003,0.030690111219882965,0.03787870705127716,-0.1561231166124344,0.02386358566582203,-0.1322595328092575,0.022723395377397537,0.025762062519788742,-0.19215966761112213,0.01623009890317917,-0.17592957615852356,0.04764828458428383,0.05183864384889603,-0.02106279321014881,0.03265834599733353,0.011595552787184715,-0.003956438973546028,-0.015587600879371166,0.2959951162338257,-0.009820188395678997,0.2861749231815338,-0.025966191664338112,-0.014024821110069752,0.55341637134552,-0.008835637010633945,0.5445807576179504
0.8200000000000001,0.05,0.075,0.0,0.013978355022100092,-0.0041719929450411645,-0.2893678404445382,-0.12323451042175293,0.3151482343673706,0.15060376405715944,0.28,0.12939623594284058,1.063688039779663,0.07665055990219116,1.060666799545288,0.06471312046051025,0.0518336184322834,-0.30123797059059143,0.032655179500579834,-0.2685827910900116,-0.008248358964920044,-0.003795452183112502,-0.3553442060947418,-0.0023911348544061184,-0.3577353358268738,0.0437932014465332,0.026423214003443718,-0.3840312957763672,0.016646625474095345,-0.367384672164917,-0.05565042048692703,-0.050907962024211884,-0.3783468008041382,-0.03207201510667801,-0.4104188084602356,-0.06621940433979034,-0.06449054926633835,-0.34006467461586,-0.04062904417514801,-0.3806937336921692,0.02167500928044319,0.02492387220263481,-0.2811317443847656,0.015702039003372192,-0.26542970538139343,0.0074999649077653885,0.028765084221959114,-0.13511981070041656,0.018122002482414246,-0.11699780821800232,0.010318027809262276,0.021128851920366287,-0.18621616065502167,0.013311176560819149,-0.17290498316287994,0.044472936540842056,0.049628932029008865,-0.03606007620692253,0.0312662273645401,-0.004793848842382431,-0.004863366484642029,-0.012370330281555653,0.2748965620994568,-0.007793308235704899,0.26710325479507446,-0.006984716281294823,-0.01191279012709856,0.5470930933952332,-0.007505057845264673,0.5395880341529846
0.84,0.05,0.075,0.0,0.008914277742712536,-0.0012384391007200515,-0.2590828740527797,-0.12916408479213715,0.3062538728117943,0.14437771096825602,0.28,0.135622289031744,1.0509511232376099,0.07444405555725098,1.0450490713119507,0.0537433847784996,0.05240654945373535,-0.2862407863140106,0.03301612660288811,-0.2532246708869934,0.004570792429149151,-0.0012855787063017488,-0.3441363275051117,-0.0008099146070890129,-0.3449462354183197,0.039570972323417664,0.030367542058229446,-0.38011038303375244,0.019131550565361977,-0.3609788417816162,-0.026165690273046494,-0.04348528012633324,-0.3829364776611328,-0.02739572711288929,-0.41033220291137695,-0.05950354039669037,-0.06299445033073425,-0.35173264145851135,-0.03968650475144386,-0.3914191424846649,-0.005751016549766064,0.015721404924988747,-0.29623672366142273,0.009904485195875168,-0.28633224964141846,0.04618121311068535,0.03398992493748665,-0.11367807537317276,0.02141365222632885,-0.09226442128419876,0.0058978162705898285,0.01655954122543335,-0.17820000648498535,0.010432510636746883,-0.1677674949169159,0.04193637892603874,0.04732116311788559,-0.04940129816532135,0.02981233224272728,-0.01958896592259407,-0.01950887031853199,-0.014511892572045326,0.2533988058567047,-0.009142491966485977,0.24425631761550903,-0.0305954460054636,-0.017517587170004845,0.538710355758667,-0.011036079376935959,0.5276742577552795
0.86,0.05,0.075,0.0,0.004402730803343528,0.00024490318218031476,-0.23480706722784273,-0.11110293865203857,0.33334559202194214,0.16334191441535953,0.28,0.1166580855846405,1.0359145402908325,0.07318088412284851,1.0286775827407837,0.046088412404060364,0.050511106848716736,-0.27101582288742065,0.031821995973587036,-0.23919382691383362,-0.01943124458193779,-0.006729278713464737,-0.3316328525543213,-0.004239445552229881,-0.3358722925186157,0.05485372245311737,0.03771339729428291,-0.37423041462898254,0.02375943958759308,-0.35047096014022827,-0.04815971851348877,-0.04488760977983475,-0.3855149745941162,-0.028279194608330727,-0.4137941598892212,-0.042948655784130096,-0.056980714201927185,-0.3619649112224579,-0.03589785099029541,-0.3978627622127533,0.010574868880212307,0.014177444390952587,-0.3109295666217804,0.008931789547204971,-0.3019977807998657,0.0034551741555333138,0.024829499423503876,-0.09201642870903015,0.01564258523285389,-0.07637384533882141,-0.011802401393651962,0.008050957694649696,-0.16819284856319427,0.005072103347629309,-0.16312074661254883,0.046831920742988586,0.04717438668012619,-0.06095051020383835,0.029719863086938858,-0.03123064711689949,-0.04780485853552818,-0.02449978142976761,0.2317209243774414,-0.015434862114489079,0.2162860631942749,-0.03399870544672012,-0.022461922839283943,0.5283536314964294,-0.01415101159363985,0.5142025947570801
0.88,0.05,0.075,0.0,-7.159602280216322e-06,0.003414435654427398,-0.20642343684776368,-0.10809704661369324,0.33785443007946014,0.16649810105562213,0.28,0.1135018989443779,1.0187056064605713,0.07229328900575638,1.0102007389068604,0.02513079158961773,0.04289701208472252,-0.2558439373970032,0.027025116607546806,-0.22881881892681122,-0.02269609086215496,-0.011519322171807289,-0.31806445121765137,-0.007257172837853432,-0.32532161474227905,0.06267894804477692,0.045203063637018204,-0.3664998412132263,0.028477929532527924,-0.3380219042301178,-0.05564798787236214,-0.048115722835063934,-0.3860347270965576,-0.030312905088067055,-0.4163476228713989,-0.03125743195414543,-0.04926373064517975,-0.3705728054046631,-0.031036149710416794,-0.401608943939209,0.019256554543972015,0.0157011765986681,-0.3249393105506897,0.00989174097776413,-0.31504756212234497,0.0017559072002768517,0.01790742203593254,-0.0703556165099144,0.011281675659120083,-0.05907393991947174,-0.014235587790608406,0.0013649938628077507,-0.15629670023918152,0.0008599461289122701,-0.15543675422668457,0.04475991055369377,0.046450041234493256,-0.07059001177549362,0.02926352620124817,-0.04132648557424545,-0.04086199775338173,-0.029408447444438934,0.21008385717868805,-0.0185273215174675,0.19155654311180115,-0.04293128848075867,-0.028602734208106995,0.516128420829773,-0.018019722774624825,0.4981086850166321
0.9,0.05,0.075,0.0,-0.004101576589525885,0.007597049096799998,-0.17504397849669426,-0.08406803011894226,0.3738979548215866,0.19172856837511065,0.28,0.08827143162488937,0.9994679689407349,0.0760742649435997,0.9899693727493286,0.030445555225014687,0.039161574095487595,-0.24100488424301147,0.02467179112136364,-0.21633309125900269,-0.030469568446278572,-0.017204396426677704,-0.303681343793869,-0.010838769376277924,-0.31452012062072754,0.07829341292381287,0.05513016879558563,-0.3570612370967865,0.03473200649023056,-0.32232922315597534,-0.07418326288461685,-0.05593598634004593,-0.3844861686229706,-0.03523967042565346,-0.41972583532333374,-0.024491092190146446,-0.041831936687231064,-0.3773975372314453,-0.026354119181632996,-0.4037516713142395,0.025710590183734894,0.018704000860452652,-0.33800753951072693,0.011783520691096783,-0.32622402906417847,-0.004637417383491993,0.011143969371914864,-0.04891636595129967,0.0070207007229328156,-0.04189566522836685,-0.020397033542394638,-0.005163614638149738,-0.14263278245925903,-0.003253077156841755,-0.14588585495948792,0.04752836748957634,0.04677353799343109,-0.07822158187627792,0.029467329382896423,-0.0487542524933815,-0.033852770924568176,-0.030741743743419647,0.18870806694030762,-0.019367298111319542,0.16934077441692352,-0.048731766641139984,-0.03464144468307495,0.5021592974662781,-0.02182411029934883,0.48033517599105835
0.92,0.05,0.075,0.0,-0.008268852278260977,0.013415922457018802,-0.13869637623922287,-0.0745389312505722,0.3881916031241417,0.20173412218689923,0.28,0.07826587781310079,0.9783617854118347,0.07844695448875427,0.9675595760345459,0.03338421881198883,0.037428367882966995,-0.22677239775657654,0.023579871281981468,-0.20319253206253052,-0.02986992336809635,-0.021004054695367813,-0.28874877095222473,-0.01323255430907011,-0.3019813299179077,0.08076922595500946,0.0628218874335289,-0.3460886478424072,0.03957778960466385,-0.306510865688324,-0.056612759828567505,-0.0561390183866024,-0.3808978199958801,-0.035367581993341446,-0.4162653982639313,-0.0312042199075222,-0.038643620908260345,-0.38231325149536133,-0.024345481768250465,-0.40665873885154724,0.01371768768876791,0.017208106815814972,-0.3498932421207428,0.010841106995940208,-0.33905214071273804,-0.001994132064282894,0.007202538661658764,-0.027917152270674706,0.004537599161267281,-0.023379553109407425,-0.02354123815894127,-0.010676901787519455,-0.12734033167362213,-0.006726447958499193,-0.13406677544116974,0.04271932318806648,0.04555727541446686,-0.08376744389533997,0.02870108373463154,-0.05506636202335358,-0.025066200643777847,-0.029039079323410988,0.16781140863895416,-0.018294619396328926,0.14951679110527039,-0.056229881942272186,-0.04111797735095024,0.48658862709999084,-0.025904325768351555,0.46068429946899414
0.9400000000000001,0.05,0.075,0.0,-0.012246050028496531,0.019479996194279335,-0.1018716339302747,-0.060613930225372314,0.40907910466194153,0.2163553732633591,0.28,0.06364462673664092,0.9555640816688538,0.08024342358112335,0.9434243440628052,0.02816702611744404,0.034649964421987534,-0.213408961892128,0.021829476580023766,-0.19157949090003967,-0.03556475788354874,-0.02537226676940918,-0.273542195558548,-0.01598452776670456,-0.28952673077583313,0.0810147374868393,0.06827974319458008,-0.3337845206260681,0.043016236275434494,-0.2907682955265045,-0.04841388761997223,-0.05382147803902626,-0.3753358721733093,-0.033907532691955566,-0.4092434048652649,-0.02462984435260296,-0.034439489245414734,-0.3852292597293854,-0.021696878597140312,-0.40692612528800964,0.004631952382624149,0.013435260392725468,-0.3603771924972534,0.008464214392006397,-0.3519129753112793,-0.00641449261456728,0.0031174293253570795,-0.00757197430357337,0.001963980495929718,-0.005607993807643652,-0.03227962553501129,-0.017157718539237976,-0.11057517677545547,-0.01080936286598444,-0.12138453871011734,0.04054225981235504,0.044052768498659134,-0.08717108517885208,0.02775324322283268,-0.05941784381866455,-0.035920437425374985,-0.03110348805785179,0.14760680496692657,-0.019595196470618248,0.12801161408424377,-0.06186375021934509,-0.047341711819171906,0.46957510709762573,-0.029825277626514435,0.4397498369216919
0.96,0.05,0.075,0.0,-0.01574885437571417,0.02625781083143833,-0.06429785785770725,-0.04874955117702484,0.42687567323446274,0.22881297126412395,0.28,0.05118702873587608,0.931269645690918,0.08034925907850266,0.9175013303756714,0.007372776046395302,0.02646680735051632,-0.20116105675697327,0.016674088314175606,-0.1844869703054428,-0.03973472863435745,-0.029681004583835602,-0.25834208726882935,-0.018699033185839653,-0.27704110741615295,0.07390230894088745,0.06996650993824005,-0.3203757107257843,0.044078901410102844,-0.27629679441452026,-0.030071701854467392,-0.04669654369354248,-0.367902934551239,-0.02941882237792015,-0.39732176065444946,-0.018842652440071106,-0.029760438948869705,-0.38609179854393005,-0.01874907687306404,-0.404840886592865,-0.003464539535343647,0.008365320973098278,-0.36926600337028503,0.005270152352750301,-0.36399585008621216,-0.011646219529211521,-0.0013116654008626938,0.011911844834685326,-0.0008263491909019649,0.011085495352745056,-0.03999919071793556,-0.02401016093790531,-0.09250818192958832,-0.01512640155851841,-0.10763458162546158,0.04022492468357086,0.04290441423654556,-0.08839782327413559,0.02702978067100048,-0.06136804074048996,-0.04405676946043968,-0.03498947247862816,0.12830016016960144,-0.022043367847800255,0.10625679045915604,-0.07240858674049377,-0.054861776530742645,0.4512920677661896,-0.03456291928887367,0.4167291522026062
0.98,0.05,0.075,0.0,-0.018593076750541476,0.03399014096877949,-0.025391688738648593,-0.026646606624126434,0.46003009006381035,0.25202106304466726,0.28,0.027978936955332767,0.9056931734085083,0.08277403563261032,0.8904527425765991,0.004253717139363289,0.01980287954211235,-0.1902545690536499,0.012475813739001751,-0.17777875065803528,-0.040899716317653656,-0.03304661810398102,-0.24342875182628632,-0.020819369703531265,-0.2642481327056885,0.07778926193714142,0.0723133385181427,-0.30610957741737366,0.045557402074337006,-0.26055216789245605,-0.030423808842897415,-0.04181472212076187,-0.3587360978126526,-0.026343274861574173,-0.38507938385009766,-0.0187876895070076,-0.026468614116311073,-0.38488495349884033,-0.016675226390361786,-0.4015601873397827,-0.005243795923888683,0.004282585810869932,-0.3763957917690277,0.002698028925806284,-0.37369775772094727,-0.0089369872584939,-0.003599262097850442,0.03033575415611267,-0.002267535077407956,0.028068218380212784,-0.04585238918662071,-0.030562829226255417,-0.07332344353199005,-0.01925458200275898,-0.09257802367210388,0.038604192435741425,0.0416143462061882,-0.08743514865636826,0.026217037811875343,-0.06121811270713806,-0.04473612830042839,-0.03791347146034241,0.11008822917938232,-0.023885486647486687,0.08620274066925049,-0.08189819753170013,-0.06297270208597183,0.43192583322525024,-0.03967280313372612,0.392253041267395
1.0,0.05,0.075,0.0,-0.020740393159035458,0.04208983076486941,0.012356667145340774,-0.0019171060994267464,0.4971243408508599,0.2779870385956019,0.28,0.002012961404398106,0.8790714740753174,0.08340686559677124,0.8644762635231018,-0.011780211701989174,0.010327951982617378,-0.18089066445827484,0.006506609730422497,-0.17438405752182007,-0.04323118180036545,-0.03610198572278023,-0.2290772646665573,-0.022744251415133476,-0.25182151794433594,0.06807918846607208,0.07104309648275375,-0.29124924540519714,0.04475715011358261,-0.24649208784103394,-0.011477540247142315,-0.03271356597542763,-0.34800440073013306,-0.020609546452760696,-0.36861395835876465,-0.026714853942394257,-0.026542484760284424,-0.3816309869289398,-0.01672176457941532,-0.3983527421951294,-0.021352287381887436,-0.0034078764729201794,-0.38163504004478455,-0.002146962098777294,-0.3837819993495941,-0.02140171453356743,-0.008939998224377632,0.047512006014585495,-0.005632198881357908,0.0418798066675663,-0.050035446882247925,-0.03640461713075638,-0.05321647599339485,-0.02293490804731846,-0.07615138590335846,0.0293901264667511,0.03794708102941513,-0.08429288119077682,0.023906661197543144,-0.06038621813058853,-0.040204040706157684,-0.03860064223408699,0.0931565910577774,-0.024318404495716095,0.06883818656206131,-0.0875597894191742,-0.0703488290309906,0.41167378425598145,-0.0443197637796402,0.36735403537750244
1.02,0.05,0.075,0.0,-0.02121205941418357,0.05620419111481456,0.08949568258355134,0.017486125230789185,0.5262291878461838,0.29836043149232866,0.28,0.018360431492328633,0.8589937686920166,0.08677221089601517,0.8570014238357544,-0.028555449098348618,-0.0013370686210691929,-0.2104874700307846,-0.00084235321264714,-0.21132981777191162,-0.046233080327510834,-0.03914131224155426,-0.2700388431549072,-0.02465902641415596,-0.2946978807449341,0.06736138463020325,0.06993858516216278,-0.3307926058769226,0.04406130686402321,-0.2867313027381897,-0.020964093506336212,-0.029188724234700203,-0.37378913164138794,-0.018388895317912102,-0.3921780288219452,-0.02274365909397602,-0.025402836501598358,-0.38561034202575684,-0.016003787517547607,-0.40161412954330444,-0.018714942038059235,-0.007999995723366737,-0.3625671863555908,-0.005039997398853302,-0.3676071763038635,-0.014114745892584324,-0.010492422617971897,0.09934528917074203,-0.006610226351767778,0.09273505955934525,-0.05989217013120651,-0.04345088452100754,0.19806495308876038,-0.027374057099223137,0.1706908941268921,0.031779877841472626,0.03609692305326462,0.1177990511059761,0.022741060703992844,0.14054010808467865,-0.029017407447099686,-0.0357256717979908,0.046093348413705826,-0.02250717394053936,0.023586174473166466,-0.10265812277793884,-0.08004161715507507,0.16202345490455627,-0.050426218658685684,0.11159723997116089
1.04,0.05,0.075,0.0,-0.020394816054256658,0.06777952960022088,0.15939466703218533,0.13699983060359955,0.7054997459053993,0.42384982213377953,0.28,0.1438498221337795,0.8501384258270264,0.10337412357330322,0.8498468995094299,-0.015713611617684364,-0.005650031846016645,-0.19852861762046814,-0.0035595200024545193,-0.2020881325006485,-0.10748898983001709,-0.05964561551809311,-0.2548799216747284,-0.037576738744974136,-0.29245665669441223,0.08650606870651245,0.07490883022546768,-0.3171643018722534,0.047192562371492386,-0.26997172832489014,-0.09320491552352905,-0.04839358478784561,-0.36594444513320923,-0.03048795834183693,-0.39643239974975586,0.0028730500489473343,-0.016920071095228195,-0.3859974145889282,-0.01065964438021183,-0.3966570496559143,0.028046898543834686,0.0028140731155872345,-0.3710651993751526,0.0017728660022839904,-0.36929231882095337,-0.09536680579185486,-0.03595473989844322,0.08853752911090851,-0.022651486098766327,0.06588604301214218,-0.08481916040182114,-0.05586136877536774,0.20883165299892426,-0.03519266098737717,0.17363899946212769,0.04142480716109276,0.03769528865814209,0.13948678970336914,0.02374803088605404,0.16323481500148773,-0.10441163182258606,-0.056331463158130646,0.05724256858229637,-0.03548882156610489,0.021753747016191483,-0.07314606010913849,-0.07797294855117798,0.15160223841667175,-0.04912295565009117,0.10247927904129028
1.06,0.05,0.075,0.0,-0.018943389313179324,0.08104726092313544,0.22574022040931804,0.1264861673116684,0.6897292509675026,0.4128104756772518,0.28,0.1328104756772518,0.8405541181564331,0.10744466632604599,0.8491458892822266,-0.05939647555351257,-0.021773964166641235,-0.18795974552631378,-0.013717597350478172,-0.2016773372888565,-0.0457562655210495,-0.05547880753874779,-0.24007165431976318,-0.034951649606227875,-0.27502331137657166,0.033442188054323196,0.062468837946653366,-0.30273786187171936,0.03935536742210388,-0.2633824944496155,-0.006143135949969292,-0.03571845218539238,-0.3564019799232483,-0.022502625361084938,-0.3789046108722687,-0.11011261492967606,-0.04487783461809158,-0.3843168318271637,-0.02827303484082222,-0.4125898778438568,-0.05271991714835167,-0.013846123591065407,-0.3777709901332855,-0.008723057806491852,-0.3864940404891968,-0.028259631246328354,-0.03364620730280876,0.07588900625705719,-0.021197110414505005,0.054691895842552185,-0.1138363629579544,-0.07325387001037598,0.2176453024148941,-0.04614993929862976,0.17149536311626434,-0.006905287969857454,0.024315115064382553,0.16104169189929962,0.015318522229790688,0.17636021971702576,-0.027164002880454063,-0.047581225633621216,0.07021060585975647,-0.029976172372698784,0.04023443162441254,-0.13070443272590637,-0.0937923938035965,0.14315181970596313,-0.05908920615911484,0.0840626135468483
1.08,0.05,0.075,0.0,-0.016831937076760194,0.09111608646962036,0.26005246456371506,0.10829292982816696,0.6624393947422504,0.3937075763195753,0.28,0.11370757631957529,0.8304261565208435,0.1117638573050499,0.8409425616264343,0.007946357131004333,-0.012857867404818535,-0.17897579073905945,-0.008100456558167934,-0.18707624077796936,-0.06536436825990677,-0.05844447761774063,-0.22588713467121124,-0.03682002052664757,-0.2627071440219879,0.040700726211071014,0.05593840777873993,-0.28777942061424255,0.03524119779467583,-0.2525382339954376,0.01278412900865078,-0.021167676895856857,-0.3453376889228821,-0.013335635885596275,-0.3586733341217041,-0.12104945629835129,-0.06772932410240173,-0.38059961795806885,-0.042669475078582764,-0.4232690930366516,-0.015649255365133286,-0.01438706275075674,-0.3825608789920807,-0.009063849225640297,-0.39162471890449524,-0.07483126223087311,-0.046001724898815155,0.06152861565351486,-0.028981085866689682,0.03254752978682518,-0.1060897707939148,-0.08310464024543762,0.22441606223583221,-0.052355922758579254,0.17206013202667236,0.0001985682174563408,0.017080150544643402,0.18224407732486725,0.010760494507849216,0.1930045783519745,0.021815728396177292,-0.026762137189507484,0.08486530184745789,-0.016860146075487137,0.06800515949726105,-0.10585293918848038,-0.09741055965423584,0.13675831258296967,-0.06136865168809891,0.07538966089487076
1.1,0.05,0.075,0.0,-0.015288911362692418,0.09661397315744304,0.29077497072064895,0.094329833984375,0.6414947509765625,0.37904632568359375,0.28,0.09904632568359373,0.8199833035469055,0.11720745265483856,0.8217980861663818,-0.01808060333132744,-0.014424688182771206,-0.17174240946769714,-0.00908755324780941,-0.1808299571275711,-0.10077831894159317,-0.07114463299512863,-0.21258799731731415,-0.0448211170732975,-0.25740912556648254,0.04714497923851013,0.05330037698149681,-0.2725648283958435,0.03357923775911331,-0.2389855980873108,0.02760401926934719,-0.006536168046295643,-0.3329557180404663,-0.004117785952985287,-0.33707350492477417,0.016298258677124977,-0.042521048337221146,-0.3749143183231354,-0.02678826078772545,-0.4017025828361511,-0.007566104643046856,-0.012340775690972805,-0.38534650206565857,-0.007774688769131899,-0.3931211829185486,-0.09771958738565445,-0.06151708588004112,0.045602697879076004,-0.038755763322114944,0.00684693455696106,-0.14194634556770325,-0.10075715184211731,0.22907495498657227,-0.06347700208425522,0.16559794545173645,0.0661114975810051,0.03178955614566803,0.20287790894508362,0.020027419552206993,0.22290532290935516,-0.021134352311491966,-0.02507380209863186,0.10105733573436737,-0.015796495601534843,0.08526083827018738,-0.08758024126291275,-0.09446147084236145,0.13248687982559204,-0.0595107264816761,0.07297615706920624
1.12,0.05,0.075,0.0,-0.011763253355634454,0.10419690875889347,0.33727052973916527,0.15443387627601624,0.7316508144140244,0.4421555700898171,0.28,0.16215557008981707,0.8094971776008606,0.12225077301263809,0.8234227299690247,-0.037067633122205734,-0.021217573434114456,-0.16639305651187897,-0.013367070816457272,-0.1797601282596588,-0.1062440276145935,-0.08167445659637451,-0.20041953027248383,-0.05145490542054176,-0.2518744468688965,0.05470583587884903,0.053722016513347626,-0.25737470388412476,0.03384486958384514,-0.22352983057498932,-0.02893928252160549,-0.0132571030408144,-0.3194843530654907,-0.008351975120604038,-0.3278363347053528,-0.05224599689245224,-0.04543853551149368,-0.3673657774925232,-0.028626278042793274,-0.3959920406341553,-0.0648556649684906,-0.028095241636037827,-0.3860764801502228,-0.01770000159740448,-0.40377646684646606,-0.030488282442092896,-0.052208445966243744,0.02827354706823826,-0.032891321927309036,-0.004617774859070778,-0.10949022322893143,-0.1033770740032196,0.23157449066638947,-0.06512755900621414,0.16644692420959473,0.04746265709400177,0.03649148717522621,0.22273290157318115,0.022989636287093163,0.24572253227233887,0.015570536255836487,-0.012880499474704266,0.11862168461084366,-0.008114714175462723,0.11050696671009064,-0.10802330076694489,-0.09853002429008484,0.1303810328245163,-0.06207391619682312,0.06830711662769318
1.1400000000000001,0.05,0.075,0.0,-0.008066675175515669,0.10796297078423486,0.3701019182525443,0.14300790429115295,0.7145118564367294,0.4301582995057106,0.28,0.15015829950571058,0.7992790937423706,0.11446782946586609,0.8282962441444397,-0.036441151052713394,-0.025784647092223167,-0.163026362657547,-0.016244327649474144,-0.1792706847190857,-0.05964741110801697,-0.07506634294986725,-0.18960615992546082,-0.047291796654462814,-0.23689796030521393,0.030268298462033272,0.04668590426445007,-0.24248920381069183,0.02941211871802807,-0.21307708323001862,-0.008498485200107098,-0.011829517781734467,-0.3051721155643463,-0.007452595978975296,-0.3126247227191925,-0.10427534580230713,-0.06308957934379578,-0.3580932319164276,-0.03974643349647522,-0.39783966541290283,-0.07978376746177673,-0.04360179975628853,-0.3847373425960541,-0.027469133958220482,-0.4122064709663391,-0.008758245967328548,-0.03917338326573372,0.009717750363051891,-0.02467923052608967,-0.014961480163037777,-0.04952976107597351,-0.0872228816151619,0.23188920319080353,-0.05495041608810425,0.17693878710269928,0.04899076372385025,0.04024127125740051,0.2416067272424698,0.025352001190185547,0.26695871353149414,0.014110272750258446,-0.004783268086612225,0.13737936317920685,-0.003013458801433444,0.13436590135097504,-0.06312129646539688,-0.08790740370750427,0.13046224415302277,-0.055381663143634796,0.07508058100938797
1.16,0.05,0.075,0.0,-0.0038968415841004987,0.10890406556030155,0.37723719643974973,0.08147582411766052,0.6222137361764908,0.3655496153235436,0.28,0.08554961532354355,0.7896743416786194,0.10842873901128769,0.8127651214599609,-0.11692550778388977,-0.05312690883874893,-0.1617044359445572,-0.03346995264291763,-0.19517439603805542,-0.030439041554927826,-0.06167814880609512,-0.18034732341766357,-0.03885723277926445,-0.21920455992221832,0.02656606398522854,0.04064995050430298,-0.22818289697170258,0.025609469041228294,-0.20257343351840973,-0.036242395639419556,-0.019153380766510963,-0.2902829349040985,-0.012066629715263844,-0.3023495674133301,-0.035283446311950684,-0.05474773794412613,-0.3472677171230316,-0.034491073340177536,-0.38175877928733826,0.02075076848268509,-0.024296028539538383,-0.38135382533073425,-0.015306497924029827,-0.39666032791137695,-0.01410654280334711,-0.031653329730033875,-0.00987559650093317,-0.019941598176956177,-0.029817193746566772,-0.0750473365187645,-0.0835702195763588,0.23001588881015778,-0.05264923721551895,0.17736664414405823,0.040311917662620544,0.04026246443390846,0.25930705666542053,0.025365352630615234,0.28467240929603577,-0.09027089178562164,-0.030429555103182793,0.15713922679424286,-0.019170619547367096,0.13796859979629517,-0.07086709886789322,-0.08279531449079514,0.1327296793460846,-0.05216104909777641,0.08056862652301788
1.18,0.05,0.075,0.0,0.0020043045450890183,0.11074304919329078,0.3712506236135635,0.1130833625793457,0.6696250438690186,0.398737530708313,0.28,0.118737530708313,0.781053364276886,0.11121715605258942,0.7988593578338623,-0.07826113700866699,-0.06066717952489853,-0.16245165467262268,-0.038220323622226715,-0.2006719708442688,-0.07148709148168564,-0.06462083011865616,-0.1728138029575348,-0.04071112349629402,-0.2135249227285385,0.024014418944716454,0.035659290850162506,-0.21471962332725525,0.022465353831648827,-0.19225427508354187,-0.02185148559510708,-0.019962811842560768,-0.2750914394855499,-0.01257657166570425,-0.28766801953315735,-0.05649114400148392,-0.055270761251449585,-0.3350888788700104,-0.03482057899236679,-0.36990946531295776,0.04423615336418152,-0.003736373968422413,-0.37598830461502075,-0.0023539154790341854,-0.3783422112464905,-0.0648423358798027,-0.04161003232002258,-0.030306827276945114,-0.026214320212602615,-0.05652114748954773,-0.10226511210203171,-0.08917868882417679,0.22597363591194153,-0.05618257448077202,0.1697910577058792,0.015070986934006214,0.032705020159482956,0.2756534814834595,0.02060416340827942,0.2962576448917389,-0.020326007157564163,-0.02739849127829075,0.17769992351531982,-0.017261048778891563,0.1604388803243637,-0.08698675036430359,-0.08405274152755737,0.13716024160385132,-0.05295322835445404,0.08420701324939728
1.2,0.05,0.075,0.0,0.0059829861474023196,0.11125998364466833,0.3602633445986316,0.10524546355009079,0.6578681953251362,0.39050773672759537,0.28,0.11050773672759534,0.7737987041473389,0.10184721648693085,0.7973173260688782,-0.05968449264764786,-0.06037237495183945,-0.16525423526763916,-0.0380345955491066,-0.20328882336616516,-0.036854177713394165,-0.05629083514213562,-0.1671445071697235,-0.03546322509646416,-0.20260773599147797,0.03251657262444496,0.03471647575497627,-0.20234769582748413,0.021871378645300865,-0.1804763227701187,0.026169225573539734,-0.006123200058937073,-0.2598778307437897,-0.003857616102322936,-0.26373544335365295,-0.05562421679496765,-0.055376797914505005,-0.32178130745887756,-0.03488738089799881,-0.3566686809062958,-0.025053728371858597,-0.010131580755114555,-0.3687397241592407,-0.0063828956335783005,-0.375122606754303,-0.07880471646785736,-0.052768439054489136,-0.05136774107813835,-0.033244118094444275,-0.08461186289787292,-0.06001253426074982,-0.0804288387298584,0.21980364620685577,-0.05067016929388046,0.1691334843635559,0.05558346211910248,0.03956855461001396,0.29047948122024536,0.02492818981409073,0.3154076635837555,0.03298356011509895,-0.009283875115215778,0.19885189831256866,-0.005848841276019812,0.19300305843353271,-0.014802662655711174,-0.0632777139544487,0.14370878040790558,-0.03986496105790138,0.1038438230752945
1.22,0.05,0.075,0.0,0.007740539072508799,0.10801096791383946,0.3388629778428202,0.04893345385789871,0.5734001807868481,0.3313801265507937,0.28,0.05138012655079366,0.7682889103889465,0.10699613392353058,0.7919845581054688,-0.1515626162290573,-0.08772944658994675,-0.17006050050258636,-0.055269550532102585,-0.22533005475997925,-0.04781896620988846,-0.05374927446246147,-0.16344404220581055,-0.03386204317212105,-0.1973060816526413,0.03536183759570122,0.03491008281707764,-0.1912953108549118,0.021993352100253105,-0.16930195689201355,-0.05426272004842758,-0.020565055310726166,-0.2449226826429367,-0.012955985032022,-0.2578786611557007,-0.00015315786004066467,-0.03880970552563667,-0.307590514421463,-0.024450113996863365,-0.3320406377315521,0.02309563010931015,-0.00016341730952262878,-0.35974183678627014,-0.00010295290121575817,-0.35984480381011963,-0.06260450929403305,-0.05571926012635231,-0.07284370809793472,-0.03510313481092453,-0.10794684290885925,-0.07904288172721863,-0.08001305162906647,0.21156875789165497,-0.050408221781253815,0.16116052865982056,0.04242551326751709,0.04042564332485199,0.3036339581012726,0.02546815574169159,0.329102098941803,-0.03918769210577011,-0.018255021423101425,0.22037963569164276,-0.011500663124024868,0.20887897908687592,-0.05336255580186844,-0.06030316650867462,0.15230855345726013,-0.0379909947514534,0.11431755870580673
1.24,0.05,0.075,0.0,0.009595557910277087,0.10522176839224295,0.3172966638294421,0.09056033194065094,0.6358404979109764,0.3750883485376835,0.28,0.0950883485376835,0.7648787498474121,0.09743105620145798,0.7939320802688599,-0.057472892105579376,-0.07865248620510101,-0.1767817884683609,-0.049551066011190414,-0.2263328582048416,-0.05144748091697693,-0.05305873602628708,-0.16178062558174133,-0.033427003771066666,-0.1952076256275177,-0.005038417875766754,0.02292553149163723,-0.1817663013935089,0.014443084597587585,-0.16732321679592133,-0.01333701889961958,-0.018396643921732903,-0.23050183057785034,-0.01158988568931818,-0.24209171533584595,-0.05471626669168472,-0.04358167201280594,-0.2927781641483307,-0.027456453070044518,-0.32023462653160095,0.009772463701665401,0.002817347180098295,-0.3491605222225189,0.0017749287653714418,-0.34738558530807495,-0.025744810700416565,-0.04672692343592644,-0.09451588988304138,-0.0294379610568285,-0.12395384907722473,-0.04452672228217125,-0.06936715543270111,0.20135293900966644,-0.043701305985450745,0.1576516330242157,0.04395682364702225,0.04148499667644501,0.3149828016757965,0.02613554708659649,0.34111833572387695,0.04386058449745178,0.00037966109812259674,0.2420637309551239,0.00023918648366816342,0.24230292439460754,-0.05446407198905945,-0.05855143815279007,0.16287192702293396,-0.036887407302856445,0.12598451972007751
1.26,0.05,0.075,0.0,0.010579238978932863,0.10231488153582641,0.2998479418604972,0.059968531131744385,0.5899527966976166,0.34296695768833163,0.28,0.0629669576883316,0.7638781666755676,0.0987091064453125,0.7945336103439331,-0.10592129081487656,-0.08683312684297562,-0.18529413640499115,-0.05470487102866173,-0.23999901115894318,-0.0375714972615242,-0.048412565141916275,-0.1621849536895752,-0.030499916523694992,-0.19268487393856049,0.011947249993681908,0.019632047042250633,-0.17393642663955688,0.012368189170956612,-0.16156823933124542,-0.04263528436422348,-0.02566823735833168,-0.21688124537467957,-0.016170989722013474,-0.23305223882198334,-0.008396992459893227,-0.03302626684308052,-0.277617484331131,-0.02080654725432396,-0.29842403531074524,0.011139861308038235,0.005314101465046406,-0.33719098567962646,0.0033478839322924614,-0.3338431119918823,-0.04403161257505417,-0.04591833055019379,-0.11616343259811401,-0.028928548097610474,-0.1450919806957245,-0.06490149348974228,-0.06802745908498764,0.18926025927066803,-0.042857300490140915,0.14640295505523682,0.05839020758867264,0.046556562185287476,0.32441043853759766,0.029330633580684662,0.3537410795688629,-0.005156785249710083,-0.001281272852793336,0.2636832296848297,-0.0008072018972598016,0.262876033782959,-0.06328479945659637,-0.05997144430875778,0.1752912700176239,-0.037782009690999985,0.13750925660133362
1.28,0.05,0.075,0.0,0.011383286411312511,0.09940845636863954,0.2789734397123718,0.07954110950231552,0.6193116642534733,0.36351816497743134,0.28,0.08351816497743131,0.7655310034751892,0.09725188463926315,0.8024710416793823,-0.06706485897302628,-0.08090265095233917,-0.19544054567813873,-0.05096866935491562,-0.24640920758247375,-0.067287877202034,-0.05407515913248062,-0.16464956104755402,-0.03406735137104988,-0.1987169086933136,-0.007697639986872673,0.011433141306042671,-0.1679501086473465,0.007202879060059786,-0.160747230052948,-0.06247664988040924,-0.03671076148748398,-0.20431214570999146,-0.023127779364585876,-0.22743992507457733,-0.04759429395198822,-0.03739667683839798,-0.26238808035850525,-0.02355990558862686,-0.2859479784965515,0.0249493308365345,0.011204671114683151,-0.3240540027618408,0.007058942690491676,-0.3169950544834137,-0.012351551093161106,-0.03584829345345497,-0.1375657320022583,-0.022584425285458565,-0.16015015542507172,-0.03667159005999565,-0.058620698750019073,0.17541395127773285,-0.03693104162812233,0.13848291337490082,0.05631581321358681,0.049484334886074066,0.3318207561969757,0.03117513097822666,0.3629958927631378,0.038219891488552094,0.010569076985120773,0.28501781821250916,0.006658518221229315,0.2916763424873352,-0.07287313044071198,-0.06384195387363434,0.18943999707698822,-0.04022043198347092,0.1492195725440979
1.3,0.05,0.075,0.0,0.011823778168972676,0.09651601826650341,0.26187963907714357,0.05564895272254944,0.5834734290838242,0.3384314003586769,0.28,0.05843140035867689,0.7699969410896301,0.09762810170650482,0.8077580332756042,-0.07962365448474884,-0.08051895350217819,-0.2070339024066925,-0.050726938992738724,-0.2577608525753021,-0.041116565465927124,-0.05018758028745651,-0.16912899911403656,-0.03161817416548729,-0.20074717700481415,0.00837579183280468,0.010515935719013214,-0.16391772031784058,0.006625039502978325,-0.1572926789522171,-0.06414337456226349,-0.04494054615497589,-0.1930263489484787,-0.028312543407082558,-0.2213388979434967,-0.018890630453824997,-0.031844861805438995,-0.2473708540201187,-0.020062262192368507,-0.2674331068992615,0.019914988428354263,0.013817766681313515,-0.3099918067455292,0.008705193176865578,-0.30128660798072815,-0.031169533729553223,-0.034444667398929596,-0.1585046797990799,-0.021700140088796616,-0.1802048236131668,-0.050420865416526794,-0.05616074800491333,0.15995512902736664,-0.03538127243518829,0.12457385659217834,0.06510916352272034,0.054171785712242126,0.33713826537132263,0.03412822633981705,0.3712664842605591,0.005441177636384964,0.00903070718050003,0.305850088596344,0.005689345300197601,0.3115394413471222,-0.07013122737407684,-0.06572873890399933,0.20517393946647644,-0.04140910506248474,0.1637648344039917
1.32,0.05,0.075,0.0,0.011988567824918552,0.09304211543412552,0.239883512520875,0.055597878992557526,0.5833968184888363,0.3383777729421854,0.28,0.05837777294218538,0.7773383259773254,0.10036130994558334,0.8188888430595398,-0.054495736956596375,-0.0727119892835617,-0.21986034512519836,-0.04580855369567871,-0.2656688988208771,-0.07926858961582184,-0.05891188234090805,-0.17554065585136414,-0.03711448609828949,-0.21265514194965363,-0.008997613564133644,0.004661871120333672,-0.16191366314888,0.0029369788244366646,-0.1589766889810562,-0.09181210398674011,-0.05900201201438904,-0.18323199450969696,-0.037171266973018646,-0.220403254032135,-0.04294184595346451,-0.03517395630478859,-0.23284277319908142,-0.022159593179821968,-0.25500237941741943,0.04588661715388298,0.02343842387199402,-0.29526379704475403,0.014766206964850426,-0.28049758076667786,-0.0036579305306077003,-0.025208646431565285,-0.17876692116260529,-0.01588144712150097,-0.1946483701467514,-0.024377141147851944,-0.046625666320323944,0.14304132759571075,-0.029374169185757637,0.11366716027259827,0.06279855221509933,0.05675981193780899,0.3403087258338928,0.03575868159532547,0.3760673999786377,0.035891611129045486,0.017088979482650757,0.3259677290916443,0.010766057297587395,0.33673378825187683,-0.08250809460878372,-0.07076254487037659,0.22233277559280396,-0.044580403715372086,0.17775237560272217
1.34,0.05,0.075,0.0,0.012118412493466442,0.09014924573727431,0.22382459516455003,0.041761964559555054,0.5626429468393326,0.3238500627875328,0.28,0.043850062787532784,0.7875141501426697,0.09662812203168869,0.8287577033042908,-0.044920094311237335,-0.0643744170665741,-0.23368333280086517,-0.04055588319897652,-0.2742392122745514,-0.04936966300010681,-0.05604921281337738,-0.18376626074314117,-0.035311002284288406,-0.21907725930213928,-0.014488747343420982,-0.0010833146516233683,-0.16197489202022552,-0.0006824882002547383,-0.16265738010406494,-0.06519833207130432,-0.06086090952157974,-0.17510974407196045,-0.038342371582984924,-0.21345211565494537,-0.03170130401849747,-0.03413216024637222,-0.21907177567481995,-0.021503260359168053,-0.24057503044605255,0.02986811473965645,0.025367330759763718,-0.2801416218280792,0.015981419011950493,-0.2641602158546448,-0.0043630944564938545,-0.018954981118440628,-0.19814597070217133,-0.011941637843847275,-0.2100876122713089,-0.016139108687639236,-0.0374796986579895,0.12484489381313324,-0.023612210527062416,0.10123268514871597,0.07036569714546204,0.060841575264930725,0.3412998914718628,0.03833019360899925,0.37963008880615234,0.01853674277663231,0.017523307353258133,0.3451657295227051,0.01103968359529972,0.35620540380477905,-0.06947237253189087,-0.07037549465894699,0.24074162542819977,-0.04433656111359596,0.1964050680398941
1.36,0.05,0.075,0.0,0.011683200365504545,0.08564840545646013,0.20008689708026162,0.019112881273031235,0.5286693219095469,0.3000685253366828,0.28,0.020068525336682796,0.8003823161125183,0.10319849848747253,0.8412899374961853,-0.046169303357601166,-0.05891288071870804,-0.2482479065656662,-0.03711511567234993,-0.28536301851272583,-0.0833015963435173,-0.06422492861747742,-0.1936541050672531,-0.0404617041349411,-0.2341158092021942,-0.021301766857504845,-0.007148850243538618,-0.1641002893447876,-0.004503775388002396,-0.1686040610074997,-0.10510203242301941,-0.0741332471370697,-0.16880939900875092,-0.046703945845365524,-0.21551334857940674,-0.034335847944021225,-0.034193266183137894,-0.20631186664104462,-0.021541757509112358,-0.22785362601280212,0.06603462994098663,0.03756751865148544,-0.2649041712284088,0.023667536675930023,-0.2412366271018982,-0.0010575316846370697,-0.01358574628829956,-0.21644432842731476,-0.008559020236134529,-0.22500334680080414,-0.013694681227207184,-0.030344193801283836,0.10555126518011093,-0.0191168412566185,0.08643442392349243,0.06426528841257095,0.06186868995428085,0.3401016294956207,0.03897727280855179,0.3790788948535919,0.01582915335893631,0.017015060409903526,0.3632484972476959,0.010719488374888897,0.3739679753780365,-0.09155255556106567,-0.07672861218452454,0.26021289825439453,-0.04833902418613434,0.2118738740682602
1.3800000000000001,0.05,0.075,0.0,0.011513872481041427,0.08266004687546256,0.1839778159098255,0.022580856457352638,0.533871284686029,0.3037098992802203,0.28,0.02370989928022027,0.8157080411911011,0.09735308587551117,0.8558968901634216,-0.014609834179282188,-0.04562196508049965,-0.26328545808792114,-0.02874183841049671,-0.2920272946357727,-0.04978293180465698,-0.05989232659339905,-0.20502182841300964,-0.037732165306806564,-0.2427539974451065,-0.034150801599025726,-0.015249436721205711,-0.16825063526630402,-0.009607144631445408,-0.17785778641700745,-0.0641879066824913,-0.07114964723587036,-0.16444715857505798,-0.044824276119470596,-0.20927143096923828,-0.05763130635023117,-0.041224680840969086,-0.19479838013648987,-0.0259715486317873,-0.22076992690563202,0.03452273830771446,0.03665408492088318,-0.24983248114585876,0.02309207245707512,-0.22674040496349335,0.02631896734237671,-0.0016143321990966797,-0.23347553610801697,-0.0010170292807742953,-0.23449257016181946,0.014242298901081085,-0.016968244686722755,0.08535704761743546,-0.0106899943202734,0.0746670514345169,0.06474807113409042,0.0627325028181076,0.3367261588573456,0.0395214781165123,0.3762476444244385,0.034424055367708206,0.022237759083509445,0.3800317347049713,0.014009787701070309,0.394041508436203,-0.060234926640987396,-0.0717805027961731,0.28054818511009216,-0.0452217161655426,0.23532646894454956
1.4000000000000001,0.05,0.075,0.0,0.011054243138363652,0.07876681538789239,0.16247228395465202,-0.012055250816047192,0.4819171237759292,0.26734198664315045,0.28,0.012658013356849573,0.8331790566444397,0.10269585251808167,0.8714713454246521,-0.024103328585624695,-0.03916637599468231,-0.27851858735084534,-0.02467481605708599,-0.3031933903694153,-0.07732584327459335,-0.06512238085269928,-0.21765977144241333,-0.04102709889411926,-0.2586868703365326,-0.035130202770233154,-0.02121366560459137,-0.17434939742088318,-0.013364609330892563,-0.18771401047706604,-0.10245636105537415,-0.08054166287183762,-0.16210348904132843,-0.050741247832775116,-0.21284472942352295,-0.04211808741092682,-0.04149270057678223,-0.18474365770816803,-0.026140401139855385,-0.21088406443595886,0.0705692321062088,0.046828627586364746,-0.2352045178413391,0.029502036049962044,-0.20570248365402222,0.0071743810549378395,0.0010222819400951266,-0.24906602501869202,0.0006440376164391637,-0.24842198193073273,0.008345991373062134,-0.009373974055051804,0.06446804106235504,-0.005905603524297476,0.05856243893504143,0.06751276552677155,0.06416657567024231,0.33120784163475037,0.04042494297027588,0.37163278460502625,0.005448723211884499,0.017201047390699387,0.3953443765640259,0.01083665993064642,0.4061810374259949,-0.07844375818967819,-0.07377947866916656,0.30154022574424744,-0.04648107290267944,0.255059152841568
1.42,0.05,0.075,0.0,0.010796196496489574,0.07568198322547351,0.14413553734147688,-0.019601810723543167,0.47059728391468525,0.2594180987402797,0.28,0.020581901259720314,0.8524237275123596,0.09825655072927475,0.888656735420227,-0.013642854988574982,-0.031509317457675934,-0.29366642236709595,-0.019850870594382286,-0.313517302274704,-0.04873345047235489,-0.06020570173859596,-0.23133482038974762,-0.03792959079146385,-0.2692644000053406,-0.04621916264295578,-0.028715316206216812,-0.18228407204151154,-0.01809064857661724,-0.20037472248077393,-0.054981525987386703,-0.07287362217903137,-0.16182158887386322,-0.04591038078069687,-0.2077319622039795,-0.06912367045879364,-0.04978199303150177,-0.17633315920829773,-0.03136265650391579,-0.20769581198692322,0.053091879934072495,0.04870760440826416,-0.22129011154174805,0.03068578988313675,-0.1906043291091919,0.01095427107065916,0.004001878667622805,-0.2630569338798523,0.0025211835745722055,-0.26053574681282043,0.015401974320411682,-0.001941189169883728,0.04309710115194321,-0.001222949125804007,0.041874151676893234,0.060985494405031204,0.06321225315332413,0.32360297441482544,0.03982371836900711,0.36342668533325195,0.012356670573353767,0.015747735276818275,0.4090304374694824,0.009921072982251644,0.41895151138305664,-0.05039501190185547,-0.06676413863897324,0.32297515869140625,-0.04206140711903572,0.28091374039649963
1.44,0.05,0.075,0.0,0.010255035502497893,0.0716743283805656,0.12329766222314799,-0.026547903195023537,0.4601781452074647,0.2521247016452253,0.28,0.027875298354774702,0.8730297088623047,0.1020786464214325,0.9086100459098816,-0.020811155438423157,-0.02829986810684204,-0.30844953656196594,-0.017828917130827904,-0.3262784481048584,-0.058651477098464966,-0.059739433228969574,-0.24579478800296783,-0.03763584420084953,-0.28343063592910767,-0.037590354681015015,-0.031377825886011124,-0.1919083446264267,-0.01976802945137024,-0.21167637407779694,-0.10395106673240662,-0.08219686150550842,-0.1636066734790802,-0.05178402364253998,-0.21539069712162018,-0.063871368765831,-0.05400880426168442,-0.16972199082374573,-0.03402554616332054,-0.20374754071235657,0.06085657700896263,0.05235229432582855,-0.20834586024284363,0.03298194333910942,-0.1753639131784439,0.04044293984770775,0.014934197068214417,-0.27530568838119507,0.009408543817698956,-0.26589715480804443,0.030828017741441727,0.007889573462307453,0.02146201767027378,0.004970431327819824,0.026432448998093605,0.062311749905347824,0.06294210255146027,0.3139890432357788,0.03965352475643158,0.3536425828933716,0.01718742772936821,0.0161796435713768,0.42095041275024414,0.0101931756362319,0.431143581867218,-0.05441632866859436,-0.06305979192256927,0.3446345031261444,-0.03972766920924187,0.30490684509277344
1.46,0.05,0.075,0.0,0.00990465134359414,0.06887358398235108,0.10609473530005396,-0.048566244542598724,0.4271506331861019,0.22900544323027136,0.28,0.050994556769728666,0.8945624828338623,0.0982564389705658,0.9258788228034973,-0.01332340482622385,-0.02380692958831787,-0.3225952684879303,-0.014998365193605423,-0.3375936448574066,-0.029690902680158615,-0.05072487145662308,-0.2607729732990265,-0.03195666894316673,-0.2927296459674835,-0.049733228981494904,-0.03688444569706917,-0.20304468274116516,-0.02323720045387745,-0.22628188133239746,-0.06209702044725418,-0.07616691291332245,-0.16742582619190216,-0.04798515513539314,-0.215410977602005,-0.07966627180576324,-0.061706043779850006,-0.16503210365772247,-0.03887480869889259,-0.20390690863132477,0.059648651629686356,0.054541200399398804,-0.19661051034927368,0.03436095640063286,-0.16224955022335052,0.02262171357870102,0.017240451648831367,-0.28568747639656067,0.010861484333872795,-0.2748259902000427,0.029646292328834534,0.014416590332984924,-0.0002167413040297106,0.009082451462745667,0.008865710347890854,0.0581817589700222,0.0615139976143837,0.30246397852897644,0.03875381872057915,0.3412177860736847,-0.014324622228741646,0.007028363645076752,0.4309828579425812,0.004427868872880936,0.435410737991333,-0.032423846423625946,-0.053869009017944336,0.36629754304885864,-0.0339374765753746,0.33236005902290344
1.48,0.05,0.075,0.0,0.009373883202014351,0.06509478694090878,0.08689000208917044,-0.05867131054401398,0.41199303418397903,0.21839512392878535,0.28,0.061604876071214676,0.9165816903114319,0.1020636335015297,0.9481608271598816,-0.013852111995220184,-0.020820483565330505,-0.33584269881248474,-0.01311690453439951,-0.3489595949649811,-0.04655575752258301,-0.049474138766527176,-0.27599310874938965,-0.031168706715106964,-0.307161808013916,-0.03292030841112137,-0.03569520264863968,-0.21548770368099213,-0.022487977519631386,-0.23797568678855896,-0.10375949740409851,-0.08444468677043915,-0.17320860922336578,-0.05320015177130699,-0.22640876471996307,-0.0708179771900177,-0.06443962454795837,-0.16234998404979706,-0.040596961975097656,-0.20294694602489471,0.05894291773438454,0.055861715227365494,-0.18630051612854004,0.035192880779504776,-0.15110763907432556,0.04667830839753151,0.026071809232234955,-0.2940964996814728,0.01642523892223835,-0.2776712477207184,0.031945694237947464,0.019675321877002716,-0.021718256175518036,0.012395452708005905,-0.00932280346751213,0.06831400096416473,0.06355399638414383,0.28914523124694824,0.04003901779651642,0.32918423414230347,0.017504669725894928,0.010171255096793175,0.43902552127838135,0.006407890468835831,0.4454334080219269,-0.04021111875772476,-0.049771640449762344,0.3877435624599457,-0.03135613352060318,0.3563874363899231
1.5,0.05,0.075,0.0,0.008914441836334242,0.06228352481548985,0.06947581618919603,-0.07830773293972015,0.38253840059041977,0.1977768804132939,0.28,0.08222311958670614,0.938654363155365,0.10028102993965149,0.9665071964263916,-0.013157358393073082,-0.018521547317504883,-0.3479475677013397,-0.011668574996292591,-0.35961613059043884,-0.021650264039635658,-0.041126977652311325,-0.2911744713783264,-0.025909995660185814,-0.3170844614505768,-0.04510990530252457,-0.038519613444805145,-0.22900789976119995,-0.02426735684275627,-0.2532752454280853,-0.06701857596635818,-0.0792168527841568,-0.18084834516048431,-0.049906615167856216,-0.23075495660305023,-0.08538354933261871,-0.0707228034734726,-0.16172510385513306,-0.04455536603927612,-0.20628046989440918,0.06339562684297562,0.05812188982963562,-0.1776060163974762,0.036616791039705276,-0.14098922908306122,0.038405586034059525,0.029771942645311356,-0.300447016954422,0.0187563244253397,-0.28169068694114685,0.03224610164761543,0.02344655618071556,-0.042823418974876404,0.014771330170333385,-0.028052087873220444,0.0617976039648056,0.06302707642316818,0.27416855096817017,0.03970705717802048,0.31387561559677124,-0.014679706655442715,0.0027159666642546654,0.4449964165687561,0.0017110590124502778,0.44670748710632324,-0.023220350965857506,-0.04180625453591347,0.4087539613246918,-0.026337940245866776,0.3824160099029541
1.52,0.05,0.075,0.0,0.00822871115931205,0.0590408029824186,0.05368242228175616,-0.07182195782661438,0.39226706326007843,0.20458694428205493,0.28,0.0754130557179451,0.9603659510612488,0.10334879904985428,0.987242579460144,-0.005716446787118912,-0.014680016785860062,-0.35868653655052185,-0.009248410351574421,-0.3679349422454834,-0.029923804104328156,-0.037766024470329285,-0.3060370981693268,-0.02379259467124939,-0.32982969284057617,-0.032432280480861664,-0.03669341281056404,-0.24335592985153198,-0.02311684936285019,-0.26647278666496277,-0.10297998040914536,-0.08634579181671143,-0.19020414352416992,-0.05439784750342369,-0.2446019947528839,-0.08296649158000946,-0.07439590990543365,-0.1631689816713333,-0.0468694232404232,-0.21003840863704681,0.05290640518069267,0.056557245552539825,-0.17068739235401154,0.03563106432557106,-0.13505633175373077,0.05723346769809723,0.038010403513908386,-0.3046743869781494,0.023946553468704224,-0.2807278335094452,0.03969081491231918,0.028319835662841797,-0.06331715732812881,0.01784149557352066,-0.045475661754608154,0.07160140573978424,0.06559937447309494,0.2576865553855896,0.04132760688662529,0.299014151096344,-0.009053253568708897,-0.0008147995686158538,0.44883474707603455,-0.0005133236991241574,0.4483214318752289,-0.017101161181926727,-0.034394726157188416,0.4291146695613861,-0.021668678149580956,0.4074459969997406
1.54,0.05,0.075,0.0,0.0021582113602350976,0.04194837584652891,-0.04230494995000663,-0.09942276775836945,0.35086584836244583,0.17560609385371212,0.28,0.10439390614628791,0.9813278913497925,0.10133491456508636,1.0046745538711548,-0.005112117622047663,-0.011809646151959896,-0.3678615987300873,-0.007440077140927315,-0.37530168890953064,-0.004500871989876032,-0.027786478400230408,-0.32030683755874634,-0.017505481839179993,-0.33781230449676514,-0.03962986171245575,-0.037574347108602524,-0.2582671344280243,-0.023671839386224747,-0.28193897008895874,-0.05956842750310898,-0.07831258326768875,-0.20110344886779785,-0.04933692887425423,-0.250440388917923,-0.09502843767404556,-0.08058567345142365,-0.16665500402450562,-0.05076897516846657,-0.21742397546768188,0.060200709849596024,0.057650282979011536,-0.16567222774028778,0.03631967678666115,-0.12935255467891693,0.05027299001812935,0.041689179837703705,-0.30673548579216003,0.026264183223247528,-0.2804712951183319,0.0393529012799263,0.03162975609302521,-0.0829906240105629,0.01992674544453621,-0.06306387484073639,0.06110600382089615,0.0642513632774353,0.2398672103881836,0.040478359907865524,0.2803455591201782,-0.012495876289904118,-0.004319122992455959,0.45050138235092163,-0.00272104749456048,0.4477803409099579,-0.008767852559685707,-0.02670666202902794,0.44861820340156555,-0.016825197264552116,0.4317930042743683
1.56,0.05,0.075,0.0,-0.00464569970272538,0.027193378233704307,-0.10226327914779294,-0.10159792751073837,0.34760310873389244,0.17332217611372475,0.28,0.10667782388627528,1.0011837482452393,0.10455040633678436,1.024421215057373,-0.004024812486022711,-0.009474196471273899,-0.3753035068511963,-0.005968743935227394,-0.38127225637435913,-0.028514200821518898,-0.02800479531288147,-0.33372050523757935,-0.017643021419644356,-0.35136353969573975,-0.03617147356271744,-0.03715348616242409,-0.2734665274620056,-0.02340669557452202,-0.29687321186065674,-0.09438265860080719,-0.08313360810279846,-0.2133452445268631,-0.05237417295575142,-0.2657194137573242,-0.07523050904273987,-0.07897911965847015,-0.17211885750293732,-0.049756843596696854,-0.22187569737434387,0.057755421847105026,0.05768182501196861,-0.16265302896499634,0.03633955121040344,-0.1263134777545929,0.059621602296829224,0.04706890881061554,-0.3066093325614929,0.029653413221240044,-0.2769559323787689,0.023858927190303802,0.029298506677150726,-0.10164334625005722,0.018458059057593346,-0.08318528532981873,0.08762986212968826,0.07126491516828537,0.22089208662509918,0.04489689692854881,0.2657889723777771,-0.013151491060853004,-0.00696883350610733,0.44997933506965637,-0.004390364978462458,0.44558897614479065,-0.019928457215428352,-0.024673201143741608,0.4670657813549042,-0.015544116497039795,0.4515216648578644
1.58,0.05,0.075,0.0,-0.010860588281599514,0.016139770853642158,-0.15408511999329763,-0.0987461730837822,0.3518807403743267,0.1763165182620287,0.28,0.10368348173797132,1.0196125507354736,0.10060107707977295,1.0380582809448242,0.03398018330335617,0.0035621183924376965,-0.38087502121925354,0.0022441346663981676,-0.3786308765411377,-0.0024358038790524006,-0.020334098488092422,-0.34603071212768555,-0.0128104817122221,-0.3588411808013916,-0.04105374962091446,-0.03832356631755829,-0.2886737585067749,-0.024143846705555916,-0.31281760334968567,-0.051888395100831985,-0.07376004010438919,-0.2267037332057953,-0.0464688241481781,-0.2731725573539734,-0.08493147790431976,-0.08076483011245728,-0.17945978045463562,-0.05088184401392937,-0.23034162819385529,0.043872375041246414,0.05353899300098419,-0.16168548166751862,0.033729564398527145,-0.12795591354370117,0.06561242789030075,0.05263196676969528,-0.30429720878601074,0.033158138394355774,-0.27113908529281616,0.045499324798583984,0.034158751368522644,-0.11908523738384247,0.021520012989640236,-0.09756522625684738,0.05636042729020119,0.06679356843233109,0.20095454156398773,0.042079947888851166,0.2430344820022583,0.006874335929751396,-0.0028158824425190687,0.44727393984794617,-0.0017740059411153197,0.4454999268054962,-0.006375501863658428,-0.019183892756700516,0.4842694401741028,-0.012085852213203907,0.47218358516693115
1.6,0.05,0.075,0.0,-0.019626516411935812,0.005127811579336726,-0.20514400444011413,-0.13267356157302856,0.30098965764045715,0.14069276034832004,0.28,0.13930723965168,1.036331295967102,0.1037154272198677,1.053775668144226,0.018509555608034134,0.008046349510550499,-0.38447335362434387,0.005069199949502945,-0.3794041574001312,-0.029561331495642662,-0.02310226857662201,-0.3570104241371155,-0.014554428867995739,-0.3715648651123047,-0.025875704362988472,-0.03458920866250992,-0.30360835790634155,-0.02179120108485222,-0.3253995478153229,-0.10744759440422058,-0.08386631309986115,-0.24093253910541534,-0.05283577740192413,-0.2937683165073395,-0.0535338893532753,-0.07259555160999298,-0.18854238092899323,-0.0457351990044117,-0.23427757620811462,0.0725632831454277,0.059246279299259186,-0.16278743743896484,0.03732515498995781,-0.12546227872371674,0.04980114847421646,0.051782719790935516,-0.2998226583003998,0.032623112201690674,-0.2671995460987091,0.03864535689353943,0.03550473228096962,-0.13513855636119843,0.02236798033118248,-0.11277057230472565,0.08342121541500092,0.07178185880184174,0.18025776743888855,0.04522256925702095,0.2254803329706192,-0.012728839181363583,-0.005789769813418388,0.44241270422935486,-0.003647554898634553,0.43876513838768005,-0.01895667240023613,-0.01911572739481926,0.500053882598877,-0.012042907997965813,0.488010972738266
1.62,0.05,0.075,0.0,-0.025425763244911092,-0.00044729638737484246,-0.226246116618413,-0.14896582067012787,0.2765512689948082,0.12358588829636577,0.28,0.15641411170363426,1.0510956048965454,0.09746946394443512,1.0640761852264404,0.03155653178691864,0.015099404379725456,-0.3860321640968323,0.009512624703347683,-0.3765195310115814,-0.00011582905426621437,-0.01620633713901043,-0.36645710468292236,-0.010209992527961731,-0.3766670823097229,-0.028372129425406456,-0.032724086195230484,-0.3179948627948761,-0.02061617374420166,-0.33861103653907776,-0.03429129719734192,-0.06899380683898926,-0.2557692527770996,-0.043466098606586456,-0.29923534393310547,-0.08028718829154968,-0.07490304112434387,-0.1991991251707077,-0.04718891531229019,-0.2463880479335785,0.039506230503320694,0.05332426354289055,-0.16593855619430542,0.0335942842066288,-0.13234427571296692,0.06401132047176361,0.055451296269893646,-0.2932312786579132,0.03493431583046913,-0.2582969665527344,0.04614664614200592,0.03869730606675148,-0.14963971078395844,0.024379301816225052,-0.12526041269302368,0.05366193875670433,0.06634588539600372,0.15901267528533936,0.041797906160354614,0.20081058144569397,-0.00012922100722789764,-0.004091605078428984,0.43544524908065796,-0.0025777111295610666,0.43286752700805664,0.0011660121381282806,-0.013031205162405968,0.5142582058906555,-0.008209658786654472,0.5060485601425171
1.6400000000000001,0.05,0.075,0.0,-0.02993018420355219,-0.0037989066837159913,-0.23319201709187296,-0.1502062976360321,0.27469055354595184,0.12228338748216633,0.28,0.1577166125178337,1.0637000799179077,0.09595978260040283,1.071125864982605,0.039189934730529785,0.02232656255364418,-0.38552266359329224,0.01406573411077261,-0.37145692110061646,0.008321377448737621,-0.008848022669553757,-0.37419652938842773,-0.00557425431907177,-0.37977078557014465,-0.024512937292456627,-0.030260741710662842,-0.3315679728984833,-0.019064266234636307,-0.3506322503089905,-0.039694033563137054,-0.060203876346349716,-0.2709401845932007,-0.037928443402051926,-0.3088686168193817,-0.08155795931816101,-0.07689951360225677,-0.2112334817647934,-0.048446692526340485,-0.2596801817417145,0.025996342301368713,0.04512588679790497,-0.17108072340488434,0.028429308906197548,-0.14265140891075134,0.09042244404554367,0.06594264507293701,-0.2845902740955353,0.0415438674390316,-0.24304640293121338,0.043724916875362396,0.040205590426921844,-0.1624409407377243,0.02532952092587948,-0.13711142539978027,0.056936413049697876,0.06352303922176361,0.13743574917316437,0.04001951590180397,0.17745526134967804,-0.019152769818902016,-0.00860995426774025,0.42644253373146057,-0.005424271337687969,0.4210182726383209,0.004713675007224083,-0.0077077411115169525,0.5267376899719238,-0.004855876788496971,0.5218818187713623
1.6600000000000001,0.05,0.075,0.0,-0.03497715840854733,-0.005063255430728715,-0.2274414597480591,-0.14958356320858002,0.27562465518713,0.12293725863099103,0.28,0.157062741369009,1.0739778280258179,0.09273040294647217,1.0758976936340332,0.02508494071662426,0.02315407618880272,-0.38295429944992065,0.014587067998945713,-0.3683672249317169,0.021526077762246132,0.0002642078325152397,-0.3800859749317169,0.0001664509327383712,-0.37991952896118164,-0.037337929010391235,-0.03238389641046524,-0.34407728910446167,-0.020401854068040848,-0.3644791543483734,-0.010855460539460182,-0.04539934918284416,-0.2861655652523041,-0.028601590543985367,-0.31476715207099915,-0.08381333947181702,-0.0789736658334732,-0.22442349791526794,-0.04975340887904167,-0.2741768956184387,0.0035873334854841232,0.03266431763768196,-0.17811910808086395,0.020578520372509956,-0.15754058957099915,0.08971574157476425,0.0730745792388916,-0.27398765087127686,0.0460369847714901,-0.22795066237449646,0.028931885957717896,0.03682347759604454,-0.1734117716550827,0.023198790848255157,-0.15021297335624695,0.05325208231806755,0.060441754758358,0.1157468780875206,0.03807830438017845,0.15382517874240875,-0.039127327501773834,-0.017765166237950325,0.4154963195323944,-0.011192054487764835,0.40430426597595215,-0.005763629451394081,-0.007124507334083319,0.5373651385307312,-0.00448843976482749,0.5328766703605652
1.68,0.05,0.075,0.0,-0.03623753733287424,-0.007367625702997753,-0.232447281695659,-0.15819142758846283,0.26271285861730576,0.11389900103211406,0.28,0.16610099896788597,1.0817984342575073,0.0884510949254036,1.080687165260315,0.020551780238747597,0.022373387590050697,-0.3783744275569916,0.014095233753323555,-0.364279180765152,0.017825862392783165,0.005532704293727875,-0.38401681184768677,0.0034856037236750126,-0.3805312216281891,-0.0238043200224638,-0.029810022562742233,-0.3552921414375305,-0.018780313432216644,-0.37407246232032776,-0.01838958077132702,-0.037296418100595474,-0.30116456747055054,-0.02349674329161644,-0.3246613144874573,-0.07603168487548828,-0.07809107005596161,-0.2385258674621582,-0.049197372049093246,-0.28772324323654175,0.008987990207970142,0.025561418384313583,-0.18692389130592346,0.016103694215416908,-0.1708201915025711,0.06909526139497757,0.0718807801604271,-0.2615315020084381,0.04528488963842392,-0.2162466049194336,0.029179885983467102,0.0345304012298584,-0.18244042992591858,0.021754153072834015,-0.16068628430366516,0.048975132405757904,0.05700176954269409,0.0941670835018158,0.035911113023757935,0.13007819652557373,-0.030336901545524597,-0.021536685526371002,0.40271812677383423,-0.013568111695349216,0.3891500234603882,-0.01264292374253273,-0.008780032396316528,0.5460323095321655,-0.005531420465558767,0.5405008792877197
1.7,0.05,0.075,0.0,-0.03928995366541744,-0.01026538867110576,-0.22931542064685217,-0.16512338817119598,0.252314917743206,0.10662044242024427,0.28,0.17337955757975576,1.087066888809204,0.08354911208152771,1.084970235824585,0.030196240171790123,0.024720244109630585,-0.37186747789382935,0.015573753975331783,-0.3562937378883362,0.007885569706559181,0.006238563917577267,-0.385916531085968,0.00393029535189271,-0.38198623061180115,-0.0033858586102724075,-0.02188277430832386,-0.36500564217567444,-0.013786147348582745,-0.37879177927970886,-0.0329391285777092,-0.03598923236131668,-0.3156605660915375,-0.022673215717077255,-0.33833378553390503,-0.06921149045228958,-0.07542719691991806,-0.25328052043914795,-0.04751913249492645,-0.3007996678352356,0.0188603438436985,0.023551095277071,-0.19733268022537231,0.014837189577519894,-0.18249548971652985,0.053875938057899475,0.06647932529449463,-0.24734872579574585,0.041881974786520004,-0.20546674728393555,0.036647260189056396,0.0351654589176178,-0.18943488597869873,0.02215423807501793,-0.1672806441783905,0.04666630178689957,0.053901128470897675,0.07291626185178757,0.03395771235227585,0.10687397420406342,0.00012351945042610168,-0.015038624405860901,0.38823816180229187,-0.009474333375692368,0.3787638247013092,-0.017785578966140747,-0.011481696739792824,0.5526508688926697,-0.0072334688156843185,0.5454174280166626
1.72,0.05,0.075,0.0,-0.04118861070715948,-0.011798423076288823,-0.2216562552597674,-0.1680070459842682,0.24798943102359772,0.10359260171651843,0.28,0.1764073982834816,1.089721918106079,0.08191020041704178,1.0866351127624512,0.03742636740207672,0.028532080352306366,-0.363553524017334,0.017975211143493652,-0.34557831287384033,-0.0034994278103113174,0.0033171665854752064,-0.3857501149177551,0.00208981498144567,-0.38366028666496277,0.007205750793218613,-0.013156216591596603,-0.3730386793613434,-0.00828841608017683,-0.3813270926475525,-0.05108631029725075,-0.04051835462450981,-0.3293861746788025,-0.025526562705636024,-0.35491272807121277,-0.06037890166044235,-0.07091271132230759,-0.26841533184051514,-0.044675007462501526,-0.31309032440185547,0.02751718834042549,0.024740923196077347,-0.20915350317955017,0.015586781315505505,-0.1935667246580124,0.05473463982343674,0.06295591592788696,-0.2315838783979416,0.03966222703456879,-0.1919216513633728,0.03161539509892464,0.03410043939948082,-0.19432388246059418,0.021483276039361954,-0.17284061014652252,0.060710929334163666,0.05594407021999359,0.052210982888936996,0.035244762897491455,0.08745574951171875,-0.0028160102665424347,-0.011371839791536331,0.3722040355205536,-0.007164258975535631,0.36503976583480835,-0.02465852163732052,-0.015434743836522102,0.5571532845497131,-0.009723888710141182,0.5474293828010559
1.74,0.05,0.075,0.0,-0.0427843164253185,-0.01290065648246983,-0.2161523159748097,-0.15213750302791595,0.27179374545812607,0.12025562182068827,0.28,0.15974437817931175,1.0897328853607178,0.08064265549182892,1.087152123451233,0.049925513565540314,0.03495011106133461,-0.3535858690738678,0.022018570452928543,-0.33156728744506836,-0.008328791707754135,-0.00017662113532423973,-0.38352060317993164,-0.00011127131438115612,-0.3836318850517273,0.014989369548857212,-0.004712540656328201,-0.3792431056499481,-0.002968900604173541,-0.3822120130062103,-0.06131419911980629,-0.046757109463214874,-0.3420882821083069,-0.029456978663802147,-0.3715452551841736,-0.06186876446008682,-0.0681995302438736,-0.2836511433124542,-0.04296570271253586,-0.3266168534755707,0.033641766756772995,0.02741117589175701,-0.22216834127902985,0.017269041389226913,-0.20489929616451263,0.03532646223902702,0.05466707795858383,-0.214397594332695,0.034440260380506516,-0.1799573302268982,0.02393459528684616,0.031050685793161392,-0.1970575749874115,0.019561931490898132,-0.17749564349651337,0.059530727565288544,0.05702006816864014,0.03226223960518837,0.035922642797231674,0.06818488240242004,-0.007822195068001747,-0.0103069469332695,0.35477912425994873,-0.0064933765679597855,0.3482857346534729,-0.015882590785622597,-0.01556909829378128,0.5594937801361084,-0.00980853196233511,0.5496852397918701
1.76,0.05,0.075,0.0,-0.04410934805879071,-0.012859851101263859,-0.2035141760004381,-0.1562979519367218,0.2655530720949173,0.11588715046644216,0.28,0.16411284953355787,1.0870983600616455,0.08051325380802155,1.0848579406738281,0.048902347683906555,0.039135780185461044,-0.3421483635902405,0.02465554140508175,-0.317492812871933,-0.015003269538283348,-0.004624615889042616,-0.3792691230773926,-0.0029135080985724926,-0.38218262791633606,0.022243371233344078,0.003374233143404126,-0.3835044503211975,0.0021257668267935514,-0.3813786804676056,-0.06087835505604744,-0.050993483513593674,-0.3535325825214386,-0.032125893980264664,-0.38565847277641296,-0.058680012822151184,-0.06534367799758911,-0.29870694875717163,-0.0411665178835392,-0.33987346291542053,0.04361933842301369,0.03227362409234047,-0.23613713681697845,0.02033238299190998,-0.21580475568771362,0.034304630011320114,0.04855834320187569,-0.1959650218486786,0.030591756105422974,-0.16537326574325562,0.01942947506904602,0.02756432257592678,-0.1976081281900406,0.01736552268266678,-0.1802425980567932,0.061539508402347565,0.058375898748636246,0.013273315504193306,0.036776814609766006,0.05005013197660446,-0.01236385852098465,-0.010924020782113075,0.3361409604549408,-0.006882132962346077,0.32925882935523987,-0.012166477739810944,-0.014548311941325665,0.5596484541893005,-0.009165436029434204,0.550482988357544
1.78,0.05,0.075,0.0,-0.04471388459755838,-0.012987910677122702,-0.18709279955237998,-0.1411929577589035,0.28821056336164474,0.13174739435315136,0.28,0.14825260564684867,1.0818428993225098,0.07622189819812775,1.081323266029358,0.036722056567668915,0.038411661982536316,-0.32945194840431213,0.0241993460804224,-0.3052526116371155,-0.02672646753489971,-0.011255171149969101,-0.37307411432266235,-0.007090757600963116,-0.38016486167907715,0.018228396773338318,0.00783048290759325,-0.3857441246509552,0.004933204036206007,-0.3808109164237976,-0.05372549593448639,-0.05181308835744858,-0.363508015871048,-0.032642245292663574,-0.39615026116371155,-0.04925399273633957,-0.06051677465438843,-0.3133050501346588,-0.03812556713819504,-0.35143062472343445,0.040656525641679764,0.03478849679231644,-0.25080227851867676,0.02191675268113613,-0.22888553142547607,0.00086189154535532,0.03424941003322601,-0.17647399008274078,0.021577127277851105,-0.15489685535430908,0.009184559807181358,0.022050393745303154,-0.19596993923187256,0.013891748152673244,-0.18207819759845734,0.057034507393836975,0.057973481714725494,-0.004562279675155878,0.03652329370379448,0.03196101263165474,-0.019171513617038727,-0.013398269191384315,0.31647950410842896,-0.008440909907221794,0.308038592338562,-0.015229564160108566,-0.014752687886357307,0.5576157569885254,-0.009294193238019943,0.548321545124054
1.8,0.05,0.075,0.0,-0.04615491387378328,-0.012881396010988451,-0.17353400947057343,-0.14367122948169708,0.2844931557774544,0.1291452090442181,0.28,0.15085479095578191,1.074015736579895,0.07691573351621628,1.071749210357666,0.04778880625963211,0.04122480750083923,-0.3157307803630829,0.025971628725528717,-0.28975915908813477,-0.00911218486726284,-0.010612274520099163,-0.365049809217453,-0.006685732863843441,-0.371735543012619,0.035507213324308395,0.01613350212574005,-0.38592082262039185,0.010164106264710426,-0.37575671076774597,-0.06299962848424911,-0.05516905337572098,-0.3718305826187134,-0.034756503999233246,-0.4065870940685272,-0.05093109607696533,-0.05764107033610344,-0.3271762430667877,-0.036313872784376144,-0.36349010467529297,0.03406042605638504,0.03457007557153702,-0.26589325070381165,0.021779147908091545,-0.24411410093307495,0.03394733741879463,0.03415878862142563,-0.1561231166124344,0.021520037204027176,-0.1346030831336975,0.017834912985563278,0.020785748958587646,-0.19215966761112213,0.013095022179186344,-0.17906464636325836,0.054379094392061234,0.056895166635513306,-0.02106279321014881,0.03584395349025726,0.014781160280108452,-0.013157099485397339,-0.013325918465852737,0.2959951162338257,-0.008395328186452389,0.2875998020172119,-0.019168337807059288,-0.016077382490038872,0.55341637134552,-0.010128750465810299,0.5432876348495483
1.82,0.05,0.075,0.0,-0.047340301256548534,-0.010677477216758215,-0.14835881414983879,-0.13446171581745148,0.2983074262738228,0.138815198391676,0.28,0.14118480160832403,1.063688039779663,0.07180297374725342,1.0596054792404175,0.04621029645204544,0.042720455676317215,-0.30123797059059143,0.02691388688981533,-0.27432408928871155,-0.004520406946539879,-0.00878471415489912,-0.3553442060947418,-0.0055343699641525745,-0.360878586769104,0.024564269930124283,0.01866273209452629,-0.3840312957763672,0.011757520958781242,-0.3722737729549408,-0.026862040162086487,-0.04667694866657257,-0.3783468008041382,-0.029406476765871048,-0.4077532887458801,-0.054080769419670105,-0.05657298117876053,-0.34006467461586,-0.03564097732305527,-0.37570565938949585,0.013279019854962826,0.028182758018374443,-0.2811317443847656,0.017755137756466866,-0.2633765935897827,0.013345766812562943,0.027914881706237793,-0.13511981070041656,0.017586374655365944,-0.11753343790769577,0.007579902186989784,0.016823993995785713,-0.18621616065502167,0.010599115863442421,-0.1756170392036438,0.04655199870467186,0.05379221588373184,-0.03606007620692253,0.03388909623026848,-0.0021709799766540527,-0.029028475284576416,-0.01803668588399887,0.2748965620994568,-0.01136311236768961,0.26353344321250916,-0.01872110739350319,-0.016870498657226562,0.5470930933952332,-0.01062841434031725,0.5364646911621094
1.84,0.05,0.075,0.0,-0.0489242806972169,-0.007281377676320245,-0.11883230493162718,-0.1317402571439743,0.30238961428403854,0.14167272999882702,0.28,0.138327270001173,1.0509511232376099,0.07104261219501495,1.046879529953003,0.041963040828704834,0.04249323159456253,-0.2862407863140106,0.026770735159516335,-0.25947004556655884,-0.009058570489287376,-0.008866870775818825,-0.3441363275051117,-0.005586128681898117,-0.3497224450111389,0.05039193481206894,0.028181493282318115,-0.38011038303375244,0.017754340544342995,-0.362356036901474,-0.05626247450709343,-0.04955260455608368,-0.3829364776611328,-0.031218141317367554,-0.41415461897850037,-0.04991418868303299,-0.054575346410274506,-0.35173264145851135,-0.03438246622681618,-0.38611510396003723,0.027166146785020828,0.027877774089574814,-0.29623672366142273,0.017562998458743095,-0.2786737382411957,0.004466499201953411,0.02088036574423313,-0.11367807537317276,0.013154630549252033,-0.100523442029953,0.004367902874946594,0.013087166473269463,-0.17820000648498535,0.008244914934039116,-0.1699550896883011,0.043641723692417145,0.050747066736221313,-0.04940129816532135,0.03197064995765686,-0.01743064820766449,-0.02316967397928238,-0.019576583057641983,0.2533988058567047,-0.012333246879279613,0.24106556177139282,-0.014468668028712273,-0.01614994928240776,0.538710355758667,-0.010174468159675598,0.5285359025001526
1.86,0.05,0.075,0.0,-0.050701053538777234,-0.003155777026284059,-0.09006480220877222,-0.1222742423415184,0.3165886364877224,0.1516120455414057,0.28,0.12838795445859433,1.0359145402908325,0.07294220477342606,1.0281869173049927,0.05578216165304184,0.04647991061210632,-0.27101582288742065,0.0292823426425457,-0.24173347651958466,-0.01516056153923273,-0.010754978284239769,-0.3316328525543213,-0.006775636225938797,-0.338408499956131,0.06177063286304474,0.03825823590159416,-0.37423041462898254,0.02410268783569336,-0.3501277267932892,-0.05988558381795883,-0.052652500569820404,-0.3855149745941162,-0.03317107632756233,-0.41868606209754944,-0.034252651035785675,-0.04847853630781174,-0.3619649112224579,-0.030541477724909782,-0.3925063908100128,0.01992945745587349,0.025493279099464417,-0.3109295666217804,0.016060765832662582,-0.2948687970638275,0.022527402266860008,0.021374477073550224,-0.09201642870903015,0.013465920463204384,-0.07855051010847092,0.002765091136097908,0.009990543127059937,-0.16819284856319427,0.0062940423376858234,-0.16189880669116974,0.04501057788729668,0.04902612045407295,-0.06095051020383835,0.0308864563703537,-0.03006405383348465,-0.021187447011470795,-0.020059842616319656,0.2317209243774414,-0.012637700885534286,0.21908321976661682,-0.03909647464752197,-0.023033907637000084,0.5283536314964294,-0.014511361718177795,0.5138422846794128
1.8800000000000001,0.05,0.075,0.0,-0.05257479302239518,0.0016594721663912837,-0.05601237338045598,-0.09375014156103134,0.359374787658453,0.18156235136091714,0.28,0.09843764863908289,1.0187056064605713,0.07561608403921127,1.0103687047958374,0.05467910319566727,0.04893966764211655,-0.2558439373970032,0.030831990763545036,-0.225011944770813,-0.020104778930544853,-0.013559918850660324,-0.31806445121765137,-0.008542749099433422,-0.32660719752311707,0.07221357524394989,0.04844483733177185,-0.3664998412132263,0.030520247295498848,-0.3359795808792114,-0.06545607000589371,-0.056493569165468216,-0.3860347270965576,-0.035590946674346924,-0.42162567377090454,-0.04173360764980316,-0.046455055475234985,-0.3705728054046631,-0.029266685247421265,-0.39983949065208435,0.01343094278126955,0.021874578669667244,-0.3249393105506897,0.013780984096229076,-0.31115832924842834,0.003031926229596138,0.01587171107530594,-0.0703556165099144,0.009999178349971771,-0.06035643815994263,-0.009572029113769531,0.004121771082282066,-0.15629670023918152,0.00259671569801867,-0.15369997918605804,0.04074469581246376,0.046541690826416016,-0.07059001177549362,0.02932126447558403,-0.04126874729990959,-0.021664202213287354,-0.020541150122880936,0.21008385717868805,-0.012940924614667892,0.19714292883872986,-0.04025194048881531,-0.028199316933751106,0.516128420829773,-0.017765570431947708,0.49836283922195435
1.9000000000000001,0.05,0.075,0.0,-0.05459943542883686,0.006854904170071548,-0.02406476251633638,-0.09350617229938507,0.3597407415509224,0.18181851908564572,0.28,0.0981814809143543,0.9994679689407349,0.07358560711145401,0.9894656538963318,0.04732377082109451,0.0484548956155777,-0.24100488424301147,0.03052658401429653,-0.2104783058166504,-0.014027210883796215,-0.013700106181204319,-0.303681343793869,-0.008631066419184208,-0.31231242418289185,0.0643734261393547,0.05322341248393059,-0.3570612370967865,0.03353074938058853,-0.32353049516677856,-0.031239531934261322,-0.04891736060380936,-0.3844861686229706,-0.03081793710589409,-0.4153040945529938,-0.04368729144334793,-0.04562472552061081,-0.3773975372314453,-0.028743576258420944,-0.40614110231399536,-0.002183794043958187,0.014657067134976387,-0.33800753951072693,0.00923395249992609,-0.3287735879421234,0.00934393797069788,0.013913379050791264,-0.04891636595129967,0.008765428327023983,-0.04015093669295311,-0.008840451017022133,0.00023310421966016293,-0.14263278245925903,0.00014685565838590264,-0.14248593151569366,0.0360095351934433,0.04338204488158226,-0.07822158187627792,0.027330687269568443,-0.05089089274406433,-0.017851144075393677,-0.019734147936105728,0.18870806694030762,-0.012432512827217579,0.17627555131912231,-0.045761555433273315,-0.033467989414930344,0.5021592974662781,-0.02108483389019966,0.4810744524002075
1.92,0.05,0.075,0.0,-0.05641373079751316,0.012432164266131468,0.008693697570213802,-0.08639016002416611,0.37041475996375084,0.18929033197462564,0.28,0.09070966802537439,0.9783617854118347,0.06758097559213638,0.9670231938362122,0.01573401875793934,0.038638632744550705,-0.22677239775657654,0.024342337623238564,-0.20243005454540253,-0.018432987853884697,-0.01511997077614069,-0.28874877095222473,-0.009525581263005733,-0.29827433824539185,0.04714337736368179,0.05139940232038498,-0.3460886478424072,0.03238162398338318,-0.31370702385902405,0.0007107480196282268,-0.034028928726911545,-0.3808978199958801,-0.021438224241137505,-0.4023360311985016,-0.036745890974998474,-0.04296107590198517,-0.38231325149536133,-0.027065478265285492,-0.4093787372112274,-0.01949208602309227,0.0044123209081590176,-0.3498932421207428,0.0027797622606158257,-0.3471134901046753,-0.0034505100920796394,0.008704212494194508,-0.027917152270674706,0.005483653862029314,-0.02243349887430668,-0.025313667953014374,-0.007430927827954292,-0.12734033167362213,-0.004681484308093786,-0.13202181458473206,0.03518274426460266,0.04092225432395935,-0.08376744389533997,0.025781020522117615,-0.05798642337322235,-0.0405907928943634,-0.02599114179611206,0.16781140863895416,-0.016374418511986732,0.15143698453903198,-0.05687522888183594,-0.04049016162753105,0.48658862709999084,-0.025508802384138107,0.46107983589172363
1.94,0.05,0.075,0.0,-0.05766425500879794,0.018388860038600133,0.04321994753878666,-0.057207390666007996,0.414188914000988,0.21993223980069163,0.28,0.0600677601993084,0.9555640816688538,0.07148030400276184,0.9434736967086792,0.01610812544822693,0.0318794809281826,-0.213408961892128,0.020084071904420853,-0.19332489371299744,-0.032987795770168304,-0.020480317994952202,-0.273542195558548,-0.012902600690722466,-0.2864447832107544,0.07181142270565033,0.057523008435964584,-0.3337845206260681,0.036239493638277054,-0.29754501581192017,-0.051728032529354095,-0.03933865949511528,-0.3753358721733093,-0.024783356115221977,-0.40011921525001526,-0.01610635034739971,-0.034904658794403076,-0.3852292597293854,-0.021989934146404266,-0.40721920132637024,0.012763223610818386,0.006917592138051987,-0.3603771924972534,0.004358083009719849,-0.35601910948753357,-0.018352624028921127,0.0005871616303920746,-0.00757197430357337,0.00036991183878853917,-0.007202062290161848,-0.03758411109447479,-0.016476882621645927,-0.11057517677545547,-0.010380435734987259,-0.12095561623573303,0.0493835024535656,0.043460629880428314,-0.08717108517885208,0.027380196377635002,-0.05979088693857193,-0.05843079835176468,-0.035723038017749786,0.14760680496692657,-0.022505514323711395,0.12510129809379578,-0.04998362064361572,-0.04333820194005966,0.46957510709762573,-0.027303066104650497,0.44227203726768494
1.96,0.05,0.075,0.0,-0.058919781829536055,0.025437603987279424,0.08233036615529847,-0.03863270580768585,0.4420509412884712,0.2394356589019299,0.28,0.04056434109807014,0.931269645690918,0.07539699226617813,0.9181612730026245,0.020786719396710396,0.028551653027534485,-0.20116105675697327,0.01798754185438156,-0.1831735074520111,-0.030106324702501297,-0.023368120193481445,-0.25834208726882935,-0.014721916057169437,-0.2730640172958374,0.08268114924430847,0.06507045030593872,-0.3203757107257843,0.04099438339471817,-0.27938133478164673,-0.04086930304765701,-0.03979785367846489,-0.367902934551239,-0.025072647258639336,-0.3929755687713623,-0.03013232909142971,-0.03347295895218849,-0.38609179854393005,-0.02108796313405037,-0.4071797728538513,4.007108509540558e-05,0.00485433591529727,-0.36926600337028503,0.003058231668546796,-0.3662077784538269,-0.005493738688528538,-0.0012371084885671735,0.011911844834685326,-0.0007793783443048596,0.011132466606795788,-0.03535735234618187,-0.022141024470329285,-0.09250818192958832,-0.01394884567707777,-0.10645702481269836,0.0370950810611248,0.04155096411705017,-0.08839782327413559,0.02617710642516613,-0.06222071498632431,-0.032866962254047394,-0.03486621379852295,0.12830016016960144,-0.021965714171528816,0.10633444786071777,-0.06771588325500488,-0.05065150558948517,0.4512920677661896,-0.031910449266433716,0.41938161849975586
1.98,0.05,0.075,0.0,-0.060158743870086066,0.03348694546891707,0.12114195874891702,-0.025978006422519684,0.4610329903662205,0.25272309325635434,0.28,0.02727690674364569,0.9056931734085083,0.07799097895622253,0.8915688991546631,0.011648790910840034,0.023480793461203575,-0.1902545690536499,0.01479289960116148,-0.17546166479587555,-0.03999561816453934,-0.028356369584798813,-0.24342875182628632,-0.017864512279629707,-0.2612932622432709,0.07418923825025558,0.06780608743429184,-0.30610957741737366,0.0427178330719471,-0.26339173316955566,-0.023051898926496506,-0.034774068742990494,-0.3587360978126526,-0.021907662972807884,-0.380643755197525,-0.02312212996184826,-0.030367709696292877,-0.38488495349884033,-0.019131656736135483,-0.4040166139602661,-0.01393552403897047,-0.0007826220244169235,-0.3763957917690277,-0.0004930518916808069,-0.37688884139060974,-0.013234595768153667,-0.004836354870349169,0.03033575415611267,-0.0030469035264104605,0.027288850396871567,-0.04275285825133324,-0.02832457423210144,-0.07332344353199005,-0.017844481393694878,-0.09116792678833008,0.03381462022662163,0.03923006355762482,-0.08743514865636826,0.024714939296245575,-0.06272020936012268,-0.042783223092556,-0.037241317331790924,0.11008822917938232,-0.023462029173970222,0.08662620186805725,-0.07869225740432739,-0.059063732624053955,0.43192583322525024,-0.03721015155315399,0.39471566677093506
2.0,0.05,0.075,0.0,-0.060920411646760965,0.04192067062485607,0.16330491725653395,-0.011995427310466766,0.48200685903429985,0.2674048013240099,0.28,0.012595198675990127,0.8790714740753174,0.08074933290481567,0.8640630841255188,-0.00504982378333807,0.014921607449650764,-0.18089066445827484,0.00940061267465353,-0.17149005830287933,-0.04314073175191879,-0.03279167786240578,-0.2290772646665573,-0.02065875753760338,-0.249736025929451,0.07090581953525543,0.0687360018491745,-0.29124924540519714,0.043303679674863815,-0.24794556200504303,-0.009388364851474762,-0.027158357203006744,-0.34800440073013306,-0.017109764739871025,-0.36511415243148804,-0.022071393206715584,-0.027878815308213234,-0.3816309869289398,-0.017563654109835625,-0.3991946280002594,-0.02073277346789837,-0.006767667829990387,-0.38163504004478455,-0.004263630602508783,-0.3858986794948578,-0.008907943032681942,-0.006057831458747387,0.047512006014585495,-0.0038164337165653706,0.04369557276368141,-0.05254305154085159,-0.035590119659900665,-0.05321647599339485,-0.02242177538573742,-0.07563824951648712,0.03138875961303711,0.036877673119306564,-0.08429288119077682,0.02323293313384056,-0.061059948056936264,-0.039121150970458984,-0.03780526667833328,0.0931565910577774,-0.023817317560315132,0.06933927536010742,-0.0919843316078186,-0.06893990933895111,0.41167378425598145,-0.043432142585515976,0.36824163794517517
2.02,0.05,0.075,0.0,-0.059301338438952265,0.054936303658069625,0.23560169870286204,0.0064439550042152405,0.5096659325063229,0.286766152754426,0.28,0.006766152754425991,0.8589937686920166,0.0855822041630745,0.8545083403587341,-0.02037532813847065,0.004332526586949825,-0.2104874700307846,0.0027294917963445187,-0.20775797963142395,-0.05339624732732773,-0.03897304832935333,-0.2700388431549072,-0.024553019553422928,-0.29459187388420105,0.0680195540189743,0.06852106750011444,-0.3307926058769226,0.04316827282309532,-0.287624329328537,-0.013777568936347961,-0.02314412035048008,-0.37378913164138794,-0.014580795541405678,-0.38836991786956787,-0.008878858759999275,-0.022178826853632927,-0.38561034202575684,-0.013972660526633263,-0.39958301186561584,-0.019532229751348495,-0.01059703715145588,-0.3625671863555908,-0.006676133256405592,-0.369243323802948,-0.017660588026046753,-0.009538658894598484,0.09934528917074203,-0.006009355187416077,0.09333593398332596,-0.053977154195308685,-0.04110623151063919,0.19806495308876038,-0.02589692547917366,0.17216803133487701,0.0302540585398674,0.034890588372945786,0.1177990511059761,0.021981069818139076,0.13978011906147003,-0.041521430015563965,-0.03892011567950249,0.046093348413705826,-0.024519672617316246,0.02157367579638958,-0.10929061472415924,-0.08104512095451355,0.16202345490455627,-0.05105842649936676,0.11096502840518951
2.04,0.05,0.075,0.0,-0.05616967218295855,0.06658878749551193,0.2999775305915258,0.12965251505374908,0.6944787725806236,0.41613514080643654,0.28,0.13613514080643652,0.8501384258270264,0.09796205163002014,0.8505617380142212,0.012514932081103325,0.00678724842146039,-0.19852861762046814,0.004275966435670853,-0.19425265491008759,-0.08369913697242737,-0.052390873432159424,-0.2548799216747284,-0.033006250858306885,-0.2878861725330353,0.07926083356142044,0.07174299657344818,-0.3171643018722534,0.04519808664917946,-0.27196621894836426,-0.07228529453277588,-0.037886470556259155,-0.36594444513320923,-0.02386847697198391,-0.3898129165172577,-0.062422968447208405,-0.034252069890499115,-0.3859974145889282,-0.021578803658485413,-0.40757620334625244,0.01365638431161642,-0.0033210106194019318,-0.3710651993751526,-0.002092236652970314,-0.37315744161605835,-0.10457387566566467,-0.03804922476410866,0.08853752911090851,-0.023971011862158775,0.06456651538610458,-0.06868040561676025,-0.04937848448753357,0.20883165299892426,-0.031108444556593895,0.1777232140302658,0.018299538642168045,0.029913272708654404,0.13948678970336914,0.018845362588763237,0.15833215415477753,-0.0571870431303978,-0.04440019279718399,0.05724256858229637,-0.02797212079167366,0.02927044779062271,-0.08716130256652832,-0.08287997543811798,0.15160223841667175,-0.05221438407897949,0.09938785433769226
2.06,0.05,0.075,0.0,-0.052851342872967326,0.07781128553824627,0.3583805264369729,0.14486202597618103,0.7172930389642715,0.43210512727499006,0.28,0.15210512727499004,0.8405541181564331,0.11058269441127777,0.8459464311599731,-0.08910604566335678,-0.02198074199259281,-0.18795974552631378,-0.013847867026925087,-0.20180761814117432,-0.04321596026420593,-0.04963839799165726,-0.24007165431976318,-0.03127219155430794,-0.271343857049942,0.0482555590569973,0.0646967664361,-0.30273786187171936,0.04075896367430687,-0.2619788944721222,-0.049284834414720535,-0.04130598157644272,-0.3564019799232483,-0.026022767648100853,-0.3824247419834137,-0.062304988503456116,-0.042667947709560394,-0.3843168318271637,-0.02688080631196499,-0.41119763255119324,-0.019359393045306206,-0.00813252478837967,-0.3777709901332855,-0.00512349046766758,-0.38289448618888855,-0.03999269753694534,-0.038632266223430634,0.07588900625705719,-0.02433832734823227,0.05155067890882492,-0.14227035641670227,-0.0772460475564003,0.2176453024148941,-0.04866500943899155,0.16898030042648315,0.014145982451736927,0.02518308535218239,0.16104169189929962,0.015865344554185867,0.1769070327281952,-0.06592617183923721,-0.05085798725485802,0.07021060585975647,-0.03204053267836571,0.03817007318139076,-0.12986613810062408,-0.09697582572698593,0.14315181970596313,-0.06109476834535599,0.08205705136060715
2.08,0.05,0.075,0.0,-0.04990189881100376,0.08649110013839795,0.40111181822889197,0.10881895571947098,0.6632284335792065,0.39425990350544454,0.28,0.11425990350544452,0.8304261565208435,0.1137348860502243,0.841909646987915,0.029539017006754875,-0.006524813361465931,-0.17897579073905945,-0.004110632464289665,-0.18308642506599426,-0.08356104046106339,-0.059815190732479095,-0.22588713467121124,-0.03768356889486313,-0.2635706961154938,0.07267365604639053,0.06708983331918716,-0.28777942061424255,0.042266596108675,-0.24551282823085785,-0.053208447992801666,-0.04487672448158264,-0.3453376889228821,-0.028272336348891258,-0.3736100196838379,-0.09131701290607452,-0.057262666523456573,-0.38059961795806885,-0.03607548028230667,-0.4166750907897949,-0.022120635956525803,-0.01232895813882351,-0.3825608789920807,-0.007767243776470423,-0.3903281092643738,-0.07728119939565659,-0.05022694915533066,0.06152861565351486,-0.03164297714829445,0.029885638505220413,-0.0841384083032608,-0.07931375503540039,0.22441606223583221,-0.04996766522526741,0.1744484007358551,0.012922195717692375,0.02150481753051281,0.18224407732486725,0.01354803517460823,0.19579210877418518,0.01671302318572998,-0.030586684122681618,0.08486530184745789,-0.019269611686468124,0.06559568643569946,-0.08666278421878815,-0.09388191252946854,0.13675831258296967,-0.05914560332894325,0.07761271297931671
2.1,0.05,0.075,0.0,-0.04526718691547715,0.09540005628208044,0.4452079578915547,0.09920229762792587,0.6488034464418888,0.3841624125093222,0.28,0.10416241250932218,0.8199833035469055,0.11794108152389526,0.8331187963485718,-0.08562053740024567,-0.03025353141129017,-0.17174240946769714,-0.01905972510576248,-0.19080212712287903,-0.04170018434524536,-0.05438068509101868,-0.21258799731731415,-0.03425982967019081,-0.24684782326221466,0.02961168996989727,0.05584638938307762,-0.2725648283958435,0.03518322482705116,-0.23738160729408264,-0.00810805894434452,-0.03384612500667572,-0.3329557180404663,-0.021323058754205704,-0.3542787730693817,-0.08344881981611252,-0.06511851400136948,-0.3749143183231354,-0.04102466255426407,-0.41593897342681885,-0.005987193435430527,-0.01042642816901207,-0.38534650206565857,-0.006568649783730507,-0.39191514253616333,-0.05008269101381302,-0.050183672457933426,0.045602697879076004,-0.031615711748600006,0.013986986130475998,-0.1306278109550476,-0.09470797330141068,0.22907495498657227,-0.059666022658348083,0.16940893232822418,0.03421274572610855,0.025317195802927017,0.20287790894508362,0.015949834138154984,0.2188277393579483,-0.041871193796396255,-0.03397203981876373,0.10105733573436737,-0.02140238508582115,0.07965494692325592,-0.10201249271631241,-0.09632109105587006,0.13248687982559204,-0.06068228557705879,0.07180459797382355
2.12,0.05,0.075,0.0,-0.04091646819320653,0.10303921120968866,0.48424573800278736,0.14706774055957794,0.7206016108393669,0.43442112758755685,0.28,0.15442112758755683,0.8094971776008606,0.12604761123657227,0.8269417881965637,0.021109653636813164,-0.014844575896859169,-0.16639305651187897,-0.009352082386612892,-0.1757451444864273,-0.1175139993429184,-0.07332068681716919,-0.20041953027248383,-0.04619203135371208,-0.2466115653514862,0.06802533566951752,0.0595000758767128,-0.25737470388412476,0.03748504817485809,-0.21988965570926666,-0.007765572518110275,-0.026021959260106087,-0.3194843530654907,-0.016393834725022316,-0.3358781933784485,-0.07458055019378662,-0.06795712560415268,-0.3673657774925232,-0.04281298816204071,-0.4101787805557251,-0.030943412333726883,-0.016581524163484573,-0.3860764801502228,-0.01044636033475399,-0.3965228497982025,-0.10062321275472641,-0.06531553715467453,0.02827354706823826,-0.04114878922700882,-0.012875242158770561,-0.11722774803638458,-0.10146390646696091,0.23157449066638947,-0.06392226368188858,0.1676522195339203,0.06764079630374908,0.03801427781581879,0.22273290157318115,0.023948995396494865,0.24668189883232117,0.015364211052656174,-0.01917116343975067,0.11862168461084366,-0.012077832594513893,0.10654385387897491,-0.09059487283229828,-0.09460322558879852,0.1303810328245163,-0.05960003286600113,0.07078099995851517
2.14,0.05,0.075,0.0,-0.036173770372151894,0.10994711400232361,0.5222310888305683,0.11176235228776932,0.667643528431654,0.39735046990215783,0.28,0.1173504699021578,0.7992790937423706,0.1166112944483757,0.8238817453384399,-0.04567261040210724,-0.024092987179756165,-0.163026362657547,-0.015178581699728966,-0.17820493876934052,-0.05829811096191406,-0.06881391257047653,-0.18960615992546082,-0.04335276409983635,-0.23295892775058746,0.02937183901667595,0.050461605191230774,-0.24248920381069183,0.03179081156849861,-0.21069839596748352,-0.02312258817255497,-0.02515214867889881,-0.3051721155643463,-0.015845853835344315,-0.3210179805755615,-0.09008443355560303,-0.07459531724452972,-0.3580932319164276,-0.046995051205158234,-0.40508827567100525,-0.03317883983254433,-0.02156071923673153,-0.3847373425960541,-0.013583253137767315,-0.39832058548927307,0.0011924607679247856,-0.045363135635852814,0.009717750363051891,-0.028578775003552437,-0.01886102557182312,-0.05829448625445366,-0.0885130763053894,0.23188920319080353,-0.05576323717832565,0.17612597346305847,0.03050576150417328,0.035761721432209015,0.2416067272424698,0.022529885172843933,0.2641366124153137,-0.01164935901761055,-0.016914622858166695,0.13737936317920685,-0.010656212456524372,0.12672315537929535,-0.08256443589925766,-0.09099158644676208,0.13046224415302277,-0.05732470005750656,0.0731375440955162
2.16,0.05,0.075,0.0,-0.03175270447382306,0.11492541303675934,0.5372497331732914,0.051315128803253174,0.5769726932048798,0.33388088524341586,0.28,0.05388088524341583,0.7896743416786194,0.11597448587417603,0.7996441125869751,-0.033378083258867264,-0.026878517121076584,-0.1617044359445572,-0.016933465376496315,-0.17863790690898895,-0.06041938066482544,-0.0662955567240715,-0.18034732341766357,-0.041766200214624405,-0.22211351990699768,0.04956524819135666,0.0501926988363266,-0.22818289697170258,0.03162140026688576,-0.19656150043010712,0.044780388474464417,-0.004172387532889843,-0.2902829349040985,-0.002628604182973504,-0.2929115295410156,-0.023584110662341118,-0.05929195135831833,-0.3472677171230316,-0.03735392913222313,-0.38462164998054504,0.01477618794888258,-0.01065964624285698,-0.38135382533073425,-0.006715577095746994,-0.38806939125061035,-0.0884043499827385,-0.0582755021750927,-0.00987559650093317,-0.03671356663107872,-0.046589162200689316,-0.12424667179584503,-0.09923315048217773,0.23001588881015778,-0.06251688301563263,0.16749900579452515,0.03197070211172104,0.03462441265583038,0.25930705666542053,0.02181337960064411,0.2811204493045807,-0.046460025012493134,-0.02577824331820011,0.15713922679424286,-0.01624029316008091,0.1408989280462265,-0.07631869614124298,-0.08658972382545471,0.1327296793460846,-0.05455152690410614,0.07817815244197845
2.18,0.05,0.075,0.0,-0.027833327469288464,0.11764877869608203,0.5405377772686188,0.12496159970760345,0.6874423995614052,0.4112096796929836,0.28,0.13120967969298358,0.781053364276886,0.12421245872974396,0.8004936575889587,-0.13053104281425476,-0.05797427520155907,-0.16245165467262268,-0.03652379289269447,-0.19897544384002686,-0.09619463235139847,-0.07526528090238571,-0.1728138029575348,-0.04741712659597397,-0.22023093700408936,0.06938320398330688,0.055949851870536804,-0.21471962332725525,0.03524840623140335,-0.1794712245464325,-0.02471098117530346,-0.01033396553248167,-0.2750914394855499,-0.0065103983506560326,-0.28160184621810913,-0.0137687548995018,-0.04563499242067337,-0.3350888788700104,-0.028750045225024223,-0.36383891105651855,-0.019913624972105026,-0.013435840606689453,-0.37598830461502075,-0.008464579470455647,-0.3844528794288635,-0.09317447245121002,-0.0687451958656311,-0.030306827276945114,-0.043309472501277924,-0.07361629605293274,-0.10131839662790298,-0.09985872358083725,0.22597363591194153,-0.06291099637746811,0.16306263208389282,0.08432290703058243,0.049533963203430176,0.2756534814834595,0.031206397339701653,0.3068598806858063,-0.0008648578077554703,-0.01830422692000866,0.17769992351531982,-0.011531663127243519,0.16616825759410858,-0.0740540623664856,-0.08282902836799622,0.13716024160385132,-0.052182286977767944,0.08497795462608337
2.2,0.05,0.075,0.0,-0.023124221683199563,0.12035389651820072,0.5478343293429374,0.0948263555765152,0.6422395333647728,0.379567673355341,0.28,0.09956767335534095,0.7737987041473389,0.10196542739868164,0.7997373938560486,-0.042695485055446625,-0.05339064076542854,-0.16525423526763916,-0.03363610431551933,-0.1988903433084488,-0.012461953796446323,-0.05642428249120712,-0.1671445071697235,-0.035547297447919846,-0.20269180834293365,0.01250133104622364,0.04291529580950737,-0.20234769582748413,0.0270366370677948,-0.17531105875968933,-0.07407733798027039,-0.029456978663802147,-0.2598778307437897,-0.018557896837592125,-0.27843573689460754,-0.09320391714572906,-0.05990567058324814,-0.32178130745887756,-0.03774057328701019,-0.35952186584472656,0.007124773226678371,-0.007267656736075878,-0.3687397241592407,-0.004578623920679092,-0.3733183443546295,0.0391332171857357,-0.03638166934251785,-0.05136774107813835,-0.022920452058315277,-0.07428818941116333,-0.027678735554218292,-0.07820472866296768,0.21980364620685577,-0.04926897957921028,0.1705346703529358,0.022454053163528442,0.04140998795628548,0.29047948122024536,0.0260882917791605,0.3165677785873413,0.00825398601591587,-0.010336763225495815,0.19885189831256866,-0.006512160878628492,0.1923397332429886,-0.03155168890953064,-0.06744582206010818,0.14370878040790558,-0.04249086603522301,0.10121791064739227
2.22,0.05,0.075,0.0,-0.017958651298632094,0.12557707866341764,0.5508447320464211,0.032190077006816864,0.5482851155102253,0.31379958085715776,0.28,0.03379958085715773,0.7682889103889465,0.10060758143663406,0.7851098775863647,-0.09069579094648361,-0.06458218395709991,-0.17006050050258636,-0.040686774998903275,-0.21074727177619934,-0.029613927006721497,-0.048381172120571136,-0.16344404220581055,-0.030480138957500458,-0.1939241886138916,0.01637800596654415,0.03495410829782486,-0.1912953108549118,0.022021088749170303,-0.1692742258310318,0.03017421066761017,-0.011567620560526848,-0.2449226826429367,-0.007287601009011269,-0.2522102892398834,0.0009222235530614853,-0.041657302528619766,-0.307590514421463,-0.02624410018324852,-0.33383461833000183,0.01626771315932274,-0.00020704558119177818,-0.35974183678627014,-0.00013043871149420738,-0.3598722815513611,-0.09502502530813217,-0.05397467687726021,-0.07284370809793472,-0.03400404751300812,-0.10684775561094284,-0.0966658741235733,-0.08374307304620743,0.21156875789165497,-0.05275813490152359,0.15881061553955078,0.04419592767953873,0.0422457680106163,0.3036339581012726,0.026614833623170853,0.33024880290031433,-0.052116189152002335,-0.022870590910315514,0.22037963569164276,-0.014408471994102001,0.20597116649150848,-0.04444728046655655,-0.060546260327100754,0.15230855345726013,-0.03814414516091347,0.11416441202163696
2.24,0.05,0.075,0.0,-0.013950055928931195,0.12616200409699063,0.5408768977203656,0.08730620890855789,0.6309593133628368,0.3716715193539858,0.28,0.09167151935398576,0.7648787498474121,0.10632996261119843,0.7981159687042236,-0.12935009598731995,-0.08401255309581757,-0.1767817884683609,-0.052927907556295395,-0.2297096997499466,-0.08508403599262238,-0.05939203128218651,-0.16178062558174133,-0.0374169796705246,-0.19919760525226593,0.041133783757686615,0.036808013916015625,-0.1817663013935089,0.02318904921412468,-0.15857724845409393,-0.0560753270983696,-0.024919932708144188,-0.23050183057785034,-0.015699557960033417,-0.24620139598846436,-0.022476572543382645,-0.03590308502316475,-0.2927781641483307,-0.022618943825364113,-0.31539711356163025,-0.013445447199046612,-0.004178566392511129,-0.3491605222225189,-0.002632496878504753,-0.3517930209636688,-0.06249016523361206,-0.05652932450175285,-0.09451588988304138,-0.03561347350478172,-0.1301293671131134,-0.04823790490627289,-0.073091521859169,0.20135293900966644,-0.04604765772819519,0.15530528128147125,0.07269229739904404,0.0513797253370285,0.3149828016757965,0.0323692262172699,0.3473520278930664,0.04661786928772926,-0.002024051733314991,0.2420637309551239,-0.0012751525500789285,0.24078857898712158,-0.05412144213914871,-0.05861881375312805,0.16287192702293396,-0.03692985326051712,0.12594208121299744
2.2600000000000002,0.05,0.075,0.0,-0.009328337394494027,0.12651757441904346,0.5346707402931287,0.08770020306110382,0.6315503045916557,0.37208521321415905,0.28,0.09208521321415902,0.7638781666755676,0.08897373825311661,0.7998273372650146,-0.033189453184604645,-0.06876562535762787,-0.18529413640499115,-0.04332234337925911,-0.22861647605895996,-0.010139313526451588,-0.0446162149310112,-0.1621849536895752,-0.02810821495950222,-0.19029316306114197,0.0004490315914154053,0.02590031921863556,-0.17393642663955688,0.016317201778292656,-0.15761922299861908,-0.08663281053304672,-0.04343379661440849,-0.21688124537467957,-0.027363291010260582,-0.2442445307970047,-0.07762998342514038,-0.04842115193605423,-0.277617484331131,-0.03050532564520836,-0.30812281370162964,0.009263831190764904,-0.00014584697782993317,-0.33719098567962646,-9.188359399558976e-05,-0.33728286623954773,0.04372319206595421,-0.026453565806150436,-0.11616343259811401,-0.0166657455265522,-0.13282917439937592,-0.01385702844709158,-0.05532117187976837,0.18926025927066803,-0.03485233709216118,0.15440791845321655,0.028580591082572937,0.044539984315633774,0.32441043853759766,0.0280601903796196,0.35247063636779785,0.026522371917963028,0.006539875641465187,0.2636832296848297,0.004120121710002422,0.2678033411502838,-0.03112882934510708,-0.050371818244457245,0.1752912700176239,-0.031734246760606766,0.14355702698230743
2.2800000000000002,0.05,0.075,0.0,-0.00607022324631409,0.12579329437132933,0.5166034573759412,0.013005523011088371,0.5195082845166326,0.2936557991616428,0.28,0.013655799161642779,0.7655310034751892,0.08757880330085754,0.7955396175384521,-0.09133206307888031,-0.07553555816411972,-0.19544054567813873,-0.047587402164936066,-0.2430279552936554,-0.0294269397854805,-0.04005943238735199,-0.16464956104755402,-0.025237442925572395,-0.18988700211048126,-0.009143749251961708,0.015387097373604774,-0.1679501086473465,0.00969387125223875,-0.15825623273849487,0.001281970995478332,-0.030019065365195274,-0.20431214570999146,-0.01891201175749302,-0.22322416305541992,0.001087510958313942,-0.03356855362653732,-0.26238808035850525,-0.021148188039660454,-0.28353625535964966,0.024314597249031067,0.007192286662757397,-0.3240540027618408,0.004531140439212322,-0.3195228576660156,-0.07210299372673035,-0.04014839231967926,-0.1375657320022583,-0.025293486192822456,-0.1628592163324356,-0.060939986258745193,-0.05700681731104851,0.17541395127773285,-0.03591429442167282,0.13949966430664062,0.04456406831741333,0.04454720765352249,0.3318207561969757,0.02806474082171917,0.35988548398017883,-0.020949462428689003,-0.0017069261521100998,0.28501781821250916,-0.0010753634851425886,0.28394246101379395,-0.06038535386323929,-0.05337587743997574,0.18943999707698822,-0.033626802265644073,0.15581318736076355
2.3000000000000003,0.05,0.075,0.0,-0.002625564288817299,0.12463623741547397,0.49390785966664985,0.0668453574180603,0.6002680361270905,0.35018762528896336,0.28,0.07018762528896333,0.7699969410896301,0.09912499040365219,0.8137224912643433,-0.09318538755178452,-0.08083050698041916,-0.2070339024066925,-0.050923220813274384,-0.2579571306705475,-0.0863352119922638,-0.05394216626882553,-0.16912899911403656,-0.033983565866947174,-0.20311257243156433,0.024355294182896614,0.018077556043863297,-0.16391772031784058,0.011388860642910004,-0.15252885222434998,-0.09539211541414261,-0.04963098093867302,-0.1930263489484787,-0.03126751631498337,-0.22429385781288147,-0.025942068547010422,-0.03128060698509216,-0.2473708540201187,-0.019706781953573227,-0.26707762479782104,0.020681697875261307,0.011239109560847282,-0.3099918067455292,0.0070806387811899185,-0.3029111623764038,-0.050851836800575256,-0.0433594286441803,-0.1585046797990799,-0.027316439896821976,-0.18582111597061157,-0.03861504793167114,-0.05148928612470627,0.15995512902736664,-0.0324382483959198,0.12751688063144684,0.07794110476970673,0.05456537753343582,0.33713826537132263,0.03437618911266327,0.3715144395828247,0.06561453640460968,0.01848951354622841,0.305850088596344,0.011648393236100674,0.31749847531318665,-0.07455670833587646,-0.059730127453804016,0.20517393946647644,-0.037629980593919754,0.16754396259784698
2.32,0.05,0.075,0.0,-0.0017382464070186535,0.12214251956311654,0.4782037994131248,0.06251361221075058,0.5937704183161259,0.34563929282128814,0.28,0.06563929282128811,0.7773383259773254,0.09643582999706268,0.8201212882995605,-0.056932322680950165,-0.07366105169057846,-0.21986034512519836,-0.04640646278858185,-0.2662668228149414,-0.03941309452056885,-0.049583446234464645,-0.17554065585136414,-0.031237570568919182,-0.20677822828292847,-0.0056513212621212006,0.010958892293274403,-0.16191366314888,0.0069041019305586815,-0.15500956773757935,-0.10323347896337509,-0.06571172922849655,-0.18323199450969696,-0.041398387402296066,-0.22463038563728333,-0.048392727971076965,-0.036414243280887604,-0.23284277319908142,-0.022940972819924355,-0.25578373670578003,0.04101221263408661,0.020171040669083595,-0.29526379704475403,0.012707755900919437,-0.28255602717399597,0.03450145944952965,-0.020001161843538284,-0.17876692116260529,-0.012600732035934925,-0.19136765599250793,-0.016747217625379562,-0.04106666520237923,0.14304132759571075,-0.02587199956178665,0.1171693280339241,0.05731558799743652,0.05539043992757797,0.3403087258338928,0.03489597514271736,0.3752047121524811,0.02222711592912674,0.019610794261097908,0.3259677290916443,0.01235480047762394,0.3383225202560425,-0.06709736585617065,-0.06194030120968819,0.22233277559280396,-0.03902238979935646,0.1833103895187378
2.34,0.05,0.075,0.0,0.0012738495772669574,0.11901990361975096,0.4521247501895977,0.028836628422141075,0.5432549426332116,0.31027845984324814,0.28,0.030278459843248118,0.7875141501426697,0.09536184370517731,0.829567551612854,-0.057867661118507385,-0.06892303377389908,-0.23368333280086517,-0.043421510607004166,-0.27710485458374023,-0.06828971207141876,-0.05519532412290573,-0.18376626074314117,-0.03477305546402931,-0.2185393124818802,-0.033084750175476074,-0.0022542006336152554,-0.16197489202022552,-0.0014201464364305139,-0.16339503228664398,-0.03154832497239113,-0.055462706834077835,-0.17510974407196045,-0.03494150564074516,-0.2100512534379959,-0.022054200991988182,-0.03210622817277908,-0.21907177567481995,-0.020226923748850822,-0.23929870128631592,0.032080765813589096,0.02374395728111267,-0.2801416218280792,0.014958692714571953,-0.2651829421520233,-0.04409780353307724,-0.027230154722929,-0.19814597070217133,-0.01715499721467495,-0.21530096232891083,-0.030723541975021362,-0.03796372562646866,0.12484489381313324,-0.023917147889733315,0.10092774778604507,0.07045134902000427,0.05990871042013168,0.3412998914718628,0.0377424880862236,0.379042387008667,0.002666821703314781,0.01452760212123394,0.3451657295227051,0.009152389131486416,0.35431811213493347,-0.07800233364105225,-0.06675891578197479,0.24074162542819977,-0.04205811768770218,0.198683500289917
2.36,0.05,0.075,0.0,0.00400936440052808,0.1162678514359737,0.4256880721859086,0.03820100426673889,0.5573015064001083,0.3201110544800759,0.28,0.04011105448007585,0.8003823161125183,0.10249022394418716,0.8445001244544983,-0.053775638341903687,-0.06437881290912628,-0.2482479065656662,-0.040558651089668274,-0.2888065576553345,-0.07105647027492523,-0.05995366722345352,-0.1936541050672531,-0.03777081146836281,-0.23142491281032562,-0.017169302329421043,-0.006728731095790863,-0.1641002893447876,-0.004239100497215986,-0.16833938658237457,-0.11342078447341919,-0.07285013049840927,-0.16880939900875092,-0.04589558020234108,-0.2147049754858017,-0.045737020671367645,-0.03619546443223953,-0.20631186664104462,-0.02280314266681671,-0.22911500930786133,0.05625437572598457,0.03349708393216133,-0.2649041712284088,0.021103162318468094,-0.24380101263523102,0.011014703661203384,-0.015756696462631226,-0.21644432842731476,-0.009926718659698963,-0.22637104988098145,-0.017255419865250587,-0.03175123408436775,0.10555126518011093,-0.02000327780842781,0.08554798364639282,0.06341007351875305,0.060959119349718094,0.3401016294956207,0.03840424492955208,0.3785058856010437,0.0406377874314785,0.022360658273100853,0.3632484972476959,0.014087215065956116,0.37733572721481323,-0.09075261652469635,-0.07395702600479126,0.26021289825439453,-0.04659292474389076,0.21361997723579407
2.38,0.05,0.075,0.0,0.006457694769365676,0.11266929421709491,0.39813762026272786,0.011046702042222023,0.516570053063333,0.29159903714433316,0.28,0.011599037144333135,0.8157080411911011,0.09903397411108017,0.8598679304122925,-0.043489426374435425,-0.058111995458602905,-0.26328545808792114,-0.03661055862903595,-0.2998960018157959,-0.050964295864105225,-0.05725685507059097,-0.20502182841300964,-0.03607181832194328,-0.24109365046024323,-0.032342515885829926,-0.014412866905331612,-0.16825063526630402,-0.009080106392502785,-0.17733074724674225,-0.058702632784843445,-0.06860587745904922,-0.16444715857505798,-0.04322170093655586,-0.20766885578632355,-0.047795772552490234,-0.03967555612325668,-0.19479838013648987,-0.024995600804686546,-0.21979397535324097,0.04074985533952713,0.03567291796207428,-0.24983248114585876,0.022473938763141632,-0.22735854983329773,-0.012971480377018452,-0.01492113247513771,-0.23347553610801697,-0.009400313720107079,-0.2428758442401886,-0.004340659826993942,-0.02352806180715561,0.08535704761743546,-0.01482267864048481,0.0705343708395958,0.0693449079990387,0.0634748563170433,0.3367261588573456,0.039989158511161804,0.3767153024673462,0.021275494247674942,0.022035108879208565,0.3800317347049713,0.01388211827725172,0.3939138650894165,-0.06321736425161362,-0.07073512673377991,0.28054818511009216,-0.04456312954425812,0.23598505556583405
2.4,0.05,0.075,0.0,0.008612485251662057,0.1079049138041277,0.3653144946277509,0.005044745281338692,0.507567117922008,0.28529698254540564,0.28,0.005296982545405615,0.8331790566444397,0.10443861782550812,0.8757179379463196,-0.026416057720780373,-0.04860321432352066,-0.27851858735084534,-0.030620025470852852,-0.30913862586021423,-0.06172060966491699,-0.05859598144888878,-0.21765977144241333,-0.03691546618938446,-0.254575252532959,-0.02219829522073269,-0.016748495399951935,-0.17434939742088318,-0.010551552288234234,-0.18490095436573029,-0.12706945836544037,-0.08614495396614075,-0.16210348904132843,-0.05427132174372673,-0.21637481451034546,-0.0558389350771904,-0.04452456906437874,-0.18474365770816803,-0.028050478547811508,-0.21279413998126984,0.06516660004854202,0.0445210225880146,-0.2352045178413391,0.02804824337363243,-0.20715627074241638,0.04294997453689575,0.002440200187265873,-0.24906602501869202,0.0015373261412605643,-0.24752870202064514,0.011208880692720413,-0.013106978498399258,0.06446804106235504,-0.008257396519184113,0.05621064454317093,0.06235886737704277,0.06314005702733994,0.33120784163475037,0.03977823629975319,0.37098607420921326,0.03571644797921181,0.026139510795474052,0.3953443765640259,0.01646789163351059,0.41181227564811707,-0.07467512041330338,-0.07191712409257889,0.30154022574424744,-0.045307788997888565,0.25623244047164917
2.42,0.05,0.075,0.0,0.01093711877921187,0.10250996305021037,0.3312854447473906,-0.024780580773949623,0.46282912883907557,0.2539803901873529,0.28,0.026019609812647115,0.8524237275123596,0.0999908596277237,0.8938297033309937,-0.028676556423306465,-0.042625218629837036,-0.29366642236709595,-0.026853887364268303,-0.3205203115940094,-0.05087637901306152,-0.05628009885549545,-0.23133482038974762,-0.03545646369457245,-0.26679128408432007,-0.04673139750957489,-0.02574336528778076,-0.18228407204151154,-0.016218319535255432,-0.19850239157676697,-0.054414909332990646,-0.07662594318389893,-0.16182158887386322,-0.04827434569597244,-0.21009594202041626,-0.05591814965009689,-0.047942645847797394,-0.17633315920829773,-0.030203865841031075,-0.20653702318668365,0.04810468107461929,0.04559611901640892,-0.22129011154174805,0.028725555166602135,-0.19256456196308136,-0.012458951212465763,-0.002029545372352004,-0.2630569338798523,-0.0012786135775968432,-0.2643355429172516,0.008922459557652473,-0.006498147267848253,0.04309710115194321,-0.004093832802027464,0.039003267884254456,0.0716426894068718,0.06569084525108337,0.32360297441482544,0.0413852334022522,0.36498820781707764,0.009019739925861359,0.02100357972085476,0.4090304374694824,0.013232255354523659,0.42226269841194153,-0.05559530109167099,-0.06702058017253876,0.32297515869140625,-0.04222296550869942,0.28075218200683594
2.44,0.05,0.075,0.0,0.012949105767842103,0.09607524168224081,0.2923131937932893,-0.029034022241830826,0.45644896663725376,0.24951427664607767,0.28,0.030485723353922356,0.8730297088623047,0.10600220412015915,0.9115675687789917,-0.023743005469441414,-0.036960553377866745,-0.30844953656196594,-0.023285148665308952,-0.33173468708992004,-0.05194316804409027,-0.05497901886701584,-0.24579478800296783,-0.03463678061962128,-0.2804315686225891,-0.02655060403048992,-0.025985538959503174,-0.1919083446264267,-0.01637088879942894,-0.20827923715114594,-0.12819187343120575,-0.09209572523832321,-0.1636066734790802,-0.05802030488848686,-0.22162698209285736,-0.061181798577308655,-0.05191439390182495,-0.16972199082374573,-0.032706066966056824,-0.20242805778980255,0.07658035308122635,0.05489138886332512,-0.20834586024284363,0.03458157554268837,-0.17376428842544556,0.04178306832909584,0.011114239692687988,-0.27530568838119507,0.007001970894634724,-0.2683037221431732,0.016105394810438156,0.00028291577473282814,0.02146201767027378,0.0001782369363354519,0.02164025418460369,0.06612618267536163,0.06582144647836685,0.3139890432357788,0.04146751016378403,0.35545656085014343,0.015287593007087708,0.01928878389298916,0.42095041275024414,0.012151934206485748,0.4331023395061493,-0.06037849187850952,-0.06502795219421387,0.3446345031261444,-0.040967609733343124,0.303666889667511
2.46,0.05,0.075,0.0,0.014541412862216352,0.08923147799232649,0.2527731978794841,-0.0505765900015831,0.42413511499762535,0.22689458049833777,0.28,0.053105419501662254,0.8945624828338623,0.10114902257919312,0.9307293891906738,-0.03055688366293907,-0.03503945469856262,-0.3225952684879303,-0.022074855864048004,-0.3446701169013977,-0.03281331807374954,-0.04832930862903595,-0.2607729732990265,-0.03044746443629265,-0.29122042655944824,-0.04445023089647293,-0.03152494877576828,-0.20304468274116516,-0.01986071839928627,-0.22290539741516113,-0.06691361218690872,-0.08454108983278275,-0.16742582619190216,-0.053260885179042816,-0.22068670392036438,-0.06812720000743866,-0.05677823722362518,-0.16503210365772247,-0.03577028959989548,-0.20080238580703735,0.05472191050648689,0.05484054237604141,-0.19661051034927368,0.034549541771411896,-0.16206097602844238,0.0037366971373558044,0.008900976739823818,-0.28568747639656067,0.005607615225017071,-0.2800798714160919,0.01915707439184189,0.005945163778960705,-0.0002167413040297106,0.0037454531993716955,0.0035287118516862392,0.06875909864902496,0.06670273840427399,0.30246397852897644,0.04202272370457649,0.34448671340942383,-0.01213185302913189,0.009862592443823814,0.4309828579425812,0.006213433109223843,0.437196284532547,-0.03626149147748947,-0.05639801174402237,0.36629754304885864,-0.03553074598312378,0.33076679706573486
2.48,0.05,0.075,0.0,0.01576097956392963,0.0815368003089315,0.21281458078346116,-0.05693995952606201,0.414590060710907,0.2202130424976349,0.28,0.05978695750236512,0.9165816903114319,0.10586056113243103,0.950860321521759,0.004132161848247051,-0.023287970572710037,-0.33584269881248474,-0.014671421609818935,-0.35051411390304565,-0.04396786540746689,-0.04702087491750717,-0.27599310874938965,-0.02962315082550049,-0.30561625957489014,-0.02529611997306347,-0.029656298458576202,-0.21548770368099213,-0.01868346706032753,-0.23417116701602936,-0.11971085518598557,-0.09509202092885971,-0.17320860922336578,-0.05990797281265259,-0.23311658203601837,-0.06257762014865875,-0.058518052101135254,-0.16234998404979706,-0.03686637431383133,-0.19921636581420898,0.08026611804962158,0.06246821582317352,-0.18630051612854004,0.03935497626662254,-0.1469455361366272,0.04156394302845001,0.01869986765086651,-0.2940964996814728,0.011780916713178158,-0.28231558203697205,0.034000836312770844,0.014361865818500519,-0.021718256175518036,0.00904797576367855,-0.012670280411839485,0.07600946724414825,0.06949475407600403,0.28914523124694824,0.043781694024801254,0.3329269289970398,0.023195408284664154,0.013862437568604946,0.43902552127838135,0.008733335882425308,0.44775885343551636,-0.040173500776290894,-0.051530659198760986,0.3877435624599457,-0.03246431425213814,0.35527923703193665
2.5,0.05,0.075,0.0,0.016403005286459594,0.07339803494749564,0.1725665641455348,-0.08006049692630768,0.3799092546105385,0.19593647822737698,0.28,0.08406352177262305,0.938654363155365,0.10247548669576645,0.9681583642959595,-0.0009477902203798294,-0.01658591628074646,-0.3479475677013397,-0.010449127294123173,-0.3583967089653015,-0.03825590759515762,-0.044391386210918427,-0.2911744713783264,-0.02796657383441925,-0.3191410303115845,-0.06328438967466354,-0.039744727313518524,-0.22900789976119995,-0.025039177387952805,-0.25404706597328186,-0.05623891204595566,-0.08343608677387238,-0.18084834516048431,-0.05256473273038864,-0.23341307044029236,-0.0671662837266922,-0.06111252307891846,-0.16172510385513306,-0.038500890135765076,-0.20022599399089813,0.059068914502859116,0.06144842505455017,-0.1776060163974762,0.0387125089764595,-0.1388935148715973,0.03862304985523224,0.024676822125911713,-0.300447016954422,0.015546398237347603,-0.28490060567855835,0.029275625944137573,0.018835995346307755,-0.042823418974876404,0.01186667662113905,-0.03095674142241478,0.07772117853164673,0.07196268439292908,0.27416855096817017,0.045336492359638214,0.3195050358772278,-0.022801034152507782,0.002863395493477583,0.4449964165687561,0.0018039391143247485,0.4468003511428833,-0.029204705730080605,-0.044832874089479446,0.4087539613246918,-0.028244709596037865,0.38050925731658936
2.52,0.05,0.075,0.0,0.016063841165699384,0.0614426416712082,0.10499954766607426,-0.09413846582174301,0.3587923012673855,0.1811546108871699,0.28,0.09884538911283014,0.9603659510612488,0.0988020971417427,0.9874828457832336,-0.006466238293796778,-0.01355001237243414,-0.35868653655052185,-0.00853650737553835,-0.3672230541706085,-0.016305221244692802,-0.035965535789728165,-0.3060370981693268,-0.02265828661620617,-0.3286953866481781,-0.04980851709842682,-0.04276386275887489,-0.24335592985153198,-0.02694123424589634,-0.27029716968536377,-0.046983230859041214,-0.07250022888183594,-0.19020414352416992,-0.04567514359951019,-0.23587928712368011,-0.08843588829040527,-0.0693095326423645,-0.1631689816713333,-0.04366500675678253,-0.20683398842811584,0.05775802209973335,0.060341306030750275,-0.17068739235401154,0.03801502287387848,-0.13267236948013306,0.027111653238534927,0.025407269597053528,-0.3046743869781494,0.016006579622626305,-0.28866779804229736,0.026287291198968887,0.021071385592222214,-0.06331715732812881,0.013274973258376122,-0.050042182207107544,0.07022283971309662,0.07144072651863098,0.2576865553855896,0.04500765725970268,0.3026942014694214,-0.008235023356974125,-0.00046613020822405815,0.44883474707603455,-0.0002936620148830116,0.4485410749912262,-0.019874876365065575,-0.03734547644853592,0.4291146695613861,-0.02352765016257763,0.40558701753616333
2.54,0.05,0.075,0.0,0.01434479737768096,0.05012552064991908,0.04171205469793667,-0.08238045126199722,0.37642932310700417,0.19350052617490293,0.28,0.0864994738250971,0.9813278913497925,0.09957408159971237,1.0042003393173218,-0.0001485501416027546,-0.009529572911560535,-0.3678615987300873,-0.006003630813211203,-0.3738652169704437,-0.017981356009840965,-0.03057028166949749,-0.32030683755874634,-0.01925927773118019,-0.33956611156463623,-0.048847973346710205,-0.0445890948176384,-0.2582671344280243,-0.028091128915548325,-0.2863582670688629,-0.06902321428060532,-0.07145712524652481,-0.20110344886779785,-0.04501798748970032,-0.24612143635749817,-0.08160901814699173,-0.07299938052892685,-0.16665500402450562,-0.04598961025476456,-0.21264460682868958,0.029844995588064194,0.05119241029024124,-0.16567222774028778,0.03225121647119522,-0.13342100381851196,0.08678549528121948,0.043820738792419434,-0.30673548579216003,0.027607064694166183,-0.27912843227386475,0.029699869453907013,0.023659929633140564,-0.0829906240105629,0.014905755408108234,-0.06808486580848694,0.07596214860677719,0.07279715687036514,0.2398672103881836,0.04586220905184746,0.28572940826416016,-0.011908473446965218,-0.0038988334126770496,0.45050138235092163,-0.0024562650360167027,0.44804510474205017,-0.024275103583931923,-0.033424366265535355,0.44861820340156555,-0.02105735056102276,0.42756086587905884
2.56,0.05,0.075,0.0,0.011983112121205494,0.03744485028134797,-0.022377154224746103,-0.10863316804170609,0.33705024793744087,0.16593517355620863,0.28,0.1140648264437914,1.0011837482452393,0.10206524282693863,1.024195671081543,-0.001363500952720642,-0.00707975123077631,-0.3753035068511963,-0.004460243042558432,-0.37976375222206116,-0.02677139826118946,-0.02943061664700508,-0.33372050523757935,-0.018541287630796432,-0.3522617816925049,-0.026496460661292076,-0.03916130214929581,-0.2734665274620056,-0.02467161975800991,-0.2981381416320801,-0.10120844841003418,-0.08038252592086792,-0.2133452445268631,-0.05064098909497261,-0.2639862298965454,-0.06708978116512299,-0.07122649997472763,-0.17211885750293732,-0.044872693717479706,-0.21699154376983643,0.07709542661905289,0.058963313698768616,-0.16265302896499634,0.03714688867330551,-0.12550613284111023,0.019846370443701744,0.03662842884659767,-0.3066093325614929,0.023075910285115242,-0.2835334241390228,0.02803749218583107,0.024973198771476746,-0.10164334625005722,0.01573311537504196,-0.08591023087501526,0.08362112939357758,0.07604435086250305,0.22089208662509918,0.04790794104337692,0.2688000202178955,-0.009359101764857769,-0.005536913871765137,0.44997933506965637,-0.00348825566470623,0.4464910924434662,-0.027780259028077126,-0.03173113614320755,0.4670657813549042,-0.01999061554670334,0.44707515835762024
2.58,0.05,0.075,0.0,0.00898006086529696,0.026618170399408284,-0.06578466786667558,-0.1170920878648758,0.3243618682026863,0.15705330774188045,0.28,0.12294669225811958,1.0196125507354736,0.10091773420572281,1.039551854133606,0.03432900458574295,0.005342876072973013,-0.38087502121925354,0.003366011893376708,-0.3775089979171753,-0.011926292441785336,-0.02417931891977787,-0.34603071212768555,-0.01523297093808651,-0.3612636923789978,-0.014375345781445503,-0.03172551468014717,-0.2886737585067749,-0.01998707465827465,-0.3086608350276947,-0.08213590085506439,-0.08090853691101074,-0.2267037332057953,-0.05097237601876259,-0.2776761054992676,-0.07993721961975098,-0.0738397166132927,-0.17945978045463562,-0.046519022434949875,-0.2259788066148758,0.05470674857497215,0.05768634378910065,-0.16168548166751862,0.03634239733219147,-0.12534308433532715,0.060934677720069885,0.04392030090093613,-0.30429720878601074,0.027669789269566536,-0.27662742137908936,0.04432773217558861,0.030779559165239334,-0.11908523738384247,0.019391121342778206,-0.09969411790370941,0.06529376655817032,0.07281917333602905,0.20095454156398773,0.04587607830762863,0.24683061242103577,0.015435587614774704,0.0007548367138952017,0.44727393984794617,0.0004755471309181303,0.4477494955062866,-0.0030144518241286278,-0.023116130381822586,0.4842694401741028,-0.014563161879777908,0.469706267118454
2.6,0.05,0.075,0.0,0.006230700185493388,0.018914194767633903,-0.10147925426209436,-0.12931136786937714,0.3060329481959343,0.14422306373715404,0.28,0.13577693626284598,1.036331295967102,0.1032506600022316,1.050745964050293,0.02528039924800396,0.011324133723974228,-0.38447335362434387,0.007134204264730215,-0.3773391544818878,-0.01126324012875557,-0.020304495468735695,-0.3570104241371155,-0.012791831977665424,-0.3698022663593292,-0.030255427584052086,-0.03128448873758316,-0.30360835790634155,-0.019709227606654167,-0.32331758737564087,-0.08829779177904129,-0.08312531560659409,-0.24093253910541534,-0.052368950098752975,-0.2933014929294586,-0.06595028936862946,-0.0714728832244873,-0.18854238092899323,-0.04502791538834572,-0.23357029259204865,0.04534151032567024,0.053982894867658615,-0.16278743743896484,0.03400922194123268,-0.12877821922302246,0.08462537080049515,0.05613182485103607,-0.2998226583003998,0.03536304831504822,-0.26445960998535156,0.03933544456958771,0.033346325159072876,-0.13513855636119843,0.021008184179663658,-0.11413037031888962,0.0804319754242897,0.07510301470756531,0.18025776743888855,0.04731489717960358,0.22757266461849213,-0.026543352752923965,-0.007434620521962643,0.44241270422935486,-0.004683810751885176,0.4377288818359375,-0.016760725528001785,-0.021209508180618286,0.500053882598877,-0.013361990451812744,0.4866918921470642
2.62,0.05,0.075,0.0,0.001856899840114697,0.00974350036824588,-0.15150114779191615,-0.13904976844787598,0.29142534732818604,0.13399774312973026,0.28,0.14600225687026977,1.0510956048965454,0.10220178961753845,1.063603401184082,0.022848816588521004,0.014781538397073746,-0.3860321640968323,0.009312368929386139,-0.37671980261802673,-0.014845418743789196,-0.018666772171854973,-0.36645710468292236,-0.011760066263377666,-0.3782171607017517,-0.022558240219950676,-0.02866661362349987,-0.3179948627948761,-0.01805996708571911,-0.33605483174324036,-0.0869477316737175,-0.08427204191684723,-0.2557692527770996,-0.0530913844704628,-0.3088606297969818,-0.062251895666122437,-0.06870658695697784,-0.1991991251707077,-0.043285150080919266,-0.24248427152633667,0.06495048850774765,0.057273171842098236,-0.16593855619430542,0.03608209639787674,-0.12985646724700928,0.03938637673854828,0.051108188927173615,-0.2932312786579132,0.03219815716147423,-0.2610331177711487,0.036902278661727905,0.034413110464811325,-0.14963971078395844,0.021680260077118874,-0.1279594451189041,0.07274508476257324,0.07439563423395157,0.15901267528533936,0.046869248151779175,0.20588192343711853,-0.028606751933693886,-0.013786260038614273,0.43544524908065796,-0.008685343898832798,0.42675989866256714,-0.008685750886797905,-0.017452381551265717,0.5142582058906555,-0.01099500060081482,0.5032632350921631
2.64,0.05,0.075,0.0,-0.0030245916868657896,0.002830249488707227,-0.19342714346950776,-0.15411408245563507,0.2688288763165474,0.11818021342158322,0.28,0.1618197865784168,1.0637000799179077,0.09597275406122208,1.0709168910980225,0.023070229217410088,0.017268145456910133,-0.38552266359329224,0.010878931730985641,-0.3746437430381775,0.004213511012494564,-0.01180268730968237,-0.37419652938842773,-0.007435692939907312,-0.3816322088241577,-0.02780950628221035,-0.028409481048583984,-0.3315679728984833,-0.017897972837090492,-0.349465936422348,-0.030253775417804718,-0.0680665671825409,-0.2709401845932007,-0.042881935834884644,-0.3138221204280853,-0.07231459766626358,-0.06978899240493774,-0.2112334817647934,-0.04396706447005272,-0.2552005350589752,0.028737857937812805,0.04871257767081261,-0.17108072340488434,0.030688922852277756,-0.14039179682731628,0.07684820890426636,0.05883019417524338,-0.2845902740955353,0.03706302121281624,-0.24752725660800934,0.0378388948738575,0.035440847277641296,-0.1624409407377243,0.022327734157443047,-0.1401132047176361,0.05944985896348953,0.0699118971824646,0.13743574917316437,0.04404449462890625,0.18148024380207062,-0.02836216613650322,-0.018159031867980957,0.42644253373146057,-0.011440189555287361,0.41500234603881836,-0.0002708788961172104,-0.01229793019592762,0.5267376899719238,-0.007747695781290531,0.5189899802207947
2.66,0.05,0.075,0.0,-0.013138639711373546,-0.004592541996228088,-0.2178415904700959,-0.16467463970184326,0.2529880404472351,0.10709162831306462,0.28,0.1729083716869354,1.0739778280258179,0.08792567253112793,1.0770395994186401,0.032208554446697235,0.02175026759505272,-0.38295429944992065,0.013702668249607086,-0.36925163865089417,0.013546893373131752,-0.0041978126391768456,-0.3800859749317169,-0.0026446219999343157,-0.3827306032180786,-0.03303895145654678,-0.029798323288559914,-0.34407728910446167,-0.018772942945361137,-0.36285021901130676,-0.0012442517327144742,-0.04801987111568451,-0.2861655652523041,-0.030252518132328987,-0.3164180815219879,-0.07303018867969513,-0.07076135277748108,-0.22442349791526794,-0.044579651206731796,-0.26900315284729004,0.01486580166965723,0.03855854272842407,-0.17811910808086395,0.024291882291436195,-0.1538272202014923,0.05777363106608391,0.05851322412490845,-0.27398765087127686,0.036863330751657486,-0.23712432384490967,0.042311832308769226,0.037502143532037735,-0.1734117716550827,0.02362634986639023,-0.14978542923927307,0.04927060008049011,0.06371951103210449,0.1157468780875206,0.040143292397260666,0.15589016675949097,-0.019575729966163635,-0.01858404092490673,0.4154963195323944,-0.011707945726811886,0.40378838777542114,0.002019532024860382,-0.008002690970897675,0.5373651385307312,-0.005041695199906826,0.53232342004776
2.68,0.05,0.075,0.0,-0.018579669197550986,-0.008310943021394122,-0.2228341328816903,-0.1684960275888443,0.24725595861673355,0.10307917103171352,0.28,0.1769208289682865,1.0817984342575073,0.08356869220733643,1.0848861932754517,0.04148842394351959,0.02767171338200569,-0.3783744275569916,0.017433179542422295,-0.3609412610530853,-0.004902363289147615,-0.00440917769446969,-0.38401681184768677,-0.0027777820359915495,-0.3867945969104767,-0.017526032403111458,-0.026116635650396347,-0.3552921414375305,-0.01645348034799099,-0.37174561619758606,-0.031068749725818634,-0.04293453320860863,-0.30116456747055054,-0.027048755437135696,-0.32821333408355713,-0.06473635137081146,-0.06895385682582855,-0.2385258674621582,-0.04344093054533005,-0.28196680545806885,0.0330222062766552,0.03689764440059662,-0.18692389130592346,0.023245515301823616,-0.163678377866745,0.0372571162879467,0.052136391401290894,-0.2615315020084381,0.03284592553973198,-0.22868557274341583,0.045479681342840195,0.03989540413022041,-0.18244042992591858,0.02513410523533821,-0.15730632841587067,0.05445944145321846,0.060941487550735474,0.0941670835018158,0.038393136113882065,0.13256022334098816,0.01400831714272499,-0.00880633294582367,0.40271812677383423,-0.005547989625483751,0.39717012643814087,-0.008760256692767143,-0.008229960687458515,0.5460323095321655,-0.005184875335544348,0.5408474206924438
2.7,0.05,0.075,0.0,-0.022311260456490963,-0.008687172956853458,-0.2153885034460276,-0.16310127079486847,0.2553480938076973,0.10874366566538815,0.28,0.17125633433461188,1.087066888809204,0.08650889992713928,1.086909294128418,0.04933682829141617,0.034171245992183685,-0.37186747789382935,0.021527884528040886,-0.3503395915031433,0.005017249844968319,-0.0015812494093552232,-0.385916531085968,-0.0009961870964616537,-0.3869127035140991,-0.0028704050928354263,-0.019142765551805496,-0.36500564217567444,-0.01205994188785553,-0.37706559896469116,-0.0484020933508873,-0.0445748008787632,-0.3156605660915375,-0.028082124888896942,-0.343742698431015,-0.07617180049419403,-0.07111924141645432,-0.25328052043914795,-0.044805120676755905,-0.29808562994003296,0.023266781121492386,0.03280838578939438,-0.19733268022537231,0.020669283345341682,-0.17666339874267578,0.08266255259513855,0.06129424273967743,-0.24734872579574585,0.03861537203192711,-0.20873335003852844,0.0325692743062973,0.03769756481051445,-0.18943488597869873,0.023749465122818947,-0.16568541526794434,0.06442611664533615,0.061986878514289856,0.07291626185178757,0.039051733911037445,0.11196799576282501,-0.009091787971556187,-0.008891969919204712,0.38823816180229187,-0.005601941142231226,0.3826362192630768,-0.013829505071043968,-0.009909823536872864,0.5526508688926697,-0.006243188865482807,0.5464076995849609
2.72,0.05,0.075,0.0,-0.02621545902065503,-0.009174253109524922,-0.20624565377446197,-0.14243774116039276,0.28634338825941086,0.13044037178158763,0.28,0.1495596282184124,1.089721918106079,0.08453300595283508,1.0861209630966187,0.05578819662332535,0.040656328201293945,-0.363553524017334,0.025613486766815186,-0.3379400372505188,0.02117806114256382,0.005246544256806374,-0.3857501149177551,0.0033053229562938213,-0.3824447989463806,-0.004943300038576126,-0.014882925897836685,-0.3730386793613434,-0.009376243688166142,-0.38241493701934814,-0.026218388229608536,-0.03906787931919098,-0.3293861746788025,-0.02461276389658451,-0.35399892926216125,-0.08209733664989471,-0.07441267371177673,-0.26841533184051514,-0.04687998443841934,-0.3152953088283539,0.004172763787209988,0.024217698723077774,-0.20915350317955017,0.015257149934768677,-0.1938963532447815,0.05818530544638634,0.06036156043410301,-0.2315838783979416,0.03802778199315071,-0.19355610013008118,0.021825745701789856,0.03293601796030998,-0.19432388246059418,0.020749691873788834,-0.17357419431209564,0.048115894198417664,0.05782558396458626,0.052210982888936996,0.03643011674284935,0.08864109963178635,-0.03858273848891258,-0.017799200490117073,0.3722040355205536,-0.011213496327400208,0.3609905242919922,-0.0033744629472494125,-0.007949215359985828,0.5571532845497131,-0.005008005537092686,0.5521453022956848
2.74,0.05,0.075,0.0,-0.02969718968133871,-0.009038460291618486,-0.19920102795984992,-0.1587861180305481,0.26182082295417786,0.11327457606792454,0.28,0.16672542393207548,1.0897328853607178,0.07927338778972626,1.0859943628311157,0.03280925750732422,0.03830220550298691,-0.3535858690738678,0.024130389094352722,-0.32945549488067627,0.006163120269775391,0.005521517246961594,-0.38352060317993164,0.00347855594009161,-0.38004204630851746,0.008142910897731781,-0.00797517504543066,-0.3792431056499481,-0.005024360027164221,-0.3842674791812897,-0.035715796053409576,-0.03806225210428238,-0.3420882821083069,-0.023979218676686287,-0.366067498922348,-0.06593427807092667,-0.07186915725469589,-0.2836511433124542,-0.04527756944298744,-0.32892870903015137,0.01589639112353325,0.021721305325627327,-0.22216834127902985,0.013684422709047794,-0.20848391950130463,0.03507038578391075,0.052774205803871155,-0.214397594332695,0.033247750252485275,-0.18114984035491943,0.021416068077087402,0.02948003262281418,-0.1970575749874115,0.01857241988182068,-0.17848515510559082,0.04943006485700607,0.05530693009495735,0.03226223960518837,0.03484336659312248,0.06710560619831085,-0.024564363062381744,-0.01982874982059002,0.35477912425994873,-0.012492111884057522,0.34228700399398804,-0.011318663135170937,-0.008960049599409103,0.5594937801361084,-0.005644831340759993,0.553848922252655
2.7600000000000002,0.05,0.075,0.0,-0.0328488907711696,-0.008155599766743571,-0.18582787705464776,-0.15657655894756317,0.26513516157865524,0.1155946131050587,0.28,0.16440538689494133,1.0870983600616455,0.0765836089849472,1.0848150253295898,0.032564617693424225,0.036580927670001984,-0.3421483635902405,0.023045985028147697,-0.31910237669944763,-0.024334529414772987,-0.0034352971706539392,-0.3792691230773926,-0.0021642372012138367,-0.381433367729187,0.026370005682110786,0.002328380011022091,-0.3835044503211975,0.0014668793883174658,-0.38203758001327515,-0.07419898360967636,-0.048903271555900574,-0.3535325825214386,-0.030809061601758003,-0.38434165716171265,-0.044548504054546356,-0.06367295980453491,-0.29870694875717163,-0.040113963186740875,-0.3388209044933319,0.05057151988148689,0.0303763709962368,-0.23613713681697845,0.01913711428642273,-0.21700002253055573,0.016481801867485046,0.04188648238778114,-0.1959650218486786,0.026388483121991158,-0.16957654058933258,0.01869896426796913,0.026245711371302605,-0.1976081281900406,0.016534797847270966,-0.18107333779335022,0.058070648461580276,0.05613604933023453,0.013273315504193306,0.03536571189761162,0.04863902926445007,-0.010686577297747135,-0.017086097970604897,0.3361409604549408,-0.010764241218566895,0.3253767192363739,-0.022137463092803955,-0.012913273647427559,0.5596484541893005,-0.008135362528264523,0.5515130758285522
2.7800000000000002,0.05,0.075,0.0,-0.035266054058383726,-0.006733308475525206,-0.1708873651038925,-0.14500102400779724,0.28249846398830414,0.12774892479181293,0.28,0.1522510752081871,1.0818428993225098,0.07867193222045898,1.0776952505111694,0.056122787296772,0.04244348406791687,-0.32945194840431213,0.026739394292235374,-0.3027125597000122,-0.004130445420742035,-0.0036438414826989174,-0.37307411432266235,-0.0022956200409680605,-0.37536972761154175,0.03510606288909912,0.012161685153841972,-0.3857441246509552,0.00766186136752367,-0.378082275390625,-0.0600605346262455,-0.0522504523396492,-0.363508015871048,-0.03291778638958931,-0.3964258134365082,-0.061143070459365845,-0.06291399151086807,-0.3133050501346588,-0.03963581472635269,-0.3529408574104309,0.026192180812358856,0.029121113941073418,-0.25080227851867676,0.018346302211284637,-0.23245596885681152,0.04952817037701607,0.04417898878455162,-0.17647399008274078,0.027832763269543648,-0.14864122867584229,0.025936760008335114,0.026153026148676872,-0.19596993923187256,0.016476405784487724,-0.17949353158473969,0.05305839329957962,0.055212751030921936,-0.004562279675155878,0.03478403389453888,0.03022175468504429,0.00089983269572258,-0.011690318584442139,0.31647950410842896,-0.007364900782704353,0.30911460518836975,-0.025066545233130455,-0.016559254378080368,0.5576157569885254,-0.010432329960167408,0.5471834540367126
2.8000000000000003,0.05,0.075,0.0,-0.03751154560757716,-0.004474007276591082,-0.15037355300645866,-0.12387916445732117,0.31418125331401825,0.1499268773198128,0.28,0.13007312268018723,1.074015736579895,0.07946940511465073,1.0702699422836304,0.0598931685090065,0.0476783886551857,-0.3157307803630829,0.03003738448023796,-0.2856934070587158,0.008664503693580627,4.866207018494606e-05,-0.365049809217453,3.065710552618839e-05,-0.36501914262771606,0.042475488036870956,0.021255826577544212,-0.38592082262039185,0.013391170650720596,-0.37252965569496155,-0.06617911905050278,-0.05642905458807945,-0.3718305826187134,-0.035550303757190704,-0.4073808789253235,-0.06837086379528046,-0.06455105543136597,-0.3271762430667877,-0.04066716507077217,-0.3678434193134308,0.016277790069580078,0.02526811696588993,-0.26589325070381165,0.01591891422867775,-0.2499743402004242,0.03048958256840706,0.04007216542959213,-0.1561231166124344,0.025245463475584984,-0.13087765872478485,0.017170347273349762,0.023458221927285194,-0.19215966761112213,0.014778679236769676,-0.1773809939622879,0.044164448976516724,0.05189825966954231,-0.02106279321014881,0.03269590437412262,0.011633111163973808,-0.007603705860674381,-0.010464334860444069,0.2959951162338257,-0.006592530757188797,0.289402574300766,-0.012806344777345657,-0.015433382242918015,0.55341637134552,-0.009723030962049961,0.5436933636665344
2.82,0.05,0.075,0.0,-0.039070004950961315,-0.003509036322021252,-0.14200943452755985,-0.13725504279136658,0.29411743581295013,0.13588220506906512,0.28,0.1441177949309349,1.063688039779663,0.07707129418849945,1.058867335319519,0.05093563348054886,0.04865556210279465,-0.30123797059059143,0.030653003603219986,-0.27058497071266174,9.878026321530342e-05,6.369753100443631e-05,-0.3553442060947418,4.0129445551428944e-05,-0.3553040623664856,0.04096809774637222,0.02716950885951519,-0.3840312957763672,0.017116790637373924,-0.3669145107269287,-0.04629126191139221,-0.05338771641254425,-0.3783468008041382,-0.033634260296821594,-0.4119810461997986,-0.05707346647977829,-0.062307778745889664,-0.34006467461586,-0.039253901690244675,-0.37931856513023376,0.012275638990104198,0.02137037366628647,-0.2811317443847656,0.013463335111737251,-0.26766839623451233,0.02643785998225212,0.03598187491297722,-0.13511981070041656,0.02266858145594597,-0.1124512255191803,0.008563950657844543,0.018989941105246544,-0.18621616065502167,0.011963662691414356,-0.1742524951696396,0.047033630311489105,0.05043886974453926,-0.03606007620692253,0.031776487827301025,-0.004283588379621506,-0.023107346147298813,-0.014257238246500492,0.2748965620994568,-0.008982060477137566,0.2659144997596741,-0.01861218735575676,-0.01638702303171158,0.5470930933952332,-0.010323824360966682,0.5367692708969116
2.84,0.05,0.075,0.0,-0.041427162316166014,-0.0006564628571711197,-0.12199492932970234,-0.12035875022411346,0.3194618746638298,0.1536233122646809,0.28,0.12637668773531913,1.0509511232376099,0.07589979469776154,1.0447520017623901,0.05634193867444992,0.05096147209405899,-0.2862407863140106,0.03210572898387909,-0.2541350722312927,-0.014506693929433823,-0.004307419992983341,-0.3441363275051117,-0.0027136746793985367,-0.3468500077724457,0.04995349794626236,0.034004706889390945,-0.38011038303375244,0.021422965452075005,-0.3586874306201935,-0.05417302995920181,-0.05362331122159958,-0.3829364776611328,-0.03378268703818321,-0.4167191684246063,-0.04609822481870651,-0.05744491517543793,-0.35173264145851135,-0.036190297454595566,-0.3879229426383972,0.02560139074921608,0.022639678791165352,-0.29623672366142273,0.014262997545301914,-0.2819737195968628,0.004551664926111698,0.02655281126499176,-0.11367807537317276,0.016728270798921585,-0.09694980084896088,0.005526270717382431,0.014950839802622795,-0.17820000648498535,0.009419028647243977,-0.16878098249435425,0.047291647642850876,0.049494706094264984,-0.04940129816532135,0.031181665137410164,-0.018219633027911186,-0.02561333030462265,-0.017664065584540367,0.2533988058567047,-0.011128361336886883,0.24227043986320496,-0.025379689410328865,-0.01908482238650322,0.538710355758667,-0.012023437768220901,0.5266869068145752
2.86,0.05,0.075,0.0,-0.043394254170983915,0.004534035377970911,-0.09036128703693111,-0.11187686771154404,0.33218469843268394,0.1625292889028788,0.28,0.11747071109712123,1.0359145402908325,0.07218743860721588,1.02824068069458,0.04096738249063492,0.04796324670314789,-0.27101582288742065,0.030216844752430916,-0.2407989799976349,-0.005880285054445267,-0.0047792792320251465,-0.3316328525543213,-0.003010945860296488,-0.33464381098747253,0.05271381884813309,0.03961744159460068,-0.37423041462898254,0.024958988651633263,-0.34927141666412354,-0.035569433122873306,-0.04820714518427849,-0.3855149745941162,-0.030370501801371574,-0.41588547825813293,-0.048621468245983124,-0.054797880351543427,-0.3619649112224579,-0.03452266380190849,-0.3964875638484955,-0.00012492388486862183,0.015810297802090645,-0.3109295666217804,0.009960487484931946,-0.30096906423568726,0.019705891609191895,0.02449873462319374,-0.09201642870903015,0.01543420273810625,-0.07658222317695618,-0.0018358230590820312,0.009914840571582317,-0.16819284856319427,0.006246349308639765,-0.16194650530815125,0.03594055026769638,0.04542846232652664,-0.06095051020383835,0.028619930148124695,-0.032330580055713654,-0.0008959751576185226,-0.012633638456463814,0.2317209243774414,-0.007959192618727684,0.22376173734664917,-0.04601728916168213,-0.027164563536643982,0.5283536314964294,-0.01711367443203926,0.5112399458885193
2.88,0.05,0.075,0.0,-0.04527874577734709,0.008130371580942668,-0.06653413029901235,-0.10376843065023422,0.34434735402464867,0.1710431478172541,0.28,0.10895685218274592,1.0187056064605713,0.07148195803165436,1.011289358139038,0.03745961934328079,0.0448121577501297,-0.2558439373970032,0.028231659904122353,-0.22761227190494537,-0.018511367961764336,-0.008898905478417873,-0.31806445121765137,-0.0056063104420900345,-0.32367077469825745,0.0665869265794754,0.047708287835121155,-0.3664998412132263,0.030056221410632133,-0.33644363284111023,-0.053644146770238876,-0.049838244915008545,-0.3860347270965576,-0.031398095190525055,-0.4174328148365021,-0.038384322077035904,-0.04987381398677826,-0.3705728054046631,-0.0314205028116703,-0.4019933044910431,0.007466453127563,0.013307143934071064,-0.3249393105506897,0.008383500389754772,-0.31655579805374146,-0.00023455265909433365,0.01707874797284603,-0.0703556165099144,0.010759610682725906,-0.05959600582718849,-0.0161802489310503,0.0020863134413957596,-0.15629670023918152,0.001314377412199974,-0.154982328414917,0.04075746238231659,0.044027164578437805,-0.07059001177549362,0.02773711271584034,-0.04285290092229843,-0.021403944119811058,-0.015264730900526047,0.21008385717868805,-0.00961678009480238,0.2004670798778534,-0.03632557392120361,-0.02991286665201187,0.516128420829773,-0.018845105543732643,0.49728330969810486
2.9,0.05,0.075,0.0,-0.04639486590254419,0.01339701889272445,-0.034026463319582596,-0.09105665236711502,0.36341502144932747,0.18439051501452924,0.28,0.09560948498547078,0.9994679689407349,0.07286074757575989,0.9888322353363037,0.04376921057701111,0.044499270617961884,-0.24100488424301147,0.02803453989326954,-0.21297034621238708,-0.016233820468187332,-0.011099380441009998,-0.303681343793869,-0.006992609705775976,-0.31067395210266113,0.07137573510408401,0.054808519780635834,-0.3570612370967865,0.034529365599155426,-0.32253187894821167,-0.04756048321723938,-0.049154914915561676,-0.3844861686229706,-0.030967596918344498,-0.4154537618160248,-0.02676387131214142,-0.042940832674503326,-0.3773975372314453,-0.027052724733948708,-0.40445026755332947,0.008087356574833393,0.011741207912564278,-0.33800753951072693,0.007396961096674204,-0.33061057329177856,0.012180624529719353,0.015609310939908028,-0.04891636595129967,0.0098338657990098,-0.03908250108361244,-0.016886655241250992,-0.003605577163398266,-0.14263278245925903,-0.0022715136874467134,-0.14490430057048798,0.04484968259930611,0.044273920357227325,-0.07822158187627792,0.027892569079995155,-0.05032901465892792,-0.03285280242562294,-0.020541153848171234,0.18870806694030762,-0.012940926477313042,0.17576713860034943,-0.047168634831905365,-0.03508959710597992,0.5021592974662781,-0.02210644632577896,0.4800528585910797
2.92,0.05,0.075,0.0,-0.04752698696944114,0.018414419475212246,-0.002863059349903866,-0.06275931000709534,0.405861034989357,0.2141027244925499,0.28,0.06589727550745011,0.9783617854118347,0.07001208513975143,0.9693997502326965,0.02133784629404545,0.03755084425210953,-0.22677239775657654,0.02365703135728836,-0.20311537384986877,-0.01972760260105133,-0.013687847182154655,-0.28874877095222473,-0.008623343892395496,-0.29737210273742676,0.05851224809885025,0.05591963976621628,-0.3460886478424072,0.03522937372326851,-0.3108592629432678,-0.03175107762217522,-0.04393376410007477,-0.3808978199958801,-0.027678271755576134,-0.408576101064682,-0.03990974277257919,-0.042031507939100266,-0.38231325149536133,-0.026479849591851234,-0.4087930917739868,-0.008035317994654179,0.005808250047266483,-0.3498932421207428,0.0036591975949704647,-0.3462340533733368,-0.015958379954099655,0.006139003671705723,-0.027917152270674706,0.003867572173476219,-0.024049580097198486,-0.028514456003904343,-0.011078241281211376,-0.12734033167362213,-0.006979291792958975,-0.13431961834430695,0.037290457636117935,0.04217888414859772,-0.08376744389533997,0.02657269686460495,-0.057194747030735016,-0.026913896203041077,-0.022452976554632187,0.16781140863895416,-0.014145375229418278,0.15366603434085846,-0.045112624764442444,-0.038096506148576736,0.48658862709999084,-0.024000799283385277,0.462587833404541
2.94,0.05,0.075,0.0,-0.04811988693516783,0.02479877356064573,0.03260284102418165,-0.05772347003221512,0.4134147949516773,0.21939035646617416,0.28,0.06060964353382586,0.9555640816688538,0.0764048844575882,0.9434611797332764,0.024318529292941093,0.03358114883303642,-0.213408961892128,0.021156122907996178,-0.19225284457206726,-0.03173030912876129,-0.01910058595240116,-0.273542195558548,-0.012033369392156601,-0.2855755686759949,0.08827021718025208,0.06562481820583344,-0.3337845206260681,0.04134363681077957,-0.29244089126586914,-0.07925763726234436,-0.054530926048755646,-0.3753358721733093,-0.03435448184609413,-0.40969035029411316,-0.001750018447637558,-0.029947061091661453,-0.3852292597293854,-0.01886664889752865,-0.40409591794013977,0.021007616072893143,0.010368060320615768,-0.3603771924972534,0.006531877908855677,-0.3538453280925751,-0.0063211554661393166,0.0024009558837860823,-0.00757197430357337,0.0015126022044569254,-0.006059371866285801,-0.027718182653188705,-0.016070224344730377,-0.11057517677545547,-0.01012424100190401,-0.12069942057132721,0.04745326191186905,0.04376119747757912,-0.08717108517885208,0.02756955474615097,-0.05960153043270111,-0.034113965928554535,-0.02595127373933792,0.14760680496692657,-0.016349302604794502,0.13125750422477722,-0.06308183819055557,-0.04559210687875748,0.46957510709762573,-0.02872302755713463,0.4408520758152008
2.96,0.05,0.075,0.0,-0.04864865807825902,0.031002449055598402,0.06766907882841326,-0.03473576903343201,0.447896346449852,0.24352744251489641,0.28,0.03647255748510361,0.931269645690918,0.076466865837574,0.9180231094360352,0.018413037061691284,0.02903071418404579,-0.20116105675697327,0.01828934997320175,-0.18287169933319092,-0.029194066300988197,-0.022128630429506302,-0.25834208726882935,-0.013941037468612194,-0.272283136844635,0.07238421589136124,0.0676526352763176,-0.3203757107257843,0.04262115806341171,-0.277754545211792,-0.030343081802129745,-0.047274574637413025,-0.367902934551239,-0.029782982543110847,-0.3976859152317047,-0.026542427018284798,-0.02892567217350006,-0.38609179854393005,-0.018223173916339874,-0.40431496500968933,-0.009168960154056549,0.004506953991949558,-0.36926600337028503,0.002839381108060479,-0.36642661690711975,-0.013223654590547085,-0.0022864274214953184,0.011911844834685326,-0.0014404492685571313,0.010471395216882229,-0.03389729931950569,-0.02141834795475006,-0.09250818192958832,-0.013493559323251247,-0.10600174218416214,0.03849175572395325,0.042180366814136505,-0.08839782327413559,0.026573630049824715,-0.061824195086956024,-0.02054707705974579,-0.0243300162255764,0.12830016016960144,-0.015327909961342812,0.11297225207090378,-0.07299362868070602,-0.05381256341934204,0.4512920677661896,-0.033901914954185486,0.4173901677131653
2.98,0.05,0.075,0.0,-0.04879025553190605,0.038878644818156366,0.10707629202361672,-0.021637016907334328,0.4675444746389985,0.257281132247299,0.28,0.022718867752701044,0.9056931734085083,0.07934674620628357,0.8914676308631897,0.006364433094859123,0.022230830043554306,-0.1902545690536499,0.014005422592163086,-0.17624914646148682,-0.035442449152469635,-0.026122774928808212,-0.24342875182628632,-0.016457347199320793,-0.25988608598709106,0.07483677566051483,0.06980787962675095,-0.30610957741737366,0.043978963047266006,-0.26213061809539795,-0.035107336938381195,-0.0436244010925293,-0.3587360978126526,-0.027483372017741203,-0.38621947169303894,-0.02042212150990963,-0.026374606415629387,-0.38488495349884033,-0.01661600172519684,-0.401500940322876,-0.009706427343189716,0.0002429394517093897,-0.3763957917690277,0.00015305184933822602,-0.3762427270412445,-0.014414972625672817,-0.0059249913319945335,0.03033575415611267,-0.0037327446043491364,0.026603009551763535,-0.04517430067062378,-0.028545133769512177,-0.07332344353199005,-0.017983434721827507,-0.09130688011646271,0.03886325657367706,0.04118523374199867,-0.08743514865636826,0.02594669722020626,-0.061488449573516846,-0.03374004736542702,-0.027153024449944496,0.11008822917938232,-0.017106404528021812,0.09298182278871536,-0.08342286944389343,-0.06269565224647522,0.43192583322525024,-0.039498262107372284,0.39242756366729736
3.0,0.05,0.075,0.0,-0.048695194021745984,0.045972486946065656,0.1457210451280521,-0.008217539638280869,0.4876736905425787,0.2713715833798051,0.28,0.008628416620194923,0.8790714740753174,0.08564198762178421,0.860958456993103,0.013894300907850266,0.019729871302843094,-0.18089066445827484,0.012429818511009216,-0.16846084594726562,-0.04801376909017563,-0.03269007056951523,-0.2290772646665573,-0.020594744011759758,-0.24967201054096222,0.08549992740154266,0.07451549172401428,-0.29124924540519714,0.046944759786129,-0.24430447816848755,-0.04335172474384308,-0.04354259744286537,-0.34800440073013306,-0.02743183635175228,-0.3754362463951111,-0.0007078293710947037,-0.018674572929739952,-0.3816309869289398,-0.011764980852603912,-0.39339596033096313,0.0012933872640132904,0.0005580738070420921,-0.38163504004478455,0.00035158649552613497,-0.3812834620475769,-0.010538785718381405,-0.00730912946164608,0.047512006014585495,-0.004604751709848642,0.04290725290775299,-0.04504460096359253,-0.0334949716925621,-0.05321647599339485,-0.021101832389831543,-0.0743183046579361,0.042654115706682205,0.04162589833140373,-0.08429288119077682,0.02622431516647339,-0.058068566024303436,-0.03866060823202133,-0.030605299398303032,0.0931565910577774,-0.019281338900327682,0.07387524843215942,-0.09819094836711884,-0.07334424555301666,0.41167378425598145,-0.046206872910261154,0.3654669225215912
3.02,0.05,0.075,0.0,-0.045585084290574764,0.058157882626377645,0.21324620396189253,0.01977584697306156,0.5296637704595923,0.30076463932171466,0.28,0.02076463932171463,0.8589937686920166,0.08753563463687897,0.8547881841659546,-0.0015063891187310219,0.013358992524445057,-0.2104874700307846,0.008416165597736835,-0.20207130908966064,-0.05588395893573761,-0.039648234844207764,-0.2700388431549072,-0.024978388100862503,-0.2950172424316406,0.07287363708019257,0.07402293384075165,-0.3307926058769226,0.04663444682955742,-0.2841581702232361,-0.029895666986703873,-0.03944851830601692,-0.37378913164138794,-0.024852566421031952,-0.3986417055130005,-0.016129888594150543,-0.017911167815327644,-0.38561034202575684,-0.011284035630524158,-0.3968943655490875,-0.01388435810804367,-0.003774655982851982,-0.3625671863555908,-0.0023780332412570715,-0.3649452328681946,-0.029927022755146027,-0.014094498008489609,0.09934528917074203,-0.008879533968865871,0.09046575427055359,-0.045861098915338516,-0.037204809486866,0.19806495308876038,-0.02343902923166752,0.1746259182691574,0.034220337867736816,0.03940423205494881,0.1177990511059761,0.02482466585934162,0.14262372255325317,-0.025149237364530563,-0.028968479484319687,0.046093348413705826,-0.01825014129281044,0.027843207120895386,-0.09154274314641953,-0.07880379259586334,0.16202345490455627,-0.04964638873934746,0.11237706243991852
3.04,0.05,0.075,0.0,-0.04191887321347503,0.0687575014024171,0.27177369180427063,0.10013457387685776,0.6502018608152866,0.38514130257070067,0.28,0.10514130257070065,0.8501384258270264,0.10414272546768188,0.8490117788314819,0.01548326201736927,0.013996273279190063,-0.19852861762046814,0.008817652240395546,-0.18971095979213715,-0.09246189892292023,-0.0554923340678215,-0.2548799216747284,-0.03496016934514046,-0.28984010219573975,0.09970244020223618,0.0817267894744873,-0.3171643018722534,0.05148787796497345,-0.26567643880844116,-0.11710920929908752,-0.06274672597646713,-0.36594444513320923,-0.0395304374396801,-0.40547487139701843,-0.030958490446209908,-0.021825365722179413,-0.3859974145889282,-0.013749980367720127,-0.39974740147590637,0.047517966479063034,0.011613131500780582,-0.3710651993751526,0.007316272705793381,-0.3637489378452301,-0.13329093158245087,-0.049853429198265076,0.08853752911090851,-0.031407661736011505,0.057129867374897,-0.05888846144080162,-0.043709903955459595,0.20883165299892426,-0.027537239715456963,0.18129441142082214,0.01823245733976364,0.03305269777774811,0.13948678970336914,0.020823199301958084,0.16030998528003693,-0.07267766445875168,-0.042081236839294434,0.05724256858229637,-0.0265111792832613,0.030731389299035072,-0.06476271897554398,-0.07459147274494171,0.15160223841667175,-0.046992626041173935,0.10460960865020752
3.06,0.05,0.075,0.0,-0.038015446421953,0.08055282476383828,0.3215293527807462,0.11082897335290909,0.6662434600293636,0.39637042202055456,0.28,0.11637042202055453,0.8405541181564331,0.10702282190322876,0.8421329855918884,-0.07369716465473175,-0.012311759404838085,-0.18795974552631378,-0.007756408303976059,-0.19571615755558014,-0.02724779024720192,-0.04701897129416466,-0.24007165431976318,-0.029621951282024384,-0.26969361305236816,0.04440653696656227,0.0705307126045227,-0.30273786187171936,0.04443434998393059,-0.25830352306365967,-0.024557219818234444,-0.0512898750603199,-0.3564019799232483,-0.03231262043118477,-0.38871461153030396,-0.07974079251289368,-0.03919999301433563,-0.3843168318271637,-0.024695996195077896,-0.4090128242969513,-0.003950901795178652,0.006943921092897654,-0.3777709901332855,0.004374670330435038,-0.3733963072299957,-0.05086115747690201,-0.05015574395656586,0.07588900625705719,-0.03159811720252037,0.04429088905453682,-0.12294479459524155,-0.06748037040233612,0.2176453024148941,-0.04251263290643692,0.1751326620578766,0.008583632297813892,0.02571197785437107,0.16104169189929962,0.016198545694351196,0.17724023759365082,-0.04908342659473419,-0.04418189451098442,0.07021060585975647,-0.027834594249725342,0.04237601161003113,-0.1169966459274292,-0.08731302618980408,0.14315181970596313,-0.055007204413414,0.08814461529254913
3.08,0.05,0.075,0.0,-0.03343007240991617,0.09404576385727381,0.3760550289429272,0.12861400842666626,0.6929210126399994,0.4150447088479996,0.28,0.13504470884799957,0.8304261565208435,0.11667550355195999,0.8350042104721069,0.03763692080974579,0.0026728445664048195,-0.17897579073905945,0.0016838921001181006,-0.1772918999195099,-0.09453794360160828,-0.06127466261386871,-0.22588713467121124,-0.0386030375957489,-0.26449018716812134,0.07105891406536102,0.07068917155265808,-0.28777942061424255,0.04453417658805847,-0.24324524402618408,-0.03710141405463219,-0.047033339738845825,-0.3453376889228821,-0.029631003737449646,-0.3749687075614929,-0.07889144122600555,-0.05110742896795273,-0.38059961795806885,-0.032197680324316025,-0.41279730200767517,-0.006686305161565542,0.002854853169992566,-0.3825608789920807,0.001798557466827333,-0.3807623088359833,-0.09529777616262436,-0.06369835138320923,0.06152861565351486,-0.04012995958328247,0.02139865607023239,-0.110349141061306,-0.08034100383520126,0.22441606223583221,-0.05061483383178711,0.1738012284040451,0.030395250767469406,0.027116959914565086,0.18224407732486725,0.017083683982491493,0.1993277668952942,-0.01218207087367773,-0.034581948071718216,0.08486530184745789,-0.021786626428365707,0.06307867169380188,-0.09929898381233215,-0.09090881049633026,0.13675831258296967,-0.05727254971861839,0.07948575913906097
3.1,0.05,0.075,0.0,-0.02940495089767384,0.10450192778960997,0.41952611242082255,0.1439022421836853,0.715853363275528,0.43109735429286955,0.28,0.15109735429286952,0.8199833035469055,0.12424641847610474,0.8291481733322144,-0.04721515625715256,-0.012293556705117226,-0.17174240946769714,-0.007744940463453531,-0.17948734760284424,-0.0738602876663208,-0.06505034863948822,-0.21258799731731415,-0.0409817211329937,-0.25356972217559814,0.054041504859924316,0.06569486856460571,-0.2725648283958435,0.04138776659965515,-0.23117706179618835,-0.01918761432170868,-0.03867962211370468,-0.3329557180404663,-0.0243681613355875,-0.35732388496398926,-0.07764436304569244,-0.05906850844621658,-0.3749143183231354,-0.03721316158771515,-0.4121274948120117,-0.021799001842737198,-0.004541303962469101,-0.38534650206565857,-0.002861021552234888,-0.3882075250148773,-0.06467629969120026,-0.0639917403459549,0.045602697879076004,-0.040314797312021255,0.0052879005670547485,-0.14046327769756317,-0.09837768971920013,0.22907495498657227,-0.061977945268154144,0.16709700226783752,0.04522787034511566,0.03255023434758186,0.20287790894508362,0.02050664834678173,0.2233845591545105,-0.03702612966299057,-0.03531520068645477,0.10105733573436737,-0.02224857546389103,0.07880876213312149,-0.1060381531715393,-0.0954476147890091,0.13248687982559204,-0.060131996870040894,0.07235488295555115
3.12,0.05,0.075,0.0,-0.023035685956086575,0.11631712604885525,0.4595309299608316,0.1059267669916153,0.6588901504874229,0.3912231053411961,0.28,0.11122310534119606,0.8094971776008606,0.13323062658309937,0.819960355758667,0.049552664160728455,0.006260310299694538,-0.16639305651187897,0.003943995572626591,-0.16244906187057495,-0.1128094345331192,-0.07937807589769363,-0.20041953027248383,-0.05000818893313408,-0.2504277229309082,0.08215176314115524,0.07063193619251251,-0.25737470388412476,0.04449811950325966,-0.2128765881061554,-0.042574845254421234,-0.03984818980097771,-0.3194843530654907,-0.025104358792304993,-0.3445886969566345,-0.08975956588983536,-0.0682758241891861,-0.3673657774925232,-0.04301377013325691,-0.410379558801651,0.0073552364483475685,-0.0009723417460918427,-0.3860764801502228,-0.0006125752697698772,-0.38668906688690186,-0.08780242502689362,-0.07113494724035263,0.02827354706823826,-0.04481501504778862,-0.01654146797955036,-0.12598589062690735,-0.1066601499915123,0.23157449066638947,-0.06719589233398438,0.1643785983324051,0.021142784506082535,0.029128000140190125,0.22273290157318115,0.018350640311837196,0.2410835474729538,0.009937560185790062,-0.021739372983574867,0.11862168461084366,-0.013695805333554745,0.10492587834596634,-0.1002206951379776,-0.09687953442335129,0.1303810328245163,-0.061034105718135834,0.06934692710638046
3.14,0.05,0.075,0.0,-0.01904083425826039,0.1233679306518723,0.48286734605047127,0.15141011774539948,0.7271151766180992,0.43898062363266943,0.28,0.1589806236326694,0.7992790937423706,0.13642610609531403,0.8143308162689209,-0.06181085854768753,-0.014161041006445885,-0.163026362657547,-0.008921455591917038,-0.17194782197475433,-0.10504232347011566,-0.08707734942436218,-0.18960615992546082,-0.0548587292432785,-0.24446488916873932,0.06427516788244247,0.06872490793466568,-0.24248920381069183,0.0432966910302639,-0.19919250905513763,-0.0008279663743451238,-0.02814212255179882,-0.3051721155643463,-0.017729537561535835,-0.3229016661643982,-0.02699260041117668,-0.05589085817337036,-0.3580932319164276,-0.035211239010095596,-0.3933044672012329,-0.03891017287969589,-0.012353691272437572,-0.3847373425960541,-0.007782825268805027,-0.39252015948295593,-0.09516055881977081,-0.07834263145923615,0.009717750363051891,-0.04935585707426071,-0.039638105779886246,-0.12653017044067383,-0.11262115836143494,0.23188920319080353,-0.07095132768154144,0.16093787550926208,0.08174384385347366,0.044912755489349365,0.2416067272424698,0.028295036405324936,0.26990175247192383,-0.009930646978318691,-0.01819675602018833,0.13737936317920685,-0.011463955976068974,0.12591540813446045,-0.09279580414295197,-0.09565442055463791,0.13046224415302277,-0.0602622851729393,0.07019995898008347
3.16,0.05,0.075,0.0,-0.013434767728838587,0.13025249587331716,0.5109220025117747,0.1320255994796753,0.6980383992195129,0.41862687945365906,0.28,0.13862687945365904,0.7896743416786194,0.12867870926856995,0.8112986087799072,-0.09885437786579132,-0.03956904262304306,-0.1617044359445572,-0.024928497150540352,-0.1866329312324524,-0.06787962466478348,-0.08131802827119827,-0.18034732341766357,-0.051230356097221375,-0.23157767951488495,0.03833159804344177,0.05960691347718239,-0.22818289697170258,0.0375523567199707,-0.19063054025173187,-0.04848922789096832,-0.034246254712343216,-0.2902829349040985,-0.021575139835476875,-0.31185808777809143,-0.04714937508106232,-0.05326841026544571,-0.3472677171230316,-0.03355909883975983,-0.38082683086395264,-0.015648480504751205,-0.013342127203941345,-0.38135382533073425,-0.008405540138483047,-0.389759361743927,-0.01635950803756714,-0.05974769592285156,-0.00987559650093317,-0.037641048431396484,-0.04751664400100708,-0.08370989561080933,-0.10394778102636337,0.23001588881015778,-0.0654871016740799,0.16452878713607788,0.05982773005962372,0.04938724637031555,0.25930705666542053,0.031113965436816216,0.2904210090637207,-0.043037183582782745,-0.02564888447523117,0.15713922679424286,-0.016158796846866608,0.14098042249679565,-0.08098635822534561,-0.09125400334596634,0.1327296793460846,-0.057490020990371704,0.07523965835571289
3.18,0.05,0.075,0.0,-0.0078594719669292,0.13853532451473294,0.5367312819788224,0.13036812841892242,0.6955521926283836,0.4168865348398686,0.28,0.13688653483986857,0.781053364276886,0.12169761955738068,0.8011389970779419,-0.051443323493003845,-0.043131325393915176,-0.16245165467262268,-0.027172734960913658,-0.1896243840456009,-0.06543637067079544,-0.07655353099107742,-0.1728138029575348,-0.04822872579097748,-0.22104252874851227,0.03986041992902756,0.05368296429514885,-0.21471962332725525,0.033820267766714096,-0.18089935183525085,-0.030335910618305206,-0.033073149621486664,-0.2750914394855499,-0.020836083218455315,-0.2959275245666504,-0.06537918001413345,-0.05690164119005203,-0.3350888788700104,-0.03584803268313408,-0.37093690037727356,0.02644771710038185,-0.0014051739126443863,-0.37598830461502075,-0.0008852595346979797,-0.37687355279922485,-0.05360674113035202,-0.0579054094851017,-0.030306827276945114,-0.036480408161878586,-0.0667872354388237,-0.07637909054756165,-0.09567716717720032,0.22597363591194153,-0.060276616364717484,0.16569702327251434,0.02900005504488945,0.04327108711004257,0.2756534814834595,0.027260784059762955,0.30291426181793213,-0.018141016364097595,-0.023396523669362068,0.17769992351531982,-0.014739809557795525,0.16296011209487915,-0.0748201236128807,-0.08632383495569229,0.13716024160385132,-0.0543840155005455,0.08277622610330582
3.2,0.05,0.075,0.0,-0.00445864944841628,0.14099493703346833,0.5356833898651226,0.0912584662437439,0.6368876993656158,0.37582138955593114,0.28,0.09582138955593111,0.7737987041473389,0.11343889683485031,0.7915410399436951,-0.05973964184522629,-0.04811382293701172,-0.16525423526763916,-0.0303117074072361,-0.19556593894958496,-0.05623782426118851,-0.07045881450176239,-0.1671445071697235,-0.04438905417919159,-0.2115335613489151,0.035120945423841476,0.0481143593788147,-0.20234769582748413,0.03031204640865326,-0.17203564941883087,0.01755966991186142,-0.01788330264389515,-0.2598778307437897,-0.011266480199992657,-0.271144300699234,-0.01169273816049099,-0.043338969349861145,-0.32178130745887756,-0.027303550392389297,-0.34908485412597656,-0.002528289332985878,-0.001742108492180705,-0.3687397241592407,-0.0010975283803418279,-0.3698372542858124,-0.0761672779917717,-0.06338396668434143,-0.05136774107813835,-0.039931897073984146,-0.0912996381521225,-0.08042759448289871,-0.09110229462385178,0.21980364620685577,-0.057394444942474365,0.1624092012643814,0.06210879236459732,0.04892239719629288,0.29047948122024536,0.03082110919058323,0.32130059599876404,-0.016068527474999428,-0.021198123693466187,0.19885189831256866,-0.013354817405343056,0.18549707531929016,-0.045037634670734406,-0.07393797487020493,0.14370878040790558,-0.046580925583839417,0.09712785482406616
3.22,0.05,0.075,0.0,-0.002267339695402373,0.14071828633920344,0.5279533791563098,0.056053176522254944,0.5840797647833824,0.3388558353483677,0.28,0.05885583534836769,0.7682889103889465,0.11165949702262878,0.7897903323173523,-0.15072916448116302,-0.07889842987060547,-0.17006050050258636,-0.04970601201057434,-0.2197665125131607,-0.045658551156520844,-0.06301873922348022,-0.16344404220581055,-0.039701804518699646,-0.2031458467245102,0.028311606496572495,0.042173534631729126,-0.1912953108549118,0.02656932733952999,-0.16472598910331726,-0.020635955035686493,-0.018709098920226097,-0.2449226826429367,-0.011786731891334057,-0.25670942664146423,-0.002356727607548237,-0.03104429692029953,-0.307590514421463,-0.019557906314730644,-0.3271484076976776,-0.0015239352360367775,-0.0016766564222052693,-0.35974183678627014,-0.0010562934912741184,-0.3607981204986572,-0.0636834055185318,-0.06347379833459854,-0.07284370809793472,-0.03998849168419838,-0.1128322035074234,-0.0639084205031395,-0.08294413238763809,0.21156875789165497,-0.052254803478717804,0.15931394696235657,0.041450534015893936,0.046680837869644165,0.3036339581012726,0.029408928006887436,0.3330428898334503,-0.020357970148324966,-0.02094607800245285,0.22037963569164276,-0.013196028769016266,0.2071835994720459,-0.05343398451805115,-0.06778678297996521,0.15230855345726013,-0.04270567372441292,0.10960288345813751
3.24,0.05,0.075,0.0,0.0003820526173039567,0.14050581430302916,0.5189800042625567,0.0966891199350357,0.6450336799025536,0.38152357593178754,0.28,0.10152357593178751,0.7648787498474121,0.10015576332807541,0.7902231216430664,-0.06170777231454849,-0.07374123483896255,-0.1767817884683609,-0.04645697772502899,-0.2232387661933899,-0.04245559126138687,-0.05684979632496834,-0.16178062558174133,-0.03581537306308746,-0.1975959986448288,-0.004506127908825874,0.02816963568329811,-0.1817663013935089,0.01774686947464943,-0.16401943564414978,-0.05150163546204567,-0.028546860441565514,-0.23050183057785034,-0.017984522506594658,-0.24848635494709015,-0.05580815672874451,-0.0384734570980072,-0.2927781641483307,-0.024238277226686478,-0.31701645255088806,0.03473873436450958,0.009247961454093456,-0.3491605222225189,0.005826215725392103,-0.3433343172073364,-0.021197743713855743,-0.05079098045825958,-0.09451588988304138,-0.03199831768870354,-0.12651421129703522,-0.04056374728679657,-0.07023001462221146,0.20135293900966644,-0.044244907796382904,0.15710803866386414,0.034189432859420776,0.04293341562151909,0.3149828016757965,0.027048051357269287,0.3420308530330658,0.01702890545129776,-0.009553583338856697,0.2420637309551239,-0.006018757354468107,0.2360449731349945,-0.05221244692802429,-0.0631144791841507,0.16287192702293396,-0.03976212069392204,0.12310980260372162
3.2600000000000002,0.05,0.075,0.0,0.00275755680638606,0.14045772439376997,0.5073808267365968,0.05160234868526459,0.5774035230278969,0.33418246611952784,0.28,0.05418246611952782,0.7638781666755676,0.10008195787668228,0.7917343974113464,-0.0927763357758522,-0.07945176213979721,-0.18529413640499115,-0.05005460977554321,-0.23534874618053436,-0.0494532585144043,-0.054630838334560394,-0.1621849536895752,-0.03441742807626724,-0.19660237431526184,0.005645547062158585,0.021412407979369164,-0.17393642663955688,0.013489817269146442,-0.16044661402702332,-0.007450280711054802,-0.0222178865224123,-0.21688124537467957,-0.013997268863022327,-0.23087851703166962,0.00913340225815773,-0.024191398173570633,-0.277617484331131,-0.015240580774843693,-0.2928580641746521,-0.0015372075140476227,0.00601241085678339,-0.33719098567962646,0.00378781883046031,-0.33340317010879517,-0.060990385711193085,-0.05385080352425575,-0.11616343259811401,-0.03392600640654564,-0.15008944272994995,-0.060375869274139404,-0.06727377325296402,0.18926025927066803,-0.04238247498869896,0.14687778055667877,0.06530115753412247,0.04964374005794525,0.32441043853759766,0.03127555549144745,0.3556860089302063,0.011709265410900116,-0.003174728713929653,0.2636832296848297,-0.0020000790245831013,0.2616831362247467,-0.07548633962869644,-0.06682603806257248,0.1752912700176239,-0.04210040345788002,0.13319087028503418
3.2800000000000002,0.05,0.075,0.0,0.0049736829302052385,0.1396987279170052,0.49292809904021767,0.06593093276023865,0.598896399140358,0.3492274793982506,0.28,0.06922747939825058,0.7655310034751892,0.10200071334838867,0.7979555130004883,-0.08710269629955292,-0.08174704015254974,-0.19544054567813873,-0.05150063335895538,-0.24694117903709412,-0.07092610001564026,-0.05951941758394241,-0.16464956104755402,-0.03749723359942436,-0.20214679837226868,-0.002903630957007408,0.014117595739662647,-0.1679501086473465,0.008894084952771664,-0.15905602276325226,-0.07937769591808319,-0.03936582803726196,-0.20431214570999146,-0.02480047196149826,-0.2291126251220703,-0.02501502074301243,-0.024438483640551567,-0.26238808035850525,-0.015396244823932648,-0.2777843177318573,0.038824938237667084,0.015856169164180756,-0.3240540027618408,0.009989386424422264,-0.314064621925354,-0.015062528662383556,-0.04221431910991669,-0.1375657320022583,-0.026595020666718483,-0.16416075825691223,-0.04445146024227142,-0.06042707711458206,0.17541395127773285,-0.03806905820965767,0.13734489679336548,0.05194808915257454,0.05033504590392113,0.3318207561969757,0.03171107918024063,0.36353182792663574,0.02226836234331131,0.004458199255168438,0.28501781821250916,0.0028086656238883734,0.2878264784812927,-0.08910714089870453,-0.07351036369800568,0.18943999707698822,-0.046311527490615845,0.14312846958637238
3.3000000000000003,0.05,0.075,0.0,0.007587616386528668,0.13901012123551654,0.4762539061337251,0.06106729805469513,0.5916009470820427,0.34412066295742993,0.28,0.06412066295742991,0.7699969410896301,0.09942290186882019,0.8065403699874878,-0.06000535190105438,-0.07522453367710114,-0.2070339024066925,-0.04739145562052727,-0.2544253468513489,-0.05776228755712509,-0.05899227783083916,-0.16912899911403656,-0.03716513514518738,-0.20629413425922394,-0.0037101246416568756,0.008769279345870018,-0.16391772031784058,0.005524646025151014,-0.15839307010173798,-0.04908577352762222,-0.04228181019425392,-0.1930263489484787,-0.026637541130185127,-0.21966388821601868,-0.02380182594060898,-0.024247486144304276,-0.2473708540201187,-0.015275916084647179,-0.26264676451683044,0.02323993667960167,0.01807129941880703,-0.3099918067455292,0.011384918354451656,-0.29860690236091614,-0.026381976902484894,-0.03746461868286133,-0.1585046797990799,-0.02360270917415619,-0.18210738897323608,-0.03835824131965637,-0.053806427866220474,0.15995512902736664,-0.03389804810285568,0.12605708837509155,0.07065747678279877,0.05643177777528763,0.33713826537132263,0.035552021116018295,0.3726902902126312,0.03156811371445656,0.012591173872351646,0.305850088596344,0.00793243944644928,0.3137825131416321,-0.0721856877207756,-0.07311295717954636,0.20517393946647644,-0.046061161905527115,0.15911278128623962
3.3200000000000003,0.05,0.075,0.0,0.009964923649415,0.13643720179458171,0.45405032754633756,0.041096337139606476,0.5616445057094097,0.32315115399658684,0.28,0.04315115399658681,0.7773383259773254,0.100229412317276,0.8152955770492554,-0.06210680305957794,-0.07128921151161194,-0.21986034512519836,-0.04491220414638519,-0.26477253437042236,-0.06976215541362762,-0.06222324073314667,-0.17554065585136414,-0.039200641214847565,-0.2147412896156311,-0.019911998882889748,0.00016489578410983086,-0.16191366314888,0.00010388434020569548,-0.1618097722530365,-0.05790805071592331,-0.04696968197822571,-0.18323199450969696,-0.029590899124741554,-0.21282289922237396,-0.026596445590257645,-0.024952173233032227,-0.23284277319908142,-0.01571986824274063,-0.24856263399124146,0.04435141757130623,0.025955334305763245,-0.29526379704475403,0.016351860016584396,-0.2789119482040405,-0.021830908954143524,-0.032774507999420166,-0.17876692116260529,-0.020647939294576645,-0.19941486418247223,-0.03506139665842056,-0.04818291962146759,0.14304132759571075,-0.030355239287018776,0.11268609017133713,0.06579578667879105,0.05924098193645477,0.3403087258338928,0.03732181712985039,0.3776305317878723,0.015978675335645676,0.013607424683868885,0.3259677290916443,0.00857267715036869,0.33454039692878723,-0.0824781209230423,-0.07592250406742096,0.22233277559280396,-0.047831177711486816,0.17450159788131714
3.34,0.05,0.075,0.0,0.009999919048350098,0.1330652418610218,0.43529950733267336,0.04450587183237076,0.5667588077485561,0.32673116542398933,0.28,0.04673116542398931,0.7875141501426697,0.09779704362154007,0.8289345502853394,-0.0487348809838295,-0.06452291458845139,-0.23368333280086517,-0.04064943641424179,-0.27433276176452637,-0.05490553379058838,-0.06002793088555336,-0.18376626074314117,-0.03781759738922119,-0.22158385813236237,-0.01887105591595173,-0.005545889958739281,-0.16197489202022552,-0.0034939106553792953,-0.16546879708766937,-0.06615690141916275,-0.05272584408521652,-0.17510974407196045,-0.033217281103134155,-0.2083270251750946,-0.041988544166088104,-0.03006308525800705,-0.21907177567481995,-0.01893974281847477,-0.23801152408123016,0.03300809487700462,0.028071163222193718,-0.2801416218280792,0.017684832215309143,-0.2624567747116089,-0.0032598981633782387,-0.023920124396681786,-0.19814597070217133,-0.01506967842578888,-0.2132156491279602,-0.014237912371754646,-0.03799941763281822,0.12484489381313324,-0.02393963374197483,0.10090526193380356,0.06900801509618759,0.0621710941195488,0.3412998914718628,0.03916778787970543,0.3804676830768585,0.03813252970576286,0.020964957773685455,0.3451657295227051,0.013207923620939255,0.35837364196777344,-0.07022027671337128,-0.07421183586120605,0.24074162542819977,-0.04675345495343208,0.19398817420005798
3.36,0.05,0.075,0.0,0.01192428418917222,0.12857433822319306,0.405725346295698,0.029208282008767128,0.5438124230131507,0.3106686961092055,0.28,0.030668696109205473,0.8003823161125183,0.09824350476264954,0.8411733508110046,-0.02938973903656006,-0.05398295819759369,-0.2482479065656662,-0.034009262919425964,-0.28225716948509216,-0.07254085689783096,-0.06378180533647537,-0.1936541050672531,-0.04018253833055496,-0.23383665084838867,-0.037304624915122986,-0.015073510818183422,-0.1641002893447876,-0.009496311657130718,-0.1735966056585312,-0.08114805072546005,-0.06125250458717346,-0.16880939900875092,-0.038589078933000565,-0.20739847421646118,-0.049150943756103516,-0.03578944504261017,-0.20631186664104462,-0.022547349333763123,-0.22885921597480774,0.05904601141810417,0.03736361861228943,-0.2649041712284088,0.02353907935321331,-0.24136509001255035,0.008537591435015202,-0.014182808808982372,-0.21644432842731476,-0.008935169316828251,-0.22537949681282043,-0.0029026996344327927,-0.027470402419567108,0.10555126518011093,-0.017306353896856308,0.08824491500854492,0.06363894790410995,0.06261144578456879,0.3401016294956207,0.03944521024823189,0.3795468509197235,0.01643812656402588,0.019606908783316612,0.3632484972476959,0.012352352030575275,0.3756008446216583,-0.07222411781549454,-0.07361552119255066,0.26021289825439453,-0.04637777805328369,0.21383512020111084
3.38,0.05,0.075,0.0,0.013742646719310582,0.12419959394939044,0.3764736801418287,0.007915889844298363,0.5118738347664475,0.28831168433651333,0.28,0.008311684336513303,0.8157080411911011,0.09545248001813889,0.8544343113899231,-0.052775509655475616,-0.053620725870132446,-0.26328545808792114,-0.033781055361032486,-0.29706650972366333,-0.04430578649044037,-0.05793899670243263,-0.20502182841300964,-0.03650156781077385,-0.2415233999490738,-0.04245191067457199,-0.023287031799554825,-0.16825063526630402,-0.014670830219984055,-0.18292146921157837,-0.060688287019729614,-0.061083242297172546,-0.16444715857505798,-0.03848244249820709,-0.20292960107326508,-0.05361431837081909,-0.041136905550956726,-0.19479838013648987,-0.02591625042259693,-0.22071462869644165,0.03999774530529976,0.03815385699272156,-0.24983248114585876,0.02403692901134491,-0.22579555213451385,0.004348284564912319,-0.008623480796813965,-0.23347553610801697,-0.005432792939245701,-0.2389083355665207,-0.004171270877122879,-0.02048066258430481,0.08535704761743546,-0.012902817688882351,0.07245422899723053,0.051871396601200104,0.05938943102955818,0.3367261588573456,0.037415340542793274,0.37414151430130005,0.0015534181147813797,0.014190861023962498,0.3800317347049713,0.008940242230892181,0.3889719843864441,-0.06581136584281921,-0.0712742730975151,0.28054818511009216,-0.04490279033780098,0.23564539849758148
3.4,0.05,0.075,0.0,0.015442531878583764,0.11894041925828604,0.3430158171953991,-0.0009446414187550545,0.4985830378718674,0.2790081265103072,0.28,0.0009918734896928183,0.8331790566444397,0.09457499533891678,0.8742088675498962,-0.01899711973965168,-0.04323364421725273,-0.27851858735084534,-0.027237195521593094,-0.3057557940483093,-0.057378023862838745,-0.057770706713199615,-0.21765977144241333,-0.03639554604887962,-0.25405532121658325,-0.03164089471101761,-0.02579319104552269,-0.17434939742088318,-0.01624971069395542,-0.19059911370277405,-0.0804232582449913,-0.06688524782657623,-0.16210348904132843,-0.04213770478963852,-0.20424118638038635,-0.063658207654953,-0.04789329320192337,-0.18474365770816803,-0.03017277456820011,-0.2149164378643036,0.04473695158958435,0.040128786116838455,-0.2352045178413391,0.025281134992837906,-0.2099233865737915,0.018717188388109207,-0.00042128004133701324,-0.24906602501869202,-0.0002654064155649394,-0.24933142960071564,0.02680758759379387,-0.006294187158346176,0.06446804106235504,-0.003965337760746479,0.06050270423293114,0.056744854897260666,0.058596059679985046,0.33120784163475037,0.03691551834344864,0.3681233525276184,0.047988664358854294,0.024330202490091324,0.3953443765640259,0.015328027307987213,0.4106723964214325,-0.05025386065244675,-0.06496814638376236,0.30154022574424744,-0.04092993214726448,0.26061028242111206
3.42,0.05,0.075,0.0,0.01689877194662737,0.11393263763414514,0.3107580328711445,-0.024894598871469498,0.46265810169279575,0.25386067118495703,0.28,0.026139328815042995,0.8524237275123596,0.0994126945734024,0.891967236995697,-0.02935156226158142,-0.03906901925802231,-0.29366642236709595,-0.024613481014966965,-0.318279892206192,-0.05951184779405594,-0.05829304829239845,-0.23133482038974762,-0.03672461956739426,-0.2680594325065613,-0.03972572833299637,-0.029972951859235764,-0.18228407204151154,-0.018882960081100464,-0.201167032122612,-0.10314150154590607,-0.07776212692260742,-0.16182158887386322,-0.04899013787508011,-0.21081173419952393,-0.05792151391506195,-0.050901755690574646,-0.17633315920829773,-0.03206810727715492,-0.20840126276016235,0.0614577941596508,0.04652749001979828,-0.22129011154174805,0.029312318190932274,-0.19197779893875122,0.02675597183406353,0.0077318958938121796,-0.2630569338798523,0.004871094599366188,-0.25818583369255066,0.009974470362067223,-0.001413589809089899,0.04309710115194321,-0.0008905615541152656,0.0422065407037735,0.060210343450307846,0.059080347418785095,0.32360297441482544,0.03722061961889267,0.3608236014842987,0.017980150878429413,0.02242518588900566,0.4090304374694824,0.014127867296338081,0.42315831780433655,-0.06493168324232101,-0.06495720893144608,0.32297515869140625,-0.040923040360212326,0.2820521295070648
3.44,0.05,0.075,0.0,0.01793445391056922,0.10880605321894761,0.27717505057438024,-0.031234251335263252,0.4531486229971051,0.24720403609797362,0.28,0.03279596390202641,0.8730297088623047,0.10073243826627731,0.9115346074104309,-0.04588111490011215,-0.04111264646053314,-0.30844953656196594,-0.02590096741914749,-0.33435049653053284,-0.03351341187953949,-0.05085916072130203,-0.24579478800296783,-0.0320412702858448,-0.27783605456352234,-0.030054578557610512,-0.029997440055012703,-0.1919083446264267,-0.018898386508226395,-0.2108067274093628,-0.09897157549858093,-0.08412496000528336,-0.1636066734790802,-0.052998725324869156,-0.21660539507865906,-0.07249704748392105,-0.05738034099340439,-0.16972199082374573,-0.03614961355924606,-0.2058716118335724,0.05142107978463173,0.047995567321777344,-0.20834586024284363,0.03023720718920231,-0.17810864746570587,0.02940896525979042,0.014235016889870167,-0.27530568838119507,0.008968060836195946,-0.26633763313293457,0.01921742409467697,0.004775714594870806,0.02146201767027378,0.0030087002087384462,0.024470718577504158,0.05605664476752281,0.05817323923110962,0.3139890432357788,0.03664914146065712,0.35063818097114563,0.015298355370759964,0.02028713747859001,0.42095041275024414,0.01278089638799429,0.4337313175201416,-0.05104724317789078,-0.06078421697020531,0.3446345031261444,-0.03829405456781387,0.30634045600891113
3.46,0.05,0.075,0.0,0.018972077466069315,0.10285509593503535,0.24105280623515135,-0.03551831096410751,0.44672253355383873,0.24270577348768713,0.28,0.0372942265123129,0.8945624828338623,0.10270912945270538,0.9314737319946289,-0.011644861660897732,-0.03227231279015541,-0.3225952684879303,-0.020331555977463722,-0.34292683005332947,-0.03885733336210251,-0.047258611768484116,-0.2607729732990265,-0.029772924259305,-0.29054591059684753,-0.02947240136563778,-0.029839929193258286,-0.20304468274116516,-0.018799155950546265,-0.22184383869171143,-0.10684167593717575,-0.0909399762749672,-0.16742582619190216,-0.057292185723781586,-0.22471800446510315,-0.07427197694778442,-0.06244783103466034,-0.16503210365772247,-0.03934213146567345,-0.20437423884868622,0.056636180728673935,0.05058775097131729,-0.19661051034927368,0.0318702831864357,-0.16474023461341858,0.046306487172842026,0.023856457322835922,-0.28568747639656067,0.01502956822514534,-0.27065789699554443,0.041067950427532196,0.01566338539123535,-0.0002167413040297106,0.00986793264746666,0.009651191532611847,0.06265909969806671,0.059519000351428986,0.30246397852897644,0.03749696910381317,0.3399609327316284,0.023752514272928238,0.02132675051689148,0.4309828579425812,0.013435852713882923,0.44441869854927063,-0.03683356195688248,-0.05359901860356331,0.36629754304885864,-0.03376737982034683,0.3325301706790924
3.48,0.05,0.075,0.0,0.019842415099420075,0.09615230804329783,0.2028728468449721,-0.05889028310775757,0.41166457533836365,0.21816520273685458,0.28,0.06183479726314545,0.9165816903114319,0.1061449646949768,0.9505629539489746,-0.01281672716140747,-0.02643563598394394,-0.33584269881248474,-0.016654450446367264,-0.3524971604347229,-0.04142547398805618,-0.045508671551942825,-0.27599310874938965,-0.02867046371102333,-0.3046635687351227,-0.0390528067946434,-0.03260379284620285,-0.21548770368099213,-0.02054039016366005,-0.23602809011936188,-0.10501768440008163,-0.09516328573226929,-0.17320860922336578,-0.05995287001132965,-0.23316147923469543,-0.07086983323097229,-0.06497442722320557,-0.16234998404979706,-0.04093388840556145,-0.2032838761806488,0.06746254861354828,0.05565018951892853,-0.18630051612854004,0.035059619694948196,-0.15124090015888214,0.04512845724821091,0.030238056555390358,-0.2940964996814728,0.019049976021051407,-0.27504652738571167,0.026940129697322845,0.01904640905559063,-0.021718256175518036,0.011999237351119518,-0.009719018824398518,0.07214849442243576,0.06330785155296326,0.28914523124694824,0.039883945137262344,0.3290291726589203,0.004633396863937378,0.01631874404847622,0.43902552127838135,0.010280808433890343,0.44930633902549744,-0.04581664502620697,-0.051264308393001556,0.3877435624599457,-0.03229651227593422,0.35544705390930176
3.5,0.05,0.075,0.0,0.0201901339142926,0.08862671881514822,0.16229574165445815,-0.06872646510601044,0.39691030234098434,0.20783721163868907,0.28,0.07216278836131096,0.938654363155365,0.10185784101486206,0.9680392146110535,-0.029617974534630775,-0.027390338480472565,-0.3479475677013397,-0.017255913466215134,-0.36520346999168396,-0.013443580828607082,-0.035889144986867905,-0.2911744713783264,-0.02261016145348549,-0.3137846291065216,-0.05131185054779053,-0.03821621090173721,-0.22900789976119995,-0.02407621219754219,-0.25308412313461304,-0.056146472692489624,-0.08345824480056763,-0.18084834516048431,-0.05257869511842728,-0.2334270477294922,-0.08653701096773148,-0.07144320011138916,-0.16172510385513306,-0.04500921443104744,-0.2067343145608902,0.040571387857198715,0.05112655088305473,-0.1776060163974762,0.03220972791314125,-0.14539629220962524,0.058407559990882874,0.03868890553712845,-0.300447016954422,0.024374010041356087,-0.27607300877571106,0.02551925927400589,0.020988263189792633,-0.042823418974876404,0.013222605921328068,-0.02960081398487091,0.06239929422736168,0.0630352795124054,0.27416855096817017,0.039712224155664444,0.3138807713985443,-0.012590144760906696,0.0076460763812065125,0.4449964165687561,0.004817028064280748,0.44981345534324646,-0.02903701551258564,-0.044596120715141296,0.4087539613246918,-0.028095556423068047,0.38065841794013977
3.52,0.05,0.075,0.0,0.017913897608475,0.07543926874075574,0.09076591199683293,-0.07047143578529358,0.39429284632205963,0.2060049924254418,0.28,0.07399500757455824,0.9603659510612488,0.10050767660140991,0.9863415956497192,-0.00606754794716835,-0.02099350094795227,-0.35868653655052185,-0.01322590559720993,-0.3719124495983124,-0.01897253282368183,-0.03081415966153145,-0.3060370981693268,-0.019412919878959656,-0.32545000314712524,-0.05017034709453583,-0.04180245101451874,-0.24335592985153198,-0.026335543021559715,-0.26969146728515625,-0.06538748741149902,-0.07803701609373093,-0.19020414352416992,-0.049163319170475006,-0.23936745524406433,-0.08023692667484283,-0.07408131659030914,-0.1631689816713333,-0.04667123034596443,-0.20984020829200745,0.039608851075172424,0.04767123982310295,-0.17068739235401154,0.03003288060426712,-0.14065450429916382,0.06812573969364166,0.04751995578408241,-0.3046743869781494,0.02993757277727127,-0.27473682165145874,0.037231676280498505,0.025861287489533424,-0.06331715732812881,0.01629261113703251,-0.047024548053741455,0.0663892850279808,0.06404148042201996,0.2576865553855896,0.04034613072872162,0.2980327010154724,-0.003347676247358322,0.0043479506857693195,0.44883474707603455,0.002739208983257413,0.4515739679336548,-0.021397801116108894,-0.03763662651181221,0.4291146695613861,-0.023711074143648148,0.40540358424186707
3.54,0.05,0.075,0.0,0.014471799260695936,0.06397607060606166,0.02615705295561573,-0.1081039234995842,0.3378441147506237,0.16649088032543663,0.28,0.1135091196745634,0.9813278913497925,0.10027336329221725,1.005845546722412,-0.021933699026703835,-0.021275561302900314,-0.3678615987300873,-0.013403603807091713,-0.38126519322395325,-0.01614471711218357,-0.0264133270829916,-0.32030683755874634,-0.016640396788716316,-0.3369472324848175,-0.03339532017707825,-0.03928031027317047,-0.2582671344280243,-0.024746594950556755,-0.2830137312412262,-0.07330803573131561,-0.07661832123994827,-0.20110344886779785,-0.048269543796777725,-0.24937298893928528,-0.08356291800737381,-0.07692579925060272,-0.16665500402450562,-0.04846325144171715,-0.21511825919151306,0.06434158980846405,0.05267234891653061,-0.16567222774028778,0.03318357840180397,-0.1324886530637741,0.043226104229688644,0.04623180255293846,-0.30673548579216003,0.029126035049557686,-0.2776094377040863,0.02248312532901764,0.024847839027643204,-0.0829906240105629,0.01565413922071457,-0.06733648478984833,0.06840766221284866,0.06535133719444275,0.2398672103881836,0.04117134213447571,0.2810385525226593,-0.011095164343714714,-0.00028498400934040546,0.45050138235092163,-0.0001795399293769151,0.45032185316085815,-0.020293811336159706,-0.032433781772851944,0.44861820340156555,-0.02043328247964382,0.4281849265098572
3.56,0.05,0.075,0.0,0.010340124102779935,0.05235617969577667,-0.035791165307744954,-0.09899625182151794,0.3515056222677231,0.17605393558740617,0.28,0.10394606441259385,1.0011837482452393,0.10294479876756668,1.0229706764221191,0.011000657454133034,-0.011592695489525795,-0.3753035068511963,-0.007303398102521896,-0.3826068937778473,-0.021180670708417892,-0.024843530729413033,-0.33372050523757935,-0.01565142348408699,-0.34937193989753723,-0.03212925046682358,-0.037134990096092224,-0.2734665274620056,-0.02339504286646843,-0.29686155915260315,-0.09302294254302979,-0.08153970539569855,-0.2133452445268631,-0.05137001350522041,-0.2647152543067932,-0.07179990410804749,-0.07538802921772003,-0.17211885750293732,-0.04749445989727974,-0.21961331367492676,0.05789634957909584,0.05423954874277115,-0.16265302896499634,0.03417091444134712,-0.12848211824893951,0.0771394595503807,0.055504098534584045,-0.3066093325614929,0.034967582672834396,-0.2716417610645294,0.03406689316034317,0.027613554149866104,-0.10164334625005722,0.017396539449691772,-0.08424680680036545,0.07748740911483765,0.06899216026067734,0.22089208662509918,0.043465059250593185,0.26435714960098267,-0.006081000901758671,-0.0020237891003489494,0.44997933506965637,-0.0012749871239066124,0.4487043619155884,-0.011828621849417686,-0.02625223435461521,0.4670657813549042,-0.01653890684247017,0.4505268633365631
3.58,0.05,0.075,0.0,0.005982420232980318,0.04270111300632418,-0.08338611949193038,-0.12815414369106293,0.3077687844634056,0.14543814912438396,0.28,0.13456185087561606,1.0196125507354736,0.10398928076028824,1.038066029548645,0.0065623000264167786,-0.006146196275949478,-0.38087502121925354,-0.003872103523463011,-0.38474711775779724,-0.023525627329945564,-0.024448160082101822,-0.34603071212768555,-0.015402340330183506,-0.3614330589771271,-0.038367919623851776,-0.03750486671924591,-0.2886737585067749,-0.02362806536257267,-0.3123018145561218,-0.08713627606630325,-0.08321867883205414,-0.2267037332057953,-0.05242776870727539,-0.2791315019130707,-0.05384816229343414,-0.06892606616020203,-0.17945978045463562,-0.04342342168092728,-0.2228831946849823,0.06315769255161285,0.05691499263048172,-0.16168548166751862,0.035856444388628006,-0.1258290410041809,0.0614151693880558,0.05727741867303848,-0.30429720878601074,0.036084774881601334,-0.2682124376296997,0.03361399471759796,0.02941368706524372,-0.11908523738384247,0.018530622124671936,-0.10055461525917053,0.08286181837320328,0.073153056204319,0.20095454156398773,0.046086426824331284,0.24704097211360931,-0.014186912216246128,-0.005672726314514875,0.44727393984794617,-0.003573817666620016,0.4437001347541809,-0.030553298071026802,-0.02754255384206772,0.4842694401741028,-0.01735180802643299,0.46691763401031494
3.6,0.05,0.075,0.0,0.0006743420698862608,0.03425083377656513,-0.12745541954920903,-0.13317210972309113,0.3002418354153633,0.14016928479075436,0.28,0.13983071520924567,1.036331295967102,0.10045673698186874,1.0525710582733154,0.021469907835125923,0.002138635143637657,-0.38447335362434387,0.001347340177744627,-0.38312602043151855,-0.017538780346512794,-0.02237534523010254,-0.3570104241371155,-0.01409646775573492,-0.371106892824173,-0.03025241754949093,-0.03532913327217102,-0.30360835790634155,-0.022257354110479355,-0.3258657157421112,-0.07112308591604233,-0.07959000021219254,-0.24093253910541534,-0.050141699612140656,-0.2910742461681366,-0.06026311218738556,-0.06632718443870544,-0.18854238092899323,-0.04178612679243088,-0.2303285002708435,0.0577041395008564,0.057151734828948975,-0.16278743743896484,0.036005593836307526,-0.12678185105323792,0.039456188678741455,0.051931049674749374,-0.2998226583003998,0.03271656110882759,-0.2671060860157013,0.038548748940229416,0.032154206186532974,-0.13513855636119843,0.020257148891687393,-0.11488141119480133,0.07206287980079651,0.07282600551843643,0.18025776743888855,0.045880384743213654,0.2261381447315216,-0.003186432644724846,-0.00492683844640851,0.44241270422935486,-0.0031039081513881683,0.4393087923526764,-0.01831393502652645,-0.024773968383669853,0.500053882598877,-0.015607600100338459,0.48444628715515137
3.62,0.05,0.075,0.0,-0.004279688004886235,0.026964281602644677,-0.16759405458390741,-0.13971064984798431,0.29043402522802353,0.13330381765961652,0.28,0.1466961823403835,1.0510956048965454,0.09999173879623413,1.0635350942611694,0.024192551150918007,0.008754810318350792,-0.3860321640968323,0.005515530239790678,-0.3805166482925415,-0.002228739205747843,-0.01633136346936226,-0.36645710468292236,-0.010288759134709835,-0.3767458498477936,-0.013704976066946983,-0.028841886669397354,-0.3179948627948761,-0.018170388415455818,-0.33616524934768677,-0.0707191452383995,-0.07692874222993851,-0.2557692527770996,-0.04846510663628578,-0.3042343556880951,-0.07943298667669296,-0.07025892287492752,-0.1991991251707077,-0.044263120740652084,-0.24346224963665009,0.03858088329434395,0.05158047750592232,-0.16593855619430542,0.03249569982290268,-0.13344284892082214,0.08545087277889252,0.06198699772357941,-0.2932312786579132,0.039051808416843414,-0.2541794776916504,0.040230728685855865,0.03457716107368469,-0.14963971078395844,0.021783610805869102,-0.12785610556602478,0.06796267628669739,0.07136701047420502,0.15901267528533936,0.044961217790842056,0.2039738893508911,-0.007725831121206284,-0.005766536109149456,0.43544524908065796,-0.003632917767390609,0.4318123459815979,-0.003342418000102043,-0.01834450289607048,0.5142582058906555,-0.011557037010788918,0.5027011632919312
3.64,0.05,0.075,0.0,-0.010007300594680484,0.020253961139294445,-0.20573814975912588,-0.15422894060611725,0.2686565890908241,0.11805961236357693,0.28,0.1619403876364231,1.0637000799179077,0.09860498458147049,1.0720744132995605,0.024374891072511673,0.013440834358334541,-0.38552266359329224,0.008467725478112698,-0.37705492973327637,0.0010689450427889824,-0.011111270636320114,-0.37419652938842773,-0.0070001003332436085,-0.38119661808013916,-0.020540205761790276,-0.026351382955908775,-0.3315679728984833,-0.01660137064754963,-0.34816935658454895,-0.06692459434270859,-0.07392749935388565,-0.2709401845932007,-0.04657432436943054,-0.3175145089626312,-0.07072000205516815,-0.07039724290370941,-0.2112334817647934,-0.044350262731313705,-0.2555837333202362,0.04229091480374336,0.04879360646009445,-0.17108072340488434,0.03073997236788273,-0.14034074544906616,0.07053591310977936,0.06455166637897491,-0.2845902740955353,0.04066754877567291,-0.24392272531986237,0.034224219620227814,0.03447127714753151,-0.1624409407377243,0.021716903895139694,-0.1407240331172943,0.06790011376142502,0.07032693922519684,0.13743574917316437,0.04430597275495529,0.18174171447753906,-0.02830478362739086,-0.012528009712696075,0.42644253373146057,-0.00789264589548111,0.41854989528656006,-0.008708944544196129,-0.01545383594930172,0.5267376899719238,-0.00973591674119234,0.517001748085022
3.66,0.05,0.075,0.0,-0.01548396554066257,0.015282831319753895,-0.2225420753187919,-0.15438897907733917,0.26841653138399124,0.1178915719687939,0.28,0.16210842803120612,1.0739778280258179,0.09304346889257431,1.0777771472930908,0.03729380667209625,0.02059672586619854,-0.38295429944992065,0.012975936755537987,-0.3699783682823181,0.006753796711564064,-0.005751750431954861,-0.3800859749317169,-0.0036236026789993048,-0.383709579706192,-0.02793763391673565,-0.026827258989214897,-0.34407728910446167,-0.016901172697544098,-0.36097845435142517,-0.025600064545869827,-0.059429269284009933,-0.2861655652523041,-0.03744043782353401,-0.323606014251709,-0.07470241189002991,-0.07168879359960556,-0.22442349791526794,-0.04516394063830376,-0.2695874273777008,0.029132235795259476,0.04289519786834717,-0.17811910808086395,0.027023974806070328,-0.15109513700008392,0.06003972515463829,0.06319808214902878,-0.27398765087127686,0.039814792573451996,-0.23417285084724426,0.03405986726284027,0.03434785455465317,-0.1734117716550827,0.021639147773385048,-0.1517726182937622,0.05904989317059517,0.06694382429122925,0.1157468780875206,0.04217460751533508,0.15792149305343628,-0.0315285287797451,-0.018228165805339813,0.4154963195323944,-0.011483744718134403,0.4040125608444214,-0.002830544486641884,-0.011666848324239254,0.5373651385307312,-0.007350114174187183,0.5300150513648987
3.68,0.05,0.075,0.0,-0.020101381791548203,0.013476597170170752,-0.22769192003125305,-0.15375801920890808,0.2693629711866379,0.11855407983064656,0.28,0.16144592016935347,1.0817984342575073,0.08825980871915817,1.0860460996627808,0.04623427242040634,0.028287990018725395,-0.3783744275569916,0.017821433022618294,-0.36055299639701843,-0.005078829359263182,-0.005549874156713486,-0.38401681184768677,-0.0034964208025485277,-0.3875132203102112,-0.0002545490860939026,-0.018855445086956024,-0.3552921414375305,-0.011878930032253265,-0.3671710789203644,-0.060165271162986755,-0.05965007096529007,-0.30116456747055054,-0.03757954388856888,-0.3387441039085388,-0.06456324458122253,-0.06955113261938095,-0.2385258674621582,-0.04381721466779709,-0.2823430895805359,0.04847896471619606,0.044570326805114746,-0.18692389130592346,0.028079304844141006,-0.15884459018707275,0.023510461673140526,0.05129179358482361,-0.2615315020084381,0.03231383115053177,-0.22921767830848694,0.040746115148067474,0.03626733273267746,-0.18244042992591858,0.022848419845104218,-0.15959200263023376,0.05186412110924721,0.062419913709163666,0.0941670835018158,0.03932454437017441,0.1334916353225708,-0.00021297484636306763,-0.012823608703911304,0.40271812677383423,-0.00807887315750122,0.394639253616333,0.0033740848302841187,-0.00715456809848547,0.5460323095321655,-0.004507377743721008,0.5415249466896057
3.7,0.05,0.075,0.0,-0.025473486312816405,0.011316508372042062,-0.23427991727013917,-0.15956304967403412,0.2606554254889488,0.1124587978422642,0.28,0.16754120215773582,1.087066888809204,0.08783894032239914,1.0864990949630737,0.04206002503633499,0.0324195995926857,-0.37186747789382935,0.02042434737086296,-0.3514431416988373,0.007052428089082241,-0.0017691832035779953,-0.385916531085968,-0.0011145854368805885,-0.38703110814094543,-0.0066957008093595505,-0.015207521617412567,-0.36500564217567444,-0.009580738842487335,-0.3745863735675812,-0.028323139995336533,-0.05025199055671692,-0.3156605660915375,-0.031658753752708435,-0.3473193049430847,-0.07144632190465927,-0.0701196938753128,-0.25328052043914795,-0.0441754050552845,-0.29745593667030334,0.010839737020432949,0.03445114940404892,-0.19733268022537231,0.02170422486960888,-0.1756284534931183,0.09554164111614227,0.06456674635410309,-0.24734872579574585,0.04067704826593399,-0.20667168498039246,0.031777843832969666,0.03492048382759094,-0.18943488597869873,0.0219999048858881,-0.16743497550487518,0.061710651963949203,0.06220713257789612,0.07291626185178757,0.039190493524074554,0.11210675537586212,-0.01706947200000286,-0.014097367413341999,0.38823816180229187,-0.0088813416659832,0.37935683131217957,-0.010943697765469551,-0.008291306905448437,0.5526508688926697,-0.005223523359745741,0.5474273562431335
3.72,0.05,0.075,0.0,-0.029499316557678262,0.010139995187786499,-0.22955107753061701,-0.16210639476776123,0.25684040784835815,0.10978828549385075,0.28,0.17021171450614928,1.089721918106079,0.08580150455236435,1.0867260694503784,0.04595053195953369,0.036478880792856216,-0.363553524017334,0.022981693968176842,-0.3405718207359314,0.004618299193680286,0.0001470616552978754,-0.3857501149177551,9.26488428376615e-05,-0.3856574594974518,-0.0025294404476881027,-0.011404097080230713,-0.3730386793613434,-0.007184580899775028,-0.38022327423095703,-0.04336092993617058,-0.04818467050790787,-0.3293861746788025,-0.03035634197294712,-0.35974252223968506,-0.0673336461186409,-0.0692838802933693,-0.26841533184051514,-0.043648842722177505,-0.31206417083740234,0.026009012013673782,0.03191850706934929,-0.20915350317955017,0.0201086588203907,-0.18904484808444977,0.050628818571567535,0.06038536876440048,-0.2315838783979416,0.03804278373718262,-0.19354109466075897,0.03269427269697189,0.03425262123346329,-0.19432388246059418,0.02157915197312832,-0.1727447360754013,0.05687595158815384,0.060607779771089554,0.052210982888936996,0.03818289935588837,0.09039388597011566,-0.03120538964867592,-0.019229773432016373,0.3722040355205536,-0.012114756740629673,0.3600892722606659,-0.011237364262342453,-0.009175123646855354,0.5571532845497131,-0.005780328065156937,0.5513729453086853
3.74,0.05,0.075,0.0,-0.03369749933355715,0.0101507003602329,-0.22303821516660793,-0.15505912899971008,0.2674113065004349,0.11718791455030445,0.28,0.16281208544969558,1.0897328853607178,0.08174001425504684,1.0866343975067139,0.043753981590270996,0.0386614128947258,-0.3535858690738678,0.024356689304113388,-0.3292291760444641,0.008648308925330639,0.002697436138987541,-0.38352060317993164,0.001699384767562151,-0.3818212151527405,0.01009917352348566,-0.004953115247189999,-0.3792431056499481,-0.003120462642982602,-0.38236355781555176,-0.04379292577505112,-0.04686714708805084,-0.3420882821083069,-0.029526302590966225,-0.37161457538604736,-0.06968119740486145,-0.06940307468175888,-0.2836511433124542,-0.0437239371240139,-0.3273750841617584,0.021616917103528976,0.028828028589487076,-0.22216834127902985,0.018161658197641373,-0.20400668680667877,0.032805588096380234,0.0521114356815815,-0.214397594332695,0.03283020481467247,-0.18156738579273224,0.027986913919448853,0.03237290680408478,-0.1970575749874115,0.020394930616021156,-0.1766626387834549,0.048295870423316956,0.056914206594228745,0.03226223960518837,0.03585594892501831,0.06811818480491638,-0.02183932065963745,-0.020012637600302696,0.35477912425994873,-0.012607961893081665,0.34217116236686707,-0.004371261224150658,-0.007733964826911688,0.5594937801361084,-0.004872397985309362,0.5546213984489441
3.7600000000000002,0.05,0.075,0.0,-0.038541347982276764,0.009615434648297247,-0.2228208789253768,-0.16667261719703674,0.24999107420444489,0.10499375194311145,0.28,0.17500624805688858,1.0870983600616455,0.08066677302122116,1.0832587480545044,0.04888984560966492,0.041729941964149475,-0.3421483635902405,0.026289863511919975,-0.31585851311683655,-0.002040002029389143,0.0012762045953422785,-0.3792691230773926,0.0008040089160203934,-0.37846511602401733,0.029885489493608475,0.005498466081917286,-0.3835044503211975,0.003464033594354987,-0.38004040718078613,-0.056772079318761826,-0.049838628619909286,-0.3535325825214386,-0.031398337334394455,-0.38493090867996216,-0.058310315012931824,-0.06607525050640106,-0.29870694875717163,-0.04162740707397461,-0.34033435583114624,0.03119659051299095,0.029538597911596298,-0.23613713681697845,0.018609317019581795,-0.2175278216600418,0.04209871217608452,0.049107618629932404,-0.1959650218486786,0.03093780018389225,-0.1650272160768509,0.0249110609292984,0.030134351924061775,-0.1976081281900406,0.018984641879796982,-0.1786234825849533,0.05486498028039932,0.05629944056272507,0.013273315504193306,0.03546864911913872,0.04874196648597717,-0.01618833839893341,-0.018865346908569336,0.3361409604549408,-0.01188516803085804,0.3242557942867279,-0.006473379209637642,-0.007355789188295603,0.5596484541893005,-0.004634147044271231,0.5550143122673035
3.7800000000000002,0.05,0.075,0.0,-0.041914054144376156,0.010151639005160688,-0.2106028472871643,-0.13505439460277557,0.29741840809583664,0.13819288566708568,0.28,0.14180711433291435,1.0818428993225098,0.08045497536659241,1.0771745443344116,0.06720162183046341,0.049371443688869476,-0.32945194840431213,0.031104009598493576,-0.29834794998168945,-0.0027697812765836716,6.2408740632236e-05,-0.37307411432266235,3.931750688934699e-05,-0.373034805059433,0.03602442145347595,0.014656253159046173,-0.3857441246509552,0.009233439341187477,-0.3765106797218323,-0.06309685111045837,-0.05381609499454498,-0.363508015871048,-0.03390413895249367,-0.39741215109825134,-0.058419883251190186,-0.06377863883972168,-0.3133050501346588,-0.04018054157495499,-0.3534855842590332,0.027144066989421844,0.028820239007472992,-0.25080227851867676,0.01815675012767315,-0.23264552652835846,0.021046001464128494,0.0406891331076622,-0.17647399008274078,0.025634152814745903,-0.15083983540534973,0.017130069434642792,0.026233067736029625,-0.19596993923187256,0.016526833176612854,-0.1794431060552597,0.05131707340478897,0.0548047311604023,-0.004562279675155878,0.03452698141336441,0.02996470220386982,-0.027403969317674637,-0.021426934748888016,0.31647950410842896,-0.013498968444764614,0.30298054218292236,-0.007693078368902206,-0.007456975989043713,0.5576157569885254,-0.004697894677519798,0.5529178380966187
3.8000000000000003,0.05,0.075,0.0,-0.04569532079763595,0.011765941507915477,-0.18998641890450063,-0.14410918951034546,0.2838362157344818,0.1286853510141373,0.28,0.15131464898586272,1.074015736579895,0.08104676008224487,1.0672873258590698,0.05624328553676605,0.05143299698829651,-0.3157307803630829,0.03240278735756874,-0.28332799673080444,-0.004175063222646713,-0.0012088328367099166,-0.365049809217453,-0.0007615647045895457,-0.36581137776374817,0.046615637838840485,0.024244070053100586,-0.38592082262039185,0.015273763798177242,-0.3706470727920532,-0.06899406760931015,-0.05836948752403259,-0.3718305826187134,-0.036772776395082474,-0.40860337018966675,-0.048605695366859436,-0.05922675505280495,-0.3271762430667877,-0.03731285408139229,-0.3644891083240509,0.024141427129507065,0.027416594326496124,-0.26589325070381165,0.017272453755140305,-0.24862079322338104,0.03920694813132286,0.04024447873234749,-0.1561231166124344,0.025354022160172462,-0.13076908886432648,0.01743394136428833,0.02359333075582981,-0.19215966761112213,0.014863798394799232,-0.17729586362838745,0.049699027091264725,0.053273022174835205,-0.02106279321014881,0.03356200456619263,0.012499211356043816,-0.02310469187796116,-0.021930262446403503,0.2959951162338257,-0.013816065154969692,0.282179057598114,-0.02388881705701351,-0.01238652877509594,0.55341637134552,-0.007803513202816248,0.5456128716468811
3.8200000000000003,0.05,0.075,0.0,-0.04994340202902331,0.01518034895507686,-0.16476187764724257,-0.13254377245903015,0.3011843413114548,0.14082903891801837,0.28,0.13917096108198165,1.063688039779663,0.07609885185956955,1.0560697317123413,0.04087820649147034,0.04826655983924866,-0.30123797059059143,0.03040793165564537,-0.27083003520965576,-0.012335245497524738,-0.004546756856143475,-0.3553442060947418,-0.0028644567355513573,-0.35820865631103516,0.0370497852563858,0.02808578498661518,-0.3840312957763672,0.01769404485821724,-0.36633723974227905,-0.04579678922891617,-0.054597679525613785,-0.3783468008041382,-0.03439653664827347,-0.41274333000183105,-0.04372289776802063,-0.0545755997300148,-0.34006467461586,-0.03438262641429901,-0.3744472861289978,0.016839001327753067,0.024243315681815147,-0.2811317443847656,0.015273288823664188,-0.2658584415912628,0.009646758437156677,0.031065162271261215,-0.13511981070041656,0.019571052864193916,-0.1155487596988678,0.0024826936423778534,0.01726013980805874,-0.18621616065502167,0.010873887687921524,-0.17534227669239044,0.047324031591415405,0.051488324999809265,-0.03606007620692253,0.03243764489889145,-0.003622431308031082,-0.03557519614696503,-0.0260237418115139,0.2748965620994568,-0.016394957900047302,0.2585015892982483,-0.030083967372775078,-0.01769576221704483,0.5470930933952332,-0.011148329824209213,0.5359447598457336
3.84,0.05,0.075,0.0,-0.05150187474181655,0.01626219958149475,-0.15646422788885506,-0.12094487249851227,0.3185826912522316,0.15300788387656214,0.28,0.1269921161234379,1.0509511232376099,0.07358836382627487,1.0448310375213623,0.0349591001868248,0.04427432268857956,-0.2862407863140106,0.02789282239973545,-0.2583479583263397,-0.028335846960544586,-0.01168348453938961,-0.3441363275051117,-0.007360595278441906,-0.35149693489074707,0.052594467997550964,0.03543838858604431,-0.38011038303375244,0.022326184436678886,-0.3577842116355896,-0.06187302619218826,-0.05678028613328934,-0.3829364776611328,-0.035771578550338745,-0.41870805621147156,-0.03532756119966507,-0.04880118742585182,-0.35173264145851135,-0.030744748190045357,-0.38247740268707275,0.032443296164274216,0.026703311130404472,-0.29623672366142273,0.01682308502495289,-0.279413640499115,-0.010558838956058025,0.01857796125113964,-0.11367807537317276,0.011704115197062492,-0.10197395831346512,-0.005150936543941498,0.010536816902458668,-0.17820000648498535,0.0066381944343447685,-0.1715618073940277,0.046958304941654205,0.05012931674718857,-0.04940129816532135,0.031581468880176544,-0.017819829285144806,-0.022070739418268204,-0.024837840348482132,0.2533988058567047,-0.01564783975481987,0.23775096237659454,-0.02425081841647625,-0.0196622796356678,0.538710355758667,-0.012387235648930073,0.526323139667511
3.86,0.05,0.075,0.0,-0.053346742971812335,0.02020337668484831,-0.12811667138243946,-0.11924806982278824,0.32112789526581764,0.15478952668607238,0.28,0.12521047331392765,1.0359145402908325,0.07532662898302078,1.0264933109283447,0.05155159533023834,0.04645750671625137,-0.27101582288742065,0.029268229380249977,-0.24174758791923523,-0.013471688143908978,-0.012219944968819618,-0.3316328525543213,-0.0076985652558505535,-0.33933141827583313,0.0661250427365303,0.04464438557624817,-0.37423041462898254,0.028125962242484093,-0.3461044430732727,-0.06102895736694336,-0.058054886758327484,-0.3855149745941162,-0.036574579775333405,-0.422089546918869,-0.031120730563998222,-0.04349704831838608,-0.3619649112224579,-0.02740314044058323,-0.38936805725097656,0.019101161509752274,0.024422667920589447,-0.3109295666217804,0.015386280603706837,-0.29554328322410583,0.025338251143693924,0.02060604840517044,-0.09201642870903015,0.012981810607016087,-0.07903461903333664,0.001886492595076561,0.007941719144582748,-0.16819284856319427,0.005003282800316811,-0.16318956017494202,0.048149291425943375,0.04953530803322792,-0.06095051020383835,0.031207242980599403,-0.029743267223238945,-0.018793020397424698,-0.02302439510822296,0.2317209243774414,-0.014505368657410145,0.21721555292606354,-0.04007471352815628,-0.025786008685827255,0.5283536314964294,-0.01624518446624279,0.5121084451675415
3.88,0.05,0.075,0.0,-0.05471940856638167,0.024154767949127676,-0.1008868900192148,-0.08082927018404007,0.3787560947239399,0.19512926630675798,0.28,0.08487073369324205,1.0187056064605713,0.07556852698326111,1.0100772380828857,0.05365557223558426,0.048616923391819,-0.2558439373970032,0.030628660693764687,-0.22521527111530304,-0.008714004419744015,-0.011168163269758224,-0.31806445121765137,-0.0070359427481889725,-0.3251003921031952,0.06254032254219055,0.050013165920972824,-0.3664998412132263,0.03150829300284386,-0.33499154448509216,-0.05606870353221893,-0.0574590340256691,-0.3860347270965576,-0.036199189722537994,-0.422233909368515,-0.04724652320146561,-0.044621892273426056,-0.3705728054046631,-0.028111791238188744,-0.3986845910549164,0.007669835351407528,0.019396819174289703,-0.3249393105506897,0.012219996191561222,-0.31271931529045105,-0.0008939681574702263,0.014156043529510498,-0.0703556165099144,0.008918307721614838,-0.06143730878829956,-0.011732026934623718,0.002039595041424036,-0.15629670023918152,0.001284944824874401,-0.15501175820827484,0.04300343245267868,0.04757574573159218,-0.07059001177549362,0.02997271902859211,-0.04061729460954666,-0.020649924874305725,-0.02231205254793167,0.21008385717868805,-0.014056593179702759,0.1960272639989853,-0.03194624185562134,-0.02763407677412033,0.516128420829773,-0.017409468069672585,0.4987189471721649
3.9,0.05,0.075,0.0,-0.05599357218831963,0.029844648363377305,-0.06764248422741008,-0.0792032852768898,0.3811950720846653,0.19683655045926574,0.28,0.08316344954073429,0.9994679689407349,0.07582462579011917,0.9911893010139465,0.048012472689151764,0.04843558743596077,-0.24100488424301147,0.030514419078826904,-0.21049046516418457,-0.015054693445563316,-0.012334123253822327,-0.303681343793869,-0.007770497817546129,-0.31145185232162476,0.06744855642318726,0.055243782699108124,-0.3570612370967865,0.03480358421802521,-0.3222576379776001,-0.05453893542289734,-0.05658300220966339,-0.3844861686229706,-0.03564729169011116,-0.42013347148895264,-0.042077451944351196,-0.04385856166481972,-0.3773975372314453,-0.027630893513560295,-0.40502843260765076,0.006177886389195919,0.01543113961815834,-0.33800753951072693,0.00972161814570427,-0.32828593254089355,-0.0013414155691862106,0.009506805799901485,-0.04891636595129967,0.00598928751423955,-0.042927078902721405,-0.01582948863506317,-0.00332113029435277,-0.14263278245925903,-0.002092312090098858,-0.14472509920597076,0.04067903757095337,0.045506734400987625,-0.07822158187627792,0.028669241815805435,-0.04955234006047249,-0.01758834719657898,-0.020894940942525864,0.18870806694030762,-0.013163812458515167,0.17554426193237305,-0.03898737579584122,-0.031040064990520477,0.5021592974662781,-0.019555240869522095,0.482604056596756
3.92,0.05,0.075,0.0,-0.05696225662330714,0.035692332832067145,-0.03457645435997758,-0.08500269800424576,0.37249595299363136,0.190747167095542,0.28,0.08925283290445804,0.9783617854118347,0.07499141991138458,0.9667343497276306,0.025314828380942345,0.04149935767054558,-0.22677239775657654,0.026144595816731453,-0.20062780380249023,-0.030147120356559753,-0.017678022384643555,-0.28874877095222473,-0.011137153953313828,-0.29988592863082886,0.06898339092731476,0.05936566740274429,-0.3460886478424072,0.037400368601083755,-0.30868828296661377,-0.04207627475261688,-0.05223098397254944,-0.3808978199958801,-0.032905519008636475,-0.4138033390045166,-0.016591837629675865,-0.03567854315042496,-0.38231325149536133,-0.02247748151421547,-0.4047907292842865,0.0008599665015935898,0.011059788055717945,-0.3498932421207428,0.006967666558921337,-0.3429255783557892,0.00420754961669445,0.007917028851807117,-0.027917152270674706,0.00498772831633687,-0.022929424419999123,-0.025178011506795883,-0.009878194890916348,-0.12734033167362213,-0.006223262753337622,-0.1335635930299759,0.04050443693995476,0.044006045907735825,-0.08376744389533997,0.027723807841539383,-0.05604363605380058,-0.036194801330566406,-0.025484899058938026,0.16781140863895416,-0.016055487096309662,0.1517559289932251,-0.06663660705089569,-0.04171902686357498,0.48658862709999084,-0.026282986626029015,0.4603056311607361
3.94,0.05,0.075,0.0,-0.056930174849507575,0.042439180344897444,0.0032600732741651464,-0.06165646016597748,0.4075153097510338,0.21526071682572367,0.28,0.06473928317427635,0.9555640816688538,0.07728704065084457,0.9409862756729126,0.021838409826159477,0.03560107201337814,-0.213408961892128,0.02242867462337017,-0.19098028540611267,-0.03743886202573776,-0.023606274276971817,-0.273542195558548,-0.014871953055262566,-0.2884141504764557,0.07451624423265457,0.0639108419418335,-0.3337845206260681,0.040263831615448,-0.2935206890106201,-0.046472929418087006,-0.05050356686115265,-0.3753358721733093,-0.0318172462284565,-0.4071531295776367,-0.011806229129433632,-0.028516847640275955,-0.3852292597293854,-0.017965614795684814,-0.4031948745250702,0.010171945206820965,0.010793435387313366,-0.3603771924972534,0.006799864117056131,-0.35357731580734253,-0.006835007108747959,0.003491417970508337,-0.00757197430357337,0.0021995932329446077,-0.005372380837798119,-0.030468055978417397,-0.01605515368282795,-0.11057517677545547,-0.01011474709957838,-0.12068992108106613,0.04467257484793663,0.044206004589796066,-0.08717108517885208,0.02784978225827217,-0.05932130292057991,-0.0384146086871624,-0.029363812878727913,0.14760680496692657,-0.01849920116364956,0.12910760939121246,-0.07176710665225983,-0.050733450800180435,0.46957510709762573,-0.0319620743393898,0.43761304020881653
3.96,0.05,0.075,0.0,-0.05604881281843673,0.049891581234968896,0.043331635641279696,-0.03185868263244629,0.45221197605133057,0.24654838323593142,0.28,0.033451616764068604,0.931269645690918,0.08169470727443695,0.9163970351219177,0.026389142498373985,0.03283749520778656,-0.20116105675697327,0.02068762108683586,-0.1804734319448471,-0.03360528498888016,-0.02660597674548626,-0.25834208726882935,-0.016761764883995056,-0.2751038670539856,0.0877743661403656,0.07106989622116089,-0.3203757107257843,0.04477403312921524,-0.27560168504714966,-0.05687598139047623,-0.05241528898477554,-0.367902934551239,-0.033021632581949234,-0.40092456340789795,-0.02476298250257969,-0.02739068865776062,-0.38609179854393005,-0.017256133258342743,-0.4033479392528534,0.005377543158829212,0.00916866771876812,-0.36926600337028503,0.0057762605138123035,-0.3634897470474243,-0.007746399380266666,0.0001200726255774498,0.011911844834685326,7.564575207652524e-05,0.011987490579485893,-0.03583123907446861,-0.021987978368997574,-0.09250818192958832,-0.01385242585092783,-0.10636060684919357,0.04029230773448944,0.04303189367055893,-0.08839782327413559,0.027110092341899872,-0.06128773093223572,-0.028826450929045677,-0.029202604666352272,0.12830016016960144,-0.01839764043688774,0.1099025160074234,-0.07043620944023132,-0.05664427950978279,0.4512920677661896,-0.03568589687347412,0.41560617089271545
3.98,0.05,0.075,0.0,-0.054922123934380146,0.05775482797470637,0.08226204121205516,-0.02083948440849781,0.4687407733872533,0.2581185413710773,0.28,0.021881458628922712,0.9056931734085083,0.08113112300634384,0.8904401063919067,0.012194130569696426,0.02664448507130146,-0.1902545690536499,0.01678602583706379,-0.17346854507923126,-0.035985276103019714,-0.02941976487636566,-0.24342875182628632,-0.018534451723098755,-0.2619631886482239,0.07205797731876373,0.0713663250207901,-0.30610957741737366,0.044960785657167435,-0.2611487805843353,-0.022385478019714355,-0.04340634495019913,-0.3587360978126526,-0.027345996350049973,-0.38608208298683167,-0.026516050100326538,-0.027128297835588455,-0.38488495349884033,-0.017090827226638794,-0.4019757807254791,-0.012390679679811,0.002700863406062126,-0.3763957917690277,0.0017015439225360751,-0.37469425797462463,-0.016035843640565872,-0.004726702347397804,0.03033575415611267,-0.0029778224416077137,0.027357932180166245,-0.03926197439432144,-0.027170177549123764,-0.07332344353199005,-0.01711721159517765,-0.09044065326452255,0.032999563962221146,0.040022194385528564,-0.08743514865636826,0.02521398290991783,-0.062221165746450424,-0.036809250712394714,-0.03148459643125534,0.11008822917938232,-0.019835295155644417,0.09025293588638306,-0.07691814005374908,-0.06272643804550171,0.43192583322525024,-0.03951765596866608,0.39240819215774536
4.0,0.05,0.075,0.0,-0.053280241489199194,0.06540674286732602,0.12104043118365126,-0.011178129352629185,0.4832328059710562,0.2682629641797394,0.28,0.011737035820260644,0.8790714740753174,0.08272837847471237,0.8628234267234802,-0.009222112596035004,0.015884505584836006,-0.18089066445827484,0.010007238015532494,-0.1708834320306778,-0.051206283271312714,-0.03595571964979172,-0.2290772646665573,-0.022652102634310722,-0.2517293691635132,0.06579995900392532,0.06969641149044037,-0.29124924540519714,0.0439087375998497,-0.24734050035476685,-0.015921516343951225,-0.03516089543700218,-0.34800440073013306,-0.022151364013552666,-0.3701557517051697,-0.010630207136273384,-0.02217887155711651,-0.3816309869289398,-0.013972689397633076,-0.3956036865711212,-0.013724912889301777,-0.002226869575679302,-0.38163504004478455,-0.0014029277954250574,-0.3830379545688629,-0.018585961312055588,-0.008884480223059654,0.047512006014585495,-0.005597222596406937,0.04191478341817856,-0.05056912079453468,-0.0341898612678051,-0.05321647599339485,-0.021539611741900444,-0.07475608587265015,0.03467622399330139,0.03841840475797653,-0.08429288119077682,0.024203594774007797,-0.06008928641676903,-0.0479934960603714,-0.0364372655749321,0.0931565910577774,-0.022955477237701416,0.07020111382007599,-0.09066148847341537,-0.07110695540904999,0.41167378425598145,-0.044797383248806,0.36687639355659485
4.0200000000000005,0.05,0.075,0.0,-0.04787598917260357,0.08036745073942232,0.20716617617352112,0.022842777892947197,0.5342641668394208,0.3039849167875946,0.28,0.023984916787594568,0.8589937686920166,0.08873017877340317,0.8535920977592468,-0.015441430732607841,0.006486724130809307,-0.2104874700307846,0.004086636006832123,-0.20640084147453308,-0.052221909165382385,-0.04083557799458504,-0.2700388431549072,-0.02572641335427761,-0.2957652509212494,0.07295835763216019,0.07067499309778214,-0.3307926058769226,0.04452524706721306,-0.28626736998558044,-0.04236815124750137,-0.03732307255268097,-0.37378913164138794,-0.023513535037636757,-0.39730265736579895,0.0060782525688409805,-0.013701734133064747,-0.38561034202575684,-0.008632092736661434,-0.39424243569374084,-0.0011766264215111732,-0.0019117966294288635,-0.3625671863555908,-0.0012044318718835711,-0.36377161741256714,-0.024469077587127686,-0.013559859246015549,0.09934528917074203,-0.008542710915207863,0.09080258011817932,-0.05685926973819733,-0.0409906841814518,0.19806495308876038,-0.025824131444096565,0.17224082350730896,0.03908006101846695,0.03861690312623978,0.1177990511059761,0.024328649044036865,0.14212769269943237,-0.058460600674152374,-0.04304426535964012,0.046093348413705826,-0.027117887511849403,0.018975460901856422,-0.09948041290044785,-0.07961899042129517,0.16202345490455627,-0.050159964710474014,0.11186349391937256
4.04,0.05,0.075,0.0,-0.041515201676719564,0.0906720237281229,0.25965089489687126,0.11178382486104965,0.6676757372915745,0.39737301610410214,0.28,0.11737301610410211,0.8501384258270264,0.10101605206727982,0.8513824343681335,-0.02010011486709118,-0.0014893277548253536,-0.19852861762046814,-0.0009382764692418277,-0.19946689903736115,-0.04897429794073105,-0.04327719658613205,-0.2548799216747284,-0.027264634147286415,-0.28214454650878906,0.08024808019399643,0.07354692369699478,-0.3171643018722534,0.046334560960531235,-0.2708297371864319,-0.05926530808210373,-0.04390574246644974,-0.36594444513320923,-0.027660617604851723,-0.3936050534248352,-0.10853307694196701,-0.04215113818645477,-0.3859974145889282,-0.026555215939879417,-0.4125526249408722,-0.002759872004389763,-0.002166219288483262,-0.3710651993751526,-0.0013647181913256645,-0.37242990732192993,-0.07586744427680969,-0.03225213661789894,0.08853752911090851,-0.02031884528696537,0.06821868568658829,-0.09292074292898178,-0.05656970292329788,0.20883165299892426,-0.03563891351222992,0.17319273948669434,-0.012247903272509575,0.023357460275292397,0.13948678970336914,0.014715200290083885,0.15420198440551758,-0.01572488620877266,-0.03484845161437988,0.05724256858229637,-0.021954525262117386,0.035288043320178986,-0.12542316317558289,-0.09336024522781372,0.15160223841667175,-0.058816954493522644,0.09278528392314911
4.0600000000000005,0.05,0.075,0.0,-0.03318428690336332,0.10597839765397064,0.33153854174119535,0.08192064613103867,0.622880969196558,0.3660166784375906,0.28,0.08601667843759059,0.8405541181564331,0.11362525820732117,0.83927321434021,-0.004706326872110367,-0.0024544275365769863,-0.18795974552631378,-0.0015462893061339855,-0.18950603902339935,-0.11082354933023453,-0.06354109942913055,-0.24007165431976318,-0.04003089293837547,-0.28010255098342896,0.07745229452848434,0.07471853494644165,-0.30273786187171936,0.047072675079107285,-0.2556651830673218,-0.06824809312820435,-0.05120844766497612,-0.3564019799232483,-0.03226132318377495,-0.38866329193115234,-0.009284773841500282,-0.032291229814291,-0.3843168318271637,-0.02034347504377365,-0.40466031432151794,0.0432446114718914,0.011457030661404133,-0.3777709901332855,0.007217929232865572,-0.37055304646492004,-0.1341860294342041,-0.062832310795784,0.07588900625705719,-0.03958435729146004,0.03630464896559715,-0.1035185158252716,-0.07065434753894806,0.2176453024148941,-0.04451223835349083,0.17313306033611298,0.03385899215936661,0.026507921516895294,0.16104169189929962,0.01669999025762081,0.17774167656898499,-0.053968414664268494,-0.040584441274404526,0.07021060585975647,-0.025568198412656784,0.044642407447099686,-0.07686261832714081,-0.08841095864772797,0.14315181970596313,-0.055698905140161514,0.08745291829109192
4.08,0.05,0.075,0.0,-0.026420603301281858,0.1138896250803747,0.36291359828522146,0.12913314998149872,0.6936997249722481,0.41558980748057367,0.28,0.13558980748057364,0.8304261565208435,0.12010939419269562,0.841252863407135,-0.012104446068406105,-0.005349433049559593,-0.17897579073905945,-0.003370142774656415,-0.1823459267616272,-0.06579707562923431,-0.06421789526939392,-0.22588713467121124,-0.04045727476477623,-0.2663443982601166,0.053809456527233124,0.06844581663608551,-0.28777942061424255,0.043120864778757095,-0.24465855956077576,-0.02248046174645424,-0.042590051889419556,-0.3453376889228821,-0.02683173306286335,-0.3721694350242615,-0.15404482185840607,-0.06881731003522873,-0.38059961795806885,-0.043354906141757965,-0.4239545166492462,-0.02630235068500042,0.00012921541929244995,-0.3825608789920807,8.140571299009025e-05,-0.3824794590473175,-0.05576268583536148,-0.06071142479777336,0.06152861565351486,-0.03824819624423981,0.023280419409275055,-0.12366532534360886,-0.08655764162540436,0.22441606223583221,-0.054531313478946686,0.16988474130630493,0.014426345936954021,0.022883448749780655,0.18224407732486725,0.014416572637856007,0.19666065275669098,0.019182275980710983,-0.022654425352811813,0.08486530184745789,-0.014272287487983704,0.07059301435947418,-0.10542777180671692,-0.09351600706577301,0.13675831258296967,-0.05891508236527443,0.07784323394298553
4.1,0.05,0.075,0.0,-0.01897688243683948,0.12448174908363736,0.41275118759259294,0.150234654545784,0.725351981818676,0.43774638727307325,0.28,0.15774638727307322,0.8199833035469055,0.12840120494365692,0.8335184454917908,-0.0197494737803936,-0.00966944545507431,-0.17174240946769714,-0.00609175069257617,-0.177834153175354,-0.07858018577098846,-0.06852658092975616,-0.21258799731731415,-0.04317174479365349,-0.25575974583625793,0.05899397283792496,0.06561026722192764,-0.2725648283958435,0.04133446887135506,-0.23123036324977875,-0.007274213247001171,-0.03199530020356178,-0.3329557180404663,-0.020157039165496826,-0.35311275720596313,-0.08995010703802109,-0.07515715062618256,-0.3749143183231354,-0.047349005937576294,-0.42226332426071167,-0.030037809163331985,-0.008920892141759396,-0.38534650206565857,-0.0056201620027422905,-0.39096665382385254,-0.07687713205814362,-0.06556113809347153,0.045602697879076004,-0.04130351543426514,0.004299182444810867,-0.1420423686504364,-0.10320305824279785,0.22907495498657227,-0.06501792371273041,0.16405703127384186,0.042764175683259964,0.028847666457295418,0.20287790894508362,0.018174029886722565,0.22105193138122559,-0.023816170170903206,-0.023002948611974716,0.10105733573436737,-0.014491857960820198,0.08656547963619232,-0.10467658936977386,-0.09686417877674103,0.13248687982559204,-0.06102443113923073,0.07146245241165161
4.12,0.05,0.075,0.0,-0.012017844448246556,0.13295297881505466,0.4495132776050716,0.1521940976381302,0.7282911464571953,0.4398038025200367,0.28,0.15980380252003668,0.8094971776008606,0.1363731026649475,0.8315781354904175,-0.013263264670968056,-0.010747591033577919,-0.16639305651187897,-0.0067709824070334435,-0.17316403985023499,-0.09342306107282639,-0.07599552720785141,-0.20041953027248383,-0.04787718132138252,-0.24829670786857605,0.04980930685997009,0.0608699768781662,-0.25737470388412476,0.038348086178302765,-0.2190266251564026,-0.025386221706867218,-0.030012575909495354,-0.3194843530654907,-0.018907923251390457,-0.3383922874927521,-0.1296939253807068,-0.09151818603277206,-0.3673657774925232,-0.05765645578503609,-0.4250222444534302,-0.03521635755896568,-0.016809532418847084,-0.3860764801502228,-0.010590005666017532,-0.3966664969921112,-0.0793365091085434,-0.06969375163316727,0.02827354706823826,-0.04390706494450569,-0.015633517876267433,-0.12239623814821243,-0.10896101593971252,0.23157449066638947,-0.06864544004201889,0.16292905807495117,0.014155789278447628,0.02444010227918625,0.22273290157318115,0.015397264622151852,0.23813016712665558,-0.009378435090184212,-0.01891559548676014,0.11862168461084366,-0.011916824616491795,0.10670486092567444,-0.10760814696550369,-0.10008737444877625,0.1303810328245163,-0.06305504590272903,0.06732598692178726
4.14,0.05,0.075,0.0,-0.006030388034556547,0.1392749157536772,0.47537235025889507,0.16434678435325623,0.7465201765298843,0.452564123570919,0.28,0.172564123570919,0.7992790937423706,0.1361035257577896,0.8189009428024292,-0.015581819228827953,-0.012197859585285187,-0.163026362657547,-0.007684651296585798,-0.17071101069450378,-0.08955217897891998,-0.08006252348423004,-0.18960615992546082,-0.05043938755989075,-0.24004554748535156,0.05485858768224716,0.05906656011939049,-0.24248920381069183,0.037211932241916656,-0.20527726411819458,0.019304944202303886,-0.015217319130897522,-0.3051721155643463,-0.009586910717189312,-0.3147590160369873,-0.0688009038567543,-0.0847029983997345,-0.3580932319164276,-0.053362887352705,-0.4114561080932617,-0.014187546446919441,-0.0160229355096817,-0.3847373425960541,-0.010094448924064636,-0.3948317766189575,-0.08270738273859024,-0.07359784096479416,0.009717750363051891,-0.04636663943529129,-0.036648888140916824,-0.12897759675979614,-0.11496599018573761,0.23188920319080353,-0.07242857664823532,0.1594606339931488,0.06334877014160156,0.0361127033829689,0.2416067272424698,0.02275100350379944,0.2643577456474304,-0.021789515390992165,-0.019777771085500717,0.13737936317920685,-0.012459995225071907,0.12491936981678009,-0.07616643607616425,-0.09291109442710876,0.13046224415302277,-0.058533988893032074,0.07192825525999069
4.16,0.05,0.075,0.0,-0.0010707880571221044,0.1430417236703406,0.4904639626879857,0.1341191530227661,0.7011787295341492,0.42082511067390443,0.28,0.1408251106739044,0.7896743416786194,0.13512222468852997,0.8077222108840942,-0.10560637712478638,-0.04022041708230972,-0.1617044359445572,-0.02533886209130287,-0.18704329431056976,-0.07339879125356674,-0.07806340605020523,-0.18034732341766357,-0.04917994514107704,-0.22952726483345032,0.05249953269958496,0.0570964515209198,-0.22818289697170258,0.03597076237201691,-0.19221213459968567,-0.04414638876914978,-0.02389604039490223,-0.2902829349040985,-0.015054505318403244,-0.30533742904663086,-0.028250042349100113,-0.06776711344718933,-0.3472677171230316,-0.042693279683589935,-0.38996100425720215,0.01659649983048439,-0.006237104535102844,-0.38135382533073425,-0.003929375670850277,-0.3852832019329071,-0.06914481520652771,-0.07226192951202393,-0.00987559650093317,-0.04552501440048218,-0.05540060997009277,-0.11705414205789566,-0.11559243500232697,0.23001588881015778,-0.07282323390245438,0.1571926474571228,0.05606291443109512,0.04209776967763901,0.25930705666542053,0.0265215951949358,0.2858286499977112,-0.05534790828824043,-0.03044881299138069,0.15713922679424286,-0.019182752817869186,0.13795647025108337,-0.0913364440202713,-0.0924386978149414,0.1327296793460846,-0.05823637917637825,0.07449330389499664
4.18,0.05,0.075,0.0,0.0029971420089853927,0.14557583457960352,0.49802531075236905,0.1374732106924057,0.7062098160386086,0.42434687122702597,0.28,0.14434687122702594,0.781053364276886,0.12651120126247406,0.8015193343162537,-0.06784996390342712,-0.04850928112864494,-0.16245165467262268,-0.030560847371816635,-0.19301250576972961,-0.06307311356067657,-0.07356631755828857,-0.1728138029575348,-0.04634677991271019,-0.21916058659553528,0.03771638870239258,0.051282431930303574,-0.21471962332725525,0.032307930290699005,-0.18241170048713684,-0.015944721177220345,-0.021510643884539604,-0.2750914394855499,-0.01355170551687479,-0.28864315152168274,-0.050680600106716156,-0.06264115869998932,-0.3350888788700104,-0.03946392983198166,-0.37455281615257263,0.0055302949622273445,-0.002706884639337659,-0.37598830461502075,-0.0017053373157978058,-0.37769365310668945,-0.04877069219946861,-0.06521455943584442,-0.030306827276945114,-0.041085172444581985,-0.0713919997215271,-0.08665835857391357,-0.10691221058368683,0.22597363591194153,-0.06735469400882721,0.15861894190311432,0.05878003314137459,0.04710244759917259,0.2756534814834595,0.02967454120516777,0.30532801151275635,0.0024096518754959106,-0.02059127204120159,0.17769992351531982,-0.01297250110656023,0.16472741961479187,-0.06735735386610031,-0.08491429686546326,0.13716024160385132,-0.05349600687623024,0.08366423845291138
4.2,0.05,0.075,0.0,0.006819296604238735,0.147362052214144,0.4986576536688559,0.10643455386161804,0.6596518307924271,0.391756281554699,0.28,0.11175628155469897,0.7737987041473389,0.12284663319587708,0.7960048913955688,-0.10140840709209442,-0.064379021525383,-0.16525423526763916,-0.04055878147482872,-0.20581302046775818,-0.07028850167989731,-0.07258297502994537,-0.1671445071697235,-0.04572727531194687,-0.21287178993225098,0.02200666069984436,0.04249969869852066,-0.20234769582748413,0.026774810627102852,-0.17557288706302643,-0.02466709353029728,-0.022457579150795937,-0.2598778307437897,-0.014148274436593056,-0.274026095867157,-0.0260140560567379,-0.05165302753448486,-0.32178130745887756,-0.03254140540957451,-0.3543227016925812,0.010580060072243214,0.001279198913834989,-0.3687397241592407,0.000805895309895277,-0.36793383955955505,-0.04960378259420395,-0.06053132563829422,-0.05136774107813835,-0.03813473507761955,-0.0895024761557579,-0.08285855501890182,-0.09969611465930939,0.21980364620685577,-0.0628085508942604,0.15699508786201477,0.051179639995098114,0.04832560569047928,0.29047948122024536,0.030445130541920662,0.3209246098995209,-0.007771532982587814,-0.016745351254940033,0.19885189831256866,-0.010549571365118027,0.18830232322216034,-0.08881613612174988,-0.08608485013246536,0.14370878040790558,-0.054233454167842865,0.08947532624006271
4.22,0.05,0.075,0.0,0.010221780522347356,0.14843199821115644,0.4963530305057537,0.07622485607862473,0.6143372841179371,0.360036098882556,0.28,0.08003609888255597,0.7682889103889465,0.11924545466899872,0.7911014556884766,-0.1068274974822998,-0.0771135687828064,-0.17006050050258636,-0.048581548035144806,-0.21864205598831177,-0.049655571579933167,-0.06570475548505783,-0.16344404220581055,-0.04139399528503418,-0.20483803749084473,0.0337696373462677,0.03988067805767059,-0.1912953108549118,0.02512482739984989,-0.16617047786712646,-0.03856688737869263,-0.02729037217795849,-0.2449226826429367,-0.017192933708429337,-0.26211562752723694,-0.014613443985581398,-0.0405411534011364,-0.307590514421463,-0.025540925562381744,-0.33313143253326416,0.015576188452541828,0.00556829571723938,-0.35974183678627014,0.003508026245981455,-0.3562338054180145,-0.054135844111442566,-0.05861268192529678,-0.07284370809793472,-0.036925990134477615,-0.10976970195770264,-0.08183293789625168,-0.09433716535568237,0.21156875789165497,-0.059432413429021835,0.15213634073734283,0.04933272674679756,0.048627741634845734,0.3036339581012726,0.030635476112365723,0.3342694342136383,-0.00743099395185709,-0.013951044529676437,0.22037963569164276,-0.008789158426225185,0.2115904837846756,-0.07113763689994812,-0.08160068839788437,0.15230855345726013,-0.05140843242406845,0.10090012103319168
4.24,0.05,0.075,0.0,0.013469818177323898,0.1488914766294377,0.49289683269304047,0.09748876094818115,0.6462331414222717,0.38236319899559024,0.28,0.10236319899559021,0.7648787498474121,0.11075565218925476,0.7953245639801025,-0.08801331371068954,-0.08038349449634552,-0.1767817884683609,-0.05064160004258156,-0.22742338478565216,-0.058403611183166504,-0.06351441144943237,-0.16178062558174133,-0.040014080703258514,-0.20179471373558044,0.0014699716120958328,0.02835746668279171,-0.1817663013935089,0.017865203320980072,-0.16390109062194824,-0.0363459512591362,-0.030007045716047287,-0.23050183057785034,-0.018904438242316246,-0.24940626323223114,-0.04960107058286667,-0.04325912892818451,-0.2927781641483307,-0.027253251522779465,-0.32003140449523926,6.919447332620621e-05,0.003918565344065428,-0.3491605222225189,0.0024686960969120264,-0.3466918170452118,-0.01930408552289009,-0.04682010039687157,-0.09451588988304138,-0.029496662318706512,-0.1240125522017479,-0.0424870140850544,-0.07878211885690689,0.20135293900966644,-0.049632735550403595,0.15172019600868225,0.04348377883434296,0.04708455502986908,0.3149828016757965,0.029663270339369774,0.34464606642723083,0.03054559975862503,-0.0006020506843924522,0.2420637309551239,-0.0003792919160332531,0.2416844367980957,-0.07214232534170151,-0.07876317948102951,0.16287192702293396,-0.04962080344557762,0.11325111985206604
4.26,0.05,0.075,0.0,0.016308973165618534,0.1479860827757204,0.4824770192817763,0.05083111673593521,0.5762466751039028,0.333372672572732,0.28,0.05337267257273198,0.7638781666755676,0.11143656075000763,0.7945125102996826,-0.10687591880559921,-0.08833122253417969,-0.18529413640499115,-0.055648669600486755,-0.2409428060054779,-0.05842098593711853,-0.06198638677597046,-0.1621849536895752,-0.03905142471194267,-0.20123638212680817,0.012511538341641426,0.023603687062859535,-0.17393642663955688,0.014870322309434414,-0.1590661108493805,-0.04210730642080307,-0.03363712504506111,-0.21688124537467957,-0.021191388368606567,-0.23807263374328613,-0.001835087314248085,-0.030831914395093918,-0.277617484331131,-0.019424105063080788,-0.2970415949821472,0.01682036742568016,0.007789106108248234,-0.33719098567962646,0.004907136783003807,-0.3322838544845581,-0.057340748608112335,-0.04997629299759865,-0.11616343259811401,-0.03148506581783295,-0.14764849841594696,-0.07160215824842453,-0.07662813365459442,0.18926025927066803,-0.048275724053382874,0.14098453521728516,0.05361064523458481,0.04904238134622574,0.32441043853759766,0.03089670091867447,0.35530713200569153,-0.010859888046979904,-0.00367940217256546,0.2636832296848297,-0.0023180232383310795,0.26136520504951477,-0.07773126661777496,-0.07845360785722733,0.1752912700176239,-0.049425773322582245,0.12586548924446106
4.28,0.05,0.075,0.0,0.018587309471148054,0.1465295180677468,0.4683376855758808,0.07458768784999847,0.6118815317749977,0.3583170722424984,0.28,0.0783170722424984,0.7655310034751892,0.10574380308389664,0.801425039768219,-0.08625151216983795,-0.08770731091499329,-0.19544054567813873,-0.05525560677051544,-0.2506961524486542,-0.05447131395339966,-0.0597318671643734,-0.16464956104755402,-0.0376310758292675,-0.20228064060211182,-0.01107429526746273,0.013200292363762856,-0.1679501086473465,0.008316184394061565,-0.15963391959667206,-0.03911897540092468,-0.03528168052434921,-0.20431214570999146,-0.022227458655834198,-0.22653961181640625,-0.03514355421066284,-0.032125405967235565,-0.26238808035850525,-0.020239004865288734,-0.28262707591056824,0.012555255554616451,0.009218950755894184,-0.3240540027618408,0.005807938985526562,-0.318246066570282,-0.027559351176023483,-0.04325120896100998,-0.1375657320022583,-0.027248261496424675,-0.16481399536132812,-0.041838087141513824,-0.06619112193584442,0.17541395127773285,-0.04170040786266327,0.13371354341506958,0.0550566092133522,0.0508466511964798,0.3318207561969757,0.032033391296863556,0.36385414004325867,0.022837884724140167,0.004275784362107515,0.28501781821250916,0.002693744143471122,0.28771156072616577,-0.06461021304130554,-0.07430058717727661,0.18943999707698822,-0.0468093678355217,0.14263063669204712
4.3,0.05,0.075,0.0,0.020747484356902893,0.14449874808830898,0.4505750533162212,0.04866858571767807,0.5730028785765171,0.331102015003562,0.28,0.051102015003561985,0.7699969410896301,0.10405154526233673,0.8091580867767334,-0.08267543464899063,-0.08619774878025055,-0.2070339024066925,-0.0543045811355114,-0.261338472366333,-0.06236984580755234,-0.06052326411008835,-0.16912899911403656,-0.03812965750694275,-0.2072586566209793,-0.018124250695109367,0.003802929073572159,-0.16391772031784058,0.00239584525115788,-0.16152188181877136,-0.046691954135894775,-0.0387047603726387,-0.1930263489484787,-0.024383999407291412,-0.2174103558063507,-0.01190452091395855,-0.026059139519929886,-0.2473708540201187,-0.016417257487773895,-0.263788104057312,0.022915087640285492,0.013327792286872864,-0.3099918067455292,0.008396509103477001,-0.3015953004360199,-0.040006123483181,-0.042277682572603226,-0.1585046797990799,-0.02663493901491165,-0.18513962626457214,-0.04001006484031677,-0.058336805552244186,0.15995512902736664,-0.036752186715602875,0.12320294231176376,0.05974767357110977,0.05351696163415909,0.33713826537132263,0.033715683966875076,0.3708539605140686,0.025450680404901505,0.01062825322151184,0.305850088596344,0.00669579952955246,0.31254589557647705,-0.07714834064245224,-0.07515491545200348,0.20517393946647644,-0.047347597777843475,0.15782633423805237
4.32,0.05,0.075,0.0,0.025301779273456556,0.1425197694091144,0.4277981715415475,0.03707006573677063,0.555605098605156,0.3189235690236092,0.28,0.03892356902360916,0.7773383259773254,0.1014067754149437,0.81900954246521,-0.06420058757066727,-0.07959859818220139,-0.21986034512519836,-0.05014711618423462,-0.270007461309433,-0.05581885576248169,-0.05911194160580635,-0.17554065585136414,-0.03724052384495735,-0.2127811759710312,-0.01735059730708599,-0.0025431292597204447,-0.16191366314888,-0.001602171454578638,-0.1635158360004425,-0.0641651526093483,-0.0463428795337677,-0.18323199450969696,-0.029196014627814293,-0.2124280035495758,-0.02324017882347107,-0.0252134520560503,-0.23284277319908142,-0.01588447391986847,-0.2487272471189499,0.03673367574810982,0.02034955844283104,-0.29526379704475403,0.012820221483707428,-0.2824435830116272,-0.020586639642715454,-0.035770367830991745,-0.17876692116260529,-0.022535331547260284,-0.20130226016044617,-0.029402662068605423,-0.04965656250715256,0.14304132759571075,-0.03128363564610481,0.11175769567489624,0.06186347454786301,0.056020915508270264,0.3403087258338928,0.035293176770210266,0.3756018877029419,0.03961879387497902,0.019325416535139084,0.3259677290916443,0.01217501237988472,0.3381427526473999,-0.07448099553585052,-0.07495273649692535,0.22233277559280396,-0.047220222651958466,0.1751125454902649
4.34,0.05,0.075,0.0,0.024842171999260393,0.13920835972128573,0.41000351489556436,0.03835912048816681,0.5575386807322502,0.3202770765125752,0.28,0.04027707651257517,0.7875141501426697,0.10314857214689255,0.8337537050247192,-0.051326051354408264,-0.07111683487892151,-0.23368333280086517,-0.04480360448360443,-0.2784869372844696,-0.06203537434339523,-0.059988975524902344,-0.18376626074314117,-0.037793055176734924,-0.2215593159198761,-0.005828602239489555,-0.003528771223500371,-0.16197489202022552,-0.0022231258917599916,-0.16419801115989685,-0.11029619723558426,-0.06552886962890625,-0.17510974407196045,-0.04128318652510643,-0.21639293432235718,-0.02796008810400963,-0.026037443429231644,-0.21907177567481995,-0.01640358939766884,-0.2354753613471985,0.04736635088920593,0.028454596176743507,-0.2801416218280792,0.017926394939422607,-0.2622152268886566,-0.0058285826817154884,-0.026787832379341125,-0.19814597070217133,-0.016876334324479103,-0.21502231061458588,-0.007735241204500198,-0.03708016499876976,0.12484489381313324,-0.02336050383746624,0.10148438811302185,0.06888352334499359,0.05987969785928726,0.3412998914718628,0.03772420808672905,0.37902408838272095,0.05838240310549736,0.031042512506246567,0.3451657295227051,0.019556783139705658,0.36472252011299133,-0.07709585130214691,-0.0755956694483757,0.24074162542819977,-0.04762526974081993,0.19311635196208954
4.36,0.05,0.075,0.0,0.029057419197453995,0.13530264888936736,0.3781527892941093,0.02698538638651371,0.5404780795797706,0.3083346557058394,0.28,0.028334655705839373,0.8003823161125183,0.10391879081726074,0.8458197712898254,-0.014823617413640022,-0.05422886833548546,-0.2482479065656662,-0.0341641865670681,-0.2824120819568634,-0.0723915696144104,-0.06370975077152252,-0.1936541050672531,-0.040137141942977905,-0.23379124701023102,-0.0229817982763052,-0.009364679455757141,-0.1641002893447876,-0.005899747833609581,-0.17000003159046173,-0.10198106616735458,-0.07646452635526657,-0.16880939900875092,-0.04817265272140503,-0.21698205173015594,-0.031964704394340515,-0.027815621346235275,-0.20631186664104462,-0.017523841932415962,-0.22383570671081543,0.059472497552633286,0.037759967148303986,-0.2649041712284088,0.023788779973983765,-0.24111539125442505,0.008476005867123604,-0.016208680346608162,-0.21644432842731476,-0.010211468674242496,-0.22665579617023468,-0.0016640443354845047,-0.02645532786846161,0.10555126518011093,-0.016666855663061142,0.08888441324234009,0.07608863711357117,0.06474237889051437,0.3401016294956207,0.040787696838378906,0.38088932633399963,0.037305522710084915,0.03292141482234001,0.3632484972476959,0.020740490406751633,0.38398897647857666,-0.0782756358385086,-0.07639965415000916,0.26021289825439453,-0.048131782561540604,0.21208111941814423
4.38,0.05,0.075,0.0,0.02831121839257393,0.13242851635014627,0.36064687769717657,0.019704537466168404,0.5295568061992526,0.30068976433947686,0.28,0.020689764339476835,0.8157080411911011,0.10323639214038849,0.8583384156227112,-0.007185969036072493,-0.040116000920534134,-0.26328545808792114,-0.02527308091521263,-0.2885585427284241,-0.06730104237794876,-0.0647871345281601,-0.20502182841300964,-0.040815893560647964,-0.2458377182483673,-0.03626430034637451,-0.017434565350413322,-0.16825063526630402,-0.010983776301145554,-0.17923441529273987,-0.09426511824131012,-0.08180470764636993,-0.16444715857505798,-0.05153696611523628,-0.21598412096500397,-0.05727969855070114,-0.036654844880104065,-0.19479838013648987,-0.02309255301952362,-0.2178909331560135,0.06265335530042648,0.045227982103824615,-0.24983248114585876,0.028493627905845642,-0.22133885324001312,0.019567161798477173,-0.005475926678627729,-0.23347553610801697,-0.003449833719059825,-0.23692536354064941,0.010225500911474228,-0.015451079234480858,0.08535704761743546,-0.009734179824590683,0.07562287151813507,0.06628254055976868,0.0652044266462326,0.3367261588573456,0.04107878729701042,0.3778049349784851,0.01709773764014244,0.02817431092262268,0.3800317347049713,0.017749816179275513,0.3977815508842468,-0.0654682070016861,-0.07312022149562836,0.28054818511009216,-0.046065740287303925,0.23448243737220764
4.4,0.05,0.075,0.0,0.030525973708404177,0.126894306794923,0.3185851244051573,-0.006931989453732967,0.48960201581940055,0.2727214110735804,0.28,0.007278588926419638,0.8331790566444397,0.10433675348758698,0.8750774264335632,-0.021076075732707977,-0.034404024481773376,-0.27851858735084534,-0.021674536168575287,-0.3001931309700012,-0.06349632889032364,-0.06439989805221558,-0.21765977144241333,-0.04057193547487259,-0.2582316994667053,-0.026399387046694756,-0.020124010741710663,-0.17434939742088318,-0.01267812680453062,-0.18702752888202667,-0.09932561218738556,-0.08706098049879074,-0.16210348904132843,-0.05484841763973236,-0.2169519066810608,-0.05728907138109207,-0.042845115065574646,-0.18474365770816803,-0.026992421597242355,-0.21173608303070068,0.06377670168876648,0.050792597234249115,-0.2352045178413391,0.03199933469295502,-0.2032051831483841,0.0034791696816682816,-0.0027893977239727974,-0.24906602501869202,-0.0017573205986991525,-0.25082334876060486,0.014036260545253754,-0.006604877300560474,0.06446804106235504,-0.0041610728949308395,0.06030696630477905,0.06511273235082626,0.06517691910266876,0.33120784163475037,0.04106145724654198,0.37226930260658264,0.01802990213036537,0.0251309871673584,0.3953443765640259,0.01583252102136612,0.4111768901348114,-0.05950191617012024,-0.06903473287820816,0.30154022574424744,-0.04349188134074211,0.2580483555793762
4.42,0.05,0.075,0.0,0.02926456306127764,0.12395439636655414,0.299382158495811,-0.028837185353040695,0.45674422197043896,0.2497209553793073,0.28,0.030279044620692724,0.8524237275123596,0.10018923133611679,0.8913068771362305,-0.037464916706085205,-0.035322293639183044,-0.29366642236709595,-0.022253043949604034,-0.3159194588661194,-0.036411404609680176,-0.056003350764513016,-0.23133482038974762,-0.035282108932733536,-0.26661694049835205,-0.03779612481594086,-0.02542564459145069,-0.18228407204151154,-0.016018155962228775,-0.19830222427845,-0.07063498347997665,-0.08213318139314651,-0.16182158887386322,-0.05174390226602554,-0.21356549859046936,-0.07239963859319687,-0.051711469888687134,-0.17633315920829773,-0.032578226178884506,-0.20891138911247253,0.0488055981695652,0.05019649863243103,-0.22129011154174805,0.03162379562854767,-0.18966631591320038,0.02611694484949112,0.00588250532746315,-0.2630569338798523,0.0037059783935546875,-0.2593509554862976,0.019833315163850784,0.001326580997556448,0.04309710115194321,0.0008357460028491914,0.043932847678661346,0.04863368347287178,0.06021394953131676,0.32360297441482544,0.037934787571430206,0.36153775453567505,0.017593245953321457,0.022869665175676346,0.4090304374694824,0.014407888986170292,0.42343834042549133,-0.05327790975570679,-0.06430768966674805,0.32297515869140625,-0.040513843297958374,0.2824613153934479
4.44,0.05,0.075,0.0,0.030361237919905363,0.115985457691345,0.2485138577722763,-0.02582426741719246,0.4612635988742113,0.25288451921194793,0.28,0.027115480788052093,0.8730297088623047,0.1013069674372673,0.9078508615493774,-0.03959929198026657,-0.03660539165139198,-0.30844953656196594,-0.023061396554112434,-0.3315109312534332,-0.032301872968673706,-0.04889290779829025,-0.24579478800296783,-0.0308025311678648,-0.2765973210334778,-0.04048312455415726,-0.029942888766527176,-0.1919083446264267,-0.018864020705223083,-0.21077236533164978,-0.10505572706460953,-0.08900994062423706,-0.1636066734790802,-0.05607626214623451,-0.21968293190002441,-0.06959827989339828,-0.05707751214504242,-0.16972199082374573,-0.03595883399248123,-0.20568081736564636,0.051827240735292435,0.05068572238087654,-0.20834586024284363,0.031932003796100616,-0.1764138638973236,0.05089758709073067,0.019387030974030495,-0.27530568838119507,0.012213828973472118,-0.2630918622016907,0.03218242526054382,0.010583334602415562,0.02146201767027378,0.006667500827461481,0.028129518032073975,0.05062175914645195,0.057336293160915375,0.3139890432357788,0.03612186387181282,0.3501109182834625,-0.006971128284931183,0.013917425647377968,0.42095041275024414,0.00876797828823328,0.42971840500831604,-0.04750160127878189,-0.0592658631503582,0.3446345031261444,-0.037337493151426315,0.307297021150589
4.46,0.05,0.075,0.0,0.02837460933009757,0.11242022810909659,0.22595298731804872,-0.049979113042354584,0.4250313304364681,0.22752193130552772,0.28,0.0524780686944723,0.8945624828338623,0.10279738903045654,0.9290720820426941,-0.02509455196559429,-0.03315214067697525,-0.3225952684879303,-0.020885849371552467,-0.3434811234474182,-0.03685951977968216,-0.045282892882823944,-0.2607729732990265,-0.02852822281420231,-0.28930118680000305,-0.026379330083727837,-0.02887381985783577,-0.20304468274116516,-0.018190506845712662,-0.22123518586158752,-0.10661304742097855,-0.09429087489843369,-0.16742582619190216,-0.059403251856565475,-0.22682908177375793,-0.06945990771055222,-0.0607922300696373,-0.16503210365772247,-0.03829910606145859,-0.20333120226860046,0.06703692674636841,0.05559108406305313,-0.19661051034927368,0.03502238169312477,-0.1615881323814392,0.021199384704232216,0.01993073709309101,-0.28568747639656067,0.012556363828480244,-0.2731311023235321,0.030277416110038757,0.016491558402776718,-0.0002167413040297106,0.010389681905508041,0.010172940790653229,0.06730958819389343,0.06032828241586685,0.30246397852897644,0.03800681605935097,0.3404707908630371,0.0006145760416984558,0.0099265705794096,0.4309828579425812,0.006253739353269339,0.43723660707473755,-0.030276188626885414,-0.05056896060705185,0.36629754304885864,-0.03185844421386719,0.33443909883499146
4.48,0.05,0.075,0.0,0.027957343835680794,0.10149269660878936,0.16319797333012778,-0.07355081290006638,0.38967378064990044,0.20277164645493034,0.28,0.07722835354506968,0.9165816903114319,0.10176622122526169,0.9491372108459473,-0.01619836688041687,-0.028066009283065796,-0.33584269881248474,-0.017681585624814034,-0.3535242974758148,-0.03253880888223648,-0.041459668427705765,-0.27599310874938965,-0.026119591668248177,-0.3021126985549927,-0.036501750349998474,-0.03116219863295555,-0.21548770368099213,-0.019632184877991676,-0.23511989414691925,-0.07582598924636841,-0.0887514129281044,-0.17320860922336578,-0.05591338872909546,-0.22912199795246124,-0.07278995960950851,-0.06439155340194702,-0.16234998404979706,-0.04056667909026146,-0.20291666686534882,0.075129933655262,0.06145273894071579,-0.18630051612854004,0.03871522471308708,-0.14758528769016266,0.01760656014084816,0.01923348382115364,-0.2940964996814728,0.012117094360291958,-0.28197941184043884,0.02470613643527031,0.018955931067466736,-0.021718256175518036,0.011942236684262753,-0.009776019491255283,0.07113687694072723,0.06357085704803467,0.28914523124694824,0.04004963859915733,0.3291948735713959,-6.888061761856079e-05,0.006927934940904379,0.43902552127838135,0.004364599008113146,0.4433901309967041,-0.03098059631884098,-0.044692449271678925,0.3877435624599457,-0.02815624326467514,0.35958731174468994
4.5,0.05,0.075,0.0,0.02588471672511418,0.097865835539991,0.14241978208215814,-0.054808393120765686,0.41778741031885147,0.22245118722319607,0.28,0.05754881277680396,0.938654363155365,0.10278572887182236,0.9660938382148743,-0.010096465237438679,-0.022675147280097008,-0.3479475677013397,-0.014285342767834663,-0.36223292350769043,-0.018400441855192184,-0.03454190120100975,-0.2911744713783264,-0.021761396899819374,-0.31293585896492004,-0.04397549480199814,-0.03500618785619736,-0.22900789976119995,-0.022053897380828857,-0.2510617971420288,-0.0882941260933876,-0.08861422538757324,-0.18084834516048431,-0.05582696199417114,-0.23667530715465546,-0.0773731917142868,-0.06828604638576508,-0.16172510385513306,-0.043020207434892654,-0.2047453075647354,0.05069868639111519,0.05822652578353882,-0.1776060163974762,0.03668271005153656,-0.14092330634593964,0.0840056762099266,0.03866514191031456,-0.300447016954422,0.024359039962291718,-0.2760879695415497,0.025141991674900055,0.02081174962222576,-0.042823418974876404,0.013111402280628681,-0.029712017625570297,0.0705561414361,0.06566643714904785,0.27416855096817017,0.041369855403900146,0.3155384063720703,-0.009235584177076817,0.0020788791589438915,0.4449964165687561,0.0013096939073875546,0.44630610942840576,-0.026335911825299263,-0.03918548673391342,0.4087539613246918,-0.02468685619533062,0.3840671181678772
4.5200000000000005,0.05,0.075,0.0,0.018509277803380127,0.07843106507769305,0.030376019340884266,-0.07691321521997452,0.3846301771700382,0.19924112401902677,0.28,0.08075887598097325,0.9603659510612488,0.0992136150598526,0.9840420484542847,-0.01498639490455389,-0.02036852203309536,-0.35868653655052185,-0.012832168489694595,-0.37151870131492615,-0.014166729524731636,-0.028429348021745682,-0.3060370981693268,-0.017910489812493324,-0.32394757866859436,-0.05898533761501312,-0.04219993203878403,-0.24335592985153198,-0.026585957035422325,-0.26994189620018005,-0.047064159065485,-0.07614920288324356,-0.19020414352416992,-0.04797399789094925,-0.23817813396453857,-0.07508339732885361,-0.07032525539398193,-0.1631689816713333,-0.04430491104722023,-0.20747388899326324,0.03940039128065109,0.05257868766784668,-0.17068739235401154,0.03312457352876663,-0.1375628113746643,0.059693142771720886,0.04497354477643967,-0.3046743869781494,0.028333332389593124,-0.276341050863266,0.02614210918545723,0.022410858422517776,-0.06331715732812881,0.014118840917944908,-0.04919831454753876,0.07188379764556885,0.06753164529800415,0.2576865553855896,0.04254493489861488,0.3002314865589142,-0.020216109231114388,-0.004609617870301008,0.44883474707603455,-0.0029040591325610876,0.44593068957328796,-0.023125434294342995,-0.03436747193336487,0.4291146695613861,-0.021651506423950195,0.4074631631374359
4.54,0.05,0.075,0.0,0.01602339312343516,0.07546679076902672,0.011896239073210838,-0.10239887237548828,0.3464016914367676,0.17248118400573734,0.28,0.10751881599426269,0.9813278913497925,0.10098806023597717,1.005777359008789,-0.002952165901660919,-0.015143615193665028,-0.3678615987300873,-0.009540477767586708,-0.37740206718444824,-0.03155404329299927,-0.029366757720708847,-0.32030683755874634,-0.018501056358218193,-0.3388078808784485,-0.03080274723470211,-0.038780778646469116,-0.2582671344280243,-0.02443188987672329,-0.28269901871681213,-0.08729318529367447,-0.07949239760637283,-0.20110344886779785,-0.05008020997047424,-0.2511836588382721,-0.06713814288377762,-0.0693691223859787,-0.16665500402450562,-0.04370254650712013,-0.21035754680633545,0.07659650593996048,0.05978403240442276,-0.16567222774028778,0.03766394034028053,-0.12800829112529755,0.02403133362531662,0.03869088366627693,-0.30673548579216003,0.024375256150960922,-0.2823602259159088,0.02443719655275345,0.02301875874400139,-0.0829906240105629,0.014501817524433136,-0.06848880648612976,0.08385290950536728,0.07242802530527115,0.2398672103881836,0.045629654079675674,0.28549686074256897,0.005149355158209801,-0.0016819257289171219,0.45050138235092163,-0.0010596131905913353,0.4494417607784271,-0.03132341057062149,-0.033454254269599915,0.44861820340156555,-0.021076180040836334,0.4275420308113098
4.5600000000000005,0.05,0.075,0.0,0.006767958935166436,0.05586861154921275,-0.07994351739907885,-0.09741833806037903,0.35387249290943146,0.17771074503660206,0.28,0.10228925496339797,1.0011837482452393,0.10499787330627441,1.0225882530212402,0.03284505754709244,-0.0007470129057765007,-0.3753035068511963,-0.0004706181352958083,-0.3757741153240204,-0.022295432165265083,-0.027245359495282173,-0.33372050523757935,-0.017164576798677444,-0.3508850932121277,-0.005638232454657555,-0.028838014230132103,-0.2734665274620056,-0.018167948350310326,-0.2916344702243805,-0.11632946878671646,-0.09054352343082428,-0.2133452445268631,-0.05704241991043091,-0.2703876495361328,-0.07171069830656052,-0.07007159292697906,-0.17211885750293732,-0.04414510354399681,-0.21626396477222443,0.05935155972838402,0.05965429171919823,-0.16265302896499634,0.03758220374584198,-0.12507082521915436,0.07260842621326447,0.0488661453127861,-0.3066093325614929,0.03078567050397396,-0.2758236527442932,0.043772030621767044,0.029244739562273026,-0.10164334625005722,0.01842418499290943,-0.08321916311979294,0.0756462812423706,0.07339350134134293,0.22089208662509918,0.04623790457844734,0.2671299874782562,0.02090243622660637,0.005093383602797985,0.44997933506965637,0.003208831651136279,0.4531881809234619,-0.02080349624156952,-0.029659027233719826,0.4670657813549042,-0.01868518628180027,0.44838058948516846
4.58,0.05,0.075,0.0,0.004167455876389577,0.05323517806390243,-0.09172202974571093,-0.12864907085895538,0.3070263937115669,0.1449184755980969,0.28,0.13508152440190313,1.0196125507354736,0.1048293486237526,1.0358930826187134,0.021099768579006195,0.0058070216327905655,-0.38087502121925354,0.0036584236659109592,-0.3772166073322296,-0.021165823563933372,-0.025421500205993652,-0.34603071212768555,-0.016015544533729553,-0.3620462417602539,-0.03247001767158508,-0.029927615076303482,-0.2886737585067749,-0.018854398280382156,-0.30752816796302795,-0.07542986422777176,-0.0860094279050827,-0.2267037332057953,-0.05418593809008598,-0.2808896601200104,-0.06171698123216629,-0.06756521016359329,-0.17945978045463562,-0.04256608337163925,-0.22202587127685547,0.04166330769658089,0.054256998002529144,-0.16168548166751862,0.03418190777301788,-0.12750357389450073,0.08101800829172134,0.058511704206466675,-0.30429720878601074,0.03686237335205078,-0.26743483543395996,0.03696426376700401,0.03156059607863426,-0.11908523738384247,0.0198831744492054,-0.09920206665992737,0.08254721015691757,0.07613961398601532,0.20095454156398773,0.047967955470085144,0.24892249703407288,-0.00297568179666996,0.002672663889825344,0.44727393984794617,0.001683778245933354,0.4489577114582062,-0.03521712124347687,-0.031326454132795334,0.4842694401741028,-0.01973566599190235,0.4645337760448456
4.6000000000000005,0.05,0.075,0.0,-0.005938690778901026,0.03569901684703118,-0.1616607147176665,-0.13250117003917694,0.3012482449412346,0.14087377145886426,0.28,0.13912622854113577,1.036331295967102,0.10157626867294312,1.0479103326797485,0.03740987181663513,0.01528787799179554,-0.38447335362434387,0.009631362743675709,-0.37484198808670044,-0.01585553213953972,-0.022551709786057472,-0.3570104241371155,-0.014207577332854271,-0.3712179958820343,-0.03478875756263733,-0.031385958194732666,-0.30360835790634155,-0.019773153588175774,-0.3233815133571625,-0.05863210931420326,-0.07779623568058014,-0.24093253910541534,-0.049011629074811935,-0.2899441719055176,-0.06760355830192566,-0.06757671386003494,-0.18854238092899323,-0.04257332906126976,-0.23111571371555328,0.049072880297899246,0.052701763808727264,-0.16278743743896484,0.03320211172103882,-0.12958532571792603,0.056448761373758316,0.0578928217291832,-0.2998226583003998,0.03647247701883316,-0.2633501887321472,0.04412431642413139,0.03532971441745758,-0.13513855636119843,0.022257719188928604,-0.11288084089756012,0.07096561044454575,0.07458741217851639,0.18025776743888855,0.04699007049202919,0.22724783420562744,-0.019770294427871704,-0.004060224164277315,0.44241270422935486,-0.002557941246777773,0.43985477089881897,-0.014626611024141312,-0.026316501200199127,0.500053882598877,-0.016579395160079002,0.4834744930267334
4.62,0.05,0.075,0.0,-0.008152123353323364,0.03357191571102017,-0.17285915980275166,-0.146784707903862,0.279822938144207,0.12587605670094493,0.28,0.1541239432990551,1.0510956048965454,0.09810877591371536,1.0609749555587769,0.03217935562133789,0.02035532146692276,-0.3860321640968323,0.012823852710425854,-0.37320831418037415,-0.006821226328611374,-0.017832566052675247,-0.36645710468292236,-0.011234516277909279,-0.3776916265487671,-0.021809177473187447,-0.028512923046946526,-0.3179948627948761,-0.017963141202926636,-0.33595800399780273,-0.053858235478401184,-0.07061482965946198,-0.2557692527770996,-0.04448734223842621,-0.300256609916687,-0.07656381279230118,-0.07027284801006317,-0.1991991251707077,-0.04427189379930496,-0.24347102642059326,0.043616194278001785,0.04997609183192253,-0.16593855619430542,0.0314849391579628,-0.13445362448692322,0.058645181357860565,0.05811852961778641,-0.2932312786579132,0.03661467507481575,-0.25661659240722656,0.045433517545461655,0.03836085647344589,-0.14963971078395844,0.024167340248823166,-0.12547236680984497,0.0644957572221756,0.07155991345643997,0.15901267528533936,0.04508274421095848,0.20409542322158813,-0.010618695057928562,-0.0060277655720710754,0.43544524908065796,-0.0037974922452121973,0.43164774775505066,0.005913618952035904,-0.016647465527057648,0.5142582058906555,-0.010487902909517288,0.5037702918052673
4.64,0.05,0.075,0.0,-0.013570117737244747,0.026870513324679123,-0.1991304952755853,-0.15180356800556183,0.27229464799165726,0.1206062535941601,0.28,0.15939374640583992,1.0637000799179077,0.09414540231227875,1.0691664218902588,0.02653217874467373,0.022208377718925476,-0.38552266359329224,0.013991277664899826,-0.3715313971042633,0.00904629286378622,-0.00976890791207552,-0.37419652938842773,-0.006154411938041449,-0.3803509473800659,-0.028451567515730858,-0.028494516387581825,-0.3315679728984833,-0.017951544374227524,-0.3495195209980011,-0.03315707668662071,-0.059377506375312805,-0.2709401845932007,-0.037407830357551575,-0.30834800004959106,-0.07372742146253586,-0.07130922377109528,-0.2112334817647934,-0.04492481052875519,-0.2561582922935486,0.02985597401857376,0.04394005611538887,-0.17108072340488434,0.027682235464453697,-0.1433984935283661,0.0729009136557579,0.06255324184894562,-0.2845902740955353,0.03940854221582413,-0.24518173933029175,0.03816235065460205,0.03830130398273468,-0.1624409407377243,0.024129820987582207,-0.13831111788749695,0.061431385576725006,0.06852135062217712,0.13743574917316437,0.04316845163702965,0.18060420453548431,-0.036150235682725906,-0.015064505860209465,0.42644253373146057,-0.009490638971328735,0.41695189476013184,0.00767364539206028,-0.009351132437586784,0.5267376899719238,-0.005891213193535805,0.5208464860916138
4.66,0.05,0.075,0.0,-0.02035609614898494,0.020831007073273348,-0.23055062571899843,-0.15454000234603882,0.2681899964809418,0.11773299753665928,0.28,0.16226700246334075,1.0739778280258179,0.09140223264694214,1.077450156211853,0.038504406809806824,0.027097187936306,-0.38295429944992065,0.017071228474378586,-0.36588308215141296,0.003471365198493004,-0.0057968259789049625,-0.3800859749317169,-0.0036520003341138363,-0.3837379813194275,-0.022708943113684654,-0.026758845895528793,-0.34407728910446167,-0.016858072951436043,-0.36093536019325256,-0.047740861773490906,-0.055886510759592056,-0.2861655652523041,-0.03520850092172623,-0.3213740587234497,-0.06697915494441986,-0.07001020014286041,-0.22442349791526794,-0.04410642758011818,-0.2685299217700958,0.04572945460677147,0.04447687417268753,-0.17811910808086395,0.028020430356264114,-0.15009868144989014,0.044964276254177094,0.05727655068039894,-0.27398765087127686,0.03608422726392746,-0.2379034161567688,0.040412694215774536,0.038934722542762756,-0.1734117716550827,0.024528875946998596,-0.1488828957080841,0.05863761901855469,0.06555622816085815,0.1157468780875206,0.04130042344331741,0.157047301530838,-0.03612091392278671,-0.021381428465247154,0.4154963195323944,-0.013470299541950226,0.4020260274410248,0.010798824951052666,-0.003306145081296563,0.5373651385307312,-0.0020828712731599808,0.5352822542190552
4.68,0.05,0.075,0.0,-0.024984897604876943,0.017857747686456607,-0.24372540931350714,-0.16502878069877625,0.25245682895183563,0.10671978026628498,0.28,0.17328021973371505,1.0817984342575073,0.08860476315021515,1.0851248502731323,0.03608488291501999,0.029793497174978256,-0.3783744275569916,0.018769903108477592,-0.35960453748703003,-0.0023604286834597588,-0.00476590683683753,-0.38401681184768677,-0.00300252134911716,-0.3870193362236023,-0.00522596575319767,-0.02029898203909397,-0.3552921414375305,-0.012788358144462109,-0.3680804967880249,-0.06013005971908569,-0.05715957656502724,-0.30116456747055054,-0.036010533571243286,-0.3371751010417938,-0.06086227297782898,-0.0672658234834671,-0.2385258674621582,-0.04237746819853783,-0.28090333938598633,0.04722842201590538,0.045302338898181915,-0.18692389130592346,0.0285404734313488,-0.15838341414928436,0.03876621276140213,0.05172345042228699,-0.2615315020084381,0.03258577361702919,-0.22894573211669922,0.04012840986251831,0.0392928272485733,-0.18244042992591858,0.0247544813901186,-0.15768595039844513,0.058576252311468124,0.06346223503351212,0.0941670835018158,0.039981208741664886,0.13414829969406128,-0.013842715881764889,-0.019119814038276672,0.40271812677383423,-0.012045483104884624,0.3906726539134979,0.0037437323480844498,-0.001191181712783873,0.5460323095321655,-0.0007504444802179933,0.5452818870544434
4.7,0.05,0.075,0.0,-0.029188502231867516,0.0163556180535094,-0.24631862585434186,-0.1698164939880371,0.24527525901794434,0.10169268131256107,0.28,0.17830731868743896,1.087066888809204,0.08600999414920807,1.0883365869522095,0.042368024587631226,0.03356585651636124,-0.37186747789382935,0.021146489307284355,-0.35072100162506104,0.003381527028977871,-0.002321676816791296,-0.385916531085968,-0.0014626564225181937,-0.3873791992664337,0.00228218175470829,-0.013524632900953293,-0.36500564217567444,-0.00852051842957735,-0.3735261559486389,-0.0496310330927372,-0.054901015013456345,-0.3156605660915375,-0.034587640315294266,-0.35024821758270264,-0.0636681541800499,-0.06618651747703552,-0.25328052043914795,-0.04169750586152077,-0.2949780225753784,0.03158778324723244,0.04118797183036804,-0.19733268022537231,0.02594842202961445,-0.17138426005840302,0.050942547619342804,0.05148917809128761,-0.24734872579574585,0.03243818134069443,-0.21491053700447083,0.041451700031757355,0.0399404913187027,-0.18943488597869873,0.025162508711218834,-0.16427238285541534,0.05604106932878494,0.06123588606715202,0.07291626185178757,0.03857860714197159,0.11149486899375916,-0.006068514660000801,-0.015204424038529396,0.38823816180229187,-0.009578786790370941,0.37865936756134033,-0.004795982502400875,-0.002272621961310506,0.5526508688926697,-0.001431751879863441,0.55121910572052
4.72,0.05,0.075,0.0,-0.032419057153772746,0.0172225519533141,-0.2424052980939618,-0.1634902060031891,0.25476469099521637,0.10833528369665149,0.28,0.17166471630334854,1.089721918106079,0.08543272316455841,1.0888365507125854,0.053392209112644196,0.039513763040304184,-0.363553524017334,0.02489367127418518,-0.3386598527431488,-0.0001630634069442749,-0.0016740927239879966,-0.3857501149177551,-0.0010546784615144134,-0.3868047893047333,0.016410011798143387,-0.004544239491224289,-0.3730386793613434,-0.0028628709260374308,-0.37590155005455017,-0.061623714864254,-0.05691782385110855,-0.3293861746788025,-0.03585822880268097,-0.36524438858032227,-0.06307439506053925,-0.0652528777718544,-0.26841533184051514,-0.04110931232571602,-0.30952465534210205,0.033897191286087036,0.0390007384121418,-0.20915350317955017,0.024570465087890625,-0.18458303809165955,0.046051025390625,0.0498577356338501,-0.2315838783979416,0.031410373747348785,-0.2001734972000122,0.03251282870769501,0.03771219402551651,-0.19432388246059418,0.02375868149101734,-0.17056520283222198,0.05815134942531586,0.06031052768230438,0.052210982888936996,0.037995632737874985,0.09020661562681198,-0.01471636537462473,-0.015058007091283798,0.3722040355205536,-0.009486543945968151,0.36271747946739197,-0.0071073006838560104,-0.0037230257876217365,0.5571532845497131,-0.0023455063346773386,0.5548077821731567
4.74,0.05,0.075,0.0,-0.035947372285973146,0.01764796585337323,-0.23599688783787295,-0.15811729431152344,0.26282405853271484,0.11397684097290042,0.28,0.1660231590270996,1.0897328853607178,0.0836108848452568,1.0854820013046265,0.06199410557746887,0.0462578684091568,-0.3535858690738678,0.029142456129193306,-0.32444339990615845,-0.0007057045586407185,-0.0013835763093084097,-0.38352060317993164,-0.0008716530865058303,-0.38439226150512695,0.013791810721158981,0.0009565758518874645,-0.3792431056499481,0.000602642772719264,-0.37864047288894653,-0.04202553629875183,-0.052450135350227356,-0.3420882821083069,-0.03304358571767807,-0.37513187527656555,-0.06391490250825882,-0.06485148519277573,-0.2836511433124542,-0.040856435894966125,-0.32450759410858154,0.023348253220319748,0.034304991364479065,-0.22216834127902985,0.021612145006656647,-0.2005561888217926,0.04396452382206917,0.04808977246284485,-0.214397594332695,0.030296556651592255,-0.18410104513168335,0.028870537877082825,0.035059697926044464,-0.1970575749874115,0.02208760939538479,-0.17496997117996216,0.05445194989442825,0.05855295807123184,0.03226223960518837,0.03688836470246315,0.06915060430765152,-0.0247811172157526,-0.017974939197301865,0.35477912425994873,-0.011324211955070496,0.34345489740371704,-0.01340244896709919,-0.006626852788031101,0.5594937801361084,-0.004174917005002499,0.5553188920021057
4.76,0.05,0.075,0.0,-0.038830970245776156,0.01793298377947803,-0.22696741410975912,-0.14884015917778015,0.2767397612333298,0.12371783286333088,0.28,0.15628216713666915,1.0870983600616455,0.07886327803134918,1.0830847024917603,0.04011912643909454,0.04441624507308006,-0.3421483635902405,0.027982234954833984,-0.3141661286354065,-0.009754386730492115,-0.003894819412380457,-0.3792691230773926,-0.002453736262395978,-0.3817228674888611,0.013714142143726349,0.0047838459722697735,-0.3835044503211975,0.0030138229485601187,-0.38049063086509705,-0.049451593309640884,-0.051550574600696564,-0.3535325825214386,-0.03247686102986336,-0.38600945472717285,-0.05422531068325043,-0.06166363134980202,-0.29870694875717163,-0.038848087191581726,-0.33755505084991455,0.030419524759054184,0.03313935175538063,-0.23613713681697845,0.020877791568636894,-0.2152593433856964,0.01367225032299757,0.03776451572775841,-0.1959650218486786,0.023791644722223282,-0.1721733808517456,0.019135184586048126,0.030282342806458473,-0.1976081281900406,0.019077876582741737,-0.1785302460193634,0.0528779961168766,0.05685047060251236,0.013273315504193306,0.03581579774618149,0.049089111387729645,-0.027050765231251717,-0.020697686821222305,0.3361409604549408,-0.013039542362093925,0.3231014311313629,-0.017450643703341484,-0.009873989969491959,0.5596484541893005,-0.006220613606274128,0.5534278154373169
4.78,0.05,0.075,0.0,-0.04130071273501632,0.01910983655156894,-0.21563812843314434,-0.1502605676651001,0.27460914850234985,0.12222640395164494,0.28,0.15777359604835509,1.0818428993225098,0.07872724533081055,1.0770553350448608,0.047032564878463745,0.0452011413872242,-0.32945194840431213,0.028476718813180923,-0.3009752333164215,-0.00939156860113144,-0.0055438438430428505,-0.37307411432266235,-0.0034926217049360275,-0.37656673789024353,0.0341092124581337,0.013581456616520882,-0.3857441246509552,0.008556317538022995,-0.3771878182888031,-0.06427214294672012,-0.05536704510450363,-0.363508015871048,-0.034881237894296646,-0.3983892500400543,-0.05031367391347885,-0.05825864151120186,-0.3133050501346588,-0.03670294210314751,-0.3500079810619354,0.036517854779958725,0.03415290266275406,-0.25080227851867676,0.021516328677535057,-0.22928595542907715,0.031505826860666275,0.03588690981268883,-0.17647399008274078,0.02260875329375267,-0.15386523306369781,0.018806926906108856,0.026839718222618103,-0.19596993923187256,0.016909021884202957,-0.1790609210729599,0.055440329015254974,0.056427426636219025,-0.004562279675155878,0.03554927930235863,0.030987000092864037,-0.01776810921728611,-0.019818812608718872,0.31647950410842896,-0.012485851533710957,0.3039936423301697,-0.01731458492577076,-0.012106169015169144,0.5576157569885254,-0.0076268864795565605,0.549988865852356
4.8,0.05,0.075,0.0,-0.04387238859622959,0.02027566843587514,-0.20163742358613584,-0.12976588308811188,0.3053511753678322,0.14374582275748257,0.28,0.13625417724251745,1.074015736579895,0.07787659019231796,1.0700160264968872,0.0480821430683136,0.04606544226408005,-0.3157307803630829,0.02902122773230076,-0.2867095470428467,-0.008154506795108318,-0.006327042356133461,-0.365049809217453,-0.003986036870628595,-0.36903584003448486,0.038857512176036835,0.021164271980524063,-0.38592082262039185,0.013333491049706936,-0.37258732318878174,-0.06652165949344635,-0.05871342867612839,-0.3718305826187134,-0.03698946163058281,-0.4088200330734253,-0.0539887472987175,-0.05697767436504364,-0.3271762430667877,-0.035895936191082,-0.3630721867084503,0.030052226036787033,0.03292270004749298,-0.26589325070381165,0.020741300657391548,-0.24515195190906525,0.010114808566868305,0.02815527841448784,-0.1561231166124344,0.017737824469804764,-0.13838529586791992,0.0075912028551101685,0.021065164357423782,-0.19215966761112213,0.013271053321659565,-0.17888861894607544,0.05167277902364731,0.05500103160738945,-0.02106279321014881,0.03465064987540245,0.01358785666525364,-0.026563968509435654,-0.021842360496520996,0.2959951162338257,-0.013760686852037907,0.28223443031311035,-0.013125905767083168,-0.012412089854478836,0.55341637134552,-0.007819616235792637,0.5455967783927917
4.82,0.05,0.075,0.0,-0.04593129192901027,0.02334505082537519,-0.18074653779211491,-0.13568617403507233,0.2964707389473915,0.13752951726317408,0.28,0.14247048273682594,1.063688039779663,0.07928985357284546,1.0579942464828491,0.04822833836078644,0.046714309602975845,-0.30123797059059143,0.02943001501262188,-0.2718079686164856,-0.010491152293980122,-0.007576275616884232,-0.3553442060947418,-0.004773053806275129,-0.36011725664138794,0.05555195361375809,0.0314805768430233,-0.3840312957763672,0.019832763820886612,-0.3641985356807709,-0.07962857186794281,-0.06498797237873077,-0.3783468008041382,-0.04094242304563522,-0.419289231300354,-0.037733837962150574,-0.05120452120900154,-0.34006467461586,-0.03225884959101677,-0.37232351303100586,0.03318997099995613,0.033002883195877075,-0.2811317443847656,0.02079181559383869,-0.2603399157524109,0.025321071967482567,0.027305016294121742,-0.13511981070041656,0.017202159389853477,-0.11791764944791794,0.010714055970311165,0.017959831282496452,-0.18621616065502167,0.011314693838357925,-0.17490147054195404,0.050309836864471436,0.053593672811985016,-0.03606007620692253,0.03376401215791702,-0.0022960640490055084,-0.021234525367617607,-0.021660009399056435,0.2748965620994568,-0.013645805418491364,0.261250764131546,-0.0253238994628191,-0.01628563366830349,0.5470930933952332,-0.010259948670864105,0.5368331670761108
4.84,0.05,0.075,0.0,-0.047586615216902856,0.02658950632766031,-0.1582808469980345,-0.11673308908939362,0.3249003663659096,0.15743025645613673,0.28,0.1225697435438633,1.0509511232376099,0.08009453862905502,1.0432175397872925,0.05705534666776657,0.04981662333011627,-0.2862407863140106,0.03138447180390358,-0.25485631823539734,-0.015978459268808365,-0.010096929967403412,-0.3441363275051117,-0.006361065898090601,-0.35049739480018616,0.05857798457145691,0.039609797298908234,-0.38011038303375244,0.02495417185127735,-0.35515621304512024,-0.07154721021652222,-0.06695574522018433,-0.3829364776611328,-0.04218211770057678,-0.4251185953617096,-0.036592110991477966,-0.04682079702615738,-0.35173264145851135,-0.02949710190296173,-0.3812297582626343,0.02745947614312172,0.0313398614525795,-0.29623672366142273,0.019744113087654114,-0.2764925956726074,0.011813889257609844,0.02265767753124237,-0.11367807537317276,0.014274336397647858,-0.0994037389755249,0.004637466743588448,0.013963121920824051,-0.17820000648498535,0.00879676640033722,-0.16940324008464813,0.047245629131793976,0.051689259707927704,-0.04940129816532135,0.03256423398852348,-0.016837064176797867,-0.02476894110441208,-0.022592687979340553,0.2533988058567047,-0.014233393594622612,0.23916541039943695,-0.03368853032588959,-0.021506503224372864,0.538710355758667,-0.013549096882343292,0.5251612663269043
4.86,0.05,0.075,0.0,-0.049054230422155974,0.03309917662229178,-0.11912696754500267,-0.10873131453990936,0.33690302819013596,0.1658321197330952,0.28,0.11416788026690483,1.0359145402908325,0.07817167788743973,1.028003454208374,0.04870197921991348,0.04948222637176514,-0.27101582288742065,0.03117380291223526,-0.239842027425766,-0.018201952800154686,-0.01252843625843525,-0.3316328525543213,-0.007892915047705173,-0.3395257592201233,0.05821289122104645,0.0451907254755497,-0.37423041462898254,0.028470156714320183,-0.3457602560520172,-0.061190057545900345,-0.06522604078054428,-0.3855149745941162,-0.0410924069583416,-0.4266073703765869,-0.03941492736339569,-0.044599033892154694,-0.3619649112224579,-0.02809739112854004,-0.3900623023509979,0.023098092526197433,0.02886733040213585,-0.3109295666217804,0.0181864183396101,-0.29274314641952515,-0.0033294642344117165,0.014861533418297768,-0.09201642870903015,0.009362765587866306,-0.08265366405248642,0.0011777393519878387,0.010127506218850613,-0.16819284856319427,0.00638032890856266,-0.16181251406669617,0.03955025225877762,0.04804755747318268,-0.06095051020383835,0.030269961804151535,-0.030680548399686813,-0.014732809737324715,-0.0202347245067358,0.2317209243774414,-0.012747876346111298,0.2189730405807495,-0.033512018620967865,-0.025108158588409424,0.5283536314964294,-0.015818139538168907,0.5125355124473572
4.88,0.05,0.075,0.0,-0.049593196845247677,0.036247496614356875,-0.10132551875522793,-0.10849820822477341,0.3372526876628399,0.16607688136398796,0.28,0.11392311863601207,1.0187056064605713,0.07580137252807617,1.0088410377502441,0.0560445711016655,0.051450930535793304,-0.2558439373970032,0.032414086163043976,-0.2234298586845398,-0.010246637277305126,-0.011843896470963955,-0.31806445121765137,-0.0074616544879972935,-0.3255261182785034,0.06208152323961258,0.05025796592235565,-0.3664998412132263,0.03166252002120018,-0.33483731746673584,-0.03783071041107178,-0.05700743943452835,-0.3860347270965576,-0.03591468557715416,-0.4219494163990021,-0.04524517059326172,-0.04479287564754486,-0.3705728054046631,-0.02821951173245907,-0.3987923264503479,0.002752224914729595,0.021032799035310745,-0.3249393105506897,0.013250662945210934,-0.3116886615753174,0.01906602643430233,0.016122881323099136,-0.0703556165099144,0.010157414712011814,-0.06019820272922516,-0.0006204470992088318,0.006903120316565037,-0.15629670023918152,0.00434896582737565,-0.1519477367401123,0.035978786647319794,0.04442692548036575,-0.07059001177549362,0.027988962829113007,-0.042601048946380615,-0.008075268007814884,-0.01658688858151436,0.21008385717868805,-0.01044974010437727,0.1996341198682785,-0.04187820106744766,-0.030139170587062836,0.516128420829773,-0.01898767799139023,0.4971407353878021
4.9,0.05,0.075,0.0,-0.050273568110867625,0.043815174264094675,-0.055343698530969876,-0.10037899017333984,0.34943151473999023,0.1746020603179932,0.28,0.10539793968200684,0.9994679689407349,0.07351535558700562,0.987373411655426,0.036090508103370667,0.04684280604124069,-0.24100488424301147,0.029510967433452606,-0.21149390935897827,-0.027520382776856422,-0.016546841710805893,-0.303681343793869,-0.010424510575830936,-0.3141058683395386,0.06169188767671585,0.05368814244866371,-0.3570612370967865,0.03382353112101555,-0.32323771715164185,-0.036475770175457,-0.05084793642163277,-0.3844861686229706,-0.03203419968485832,-0.416520357131958,-0.025593074038624763,-0.039032936096191406,-0.3773975372314453,-0.02459074929356575,-0.40198829770088196,0.003174462355673313,0.015675297006964684,-0.33800753951072693,0.009875437244772911,-0.32813209295272827,0.0011720722541213036,0.011637638323009014,-0.04891636595129967,0.007331712171435356,-0.04158465564250946,-0.017601627856492996,-0.0004483046941459179,-0.14263278245925903,-0.0002824319526553154,-0.14291521906852722,0.03920450061559677,0.04286019876599312,-0.07822158187627792,0.02700192481279373,-0.05121965706348419,-0.041684526950120926,-0.02411618083715439,0.18870806694030762,-0.015193194150924683,0.17351487278938293,-0.05248112976551056,-0.03684175759553909,0.5021592974662781,-0.023210307583212852,0.4789489805698395
4.92,0.05,0.075,0.0,-0.049958300790873766,0.04692303503862815,-0.03707511991511551,-0.08510851114988327,0.3723372332751751,0.19063606329262262,0.28,0.08936393670737741,0.9783617854118347,0.07261071354150772,0.9645093083381653,0.019886305555701256,0.038755856454372406,-0.22677239775657654,0.024416189640760422,-0.20235620439052582,-0.023312777280807495,-0.018576622009277344,-0.28874877095222473,-0.01170327141880989,-0.3004520535469055,0.06924839317798615,0.05835621803998947,-0.3460886478424072,0.036764416843652725,-0.3093242347240448,-0.03712701052427292,-0.04673165827989578,-0.3808978199958801,-0.029440945014357567,-0.41033875942230225,-0.023181911557912827,-0.03427762910723686,-0.38231325149536133,-0.021594906225800514,-0.4039081633090973,0.0036653345450758934,0.012072307989001274,-0.3498932421207428,0.007605554070323706,-0.34228768944740295,-0.0042652348056435585,0.006866775918751955,-0.027917152270674706,0.0043260687962174416,-0.02359108254313469,-0.021512091159820557,-0.006767441052943468,-0.12734033167362213,-0.00426348764449358,-0.13160382211208344,0.03793241083621979,0.04138186201453209,-0.08376744389533997,0.026070572435855865,-0.0576968714594841,-0.043582431972026825,-0.02995605766773224,0.16781140863895416,-0.018872316926717758,0.1489390879869461,-0.05639158934354782,-0.04270670562982559,0.48658862709999084,-0.026905223727226257,0.4596834182739258
4.94,0.05,0.075,0.0,-0.04953186204252399,0.05451299135830429,0.012088597936639425,-0.04731249064207077,0.42903126403689384,0.23032188482582572,0.28,0.04967811517417431,0.9555640816688538,0.0700875073671341,0.9439787268638611,0.01156272180378437,0.03059791587293148,-0.213408961892128,0.019276686012744904,-0.1941322684288025,-0.021921293810009956,-0.019580023363232613,-0.273542195558548,-0.012335414998233318,-0.28587761521339417,0.0607108399271965,0.05906260386109352,-0.3337845206260681,0.037209440022706985,-0.29657506942749023,-0.021443113684654236,-0.0391450971364975,-0.3753358721733093,-0.024661410599946976,-0.3999972939491272,-0.04068782180547714,-0.036200687289237976,-0.3852292597293854,-0.022806432098150253,-0.4080356955528259,-0.010764040052890778,0.005221403203904629,-0.3603771924972534,0.003289483953267336,-0.3570877015590668,-0.02133214846253395,-0.0015929020009934902,-0.00757197430357337,-0.0010035282466560602,-0.008575502783060074,-0.033019907772541046,-0.01464318111538887,-0.11057517677545547,-0.009225203655660152,-0.1198003813624382,0.03526556119322777,0.03954697027802467,-0.08717108517885208,0.024914590641856194,-0.06225649267435074,-0.032126229256391525,-0.030607108026742935,0.14760680496692657,-0.019282478839159012,0.12832432985305786,-0.04870331287384033,-0.044505685567855835,0.46957510709762573,-0.02803858183324337,0.4415365159511566
4.96,0.05,0.075,0.0,-0.048506605934414,0.058117560355569274,0.032090632059791645,-0.036868393421173096,0.44469740986824036,0.24128818690776827,0.28,0.03871181309223176,0.931269645690918,0.0749765932559967,0.9191833138465881,0.01099499873816967,0.024717042222619057,-0.20116105675697327,0.015571736730635166,-0.18558931350708008,-0.02998390607535839,-0.022701188921928406,-0.25834208726882935,-0.01430174894630909,-0.2726438343524933,0.08168701082468033,0.06584993004798889,-0.3203757107257843,0.04148545488715172,-0.2788902521133423,-0.05802270770072937,-0.04480838030576706,-0.367902934551239,-0.028229279443621635,-0.3961322009563446,-0.017974337562918663,-0.030732782557606697,-0.38609179854393005,-0.019361652433872223,-0.4054534435272217,0.005451998673379421,0.0052905818447470665,-0.36926600337028503,0.003333066590130329,-0.3659329414367676,-0.008276485837996006,-0.0035979771055281162,0.011911844834685326,-0.0022667255252599716,0.009645119309425354,-0.03982756286859512,-0.022198496386408806,-0.09250818192958832,-0.013985052704811096,-0.10649323463439941,0.042423710227012634,0.04040998965501785,-0.08839782327413559,0.02545829303562641,-0.06293953210115433,-0.03706466034054756,-0.03254437446594238,0.12830016016960144,-0.020502956584095955,0.10779720544815063,-0.06358149647712708,-0.05022842809557915,0.4512920677661896,-0.031643908470869064,0.4196481704711914
4.98,0.05,0.075,0.0,-0.047371779846950006,0.066259985630125,0.08406873489793187,-0.016398439183831215,0.4754023412242532,0.26278163885697725,0.28,0.017218361143022776,0.9056931734085083,0.08213584870100021,0.8909856081008911,0.010045001283288002,0.02031543105840683,-0.1902545690536499,0.01279872190207243,-0.1774558424949646,-0.04264648258686066,-0.02868477627635002,-0.24342875182628632,-0.018071409314870834,-0.26150014996528625,0.0889531597495079,0.07278089970350266,-0.30610957741737366,0.045851968228816986,-0.2602576017379761,-0.06794001907110214,-0.051747869700193405,-0.3587360978126526,-0.03260115906596184,-0.39133724570274353,-0.0007037203758955002,-0.021724063903093338,-0.38488495349884033,-0.013686160556972027,-0.39857110381126404,0.01292590331286192,0.0075811780989170074,-0.3763957917690277,0.004776142071932554,-0.37161964178085327,-0.011513547040522099,-0.005972648039460182,0.03033575415611267,-0.0037627683486789465,0.02657298557460308,-0.040579475462436676,-0.02771279215812683,-0.07332344353199005,-0.01745905913412571,-0.09078250080347061,0.04675930365920067,0.04231478273868561,-0.08743514865636826,0.02665831334888935,-0.060776837170124054,-0.035816580057144165,-0.03352603316307068,0.11008822917938232,-0.021121401339769363,0.08896683156490326,-0.08111052215099335,-0.0594930574297905,0.43192583322525024,-0.03748062625527382,0.3944452106952667
5.0,0.05,0.075,0.0,-0.04534983976485426,0.07086926260230651,0.10740100347652219,0.0008348450064659119,0.5012522675096989,0.2808765872567892,0.28,0.0008765872567891853,0.8790714740753174,0.08201263099908829,0.864065408706665,0.0018535852432250977,0.014776877127587795,-0.18089066445827484,0.009309432469308376,-0.1715812385082245,-0.038801029324531555,-0.03171965107321739,-0.2290772646665573,-0.019983379170298576,-0.24906064569950104,0.0681266337633133,0.07138462364673615,-0.29124924540519714,0.044972311705350876,-0.24627692997455597,-0.014336919412016869,-0.04052458330988884,-0.34800440073013306,-0.025530487298965454,-0.3735348880290985,-0.026968063786625862,-0.0232972651720047,-0.3816309869289398,-0.014677276834845543,-0.3963082730770111,-0.023182645440101624,-0.0016479692421853542,-0.38163504004478455,-0.001038220594637096,-0.3826732635498047,-0.01413100864738226,-0.008420156314969063,0.047512006014585495,-0.005304698366671801,0.04220730811357498,-0.04408300668001175,-0.032623857259750366,-0.05321647599339485,-0.02055303007364273,-0.07376950979232788,0.030878566205501556,0.03888391703367233,-0.08429288119077682,0.02449686825275421,-0.059796012938022614,-0.02195904031395912,-0.030055934563279152,0.0931565910577774,-0.01893523894250393,0.07422135025262833,-0.09423042833805084,-0.06991426646709442,0.41167378425598145,-0.04404598847031593,0.3676277995109558
5.0200000000000005,0.05,0.075,0.0,-0.03887054812820675,0.08444864671405816,0.194403670808386,0.011843157932162285,0.5177647368982434,0.2924353158287704,0.28,0.012435315828770388,0.8589937686920166,0.08443271368741989,0.8558425903320312,-0.01663244143128395,0.005354081746190786,-0.2104874700307846,0.003373071551322937,-0.20711439847946167,-0.05188915133476257,-0.037770502269268036,-0.2700388431549072,-0.023795416578650475,-0.29383426904678345,0.05808079242706299,0.0673934742808342,-0.3307926058769226,0.04245788976550102,-0.2883347272872925,0.005729544907808304,-0.026648344472050667,-0.37378913164138794,-0.016788456588983536,-0.3905775845050812,-0.02355950139462948,-0.02337593585252762,-0.38561034202575684,-0.014726839028298855,-0.40033718943595886,-0.028668902814388275,-0.009754248894751072,-0.3625671863555908,-0.0061451769433915615,-0.3687123656272888,-0.016341164708137512,-0.010796459391713142,0.09934528917074203,-0.006801769137382507,0.09254352003335953,-0.0590515062212944,-0.040552154183387756,0.19806495308876038,-0.025547856464982033,0.1725170910358429,0.03309952840209007,0.037148602306842804,0.1177990511059761,0.02340361848473549,0.1412026733160019,-0.031781286001205444,-0.030573539435863495,0.046093348413705826,-0.019261330366134644,0.026832018047571182,-0.10636696219444275,-0.08085007965564728,0.16202345490455627,-0.05093555152416229,0.11108790338039398
5.04,0.05,0.075,0.0,-0.03353418962042688,0.09046474215734261,0.24090957851707953,0.1315234750509262,0.6972852125763893,0.4180996488034725,0.28,0.13809964880347247,0.8501384258270264,0.10135401040315628,0.8487160801887512,-0.009271388873457909,0.0009664404205977917,-0.19852861762046814,0.0006088574882596731,-0.19791975617408752,-0.10812526941299438,-0.05887693166732788,-0.2548799216747284,-0.03709246590733528,-0.29197239875793457,0.08928582817316055,0.07396118342876434,-0.3171643018722534,0.04659554362297058,-0.27056875824928284,-0.09892906993627548,-0.048332564532756805,-0.36594444513320923,-0.03044951520860195,-0.39639395475387573,0.004450015723705292,-0.015028150752186775,-0.3859974145889282,-0.009467734955251217,-0.3954651355743408,0.034084491431713104,0.0033973739482462406,-0.3710651993751526,0.0021403455175459385,-0.3689248561859131,-0.09544867277145386,-0.03619212284684181,0.08853752911090851,-0.02280103787779808,0.06573648750782013,-0.07830148935317993,-0.05187695473432541,0.20883165299892426,-0.03268248215317726,0.1761491745710373,0.040961019694805145,0.038292329758405685,0.13948678970336914,0.02412416785955429,0.16361096501350403,-0.09840923547744751,-0.05092424899339676,0.05724256858229637,-0.03208227828145027,0.0251602903008461,-0.07614319771528244,-0.07943801581859589,0.15160223841667175,-0.05004594847559929,0.10155628621578217
5.0600000000000005,0.05,0.075,0.0,-0.02390875065475205,0.10506257754766654,0.3274577803947851,0.13467223942279816,0.7020083591341972,0.42140585139393805,0.28,0.14140585139393802,0.8405541181564331,0.10494066029787064,0.8476582169532776,-0.04633057862520218,-0.013222666457295418,-0.18795974552631378,-0.00833027996122837,-0.1962900310754776,-0.04814962297677994,-0.0556587390601635,-0.24007165431976318,-0.03506500646471977,-0.27513664960861206,0.03628121316432953,0.0626571923494339,-0.30273786187171936,0.03947402909398079,-0.2632638216018677,-0.0019344427855685353,-0.03441312909126282,-0.3564019799232483,-0.02168027125298977,-0.3780822455883026,-0.10776340961456299,-0.042848728597164154,-0.3843168318271637,-0.026994699612259865,-0.411311537027359,-0.055237483233213425,-0.014193084090948105,-0.3777709901332855,-0.008941642940044403,-0.3867126405239105,-0.027639616280794144,-0.03362637013196945,0.07588900625705719,-0.021184613928198814,0.054704390466213226,-0.11313974112272263,-0.07025579363107681,0.2176453024148941,-0.0442611500620842,0.1733841598033905,-0.004980834200978279,0.025310378521680832,0.16104169189929962,0.015945538878440857,0.17698723077774048,-0.037638552486896515,-0.046938542276620865,0.07021060585975647,-0.029571281746029854,0.040639325976371765,-0.12043246626853943,-0.09173635393381119,0.14315181970596313,-0.05779390409588814,0.0853579193353653
5.08,0.05,0.075,0.0,-0.018829215573612664,0.11006206447036467,0.34922744300590836,0.11229367554187775,0.6684405133128166,0.39790835931897167,0.28,0.11790835931897165,0.8304261565208435,0.11184512823820114,0.8389949202537537,0.0036969706416130066,-0.00814677495509386,-0.17897579073905945,-0.0051324679516255856,-0.18410825729370117,-0.05803486704826355,-0.056371577084064484,-0.22588713467121124,-0.035514093935489655,-0.2614012360572815,0.05900832265615463,0.06156253069639206,-0.28777942061424255,0.03878439590334892,-0.24899502098560333,-0.021737370640039444,-0.030610401183366776,-0.3453376889228821,-0.019284551963210106,-0.36462223529815674,-0.10984166711568832,-0.0629466101527214,-0.38059961795806885,-0.03965636342763901,-0.42025598883628845,-0.0035336678847670555,-0.010995258577167988,-0.3825608789920807,-0.00692701293155551,-0.3894878923892975,-0.09467265009880066,-0.051940254867076874,0.06152861565351486,-0.032722361385822296,0.028806254267692566,-0.11536625772714615,-0.0837889313697815,0.22441606223583221,-0.05278702452778816,0.17162904143333435,0.005082609131932259,0.019242048263549805,0.18224407732486725,0.01212249044328928,0.19436657428741455,-0.004683656617999077,-0.034262076020240784,0.08486530184745789,-0.02158510684967041,0.06328019499778748,-0.08781002461910248,-0.09055845439434052,0.13675831258296967,-0.057051826268434525,0.07970649003982544
5.1000000000000005,0.05,0.075,0.0,-0.01062752482609271,0.12184327761658673,0.41501652412111295,0.10904474556446075,0.6635671183466911,0.3944969828426838,0.28,0.11449698284268378,0.8199833035469055,0.12295373529195786,0.8250712156295776,-0.029332635924220085,-0.014502533711493015,-0.17174240946769714,-0.009136595763266087,-0.18087901175022125,-0.11272133886814117,-0.07327650487422943,-0.21258799731731415,-0.046164195984601974,-0.2587521970272064,0.07305648922920227,0.06501071900129318,-0.2725648283958435,0.040956754237413406,-0.2316080778837204,-0.009775352664291859,-0.024359887465834618,-0.3329557180404663,-0.015346729196608067,-0.3483024537563324,0.0016190633177757263,-0.043576907366514206,-0.3749143183231354,-0.027453452348709106,-0.4023677706718445,-0.018943890929222107,-0.013379847630858421,-0.38534650206565857,-0.008429303765296936,-0.3937758207321167,-0.08080192655324936,-0.06059875711798668,0.045602697879076004,-0.03817721828818321,0.007425479590892792,-0.1462763547897339,-0.10253515839576721,0.22907495498657227,-0.06459715217351913,0.16447779536247253,0.06550292670726776,0.03312031179666519,0.20287790894508362,0.020865796133875847,0.22374370694160461,-0.01352615561336279,-0.028041299432516098,0.10105733573436737,-0.01766601763665676,0.08339131623506546,-0.11432060599327087,-0.09768710285425186,0.13248687982559204,-0.061542876064777374,0.07094400376081467
5.12,0.05,0.075,0.0,-0.005453107835248321,0.12540325126325738,0.4458609923595273,0.16048085689544678,0.7407212853431702,0.4485048997402191,0.28,0.1685048997402191,0.8094971776008606,0.1275206059217453,0.8274184465408325,-0.027936609461903572,-0.018532756716012955,-0.16639305651187897,-0.011675636284053326,-0.17806869745254517,-0.1059136688709259,-0.08306765556335449,-0.20041953027248383,-0.052332621067762375,-0.2527521550655365,0.054838232696056366,0.06195897236466408,-0.25737470388412476,0.039034150540828705,-0.21834054589271545,-0.004017814993858337,-0.0182572640478611,-0.3194843530654907,-0.01150207594037056,-0.3309864401817322,-0.07937804609537125,-0.05431725084781647,-0.3673657774925232,-0.03421986848115921,-0.4015856385231018,-0.08015000075101852,-0.033410895615816116,-0.3860764801502228,-0.021048864349722862,-0.4071253538131714,-0.03898189216852188,-0.05411369726061821,0.02827354706823826,-0.03409162908792496,-0.005818082019686699,-0.11177859455347061,-0.10530818998813629,0.23157449066638947,-0.06634415686130524,0.16523033380508423,0.04976674169301987,0.038114242255687714,0.22273290157318115,0.024011973291635513,0.24674487113952637,0.015887688845396042,-0.014862601645290852,0.11862168461084366,-0.009363438934087753,0.1092582494020462,-0.10199601948261261,-0.09897977858781815,0.1303810328245163,-0.06235726177692413,0.06802377104759216
5.14,0.05,0.075,0.0,0.000415430505373037,0.1295960162491244,0.4827919357215407,0.1552240252494812,0.7328360378742218,0.44298522651195527,0.28,0.16298522651195524,0.7992790937423706,0.1239454448223114,0.8275591731071472,-0.07591856271028519,-0.035748500376939774,-0.163026362657547,-0.022521555423736572,-0.18554791808128357,-0.0774242952466011,-0.0813746452331543,-0.18960615992546082,-0.05126602575182915,-0.24087218940258026,0.02972811833024025,0.05228971689939499,-0.24248920381069183,0.0329425223171711,-0.20954668521881104,-0.009417077526450157,-0.015605207532644272,-0.3051721155643463,-0.009831280447542667,-0.3150033950805664,-0.06778357923030853,-0.05835714936256409,-0.3580932319164276,-0.03676500543951988,-0.3948582410812378,-0.06651955097913742,-0.04334349185228348,-0.3847373425960541,-0.02730640023946762,-0.4120437502861023,-0.025305315852165222,-0.045471180230379105,0.009717750363051891,-0.028646843507885933,-0.018929094076156616,-0.0784035176038742,-0.09723678976297379,0.23188920319080353,-0.06125917658209801,0.17063002288341522,0.058014411479234695,0.04408429190516472,0.2416067272424698,0.02777310460805893,0.2693798243999481,-0.012943673878908157,-0.014286923222243786,0.13737936317920685,-0.009000761434435844,0.12837859988212585,-0.08305806666612625,-0.09420327097177505,0.13046224415302277,-0.05934806168079376,0.071114182472229
5.16,0.05,0.075,0.0,0.005024062872345183,0.13185458729765523,0.5005300346885985,0.10870236158370972,0.6630535423755646,0.39413747966289525,0.28,0.11413747966289522,0.7896743416786194,0.11580593883991241,0.81612628698349,-0.08135153353214264,-0.049429409205913544,-0.1617044359445572,-0.03114052675664425,-0.192844957113266,-0.05340493470430374,-0.07298373430967331,-0.18034732341766357,-0.04597975313663483,-0.2263270765542984,0.025057319551706314,0.044119998812675476,-0.22818289697170258,0.02779559977352619,-0.20038729906082153,-0.03536032885313034,-0.02153174579143524,-0.2902829349040985,-0.013565000146627426,-0.30384793877601624,-0.07343143224716187,-0.06287942826747894,-0.3472677171230316,-0.03961404040455818,-0.3868817687034607,0.012930934317409992,-0.02646116353571415,-0.38135382533073425,-0.016670532524585724,-0.3980243504047394,-0.00442859809845686,-0.03315840661525726,-0.00987559650093317,-0.020889796316623688,-0.030765391886234283,-0.06464339792728424,-0.0874587744474411,0.23001588881015778,-0.05509902909398079,0.17491686344146729,0.012344848364591599,0.03456246107816696,0.25930705666542053,0.021774349734187126,0.2810814082622528,-0.03100411221385002,-0.01930208131670952,0.15713922679424286,-0.012160311453044415,0.14497891068458557,-0.0900249183177948,-0.0929497629404068,0.1327296793460846,-0.058558348566293716,0.07417133450508118
5.18,0.05,0.075,0.0,0.010365334734248596,0.13293409527658748,0.5099993416527382,0.08768033236265182,0.6315204985439777,0.37206434898078444,0.28,0.09206434898078442,0.781053364276886,0.10683649778366089,0.7981340289115906,-0.04506188631057739,-0.04811915010213852,-0.16245165467262268,-0.030315063893795013,-0.1927667260169983,-0.0445023849606514,-0.0644393265247345,-0.1728138029575348,-0.04059677571058273,-0.21341058611869812,0.02238069847226143,0.03759820759296417,-0.21471962332725525,0.02368687093257904,-0.1910327523946762,0.0076033808290958405,-0.012791207060217857,-0.2750914394855499,-0.008058460429310799,-0.2831498980522156,-0.03841676563024521,-0.05554062873125076,-0.3350888788700104,-0.034990597516298294,-0.37007948756217957,0.027692757546901703,-0.01021498627960682,-0.37598830461502075,-0.006435441318899393,-0.3824237585067749,-0.049247950315475464,-0.03798527270555496,-0.030306827276945114,-0.02393072098493576,-0.054237548261880875,-0.08564841747283936,-0.08691567182540894,0.22597363591194153,-0.05475687235593796,0.17121675610542297,0.025893233716487885,0.03196169435977936,0.2756534814834595,0.020135866478085518,0.29578936100006104,-0.014983763918280602,-0.0180065855383873,0.17769992351531982,-0.01134414877742529,0.16635577380657196,-0.06558138132095337,-0.08473924547433853,0.13716024160385132,-0.05338572338223457,0.08377452194690704
5.2,0.05,0.075,0.0,0.014704344404962636,0.13208373461291362,0.5061574227468268,0.0785413533449173,0.617812030017376,0.3624684210121632,0.28,0.08246842101216317,0.7737987041473389,0.10931355506181717,0.7924007773399353,-0.1179845929145813,-0.06907878816127777,-0.16525423526763916,-0.04351963475346565,-0.20877386629581451,-0.052292853593826294,-0.060795385390520096,-0.1671445071697235,-0.03830109164118767,-0.20544560253620148,0.03761979937553406,0.0376046858727932,-0.20234769582748413,0.023690951988101006,-0.17865674197673798,0.03260194882750511,0.0008267397060990334,-0.2598778307437897,0.0005208459915593266,-0.2593569755554199,0.014495618641376495,-0.034529753029346466,-0.32178130745887756,-0.021753745153546333,-0.34353506565093994,-0.02763855829834938,-0.015442058444023132,-0.3687397241592407,-0.00972849689424038,-0.37846821546554565,-0.10760916024446487,-0.058872438967227936,-0.05136774107813835,-0.03708963468670845,-0.0884573757648468,-0.08570794016122818,-0.08655335009098053,0.21980364620685577,-0.05452860891819,0.16527503728866577,0.07242541015148163,0.0441008098423481,0.29047948122024536,0.027783509343862534,0.3182629942893982,-0.006592893972992897,-0.014582478441298008,0.19885189831256866,-0.009186961688101292,0.18966493010520935,-0.05346054583787918,-0.0753556340932846,0.14370878040790558,-0.04747404903173447,0.09623473137617111
5.22,0.05,0.075,0.0,0.018310535214295126,0.1308218100712255,0.5030778352882419,0.08659590780735016,0.6298938617110252,0.37092570319771767,0.28,0.09092570319771764,0.7682889103889465,0.09938492625951767,0.7988638877868652,-0.10241887718439102,-0.07908081263303757,-0.17006050050258636,-0.0498209111392498,-0.21988141536712646,-0.049255289137363434,-0.05733335763216019,-0.16344404220581055,-0.03612001612782478,-0.19956405460834503,-0.008885201066732407,0.023657718673348427,-0.1912953108549118,0.014904363080859184,-0.17639094591140747,-0.09577921777963638,-0.028155047446489334,-0.2449226826429367,-0.017737679183483124,-0.26266035437583923,-0.05937608331441879,-0.041983652859926224,-0.307590514421463,-0.026449700817465782,-0.33404022455215454,0.021625839173793793,-0.004321689251810312,-0.35974183678627014,-0.0027226642705500126,-0.3624644875526428,0.004684274084866047,-0.039805423468351364,-0.07284370809793472,-0.025077417492866516,-0.09792112559080124,-0.009450634010136127,-0.06342253088951111,0.21156875789165497,-0.039956193417310715,0.17161256074905396,0.018508311361074448,0.03642306104302406,0.3036339581012726,0.02294652909040451,0.3265804946422577,0.04964805021882057,0.004686680622398853,0.22037963569164276,0.002952608745545149,0.2233322411775589,-0.06583559513092041,-0.07249962538480759,0.15230855345726013,-0.04567476361989975,0.10663378983736038
5.24,0.05,0.075,0.0,0.021506422110718747,0.13042544562707226,0.5000603455686484,0.06591970473527908,0.5988795571029186,0.34921568997204305,0.28,0.06921568997204303,0.7648787498474121,0.08582507073879242,0.7928169965744019,-0.04858311265707016,-0.0699315071105957,-0.1767817884683609,-0.04405684769153595,-0.22083863615989685,-0.012392942793667316,-0.04385123401880264,-0.16178062558174133,-0.0276262778788805,-0.18940690159797668,-0.014850927516818047,0.012105125002563,-0.1817663013935089,0.007626228500157595,-0.174140065908432,0.002779124304652214,-0.018874796107411385,-0.23050183057785034,-0.011891121044754982,-0.24239295721054077,-0.040913112461566925,-0.041662491858005524,-0.2927781641483307,-0.02624736912548542,-0.31902554631233215,0.0032371683046221733,-0.002054031938314438,-0.3491605222225189,-0.0012940401211380959,-0.35045456886291504,-0.0277082696557045,-0.036176279187202454,-0.09451588988304138,-0.022791055962443352,-0.11730694770812988,-0.042162373661994934,-0.057044483721256256,0.20135293900966644,-0.03593802452087402,0.16541491448879242,0.034302450716495514,0.03578687831759453,0.3149828016757965,0.02254573255777359,0.3375285267829895,0.00011835433542728424,0.003316182643175125,0.2420637309551239,0.00208919495344162,0.24415293335914612,-0.032165154814720154,-0.060399286448955536,0.16287192702293396,-0.0380515493452549,0.12482038140296936
5.26,0.05,0.075,0.0,0.024841558653952954,0.12875900993499617,0.4885230121752655,0.03140394389629364,0.5471059158444405,0.3129741410911083,0.28,0.0329741410911083,0.7638781666755676,0.09401220083236694,0.7912650108337402,-0.1255044788122177,-0.08660340309143066,-0.18529413640499115,-0.05456014350056648,-0.23985427618026733,-0.03806205838918686,-0.04211448132991791,-0.1621849536895752,-0.026532122865319252,-0.1887170821428299,0.014694200828671455,0.012881847098469734,-0.17393642663955688,0.008115563541650772,-0.1658208668231964,-0.013708844780921936,-0.017325010150671005,-0.21688124537467957,-0.0109147559851408,-0.22779600322246552,0.014862140640616417,-0.024705100804567337,-0.277617484331131,-0.015564213506877422,-0.2931816875934601,0.006841809488832951,0.0006147206295281649,-0.33719098567962646,0.00038727399078197777,-0.33680370450019836,-0.08561655133962631,-0.05100835859775543,-0.11616343259811401,-0.032135266810655594,-0.1482986956834793,-0.07278860360383987,-0.06176771968603134,0.18926025927066803,-0.03891366347670555,0.15034659206867218,0.05575033277273178,0.041775915771722794,0.32441043853759766,0.026318827643990517,0.3507292568683624,-0.024687500670552254,-0.0050849225372076035,0.2636832296848297,-0.0032035012263804674,0.26047971844673157,-0.06263463944196701,-0.06106989085674286,0.1752912700176239,-0.038474030792713165,0.13681724667549133
5.28,0.05,0.075,0.0,0.026819111377871893,0.1271718380561867,0.4727223076808376,0.08512158691883087,0.6276823803782463,0.3693776662647724,0.28,0.08937766626477239,0.7655310034751892,0.09483415633440018,0.7995452880859375,-0.06772959232330322,-0.08094125986099243,-0.19544054567813873,-0.05099299177527428,-0.2464335411787033,-0.06360389292240143,-0.048561304807662964,-0.16464956104755402,-0.030593622475862503,-0.19524317979812622,-0.008073428645730019,0.006595263723284006,-0.1679501086473465,0.004155016038566828,-0.1637950986623764,-0.07510771602392197,-0.034659821540117264,-0.20431214570999146,-0.0218356866389513,-0.2261478304862976,-0.051938869059085846,-0.03287523239850998,-0.26238808035850525,-0.020711395889520645,-0.2830994725227356,0.04587051272392273,0.0141914589330554,-0.3240540027618408,0.0089406194165349,-0.3151133954524994,-0.01947633922100067,-0.041548751294612885,-0.1375657320022583,-0.026175713166594505,-0.16374143958091736,-0.04347648471593857,-0.05628034844994545,0.17541395127773285,-0.035456620156764984,0.13995733857154846,0.062237855046987534,0.047914497554302216,0.3318207561969757,0.030186133459210396,0.36200690269470215,0.02988937497138977,0.005407366901636124,0.28501781821250916,0.003406641073524952,0.28842446208000183,-0.06842542439699173,-0.06327655166387558,0.18943999707698822,-0.039864227175712585,0.14957576990127563
5.3,0.05,0.075,0.0,0.02948200004365374,0.12562097841349668,0.45573667849232846,0.06359710544347763,0.5953956581652164,0.34677696071565156,0.28,0.06677696071565153,0.7699969410896301,0.08991877734661102,0.8081867098808289,-0.02893669903278351,-0.06533989310264587,-0.2070339024066925,-0.041164133697748184,-0.2481980323791504,-0.05297734588384628,-0.04988611489534378,-0.16912899911403656,-0.031428251415491104,-0.20055724680423737,-0.005487579852342606,0.00297041074372828,-0.16391772031784058,0.0018713587196543813,-0.16204635798931122,-0.04598372429609299,-0.03805699199438095,-0.1930263489484787,-0.023975905030965805,-0.2170022577047348,-0.019035285338759422,-0.028723247349262238,-0.2473708540201187,-0.018095646053552628,-0.26546651124954224,0.012610494159162045,0.013717169873416424,-0.3099918067455292,0.008641816675662994,-0.3013499975204468,-0.0015088003128767014,-0.029536765068769455,-0.1585046797990799,-0.01860816217958927,-0.17711284756660461,-0.01955235004425049,-0.04526194930076599,0.15995512902736664,-0.028515027835965157,0.13144010305404663,0.08161800354719162,0.0580255500972271,0.33713826537132263,0.036556094884872437,0.37369436025619507,0.05687769129872322,0.020848466083407402,0.305850088596344,0.013134533539414406,0.31898462772369385,-0.07397468388080597,-0.06648599356412888,0.20517393946647644,-0.04188617691397667,0.16328775882720947
5.32,0.05,0.075,0.0,0.03138106965441608,0.12350537195820288,0.43931947565047985,0.032942913472652435,0.5494143702089787,0.3145900591462851,0.28,0.034590059146285046,0.7773383259773254,0.090288445353508,0.8118510842323303,-0.07718466967344284,-0.06889332830905914,-0.21986034512519836,-0.04340279474854469,-0.26326313614845276,-0.046205684542655945,-0.04878198355436325,-0.17554065585136414,-0.0307326503098011,-0.20627330243587494,-0.029598066583275795,-0.006800132803618908,-0.16191366314888,-0.004284083843231201,-0.1661977469921112,-0.0387364998459816,-0.038260843604803085,-0.18323199450969696,-0.02410433068871498,-0.20733632147312164,-0.023672936484217644,-0.027208153158426285,-0.23284277319908142,-0.017141137272119522,-0.24998390674591064,0.029682237654924393,0.018506690859794617,-0.29526379704475403,0.011659215204417706,-0.28360459208488464,-0.008159720338881016,-0.02312365174293518,-0.17876692116260529,-0.014567900449037552,-0.19333481788635254,-0.037598300725221634,-0.042962852865457535,0.14304132759571075,-0.02706659771502018,0.11597473174333572,0.045119646936655045,0.05415377765893936,0.3403087258338928,0.03411687910556793,0.37442559003829956,-0.005710144527256489,0.012880883179605007,0.3259677290916443,0.008114956319332123,0.334082692861557,-0.0884786918759346,-0.0730838030576706,0.22233277559280396,-0.0460427962243557,0.17628997564315796
5.34,0.05,0.075,0.0,0.03163339203757583,0.11994568452282867,0.4128522234891288,0.036192335188388824,0.5542885027825832,0.3180019519478083,0.28,0.038001951947808255,0.7875141501426697,0.09300078451633453,0.8259194493293762,-0.030136780813336372,-0.05726636201143265,-0.23368333280086517,-0.03607780858874321,-0.2697611451148987,-0.08270061016082764,-0.058957573026418686,-0.18376626074314117,-0.037143271416425705,-0.22090953588485718,-0.017015283927321434,-0.009864678606390953,-0.16197489202022552,-0.006214747671037912,-0.1681896448135376,-0.07407602667808533,-0.04900540038943291,-0.17510974407196045,-0.03087340109050274,-0.20598314702510834,-0.0534762442111969,-0.03508858010172844,-0.21907177567481995,-0.022105805575847626,-0.24117758870124817,0.05267560854554176,0.02875736728310585,-0.2801416218280792,0.018117140978574753,-0.26202449202537537,-0.015733540058135986,-0.020906617864966393,-0.19814597070217133,-0.013171168975532055,-0.21131713688373566,-0.016264984384179115,-0.03495349362492561,0.12484489381313324,-0.022020701318979263,0.10282419621944427,0.06623218208551407,0.05777730047702789,0.3412998914718628,0.03639969974756241,0.3776995837688446,0.028843015432357788,0.017669523134827614,0.3451657295227051,0.011131799779832363,0.3562975227832794,-0.06914732605218887,-0.07190286368131638,0.24074162542819977,-0.045298803597688675,0.1954428255558014
5.36,0.05,0.075,0.0,0.0343616440066766,0.11623792747162319,0.38179457773354036,0.03216686099767685,0.5482502914965153,0.3137752040475607,0.28,0.03377520404756068,0.8003823161125183,0.08726192265748978,0.8364207148551941,-0.015497934073209763,-0.04473583400249481,-0.2482479065656662,-0.028183575719594955,-0.27643147110939026,-0.040092043578624725,-0.05329791456460953,-0.1936541050672531,-0.03357768431305885,-0.22723178565502167,-0.029358742758631706,-0.01571289822459221,-0.1641002893447876,-0.009899125434458256,-0.17399941384792328,-0.06181386113166809,-0.05284794047474861,-0.16880939900875092,-0.0332942008972168,-0.2021035999059677,-0.06063129007816315,-0.04275139421224594,-0.20631186664104462,-0.026933377608656883,-0.23324523866176605,0.03966940566897392,0.03203098103404045,-0.2649041712284088,0.020179517567157745,-0.24472466111183167,0.03227635473012924,-0.004951725713908672,-0.21644432842731476,-0.0031195871997624636,-0.21956391632556915,0.005265256389975548,-0.02288786880671978,0.10555126518011093,-0.014419357292354107,0.09113191068172455,0.06030501052737236,0.0585356131196022,0.3401016294956207,0.03687743470072746,0.3769790530204773,0.012390663847327232,0.01608586497604847,0.3632484972476959,0.010134094394743443,0.3733825981616974,-0.0486706867814064,-0.06493321061134338,0.26021289825439453,-0.04090792313218117,0.21930497884750366
5.38,0.05,0.075,0.0,0.03234901397516266,0.11287240579064871,0.3576759691901647,-0.018410351127386093,0.47238447330892086,0.26066913131624464,0.28,0.019330868683755387,0.8157080411911011,0.09115675091743469,0.8509312272071838,-0.04216083139181137,-0.04396333545446396,-0.26328545808792114,-0.027696901932358742,-0.29098236560821533,-0.06943201273679733,-0.05813814699649811,-0.20502182841300964,-0.03662703186273575,-0.2416488528251648,-0.03243526816368103,-0.020729608833789825,-0.16825063526630402,-0.013059653341770172,-0.18131029605865479,-0.0636456161737442,-0.05608724430203438,-0.16444715857505798,-0.03533496335148811,-0.1997821182012558,-0.03663934767246246,-0.0409177802503109,-0.19479838013648987,-0.02577820047736168,-0.22057658433914185,0.06488854438066483,0.04188825190067291,-0.24983248114585876,0.026389598846435547,-0.22344288229942322,-0.032381024211645126,-0.013180514797568321,-0.23347553610801697,-0.008303724229335785,-0.24177926778793335,-0.012641295790672302,-0.01981389708817005,0.08535704761743546,-0.01248275488615036,0.0728742927312851,0.0657186210155487,0.060690514743328094,0.3367261588573456,0.038235023617744446,0.3749611973762512,-0.012236125767230988,0.0075892675668001175,0.3800317347049713,0.0047812387347221375,0.38481298089027405,-0.06736718118190765,-0.0656633973121643,0.28054818511009216,-0.04136794060468674,0.23918023705482483
5.4,0.05,0.075,0.0,0.03421143787471208,0.10540847093024595,0.3109482437701638,-0.00669109495356679,0.4899633575696498,0.2729743502987549,0.28,0.00702564970124514,0.8331790566444397,0.08985695987939835,0.8706945180892944,-0.017325054854154587,-0.03597185015678406,-0.27851858735084534,-0.022662265226244926,-0.3011808395385742,-0.045484453439712524,-0.05434203892946243,-0.21765977144241333,-0.03423548489809036,-0.2518952488899231,-0.019006272777915,-0.020212607458233833,-0.17434939742088318,-0.012733942829072475,-0.18708333373069763,-0.07685721665620804,-0.062318235635757446,-0.16210348904132843,-0.039260488003492355,-0.20136398077011108,-0.07092796266078949,-0.049920834600925446,-0.18474365770816803,-0.03145012632012367,-0.2161937803030014,0.04239700734615326,0.042040880769491196,-0.2352045178413391,0.026485754176974297,-0.20871876180171967,0.015438822098076344,-0.004594713449478149,-0.24906602501869202,-0.0028946695383638144,-0.2519606947898865,0.011742902919650078,-0.010346856899559498,0.06446804106235504,-0.006518519949167967,0.05794952064752579,0.05839123949408531,0.06000073254108429,0.33120784163475037,0.03780046105384827,0.36900830268859863,0.0413990281522274,0.017732195556163788,0.3953443765640259,0.011171283200383186,0.4065156579017639,-0.04404406249523163,-0.05917759984731674,0.30154022574424744,-0.03728188946843147,0.26425832509994507
5.42,0.05,0.075,0.0,0.03223181476992385,0.10250321727892453,0.2911584390130872,-0.017863363027572632,0.47320495545864105,0.26124346882104876,0.28,0.018756531178951263,0.8524237275123596,0.09693366289138794,0.8892367482185364,-0.019463196396827698,-0.03101925365626812,-0.29366642236709595,-0.019542129710316658,-0.31320855021476746,-0.06860154122114182,-0.05861989036202431,-0.23133482038974762,-0.03693053126335144,-0.26826536655426025,-0.03321099281311035,-0.024112123996019363,-0.18228407204151154,-0.015190637670457363,-0.19747470319271088,-0.11188089102506638,-0.07718703150749207,-0.16182158887386322,-0.0486278310418129,-0.2104494273662567,-0.05215054005384445,-0.05058974772691727,-0.17633315920829773,-0.03187154233455658,-0.2082047015428543,0.06154957041144371,0.04789348691701889,-0.22129011154174805,0.03017289564013481,-0.19111721217632294,0.02636146917939186,0.0046921418979763985,-0.2630569338798523,0.002956049283966422,-0.2601008713245392,0.02082476019859314,-0.0009953714907169342,0.04309710115194321,-0.0006270840531215072,0.042470015585422516,0.07063353806734085,0.06319057941436768,0.32360297441482544,0.03981006518006325,0.3634130358695984,0.006808184087276459,0.014454992488026619,0.4090304374694824,0.009106645360589027,0.4181370735168457,-0.06352304667234421,-0.0604812353849411,0.32297515869140625,-0.03810317814350128,0.28487199544906616
5.44,0.05,0.075,0.0,0.03189956545729328,0.09323569338569257,0.23713391761320596,-0.03482222557067871,0.44776666164398193,0.24343666315078738,0.28,0.036563336849212646,0.8730297088623047,0.09465271979570389,0.9068273901939392,-0.014349809847772121,-0.026018420234322548,-0.30844953656196594,-0.016391605138778687,-0.32484114170074463,-0.041110724210739136,-0.053367141634225845,-0.24579478800296783,-0.033621300011873245,-0.2794160842895508,-0.050392769277095795,-0.03199631720781326,-0.1919083446264267,-0.02015767991542816,-0.21206602454185486,-0.05256257951259613,-0.06979969143867493,-0.1636066734790802,-0.04397380352020264,-0.20758047699928284,-0.07870562374591827,-0.05902451276779175,-0.16972199082374573,-0.037185441702604294,-0.20690743625164032,0.04935882240533829,0.04833308607339859,-0.20834586024284363,0.030449844896793365,-0.17789602279663086,0.025381363928318024,0.010898908600211143,-0.27530568838119507,0.006866312585771084,-0.268439382314682,0.01965440809726715,0.005199562758207321,0.02146201767027378,0.003275724593549967,0.02473774179816246,0.05855635181069374,0.061800308525562286,0.3139890432357788,0.038934193551540375,0.3529232442378998,0.006131559610366821,0.01195796299725771,0.42095041275024414,0.007533516734838486,0.4284839332103729,-0.04814288020133972,-0.05677972733974457,0.3446345031261444,-0.03577122837305069,0.3088632822036743
5.46,0.05,0.075,0.0,0.029380307096223298,0.08999243291019461,0.21625764688422824,-0.03617200255393982,0.44574199616909027,0.24201939731836322,0.28,0.037980602681636805,0.8945624828338623,0.10018250346183777,0.9278607368469238,-0.017219968140125275,-0.02337888441979885,-0.3225952684879303,-0.014728697016835213,-0.33732396364212036,-0.05232442170381546,-0.0530543252825737,-0.2607729732990265,-0.03342422470450401,-0.2941972017288208,-0.036708764731884,-0.033410049974918365,-0.20304468274116516,-0.021048331633210182,-0.2240930199623108,-0.1079614982008934,-0.08124823868274689,-0.16742582619190216,-0.05118639022111893,-0.21861222386360168,-0.0736112967133522,-0.06340055167675018,-0.16503210365772247,-0.03994234651327133,-0.2049744427204132,0.06032649055123329,0.05193110927939415,-0.19661051034927368,0.032716598361730576,-0.1638939082622528,0.03989511728286743,0.019597770646214485,-0.28568747639656067,0.012346595525741577,-0.2733408808708191,0.026484575122594833,0.011585066094994545,-0.0002167413040297106,0.007298591546714306,0.007081850431859493,0.06809215247631073,0.06368786096572876,0.30246397852897644,0.040123350918293,0.34258732199668884,0.003091808408498764,0.009298115968704224,0.4309828579425812,0.00585781317204237,0.436840683221817,-0.044874683022499084,-0.05320821329951286,0.36629754304885864,-0.033521175384521484,0.33277636766433716
5.48,0.05,0.075,0.0,0.026908622443092143,0.07870971040700842,0.15437284716026822,-0.06502436101436615,0.4024634584784508,0.21172442093491556,0.28,0.06827557906508447,0.9165816903114319,0.09981396049261093,0.9453774690628052,-0.015600565820932388,-0.021045388653874397,-0.33584269881248474,-0.013258595019578934,-0.34910130500793457,-0.02555801533162594,-0.04480542987585068,-0.27599310874938965,-0.028227420523762703,-0.3042205274105072,-0.04244130849838257,-0.036119427531957626,-0.21548770368099213,-0.02275523915886879,-0.23824293911457062,-0.07869377732276917,-0.08048190176486969,-0.17320860922336578,-0.05070359632372856,-0.22391220927238464,-0.0788612887263298,-0.06803877651691437,-0.16234998404979706,-0.04286443069577217,-0.20521441102027893,0.06682407855987549,0.05639900267124176,-0.18630051612854004,0.03553137183189392,-0.15076914429664612,0.03973299637436867,0.025638338178396225,-0.2940964996814728,0.0161521527916193,-0.2779443562030792,0.026248693466186523,0.015984155237674713,-0.021718256175518036,0.010070017538964748,-0.011648238636553288,0.058929987251758575,0.062260501086711884,0.28914523124694824,0.03922411426901817,0.3283693492412567,-0.012025098316371441,0.0029011513106524944,0.43902552127838135,0.0018277253257110715,0.4408532381057739,-0.03436470776796341,-0.047555163502693176,0.3877435624599457,-0.029959753155708313,0.35778379440307617
5.5,0.05,0.075,0.0,0.024245304451046862,0.07561489578959993,0.13538503922100276,-0.06651857495307922,0.40022213757038116,0.21015549629926683,0.28,0.0698445037007332,0.938654363155365,0.10266631841659546,0.9690172672271729,-0.02025698497891426,-0.0208088681101799,-0.3479475677013397,-0.013109587132930756,-0.3610571622848511,-0.047221288084983826,-0.04553018510341644,-0.2911744713783264,-0.028684016317129135,-0.31985849142074585,-0.032996028661727905,-0.0351824089884758,-0.22900789976119995,-0.02216491661965847,-0.251172810792923,-0.10359840095043182,-0.08741685003042221,-0.18084834516048431,-0.055072616785764694,-0.2359209656715393,-0.06565509736537933,-0.06732366979122162,-0.16172510385513306,-0.04241391271352768,-0.20413902401924133,0.04766587167978287,0.05377906188368797,-0.1776060163974762,0.0338808074593544,-0.1437252163887024,0.03484867885708809,0.028401440009474754,-0.300447016954422,0.017892906442284584,-0.28255411982536316,0.02659042924642563,0.019166037440299988,-0.042823418974876404,0.012074603699147701,-0.030748814344406128,0.07571201771497726,0.06629595160484314,0.27416855096817017,0.0417664498090744,0.31593501567840576,0.00867336057126522,0.004632813856005669,0.4449964165687561,0.0029186727479100227,0.44791507720947266,-0.04381287097930908,-0.04643247276544571,0.4087539613246918,-0.02925245836377144,0.37950149178504944
5.5200000000000005,0.05,0.075,0.0,0.018784578118793024,0.06462675513384057,0.0656177057254439,-0.08026949316263199,0.379595760256052,0.19571703217923644,0.28,0.08428296782076358,0.9603659510612488,0.10261064022779465,0.9873066544532776,0.0012531410902738571,-0.014190264977514744,-0.35868653655052185,-0.008939866907894611,-0.3676263988018036,-0.02090063877403736,-0.03814132139086723,-0.3060370981693268,-0.02402903139591217,-0.33006614446640015,-0.0338631272315979,-0.03478662297129631,-0.24335592985153198,-0.02191557176411152,-0.26527151465415955,-0.08136072754859924,-0.08560001105070114,-0.19020414352416992,-0.05392800644040108,-0.2441321462392807,-0.08722104132175446,-0.07329288125038147,-0.1631689816713333,-0.046174515038728714,-0.20934349298477173,0.05888815596699715,0.055311791598796844,-0.17068739235401154,0.03484642878174782,-0.13584096729755402,0.05669748783111572,0.03689025342464447,-0.3046743869781494,0.02324085868895054,-0.2814335227012634,0.03797903656959534,0.024809937924146652,-0.06331715732812881,0.015630260109901428,-0.047686897218227386,0.06268379837274551,0.06521230936050415,0.2576865553855896,0.04108375310897827,0.29877030849456787,0.008805016055703163,0.0058844746090471745,0.44883474707603455,0.0037072189152240753,0.4525419771671295,-0.026623373851180077,-0.040489740669727325,0.4291146695613861,-0.025508536025881767,0.4036061465740204
5.54,0.05,0.075,0.0,0.010509178943650182,0.05068655369950093,-0.005229222857195737,-0.08721205592155457,0.36918191611766815,0.18842734128236774,0.28,0.09157265871763229,0.9813278913497925,0.1036807969212532,1.005011796951294,-0.006215154193341732,-0.01179773174226284,-0.3678615987300873,-0.007432571146637201,-0.37529417872428894,-0.020200232043862343,-0.03275899589061737,-0.32030683755874634,-0.02063816785812378,-0.3409450054168701,-0.04242035746574402,-0.037076741456985474,-0.2582671344280243,-0.02335834689438343,-0.2816254794597626,-0.08629130572080612,-0.08580739796161652,-0.20110344886779785,-0.054058659821748734,-0.2551621198654175,-0.07529518753290176,-0.07389356940984726,-0.16665500402450562,-0.04655294865369797,-0.21320796012878418,0.04517542943358421,0.052270881831645966,-0.16567222774028778,0.0329306535422802,-0.13274157047271729,0.07506290078163147,0.04834204912185669,-0.30673548579216003,0.030455490574240685,-0.2762799859046936,0.02944888174533844,0.02620162069797516,-0.0829906240105629,0.016507020220160484,-0.06648360192775726,0.07414068281650543,0.06789082288742065,0.2398672103881836,0.04277121648192406,0.28263843059539795,-0.010553333908319473,0.0009531318210065365,0.45050138235092163,0.0006004730239510536,0.4511018693447113,-0.026086634024977684,-0.03616880998015404,0.44861820340156555,-0.022786350920796394,0.4258318543434143
5.5600000000000005,0.05,0.075,0.0,0.0026197519527306396,0.03975220394773645,-0.05713697605556156,-0.11245453357696533,0.331318199634552,0.16192273974418642,0.28,0.11807726025581361,1.0011837482452393,0.10276573896408081,1.022673487663269,-0.00018571317195892334,-0.00831412523984909,-0.3753035068511963,-0.005237898789346218,-0.3805414140224457,-0.021839747205376625,-0.029483221471309662,-0.33372050523757935,-0.0185744296759367,-0.352294921875,-0.0384671688079834,-0.03749386966228485,-0.2734665274620056,-0.02362113818526268,-0.2970876693725586,-0.0784650668501854,-0.08360469341278076,-0.2133452445268631,-0.052670955657958984,-0.2660161852836609,-0.06906839460134506,-0.07244601845741272,-0.17211885750293732,-0.045640990138053894,-0.2177598476409912,0.06959548592567444,0.05746826156973839,-0.16265302896499634,0.03620500490069389,-0.12644802033901215,0.042605210095644,0.04662099853157997,-0.3066093325614929,0.029371228069067,-0.2772381007671356,0.03512950986623764,0.028879987075924873,-0.10164334625005722,0.018194392323493958,-0.08344895392656326,0.07061269134283066,0.06870738416910172,0.22089208662509918,0.04328565299510956,0.26417773962020874,-0.011948800645768642,-0.0029174480587244034,0.44997933506965637,-0.0018379922257736325,0.44814133644104004,-0.0202998835593462,-0.03140813112258911,0.4670657813549042,-0.019787121564149857,0.4472786486148834
5.58,0.05,0.075,0.0,-0.005893999943697866,0.028707349088811188,-0.10771433051869057,-0.11861620098352432,0.3220756985247135,0.15545298896729948,0.28,0.12454701103270055,1.0196125507354736,0.10225624591112137,1.0379806756973267,0.015177542343735695,-0.0012666243128478527,-0.38087502121925354,-0.000797973305452615,-0.38167300820350647,-0.007803884334862232,-0.02297942154109478,-0.34603071212768555,-0.014477035030722618,-0.3605077564716339,-0.018942618742585182,-0.031928494572639465,-0.2886737585067749,-0.020114950835704803,-0.3087887167930603,-0.09369036555290222,-0.08663039654493332,-0.2267037332057953,-0.05457714945077896,-0.28128087520599365,-0.07141758501529694,-0.0721374899148941,-0.17945978045463562,-0.045446619391441345,-0.22490639984607697,0.05483800545334816,0.05667918175458908,-0.16168548166751862,0.03570788353681564,-0.12597760558128357,0.06968731433153152,0.05354089289903641,-0.30429720878601074,0.03373076394200325,-0.2705664336681366,0.04976929724216461,0.03514678031206131,-0.11908523738384247,0.022142471745610237,-0.09694276750087738,0.05803781747817993,0.06550651043653488,0.20095454156398773,0.041269101202487946,0.24222365021705627,-0.00488685630261898,-0.0035082707181572914,0.44727393984794617,-0.002210210543125868,0.4450637400150299,0.001064707525074482,-0.021666279062628746,0.4842694401741028,-0.013649756088852882,0.47061967849731445
5.6000000000000005,0.05,0.075,0.0,-0.019236939899343983,0.012643931271026526,-0.18634395465392334,-0.14329136908054352,0.2850629463791847,0.12954406246542935,0.28,0.15045593753457068,1.036331295967102,0.09522512555122375,1.0498595237731934,0.0010787607170641422,-0.0005630088271573186,-0.38447335362434387,-0.00035469557042233646,-0.3848280608654022,0.004358855076134205,-0.014777937904000282,-0.3570104241371155,-0.00931010115891695,-0.36632052063941956,-0.05193410813808441,-0.03793017938733101,-0.30360835790634155,-0.02389601245522499,-0.32750436663627625,-0.017033586278557777,-0.06575135141611099,-0.24093253910541534,-0.04142335057258606,-0.2823559045791626,-0.06819860637187958,-0.07095582783222198,-0.18854238092899323,-0.04470217227935791,-0.23324455320835114,0.022649090737104416,0.04647015407681465,-0.16278743743896484,0.029276197776198387,-0.1335112452507019,0.08068221062421799,0.061683289706707,-0.2998226583003998,0.03886047378182411,-0.26096218824386597,0.03897786885499954,0.03629610687494278,-0.13513855636119843,0.022866547107696533,-0.11227200925350189,0.06349867582321167,0.06490416079759598,0.18025776743888855,0.040889620780944824,0.22114738821983337,-0.01783050037920475,-0.0078049395233392715,0.44241270422935486,-0.004917111713439226,0.4374955892562866,-0.004830097779631615,-0.016615424305200577,0.500053882598877,-0.010467717424035072,0.4895861744880676
5.62,0.05,0.075,0.0,-0.022030577799072155,0.01005635646819363,-0.1971053999753766,-0.14500263333320618,0.28249605000019073,0.12774723500013355,0.28,0.15225276499986648,1.0510956048965454,0.09526730328798294,1.0613582134246826,0.02604619227349758,0.007419751491397619,-0.3860321640968323,0.004674443509429693,-0.38135772943496704,-0.01261653658002615,-0.0141295175999403,-0.36645710468292236,-0.008901596069335938,-0.3753587007522583,-0.04090198874473572,-0.03882172331213951,-0.3179948627948761,-0.02445768564939499,-0.3424525558948517,-0.054586827754974365,-0.062401995062828064,-0.2557692527770996,-0.03931325674057007,-0.2950825095176697,-0.06193181872367859,-0.06824862957000732,-0.1991991251707077,-0.042996637523174286,-0.2421957552433014,0.055052485316991806,0.04904485493898392,-0.16593855619430542,0.030898258090019226,-0.1350402981042862,0.06520912796258926,0.06274104118347168,-0.2932312786579132,0.03952685743570328,-0.2537044286727905,0.04147857427597046,0.03785084933042526,-0.14963971078395844,0.023846035823225975,-0.1257936805486679,0.07038471847772598,0.06654832512140274,0.15901267528533936,0.041925445199012756,0.2009381204843521,-0.019954433664679527,-0.011449787765741348,0.43544524908065796,-0.0072133662179112434,0.4282318949699402,-0.010543381795287132,-0.014793811365962029,0.5142582058906555,-0.009320100769400597,0.5049381256103516
5.64,0.05,0.075,0.0,-0.02852278456326451,0.004639432911820804,-0.22323264613493166,-0.14745482802391052,0.2788177579641342,0.125172430574894,0.28,0.15482756942510603,1.0637000799179077,0.09485621750354767,1.0715879201889038,0.03737592697143555,0.016406603157520294,-0.38552266359329224,0.010336159728467464,-0.3751865029335022,-0.00535307452082634,-0.011496584862470627,-0.37419652938842773,-0.007242848630994558,-0.3814393877983093,-0.020019294694066048,-0.033180996775627136,-0.3315679728984833,-0.020904026925563812,-0.3524720072746277,-0.06961404532194138,-0.06456560641527176,-0.2709401845932007,-0.040676333010196686,-0.3116165101528168,-0.06727156043052673,-0.06795550882816315,-0.2112334817647934,-0.04281197115778923,-0.2540454566478729,0.0541447289288044,0.05057481676340103,-0.17108072340488434,0.03186213597655296,-0.13921858370304108,0.057656511664390564,0.061215683817863464,-0.2845902740955353,0.03856588155031204,-0.24602439999580383,0.04348124563694,0.039539970457553864,-0.1624409407377243,0.024910181760787964,-0.13753075897693634,0.06140691787004471,0.06500590592622757,0.13743574917316437,0.04095372185111046,0.17838947474956512,-0.019413553178310394,-0.013838917016983032,0.42644253373146057,-0.008718517608940601,0.41772401332855225,0.002014836296439171,-0.009751217439770699,0.5267376899719238,-0.006143266800791025,0.5205944180488586
5.66,0.05,0.075,0.0,-0.03402290054352316,0.0017957398462123116,-0.24046663452224828,-0.15991735458374023,0.26012396812438965,0.11208677768707279,0.28,0.16791322231292724,1.0739778280258179,0.08927347511053085,1.077589750289917,0.03493962436914444,0.021966509521007538,-0.38295429944992065,0.013838901184499264,-0.36911541223526,0.01682589389383793,-0.00299984123557806,-0.3800859749317169,-0.0018898999551311135,-0.3819758892059326,-0.021387511864304543,-0.029642950743436813,-0.34407728910446167,-0.0186750590801239,-0.36275234818458557,-0.017266293987631798,-0.050375811755657196,-0.2861655652523041,-0.03173676133155823,-0.3179023265838623,-0.07870520651340485,-0.07118041813373566,-0.22442349791526794,-0.04484366253018379,-0.26926717162132263,0.012763275764882565,0.03923135623335838,-0.17811910808086395,0.024715755134820938,-0.1534033566713333,0.07169162482023239,0.06435846537351608,-0.27398765087127686,0.040545832365751266,-0.2334418147802353,0.043507903814315796,0.040730349719524384,-0.1734117716550827,0.025660119950771332,-0.14775165915489197,0.046821460127830505,0.05955057218670845,0.1157468780875206,0.03751685842871666,0.15326373279094696,-0.013442757539451122,-0.013720069080591202,0.4154963195323944,-0.008643642999231815,0.406852662563324,0.0042489636689424515,-0.0055511631071567535,0.5373651385307312,-0.0034972326830029488,0.5338678956031799
5.68,0.05,0.075,0.0,-0.038514787383060356,9.225967000158114e-05,-0.24841642943059808,-0.1699129045009613,0.24513064324855804,0.10159145027399066,0.28,0.17840854972600936,1.0817984342575073,0.08434271812438965,1.0854237079620361,0.03183376044034958,0.02492668479681015,-0.3783744275569916,0.01570381037890911,-0.3626706302165985,-0.006978693418204784,-0.004193496890366077,-0.38401681184768677,-0.002641903003677726,-0.3866587281227112,-0.010912073776125908,-0.024023687466979027,-0.3552921414375305,-0.015134923160076141,-0.37042707204818726,-0.0487060509622097,-0.049874886870384216,-0.30116456747055054,-0.031421177089214325,-0.33258575201034546,-0.0554814487695694,-0.06647072732448578,-0.2385258674621582,-0.04187655821442604,-0.28040242195129395,0.040936022996902466,0.03974275663495064,-0.18692389130592346,0.025037936866283417,-0.16188594698905945,0.03252822905778885,0.05480939522385597,-0.2615315020084381,0.0345299169421196,-0.22700157761573792,0.03820504993200302,0.039972759783267975,-0.18244042992591858,0.02518283762037754,-0.1572575867176056,0.05744468420743942,0.05891880393028259,0.0941670835018158,0.03711884468793869,0.13128593564033508,-0.0036372216418385506,-0.010695214383304119,0.40271812677383423,-0.00673798518255353,0.3959801495075226,-0.006491025909781456,-0.005833121947944164,0.5460323095321655,-0.0036748668644577265,0.5423574447631836
5.7,0.05,0.075,0.0,-0.0427066538234575,-0.0007206171236756512,-0.25099997868329255,-0.1678365170955658,0.2482452243566513,0.10377165704965596,0.28,0.17622834295034406,1.087066888809204,0.08451845496892929,1.0882487297058105,0.043134815990924835,0.030389122664928436,-0.37186747789382935,0.019145147874951363,-0.35272231698036194,0.007751005701720715,-0.0006101459730416536,-0.385916531085968,-0.00038439195486716926,-0.3863009214401245,0.0013656727969646454,-0.01640687882900238,-0.36500564217567444,-0.010336333885788918,-0.3753419816493988,-0.040310777723789215,-0.047005653381347656,-0.3156605660915375,-0.029613561928272247,-0.3452741205692291,-0.07729016244411469,-0.06971655786037445,-0.25328052043914795,-0.04392142966389656,-0.2972019612789154,0.02767864242196083,0.036123521625995636,-0.19733268022537231,0.022757818922400475,-0.1745748668909073,0.0662531927227974,0.05824253335595131,-0.24734872579574585,0.036692794412374496,-0.21065592765808105,0.03770868480205536,0.03929353505373001,-0.18943488597869873,0.024754926562309265,-0.16467995941638947,0.05564737692475319,0.0579373762011528,0.07291626185178757,0.03650054708123207,0.10941681265830994,-0.012235832400619984,-0.011157399974763393,0.38823816180229187,-0.007029161788523197,0.38120898604393005,0.0017730984836816788,-0.003551255911588669,0.5526508688926697,-0.002237291308119893,0.5504135489463806
5.72,0.05,0.075,0.0,-0.046085173464554575,-0.0006125362418378397,-0.24917376634696886,-0.14842142164707184,0.27736786752939224,0.12415750727057462,0.28,0.1558424927294254,1.089721918106079,0.08274277299642563,1.09061598777771,0.05667645484209061,0.03827532380819321,-0.363553524017334,0.024113453924655914,-0.33944007754325867,0.009029609151184559,0.0022817805875092745,-0.3857501149177551,0.0014375217724591494,-0.38431259989738464,0.012315100058913231,-0.00779028469696641,-0.3730386793613434,-0.004907879512757063,-0.37794655561447144,-0.05590340122580528,-0.04967498034238815,-0.3293861746788025,-0.03129523620009422,-0.360681414604187,-0.07549268752336502,-0.0714493989944458,-0.26841533184051514,-0.045013122260570526,-0.31342846155166626,0.03090367093682289,0.03455756604671478,-0.20915350317955017,0.02177126705646515,-0.18738223612308502,0.028472989797592163,0.049311671406030655,-0.2315838783979416,0.031066352501511574,-0.20051752030849457,0.03137822821736336,0.036918941885232925,-0.19432388246059418,0.023258933797478676,-0.17106494307518005,0.04625922441482544,0.05443393066525459,0.052210982888936996,0.03429337590932846,0.08650435507297516,-0.020268123596906662,-0.013890617527067661,0.3722040355205536,-0.008751088753342628,0.3634529411792755,0.011949166655540466,0.0010988712310791016,0.5571532845497131,0.0006922888569533825,0.5578455924987793
5.74,0.05,0.075,0.0,-0.04931453051600653,-0.00045501347361586093,-0.2429824107007509,-0.15238803625106812,0.2714179456233978,0.11999256193637853,0.28,0.1600074380636215,1.0897328853607178,0.0831955075263977,1.0868351459503174,0.04830852895975113,0.041285283863544464,-0.3535858690738678,0.026009729132056236,-0.3275761306285858,0.009088076651096344,0.004323669709265232,-0.38352060317993164,0.0027239120099693537,-0.3807967007160187,0.004800264723598957,-0.0040131197310984135,-0.3792431056499481,-0.0025282653514295816,-0.38177138566970825,-0.03954561427235603,-0.04663617163896561,-0.3420882821083069,-0.029380787163972855,-0.37146908044815063,-0.06677369028329849,-0.07004668563604355,-0.2836511433124542,-0.04412941262125969,-0.327780544757843,0.012034679763019085,0.027800699695944786,-0.22216834127902985,0.017514441162347794,-0.20465390384197235,0.0769117921590805,0.05759171023964882,-0.214397594332695,0.03628277778625488,-0.17811481654644012,0.024108998477458954,0.033075958490371704,-0.1970575749874115,0.020837854593992233,-0.17621971666812897,0.057038597762584686,0.05521533265709877,0.03226223960518837,0.03478565812110901,0.06704789400100708,-0.032505929470062256,-0.019475210458040237,0.35477912425994873,-0.012269382365047932,0.34250974655151367,-0.011008990928530693,-0.0025334875099360943,0.5594937801361084,-0.0015960971359163523,0.557897686958313
5.76,0.05,0.075,0.0,-0.05192305158924365,0.0006372988728139169,-0.23230428756173035,-0.14860399067401886,0.2770940139889717,0.12396580979228022,0.28,0.1560341902077198,1.0870983600616455,0.07891453057527542,1.0830327272415161,0.04113923758268356,0.041241470724344254,-0.3421483635902405,0.025982126593589783,-0.3161662220954895,-0.005342945456504822,0.0014236851129680872,-0.3792691230773926,0.0008969216141849756,-0.3783721923828125,0.009405851364135742,1.2571923434734344e-05,-0.3835044503211975,7.920311873022001e-06,-0.3834965229034424,-0.04755879193544388,-0.04691295698285103,-0.3535325825214386,-0.02955516241490841,-0.38308775424957275,-0.053292177617549896,-0.06502033770084381,-0.29870694875717163,-0.040962811559438705,-0.33966976404190063,0.026939012110233307,0.027542194351553917,-0.23613713681697845,0.017351582646369934,-0.21878555417060852,0.023705944418907166,0.04742598161101341,-0.1959650218486786,0.029878368601202965,-0.16608665883541107,0.016317937523126602,0.028048552572727203,-0.1976081281900406,0.017670588567852974,-0.17993754148483276,0.05657459795475006,0.05562311410903931,0.013273315504193306,0.03504256159067154,0.048315875232219696,-0.0367976538836956,-0.024671941995620728,0.3361409604549408,-0.015543323010206223,0.32059764862060547,-0.02030366100370884,-0.007864540442824364,0.5596484541893005,-0.004954660311341286,0.5546938180923462
5.78,0.05,0.075,0.0,-0.05484342123825939,0.0021860954199577724,-0.22357229278124682,-0.14547769725322723,0.28178345412015915,0.12724841788411145,0.28,0.15275158211588857,1.0818428993225098,0.07520116120576859,1.0804919004440308,0.013975612819194794,0.033061712980270386,-0.32945194840431213,0.02082887850701809,-0.3086230754852295,-0.021113963797688484,-0.00533760990947485,-0.37307411432266235,-0.003362694289535284,-0.3764367997646332,0.03188027814030647,0.009572884067893028,-0.3857441246509552,0.006030916702002287,-0.3797132074832916,-0.07976207137107849,-0.056767694652080536,-0.363508015871048,-0.03576364740729332,-0.3992716670036316,-0.04127348214387894,-0.05789628252387047,-0.3133050501346588,-0.03647465631365776,-0.3497796952724457,0.046143971383571625,0.033122725784778595,-0.25080227851867676,0.02086731791496277,-0.229934960603714,0.002952761948108673,0.0340840145945549,-0.17647399008274078,0.021472929045557976,-0.15500105917453766,0.0055662356317043304,0.021303856745362282,-0.19596993923187256,0.013421429321169853,-0.18254850804805756,0.05575978755950928,0.05566411465406418,-0.004562279675155878,0.035068392753601074,0.030506113544106483,-0.015229765325784683,-0.021839287132024765,0.31647950410842896,-0.013758750632405281,0.3027207553386688,-0.025437476113438606,-0.013136421330273151,0.5576157569885254,-0.008275945670902729,0.5493398308753967
5.8,0.05,0.075,0.0,-0.05741038816905417,0.004412546855578972,-0.20934621261411065,-0.14490360021591187,0.2826445996761322,0.12785121977329258,0.28,0.15214878022670744,1.074015736579895,0.07704093307256699,1.0715008974075317,0.04376445710659027,0.03627253696322441,-0.3157307803630829,0.022851698100566864,-0.2928790748119354,-0.013348742388188839,-0.007740949746221304,-0.365049809217453,-0.0048767984844744205,-0.3699266016483307,0.04859760403633118,0.021280299872159958,-0.38592082262039185,0.013406588695943356,-0.3725142478942871,-0.07591817528009415,-0.0625128373503685,-0.3718305826187134,-0.03938308730721474,-0.4112136662006378,-0.04746997356414795,-0.054768387228250504,-0.3271762430667877,-0.034504082053899765,-0.3616803288459778,0.03772028535604477,0.03450199216604233,-0.26589325070381165,0.021736254915595055,-0.24415700137615204,0.02350548468530178,0.03091045469045639,-0.1561231166124344,0.019473586231470108,-0.13664953410625458,0.008728120476007462,0.01753113605082035,-0.19215966761112213,0.011044615879654884,-0.1811150461435318,0.055523015558719635,0.055621784180402756,-0.02106279321014881,0.035041723400354385,0.013978930190205574,-0.017839867621660233,-0.020639460533857346,0.2959951162338257,-0.013002860359847546,0.28299224376678467,-0.021555399522185326,-0.015662115067243576,0.55341637134552,-0.009867132641375065,0.5435492396354675
5.82,0.05,0.075,0.0,-0.05964300237976373,0.006622447725014249,-0.19334336262303667,-0.13006123900413513,0.3049081414937973,0.14343569904565814,0.28,0.13656430095434188,1.063688039779663,0.07477052509784698,1.0596283674240112,0.051826268434524536,0.04093865677714348,-0.30123797059059143,0.025791354477405548,-0.2754466235637665,-0.000192136038094759,-0.005476305726915598,-0.3553442060947418,-0.003450072603300214,-0.35879427194595337,0.04486805945634842,0.028356626629829407,-0.3840312957763672,0.01786467432975769,-0.3661666214466095,-0.0489385612308979,-0.05844055488705635,-0.3783468008041382,-0.03681755065917969,-0.41516435146331787,-0.05368972569704056,-0.05444478988647461,-0.34006467461586,-0.03430021554231644,-0.3743648827075958,0.014965972863137722,0.02864118665456772,-0.2811317443847656,0.018043948337435722,-0.26308780908584595,0.01830531843006611,0.02712891437113285,-0.13511981070041656,0.017091216519474983,-0.11802859604358673,0.002951357513666153,0.013157202862203121,-0.18621616065502167,0.008289038203656673,-0.17792712152004242,0.04546559602022171,0.05257492512464523,-0.03606007620692253,0.03312220424413681,-0.002937871962785721,-0.0222763791680336,-0.021130535751581192,0.2748965620994568,-0.013312237337231636,0.2615843117237091,-0.016800645738840103,-0.016003673896193504,0.5470930933952332,-0.010082314722239971,0.5370107889175415
5.84,0.05,0.075,0.0,-0.061437429849697224,0.009713800224775238,-0.17416429385813595,-0.1212080866098404,0.3181878700852394,0.15273150905966762,0.28,0.1272684909403324,1.0509511232376099,0.07753711193799973,1.044622778892517,0.0631118044257164,0.047590602189302444,-0.2862407863140106,0.029982078820466995,-0.25625869631767273,-0.008240611292421818,-0.006305597722530365,-0.3441363275051117,-0.003972526639699936,-0.34810885787010193,0.06737570464611053,0.040062349289655685,-0.38011038303375244,0.025239279493689537,-0.35487109422683716,-0.07362954318523407,-0.0629972517490387,-0.3829364776611328,-0.039688266813755035,-0.42262473702430725,-0.03914929926395416,-0.049856141209602356,-0.35173264145851135,-0.0314093679189682,-0.38314199447631836,0.02424892783164978,0.027323508635163307,-0.29623672366142273,0.017213810235261917,-0.2790229022502899,0.016498450189828873,0.023939773440361023,-0.11367807537317276,0.015082057565450668,-0.09859602153301239,0.0032843463122844696,0.010195345617830753,-0.17820000648498535,0.006423067767173052,-0.1717769354581833,0.046157270669937134,0.050649628043174744,-0.04940129816532135,0.031909264624118805,-0.017492033541202545,-0.0234303567558527,-0.02182048186659813,0.2533988058567047,-0.013746903277933598,0.2396519035100937,-0.02213216945528984,-0.01784222200512886,0.538710355758667,-0.011240599676966667,0.5274697542190552
5.86,0.05,0.075,0.0,-0.06277886821800414,0.013986606127565984,-0.15053246960745645,-0.11610852926969528,0.3258372060954571,0.15808604426682,0.28,0.12191395573318003,1.0359145402908325,0.07703980803489685,1.0279955863952637,0.04628901183605194,0.047200124710798264,-0.27101582288742065,0.029736077412962914,-0.2412797510623932,-0.01766679622232914,-0.009713957086205482,-0.3316328525543213,-0.006119792815297842,-0.33775264024734497,0.06543901562690735,0.047675348818302155,-0.37423041462898254,0.03003546968102455,-0.3441949486732483,-0.06662362068891525,-0.06408516317605972,-0.3855149745941162,-0.040373653173446655,-0.42588862776756287,-0.03277980536222458,-0.04473324120044708,-0.3619649112224579,-0.02818194217979908,-0.3901468515396118,0.019932132214307785,0.025106096640229225,-0.3109295666217804,0.015816841274499893,-0.2951127290725708,0.004219670780003071,0.018023742362856865,-0.09201642870903015,0.011354957707226276,-0.08066146820783615,-0.001383388414978981,0.006721725221723318,-0.16819284856319427,0.0042346869595348835,-0.16395816206932068,0.039144765585660934,0.04719816893339157,-0.06095051020383835,0.029734846204519272,-0.031215663999319077,-0.017763951793313026,-0.020603522658348083,0.2317209243774414,-0.012980218976736069,0.21874070167541504,-0.0398867204785347,-0.02445557340979576,0.5283536314964294,-0.015407010912895203,0.512946605682373
5.88,0.05,0.075,0.0,-0.06322789062537125,0.018737940889434448,-0.12215459824296548,-0.10964523255825043,0.33553215116262436,0.16487250581383708,0.28,0.11512749418616294,1.0187056064605713,0.07961517572402954,1.0069468021392822,0.05022939294576645,0.04810890555381775,-0.2558439373970032,0.030308609828352928,-0.2255353331565857,-0.03390520066022873,-0.01697133108973503,-0.31806445121765137,-0.010691938921809196,-0.3287563920021057,0.07545246183872223,0.056008484214544296,-0.3664998412132263,0.0352853462100029,-0.3312144875526428,-0.0702487975358963,-0.06593425571918488,-0.3860347270965576,-0.041538581252098083,-0.4275733232498169,-0.013518275693058968,-0.035368748009204865,-0.3705728054046631,-0.0222823116928339,-0.39285510778427124,0.025103427469730377,0.025105295702815056,-0.3249393105506897,0.01581633649766445,-0.3091229796409607,0.009235255420207977,0.015387196093797684,-0.0703556165099144,0.00969393365085125,-0.060661680996418,-0.004635335877537727,0.003314606612548232,-0.15629670023918152,0.0020882021635770798,-0.1542084962129593,0.04439542070031166,0.04635734483599663,-0.07059001177549362,0.02920512668788433,-0.04138488322496414,-0.021864481270313263,-0.020981810986995697,0.21008385717868805,-0.013218540698289871,0.19686532020568848,-0.05672153830528259,-0.0341353639960289,0.516128420829773,-0.02150527946650982,0.4946231544017792
5.9,0.05,0.075,0.0,-0.06246958040105114,0.024035344451650117,-0.08910306894294528,-0.09022824466228485,0.3646576330065727,0.18526034310460093,0.28,0.0947396568953991,0.9994679689407349,0.08076538890600204,0.9854606986045837,0.04718344658613205,0.04783126711845398,-0.24100488424301147,0.030133698135614395,-0.21087118983268738,-0.02891923300921917,-0.020555701106786728,-0.303681343793869,-0.012950091622769833,-0.3166314363479614,0.0753183513879776,0.06180144473910332,-0.3570612370967865,0.03893490880727768,-0.3181263208389282,-0.05651864409446716,-0.06310956925153732,-0.3844861686229706,-0.03975902870297432,-0.4242452085018158,-0.0236904788762331,-0.03186526522040367,-0.3773975372314453,-0.02007511630654335,-0.39747264981269836,0.015322650782763958,0.022170502692461014,-0.33800753951072693,0.013967416249215603,-0.32404011487960815,0.000452396459877491,0.010906755924224854,-0.04891636595129967,0.006871256045997143,-0.04204510897397995,-0.013378577306866646,-0.0016933486331254244,-0.14263278245925903,-0.001066809636540711,-0.14369958639144897,0.04366525635123253,0.04554971680045128,-0.07822158187627792,0.028696320950984955,-0.04952526092529297,-0.03251185640692711,-0.02444082498550415,0.18870806694030762,-0.015397720038890839,0.17331033945083618,-0.05457735061645508,-0.040267959237098694,0.5021592974662781,-0.025368813425302505,0.47679048776626587
5.92,0.05,0.075,0.0,-0.06134392484963128,0.029436569265698778,-0.05523154093799665,-0.07096558064222336,0.39355162903666496,0.2054861403256655,0.28,0.07451385967433452,0.9783617854118347,0.077171690762043,0.9635866284370422,0.03789937496185303,0.044851697981357574,-0.22677239775657654,0.028256569057703018,-0.19851583242416382,-0.023833051323890686,-0.021538905799388885,-0.28874877095222473,-0.013569510541856289,-0.302318274974823,0.06339465826749802,0.062279410660266876,-0.3460886478424072,0.039236027747392654,-0.3068526089191437,-0.025290368124842644,-0.051763810217380524,-0.3808978199958801,-0.03261119872331619,-0.4135090112686157,-0.03408007323741913,-0.03252970799803734,-0.38231325149536133,-0.02049371600151062,-0.40280696749687195,-0.001363270916044712,0.015110370703041553,-0.3498932421207428,0.00951953325420618,-0.340373694896698,-0.0067876847460865974,0.005598423536866903,-0.027917152270674706,0.003527006832882762,-0.024390146136283875,-0.02169620618224144,-0.007694206200540066,-0.12734033167362213,-0.004847350064665079,-0.13218767940998077,0.03813605383038521,0.04332561790943146,-0.08376744389533997,0.02729513868689537,-0.056472305208444595,-0.037205930799245834,-0.028270356357097626,0.16781140863895416,-0.01781032420694828,0.15000107884407043,-0.052016183733940125,-0.04379242658615112,0.48658862709999084,-0.027589228004217148,0.4589993953704834
5.94,0.05,0.075,0.0,-0.06002736022069743,0.03517219282134514,-0.019793850878574066,-0.059020332992076874,0.4114695005118847,0.2180286503583193,0.28,0.06197134964168072,0.9555640816688538,0.07325797528028488,0.9404535293579102,0.01815587282180786,0.0368429496884346,-0.213408961892128,0.023211058229207993,-0.1901978999376297,-0.023102259263396263,-0.022007912397384644,-0.273542195558548,-0.01386498473584652,-0.28740718960762024,0.05772010236978531,0.060911618173122406,-0.3337845206260681,0.038374319672584534,-0.2954102158546448,-0.011853315867483616,-0.03979066014289856,-0.3753358721733093,-0.025068115442991257,-0.4004039764404297,-0.030027639120817184,-0.03177908807992935,-0.3852292597293854,-0.020020825788378716,-0.40525007247924805,-0.012434586882591248,0.006846883334219456,-0.3603771924972534,0.004313536453992128,-0.3560636639595032,-0.008750793524086475,0.0012936582788825035,-0.00757197430357337,0.0008150046924129128,-0.006756969727575779,-0.030863219872117043,-0.014644909650087357,-0.11057517677545547,-0.009226293303072453,-0.11980146914720535,0.03548872098326683,0.04097454994916916,-0.08717108517885208,0.025813966989517212,-0.06135711818933487,-0.04483746737241745,-0.03324048966169357,0.14760680496692657,-0.020941508933901787,0.12666529417037964,-0.05870293825864792,-0.04826558008790016,0.46957510709762573,-0.030407315120100975,0.4391677975654602
5.96,0.05,0.075,0.0,-0.057754817950718323,0.041728536104326114,0.019763116065898423,-0.04561151564121246,0.4315827265381813,0.23210790857672695,0.28,0.04789209142327308,0.931269645690918,0.07641508430242538,0.9140515327453613,0.008767955005168915,0.028420450165867805,-0.20116105675697327,0.01790488325059414,-0.18325617909431458,-0.03866768628358841,-0.027005843818187714,-0.25834208726882935,-0.017013682052493095,-0.2753557562828064,0.07305566966533661,0.06455483287572861,-0.3203757107257843,0.04066954553127289,-0.2797061800956726,-0.0380014106631279,-0.03925388306379318,-0.367902934551239,-0.02472994662821293,-0.3926328718662262,-0.006438666954636574,-0.024176960811018944,-0.38609179854393005,-0.015231485478579998,-0.4013232886791229,0.001530003733932972,0.005251819267868996,-0.36926600337028503,0.003308646148070693,-0.3659573495388031,-0.008608940057456493,-0.0016771212685853243,0.011911844834685326,-0.001056586392223835,0.01085525844246149,-0.03726983815431595,-0.021432388573884964,-0.09250818192958832,-0.013502405025064945,-0.10601058602333069,0.041602522134780884,0.041162941604852676,-0.08839782327413559,0.02593265287578106,-0.06246516853570938,-0.04969066381454468,-0.038175541907548904,0.12830016016960144,-0.02405059151351452,0.10424956679344177,-0.07714401185512543,-0.05692911148071289,0.4512920677661896,-0.03586534038186073,0.41542673110961914
5.98,0.05,0.075,0.0,-0.054581962259165374,0.04893821498627646,0.06353773170989108,-0.01834370195865631,0.47248444706201553,0.2607391129434109,0.28,0.019260887056589127,0.9056931734085083,0.08063292503356934,0.8884702920913696,0.002821655012667179,0.0207408107817173,-0.1902545690536499,0.013066710904240608,-0.17718786001205444,-0.03578096628189087,-0.0296383798122406,-0.24342875182628632,-0.01867217943072319,-0.2621009349822998,0.08256755024194717,0.0699586495757103,-0.30610957741737366,0.04407395049929619,-0.26203563809394836,-0.03944799304008484,-0.03931211680173874,-0.3587360978126526,-0.02476663328707218,-0.383502721786499,-0.02080550603568554,-0.023165524005889893,-0.38488495349884033,-0.014594280160963535,-0.3994792401790619,-0.00825923029333353,0.0011985041201114655,-0.3763957917690277,0.0007550576119683683,-0.37564072012901306,-0.003915893845260143,-0.002348753158003092,0.03033575415611267,-0.0014797145267948508,0.02885603904724121,-0.04431026428937912,-0.02829575166106224,-0.07332344353199005,-0.017826324328780174,-0.09114976972341537,0.034593772143125534,0.03919219225645065,-0.08743514865636826,0.024691080674529076,-0.06274406611919403,-0.03395061939954758,-0.03690806403756142,0.11008822917938232,-0.023252079263329506,0.08683615177869797,-0.0880318135023117,-0.06625992059707642,0.43192583322525024,-0.041743747889995575,0.3901820778846741
6.0,0.05,0.075,0.0,-0.05062255015278267,0.05669480007709046,0.10723520382824721,0.0026163533329963684,0.5039245299994946,0.2827471709996462,0.28,0.0027471709996461646,0.8790714740753174,0.08362137526273727,0.8622323274612427,-0.012922940775752068,0.010641684755682945,-0.18089066445827484,0.006704261526465416,-0.17418640851974487,-0.04391566663980484,-0.03392156586050987,-0.2290772646665573,-0.02137058600783348,-0.2504478394985199,0.0710388720035553,0.0702827125787735,-0.29124924540519714,0.0442781075835228,-0.24697113037109375,-0.020225320011377335,-0.03358607739210129,-0.34800440073013306,-0.021159227937459946,-0.3691636323928833,-0.01929318904876709,-0.02200382389128208,-0.3816309869289398,-0.013862408697605133,-0.39549338817596436,-0.018704727292060852,-0.004772465210407972,-0.38163504004478455,-0.0030066531617194414,-0.38464170694351196,-0.015345637686550617,-0.006247818470001221,0.047512006014585495,-0.003936125431209803,0.04357587918639183,-0.05150672793388367,-0.03525904566049576,-0.05321647599339485,-0.022213198244571686,-0.07542967796325684,0.031218495219945908,0.0368000827729702,-0.08429288119077682,0.023184051737189293,-0.06110882759094238,-0.041596002876758575,-0.038314446806907654,0.0931565910577774,-0.02413810044527054,0.06901849061250687,-0.09649881720542908,-0.07533159106969833,0.41167378425598145,-0.04745890200138092,0.3642148971557617
6.0200000000000005,0.05,0.075,0.0,-0.04187064697823742,0.06756589860390542,0.18036634358922368,0.01700790971517563,0.5255118645727634,0.2978583052009344,0.28,0.0178583052009344,0.8589937686920166,0.08920083194971085,0.8547263145446777,-0.02595708519220352,-0.00033794622868299484,-0.2104874700307846,-0.00021290611766744405,-0.2107003778219223,-0.05074875056743622,-0.038969721645116806,-0.2700388431549072,-0.024550924077630043,-0.2945897579193115,0.0738653764128685,0.07135751098394394,-0.3307926058769226,0.04495523124933243,-0.2858373820781708,-0.036761730909347534,-0.03453877195715904,-0.37378913164138794,-0.021759426221251488,-0.395548552274704,-0.004275510087609291,-0.016685329377651215,-0.38561034202575684,-0.010511757805943489,-0.3961220979690552,-0.0068157268688082695,-0.005385443568229675,-0.3625671863555908,-0.0033928293269127607,-0.3659600019454956,-0.013234452344477177,-0.008343808352947235,0.09934528917074203,-0.00525659928098321,0.09408868849277496,-0.05501401051878929,-0.04118553549051285,0.19806495308876038,-0.025946887210011482,0.17211806774139404,0.035476382821798325,0.036402974277734756,0.1177990511059761,0.022933874279260635,0.14073292911052704,-0.034946687519550323,-0.037304118275642395,0.046093348413705826,-0.023501593619585037,0.02259175479412079,-0.11200934648513794,-0.08633491396903992,0.16202345490455627,-0.05439099669456482,0.10763245820999146
6.04,0.05,0.075,0.0,-0.03301686391903478,0.07727354058010853,0.24685048682884503,0.12141197919845581,0.6821179687976837,0.4074825781583786,0.28,0.1274825781583786,0.8501384258270264,0.10041467100381851,0.8507301211357117,0.011943738907575607,0.0033465593587607145,-0.19852861762046814,0.0021083324681967497,-0.19642028212547302,-0.08424615859985352,-0.05255265533924103,-0.2548799216747284,-0.033108171075582504,-0.2879880964756012,0.08095525205135345,0.07423683255910873,-0.3171643018722534,0.04676920548081398,-0.27039510011672974,-0.08096126466989517,-0.04846552014350891,-0.36594444513320923,-0.030533278360962868,-0.39647772908210754,-0.06573818624019623,-0.03140118718147278,-0.3859974145889282,-0.019782748073339462,-0.405780166387558,0.025842495262622833,0.003982937894761562,-0.3710651993751526,0.002509250771254301,-0.3685559630393982,-0.10731884092092514,-0.038036320358514786,0.08853752911090851,-0.023962881416082382,0.06457464396953583,-0.062382154166698456,-0.04754452407360077,0.20883165299892426,-0.02995304949581623,0.17887860536575317,0.01186792179942131,0.029042458161711693,0.13948678970336914,0.018296748399734497,0.15778353810310364,-0.0465029776096344,-0.040063776075839996,0.05724256858229637,-0.025240179151296616,0.032002389430999756,-0.08941158652305603,-0.08725791424512863,0.15160223841667175,-0.054972484707832336,0.09662975370883942
6.0600000000000005,0.05,0.075,0.0,-0.0240008438057467,0.08600229502523166,0.3049492452464954,0.10471531003713608,0.6570729650557041,0.3899510755389929,0.28,0.10995107553899286,0.8405541181564331,0.10788974910974503,0.848576009273529,-0.09650310128927231,-0.026608340442180634,-0.18795974552631378,-0.01676325500011444,-0.20472300052642822,-0.024813806638121605,-0.044231001287698746,-0.24007165431976318,-0.02786553092300892,-0.26793718338012695,0.04490291327238083,0.06543665379285812,-0.30273786187171936,0.041225090622901917,-0.26151275634765625,-0.04624398052692413,-0.04779905825853348,-0.3564019799232483,-0.030113406479358673,-0.38651537895202637,-0.1023758202791214,-0.052693579345941544,-0.3843168318271637,-0.03319695591926575,-0.41751378774642944,-0.010195608250796795,-0.00027062627486884594,-0.3777709901332855,-0.00017049454618245363,-0.3779414892196655,-0.04961100220680237,-0.04150872677564621,0.07588900625705719,-0.026150498539209366,0.049738507717847824,-0.11252881586551666,-0.06703981757164001,0.2176453024148941,-0.042235083878040314,0.1754102110862732,-0.013607491739094257,0.016247473657131195,0.16104169189929962,0.010235908441245556,0.17127759754657745,-0.03708545118570328,-0.0391702800989151,0.07021060585975647,-0.024677276611328125,0.045533329248428345,-0.1179293543100357,-0.09645934402942657,0.14315181970596313,-0.06076938658952713,0.082382433116436
6.08,0.05,0.075,0.0,-0.015844499876800654,0.09325705396481954,0.3499077841764082,0.12880255281925201,0.693203829228878,0.4152426804602146,0.28,0.1352426804602146,0.8304261565208435,0.1110035702586174,0.8406886458396912,0.03324975073337555,-0.008650912903249264,-0.17897579073905945,-0.005450075026601553,-0.18442586064338684,-0.0793590247631073,-0.05476940795779228,-0.22588713467121124,-0.0345047265291214,-0.26039186120033264,0.06332074850797653,0.06480187922716141,-0.28777942061424255,0.04082518443465233,-0.24695423245429993,-0.01957532949745655,-0.039331939071416855,-0.3453376889228821,-0.024779122322797775,-0.37011680006980896,-0.08060343563556671,-0.06106653809547424,-0.38059961795806885,-0.03847191855311394,-0.4190715253353119,-0.027503080666065216,-0.008440363220870495,-0.3825608789920807,-0.00531742861494422,-0.38787829875946045,-0.0943063274025917,-0.05734800547361374,0.06152861565351486,-0.036129243671894073,0.02539937198162079,-0.09633074700832367,-0.07582709938287735,0.22441606223583221,-0.04777107387781143,0.17664498090744019,0.03405691310763359,0.021590305492281914,0.18224407732486725,0.013601892627775669,0.19584597647190094,-0.016707247123122215,-0.03243137151002884,0.08486530184745789,-0.0204317644238472,0.06443353742361069,-0.07058992236852646,-0.08869852125644684,0.13675831258296967,-0.055880069732666016,0.08087824285030365
6.1000000000000005,0.05,0.075,0.0,-0.008910790141894713,0.09901757059273224,0.39458257215359743,0.1192605048418045,0.6788907572627068,0.4052235300838948,0.28,0.12522353008389475,0.8199833035469055,0.11781954020261765,0.8328317403793335,-0.10399337112903595,-0.03725365176796913,-0.17174240946769714,-0.023469800129532814,-0.1952122151851654,-0.056668028235435486,-0.05533899366855621,-0.21258799731731415,-0.03486356511712074,-0.2474515587091446,0.027931619435548782,0.05374079942703247,-0.2725648283958435,0.03385670483112335,-0.23870812356472015,-0.006537463515996933,-0.02949359640479088,-0.3329557180404663,-0.01858096569776535,-0.35153669118881226,-0.057968273758888245,-0.0601370595395565,-0.3749143183231354,-0.037886347621679306,-0.412800669670105,-0.024937931448221207,-0.01338963396847248,-0.38534650206565857,-0.00843546912074089,-0.39378196001052856,-0.043670088052749634,-0.05324462801218033,0.045602697879076004,-0.03354411572217941,0.012058582156896591,-0.1350395679473877,-0.09359084069728851,0.22907495498657227,-0.05896222963929176,0.1701127290725708,0.03498544171452522,0.02560884691774845,0.20287790894508362,0.016133572906255722,0.21901148557662964,-0.04637224227190018,-0.03661363199353218,0.10105733573436737,-0.02306658774614334,0.07799074798822403,-0.1158735603094101,-0.09685103595256805,0.13248687982559204,-0.061016153544187546,0.0714707225561142
6.12,0.05,0.075,0.0,-0.0004699052190287589,0.10459839346010484,0.4334686840818991,0.14185462892055511,0.7127819433808327,0.4289473603665829,0.28,0.14894736036658285,0.8094971776008606,0.12555865943431854,0.8274840116500854,0.04363641142845154,-0.012986631132662296,-0.16639305651187897,-0.008181577548384666,-0.17457462847232819,-0.10939553380012512,-0.071555957198143,-0.20041953027248383,-0.04508025199174881,-0.24549978971481323,0.06165069341659546,0.05611376836895943,-0.25737470388412476,0.035351675003767014,-0.22202302515506744,-0.029315171763300896,-0.02944006957113743,-0.3194843530654907,-0.018547244369983673,-0.3380315899848938,-0.1122918352484703,-0.07578349113464355,-0.3673657774925232,-0.047743599861860275,-0.4151093661785126,-0.020802922546863556,-0.015613621100783348,-0.3860764801502228,-0.009836581535637379,-0.3959130644798279,-0.07555285096168518,-0.05993709713220596,0.02827354706823826,-0.03776036947965622,-0.009486822411417961,-0.11630270630121231,-0.10040439665317535,0.23157449066638947,-0.06325476616621017,0.1683197319507599,0.02174573391675949,0.024449912831187248,0.22273290157318115,0.015403444878757,0.23813635110855103,0.02846774086356163,-0.017089219763875008,0.11862168461084366,-0.010766208171844482,0.10785547643899918,-0.1051005944609642,-0.09932590276002884,0.1303810328245163,-0.0625753179192543,0.067805714905262
6.140000000000001,0.05,0.075,0.0,0.007512831609744786,0.11077535315140088,0.47617431062104865,0.15872415900230408,0.7380862385034561,0.4466603669524193,0.28,0.16666036695241926,0.7992790937423706,0.1294393539428711,0.818120539188385,-0.06738205254077911,-0.02930525876581669,-0.163026362657547,-0.01846231333911419,-0.18148867785930634,-0.09059704095125198,-0.07726828008890152,-0.18960615992546082,-0.04867901653051376,-0.23828518390655518,0.05425737053155899,0.055556848645210266,-0.24248920381069183,0.035000815987586975,-0.20748838782310486,-0.02891732193529606,-0.029283246025443077,-0.3051721155643463,-0.018448444083333015,-0.3236205577850342,-0.036492422223091125,-0.06399616599082947,-0.3580932319164276,-0.040317583829164505,-0.398410826921463,-0.007441194728016853,-0.013161893002688885,-0.3847373425960541,-0.008291992358863354,-0.3930293321609497,-0.06867026537656784,-0.06255704909563065,0.009717750363051891,-0.03941094130277634,-0.02969319000840187,-0.1212831437587738,-0.10666802525520325,0.23188920319080353,-0.06720085442066193,0.1646883487701416,0.06764698773622513,0.037409037351608276,0.2416067272424698,0.023567693307995796,0.26517441868782043,-0.021848469972610474,-0.018516995012760162,0.13737936317920685,-0.011665706522762775,0.12571366131305695,-0.10386085510253906,-0.10068638622760773,0.13046224415302277,-0.06343242526054382,0.06702981889247894
6.16,0.05,0.075,0.0,0.009974483998175623,0.11018358682798217,0.4745371109300853,0.12610365450382233,0.6891554817557335,0.41240883722901345,0.28,0.13240883722901342,0.7896743416786194,0.11974915862083435,0.8089272975921631,-0.031557731330394745,-0.02998100221157074,-0.1617044359445572,-0.01888803206384182,-0.18059246242046356,-0.05432286113500595,-0.07038465142250061,-0.18034732341766357,-0.04434233158826828,-0.22468966245651245,0.033319227397441864,0.048885561525821686,-0.22818289697170258,0.03079790435731411,-0.1973849982023239,-0.006879128515720367,-0.02256201021373272,-0.2902829349040985,-0.014214066788554192,-0.30449700355529785,-0.08960878103971481,-0.07167994976043701,-0.3472677171230316,-0.04515836760401726,-0.392426073551178,0.0012914100661873817,-0.00882590189576149,-0.38135382533073425,-0.005560318008065224,-0.38691413402557373,-0.02504463493824005,-0.051303327083587646,-0.00987559650093317,-0.03232109546661377,-0.042196691036224365,-0.0814928188920021,-0.09911546111106873,0.23001588881015778,-0.06244273856282234,0.16757315397262573,0.02350614219903946,0.03323816880583763,0.25930705666542053,0.02094004675745964,0.2802470922470093,-0.006076185032725334,-0.014784751459956169,0.15713922679424286,-0.009314393624663353,0.14782483875751495,-0.07025673985481262,-0.09155748784542084,0.1327296793460846,-0.05768121778964996,0.07504846155643463
6.18,0.05,0.075,0.0,0.01396835844863385,0.110775263340751,0.4837074238534515,0.08128979802131653,0.6219346970319748,0.3653542879223824,0.28,0.08535428792238237,0.781053364276886,0.12176868319511414,0.7965052723884583,-0.12457554042339325,-0.05835936218500137,-0.16245165467262268,-0.03676639869809151,-0.1992180496454239,-0.05729354918003082,-0.06645731627941132,-0.1728138029575348,-0.04186810925602913,-0.21468190848827362,0.06066013127565384,0.05241793021559715,-0.21471962332725525,0.03302329406142235,-0.1816963255405426,0.015284496359527111,-0.011208058334887028,-0.2750914394855499,-0.007061076816171408,-0.2821525037288666,0.02696244604885578,-0.04208723083138466,-0.3350888788700104,-0.02651495486497879,-0.36160382628440857,-0.024447312578558922,-0.01351232547312975,-0.37598830461502075,-0.008512765169143677,-0.38450106978416443,-0.11105014383792877,-0.06922736763954163,-0.030306827276945114,-0.043613240122795105,-0.07392007112503052,-0.11021244525909424,-0.10244455933570862,0.22597363591194153,-0.0645400732755661,0.16143356263637543,0.07310011982917786,0.04519675672054291,0.2756534814834595,0.028473956510424614,0.30412742495536804,-0.05107124149799347,-0.025670699775218964,0.17769992351531982,-0.016172541305422783,0.1615273803472519,-0.05961669981479645,-0.08197525143623352,0.13716024160385132,-0.05164440721273422,0.0855158343911171
6.2,0.05,0.075,0.0,0.018069985078480243,0.11080143330314836,0.4889947170348525,0.0959395170211792,0.6439092755317688,0.3807364928722382,0.28,0.10073649287223818,0.7737987041473389,0.1048443615436554,0.7974866628646851,-0.07115153223276138,-0.062197014689445496,-0.16525423526763916,-0.039184119552373886,-0.20443835854530334,-0.04371200501918793,-0.05963372439146042,-0.1671445071697235,-0.03756924718618393,-0.20471376180648804,0.011377977207303047,0.040105946362018585,-0.20234769582748413,0.025266746059060097,-0.1770809441804886,-0.08563991636037827,-0.033537618815898895,-0.2598778307437897,-0.02112869918346405,-0.28100651502609253,-0.07205353677272797,-0.05107712373137474,-0.32178130745887756,-0.03217858821153641,-0.3539598882198334,0.028155073523521423,-0.0010121054947376251,-0.3687397241592407,-0.0006376264500431716,-0.36937734484672546,0.01547182071954012,-0.043817609548568726,-0.05136774107813835,-0.027605094015598297,-0.07897283136844635,-0.016977185383439064,-0.07680434733629227,0.21980364620685577,-0.04838673770427704,0.17141690850257874,0.013611993752419949,0.03572132810950279,0.29047948122024536,0.02250443585216999,0.3129839301109314,0.03180742263793945,-0.008427262306213379,0.19885189831256866,-0.005309175234287977,0.1935427188873291,-0.0617452934384346,-0.07590626180171967,0.14370878040790558,-0.04782094433903694,0.09588783979415894
6.22,0.05,0.075,0.0,0.021607707698346173,0.11052777378899542,0.4902656397459344,0.060952335596084595,0.5914285033941269,0.3439999523758889,0.28,0.06399995237588885,0.7682889103889465,0.09738138318061829,0.7889316082000732,-0.06875266879796982,-0.06416371464729309,-0.17006050050258636,-0.04042313992977142,-0.2104836404323578,-0.031163787469267845,-0.05109274387359619,-0.16344404220581055,-0.032188426703214645,-0.1956324726343155,0.019673660397529602,0.03397626057267189,-0.1912953108549118,0.021405043080449104,-0.16989026963710785,0.003145958296954632,-0.022532545030117035,-0.2449226826429367,-0.014195503666996956,-0.2591181993484497,-0.00898402277380228,-0.03844919428229332,-0.307590514421463,-0.02422299236059189,-0.3318135142326355,0.0011325674131512642,-0.00036870362237095833,-0.35974183678627014,-0.0002322832733625546,-0.35997411608695984,-0.05966669321060181,-0.04857233539223671,-0.07284370809793472,-0.030600570142269135,-0.10344427824020386,-0.06416581571102142,-0.07301278412342072,0.21156875789165497,-0.04599805548787117,0.1655707061290741,0.05056260526180267,0.04017370939254761,0.3036339581012726,0.02530943602323532,0.3289434015750885,-0.013450520113110542,-0.009934239089488983,0.22037963569164276,-0.006258570589125156,0.21412105858325958,-0.04950851947069168,-0.06798693537712097,0.15230855345726013,-0.04283176735043526,0.10947678983211517
6.24,0.05,0.075,0.0,0.023965091978396913,0.10873332068579933,0.4787427072665462,0.06484558433294296,0.5972683764994144,0.34808786354959015,0.28,0.06808786354959012,0.7648787498474121,0.1058359295129776,0.7894704341888428,-0.11535364389419556,-0.07952069491147995,-0.1767817884683609,-0.05009803920984268,-0.22687983512878418,-0.07453785091638565,-0.05812627822160721,-0.16178062558174133,-0.036619555205106735,-0.19840018451213837,0.025506362318992615,0.0314352922141552,-0.1817663013935089,0.01980423368513584,-0.16196206212043762,-0.05361088737845421,-0.03185604512691498,-0.23050183057785034,-0.020069308578968048,-0.2505711317062378,0.0018822159618139267,-0.02634977176785469,-0.2927781641483307,-0.0166003555059433,-0.3093785047531128,0.019427701830863953,0.005570217967033386,-0.3491605222225189,0.0035092371981590986,-0.3456512987613678,-0.0753510445356369,-0.056605949997901917,-0.09451588988304138,-0.03566174954175949,-0.13017764687538147,-0.0727415680885315,-0.07293142378330231,0.20135293900966644,-0.045946795493364334,0.1554061472415924,0.06052607670426369,0.0462794192135334,0.3149828016757965,0.0291560348123312,0.34413883090019226,-0.020809536799788475,-0.01319682877510786,0.2420637309551239,-0.008314002305269241,0.23374973237514496,-0.07593515515327454,-0.07037140429019928,0.16287192702293396,-0.04433398321270943,0.11853794753551483
6.26,0.05,0.075,0.0,0.026219142053994768,0.10765615161336271,0.46947677492283163,0.10079289227724075,0.6511893384158611,0.3858325368911028,0.28,0.10583253689110278,0.7638781666755676,0.09245587140321732,0.7944408059120178,-0.03814253956079483,-0.06710724532604218,-0.18529413640499115,-0.042277563363313675,-0.22757169604301453,-0.04009873420000076,-0.052718017250299454,-0.1621849536895752,-0.03321234881877899,-0.1953973025083542,-0.0099483672529459,0.019020194187760353,-0.17393642663955688,0.011982722207903862,-0.16195370256900787,-0.03645036742091179,-0.03323434293270111,-0.21688124537467957,-0.020937636494636536,-0.2378188818693161,-0.05902329832315445,-0.03615183010697365,-0.277617484331131,-0.02277565188705921,-0.30039313435554504,0.01067632157355547,0.007102048955857754,-0.33719098567962646,0.004474290646612644,-0.332716703414917,0.004733351059257984,-0.03820415958762169,-0.11616343259811401,-0.024068620055913925,-0.14023205637931824,-0.027056515216827393,-0.05916894972324371,0.18926025927066803,-0.03727643936872482,0.1519838273525238,0.05194537714123726,0.0479792058467865,0.32441043853759766,0.030226899310946465,0.3546373248100281,0.04321281239390373,0.0037260642275214195,0.2636832296848297,0.002347420435398817,0.2660306394100189,-0.050650663673877716,-0.06445518136024475,0.1752912700176239,-0.04060676321387291,0.1346845030784607
6.28,0.05,0.075,0.0,0.02790963733402695,0.10612878103208545,0.4539443204740718,0.05447050929069519,0.5817057639360428,0.33719403475522997,0.28,0.05719403475522994,0.7655310034751892,0.09853477776050568,0.7962860465049744,-0.10909110307693481,-0.07970240712165833,-0.19544054567813873,-0.050212517380714417,-0.24565306305885315,-0.05110494792461395,-0.052234094589948654,-0.16464956104755402,-0.032907478511333466,-0.19755703210830688,0.0034361332654953003,0.014344975352287292,-0.1679501086473465,0.009037334471940994,-0.1589127779006958,-0.04041434824466705,-0.035388343036174774,-0.20431214570999146,-0.022294655442237854,-0.2266068011522293,-0.005318113602697849,-0.026901714503765106,-0.26238808035850525,-0.01694807969033718,-0.279336154460907,0.014850997366011143,0.00942673347890377,-0.3240540027618408,0.005938841961324215,-0.3181151747703552,-0.05512920022010803,-0.0432816743850708,-0.1375657320022583,-0.02726745419204235,-0.1648331880569458,-0.06888122856616974,-0.06208263337612152,0.17541395127773285,-0.03911205753684044,0.1363018900156021,0.05757231265306473,0.05085713788866997,0.3318207561969757,0.03203999623656273,0.36386075615882874,-0.025534259155392647,-0.005052032880485058,0.28501781821250916,-0.003182780696079135,0.28183504939079285,-0.07985220849514008,-0.06907428801059723,0.18943999707698822,-0.04351679980754852,0.1459231972694397
6.3,0.05,0.075,0.0,0.029358606558756276,0.1045480624658028,0.4368422587415468,0.05626390874385834,0.5843958631157875,0.3390771041810513,0.28,0.059077104181051276,0.7699969410896301,0.09276556968688965,0.8057532906532288,-0.04397370666265488,-0.06898379325866699,-0.2070339024066925,-0.04345978796482086,-0.25049370527267456,-0.06745991110801697,-0.05680184066295624,-0.16912899911403656,-0.03578516095876694,-0.2049141526222229,-0.009956356137990952,0.007054575718939304,-0.16391772031784058,0.00444438261911273,-0.15947334468364716,-0.023309536278247833,-0.03176470100879669,-0.1930263489484787,-0.020011762157082558,-0.2130381166934967,-0.050127334892749786,-0.03386940062046051,-0.2473708540201187,-0.02133772149682045,-0.26870858669281006,0.026300784200429916,0.0144889485090971,-0.3099918067455292,0.009128037840127945,-0.30086377263069153,-0.02595868706703186,-0.03808477893471718,-0.1585046797990799,-0.023993410170078278,-0.18249809741973877,-0.030794478952884674,-0.05269618704915047,0.15995512902736664,-0.03319859877228737,0.12675653398036957,0.06057086959481239,0.053771257400512695,0.33713826537132263,0.03387589007616043,0.37101414799690247,0.03933551535010338,0.00826423242688179,0.305850088596344,0.005206466186791658,0.31105655431747437,-0.052098341286182404,-0.06398150324821472,0.20517393946647644,-0.04030834510922432,0.16486559808254242
6.32,0.05,0.075,0.0,0.030685332747683768,0.10178125754509454,0.4181756480957439,0.058687031269073486,0.5880305469036102,0.3416213828325272,0.28,0.06162138283252716,0.7773383259773254,0.09168800711631775,0.8171648383140564,-0.0478486493229866,-0.06264325231313705,-0.21986034512519836,-0.039465248584747314,-0.2593255937099457,-0.07170583307743073,-0.061273038387298584,-0.17554065585136414,-0.038602013140916824,-0.21414266526699066,-0.025311222299933434,-0.002655163872987032,-0.16191366314888,-0.0016727532492950559,-0.16358642280101776,-0.04906252771615982,-0.03695404902100563,-0.18323199450969696,-0.023281050845980644,-0.20651304721832275,-0.030880142003297806,-0.03297262266278267,-0.23284277319908142,-0.020772751420736313,-0.25361552834510803,0.022901121526956558,0.017012599855661392,-0.29526379704475403,0.010717937722802162,-0.2845458686351776,-0.014524643309414387,-0.031016739085316658,-0.17876692116260529,-0.019540544599294662,-0.19830746948719025,-0.01950494945049286,-0.042738813906908035,0.14304132759571075,-0.026925452053546906,0.11611587554216385,0.07309699803590775,0.05956897884607315,0.3403087258338928,0.03752845525741577,0.3778371810913086,0.023076314479112625,0.01270785741508007,0.3259677290916443,0.008005949668586254,0.3339736759662628,-0.0681302472949028,-0.06522613018751144,0.22233277559280396,-0.041092462837696075,0.18124032020568848
6.34,0.05,0.075,0.0,0.03140670816280828,0.09890425489619616,0.3964266972272383,0.05031265318393707,0.5754689797759056,0.33282828584313395,0.28,0.052828285843133926,0.7875141501426697,0.09721163660287857,0.8287582397460938,-0.04688727855682373,-0.057916462421417236,-0.23368333280086517,-0.03648737072944641,-0.2701706886291504,-0.07655827701091766,-0.06585860997438431,-0.18376626074314117,-0.04149092361330986,-0.22525718808174133,-0.01972334273159504,-0.007775617763400078,-0.16197489202022552,-0.004898638930171728,-0.1668735295534134,-0.11217270791530609,-0.05951964855194092,-0.17510974407196045,-0.037497378885746,-0.21260711550712585,-0.04247776418924332,-0.035824164748191833,-0.21907177567481995,-0.02256922423839569,-0.24164099991321564,0.05052042007446289,0.027064945548772812,-0.2801416218280792,0.017050916329026222,-0.26309069991111755,0.012456010095775127,-0.017974913120269775,-0.19814597070217133,-0.011324195191264153,-0.20947016775608063,-0.016205426305532455,-0.03477879613637924,0.12484489381313324,-0.021910641342401505,0.10293425619602203,0.05808868259191513,0.059124890714883804,0.3412998914718628,0.03724868223071098,0.3785485625267029,0.02605302631855011,0.016711408272385597,0.3451657295227051,0.01052818726748228,0.35569390654563904,-0.08797904849052429,-0.072052001953125,0.24074162542819977,-0.04539275914430618,0.195348858833313
6.36,0.05,0.075,0.0,0.03214321737778769,0.09536780247374178,0.3727822656373692,0.012037551030516624,0.5180563265457749,0.2926394285820425,0.28,0.012639428582042478,0.8003823161125183,0.09561751037836075,0.8402499556541443,-0.051653675734996796,-0.056037627160549164,-0.2482479065656662,-0.03530370444059372,-0.2835516035556793,-0.050620391964912415,-0.06128714233636856,-0.1936541050672531,-0.038610897958278656,-0.23226499557495117,-0.023774461820721626,-0.012575270608067513,-0.1641002893447876,-0.007922420278191566,-0.1720227152109146,-0.06686221063137054,-0.061722420156002045,-0.16880939900875092,-0.038885124027729034,-0.20769453048706055,-0.03546691685914993,-0.035716988146305084,-0.20631186664104462,-0.02250170148909092,-0.22881357371807098,0.03616521880030632,0.029795028269290924,-0.2649041712284088,0.018770867958664894,-0.24613329768180847,0.003523849882185459,-0.011525284498929977,-0.21644432842731476,-0.007260929327458143,-0.2237052619457245,-0.0018146708607673645,-0.02488955855369568,0.10555126518011093,-0.015680421143770218,0.08987084031105042,0.05343308672308922,0.05741734802722931,0.3401016294956207,0.036172930151224136,0.37627455592155457,0.02502288669347763,0.019204851239919662,0.3632484972476959,0.012099056504666805,0.3753475546836853,-0.08109573274850845,-0.07476512342691422,0.26021289825439453,-0.047102026641368866,0.21311086416244507
6.38,0.05,0.075,0.0,0.03182106571514294,0.09012896953822191,0.3403365997389199,0.00013739988207817078,0.5002060998231173,0.28014426987618213,0.28,0.00014426987618210152,0.8157080411911011,0.0988348126411438,0.8563961982727051,-0.021344982087612152,-0.04562983289361,-0.26328545808792114,-0.028746794909238815,-0.29203224182128906,-0.07760176807641983,-0.06618152558803558,-0.20502182841300964,-0.041694361716508865,-0.2467161864042282,-0.029255574569106102,-0.01757936179637909,-0.16825063526630402,-0.01107499748468399,-0.1793256402015686,-0.09238912165164948,-0.07092243432998657,-0.16444715857505798,-0.0446811318397522,-0.20912829041481018,-0.056169040501117706,-0.04185260459780693,-0.19479838013648987,-0.02636714093387127,-0.2211655229330063,0.05997211113572121,0.0388481542468071,-0.24983248114585876,0.024474337697029114,-0.22535814344882965,0.015054031275212765,-0.0035514896735548973,-0.23347553610801697,-0.0022374384570866823,-0.23571297526359558,0.00906354933977127,-0.014703625813126564,0.08535704761743546,-0.009263284504413605,0.07609376311302185,0.05823042616248131,0.057661272585392,0.3367261588573456,0.03632660210132599,0.37305277585983276,0.036149535328149796,0.024288255721330643,0.3800317347049713,0.015301601029932499,0.39533334970474243,-0.07063457369804382,-0.07352595776319504,0.28054818511009216,-0.04632135480642319,0.23422682285308838
6.4,0.05,0.075,0.0,0.03179274301497751,0.08518029425239705,0.30989024239827473,-0.008086711168289185,0.4878699332475662,0.2715089532732964,0.28,0.008491046726703644,0.8331790566444397,0.09445594996213913,0.8691694736480713,-0.02731671743094921,-0.04013589769601822,-0.27851858735084534,-0.025285614654421806,-0.3038041889667511,-0.040095649659633636,-0.05835575982928276,-0.21765977144241333,-0.036764129996299744,-0.25442391633987427,-0.04418366402387619,-0.02556065283715725,-0.17434939742088318,-0.016103211790323257,-0.19045260548591614,-0.06056085601449013,-0.06781396269798279,-0.16210348904132843,-0.04272279515862465,-0.20482628047466278,-0.06201941519975662,-0.04790264740586281,-0.18474365770816803,-0.030178667977452278,-0.21492232382297516,0.044772207736968994,0.04062537103891373,-0.2352045178413391,0.025593983009457588,-0.20961053669452667,0.027395078912377357,0.0057324813678860664,-0.24906602501869202,0.0036114631220698357,-0.2454545646905899,0.016884729266166687,-0.005227118730545044,0.06446804106235504,-0.003293084679171443,0.06117495521903038,0.05320896953344345,0.05632558465003967,0.33120784163475037,0.03548511862754822,0.3666929602622986,0.0005446635186672211,0.017165176570415497,0.3953443765640259,0.010814061388373375,0.406158447265625,-0.05788753926753998,-0.06883443146944046,0.30154022574424744,-0.04336569085717201,0.2581745386123657
6.42,0.05,0.075,0.0,0.03000080543833027,0.07956140605781035,0.27430902637434446,-0.026689602062106133,0.4599655969068408,0.25197591783478857,0.28,0.02802408216521146,0.8524237275123596,0.09832795709371567,0.8891546130180359,-0.02030099183320999,-0.03418542444705963,-0.29366642236709595,-0.021536817774176598,-0.3152032494544983,-0.07037803530693054,-0.061962440609931946,-0.23133482038974762,-0.0390363372862339,-0.2703711688518524,-0.0348731130361557,-0.02835439145565033,-0.18228407204151154,-0.017863266170024872,-0.2001473307609558,-0.09263838082551956,-0.07526128739118576,-0.16182158887386322,-0.04741461202502251,-0.20923620462417603,-0.06035606563091278,-0.05163867026567459,-0.17633315920829773,-0.03253236040472984,-0.20886552333831787,0.06682385504245758,0.048484917730093,-0.22129011154174805,0.030545497313141823,-0.19074460864067078,0.008660697378218174,0.006610946264117956,-0.2630569338798523,0.004164895974099636,-0.2588920295238495,0.019093122333288193,0.0020689538214355707,0.04309710115194321,0.0013034408912062645,0.044400542974472046,0.06412289291620255,0.058664776384830475,0.32360297441482544,0.036958809942007065,0.3605617880821228,0.012279169633984566,0.015699373558163643,0.4090304374694824,0.009890605695545673,0.4189210534095764,-0.05360804498195648,-0.06426651775836945,0.32297515869140625,-0.040487904101610184,0.28248724341392517
6.44,0.05,0.075,0.0,0.028134309715730835,0.0742866309739235,0.23840373601661677,-0.034353096038103104,0.44847035594284534,0.24392924915999176,0.28,0.03607075084000827,0.8730297088623047,0.09439515322446823,0.9042617678642273,-0.017493583261966705,-0.029177872464060783,-0.30844953656196594,-0.018382059410214424,-0.3268316090106964,-0.030737658962607384,-0.05259500443935394,-0.24579478800296783,-0.03313485160470009,-0.2789296507835388,-0.05532386153936386,-0.03644523024559021,-0.1919083446264267,-0.022960495203733444,-0.21486884355545044,-0.05353482440114021,-0.06874334812164307,-0.1636066734790802,-0.0433083102107048,-0.2069149911403656,-0.08412183821201324,-0.06138361990451813,-0.16972199082374573,-0.03867167979478836,-0.2083936631679535,0.055374909192323685,0.050551917403936386,-0.20834586024284363,0.03184770792722702,-0.176498144865036,0.03821976110339165,0.01609359122812748,-0.27530568838119507,0.010138962417840958,-0.2651667296886444,0.026683419942855835,0.009453294798731804,0.02146201767027378,0.0059555754996836185,0.027417592704296112,0.0445898063480854,0.05444228649139404,0.3139890432357788,0.03429863974452019,0.3482876718044281,-0.011265572160482407,0.007609889842569828,0.42095041275024414,0.004794230684638023,0.4257446527481079,-0.0351853221654892,-0.05554215610027313,0.3446345031261444,-0.0349915586411953,0.3096429407596588
6.46,0.05,0.075,0.0,0.025764311335701177,0.06830722519944432,0.2001562316476629,-0.0463644340634346,0.4304533489048481,0.2313173442333937,0.28,0.048682655766606325,0.8945624828338623,0.09674061834812164,0.9285791516304016,-0.03511035442352295,-0.030957616865634918,-0.3225952684879303,-0.01950329914689064,-0.34209856390953064,-0.04850491136312485,-0.051367975771427155,-0.2607729732990265,-0.032361824065446854,-0.29313480854034424,-0.03583233803510666,-0.036261364817619324,-0.20304468274116516,-0.02284465916454792,-0.22588934004306793,-0.09056714922189713,-0.0752904862165451,-0.16742582619190216,-0.04743300750851631,-0.21485882997512817,-0.06862833350896835,-0.06355703622102737,-0.16503210365772247,-0.04004093259572983,-0.2050730288028717,0.04896692559123039,0.05007642135024071,-0.19661051034927368,0.0315481461584568,-0.16506236791610718,0.015101414173841476,0.015795938670635223,-0.28568747639656067,0.009951441548764706,-0.2757360339164734,0.026645619422197342,0.01461099274456501,-0.0002167413040297106,0.009204925037920475,0.008988183923065662,0.06552141159772873,0.05776602402329445,0.30246397852897644,0.03639259561896324,0.33885657787323,0.009106820449233055,0.008058968931436539,0.4309828579425812,0.00507715018466115,0.43606001138687134,-0.0399443656206131,-0.05086281895637512,0.36629754304885864,-0.03204357624053955,0.3342539668083191
6.48,0.05,0.075,0.0,0.023629213494713867,0.06239509833181062,0.16248462202630254,-0.05306556820869446,0.4204016476869583,0.22428115338087085,0.28,0.05571884661912918,0.9165816903114319,0.09856025874614716,0.9457536339759827,-0.015278889797627926,-0.026253998279571533,-0.33584269881248474,-0.01654001884162426,-0.35238271951675415,-0.018200229853391647,-0.04141765087842941,-0.27599310874938965,-0.026093119755387306,-0.3020862340927124,-0.039876267313957214,-0.03734583407640457,-0.21548770368099213,-0.023527875542640686,-0.2390155792236328,-0.08909722417593002,-0.07943250983953476,-0.17320860922336578,-0.05004248023033142,-0.2232510894536972,-0.08804784715175629,-0.07090427726507187,-0.16234998404979706,-0.04466969519853592,-0.20701968669891357,0.05586862936615944,0.051814086735248566,-0.18630051612854004,0.032642874866724014,-0.15365764498710632,0.07000122964382172,0.03205752745270729,-0.2940964996814728,0.02019624225795269,-0.27390027046203613,0.030832737684249878,0.019477516412734985,-0.021718256175518036,0.012270835228264332,-0.009447420947253704,0.05449456349015236,0.05678458511829376,0.28914523124694824,0.03577428683638573,0.32491952180862427,-0.0017140023410320282,0.005127077456563711,0.43902552127838135,0.0032300588209182024,0.44225558638572693,-0.030246401205658913,-0.044677894562482834,0.3877435624599457,-0.028147073462605476,0.35959649085998535
6.5,0.05,0.075,0.0,0.02030259430023603,0.05531472993177891,0.12299092726880367,-0.05966202914714813,0.4105069562792778,0.21735486939549448,0.28,0.06264513060450555,0.938654363155365,0.10062016546726227,0.9665329456329346,-0.024777861312031746,-0.025811156257987022,-0.3479475677013397,-0.01626102812588215,-0.3642086088657379,-0.030188892036676407,-0.03804902359843254,-0.2911744713783264,-0.023970885202288628,-0.315145343542099,-0.05115722119808197,-0.04148925095796585,-0.22900789976119995,-0.026138227432966232,-0.2551461160182953,-0.08471650630235672,-0.08101771026849747,-0.18084834516048431,-0.05104115605354309,-0.2318895012140274,-0.07634173333644867,-0.07253551483154297,-0.16172510385513306,-0.045697372406721115,-0.20742247998714447,0.043429162353277206,0.04929860681295395,-0.1776060163974762,0.031058121472597122,-0.14654789865016937,0.05304757505655289,0.03835454210639,-0.300447016954422,0.02416336163878441,-0.2762836515903473,0.02214079350233078,0.020276499912142754,-0.042823418974876404,0.012774194590747356,-0.030049223452806473,0.07350699603557587,0.061801306903362274,0.27416855096817017,0.038934823125600815,0.3131033778190613,-0.017209840938448906,-0.0015739982482045889,0.4449964165687561,-0.000991618842817843,0.4440048038959503,-0.033742062747478485,-0.04139714688062668,0.4087539613246918,-0.02608020231127739,0.3826737701892853
6.5200000000000005,0.05,0.075,0.0,0.014022953062752976,0.045434498068013834,0.05421282647719453,-0.08587580919265747,0.3711862862110138,0.1898304003477097,0.28,0.09016959965229032,0.9603659510612488,0.10194610804319382,0.9885868430137634,-0.019057022407650948,-0.02378491684794426,-0.35868653655052185,-0.014984497800469398,-0.3736710250377655,-0.025788431987166405,-0.034370847046375275,-0.3060370981693268,-0.021653633564710617,-0.3276907205581665,-0.027552662417292595,-0.03730827569961548,-0.24335592985153198,-0.023504214361310005,-0.26686015725135803,-0.08989810943603516,-0.08368182927370071,-0.19020414352416992,-0.05271955206990242,-0.24292369186878204,-0.07990872859954834,-0.0747474804520607,-0.1631689816713333,-0.047090914100408554,-0.21025989949703217,0.06576091051101685,0.05423729866743088,-0.17068739235401154,0.03416949883103371,-0.13651789724826813,0.03004530444741249,0.03586176782846451,-0.3046743869781494,0.02259291335940361,-0.2820814847946167,0.02699810266494751,0.022292980924248695,-0.06331715732812881,0.014044578187167645,-0.049272578209638596,0.06942813843488693,0.06408935785293579,0.2576865553855896,0.040376294404268265,0.29806286096572876,0.01465516909956932,0.0032947519794106483,0.44883474707603455,0.002075693802908063,0.45091044902801514,-0.03730585426092148,-0.04016976058483124,0.4291146695613861,-0.025306949391961098,0.40380772948265076
6.54,0.05,0.075,0.0,0.006176250432814255,0.036168217967422214,-0.012752920699503179,-0.08687574416399002,0.36968638375401497,0.1887804686278105,0.28,0.09121953137218952,0.9813278913497925,0.10513769835233688,1.0093765258789062,0.00858338177204132,-0.01407442707568407,-0.3678615987300873,-0.008866889402270317,-0.37672847509384155,-0.03824467957019806,-0.03553299605846405,-0.32030683755874634,-0.022385787218809128,-0.34269261360168457,-0.02163967303931713,-0.03260769322514534,-0.2582671344280243,-0.020542846992611885,-0.2788099944591522,-0.10871150344610214,-0.09119073301553726,-0.20110344886779785,-0.05745016038417816,-0.2585536241531372,-0.07292704284191132,-0.07420135289430618,-0.16665500402450562,-0.04674685373902321,-0.21340185403823853,0.06183405593037605,0.05651632696390152,-0.16567222774028778,0.035605285316705704,-0.13006694614887238,0.050595954060554504,0.040282025933265686,-0.30673548579216003,0.025377675890922546,-0.2813578248023987,0.03523605689406395,0.026175905019044876,-0.0829906240105629,0.016490820795297623,-0.06649979948997498,0.07816272228956223,0.06831136345863342,0.2398672103881836,0.04303615912795067,0.28290337324142456,0.017539311200380325,0.007568120025098324,0.45050138235092163,0.004767915699630976,0.45526930689811707,-0.025504833087325096,-0.03577028214931488,0.44861820340156555,-0.022535277530550957,0.42608293890953064
6.5600000000000005,0.05,0.075,0.0,-0.0022170137320281966,0.0263877947858471,-0.07630904978799109,-0.11032066494226456,0.33451900258660316,0.16416330181062225,0.28,0.11583669818937778,1.0011837482452393,0.10044891387224197,1.0213152170181274,0.0010164687409996986,-0.009547159075737,-0.3753035068511963,-0.006014710292220116,-0.38131821155548096,-0.0016308147460222244,-0.025362340733408928,-0.33372050523757935,-0.01597827486693859,-0.3496987819671631,-0.0509473979473114,-0.03810960426926613,-0.2734665274620056,-0.02400905080139637,-0.29747557640075684,-0.038851626217365265,-0.07548899948596954,-0.2133452445268631,-0.04755806922912598,-0.2609032988548279,-0.078923299908638,-0.07561793923377991,-0.17211885750293732,-0.04763930290937424,-0.21975815296173096,0.03272340074181557,0.049378447234630585,-0.16265302896499634,0.031108422204852104,-0.13154460489749908,0.09216111898422241,0.055845752358436584,-0.3066093325614929,0.03518282249569893,-0.2714264988899231,0.03581283614039421,0.029066983610391617,-0.10164334625005722,0.018312199041247368,-0.0833311453461647,0.06356492638587952,0.06688743084669113,0.22089208662509918,0.04213907942175865,0.26303115487098694,-0.014795154333114624,0.000859137624502182,0.44997933506965637,0.0005412566824816167,0.4505206048488617,-0.01884516328573227,-0.030692746862769127,0.4670657813549042,-0.019336430355906487,0.44772934913635254
6.58,0.05,0.075,0.0,-0.009588889766390366,0.018044580075379093,-0.11662379480056106,-0.11170125007629395,0.3324481248855591,0.1627136874198914,0.28,0.11728631258010863,1.0196125507354736,0.0980822816491127,1.0375580787658691,0.013665763661265373,-0.0025832816027104855,-0.38087502121925354,-0.0016274673398584127,-0.3825024962425232,-0.014887230470776558,-0.022219806909561157,-0.34603071212768555,-0.013998478651046753,-0.3600291907787323,-0.04312311112880707,-0.03961365669965744,-0.2886737585067749,-0.024956602603197098,-0.3136303722858429,-0.0636972188949585,-0.07195146381855011,-0.2267037332057953,-0.04532942175865173,-0.272033154964447,-0.07465275377035141,-0.07532837986946106,-0.17945978045463562,-0.047456879168748856,-0.22691665589809418,0.043899599462747574,0.04773479327559471,-0.16168548166751862,0.03007292002439499,-0.13161256909370422,0.05559784173965454,0.05577138066291809,-0.30429720878601074,0.03513596951961517,-0.2691612243652344,0.03242075443267822,0.03007311373949051,-0.11908523738384247,0.01894606091082096,-0.10013917833566666,0.06690342724323273,0.06689222902059555,0.20095454156398773,0.042142104357481,0.24309664964675903,-0.01988249272108078,-0.0053633516654372215,0.44727393984794617,-0.0033789114095270634,0.44389504194259644,-0.004423198290169239,-0.022811882197856903,0.4842694401741028,-0.014371485449373722,0.46989795565605164
6.6000000000000005,0.05,0.075,0.0,-0.017007013099253083,0.009710127209487935,-0.16607268487211937,-0.15017621219158173,0.2747356817126274,0.12231497719883921,0.28,0.1576850228011608,1.036331295967102,0.09485776722431183,1.0546972751617432,-0.004078360740095377,-0.0030318053904920816,-0.38447335362434387,-0.0019100373610854149,-0.38638338446617126,-0.02014264091849327,-0.02159665711224079,-0.3570104241371155,-0.013605893589556217,-0.3706163167953491,-0.041962042450904846,-0.04031817242503166,-0.30360835790634155,-0.025400448590517044,-0.3290088176727295,-0.056445635855197906,-0.06729971617460251,-0.24093253910541534,-0.04239882156252861,-0.28333136439323425,-0.05346085876226425,-0.06876812130212784,-0.18854238092899323,-0.04332391545176506,-0.23186630010604858,0.06924039870500565,0.05418647825717926,-0.16278743743896484,0.034137479960918427,-0.12864995002746582,0.02719614841043949,0.047198809683322906,-0.2998226583003998,0.029735250398516655,-0.27008742094039917,0.03735796734690666,0.032258570194244385,-0.13513855636119843,0.020322898402810097,-0.11481565982103348,0.07114654034376144,0.0681685209274292,0.18025776743888855,0.042946167290210724,0.22320392727851868,0.0027671512216329575,-0.0029242008458822966,0.44241270422935486,-0.001842246507294476,0.4405704438686371,-0.01757747307419777,-0.021241558715701103,0.500053882598877,-0.013382181525230408,0.48667168617248535
6.62,0.05,0.075,0.0,-0.025025776810134348,0.002415847043348326,-0.2154403161423876,-0.12731586396694183,0.30902620404958725,0.14631834283471112,0.28,0.1336816571652889,1.0510956048965454,0.09677284955978394,1.067538857460022,0.028944725170731544,0.0065611544996500015,-0.3860321640968323,0.0041335271671414375,-0.3818986415863037,-0.01886748895049095,-0.020777907222509384,-0.36645710468292236,-0.013090081512928009,-0.3795471787452698,-0.01951565407216549,-0.034077417105436325,-0.3179948627948761,-0.02146877348423004,-0.33946365118026733,-0.09403464943170547,-0.07532019913196564,-0.2557692527770996,-0.047451723366975784,-0.3032209873199463,-0.05970809608697891,-0.06605011224746704,-0.1991991251707077,-0.04161157086491585,-0.24081069231033325,0.04882846772670746,0.05257907509803772,-0.16593855619430542,0.03312481567263603,-0.1328137367963791,0.06397409737110138,0.05223139747977257,-0.2932312786579132,0.03290577977895737,-0.26032549142837524,0.03807125985622406,0.03400237858295441,-0.14963971078395844,0.02142149768769741,-0.12821821868419647,0.07406473159790039,0.06993737816810608,0.15901267528533936,0.04406054690480232,0.20307321846485138,0.006475277245044708,-0.00010435737203806639,0.43544524908065796,-6.574514554813504e-05,0.4353795051574707,-0.015708984807133675,-0.019581787288188934,0.5142582058906555,-0.012336526066064835,0.5019216537475586
6.640000000000001,0.05,0.075,0.0,-0.034215254063012,-0.0024134761460490694,-0.26623827707799413,-0.15316732227802277,0.27024901658296585,0.11917431160807612,0.28,0.1608256883919239,1.0637000799179077,0.09495452791452408,1.0815603733062744,0.02008061669766903,0.01061699353158474,-0.38552266359329224,0.006688705645501614,-0.37883394956588745,-0.03195153921842575,-0.024129997938871384,-0.37419652938842773,-0.015201898291707039,-0.3893984258174896,-0.016116036102175713,-0.028689004480838776,-0.3315679728984833,-0.018074072897434235,-0.3496420383453369,-0.08615801483392715,-0.07857154309749603,-0.2709401845932007,-0.04950007051229477,-0.32044026255607605,-0.044103220105171204,-0.05946604162454605,-0.2112334817647934,-0.037463605403900146,-0.24869708716869354,0.07482711970806122,0.05925348773598671,-0.17108072340488434,0.037329696118831635,-0.1337510347366333,0.010926489718258381,0.03983992338180542,-0.2845902740955353,0.025099150836467743,-0.25949111580848694,0.027862384915351868,0.032160378992557526,-0.1624409407377243,0.020261038094758987,-0.14217990636825562,0.07410284131765366,0.07118701934814453,0.13743574917316437,0.044847823679447174,0.18228358030319214,0.006307661533355713,0.0018192484276369214,0.42644253373146057,0.001146126538515091,0.42758867144584656,-0.01066526584327221,-0.01690683141350746,0.5267376899719238,-0.010651303455233574,0.5160863995552063
6.66,0.05,0.075,0.0,-0.036588293544254885,-0.0039347992984101725,-0.2752306007798608,-0.15218088030815125,0.27172867953777313,0.12021007567644124,0.28,0.1597899243235588,1.0739778280258179,0.09628742188215256,1.0885725021362305,0.04997564107179642,0.022424587979912758,-0.38295429944992065,0.014127490110695362,-0.36882680654525757,-0.011690890416502953,-0.02039826661348343,-0.3800859749317169,-0.012850907631218433,-0.3929368853569031,-0.0044328998774290085,-0.02141217142343521,-0.34407728910446167,-0.013489668257534504,-0.3575669527053833,-0.08709362894296646,-0.08112816512584686,-0.2861655652523041,-0.05111074447631836,-0.33727630972862244,-0.06191515922546387,-0.060200780630111694,-0.22442349791526794,-0.03792649134993553,-0.2623499929904938,0.06600483506917953,0.061278894543647766,-0.17811910808086395,0.0386057049036026,-0.13951340317726135,0.049252673983573914,0.04266374930739403,-0.27398765087127686,0.02687816135585308,-0.24710948765277863,0.03962673991918564,0.03440028801560402,-0.1734117716550827,0.02167218178510666,-0.15173959732055664,0.0684339702129364,0.07036110758781433,0.1157468780875206,0.044327497482299805,0.160074383020401,-0.011699073016643524,-0.00223624799400568,0.4154963195323944,-0.0014088362222537398,0.4140874743461609,0.013310117647051811,-0.00784174632281065,0.5373651385307312,-0.00494030024856329,0.5324248671531677
6.68,0.05,0.075,0.0,-0.04267060657486546,-0.004754711616829947,-0.2858712520454126,-0.1673489660024643,0.24897655099630356,0.10428358569741253,0.28,0.1757164143025875,1.0817984342575073,0.08930698037147522,1.0902513265609741,0.029179921373724937,0.02445118874311447,-0.3783744275569916,0.015404248610138893,-0.36297017335891724,0.009404068812727928,-0.011457565240561962,-0.38401681184768677,-0.0072182659059762955,-0.3912350833415985,-0.03003421239554882,-0.02399878390133381,-0.3552921414375305,-0.015119234099984169,-0.37041136622428894,-0.027595896273851395,-0.06506848335266113,-0.30116456747055054,-0.04099314287304878,-0.3421577215194702,-0.06424827128648758,-0.06141503155231476,-0.2385258674621582,-0.03869146853685379,-0.2772173285484314,0.02962476760149002,0.051782652735710144,-0.18692389130592346,0.03262307122349739,-0.15430082380771637,0.05793805420398712,0.04724603891372681,-0.2615315020084381,0.02976500429213047,-0.2317664921283722,0.035043202340602875,0.034593164920806885,-0.18244042992591858,0.02179369330406189,-0.1606467366218567,0.059574976563453674,0.06712526828050613,0.0941670835018158,0.04228891804814339,0.13645599782466888,-0.03426538035273552,-0.011844987981021404,0.40271812677383423,-0.007462342269718647,0.39525577425956726,0.0007021334022283554,-0.005278582219034433,0.5460323095321655,-0.0033255068119615316,0.5427067875862122
6.7,0.05,0.075,0.0,-0.04773627112592,-0.0034864220729809944,-0.28655941085432374,-0.16392645239830017,0.25411032140254974,0.10787722498178487,0.28,0.17212277501821516,1.087066888809204,0.08161802589893341,1.0901163816452026,0.03315009921789169,0.027060862630605698,-0.37186747789382935,0.017048344016075134,-0.354819118976593,0.020666589960455894,-0.0018203184008598328,-0.385916531085968,-0.001146800583228469,-0.38706332445144653,-0.01888248883187771,-0.02246389538049698,-0.36500564217567444,-0.014152253977954388,-0.3791579008102417,-0.00993446446955204,-0.0485282763838768,-0.3156605660915375,-0.030572813004255295,-0.3462333679199219,-0.07094496488571167,-0.06427401304244995,-0.25328052043914795,-0.04049262776970863,-0.2937731444835663,0.014276894740760326,0.04053092747926712,-0.19733268022537231,0.025534484535455704,-0.1717981994152069,0.0492277517914772,0.04784055054187775,-0.24734872579574585,0.03013954684138298,-0.21720917522907257,0.03279421478509903,0.03405348211526871,-0.18943488597869873,0.021453693509101868,-0.16798119246959686,0.0448223315179348,0.060434386134147644,0.07291626185178757,0.03807366266846657,0.11098992824554443,-0.030403807759284973,-0.017412632703781128,0.38823816180229187,-0.010969958268105984,0.3772681951522827,0.0013484787195920944,-0.0032904637046158314,0.5526508688926697,-0.0020729920361191034,0.5505778789520264
6.72,0.05,0.075,0.0,-0.051726730260922026,-0.0015799378263408324,-0.2851468110650887,-0.1662755161523819,0.25058672577142715,0.10541070803999905,0.28,0.17458929196000098,1.089721918106079,0.07787251472473145,1.0935076475143433,0.03432317078113556,0.029239555820822716,-0.363553524017334,0.01842091977596283,-0.34513258934020996,-0.009260764345526695,-0.004052452277392149,-0.3857501149177551,-0.002553044818341732,-0.38830316066741943,0.008348606526851654,-0.013220144435763359,-0.3730386793613434,-0.008328691124916077,-0.38136738538742065,-0.05664139240980148,-0.050962209701538086,-0.3293861746788025,-0.0321061909198761,-0.3614923655986786,-0.05664372444152832,-0.06198492646217346,-0.26841533184051514,-0.03905050456523895,-0.3074658513069153,0.04987863823771477,0.043335240334272385,-0.20915350317955017,0.027301201596856117,-0.1818522959947586,0.013791115023195744,0.037625718861818314,-0.2315838783979416,0.023704202845692635,-0.2078796774148941,0.03434525057673454,0.03414101153612137,-0.19432388246059418,0.02150883711874485,-0.17281503975391388,0.047703515738248825,0.05661512538790703,0.052210982888936996,0.035667527467012405,0.0878785103559494,0.004953870549798012,-0.010702680796384811,0.3722040355205536,-0.006742688827216625,0.3654613494873047,-0.00490195956081152,-0.0037739125546067953,0.5571532845497131,-0.00237756478600204,0.5547757148742676
6.74,0.05,0.075,0.0,-0.05493255011708998,3.1626758564466204e-05,-0.2795375853630979,-0.16218675673007965,0.2567198649048805,0.1097039054334164,0.28,0.17029609456658362,1.0897328853607178,0.08173023909330368,1.0903527736663818,0.05646728724241257,0.037407875061035156,-0.3535858690738678,0.02356696128845215,-0.33001890778541565,0.0030409530736505985,-0.0019244307186454535,-0.38352060317993164,-0.0012123913038522005,-0.3847329914569855,0.028788309544324875,-0.0006176074966788292,-0.3792431056499481,-0.0003890927182510495,-0.37963220477104187,-0.07606586068868637,-0.05849330872297287,-0.3420882821083069,-0.036850783973932266,-0.37893906235694885,-0.06325024366378784,-0.06236451864242554,-0.2836511433124542,-0.03928964585065842,-0.32294079661369324,0.03662004694342613,0.04132068157196045,-0.22216834127902985,0.02603202871978283,-0.19613631069660187,0.059740569442510605,0.044260174036026,-0.214397594332695,0.02788390964269638,-0.18651369214057922,0.03494768589735031,0.03438301384449005,-0.1970575749874115,0.021661298349499702,-0.17539627850055695,0.0549745187163353,0.05612294375896454,0.03226223960518837,0.03535745292901993,0.0676196962594986,-0.00779376644641161,-0.009830006398260593,0.35477912425994873,-0.006192903965711594,0.34858623147010803,-0.006400964222848415,-0.004562028218060732,0.5594937801361084,-0.0028740777634084225,0.5566197037696838
6.76,0.05,0.075,0.0,-0.0575643705716437,0.0029389874157516108,-0.26561956836907513,-0.1402452439069748,0.2896321341395378,0.1327424938976765,0.28,0.14725750610232352,1.0870983600616455,0.08014654368162155,1.0869972705841064,0.05924922972917557,0.04396028071641922,-0.3421483635902405,0.027694975957274437,-0.3144533932209015,0.016692308709025383,0.003660591086372733,-0.3792691230773926,0.002306172391399741,-0.37696295976638794,0.021344270557165146,0.005970956292003393,-0.3835044503211975,0.003761702449992299,-0.37974274158477783,-0.05384480953216553,-0.05709875747561455,-0.3535325825214386,-0.03597221523523331,-0.3895047903060913,-0.07610729336738586,-0.06648734956979752,-0.29870694875717163,-0.04188703000545502,-0.34059399366378784,0.017510849982500076,0.03417773172259331,-0.23613713681697845,0.0215319711714983,-0.2146051675081253,0.025107577443122864,0.038514394313097,-0.1959650218486786,0.02426406741142273,-0.17170095443725586,0.026728041470050812,0.03208652138710022,-0.1976081281900406,0.020214509218931198,-0.1773936152458191,0.04194597527384758,0.05186985060572624,0.013273315504193306,0.03267800435423851,0.045951321721076965,-0.017195049673318863,-0.012039519846439362,0.3361409604549408,-0.007584897335618734,0.3285560607910156,0.003006288781762123,-0.0022915329318493605,0.5596484541893005,-0.0014436657074838877,0.5582047700881958
6.78,0.05,0.075,0.0,-0.05931757656729875,0.005916059302022949,-0.2467061140020288,-0.15269425511360168,0.2709586173295975,0.11967103213071828,0.28,0.16032896786928175,1.0818428993225098,0.08048783987760544,1.0776183605194092,0.05907917767763138,0.04849594831466675,-0.32945194840431213,0.030552446842193604,-0.29889950156211853,-0.0034678997471928596,0.0015220437198877335,-0.37307411432266235,0.000958887510932982,-0.37211522459983826,0.03039565309882164,0.013298366218805313,-0.3857441246509552,0.008377970196306705,-0.37736615538597107,-0.0567106194794178,-0.056982316076755524,-0.363508015871048,-0.03589886054396629,-0.39940688014030457,-0.05258352309465408,-0.062316201627254486,-0.3133050501346588,-0.039259206503629684,-0.3525642454624176,0.02404174581170082,0.03113693557679653,-0.25080227851867676,0.019616268575191498,-0.23118600249290466,0.04911629110574722,0.04169496148824692,-0.17647399008274078,0.026267824694514275,-0.15020616352558136,0.017339441925287247,0.027662398293614388,-0.19596993923187256,0.017427310347557068,-0.1785426288843155,0.05455968901515007,0.05267680436372757,-0.004562279675155878,0.03318638727068901,0.02862410806119442,-0.034986719489097595,-0.01892368122935295,0.31647950410842896,-0.011921918950974941,0.30455759167671204,-0.01932348869740963,-0.007401119917631149,0.5576157569885254,-0.004662705585360527,0.5529530644416809
6.8,0.05,0.075,0.0,-0.06108427722257471,0.007940463054259356,-0.22989950205584306,-0.125420480966568,0.311869278550148,0.14830849498510365,0.28,0.13169150501489638,1.074015736579895,0.08036526292562485,1.0686194896697998,0.05530542880296707,0.050538793206214905,-0.3157307803630829,0.031839437782764435,-0.28389135003089905,-0.00782320462167263,-0.0012815309455618262,-0.365049809217453,-0.0008073644712567329,-0.36585718393325806,0.04392493516206741,0.022486336529254913,-0.38592082262039185,0.01416639145463705,-0.3717544376850128,-0.07470405846834183,-0.062298841774463654,-0.3718305826187134,-0.0392482690513134,-0.4110788404941559,-0.04967864602804184,-0.05852493271231651,-0.3271762430667877,-0.03687070682644844,-0.36404696106910706,0.029600325971841812,0.03067595139145851,-0.26589325070381165,0.019325848668813705,-0.24656739830970764,0.013772347941994667,0.0333181768655777,-0.1561231166124344,0.02099045179784298,-0.13513267040252686,0.010675612837076187,0.022566363215446472,-0.19215966761112213,0.01421680860221386,-0.17794285714626312,0.04845861345529556,0.05141134560108185,-0.02106279321014881,0.03238914906978607,0.01132635585963726,-0.034358829259872437,-0.023554224520921707,0.2959951162338257,-0.014839161187410355,0.28115594387054443,-0.023077549412846565,-0.012104049324989319,0.55341637134552,-0.007625550962984562,0.5457907915115356
6.82,0.05,0.075,0.0,-0.062367569046448,0.01123569056123796,-0.21005478927004825,-0.1326160728931427,0.30107589066028595,0.1407531234622002,0.28,0.13924687653779982,1.063688039779663,0.08170556277036667,1.0561819076538086,0.06241759657859802,0.05410243570804596,-0.30123797059059143,0.03408453240990639,-0.26715344190597534,-0.00988292507827282,-0.0038619493134319782,-0.3553442060947418,-0.002433028072118759,-0.3577772378921509,0.056312285363674164,0.03263412415981293,-0.3840312957763672,0.02055949717760086,-0.3634718060493469,-0.0729803517460823,-0.06550329178571701,-0.3783468008041382,-0.04126707464456558,-0.41961386799812317,-0.04345128685235977,-0.05400284007191658,-0.34006467461586,-0.03402178734540939,-0.37408646941185,0.02595580741763115,0.029259908944368362,-0.2811317443847656,0.018433742225170135,-0.2626979947090149,0.03422302007675171,0.03358963131904602,-0.13511981070041656,0.02116146683692932,-0.11395834386348724,0.018412403762340546,0.021320175379514694,-0.18621616065502167,0.013431710191071033,-0.1727844476699829,0.046119607985019684,0.0498238205909729,-0.03606007620692253,0.03138900548219681,-0.004671070724725723,-0.008133180439472198,-0.018927909433841705,0.2748965620994568,-0.011924582533538342,0.262971967458725,-0.03196563571691513,-0.018062524497509003,0.5470930933952332,-0.011379390023648739,0.5357137322425842
6.84,0.05,0.075,0.0,-0.06179124589753627,0.015190693572162713,-0.18202819479221985,-0.12392543256282806,0.3141118511557579,0.14987829580903056,0.28,0.13012170419096947,1.0509511232376099,0.07604844868183136,1.042791485786438,0.03845122456550598,0.049407072365283966,-0.2862407863140106,0.03112645447254181,-0.2551143169403076,-0.015540016815066338,-0.007365369703620672,-0.3441363275051117,-0.004640182945877314,-0.34877651929855347,0.039342623203992844,0.03464667499065399,-0.38011038303375244,0.02182740531861782,-0.35828298330307007,-0.04415303096175194,-0.05909821391105652,-0.3829364776611328,-0.03723187372088432,-0.42016834020614624,-0.04047422856092453,-0.049944259226322174,-0.35173264145851135,-0.03146488219499588,-0.38319751620292664,0.01564519852399826,0.02517549693584442,-0.29623672366142273,0.01586056314408779,-0.2803761661052704,0.0024556443095207214,0.02424943447113037,-0.11367807537317276,0.015277143567800522,-0.09840093553066254,-0.0009076576679944992,0.014651825651526451,-0.17820000648498535,0.009230650030076504,-0.16896936297416687,0.045548215508461,0.04854113981127739,-0.04940129816532135,0.0305809173732996,-0.01882038079202175,-0.036029353737831116,-0.02405834197998047,0.2533988058567047,-0.015156755223870277,0.238242045044899,-0.03365030884742737,-0.022738859057426453,0.538710355758667,-0.014325480908155441,0.5243848562240601
6.86,0.05,0.075,0.0,-0.062320722450625705,0.018892627480861828,-0.16107467555871194,-0.12387213110923767,0.3141918033361435,0.14993426233530047,0.28,0.13006573766469956,1.0359145402908325,0.07130202651023865,1.0276325941085815,0.03014970012009144,0.04362986236810684,-0.27101582288742065,0.027486812323331833,-0.24352900683879852,-0.013399885967373848,-0.009175725281238556,-0.3316328525543213,-0.005780707113444805,-0.3374135494232178,0.04787085950374603,0.038613930344581604,-0.37423041462898254,0.02432677522301674,-0.3499036431312561,-0.037294983863830566,-0.05255724489688873,-0.3855149745941162,-0.03311106562614441,-0.4186260402202606,-0.042111217975616455,-0.0475943461060524,-0.3619649112224579,-0.02998443692922592,-0.3919493556022644,0.014757395721971989,0.02205006591975689,-0.3109295666217804,0.01389154139906168,-0.2970380187034607,-0.0014309091493487358,0.016545331105589867,-0.09201642870903015,0.01042355876415968,-0.0815928727388382,-0.005273623391985893,0.008674190379679203,-0.16819284856319427,0.005464740097522736,-0.16272810101509094,0.0413438118994236,0.04638194292783737,-0.06095051020383835,0.029220623895525932,-0.03172988444566727,-0.03263120725750923,-0.026630202308297157,0.2317209243774414,-0.016777027398347855,0.21494390070438385,-0.0290870051831007,-0.024643301963806152,0.5283536314964294,-0.015525280497968197,0.5128283500671387
6.88,0.05,0.075,0.0,-0.06151982394595243,0.024113112950356643,-0.1287453832094574,-0.10581246018409729,0.34128130972385406,0.16889691680669788,0.28,0.11110308319330214,1.0187056064605713,0.07348493486642838,1.008444905281067,0.04790646582841873,0.04491284489631653,-0.2558439373970032,0.028295092284679413,-0.22754883766174316,-0.021498175337910652,-0.01287246122956276,-0.31806445121765137,-0.008109650574624538,-0.3261741101741791,0.0718042403459549,0.04857102409005165,-0.3664998412132263,0.030599744990468025,-0.33590009808540344,-0.05722125619649887,-0.053956449031829834,-0.3860347270965576,-0.03399256244301796,-0.4200272858142853,-0.029625333845615387,-0.042203642427921295,-0.3705728054046631,-0.02658829465508461,-0.3971610963344574,0.01660250872373581,0.02041579782962799,-0.3249393105506897,0.012861952185630798,-0.3120773434638977,0.004357215948402882,0.012888897210359573,-0.0703556165099144,0.008120005019009113,-0.06223561242222786,-0.012612251564860344,0.002288257470354438,-0.15629670023918152,0.0014416022459045053,-0.15485510230064392,0.04401933029294014,0.04567315801978111,-0.07059001177549362,0.028774090111255646,-0.041815921664237976,-0.03716595470905304,-0.029790928587317467,0.21008385717868805,-0.01876828446984291,0.19131557643413544,-0.0373307466506958,-0.028449535369873047,0.516128420829773,-0.017923207953572273,0.4982052147388458
6.9,0.05,0.075,0.0,-0.06046755065651833,0.02931873726703965,-0.09696365873854162,-0.08766509592533112,0.3685023561120033,0.18795164927840236,0.28,0.09204835072159767,0.9994679689407349,0.07513074576854706,0.9890687465667725,0.03022983856499195,0.04050794243812561,-0.24100488424301147,0.025520004332065582,-0.2154848873615265,-0.025488123297691345,-0.016657160595059395,-0.303681343793869,-0.010494011454284191,-0.3141753673553467,0.07656023651361465,0.05696778744459152,-0.3570612370967865,0.03588970750570297,-0.32117152214050293,-0.060398466885089874,-0.055889055132865906,-0.3844861686229706,-0.035210102796554565,-0.41969627141952515,-0.029103880748152733,-0.03827371448278427,-0.3773975372314453,-0.024112440645694733,-0.40150997042655945,0.011647163890302181,0.01778520829975605,-0.33800753951072693,0.011204681359231472,-0.3268028497695923,-0.006631872616708279,0.007032665424048901,-0.04891636595129967,0.004430579021573067,-0.04448578506708145,-0.02166408859193325,-0.004897446371614933,-0.14263278245925903,-0.003085391130298376,-0.14571817219257355,0.04128190502524376,0.04435577988624573,-0.07822158187627792,0.027944141998887062,-0.05027744174003601,-0.03661918640136719,-0.03183940798044205,0.18870806694030762,-0.020058827474713326,0.16864924132823944,-0.04410674422979355,-0.0331466980278492,0.5021592974662781,-0.020882420241832733,0.48127686977386475
6.92,0.05,0.075,0.0,-0.05852204768204577,0.03496863955885546,-0.06318343916801616,-0.07581601291894913,0.3862759806215763,0.20039318643510345,0.28,0.07960681356489657,0.9783617854118347,0.07867679744958878,0.9654486179351807,0.026792990043759346,0.036393456161022186,-0.22677239775657654,0.02292787656188011,-0.20384451746940613,-0.03090691566467285,-0.020932087674736977,-0.28874877095222473,-0.013187214732170105,-0.30193597078323364,0.08306766301393509,0.06479775160551071,-0.3460886478424072,0.040822584182024,-0.30526605248451233,-0.06431616842746735,-0.0584171898663044,-0.3808978199958801,-0.036802828311920166,-0.4177006483078003,-0.012429095804691315,-0.030520329251885414,-0.38231325149536133,-0.019227806478738785,-0.4015410542488098,0.014630737714469433,0.016838867217302322,-0.3498932421207428,0.010608485899865627,-0.339284747838974,-0.001848543994128704,0.004368302412331104,-0.027917152270674706,0.002752030501142144,-0.025165122002363205,-0.023822519928216934,-0.01057496853172779,-0.12734033167362213,-0.006662230007350445,-0.13400256633758545,0.04585317522287369,0.044804997742176056,-0.08376744389533997,0.028227148577570915,-0.0555402934551239,-0.04105784744024277,-0.03460494056344032,0.16781140863895416,-0.021801112219691277,0.14601029455661774,-0.0589202344417572,-0.04087875783443451,0.48658862709999084,-0.02575361728668213,0.4608350098133087
6.94,0.05,0.075,0.0,-0.05622359997611456,0.040762654410274365,-0.027264013560868012,-0.056130990386009216,0.4158035144209862,0.22106246009469036,0.28,0.05893753990530967,0.9555640816688538,0.07772360742092133,0.9412354230880737,0.027825353667140007,0.03382302448153496,-0.213408961892128,0.021308505907654762,-0.19210045039653778,-0.02576909027993679,-0.02238318882882595,-0.273542195558548,-0.014101408421993256,-0.2876436114311218,0.07459654659032822,0.0677373930811882,-0.3337845206260681,0.042674556374549866,-0.29110997915267944,-0.026925507932901382,-0.04896968603134155,-0.3753358721733093,-0.030850902199745178,-0.4061867594718933,-0.031346626579761505,-0.030768219381570816,-0.3852292597293854,-0.019383978098630905,-0.4046132266521454,-0.007020389661192894,0.009681089781224728,-0.3603771924972534,0.006099086720496416,-0.3542781174182892,-0.004314129240810871,0.0017635727999731898,-0.00757197430357337,0.0011110508348792791,-0.0064609237015247345,-0.029142681509256363,-0.016145281493663788,-0.11057517677545547,-0.010171527042984962,-0.12074670195579529,0.03768189996480942,0.042668066918849945,-0.08717108517885208,0.026880882680416107,-0.060290202498435974,-0.034746743738651276,-0.03464747965335846,0.14760680496692657,-0.02182791195809841,0.1257788985967636,-0.06321313977241516,-0.047579072415828705,0.46957510709762573,-0.029974814504384995,0.43960028886795044
6.96,0.05,0.075,0.0,-0.05261667543799193,0.047444928271051796,0.012534855509649981,-0.044854506850242615,0.4327182397246361,0.23290276780724528,0.28,0.047097232192754745,0.931269645690918,0.07766244560480118,0.9147735238075256,0.011215582489967346,0.027040790766477585,-0.20116105675697327,0.017035698518157005,-0.1841253638267517,-0.03680062294006348,-0.026708420366048813,-0.25834208726882935,-0.01682630553841591,-0.27516838908195496,0.06384387612342834,0.06656933575868607,-0.3203757107257843,0.04193868115544319,-0.2784370183944702,-0.014851689338684082,-0.03873428702354431,-0.367902934551239,-0.024402599781751633,-0.39230552315711975,-0.01474825106561184,-0.02596222795546055,-0.38609179854393005,-0.016356203705072403,-0.40244799852371216,-0.011495200917124748,0.0033282022923231125,-0.36926600337028503,0.0020967675372958183,-0.36716923117637634,-0.008534190244972706,-0.001325756311416626,0.011911844834685326,-0.0008352264412678778,0.011076617985963821,-0.04179246351122856,-0.02383943647146225,-0.09250818192958832,-0.015018844977021217,-0.10752702504396439,0.039042577147483826,0.04158041998744011,-0.08839782327413559,0.026195663958787918,-0.06220215931534767,-0.05517130717635155,-0.040804628282785416,0.12830016016960144,-0.02570691518485546,0.10259324312210083,-0.07668481767177582,-0.05631079524755478,0.4512920677661896,-0.035475801676511765,0.4158162772655487
6.98,0.05,0.075,0.0,-0.04876580894881982,0.05372159145691984,0.05291696318253377,-0.02538643404841423,0.46192034892737865,0.2533442442491651,0.28,0.026655755750834953,0.9056931734085083,0.0819467231631279,0.8869407176971436,-0.0033536655828356743,0.017922453582286835,-0.1902545690536499,0.011291145347058773,-0.17896342277526855,-0.04562967270612717,-0.03238479793071747,-0.24342875182628632,-0.020402422174811363,-0.26383116841316223,0.07416287064552307,0.06884739547967911,-0.30610957741737366,0.04337386041879654,-0.2627357244491577,-0.03476947546005249,-0.037544842809438705,-0.3587360978126526,-0.023653250187635422,-0.3823893368244171,-0.002460343763232231,-0.018911661580204964,-0.38488495349884033,-0.011914346367120743,-0.3967992961406708,0.0008984040468931198,0.0025992628652602434,-0.3763957917690277,0.001637535635381937,-0.374758243560791,-0.012164139188826084,-0.004577271640300751,0.03033575415611267,-0.00288368109613657,0.027452073991298676,-0.04537639766931534,-0.030300524085760117,-0.07332344353199005,-0.01908932998776436,-0.09241276979446411,0.043759457767009735,0.04223413020372391,-0.08743514865636826,0.02660750225186348,-0.060827646404504776,-0.04858624190092087,-0.04313911125063896,0.11008822917938232,-0.027177639305591583,0.08291058987379074,-0.09100759029388428,-0.06671983748674393,0.43192583322525024,-0.042033497244119644,0.3898923397064209
7.0,0.05,0.075,0.0,-0.04356584539705694,0.060798234978881614,0.09461024477277953,0.005934666842222214,0.5089020002633333,0.28623140018433335,0.28,0.006231400184333324,0.8790714740753174,0.08583790063858032,0.8604853749275208,-0.004563579801470041,0.011176642961800098,-0.18089066445827484,0.007041284814476967,-0.17384937405586243,-0.04844905436038971,-0.0372040756046772,-0.2290772646665573,-0.02343856729567051,-0.2525158226490021,0.07491833716630936,0.07066867500543594,-0.29124924540519714,0.044521264731884,-0.24672797322273254,-0.02739938721060753,-0.03450120612978935,-0.34800440073013306,-0.02173575945198536,-0.36974015831947327,-0.017838260158896446,-0.018589641898870468,-0.3816309869289398,-0.011711474508047104,-0.3933424651622772,-0.009731383062899113,-0.001099931076169014,-0.38163504004478455,-0.0006929565570317209,-0.38232800364494324,-0.0145871015265584,-0.007580220699310303,0.047512006014585495,-0.004775539040565491,0.042736466974020004,-0.05280148610472679,-0.03705081343650818,-0.05321647599339485,-0.023342011496424675,-0.07655848562717438,0.03670522943139076,0.040575459599494934,-0.08429288119077682,0.02556253969669342,-0.058730341494083405,-0.03449846804141998,-0.04054692015051842,0.0931565910577774,-0.025544559583067894,0.06761202961206436,-0.0982528030872345,-0.07617972791194916,0.41167378425598145,-0.04799322783946991,0.36368054151535034
7.0200000000000005,0.05,0.075,0.0,-0.033937710235000466,0.07098098572765103,0.1686981947645331,0.03103514574468136,0.546552718617022,0.31258690303191544,0.28,0.032586903031915415,0.8589937686920166,0.09228552877902985,0.854901134967804,-0.0047224839217960835,0.0064069046638906,-0.2104874700307846,0.004036349710077047,-0.20645111799240112,-0.055150389671325684,-0.042587969452142715,-0.2700388431549072,-0.026830419898033142,-0.29686927795410156,0.08388154953718185,0.07463254034519196,-0.3307926058769226,0.04701850190758705,-0.28377410769462585,-0.06208457797765732,-0.04277621954679489,-0.37378913164138794,-0.026949018239974976,-0.4007381498813629,-0.009225564077496529,-0.01578041911125183,-0.38561034202575684,-0.009941663593053818,-0.39555200934410095,0.001100282184779644,-0.00043986705713905394,-0.3625671863555908,-0.0002771162544377148,-0.3628442883491516,-0.015124292112886906,-0.009843442589044571,0.09934528917074203,-0.006201368756592274,0.09314391762018204,-0.0514669194817543,-0.041375644505023956,0.19806495308876038,-0.026066655293107033,0.1719982922077179,0.03697152063250542,0.03949427977204323,0.1177990511059761,0.02488139644265175,0.14268045127391815,-0.023727143183350563,-0.035500988364219666,0.046093348413705826,-0.022365622222423553,0.023727726191282272,-0.10753603279590607,-0.08558662235736847,0.16202345490455627,-0.05391957238316536,0.10810388624668121
7.04,0.05,0.075,0.0,-0.023978297897496528,0.0799241381347162,0.23513541444926922,0.10165181756019592,0.6524777263402939,0.3867344084382057,0.28,0.1067344084382057,0.8501384258270264,0.10506074875593185,0.8499137163162231,0.009672792628407478,0.007386671379208565,-0.19852861762046814,0.004653602838516235,-0.1938750147819519,-0.11058258265256882,-0.0629863515496254,-0.2548799216747284,-0.03968140110373497,-0.29456132650375366,0.08555726706981659,0.07790996134281158,-0.3171643018722534,0.049083273857831955,-0.26808103919029236,-0.1092008575797081,-0.06270360946655273,-0.36594444513320923,-0.039503272622823715,-0.40544772148132324,-0.0166065264493227,-0.016028251498937607,-0.3859974145889282,-0.010097797960042953,-0.3960952162742615,0.05058925226330757,0.01486886851489544,-0.3710651993751526,0.009367386810481548,-0.36169782280921936,-0.12276840955018997,-0.04372093454003334,0.08853752911090851,-0.027544189244508743,0.060993339866399765,-0.048175130039453506,-0.04341549053788185,0.20883165299892426,-0.027351759374141693,0.18147990107536316,0.026432961225509644,0.03557588532567024,0.13948678970336914,0.022412806749343872,0.161899596452713,-0.061317551881074905,-0.04324595630168915,0.05724256858229637,-0.02724495157599449,0.02999761700630188,-0.06646642833948135,-0.07985056936740875,0.15160223841667175,-0.05030585825443268,0.10129638016223907
7.0600000000000005,0.05,0.075,0.0,-0.013386959389504571,0.08877087433152019,0.30163108157048885,0.14124435186386108,0.7118665277957916,0.42830656945705414,0.28,0.14830656945705412,0.8405541181564331,0.1088893711566925,0.8477115035057068,-0.06820720434188843,-0.015291493386030197,-0.18795974552631378,-0.009633640758693218,-0.19759339094161987,-0.051959291100502014,-0.05967823415994644,-0.24007165431976318,-0.03759728744626045,-0.27766895294189453,0.033717550337314606,0.06465223431587219,-0.30273786187171936,0.04073090851306915,-0.262006938457489,-0.025126518681645393,-0.05143048241734505,-0.3564019799232483,-0.032401204109191895,-0.3888031840324402,-0.08433336764574051,-0.03651978820562363,-0.3843168318271637,-0.0230074655264616,-0.40732428431510925,-0.0392749160528183,-0.0013742679730057716,-0.3777709901332855,-0.0008657888392917812,-0.37863677740097046,-0.02772713452577591,-0.03892279416322708,0.07588900625705719,-0.02452136017382145,0.05136764794588089,-0.1281302273273468,-0.06882990896701813,0.2176453024148941,-0.04336284101009369,0.17428246140480042,0.005663534160703421,0.026602178812026978,0.16104169189929962,0.016759373247623444,0.17780107259750366,-0.04318857938051224,-0.043228745460510254,0.07021060585975647,-0.027234109118580818,0.0429764986038208,-0.13146792352199554,-0.09533578157424927,0.14315181970596313,-0.06006154045462608,0.08309027552604675
7.08,0.05,0.075,0.0,-0.003033060028310742,0.09654236231659612,0.3516035267321535,0.10726092755794525,0.6608913913369179,0.39262397393584253,0.28,0.1126239739358425,0.8304261565208435,0.1127324029803276,0.8467086553573608,-0.005661695264279842,-0.012402554042637348,-0.17897579073905945,-0.007813609205186367,-0.1867893934249878,-0.06207224726676941,-0.06039644032716751,-0.22588713467121124,-0.03804975748062134,-0.2639368772506714,0.045182421803474426,0.058811288326978683,-0.28777942061424255,0.037051111459732056,-0.2507283091545105,-0.011096653528511524,-0.03933033347129822,-0.3453376889228821,-0.024778109043836594,-0.3701157867908478,-0.15747496485710144,-0.07280634343624115,-0.38059961795806885,-0.04586799442768097,-0.4264675974845886,-0.02861979976296425,-0.009547927416861057,-0.3825608789920807,-0.006015194114297628,-0.38857606053352356,-0.06769274175167084,-0.04755377769470215,0.06152861565351486,-0.029958879575133324,0.03156973421573639,-0.09612172842025757,-0.07701745629310608,0.22441606223583221,-0.048520997166633606,0.1758950650691986,-0.012727170251309872,0.014803373254835606,0.18224407732486725,0.009326125495135784,0.1915702074766159,0.02769111469388008,-0.021952785551548004,0.08486530184745789,-0.013830254785716534,0.07103504985570908,-0.09248199313879013,-0.09447964280843735,0.13675831258296967,-0.059522174298763275,0.07723613828420639
7.1000000000000005,0.05,0.075,0.0,0.004672797295118846,0.10225404285146256,0.39462471571876634,0.11943760514259338,0.6791564077138901,0.4054094853997231,0.28,0.12540948539972308,0.8199833035469055,0.12137874960899353,0.8300762176513672,-0.011559194885194302,-0.012149546295404434,-0.17174240946769714,-0.0076542142778635025,-0.1793966293334961,-0.09671375155448914,-0.07129163295030594,-0.21258799731731415,-0.044913727790117264,-0.2575017213821411,0.07166597992181778,0.06266769766807556,-0.2725648283958435,0.039480648934841156,-0.23308417201042175,0.022049443796277046,-0.020916398614645004,-0.3329557180404663,-0.013177330605685711,-0.3461330533027649,-0.03423567861318588,-0.06123514473438263,-0.3749143183231354,-0.03857814148068428,-0.41349247097969055,-0.0294928178191185,-0.015531394630670547,-0.38534650206565857,-0.009784778580069542,-0.39513128995895386,-0.09374205023050308,-0.06141026318073273,0.045602697879076004,-0.03868846595287323,0.006914231926202774,-0.14727535843849182,-0.09809482842683792,0.22907495498657227,-0.06179974228143692,0.16727522015571594,0.05793271213769913,0.0277421772480011,0.20287790894508362,0.017477571964263916,0.22035548090934753,-0.031315408647060394,-0.02476157248020172,0.10105733573436737,-0.015599790960550308,0.08545754849910736,-0.09148208796977997,-0.09358038008213043,0.13248687982559204,-0.058955639600753784,0.07353124022483826
7.12,0.05,0.075,0.0,0.014476300612407685,0.10753608453942233,0.4420485740596621,0.1591365784406662,0.7387048676609993,0.44709340736269954,0.28,0.1670934073626995,0.8094971776008606,0.12964093685150146,0.8318729400634766,-0.05120565742254257,-0.023866379633545876,-0.16639305651187897,-0.015035819262266159,-0.18142887949943542,-0.10087743401527405,-0.08016737550497055,-0.20041953027248383,-0.050505444407463074,-0.2509249746799469,0.05155415087938309,0.05933363363146782,-0.25737470388412476,0.03738018870353699,-0.21999451518058777,-0.05110125243663788,-0.029971854761242867,-0.3194843530654907,-0.0188822690397501,-0.33836662769317627,-0.09895507991313934,-0.07255113124847412,-0.3673657774925232,-0.04570721089839935,-0.41307300329208374,-0.04417547583580017,-0.024124618619680405,-0.3860764801502228,-0.015198509208858013,-0.40127497911453247,-0.040914878249168396,-0.05526164546608925,0.02827354706823826,-0.03481483459472656,-0.006541287526488304,-0.11571627110242844,-0.10338126122951508,0.23157449066638947,-0.06513019651174545,0.1664443016052246,0.030381258577108383,0.028533902019262314,0.22273290157318115,0.01797635853290558,0.24070926010608673,-0.0038558878004550934,-0.018489865586161613,0.11862168461084366,-0.011648614890873432,0.1069730669260025,-0.11807546019554138,-0.1009289026260376,0.1303810328245163,-0.06358520686626434,0.06679582595825195
7.140000000000001,0.05,0.075,0.0,0.024717823500216618,0.11374838993145513,0.486091867207559,0.13020117580890656,0.6953017637133598,0.4167112345993519,0.28,0.13671123459935186,0.7992790937423706,0.12394919246435165,0.8199260234832764,0.01143861934542656,-0.013274879194796085,-0.163026362657547,-0.00836317427456379,-0.17138953506946564,-0.06825897842645645,-0.07659485936164856,-0.18960615992546082,-0.04825476184487343,-0.23786091804504395,0.04951710253953934,0.056388676166534424,-0.24248920381069183,0.035524867475032806,-0.20696434378623962,-0.0191967710852623,-0.02673932909965515,-0.3051721155643463,-0.01684577763080597,-0.3220179080963135,-0.0906859040260315,-0.0779915601015091,-0.3580932319164276,-0.04913468286395073,-0.40722790360450745,0.0070726340636610985,-0.014765442349016666,-0.3847373425960541,-0.009302228689193726,-0.3940395712852478,-0.04022780805826187,-0.050751492381095886,0.009717750363051891,-0.03197344020009041,-0.022255688905715942,-0.0924777239561081,-0.10011019557714462,0.23188920319080353,-0.0630694255232811,0.16881978511810303,0.02962425723671913,0.02886100858449936,0.2416067272424698,0.018182436004281044,0.2597891688346863,0.00983089953660965,-0.00999363511800766,0.13737936317920685,-0.006295990198850632,0.13108336925506592,-0.07966287434101105,-0.09454908967018127,0.13046224415302277,-0.05956592783331871,0.07089631259441376
7.16,0.05,0.075,0.0,0.02642379767964288,0.11205065901742567,0.4821666455142995,0.10047458112239838,0.6507118716835976,0.3854983101785183,0.28,0.1054983101785183,0.7896743416786194,0.12781475484371185,0.8030851483345032,-0.12233466655015945,-0.04599281772971153,-0.1617044359445572,-0.0289754755795002,-0.1906799077987671,-0.0718754231929779,-0.07517902553081512,-0.18034732341766357,-0.047362785786390305,-0.22771011292934418,0.06480655074119568,0.05891403928399086,-0.22818289697170258,0.03711584582924843,-0.19106705486774445,0.00848972424864769,-0.01617061160504818,-0.2902829349040985,-0.010187485255300999,-0.30047041177749634,0.03412185609340668,-0.0443575344979763,-0.3472677171230316,-0.027945246547460556,-0.37521296739578247,-0.016728879883885384,-0.015354473143815994,-0.38135382533073425,-0.009673317894339561,-0.39102715253829956,-0.10022842139005661,-0.06559456884860992,-0.00987559650093317,-0.04132457822561264,-0.051200173795223236,-0.13399985432624817,-0.11027709394693375,0.23001588881015778,-0.06947457045316696,0.1605413258075714,0.08183281868696213,0.04475255310535431,0.25930705666542053,0.028194108977913857,0.28750115633010864,-0.0694865956902504,-0.02784152328968048,0.15713922679424286,-0.017540158703923225,0.13959906995296478,-0.08152531832456589,-0.09064196050167084,0.1327296793460846,-0.057104434818029404,0.07562524080276489
7.18,0.05,0.075,0.0,0.03174802314456284,0.11190874859800143,0.4937649109886107,0.09663137048482895,0.6449470557272434,0.3814629390090704,0.28,0.10146293900907039,0.781053364276886,0.1128678023815155,0.8000171780586243,-0.08361298590898514,-0.05727887153625488,-0.16245165467262268,-0.03608568757772446,-0.19853734970092773,-0.05186788737773895,-0.06818568706512451,-0.1728138029575348,-0.04295698180794716,-0.21577078104019165,0.00947067141532898,0.044081028550863266,-0.21471962332725525,0.02777104824781418,-0.18694856762886047,-0.058163635432720184,-0.028768520802259445,-0.2750914394855499,-0.0181241687387228,-0.2932156026363373,-0.06414532661437988,-0.05029387027025223,-0.3350888788700104,-0.03168513625860214,-0.3667740225791931,0.02455129101872444,-0.003382743801921606,-0.37598830461502075,-0.0021311286836862564,-0.37811943888664246,0.013209939934313297,-0.04195321351289749,-0.030306827276945114,-0.02643052488565445,-0.056737352162599564,-0.040548745542764664,-0.08935859054327011,0.22597363591194153,-0.056295912712812424,0.1696777194738388,0.02134808525443077,0.03773121163249016,0.2756534814834595,0.023770663887262344,0.2994241416454315,-0.006185963749885559,-0.021344855427742004,0.17769992351531982,-0.013447258621454239,0.16425266861915588,-0.0719430148601532,-0.08503226935863495,0.13716024160385132,-0.053570330142974854,0.08358991146087646
7.2,0.05,0.075,0.0,0.03521059641784962,0.11111201607432179,0.4956521657902441,0.09182539582252502,0.6377380937337875,0.3764166656136513,0.28,0.09641666561365125,0.7737987041473389,0.1067788228392601,0.7910671234130859,-0.08127228915691376,-0.06447689980268478,-0.16525423526763916,-0.04062044620513916,-0.20587468147277832,-0.043050795793533325,-0.060645218938589096,-0.1671445071697235,-0.03820648789405823,-0.20535099506378174,0.01615709438920021,0.03570384904742241,-0.20234769582748413,0.022493423894047737,-0.17985427379608154,0.02264251746237278,-0.013345208019018173,-0.2598778307437897,-0.008407481014728546,-0.2682853043079376,-0.017397161573171616,-0.040424853563308716,-0.32178130745887756,-0.025467658415436745,-0.34724897146224976,0.0006710728630423546,-0.002166598802432418,-0.3687397241592407,-0.0013649571919813752,-0.37010467052459717,-0.0716148093342781,-0.050851695239543915,-0.05136774107813835,-0.032036568969488144,-0.0834043100476265,-0.07428733259439468,-0.08483721315860748,0.21980364620685577,-0.05344744399189949,0.16635620594024658,0.055431898683309555,0.0430414192378521,0.29047948122024536,0.027116093784570694,0.31759557127952576,-0.017354244366288185,-0.020147671923041344,0.19885189831256866,-0.012693033553659916,0.18615886569023132,-0.054537370800971985,-0.07588379830121994,0.14370878040790558,-0.047806791961193085,0.0959019884467125
7.22,0.05,0.075,0.0,0.03811016348252031,0.10976927656181025,0.48957677099089675,0.1144946813583374,0.6717420220375061,0.4002194154262543,0.28,0.12021941542625425,0.7682889103889465,0.10697783529758453,0.7931270599365234,-0.09532834589481354,-0.07373233139514923,-0.17006050050258636,-0.04645136743783951,-0.21651187539100647,-0.07516983151435852,-0.06500260531902313,-0.16344404220581055,-0.04095163941383362,-0.20439568161964417,0.008477594703435898,0.027535971254110336,-0.1912953108549118,0.017347661778330803,-0.17394764721393585,-0.03966933488845825,-0.021242447197437286,-0.2449226826429367,-0.013382741250097752,-0.2583054304122925,-0.03644028306007385,-0.03922948241233826,-0.307590514421463,-0.024714574217796326,-0.33230507373809814,0.013874529860913754,0.002645739819854498,-0.35974183678627014,0.0016668160678818822,-0.35807502269744873,-0.04920191317796707,-0.05035676062107086,-0.07284370809793472,-0.03172475844621658,-0.1045684665441513,-0.059979770332574844,-0.0773799791932106,0.21156875789165497,-0.04874938726425171,0.16281937062740326,0.05272392928600311,0.04594617336988449,0.3036339581012726,0.02894608862698078,0.3325800597667694,0.012360446155071259,-0.010395236313343048,0.22037963569164276,-0.00654899887740612,0.2138306349515915,-0.07403121143579483,-0.07532802224159241,0.15230855345726013,-0.04745665192604065,0.10485190153121948
7.24,0.05,0.075,0.0,0.0409105593202457,0.10904263502412499,0.48064998682380783,0.0681087076663971,0.6021630614995956,0.35151414304971695,0.28,0.07151414304971693,0.7648787498474121,0.09856101125478745,0.7888394594192505,-0.0638224333524704,-0.0707593634724617,-0.1767817884683609,-0.04457839950919151,-0.2213601917028427,-0.038313016295433044,-0.056995730847120285,-0.16178062558174133,-0.035907309502363205,-0.19768793880939484,-0.003821849822998047,0.01812862418591976,-0.1817663013935089,0.011421033181250095,-0.1703452616930008,-0.01741105690598488,-0.020093031227588654,-0.23050183057785034,-0.012658610008656979,-0.2431604415178299,-0.033142007887363434,-0.03740324079990387,-0.2927781641483307,-0.023564040660858154,-0.31634220480918884,0.026298128068447113,0.009741456247866154,-0.3491605222225189,0.006137117277830839,-0.343023419380188,-0.027219325304031372,-0.043415531516075134,-0.09451588988304138,-0.027351785451173782,-0.12186767160892487,-0.05721636861562729,-0.07133089751005173,0.20135293900966644,-0.04493846371769905,0.1564144790172577,0.0438665933907032,0.045322299003601074,0.3149828016757965,0.02855304814875126,0.343535840511322,0.005614850670099258,-0.005592210218310356,0.2420637309551239,-0.003523092484101653,0.2385406345129013,-0.05840695649385452,-0.0702517032623291,0.16287192702293396,-0.04425857216119766,0.1186133548617363
7.26,0.05,0.075,0.0,0.042328934240896045,0.10746310469547356,0.4634827424938601,0.04114397615194321,0.5617159642279148,0.32320117495954037,0.28,0.043201174959540345,0.7638781666755676,0.1081119179725647,0.7893730401992798,-0.12421247363090515,-0.08679530024528503,-0.18529413640499115,-0.05468104034662247,-0.2399751842021942,-0.058744773268699646,-0.057520441710948944,-0.1621849536895752,-0.03623787686228752,-0.19842283427715302,0.03506353497505188,0.023209098726511,-0.17393642663955688,0.014621731825172901,-0.15931469202041626,-0.06033599004149437,-0.03216591849923134,-0.21688124537467957,-0.020264528691768646,-0.2371457815170288,0.01382487267255783,-0.02203480526804924,-0.277617484331131,-0.013881927356123924,-0.29149940609931946,0.031629499047994614,0.01630786806344986,-0.33719098567962646,0.010273956693708897,-0.32691702246665955,-0.08856149017810822,-0.05695931985974312,-0.11616343259811401,-0.035884372889995575,-0.15204781293869019,-0.08101210743188858,-0.07423526048660278,0.18926025927066803,-0.04676821455359459,0.14249204099178314,0.05726087838411331,0.048903871327638626,0.32441043853759766,0.030809437856078148,0.35521987080574036,-0.02271668054163456,-0.010729551315307617,0.2636832296848297,-0.006759617477655411,0.2569236159324646,-0.07225093990564346,-0.07085147500038147,0.1752912700176239,-0.044636428356170654,0.13065484166145325
7.28,0.05,0.075,0.0,0.044562249207005696,0.106044269834606,0.4531180540521535,0.071427121758461,0.6071406826376915,0.35499847784638405,0.28,0.07499847784638403,0.7655310034751892,0.09719551354646683,0.7964050769805908,-0.05576670914888382,-0.07748672366142273,-0.19544054567813873,-0.04881663620471954,-0.24425718188285828,-0.04697165638208389,-0.05435580760240555,-0.16464956104755402,-0.03424415737390518,-0.1988937258720398,-0.014456873759627342,0.011909306980669498,-0.1679501086473465,0.007502863183617592,-0.16044723987579346,-0.03370337188243866,-0.032627154141664505,-0.20431214570999146,-0.020555106922984123,-0.22486725449562073,-0.05052834749221802,-0.030582867562770844,-0.26238808035850525,-0.019267207011580467,-0.28165528178215027,0.023639723658561707,0.018507424741983414,-0.3240540027618408,0.011659677140414715,-0.31239432096481323,-0.008553083054721355,-0.04243744909763336,-0.1375657320022583,-0.026735592633485794,-0.1643013209104538,-0.031764477491378784,-0.06149402633309364,0.17541395127773285,-0.03874123468995094,0.1366727203130722,0.04990171641111374,0.04920322448015213,0.3318207561969757,0.030998030677437782,0.36281877756118774,0.03780284896492958,0.0038301688618957996,0.28501781821250916,0.002413006266579032,0.2874308228492737,-0.05429726094007492,-0.06588520854711533,0.18943999707698822,-0.04150767996907234,0.14793232083320618
7.3,0.05,0.075,0.0,0.04576969038335494,0.10369423386707993,0.43597001473011243,0.03503401577472687,0.5525510236620903,0.3167857165634632,0.28,0.03678571656346319,0.7699969410896301,0.10266950726509094,0.8037981986999512,-0.10170035809278488,-0.08475081622600555,-0.2070339024066925,-0.05339301377534866,-0.26042690873146057,-0.05388367921113968,-0.05421416833996773,-0.16912899911403656,-0.034154925495386124,-0.20328392088413239,0.00824107974767685,0.010808839462697506,-0.16391772031784058,0.006809568963944912,-0.1571081578731537,-0.0770089328289032,-0.04594168812036514,-0.1930263489484787,-0.028943262994289398,-0.2219696044921875,-0.0020603621378540993,-0.022026116028428078,-0.2473708540201187,-0.013876453042030334,-0.26124730706214905,0.03563803434371948,0.023646607995033264,-0.3099918067455292,0.014897363260388374,-0.29509443044662476,-0.05306989699602127,-0.045627184212207794,-0.1585046797990799,-0.028745125979185104,-0.1872498095035553,-0.052954159677028656,-0.05893206596374512,0.15995512902736664,-0.03712720051407814,0.1228279322385788,0.05784119665622711,0.051794618368148804,0.33713826537132263,0.03263060748577118,0.3697688579559326,0.0024068355560302734,0.0034031688701361418,0.305850088596344,0.002143996302038431,0.3079940974712372,-0.07997337728738785,-0.07011166214942932,0.20517393946647644,-0.04417034611105919,0.16100358963012695
7.32,0.05,0.075,0.0,0.04705174316950056,0.10146835757791522,0.4190909980822803,0.03532183915376663,0.55298275873065,0.317087931111455,0.28,0.037087931111454975,0.7773383259773254,0.09638328850269318,0.8158137798309326,-0.03566839545965195,-0.07002609223127365,-0.21986034512519836,-0.044116437435150146,-0.2639767825603485,-0.059106603264808655,-0.055681899189949036,-0.17554065585136414,-0.03507959470152855,-0.21062025427818298,-0.010008471086621284,0.004563646391034126,-0.16191366314888,0.002875097095966339,-0.15903857350349426,-0.04348575696349144,-0.04520490765571594,-0.18323199450969696,-0.028479091823101044,-0.2117110788822174,-0.03064863383769989,-0.024612870067358017,-0.23284277319908142,-0.015506108291447163,-0.2483488768339157,0.03369181975722313,0.026660170406103134,-0.29526379704475403,0.01679590716958046,-0.27846789360046387,-0.02827908843755722,-0.04042275622487068,-0.17876692116260529,-0.02546633593738079,-0.20423325896263123,-0.023614119738340378,-0.048336680978536606,0.14304132759571075,-0.03045210801064968,0.11258921772241592,0.07076994329690933,0.05748721584677696,0.3403087258338928,0.036216944456100464,0.3765256702899933,0.04983532801270485,0.017332816496491432,0.3259677290916443,0.010919674299657345,0.336887389421463,-0.05864480137825012,-0.06667160242795944,0.22233277559280396,-0.04200311005115509,0.18032966554164886
7.34,0.05,0.075,0.0,0.04814524653850528,0.09874368459076731,0.40073838650257354,0.05132894963026047,0.5769934244453907,0.3338953971117735,0.28,0.05389539711177349,0.7875141501426697,0.096809521317482,0.8283081650733948,-0.033025242388248444,-0.05892583727836609,-0.23368333280086517,-0.03712327778339386,-0.27080661058425903,-0.07127545773983002,-0.06035996600985527,-0.18376626074314117,-0.038026779890060425,-0.2217930406332016,-0.025756726041436195,-0.004532465711236,-0.16197489202022552,-0.002855453407391906,-0.16483034193515778,-0.10209254920482635,-0.062271200120449066,-0.17510974407196045,-0.03923085704445839,-0.21434059739112854,-0.048704639077186584,-0.031840402632951736,-0.21907177567481995,-0.020059453323483467,-0.23913122713565826,0.04756836220622063,0.03293262794613838,-0.2801416218280792,0.020747555419802666,-0.2593940794467926,0.028875239193439484,-0.019633356481790543,-0.19814597070217133,-0.012369014322757721,-0.21051499247550964,-0.004063377156853676,-0.03505468741059303,0.12484489381313324,-0.022084452211856842,0.1027604416012764,0.0625685453414917,0.05901161581277847,0.3412998914718628,0.03717731684446335,0.37847721576690674,0.03498080372810364,0.02262721210718155,0.3451657295227051,0.014255143702030182,0.35942086577415466,-0.0775841474533081,-0.06994536519050598,0.24074162542819977,-0.044065579771995544,0.19667604565620422
7.36,0.05,0.075,0.0,0.04870745699999884,0.09460628224409989,0.3751611143793048,0.005879111588001251,0.5088186673820019,0.2861730671674013,0.28,0.006173067167401292,0.8003823161125183,0.09588345885276794,0.839237630367279,-0.050469957292079926,-0.05638907477259636,-0.2482479065656662,-0.0355251170694828,-0.2837730348110199,-0.05629120022058487,-0.05913933366537094,-0.1936541050672531,-0.03725777938961983,-0.23091188073158264,-0.028988858684897423,-0.011869383975863457,-0.1641002893447876,-0.007477711886167526,-0.17157800495624542,-0.06409887969493866,-0.06281950324773788,-0.16880939900875092,-0.03957628831267357,-0.20838569104671478,-0.03670965135097504,-0.033301178365945816,-0.20631186664104462,-0.0209797415882349,-0.22729161381721497,0.04291385039687157,0.03592699393630028,-0.2649041712284088,0.022634005174040794,-0.24227017164230347,-0.007328777574002743,-0.015941983088850975,-0.21644432842731476,-0.010043449699878693,-0.22648778557777405,-0.01186460442841053,-0.028097661212086678,0.10555126518011093,-0.0177015271037817,0.08784973621368408,0.05445259064435959,0.05764390900731087,0.3401016294956207,0.036315660923719406,0.37641727924346924,0.009075628593564034,0.01856173574924469,0.3632484972476959,0.011693893000483513,0.3749423921108246,-0.07920226454734802,-0.0727224349975586,0.26021289825439453,-0.045815132558345795,0.21439775824546814
7.38,0.05,0.075,0.0,0.04855247548753807,0.08988685601964347,0.3466155866710586,0.015200361609458923,0.5228005424141884,0.2959603796899319,0.28,0.01596037968993186,0.8157080411911011,0.09556333720684052,0.8570728302001953,-0.01801067218184471,-0.044875554740428925,-0.26328545808792114,-0.028271598741412163,-0.29155704379081726,-0.06422878801822662,-0.060666173696517944,-0.20502182841300964,-0.03821969032287598,-0.24324151873588562,-0.02343948744237423,-0.015340415760874748,-0.16825063526630402,-0.009664461947977543,-0.17791509628295898,-0.08783035725355148,-0.07032275944948196,-0.16444715857505798,-0.04430333897471428,-0.20875050127506256,-0.06313211470842361,-0.042250461876392365,-0.19479838013648987,-0.02661779150366783,-0.221416175365448,0.046604350209236145,0.03913019970059395,-0.24983248114585876,0.02465202473104,-0.2251804620027542,0.0173024944961071,-0.005968639627099037,-0.23347553610801697,-0.003760242834687233,-0.23723578453063965,0.01590666174888611,-0.014896364882588387,0.08535704761743546,-0.009384709410369396,0.07597234100103378,0.05952753499150276,0.05820899456739426,0.3367261588573456,0.03667166456580162,0.3733978271484375,0.04352070763707161,0.026049427688121796,0.3800317347049713,0.01641113869845867,0.39644286036491394,-0.05376507341861725,-0.06703522801399231,0.28054818511009216,-0.04223219305276871,0.23831599950790405
7.4,0.05,0.075,0.0,0.04700481889132264,0.08462224134360785,0.3138080554220964,-0.005385871045291424,0.49192119343206286,0.27434483540244403,0.28,0.005655164597555995,0.8331790566444397,0.1013951450586319,0.8728426694869995,-0.03393833339214325,-0.04159438982605934,-0.27851858735084534,-0.026204464957118034,-0.3047230541706085,-0.0634874776005745,-0.06151256337761879,-0.21765977144241333,-0.03875291347503662,-0.25641268491744995,-0.03101360984146595,-0.02004237473011017,-0.17434939742088318,-0.01262669637799263,-0.1869760900735855,-0.11791205406188965,-0.08459954708814621,-0.16210348904132843,-0.05329771339893341,-0.21540120244026184,-0.05342796444892883,-0.045603714883327484,-0.18474365770816803,-0.02873034030199051,-0.21347400546073914,0.06591776013374329,0.04716646671295166,-0.2352045178413391,0.02971487306058407,-0.2054896503686905,0.018805552273988724,0.001463618129491806,-0.24906602501869202,0.0009220794308930635,-0.24814394116401672,0.005734536796808243,-0.008707094006240368,0.06446804106235504,-0.00548546900972724,0.058982573449611664,0.060153618454933167,0.05879238247871399,0.33120784163475037,0.03703920170664787,0.36824703216552734,0.005958328023552895,0.02002209797501564,0.3953443765640259,0.01261392142623663,0.4079582989215851,-0.06943506747484207,-0.06775517761707306,0.30154022574424744,-0.04268576204776764,0.2588544487953186
7.42,0.05,0.075,0.0,0.04556524793525383,0.0795416534307062,0.2791160144826857,-0.02796909585595131,0.45804635621607304,0.2506324493512512,0.28,0.029367550648748852,0.8524237275123596,0.09941472113132477,0.8899287581443787,-0.043066978454589844,-0.04203616455197334,-0.29366642236709595,-0.026482783257961273,-0.3201492130756378,-0.0400354340672493,-0.05506942421197891,-0.23133482038974762,-0.03469373658299446,-0.2660285532474518,-0.035537637770175934,-0.024690954014658928,-0.18228407204151154,-0.015555300749838352,-0.1978393793106079,-0.07797681540250778,-0.08261272311210632,-0.16182158887386322,-0.05204601585865021,-0.21386760473251343,-0.06624496728181839,-0.051796093583106995,-0.17633315920829773,-0.032631538808345795,-0.20896470546722412,0.05103443190455437,0.04832685738801956,-0.22129011154174805,0.030445920303463936,-0.19084419310092926,0.016827939078211784,0.006072914693504572,-0.2630569338798523,0.003825936233624816,-0.25923100113868713,0.014766290783882141,-0.0016650781035423279,0.04309710115194321,-0.0010489991400390863,0.042048100382089615,0.05130952224135399,0.05654752627015114,0.32360297441482544,0.03562493994832039,0.3592279255390167,0.008462594822049141,0.016554247587919235,0.4090304374694824,0.010429175570607185,0.41945961117744446,-0.056312792003154755,-0.06432245671749115,0.32297515869140625,-0.04052314907312393,0.2824520170688629
7.44,0.05,0.075,0.0,0.0441835366360079,0.07430662213423193,0.24413861178508642,-0.02315669320523739,0.4652649601921439,0.25568547213450077,0.28,0.024314527865499258,0.8730297088623047,0.10303959250450134,0.9096980094909668,-0.02770693227648735,-0.037737395614385605,-0.30844953656196594,-0.023774558678269386,-0.3322241008281708,-0.03687386214733124,-0.04961075633764267,-0.24579478800296783,-0.03125477582216263,-0.27704957127571106,-0.01844877190887928,-0.022818299010396004,-0.1919083446264267,-0.014375528320670128,-0.20628386735916138,-0.12546412646770477,-0.09546814858913422,-0.1636066734790802,-0.06014493480324745,-0.22375160455703735,-0.07064517587423325,-0.05745081603527069,-0.16972199082374573,-0.03619401529431343,-0.20591600239276886,0.06114882603287697,0.052173446863889694,-0.20834586024284363,0.03286927193403244,-0.1754765808582306,0.03803021460771561,0.015660105273127556,-0.27530568838119507,0.009865866042673588,-0.26543980836868286,0.03492249175906181,0.0093111926689744,0.02146201767027378,0.005866051185876131,0.027328068390488625,0.056226760149002075,0.05645129829645157,0.3139890432357788,0.03556431829929352,0.34955334663391113,0.018462643027305603,0.017126765102148056,0.42095041275024414,0.010789861902594566,0.43174028396606445,-0.044146351516246796,-0.058269623667001724,0.3446345031261444,-0.03670986369252205,0.30792462825775146
7.46,0.05,0.075,0.0,0.04240789850120558,0.06893073944979651,0.2086851658589648,-0.049130700528621674,0.4263039492070675,0.22841276444494726,0.28,0.05158723555505276,0.8945624828338623,0.10410500317811966,0.9304448962211609,-0.016382159665226936,-0.03133082389831543,-0.3225952684879303,-0.019738418981432915,-0.34233367443084717,-0.043256014585494995,-0.04770433157682419,-0.2607729732990265,-0.030053729191422462,-0.2908267080783844,-0.03401005268096924,-0.02617582678794861,-0.20304468274116516,-0.016490770503878593,-0.2195354551076889,-0.0956021398305893,-0.09550834447145462,-0.16742582619190216,-0.0601702556014061,-0.22759607434272766,-0.06733360886573792,-0.06041565537452698,-0.16503210365772247,-0.03806186094880104,-0.20309396088123322,0.05914605036377907,0.054265230894088745,-0.19661051034927368,0.03418709337711334,-0.16242341697216034,0.034652240574359894,0.021357744932174683,-0.28568747639656067,0.013455378822982311,-0.2722320854663849,0.03455822914838791,0.01688530296087265,-0.0002167413040297106,0.010637740604579449,0.010420999489724636,0.06881893426179886,0.060161590576171875,0.30246397852897644,0.037901800125837326,0.34036576747894287,0.021873563528060913,0.018550805747509003,0.4309828579425812,0.01168700773268938,0.4426698684692383,-0.04484843462705612,-0.054243266582489014,0.36629754304885864,-0.034173257648944855,0.3321242928504944
7.48,0.05,0.075,0.0,0.03976231230465598,0.06272286760131973,0.17238564760402783,-0.060156069695949554,0.40976589545607567,0.21683612681925302,0.28,0.06316387318074701,0.9165816903114319,0.10036933422088623,0.9474815130233765,-0.02808910794556141,-0.03035830706357956,-0.33584269881248474,-0.01912573352456093,-0.35496842861175537,-0.021894630044698715,-0.039961423724889755,-0.27599310874938965,-0.02517569623887539,-0.3011687994003296,-0.058644674718379974,-0.03591648116707802,-0.21548770368099213,-0.02262738347053528,-0.2381150871515274,-0.04847661405801773,-0.08139882236719131,-0.17320860922336578,-0.05128125846385956,-0.22448986768722534,-0.07976265251636505,-0.0662197545170784,-0.16234998404979706,-0.04171844571828842,-0.20406842231750488,0.037916265428066254,0.04936053976416588,-0.18630051612854004,0.031097140163183212,-0.15520337224006653,0.06450632959604263,0.03430232033133507,-0.2940964996814728,0.021610461175441742,-0.27248603105545044,0.023978017270565033,0.019013117998838425,-0.021718256175518036,0.011978263966739178,-0.009739992208778858,0.06444567441940308,0.061446815729141235,0.28914523124694824,0.03871149197220802,0.32785671949386597,0.00042760372161865234,0.013113845139741898,0.43902552127838135,0.008261722512543201,0.4472872316837311,-0.044704191386699677,-0.05138154327869415,0.3877435624599457,-0.032370373606681824,0.35537320375442505
7.5,0.05,0.075,0.0,0.03528924310966531,0.05574555354359229,0.1306997991625828,-0.050953395664691925,0.4235699065029621,0.2264989345520735,0.28,0.053501065447926516,0.938654363155365,0.10432352870702744,0.9672289490699768,0.009406199678778648,-0.018428955227136612,-0.3479475677013397,-0.01161024160683155,-0.3595578074455261,-0.0497690811753273,-0.04290372133255005,-0.2911744713783264,-0.02702934481203556,-0.31820380687713623,-0.05640629678964615,-0.04206342622637749,-0.22900789976119995,-0.026499958708882332,-0.25550785660743713,-0.08488331735134125,-0.08244417607784271,-0.18084834516048431,-0.05193983018398285,-0.23278817534446716,-0.07667962461709976,-0.06935771554708481,-0.16172510385513306,-0.0436953604221344,-0.20542046427726746,0.06374950706958771,0.05367723107337952,-0.1776060163974762,0.03381665423512459,-0.1437893658876419,0.05571172013878822,0.040725141763687134,-0.300447016954422,0.025656839832663536,-0.2747901678085327,0.03097735345363617,0.022602388635277748,-0.042823418974876404,0.014239504933357239,-0.028583914041519165,0.08448979258537292,0.06835971027612686,0.27416855096817017,0.04306661710143089,0.31723517179489136,-0.010633913800120354,0.00598951755091548,0.4449964165687561,0.003773396136239171,0.44876980781555176,-0.0330154150724411,-0.04587170481681824,0.4087539613246918,-0.0288991741836071,0.37985479831695557
7.5200000000000005,0.05,0.075,0.0,0.026529913085433565,0.04563922206044262,0.05565412938817271,-0.0873539075255394,0.3689691387116909,0.18827839709818367,0.28,0.09172160290181636,0.9603659510612488,0.10318487882614136,0.9882607460021973,-0.0052502998150885105,-0.01447535865008831,-0.35868653655052185,-0.009119476191699505,-0.36780601739883423,-0.025675052776932716,-0.037735119462013245,-0.3060370981693268,-0.02377312444150448,-0.329810231924057,-0.04107588529586792,-0.04176716506481171,-0.24335592985153198,-0.026313314214348793,-0.26966923475265503,-0.06604611128568649,-0.07752475887537003,-0.19020414352416992,-0.04884059727191925,-0.23904474079608917,-0.08829206228256226,-0.07503802329301834,-0.1631689816713333,-0.04727395251393318,-0.2104429304599762,0.07755286246538162,0.06083992123603821,-0.17068739235401154,0.03832915052771568,-0.13235823810100555,0.017122939229011536,0.033644482493400574,-0.3046743869781494,0.021196024492383003,-0.28347834944725037,0.025739729404449463,0.023543590679764748,-0.06331715732812881,0.014832462184131145,-0.048484694212675095,0.07343299686908722,0.06988169252872467,0.2576865553855896,0.04402546584606171,0.3017120361328125,-0.0016773361712694168,0.0036894616205245256,0.44883474707603455,0.002324360888451338,0.45115911960601807,-0.023013995960354805,-0.03901439160108566,0.4291146695613861,-0.024579066783189774,0.40453559160232544
7.54,0.05,0.075,0.0,0.016571564770207815,0.0362073016380285,-0.011358347921121373,-0.08176485449075699,0.3773527182638645,0.1941469027847052,0.28,0.08585309721529483,0.9813278913497925,0.1059674397110939,1.0092881917953491,0.005088094621896744,-0.00860632210969925,-0.3678615987300873,-0.005421983078122139,-0.37328359484672546,-0.03227023780345917,-0.03609565645456314,-0.32030683755874634,-0.022740263491868973,-0.3430471122264862,-0.014206526800990105,-0.03349897265434265,-0.2582671344280243,-0.021104352548718452,-0.2793715000152588,-0.11691614240407944,-0.08934217691421509,-0.20110344886779785,-0.05628557130694389,-0.25738900899887085,-0.07761049270629883,-0.07580976188182831,-0.16665500402450562,-0.04776015132665634,-0.21441516280174255,0.05599020794034004,0.05938500910997391,-0.16567222774028778,0.037412554025650024,-0.12825967371463776,0.05254548415541649,0.03931478410959244,-0.30673548579216003,0.024768313392996788,-0.2819671630859375,0.03323041647672653,0.026449639350175858,-0.0829906240105629,0.01666327193379402,-0.06632734835147858,0.0763452872633934,0.07182077318429947,0.2398672103881836,0.04524708539247513,0.2851142883300781,0.013296933844685555,0.006571703590452671,0.45050138235092163,0.004140173085033894,0.45464155077934265,-0.019041797146201134,-0.03302261233329773,0.44861820340156555,-0.02080424502491951,0.42781394720077515
7.5600000000000005,0.05,0.075,0.0,0.007039197256055116,0.027588757063966917,-0.07110340937966105,-0.1228700578212738,0.3156949132680893,0.15098643928766253,0.28,0.1290135607123375,1.0011837482452393,0.10385967046022415,1.0250813961029053,0.005981318652629852,-0.004230029881000519,-0.3753035068511963,-0.002664918778464198,-0.377968430519104,-0.013472553342580795,-0.029308725148439407,-0.33372050523757935,-0.018464496359229088,-0.3521850109100342,-0.03061394952237606,-0.0326334685087204,-0.2734665274620056,-0.02055908553302288,-0.29402559995651245,-0.0708998367190361,-0.08380948007106781,-0.2133452445268631,-0.052799973636865616,-0.2661452293395996,-0.08111207187175751,-0.07740045338869095,-0.17211885750293732,-0.048762284219264984,-0.2208811342716217,0.06745816022157669,0.06180695444345474,-0.16265302896499634,0.038938380777835846,-0.12371464818716049,0.05062837153673172,0.0427088625729084,-0.3066093325614929,0.026906583458185196,-0.279702752828598,0.034018225967884064,0.02872021496295929,-0.10164334625005722,0.018093734979629517,-0.0835496112704277,0.06944624334573746,0.07110841572284698,0.22089208662509918,0.04479830339550972,0.2656903862953186,-0.007861616089940071,0.002241707406938076,0.44997933506965637,0.0014122757129371166,0.4513916075229645,-0.010543471202254295,-0.026278870180249214,0.4670657813549042,-0.01655568741261959,0.45051008462905884
7.58,0.05,0.075,0.0,-0.0017588593952532637,0.02051408724368098,-0.1189106490100184,-0.10463988780975342,0.3430401682853699,0.17012811779975895,0.28,0.10987188220024108,1.0196125507354736,0.1028929278254509,1.0383514165878296,0.020161926746368408,0.0030875573866069317,-0.38087502121925354,0.0019451611442491412,-0.37892985343933105,-0.005695929750800133,-0.02222488634288311,-0.34603071212768555,-0.014001678675413132,-0.3600323796272278,-0.03627161681652069,-0.033724911510944366,-0.2886737585067749,-0.021246694028377533,-0.30992045998573303,-0.0778619796037674,-0.08202522993087769,-0.2267037332057953,-0.05167589336633682,-0.2783796191215515,-0.077789805829525,-0.07751725614070892,-0.17945978045463562,-0.0488358698785305,-0.22829565405845642,0.04420270025730133,0.05652567744255066,-0.16168548166751862,0.03561117500066757,-0.12607431411743164,0.07729359716176987,0.05308428406715393,-0.30429720878601074,0.03344309702515602,-0.270854115486145,0.02953137457370758,0.028963562101125717,-0.11908523738384247,0.01824704371392727,-0.10083819180727005,0.07193635404109955,0.07135679572820663,0.20095454156398773,0.044954780489206314,0.24590931832790375,-0.038183897733688354,-0.00988597422838211,0.44727393984794617,-0.006228163838386536,0.44104576110839844,0.008120154961943626,-0.015959162265062332,0.4842694401741028,-0.010054272599518299,0.47421517968177795
7.6000000000000005,0.05,0.075,0.0,-0.00984774522101325,0.014976289558633997,-0.16900829468217657,-0.14507679641246796,0.28238480538129807,0.12766936376690868,0.28,0.15233063623309134,1.036331295967102,0.09785494953393936,1.0525788068771362,0.0021889470517635345,0.002817974193021655,-0.38447335362434387,0.0017753237625584006,-0.38269802927970886,-0.006707454565912485,-0.017569657415151596,-0.3570104241371155,-0.011068884283304214,-0.3680793046951294,-0.042215682566165924,-0.03627214580774307,-0.30360835790634155,-0.022851452231407166,-0.3264598250389099,-0.04837392643094063,-0.07192984223365784,-0.24093253910541534,-0.04531580209732056,-0.2862483263015747,-0.061668768525123596,-0.07276271283626556,-0.18854238092899323,-0.04584050923585892,-0.23438289761543274,0.06525242328643799,0.05914369970560074,-0.16278743743896484,0.03726053237915039,-0.12552690505981445,0.03269728645682335,0.046968184411525726,-0.2998226583003998,0.029589956626296043,-0.2702327072620392,0.03726828843355179,0.03145498037338257,-0.13513855636119843,0.01981663703918457,-0.11532191932201385,0.06846857070922852,0.07049033045768738,0.18025776743888855,0.04440890625119209,0.22466666996479034,-0.023496996611356735,-0.013969280757009983,0.44241270422935486,-0.008800647221505642,0.43361204862594604,-0.005954676307737827,-0.012957816943526268,0.500053882598877,-0.008163424208760262,0.49189046025276184
7.62,0.05,0.075,0.0,-0.020184472622404,0.00959092645390231,-0.2098013779304028,-0.14105024933815002,0.28842462599277496,0.1318972381949425,0.28,0.14810276180505752,1.0510956048965454,0.09511552006006241,1.0650081634521484,0.024768410250544548,0.009403104893863201,-0.3860321640968323,0.0059239561669528484,-0.38010820746421814,-0.0207198653370142,-0.018514718860387802,-0.36645710468292236,-0.011664273217320442,-0.37812137603759766,-0.01898169331252575,-0.03108501061797142,-0.3179948627948761,-0.019583556801080704,-0.3375784158706665,-0.0730988010764122,-0.07228052616119385,-0.2557692527770996,-0.04553673043847084,-0.30130597949028015,-0.056641966104507446,-0.06792648881673813,-0.1991991251707077,-0.04279368743300438,-0.24199281632900238,0.03697124123573303,0.052491962909698486,-0.16593855619430542,0.03306993469595909,-0.13286861777305603,0.05828950181603432,0.05036458000540733,-0.2932312786579132,0.03172968700528145,-0.26150158047676086,0.03477548062801361,0.03245113044977188,-0.14963971078395844,0.02044421248137951,-0.12919549643993378,0.06875701993703842,0.06997033953666687,0.15901267528533936,0.04408131539821625,0.2030939906835556,0.005970679223537445,-0.007987292483448982,0.43544524908065796,-0.005031994078308344,0.43041324615478516,-0.022823574021458626,-0.015917543321847916,0.5142582058906555,-0.010028052143752575,0.5042301416397095
7.640000000000001,0.05,0.075,0.0,-0.02582605318605345,0.007386828594032249,-0.23370971001982946,-0.15357987582683563,0.26963018625974655,0.11874113038182263,0.28,0.1612588696181774,1.0637000799179077,0.09246327728033066,1.07723867893219,0.03835684061050415,0.018089227378368378,-0.38552266359329224,0.011396213434636593,-0.37412646412849426,-0.011272842064499855,-0.016342155635356903,-0.37419652938842773,-0.010295557789504528,-0.38449209928512573,-0.008543470874428749,-0.024322547018527985,-0.3315679728984833,-0.015323204919695854,-0.3468911647796631,-0.06245805323123932,-0.06933378428220749,-0.2709401845932007,-0.043680284172296524,-0.3146204650402069,-0.0723521038889885,-0.06925417482852936,-0.2112334817647934,-0.04363013058900833,-0.2548636198043823,0.06067750230431557,0.0549476258456707,-0.17108072340488434,0.03461700305342674,-0.1364637166261673,0.025214318186044693,0.04281949996948242,-0.2845902740955353,0.026976285502314568,-0.25761398673057556,0.043538469821214676,0.03577733039855957,-0.1624409407377243,0.022539718076586723,-0.13990122079849243,0.06075413525104523,0.06720548123121262,0.13743574917316437,0.04233945161104202,0.179775208234787,0.010098293423652649,-0.0025616164784878492,0.42644253373146057,-0.0016138183418661356,0.4248287081718445,0.004568114876747131,-0.009771845303475857,0.5267376899719238,-0.0061562624759972095,0.5205814242362976
7.66,0.05,0.075,0.0,-0.03151482241502331,0.005582780643465647,-0.24484907021875615,-0.14217880368232727,0.2867317944765091,0.13071225613355641,0.28,0.1492877438664436,1.0739778280258179,0.09507424384355545,1.0831457376480103,0.0430770218372345,0.025585565716028214,-0.38295429944992065,0.016118906438350677,-0.3668353855609894,-0.0010455353185534477,-0.011753169819712639,-0.3800859749317169,-0.007404496893286705,-0.38749048113822937,-0.0031155161559581757,-0.017960436642169952,-0.34407728910446167,-0.011315074749290943,-0.35539236664772034,-0.08522346615791321,-0.07410068809986115,-0.2861655652523041,-0.04668343439698219,-0.33284899592399597,-0.07121720165014267,-0.06984308362007141,-0.22442349791526794,-0.04400114342570305,-0.2684246301651001,0.029855478554964066,0.04741998389363289,-0.17811910808086395,0.029874589294195175,-0.14824451506137848,0.08421742916107178,0.05523888021707535,-0.27398765087127686,0.03480049595236778,-0.23918715119361877,0.03227977454662323,0.03472806513309479,-0.1734117716550827,0.02187868021428585,-0.1515330970287323,0.07074577361345291,0.0682675689458847,0.1157468780875206,0.04300856962800026,0.15875545144081116,-0.01968557946383953,-0.007698806002736092,0.4154963195323944,-0.004850247874855995,0.41064608097076416,-0.003910415805876255,-0.008013416081666946,0.5373651385307312,-0.005048451945185661,0.5323166847229004
7.68,0.05,0.075,0.0,-0.03579493941555812,0.005736875389014189,-0.2533235188978698,-0.15552857518196106,0.2667071372270584,0.11669499605894093,0.28,0.1633050039410591,1.0817984342575073,0.09192662686109543,1.0906517505645752,0.03311555087566376,0.027844561263918877,-0.3783744275569916,0.017542073503136635,-0.3608323633670807,-0.01558702252805233,-0.012903325259685516,-0.38401681184768677,-0.00812909472733736,-0.39214590191841125,-0.01862059347331524,-0.018158484250307083,-0.3552921414375305,-0.011439844965934753,-0.36673200130462646,-0.058416202664375305,-0.06939534097909927,-0.30116456747055054,-0.04371906444430351,-0.34488362073898315,-0.061536289751529694,-0.06735104322433472,-0.2385258674621582,-0.04243115708231926,-0.28095701336860657,0.060067493468523026,0.05121423304080963,-0.18692389130592346,0.032264966517686844,-0.15465892851352692,0.017968274652957916,0.0440577007830143,-0.2615315020084381,0.027756351977586746,-0.23377515375614166,0.024711348116397858,0.03172304853796959,-0.18244042992591858,0.019985521212220192,-0.16245490312576294,0.07243155688047409,0.06951676309108734,0.0941670835018158,0.04379555955529213,0.13796263933181763,-0.03374006226658821,-0.015511183068156242,0.40271812677383423,-0.009772045537829399,0.3929460942745209,0.0022535063326358795,-0.0049333395436406136,0.5460323095321655,-0.0031080038752406836,0.5429242849349976
7.7,0.05,0.075,0.0,-0.039984295202248596,0.0063257292551582465,-0.26039446493201596,-0.15768255293369293,0.2634761705994606,0.11443331941962245,0.28,0.16556668058037757,1.087066888809204,0.08665747195482254,1.096484661102295,0.033176422119140625,0.029444118961691856,-0.37186747789382935,0.01854979433119297,-0.3533176779747009,-0.009203406050801277,-0.011793349869549274,-0.385916531085968,-0.007429810240864754,-0.3933463394641876,-0.002282124012708664,-0.013395576737821102,-0.36500564217567444,-0.008439213037490845,-0.3734448552131653,-0.05323171243071556,-0.06454625725746155,-0.3156605660915375,-0.04066414013504982,-0.356324702501297,-0.06420433521270752,-0.06640702486038208,-0.25328052043914795,-0.04183642566204071,-0.29511696100234985,0.05066930875182152,0.05105075612664223,-0.19733268022537231,0.032161977142095566,-0.16517069935798645,0.01050969772040844,0.033993300050497055,-0.24734872579574585,0.02141577936708927,-0.22593294084072113,0.02538212388753891,0.029820770025253296,-0.18943488597869873,0.0187870841473341,-0.17064779996871948,0.05626067891716957,0.06553994119167328,0.07291626185178757,0.04129016399383545,0.11420642584562302,-0.012342645786702633,-0.014560622163116932,0.38823816180229187,-0.009173192083835602,0.37906497716903687,0.009583400562405586,-0.0005783173255622387,0.5526508688926697,-0.0003643399104475975,0.5522865056991577
7.72,0.05,0.075,0.0,-0.043528390355471375,0.0071750008886215,-0.2629124888656363,-0.17393375933170319,0.23909936100244522,0.09736955270171169,0.28,0.18263044729828834,1.089721918106079,0.08373066037893295,1.0954453945159912,0.03159840404987335,0.03009040653705597,-0.363553524017334,0.018956955522298813,-0.3445965647697449,0.006124819628894329,-0.006417898926883936,-0.3857501149177551,-0.00404327642172575,-0.38979339599609375,0.013446073979139328,-0.005343081429600716,-0.3730386793613434,-0.0033661413472145796,-0.3764048218727112,-0.04699932783842087,-0.05928217992186546,-0.3293861746788025,-0.03734777122735977,-0.36673393845558167,-0.06773678958415985,-0.06680595874786377,-0.26841533184051514,-0.042087752372026443,-0.3105030953884125,0.028678614646196365,0.04433911293745041,-0.20915350317955017,0.027933640405535698,-0.18121986091136932,0.06093006581068039,0.042074330151081085,-0.2315838783979416,0.026506828144192696,-0.20507705211639404,0.03241012990474701,0.03059757873415947,-0.19432388246059418,0.01927647367119789,-0.17504741251468658,0.05628172308206558,0.06276247650384903,0.052210982888936996,0.0395403616130352,0.0917513445019722,0.0016329437494277954,-0.009702552109956741,0.3722040355205536,-0.006112607661634684,0.36609143018722534,-0.006597737781703472,-0.0023841436486691236,0.5571532845497131,-0.0015020105056464672,0.5556512475013733
7.74,0.05,0.075,0.0,-0.04532381231871613,0.009916654859930313,-0.25124805480499707,-0.14976686239242554,0.2753497064113617,0.12274479448795322,0.28,0.1572552055120468,1.0897328853607178,0.0839594304561615,1.0922645330429077,0.06325904279947281,0.0400409996509552,-0.3535858690738678,0.02522582933306694,-0.32836005091667175,0.005123943090438843,-0.002955346368253231,-0.38352060317993164,-0.001861868193373084,-0.3853824734687805,0.021764283999800682,0.0027891285717487335,-0.3792431056499481,0.0017571509815752506,-0.3774859607219696,-0.06379610300064087,-0.060636356472969055,-0.3420882821083069,-0.03820090368390083,-0.3802891969680786,-0.07083182781934738,-0.06801372021436691,-0.2836511433124542,-0.04284864291548729,-0.3264997899532318,0.03175925835967064,0.04056515544652939,-0.22216834127902985,0.02555604837834835,-0.19661229848861694,0.03796574845910072,0.040841758251190186,-0.214397594332695,0.025730308145284653,-0.18866728246212006,0.02654419094324112,0.029381562024354935,-0.1970575749874115,0.01851038448512554,-0.1785471886396408,0.050888724625110626,0.05920035392045975,0.03226223960518837,0.037296224385499954,0.06955846399068832,-0.01852988451719284,-0.012350752018392086,0.35477912425994873,-0.0077809737995266914,0.3469981551170349,-0.0011866949498653412,-0.0020249090157449245,0.5594937801361084,-0.0012756927171722054,0.5582180619239807
7.76,0.05,0.075,0.0,-0.0473589843701332,0.012285005702789613,-0.23699303885135178,-0.15156778693199158,0.27264831960201263,0.12085382372140888,0.28,0.15914617627859115,1.0870983600616455,0.08510257303714752,1.0858327150344849,0.06274959444999695,0.046853579580783844,-0.3421483635902405,0.029517754912376404,-0.3126305937767029,-0.005138657055795193,-0.003610339481383562,-0.3792691230773926,-0.002274513943120837,-0.3815436363220215,0.027071554213762283,0.010073856450617313,-0.3835044503211975,0.006346529349684715,-0.37715792655944824,-0.06914300471544266,-0.0631883516907692,-0.3535325825214386,-0.03980866074562073,-0.3933412432670593,-0.05795580893754959,-0.06499634683132172,-0.29870694875717163,-0.040947698056697845,-0.3396546542644501,0.03175977244973183,0.03792354092001915,-0.23613713681697845,0.023891830816864967,-0.21224530041217804,0.04797327145934105,0.042981211096048355,-0.1959650218486786,0.027078162878751755,-0.16888685524463654,0.024062059819698334,0.027785710990428925,-0.1976081281900406,0.017504997551441193,-0.1801031231880188,0.05503630265593529,0.05795113742351532,0.013273315504193306,0.03650921583175659,0.04978252947330475,-0.025229470804333687,-0.016214367002248764,0.3361409604549408,-0.010215051472187042,0.32592591643333435,-0.016776014119386673,-0.00645024050027132,0.5596484541893005,-0.0040636514313519,0.5555847883224487
7.78,0.05,0.075,0.0,-0.04857467121696515,0.014562191368530908,-0.21872352938714398,-0.14264987409114838,0.28602518886327744,0.13021763220429425,0.28,0.14978236779570578,1.0818428993225098,0.08214707672595978,1.0792322158813477,0.042894937098026276,0.045665986835956573,-0.32945194840431213,0.02876957133412361,-0.3006823658943176,-0.00907944142818451,-0.005251070484519005,-0.37307411432266235,-0.0033081744331866503,-0.3763822913169861,0.026541434228420258,0.015014130622148514,-0.3857441246509552,0.009458902291953564,-0.37628522515296936,-0.06679927557706833,-0.06427162885665894,-0.363508015871048,-0.04049112647771835,-0.4039991497993469,-0.04963201284408569,-0.06038704887032509,-0.3133050501346588,-0.03804384171962738,-0.351348876953125,0.028919465839862823,0.03522231802344322,-0.25080227851867676,0.02219006046652794,-0.22861221432685852,0.021597865968942642,0.03656620532274246,-0.17647399008274078,0.023036709055304527,-0.1534372866153717,0.01535869762301445,0.024057608097791672,-0.19596993923187256,0.015156293287873268,-0.18081364035606384,0.052908219397068024,0.05643826350569725,-0.004562279675155878,0.03555610403418541,0.03099382482469082,-0.029124027118086815,-0.020087264478206635,0.31647950410842896,-0.012654976919293404,0.3038245141506195,-0.024539245292544365,-0.011876942589879036,0.5576157569885254,-0.007482473738491535,0.5501332879066467
7.8,0.05,0.075,0.0,-0.04975085990291472,0.017154877490906332,-0.20053466387009156,-0.13895973563194275,0.2915603965520859,0.13409227758646014,0.28,0.1459077224135399,1.074015736579895,0.07813877612352371,1.0732591152191162,0.03390093892812729,0.04213647171854973,-0.3157307803630829,0.026545977219939232,-0.2891848087310791,-0.020417576655745506,-0.009801022708415985,-0.365049809217453,-0.0061746444553136826,-0.37122446298599243,0.03683552145957947,0.0215605478733778,-0.38592082262039185,0.01358314510434866,-0.37233766913414,-0.06336289644241333,-0.06399901211261749,-0.3718305826187134,-0.040319375693798065,-0.41214996576309204,-0.05008341372013092,-0.05729595571756363,-0.3271762430667877,-0.03609645366668701,-0.36327269673347473,0.03929828479886055,0.03644510731101036,-0.26589325070381165,0.022960416972637177,-0.24293282628059387,-0.008638952858746052,0.02300465665757656,-0.1561231166124344,0.014492933638393879,-0.14163018763065338,0.010669291019439697,0.02004111371934414,-0.19215966761112213,0.012625901959836483,-0.17953376471996307,0.04764413833618164,0.05380002781748772,-0.02106279321014881,0.03389401733875275,0.012831224128603935,-0.01717216521501541,-0.019212733954191208,0.2959951162338257,-0.012104022316634655,0.28389108180999756,-0.012510506436228752,-0.012067011557519436,0.55341637134552,-0.007602217141538858,0.5458141565322876
7.82,0.05,0.075,0.0,-0.050179971982580014,0.02015991782043505,-0.18166505547748457,-0.1362690031528473,0.29559649527072906,0.1369175466895104,0.28,0.14308245331048963,1.063688039779663,0.07887957990169525,1.0612174272537231,0.04902292788028717,0.04420240968465805,-0.30123797059059143,0.027847517281770706,-0.27339044213294983,-0.007433160673826933,-0.009090663865208626,-0.3553442060947418,-0.005727118346840143,-0.36107131838798523,0.05411139875650406,0.0313258022069931,-0.3840312957763672,0.01973525434732437,-0.3642960488796234,-0.07064879685640335,-0.06599394977092743,-0.3783468008041382,-0.041576188057661057,-0.41992297768592834,-0.04968967288732529,-0.05501407012343407,-0.34006467461586,-0.03465886414051056,-0.37472355365753174,0.029723431915044785,0.03442860394716263,-0.2811317443847656,0.021690020337700844,-0.2594417333602905,0.02460222877562046,0.02348392829298973,-0.13511981070041656,0.01479487493634224,-0.12032493948936462,0.019483257085084915,0.019873756915330887,-0.18621616065502167,0.012520466931164265,-0.17369569838047028,0.04841049015522003,0.05218316614627838,-0.03606007620692253,0.03287539258599281,-0.003184683620929718,0.0006677769124507904,-0.013248580507934093,0.2748965620994568,-0.00834660604596138,0.2665499448776245,-0.024179743602871895,-0.01570083200931549,0.5470930933952332,-0.009891523979604244,0.5372015833854675
7.84,0.05,0.075,0.0,-0.050332837121469166,0.02317236058668175,-0.1628299916877299,-0.11129076778888702,0.33306384831666946,0.16314469382166866,0.28,0.11685530617833137,1.0509511232376099,0.07839212566614151,1.0508242845535278,0.061634376645088196,0.04943200200796127,-0.2862407863140106,0.031142160296440125,-0.2550986409187317,-0.0067174555733799934,-0.008378701284527779,-0.3441363275051117,-0.005278581753373146,-0.3494149148464203,0.0544624850153923,0.03826680779457092,-0.38011038303375244,0.02410808950662613,-0.3560023009777069,-0.06417707353830338,-0.06544888764619827,-0.3829364776611328,-0.041232798248529434,-0.42416927218437195,-0.0607854425907135,-0.056745484471321106,-0.35173264145851135,-0.0357496552169323,-0.38748228549957275,0.023797031491994858,0.031239131465554237,-0.29623672366142273,0.019680652767419815,-0.2765560746192932,-0.012826279737055302,0.012590864673256874,-0.11367807537317276,0.007932244800031185,-0.105745829641819,0.0005803387612104416,0.014085731469094753,-0.17820000648498535,0.008874010294675827,-0.16932599246501923,0.040442198514938354,0.048660874366760254,-0.04940129816532135,0.030656350776553154,-0.018744947388768196,-0.018015798181295395,-0.014678745530545712,0.2533988058567047,-0.009247609414160252,0.24415118992328644,0.005820188671350479,-0.0092445258051157,0.538710355758667,-0.005824051331728697,0.5328863263130188
7.86,0.05,0.075,0.0,-0.04987675568859281,0.027363068052662042,-0.13611838875171264,-0.12015536427497864,0.31976695358753204,0.15383686751127246,0.28,0.12616313248872757,1.0359145402908325,0.07795596867799759,1.0300610065460205,0.0632857158780098,0.05358811467885971,-0.27101582288742065,0.03376051038503647,-0.2372553050518036,-0.013735374435782433,-0.009985703974962234,-0.3316328525543213,-0.00629099365323782,-0.3379238545894623,0.05865044146776199,0.044381897896528244,-0.37423041462898254,0.02796059474349022,-0.346269816160202,-0.05121506005525589,-0.06117873638868332,-0.3855149745941162,-0.038542602211236954,-0.42405757308006287,-0.03075411729514599,-0.048948075622320175,-0.3619649112224579,-0.03083728812634945,-0.3928022086620331,0.01476085465401411,0.026295648887753487,-0.3109295666217804,0.016566257923841476,-0.2943633198738098,0.02899014577269554,0.01751064881682396,-0.09201642870903015,0.011031708680093288,-0.08098471909761429,-0.0037029534578323364,0.008749125525355339,-0.16819284856319427,0.005511948838829994,-0.16268089413642883,0.05171443149447441,0.04957694187760353,-0.06095051020383835,0.031233472749590874,-0.029717037454247475,-0.0336841456592083,-0.02038036659359932,0.2317209243774414,-0.01283963117748499,0.218881294131279,-0.034576915204524994,-0.016844242811203003,0.5283536314964294,-0.010611873120069504,0.5177417397499084
7.88,0.05,0.075,0.0,-0.04856080378405677,0.031479996176730037,-0.10914896132809115,-0.08257908374071121,0.3761313743889332,0.19329196207225324,0.28,0.08670803792774678,1.0187056064605713,0.07631057500839233,1.0156872272491455,0.028180206194519997,0.04596574231982231,-0.2558439373970032,0.02895841747522354,-0.22688552737236023,-0.03498066961765289,-0.017484193667769432,-0.31806445121765137,-0.01101504173129797,-0.3290794789791107,0.05811094492673874,0.04850061237812042,-0.3664998412132263,0.03055538609623909,-0.33594444394111633,-0.07248935103416443,-0.06457191705703735,-0.3860347270965576,-0.040680307894945145,-0.42671504616737366,-0.034719981253147125,-0.04467964544892311,-0.3705728054046631,-0.02814817614853382,-0.39872097969055176,0.02987026795744896,0.027368035167455673,-0.3249393105506897,0.017241861671209335,-0.30769744515419006,-0.04052812606096268,9.901542216539383e-05,-0.0703556165099144,6.237971683731303e-05,-0.07029324024915695,-0.014749502763152122,0.0016995370388031006,-0.15629670023918152,0.0010707082692533731,-0.1552259922027588,0.03514677286148071,0.045247890055179596,-0.07059001177549362,0.028506170958280563,-0.04208384081721306,-0.033830612897872925,-0.02441544085741043,0.21008385717868805,-0.015381727367639542,0.1947021335363388,-0.022152917459607124,-0.018436845391988754,0.516128420829773,-0.011615212075412273,0.5045132040977478
7.9,0.05,0.075,0.0,-0.04765496463343418,0.0355859583033524,-0.08037627298910029,-0.08714548498392105,0.3692817725241184,0.18849724076688293,0.28,0.0915027592331171,0.9994679689407349,0.07367618381977081,0.9896150827407837,0.053973183035850525,0.048367973417043686,-0.24100488424301147,0.03047182224690914,-0.21053306758403778,-0.015417258255183697,-0.016864113509655,-0.303681343793869,-0.01062439102679491,-0.31430572271347046,0.06262841075658798,0.05273895338177681,-0.3570612370967865,0.033225540071725845,-0.32383570075035095,-0.028490852564573288,-0.053747594356536865,-0.3844861686229706,-0.033860985189676285,-0.41834715008735657,-0.02052702009677887,-0.03743385896086693,-0.3773975372314453,-0.02358333021402359,-0.4009808599948883,0.001978272572159767,0.019751105457544327,-0.33800753951072693,0.012443196028470993,-0.32556435465812683,0.021276768296957016,0.006452341563999653,-0.04891636595129967,0.004064975306391716,-0.0448513925075531,-0.014502066187560558,-0.003160943975672126,-0.14263278245925903,-0.0019913946744054556,-0.14462417364120483,0.045733414590358734,0.04539354518055916,-0.07822158187627792,0.028597934171557426,-0.04962364584207535,-0.028922317549586296,-0.025767505168914795,0.18870806694030762,-0.016233528032898903,0.17247453331947327,-0.052130840718746185,-0.028545044362545013,0.5021592974662781,-0.01798337697982788,0.4841759204864502
7.92,0.05,0.075,0.0,-0.04486121047794255,0.04069764971715006,-0.045181136940871745,-0.09458757936954498,0.3581186309456825,0.1806830416619778,0.28,0.09931695833802223,0.9783617854118347,0.06700587272644043,0.969253659248352,0.018269188702106476,0.039338335394859314,-0.22677239775657654,0.024783151224255562,-0.20198924839496613,-0.0032939377706497908,-0.012793061323463917,-0.28874877095222473,-0.008059628307819366,-0.2968083918094635,0.050549671053886414,0.05208216607570648,-0.3460886478424072,0.032811764627695084,-0.31327688694000244,-0.025194015353918076,-0.0451815202832222,-0.3808978199958801,-0.028464358299970627,-0.40936216711997986,-0.04639473557472229,-0.04012212157249451,-0.38231325149536133,-0.02527693659067154,-0.40759018063545227,-0.004997344687581062,0.012326570227742195,-0.3498932421207428,0.0077657392248511314,-0.3421275019645691,-0.011714735068380833,0.00100221810862422,-0.027917152270674706,0.0006313974154181778,-0.027285754680633545,-0.004094742238521576,-0.003441083710640669,-0.12734033167362213,-0.0021678826306015253,-0.12950821220874786,0.02003336325287819,0.03778549283742905,-0.08376744389533997,0.023804860189557076,-0.05996258556842804,-0.020976737141609192,-0.024330275133252144,0.16781140863895416,-0.01532807294279337,0.15248332917690277,-0.04154948890209198,-0.032446376979351044,0.48658862709999084,-0.020441217347979546,0.46614742279052734
7.94,0.05,0.075,0.0,-0.04339412027718916,0.044383194203787536,-0.01528104656454173,-0.02759942039847374,0.4586008694022894,0.2510206085816026,0.28,0.02897939141839745,0.9555640816688538,0.06904758512973785,0.9480211734771729,0.030040433630347252,0.03654896467924118,-0.213408961892128,0.02302584797143936,-0.19038310647010803,-0.05157332867383957,-0.0244271419942379,-0.273542195558548,-0.015389099717140198,-0.28893131017684937,0.0595659539103508,0.05432730168104172,-0.3337845206260681,0.034226201474666595,-0.2995583117008209,-0.05270109698176384,-0.0474373921751976,-0.3753358721733093,-0.029885556548833847,-0.40522143244743347,-0.010197564959526062,-0.031144754961133003,-0.3852292597293854,-0.019621195271611214,-0.40485045313835144,0.01292873453348875,0.012507219798862934,-0.3603771924972534,0.007879548706114292,-0.3524976372718811,-0.05286254733800888,-0.015157213434576988,-0.00757197430357337,-0.009549044072628021,-0.01712101884186268,-0.03758697211742401,-0.013684851117432117,-0.11057517677545547,-0.00862145610153675,-0.11919663101434708,0.03845750167965889,0.03798709437251091,-0.08717108517885208,0.023931868374347687,-0.0632392168045044,-0.039387013763189316,-0.02884729765355587,0.14760680496692657,-0.01817379705607891,0.12943300604820251,-0.032771848142147064,-0.03254401683807373,0.46957510709762573,-0.020502731204032898,0.44907236099243164
7.96,0.05,0.075,0.0,-0.041069163691877346,0.04854360849353662,0.01894940918614522,-0.04732707142829895,0.4290093928575516,0.23030657500028612,0.28,0.04969342499971391,0.931269645690918,0.06446463614702225,0.9194833040237427,0.009280005469918251,0.028368275612592697,-0.20116105675697327,0.01787201315164566,-0.1832890510559082,-0.010590116493403912,-0.020276034250855446,-0.25834208726882935,-0.012773901224136353,-0.2711159884929657,0.05060906708240509,0.05321183055639267,-0.3203757107257843,0.033523451536893845,-0.28685227036476135,0.01335928589105606,-0.029198385775089264,-0.367902934551239,-0.01839498244225979,-0.38629791140556335,-0.01965603604912758,-0.02769813872873783,-0.38609179854393005,-0.01744982786476612,-0.403541624546051,-0.030153650790452957,-0.0002910420298576355,-0.36926600337028503,-0.0001833564747357741,-0.36944934725761414,0.0061950283125042915,-0.008751541376113892,0.011911844834685326,-0.005513471085578203,0.006398373749107122,-0.04493743181228638,-0.023060627281665802,-0.09250818192958832,-0.01452819537371397,-0.10703637450933456,0.0331408828496933,0.03653322905302048,-0.08839782327413559,0.023015934973955154,-0.06538188457489014,-0.039450064301490784,-0.03202812746167183,0.12830016016960144,-0.020177720114588737,0.10812243819236755,-0.06682702898979187,-0.04282892122864723,0.4512920677661896,-0.026982219889760017,0.4243098497390747
7.98,0.05,0.075,0.0,-0.03895621949618714,0.053691650150895005,0.057398480525394056,-0.04230397939682007,0.4365440309047699,0.23558082163333896,0.28,0.044419178366661066,0.9056931734085083,0.06906980276107788,0.8923260569572449,0.003975877538323402,0.021050555631518364,-0.1902545690536499,0.013261849991977215,-0.17699271440505981,-0.019852232187986374,-0.02014889381825924,-0.24342875182628632,-0.012693802826106548,-0.25612255930900574,0.07282046973705292,0.059094421565532684,-0.30610957741737366,0.03722948580980301,-0.26888009905815125,-0.038330189883708954,-0.03193792700767517,-0.3587360978126526,-0.020120894536376,-0.37885698676109314,-0.023309292271733284,-0.026381485164165497,-0.38488495349884033,-0.0166203361004591,-0.4015052914619446,-0.009141259826719761,-0.002946107415482402,-0.3763957917690277,-0.001856047660112381,-0.378251850605011,-0.012126601301133633,-0.009764059446752071,0.03033575415611267,-0.00615135719999671,0.024184396490454674,-0.035932883620262146,-0.026922304183244705,-0.07332344353199005,-0.016961051151156425,-0.09028449654579163,0.024347689002752304,0.032877564430236816,-0.08743514865636826,0.02071286551654339,-0.06672228127717972,-0.034206323325634,-0.03268158435821533,0.11008822917938232,-0.020589398220181465,0.08949883282184601,-0.08217180520296097,-0.054631784558296204,0.43192583322525024,-0.034418024122714996,0.39750781655311584
8.0,0.05,0.075,0.0,-0.036819669443067464,0.05765986294668907,0.08860752997680492,-0.002499229274690151,0.4962511560879648,0.27737580926157535,0.28,0.002624190738424681,0.8790714740753174,0.07208681106567383,0.8643989562988281,0.0048374515026807785,0.016186624765396118,-0.18089066445827484,0.010197573341429234,-0.17069308459758759,-0.029100634157657623,-0.0228344164788723,-0.2290772646665573,-0.01438568253070116,-0.2434629499912262,0.061449430882930756,0.059800922870635986,-0.29124924540519714,0.03767457976937294,-0.2535746693611145,0.015278767794370651,-0.017772918567061424,-0.34800440073013306,-0.011196938343346119,-0.3592013418674469,-0.022128267213702202,-0.025105519220232964,-0.3816309869289398,-0.015816476196050644,-0.39744746685028076,-0.04505329579114914,-0.015578264370560646,-0.38163504004478455,-0.009814306162297726,-0.39144933223724365,-0.006927118636667728,-0.008912976831197739,0.047512006014585495,-0.005615175236016512,0.04189683124423027,-0.053185559809207916,-0.03480128198862076,-0.05321647599339485,-0.021924806758761406,-0.07514128088951111,0.030717220157384872,0.0322294607758522,-0.08429288119077682,0.020304560661315918,-0.06398832052946091,-0.027165524661540985,-0.031026765704154968,0.0931565910577774,-0.019546862691640854,0.07360972464084625,-0.08989283442497253,-0.06521009653806686,0.41167378425598145,-0.04108235985040665,0.3705914318561554
8.02,0.05,0.075,0.0,-0.029935522103685573,0.06448940582990072,0.15423239271904618,0.004206731915473938,0.5063100978732109,0.28441706851124765,0.28,0.004417068511247624,0.8589937686920166,0.078450046479702,0.8533725738525391,-0.019598400220274925,0.00545111671090126,-0.2104874700307846,0.003434203565120697,-0.2070532739162445,-0.013727804645895958,-0.02010243386030197,-0.2700388431549072,-0.012664533220231533,-0.28270336985588074,0.07198840379714966,0.06345716118812561,-0.3307926058769226,0.039978012442588806,-0.2908145785331726,-0.025865858420729637,-0.02020080015063286,-0.37378913164138794,-0.012726504355669022,-0.38651564717292786,-0.02235633321106434,-0.024280764162540436,-0.38561034202575684,-0.015296881087124348,-0.4009072184562683,-0.030156433582305908,-0.0199517160654068,-0.3625671863555908,-0.012569581158459187,-0.37513676285743713,-0.0013406146317720413,-0.006641267798841,0.09934528917074203,-0.0041839987970888615,0.09516128897666931,-0.06215377897024155,-0.043007031083106995,0.19806495308876038,-0.02709442935883999,0.17097052931785583,0.016334455460309982,0.027460958808660507,0.1177990511059761,0.017300404608249664,0.13509945571422577,-0.03162343055009842,-0.031205764040350914,0.046093348413705826,-0.019659630954265594,0.02643371745944023,-0.10664910078048706,-0.0776418000459671,0.16202345490455627,-0.04891433194279671,0.11310912668704987
8.040000000000001,0.05,0.075,0.0,-0.01608692232184331,0.07734131911994481,0.24545501942576975,0.07214847207069397,0.608222708106041,0.3557558956742287,0.28,0.07575589567422869,0.8501384258270264,0.08475363254547119,0.8553968071937561,-0.06448987871408463,-0.015531182289123535,-0.19852861762046814,-0.009784644469618797,-0.2083132565021515,-0.004236492328345776,-0.0153426518663764,-0.2548799216747284,-0.009665871039032936,-0.2645457983016968,0.04010936990380287,0.05645282194018364,-0.3171643018722534,0.03556527569890022,-0.2815990149974823,-0.05401236563920975,-0.030344270169734955,-0.36594444513320923,-0.01911688968539238,-0.3850613236427307,-0.11044429242610931,-0.05012982338666916,-0.3859974145889282,-0.03158178925514221,-0.41757920384407043,-0.02009214460849762,-0.019993845373392105,-0.3710651993751526,-0.012596122920513153,-0.38366132974624634,-0.0025204792618751526,-0.005405031144618988,0.08853752911090851,-0.0034051695838570595,0.08513236045837402,-0.06925678998231888,-0.05088195949792862,0.20883165299892426,-0.03205563500523567,0.17677602171897888,-0.06627317517995834,-0.000659281387925148,0.13948678970336914,-0.000415347283706069,0.13907144963741302,0.0056509338319301605,-0.020148754119873047,0.05724256858229637,-0.012693715281784534,0.04454885423183441,-0.10898035764694214,-0.08704336732625961,0.15160223841667175,-0.05483731999993324,0.09676492214202881
8.06,0.05,0.075,0.0,-0.009122953410429631,0.08206463020352465,0.28319728612500494,0.08360671252012253,0.6254100687801838,0.36778704814612867,0.28,0.08778704814612864,0.8405541181564331,0.09500149637460709,0.8441117405891418,0.007666193880140781,-0.008571969345211983,-0.18795974552631378,-0.005400340538471937,-0.1933600902557373,-0.08920504152774811,-0.037501368671655655,-0.24007165431976318,-0.02362586185336113,-0.2636975049972534,0.07549934089183807,0.06216677650809288,-0.30273786187171936,0.03916506841778755,-0.2635727822780609,-0.074623703956604,-0.04362810030579567,-0.3564019799232483,-0.02748570218682289,-0.3838876783847809,-0.016010591760277748,-0.03989405184984207,-0.3843168318271637,-0.025133252143859863,-0.40945008397102356,0.00988974142819643,-0.011028768494725227,-0.3777709901332855,-0.006948124151676893,-0.3847191035747528,-0.11923401802778244,-0.03955372795462608,0.07588900625705719,-0.024918848648667336,0.050970159471035004,-0.0909610167145729,-0.0629056766629219,0.2176453024148941,-0.039630576968193054,0.17801472544670105,0.0379081591963768,0.010910950601100922,0.16104169189929962,0.006873898673802614,0.16791559755802155,-0.05790415406227112,-0.03147537261247635,0.07021060585975647,-0.019829483702778816,0.0503811240196228,-0.07869762927293777,-0.08453964442014694,0.14315181970596313,-0.05325997620820999,0.08989184349775314
8.08,0.05,0.075,0.0,0.0004817892859751279,0.09007326167410068,0.33775998922357314,0.1195867657661438,0.6793801486492157,0.40556610405445104,0.28,0.125566104054451,0.8304261565208435,0.10940001159906387,0.8406603932380676,-0.059980712831020355,-0.02399459294974804,-0.17897579073905945,-0.015116593800485134,-0.19409237802028656,-0.05681559443473816,-0.043295636773109436,-0.22588713467121124,-0.02727625146508217,-0.2531633973121643,0.04897356778383255,0.05820881575345993,-0.28777942061424255,0.03667155280709267,-0.2511078715324402,-0.03361678868532181,-0.0406247079372406,-0.3453376889228821,-0.02559356577694416,-0.3709312677383423,-0.09013880789279938,-0.054967477917671204,-0.38059961795806885,-0.03462951257824898,-0.4152291417121887,-0.03167355805635452,-0.01722220703959465,-0.3825608789920807,-0.010849989950656891,-0.393410861492157,-0.05195111781358719,-0.043272946029901505,0.06152861565351486,-0.02726195566356182,0.03426665812730789,-0.13068871200084686,-0.08324059098958969,0.22441606223583221,-0.05244157090783119,0.17197449505329132,0.02090940997004509,0.013910488225519657,0.18224407732486725,0.00876360759139061,0.19100768864154816,-0.037946321070194244,-0.03341665863990784,0.08486530184745789,-0.021052494645118713,0.06381280720233917,-0.12308740615844727,-0.0961039736866951,0.13675831258296967,-0.060545504093170166,0.0762128084897995
8.1,0.05,0.075,0.0,0.00865703815377679,0.09680458319178718,0.38125564256996375,0.13999158143997192,0.7099873721599579,0.4269911605119705,0.28,0.14699116051197048,0.8199833035469055,0.11729481816291809,0.841422438621521,0.014797775074839592,-0.012356881983578205,-0.17174240946769714,-0.0077848355285823345,-0.17952723801136017,-0.07822196930646896,-0.053773537278175354,-0.21258799731731415,-0.03387732803821564,-0.24646532535552979,0.058874763548374176,0.05840860307216644,-0.2725648283958435,0.0367974191904068,-0.2357674092054367,-0.012970942072570324,-0.03232857957482338,-0.3329557180404663,-0.020367005839943886,-0.35332271456718445,-0.13912896811962128,-0.0802159309387207,-0.3749143183231354,-0.05053603649139404,-0.4254503548145294,-0.0659811794757843,-0.031849898397922516,-0.38534650206565857,-0.020065436139702797,-0.4054119288921356,-0.04720631614327431,-0.044452957808971405,0.045602697879076004,-0.028005363419651985,0.01759733445942402,-0.10140310972929001,-0.08868934959173203,0.22907495498657227,-0.0558742880821228,0.17320066690444946,0.02945943921804428,0.018575172871351242,0.20287790894508362,0.011702358722686768,0.21458026766777039,0.0047438740730285645,-0.021968498826026917,0.10105733573436737,-0.013840153813362122,0.08721718192100525,-0.09276269376277924,-0.09510159492492676,0.13248687982559204,-0.0599140040576458,0.07257287204265594
8.120000000000001,0.05,0.075,0.0,0.023036387695102783,0.10662843828544324,0.4446554222190912,0.12189631164073944,0.6828444674611092,0.4079911272227764,0.28,0.1279911272227764,0.8094971776008606,0.13280439376831055,0.8274789452552795,0.009356271475553513,-0.005842936225235462,-0.16639305651187897,-0.003681049682199955,-0.17007410526275635,-0.09423598647117615,-0.06591227650642395,-0.20041953027248383,-0.0415247343480587,-0.24194426834583282,0.10370131582021713,0.07199642062187195,-0.25737470388412476,0.04535774514079094,-0.21201695501804352,-0.07714753597974777,-0.04577426612377167,-0.3194843530654907,-0.028837786987423897,-0.34832215309143066,-0.08113061636686325,-0.08049033582210541,-0.3673657774925232,-0.05070891231298447,-0.41807469725608826,0.013947251252830029,-0.01811075396835804,-0.3860764801502228,-0.011409775353968143,-0.39748626947402954,-0.09058815985918045,-0.05829352140426636,0.02827354706823826,-0.036724917590618134,-0.008451370522379875,-0.15061211585998535,-0.10726618021726608,0.23157449066638947,-0.06757768988609314,0.16399680078029633,0.029872816056013107,0.02196446619927883,0.22273290157318115,0.01383761316537857,0.23657050728797913,-0.0282120443880558,-0.02384156361222267,0.11862168461084366,-0.015020185150206089,0.10360150039196014,-0.11172693967819214,-0.10008919984102249,0.1303810328245163,-0.06305619329214096,0.06732483953237534
8.14,0.05,0.075,0.0,0.028245138743958165,0.10761425504990091,0.44961901286313743,0.1344781219959259,0.7017171829938889,0.4212020280957222,0.28,0.1412020280957222,0.7992790937423706,0.1378585547208786,0.8161642551422119,-0.01743878424167633,-0.00932169146835804,-0.163026362657547,-0.00587266543880105,-0.1688990294933319,-0.10959503054618835,-0.07901710271835327,-0.18960615992546082,-0.04978077486157417,-0.2393869310617447,0.09032987058162689,0.07749645411968231,-0.24248920381069183,0.04882276430726051,-0.19366644322872162,-0.03824874013662338,-0.043516606092453,-0.3051721155643463,-0.027415461838245392,-0.3325875699520111,-0.048083916306495667,-0.07076840847730637,-0.3580932319164276,-0.04458409547805786,-0.4026773273944855,-0.006894228048622608,-0.014745796099305153,-0.3847373425960541,-0.009289851412177086,-0.3940272033214569,-0.0906311422586441,-0.06799480319023132,0.009717750363051891,-0.04283672571182251,-0.033118974417448044,-0.12690949440002441,-0.1131591796875,0.23188920319080353,-0.0712902843952179,0.16059891879558563,0.04099397361278534,0.02767331898212433,0.2416067272424698,0.017434190958738327,0.2590409219264984,0.0024488046765327454,-0.015954451635479927,0.13737936317920685,-0.010051304474473,0.1273280531167984,-0.09944672882556915,-0.09989645332098007,0.13046224415302277,-0.0629347637295723,0.06752748042345047
8.16,0.05,0.075,0.0,0.03241294032305742,0.10956511180058875,0.45798753887536936,0.12443234026432037,0.6866485103964806,0.4106539572775364,0.28,0.13065395727753637,0.7896743416786194,0.12655553221702576,0.8053226470947266,-0.06284002959728241,-0.025377195328474045,-0.1617044359445572,-0.015987632796168327,-0.17769207060337067,-0.05018384009599686,-0.07036712020635605,-0.18034732341766357,-0.04433128610253334,-0.22467860579490662,0.04687652736902237,0.06831047683954239,-0.22818289697170258,0.0430356003344059,-0.18514730036258698,0.015294738113880157,-0.025873202830553055,-0.2902829349040985,-0.01630011759698391,-0.306583046913147,-0.03740227222442627,-0.0607585683465004,-0.3472677171230316,-0.038277897983789444,-0.38554561138153076,-0.015566235408186913,-0.01499192789196968,-0.38135382533073425,-0.009444914758205414,-0.39079874753952026,-0.039393387734889984,-0.05941437929868698,-0.00987559650093317,-0.037431057542562485,-0.04730665311217308,-0.09513920545578003,-0.10775318741798401,0.23001588881015778,-0.06788450479507446,0.1621313840150833,0.06265735626220703,0.0381685309112072,0.25930705666542053,0.024046175181865692,0.2833532392978668,0.001375388354063034,-0.010755498893558979,0.15713922679424286,-0.006775964051485062,0.1503632664680481,-0.07946982979774475,-0.09376846253871918,0.1327296793460846,-0.05907412990927696,0.07365554571151733
8.18,0.05,0.075,0.0,0.037054318548992986,0.11031543775567643,0.46432787763238564,0.09611015766859055,0.6441652365028858,0.3809156655520201,0.28,0.10091566555202008,0.781053364276886,0.12527766823768616,0.7917715311050415,-0.13412633538246155,-0.058001939207315445,-0.16245165467262268,-0.03654121980071068,-0.19899287819862366,-0.04657784104347229,-0.06323033571243286,-0.1728138029575348,-0.03983511030673981,-0.2126489132642746,0.03828692063689232,0.0593034103512764,-0.21471962332725525,0.03736114874482155,-0.177358478307724,-0.011918787844479084,-0.02168687805533409,-0.2750914394855499,-0.013662733137607574,-0.2887541651725769,0.009607432410120964,-0.039648767560720444,-0.3350888788700104,-0.024978723376989365,-0.36006760597229004,0.012097134254872799,-0.0068652089685201645,-0.37598830461502075,-0.004325081594288349,-0.3803133964538574,-0.06633952260017395,-0.06149192154407501,-0.030306827276945114,-0.03873990848660469,-0.0690467357635498,-0.11457887291908264,-0.10980089008808136,0.22597363591194153,-0.06917455792427063,0.1567990779876709,0.05149291455745697,0.0421658456325531,0.2756534814834595,0.02656448259949684,0.302217960357666,-0.06392469257116318,-0.026706257835030556,0.17769992351531982,-0.016824942082166672,0.16087497770786285,-0.08388663828372955,-0.09080391377210617,0.13716024160385132,-0.05720646679401398,0.07995377480983734
8.2,0.05,0.075,0.0,0.04127665631036253,0.11032273544112829,0.46976687659686966,0.13280297815799713,0.6992044672369957,0.41944312706589704,0.28,0.139443127065897,0.7737987041473389,0.11338769644498825,0.7911471724510193,-0.05599701404571533,-0.05740046501159668,-0.16525423526763916,-0.03616229444742203,-0.2014165222644806,-0.0611681193113327,-0.0626116693019867,-0.1671445071697235,-0.03944535180926323,-0.20658986270427704,0.021933794021606445,0.048092521727085114,-0.20234769582748413,0.03029828891158104,-0.1720494031906128,-0.007902419194579124,-0.017551539465785027,-0.2598778307437897,-0.011057469993829727,-0.2709352970123291,-0.045751869678497314,-0.041479699313640594,-0.32178130745887756,-0.026132211089134216,-0.3479135036468506,0.0015623578801751137,-0.004336939193308353,-0.3687397241592407,-0.002732271561399102,-0.37147200107574463,-0.04570397734642029,-0.056755535304546356,-0.05136774107813835,-0.03575598821043968,-0.08712372928857803,-0.05302155390381813,-0.09276708960533142,0.21980364620685577,-0.05844326689839363,0.16136038303375244,0.05464942753314972,0.045910920947790146,0.29047948122024536,0.0289238803088665,0.31940335035324097,0.021158143877983093,-0.012346936389803886,0.19885189831256866,-0.007778570055961609,0.19107332825660706,-0.06158820539712906,-0.08203919976949692,0.14370878040790558,-0.05168469622731209,0.09202408790588379
8.22,0.05,0.075,0.0,0.04814341743610825,0.11055695712533581,0.47760472948511684,0.09470352530479431,0.6420552879571915,0.37943870157003406,0.28,0.09943870157003404,0.7682889103889465,0.11565866321325302,0.7879797220230103,-0.09319306910037994,-0.0681382492184639,-0.17006050050258636,-0.0429270975291729,-0.21298760175704956,-0.0787162333726883,-0.06744303554296494,-0.16344404220581055,-0.04248911142349243,-0.20593315362930298,0.022309862077236176,0.04035772383213043,-0.1912953108549118,0.025425365194678307,-0.16586995124816895,-0.05502718314528465,-0.02879423275589943,-0.2449226826429367,-0.018140366300940514,-0.2630630433559418,0.01776423119008541,-0.023706519976258278,-0.307590514421463,-0.01493510790169239,-0.32252562046051025,0.028848454356193542,0.005618679337203503,-0.35974183678627014,0.003539768047630787,-0.35620206594467163,-0.07390213757753372,-0.06189951300621033,-0.07284370809793472,-0.03899669274687767,-0.1118403971195221,-0.07335278391838074,-0.08694279193878174,0.21156875789165497,-0.054773960262537,0.15679480135440826,0.0669470950961113,0.05222177505493164,0.3036339581012726,0.03289971873164177,0.33653366565704346,-0.009731145575642586,-0.011562198400497437,0.22037963569164276,-0.007284184917807579,0.21309545636177063,-0.09160076826810837,-0.08490767329931259,0.15230855345726013,-0.05349183455109596,0.09881672263145447
8.24,0.05,0.075,0.0,0.04751951084092004,0.1084687202588739,0.46174453561816503,0.0737164095044136,0.6105746142566204,0.35740222997963433,0.28,0.07740222997963431,0.7648787498474121,0.10545050352811813,0.7852910757064819,-0.05657380074262619,-0.0646689161658287,-0.1767817884683609,-0.040741417557001114,-0.21752320230007172,-0.052555203437805176,-0.06297668814659119,-0.16178062558174133,-0.03967531397938728,-0.20145593583583832,-0.005883300676941872,0.026485415175557137,-0.1817663013935089,0.016685811802744865,-0.1650804877281189,-0.025245586410164833,-0.027729637920856476,-0.23050183057785034,-0.017469672486186028,-0.24797150492668152,-0.02226334810256958,-0.023273568600416183,-0.2927781641483307,-0.014662347733974457,-0.30744051933288574,0.028185535222291946,0.012388736009597778,-0.3491605222225189,0.007804903667420149,-0.3413556218147278,-0.025111932307481766,-0.05086323991417885,-0.09451588988304138,-0.03204384073615074,-0.12655973434448242,-0.05277171730995178,-0.07669146358966827,0.20135293900966644,-0.0483156219124794,0.15303730964660645,0.041811779141426086,0.049098774790763855,0.3149828016757965,0.03093222714960575,0.3459150195121765,0.01615985482931137,-0.0032455818727612495,0.2420637309551239,-0.00204471661709249,0.24001900851726532,-0.07702036201953888,-0.08254148066043854,0.16287192702293396,-0.05200113356113434,0.11087079346179962
8.26,0.05,0.075,0.0,0.04873945365268098,0.10649739772891542,0.44596197959709016,0.03860413283109665,0.557906199246645,0.32053433947265153,0.28,0.040534339472651504,0.7638781666755676,0.10978379100561142,0.786612331867218,-0.098664790391922,-0.07486768066883087,-0.18529413640499115,-0.04716663807630539,-0.23246076703071594,-0.06910473853349686,-0.06481510400772095,-0.1621849536895752,-0.04083351418375969,-0.20301847159862518,0.019725436344742775,0.024457421153783798,-0.17393642663955688,0.015408175066113472,-0.15852825343608856,-0.05649669095873833,-0.036359753459692,-0.21688124537467957,-0.022906644269824028,-0.23978789150714874,0.017959753051400185,-0.010903570801019669,-0.277617484331131,-0.006869249511510134,-0.2844867408275604,0.03811289370059967,0.020105984061956406,-0.33719098567962646,0.01266677025705576,-0.3245242238044739,-0.06946831196546555,-0.056444764137268066,-0.11616343259811401,-0.03556020185351372,-0.15172363817691803,-0.060613200068473816,-0.07186798751354218,0.18926025927066803,-0.04527683183550835,0.14398342370986938,0.05228668451309204,0.05005514621734619,0.32441043853759766,0.031534742563962936,0.3559451699256897,0.0061683692038059235,-0.00042139634024351835,0.2636832296848297,-0.00026547969901002944,0.2634177505970001,-0.09142835438251495,-0.08520754426717758,0.1752912700176239,-0.05368075147271156,0.12161052227020264
8.28,0.05,0.075,0.0,0.050383710088769455,0.10430791240656814,0.4306544750700493,0.053498342633247375,0.5802475139498711,0.33617325976490975,0.28,0.05617325976490972,0.7655310034751892,0.10190404951572418,0.7925376296043396,-0.05211386829614639,-0.06804153323173523,-0.19544054567813873,-0.042866166681051254,-0.23830671608448029,-0.05691739171743393,-0.06244578957557678,-0.16464956104755402,-0.03934084624052048,-0.2039903998374939,-0.005899867042899132,0.015350233763456345,-0.1679501086473465,0.009670646861195564,-0.15827946364879608,-0.05518669635057449,-0.04200783744454384,-0.20431214570999146,-0.02646493725478649,-0.2307770848274231,-0.02575533464550972,-0.015359099954366684,-0.26238808035850525,-0.009676232933998108,-0.27206432819366455,0.04111336171627045,0.026408197358250618,-0.3240540027618408,0.0166371650993824,-0.3074168264865875,-0.011619131080806255,-0.042997073382139206,-0.1375657320022583,-0.02708815596997738,-0.16465388238430023,-0.027953829616308212,-0.058693740516901016,0.17541395127773285,-0.03697705641388893,0.13843689858913422,0.05176991969347,0.050569579005241394,0.3318207561969757,0.031858835369348526,0.36367958784103394,0.03875001147389412,0.01133002620190382,0.28501781821250916,0.007137916516512632,0.29215574264526367,-0.07447083294391632,-0.08198653161525726,0.18943999707698822,-0.05165151506662369,0.13778847455978394
8.3,0.05,0.075,0.0,0.05393934086738975,0.1014532468863482,0.4117731377026011,0.058287203311920166,0.5874308049678802,0.3412015634775162,0.28,0.06120156347751615,0.7699969410896301,0.10109315067529678,0.8029351234436035,-0.06180371344089508,-0.06617018580436707,-0.2070339024066925,-0.041687216609716415,-0.24872112274169922,-0.07512490451335907,-0.06624952703714371,-0.16912899911403656,-0.04173720255494118,-0.21086619794368744,-0.0157144907861948,0.006030815653502941,-0.16391772031784058,0.0037994137965142727,-0.16011831164360046,-0.06572355329990387,-0.04912255331873894,-0.1930263489484787,-0.030947208404541016,-0.22397355735301971,-0.027079451829195023,-0.018875204026699066,-0.2473708540201187,-0.011891378089785576,-0.25926223397254944,0.02749645709991455,0.026734676212072372,-0.3099918067455292,0.01684284582734108,-0.2931489646434784,-0.014929589815437794,-0.03457682579755783,-0.1585046797990799,-0.02178340032696724,-0.18028807640075684,-0.021173732355237007,-0.04743773862719536,0.15995512902736664,-0.029885774478316307,0.13006936013698578,0.05827030539512634,0.05287979543209076,0.33713826537132263,0.03331426903605461,0.37045252323150635,0.02433091774582863,0.015230294317007065,0.305850088596344,0.009595084935426712,0.3154451847076416,-0.08732731640338898,-0.08358876407146454,0.20517393946647644,-0.05266091972589493,0.1525130271911621
8.32,0.05,0.075,0.0,0.05293580047917135,0.0992849792459529,0.3944740198919465,0.03153789043426514,0.5473068356513977,0.31311478495597844,0.28,0.033114784955978416,0.7773383259773254,0.09533073753118515,0.8097183704376221,-0.03226852044463158,-0.05599968880414963,-0.21986034512519836,-0.03527980297803879,-0.25514015555381775,-0.0612601637840271,-0.06475271284580231,-0.17554065585136414,-0.04079420864582062,-0.21633486449718475,-0.026173671707510948,-0.003630531020462513,-0.16191366314888,-0.0022872344125062227,-0.16420090198516846,-0.03678278625011444,-0.04542062059044838,-0.18323199450969696,-0.028614990413188934,-0.2118469774723053,-0.04082348942756653,-0.025459690019488335,-0.23284277319908142,-0.01603960432112217,-0.24888238310813904,0.046473123133182526,0.03265621140599251,-0.29526379704475403,0.020573412999510765,-0.2746903896331787,-0.02137655019760132,-0.030616741627454758,-0.17876692116260529,-0.019288547337055206,-0.1980554759502411,-0.0272759310901165,-0.04138919711112976,0.14304132759571075,-0.026075193658471107,0.1169661357998848,0.05468421429395676,0.05342112109065056,0.3403087258338928,0.033655304461717606,0.3739640414714813,0.008694348856806755,0.013269511051476002,0.3259677290916443,0.008359791710972786,0.3343275189399719,-0.06524281948804855,-0.07808497548103333,0.22233277559280396,-0.04919353500008583,0.17313924431800842
8.34,0.05,0.075,0.0,0.05326380350893819,0.096362023739681,0.37079377791969365,0.044566698372364044,0.5668500475585461,0.32679503329098225,0.28,0.046795033290982224,0.7875141501426697,0.09927936643362045,0.8261532187461853,-0.06553789228200912,-0.058861151337623596,-0.23368333280086517,-0.037082526832818985,-0.27076587080955505,-0.07431817799806595,-0.0676223561167717,-0.18376626074314117,-0.04260208457708359,-0.22636833786964417,-0.010631350800395012,-0.00573077704757452,-0.16197489202022552,-0.0036103895399719477,-0.16558527946472168,-0.10046928375959396,-0.061935216188430786,-0.17510974407196045,-0.03901918604969978,-0.21412892639636993,-0.0457569882273674,-0.0315488800406456,-0.21907177567481995,-0.019875794649124146,-0.2389475703239441,0.0410962738096714,0.035188231617212296,-0.2801416218280792,0.022168586030602455,-0.2579730451107025,-0.009258977137506008,-0.024209411814808846,-0.19814597070217133,-0.015251928940415382,-0.21339790523052216,-0.009654054418206215,-0.03186865523457527,0.12484489381313324,-0.020077252760529518,0.10476764291524887,0.05819368362426758,0.054852887988090515,0.3412998914718628,0.034557320177555084,0.3758572041988373,0.022100012749433517,0.015918660908937454,0.3451657295227051,0.010028756223618984,0.35519447922706604,-0.07231034338474274,-0.07635258138179779,0.24074162542819977,-0.04810212552547455,0.19263949990272522
8.36,0.05,0.075,0.0,0.053956990138553526,0.0928806253925572,0.34891899694616996,0.01311374269425869,0.519670614041388,0.29376942982897164,0.28,0.013769429828971613,0.8003823161125183,0.09217775613069534,0.8366777300834656,-0.03174818307161331,-0.05072726309299469,-0.2482479065656662,-0.03195817396044731,-0.2802060842514038,-0.04597675800323486,-0.06112867593765259,-0.1936541050672531,-0.038511063903570175,-0.2321651726961136,-0.04124007374048233,-0.016383565962314606,-0.1641002893447876,-0.010321646928787231,-0.17442193627357483,-0.04361224174499512,-0.056438323110342026,-0.16880939900875092,-0.03555614501237869,-0.2043655514717102,-0.060236573219299316,-0.040155187249183655,-0.20631186664104462,-0.02529776841402054,-0.23160964250564575,0.045878808945417404,0.03839540481567383,-0.2649041712284088,0.02418910525739193,-0.24071507155895233,0.00477303471416235,-0.0155146773904562,-0.21644432842731476,-0.009774246253073215,-0.226218581199646,-0.0031543485820293427,-0.023254362866282463,0.10555126518011093,-0.014650248922407627,0.09090101718902588,0.04654756933450699,0.052361294627189636,0.3401016294956207,0.03298761695623398,0.3730892539024353,0.009171290323138237,0.013894449919462204,0.3632484972476959,0.008753503672778606,0.3720020055770874,-0.05377313494682312,-0.06957875192165375,0.26021289825439453,-0.043834611773490906,0.21637828648090363
8.38,0.05,0.075,0.0,0.05386944435759802,0.08524573759773607,0.30388783597023167,0.0022735297679901123,0.5034102946519852,0.28238720625638963,0.28,0.002387206256389607,0.8157080411911011,0.09907194972038269,0.8558003306388855,-0.06689579784870148,-0.05557782202959061,-0.26328545808792114,-0.03501402586698532,-0.29829949140548706,-0.06685732305049896,-0.06284727156162262,-0.20502182841300964,-0.039593782275915146,-0.2446156144142151,-0.01618979312479496,-0.016325434669852257,-0.16825063526630402,-0.010285023599863052,-0.17853565514087677,-0.1071198508143425,-0.07164278626441956,-0.16444715857505798,-0.045134954154491425,-0.20958212018013,-0.0402989536523819,-0.04019831866025925,-0.19479838013648987,-0.02532494068145752,-0.2201233208179474,0.05615625157952309,0.043723657727241516,-0.24983248114585876,0.027545904740691185,-0.22228658199310303,-0.021564766764640808,-0.017329704016447067,-0.23347553610801697,-0.01091771386563778,-0.2443932443857193,-0.01132749393582344,-0.01967630349099636,0.08535704761743546,-0.01239607110619545,0.07296097278594971,0.06248368322849274,0.05539800971746445,0.3367261588573456,0.03490074723958969,0.37162691354751587,0.010894857347011566,0.012994571588933468,0.3800317347049713,0.008186579681932926,0.38821831345558167,-0.06952507793903351,-0.0695626512169838,0.28054818511009216,-0.04382447153329849,0.23672372102737427
8.4,0.05,0.075,0.0,0.05215910846180275,0.08302232714946481,0.285084055973412,-0.008019163273274899,0.48797125509008765,0.27157987856306137,0.28,0.008420121436938655,0.8331790566444397,0.09575051814317703,0.8730012774467468,-0.030014604330062866,-0.047908853739500046,-0.27851858735084534,-0.030182577669620514,-0.30870115756988525,-0.04331103712320328,-0.05698639899492264,-0.21765977144241333,-0.03590143099427223,-0.25356119871139526,-0.032614171504974365,-0.021212056279182434,-0.17434939742088318,-0.013363595120608807,-0.18771299719810486,-0.0704408660531044,-0.07128220796585083,-0.16210348904132843,-0.044907789677381516,-0.20701128244400024,-0.06546234339475632,-0.04777752608060837,-0.18474365770816803,-0.030099840834736824,-0.2148434966802597,0.05356508865952492,0.046676088124513626,-0.2352045178413391,0.029405934736132622,-0.20579858124256134,0.012263617478311062,-0.008451706729829311,-0.24906602501869202,-0.0053245751187205315,-0.2543905973434448,0.011091645807027817,-0.010445918887853622,0.06446804106235504,-0.006580928806215525,0.057887110859155655,0.05675984546542168,0.055806562304496765,0.33120784163475037,0.03515813499689102,0.3663659691810608,0.02765009179711342,0.017391227185726166,0.3953443765640259,0.010956472717225552,0.4063008427619934,-0.04763118922710419,-0.06298321485519409,0.30154022574424744,-0.039679426699876785,0.26186078786849976
8.42,0.05,0.075,0.0,0.04968249113938555,0.07736722347049771,0.2490070574328008,-0.01502079889178276,0.47746880166232586,0.26422816116362813,0.28,0.0157718388363719,0.8524237275123596,0.10354191064834595,0.8931350708007812,-0.04249870032072067,-0.046285808086395264,-0.29366642236709595,-0.02916005812585354,-0.32282647490501404,-0.06424836814403534,-0.05916498973965645,-0.23133482038974762,-0.037273943424224854,-0.2686087489128113,-0.023918496444821358,-0.022023988887667656,-0.18228407204151154,-0.013875112868845463,-0.19615918397903442,-0.12796634435653687,-0.08828745037317276,-0.16182158887386322,-0.05562109500169754,-0.21744269132614136,-0.05135567486286163,-0.04885096848011017,-0.17633315920829773,-0.03077610954642296,-0.207109272480011,0.06720560789108276,0.05283494293689728,-0.22129011154174805,0.03328601270914078,-0.18800410628318787,0.018308881670236588,-0.00042352965101599693,-0.2630569338798523,-0.00026682368479669094,-0.26332375407218933,0.009301707148551941,-0.004521630704402924,0.04309710115194321,-0.0028486272785812616,0.04024847224354744,0.0692276582121849,0.059832893311977386,0.32360297441482544,0.037694722414016724,0.36129769682884216,0.013639982789754868,0.016265854239463806,0.4090304374694824,0.010247488506138325,0.41927793622016907,-0.06506462395191193,-0.06360763311386108,0.32297515869140625,-0.040072809904813766,0.2829023599624634
8.44,0.05,0.075,0.0,0.047282297338255695,0.07162549657348459,0.21364387590668918,-0.03355104476213455,0.44967343285679817,0.24477140299975875,0.28,0.03522859700024128,0.8730297088623047,0.10063505917787552,0.9111405611038208,-0.022090258076786995,-0.0390271432697773,-0.30844953656196594,-0.024587100371718407,-0.3330366313457489,-0.04039705544710159,-0.0535346120595932,-0.24579478800296783,-0.033726803958415985,-0.2795215845108032,-0.04207223653793335,-0.02803846448659897,-0.1919083446264267,-0.017664233222603798,-0.20957258343696594,-0.07160516083240509,-0.08328276127576828,-0.1636066734790802,-0.05246813967823982,-0.21607480943202972,-0.07278144359588623,-0.05603010952472687,-0.16972199082374573,-0.035298969596624374,-0.2050209641456604,0.05964042618870735,0.05487658828496933,-0.20834586024284363,0.03457225114107132,-0.1737736165523529,0.023125052452087402,0.0066410452127456665,-0.27530568838119507,0.004183858633041382,-0.2711218297481537,0.0283815860748291,0.005349334329366684,0.02146201767027378,0.0033700806088745594,0.024832097813487053,0.05675894021987915,0.058910708874464035,0.3139890432357788,0.037113744765520096,0.3511027991771698,0.01787424087524414,0.016748368740081787,0.42095041275024414,0.010551472194492817,0.4315018951892853,-0.046817950904369354,-0.058570727705955505,0.3446345031261444,-0.03689955919981003,0.3077349364757538
8.46,0.05,0.075,0.0,0.04219057415372497,0.061586047091355914,0.15408391639063004,-0.04441402852535248,0.4333789572119713,0.23336527004837992,0.28,0.0466347299516201,0.8945624828338623,0.1055033951997757,0.9333436489105225,-0.021594256162643433,-0.03379727527499199,-0.3225952684879303,-0.02129228413105011,-0.3438875675201416,-0.05667170137166977,-0.05447573959827423,-0.2607729732990265,-0.034319717437028885,-0.29509270191192627,-0.031415991485118866,-0.029051722958683968,-0.20304468274116516,-0.018302585929632187,-0.22134727239608765,-0.11372492462396622,-0.09241540729999542,-0.16742582619190216,-0.05822170525789261,-0.22564753890037537,-0.06309541314840317,-0.05814969912171364,-0.16503210365772247,-0.03663431107997894,-0.20166641473770142,0.06777453422546387,0.05874597281217575,-0.19661051034927368,0.037009961903095245,-0.15960055589675903,0.02900705486536026,0.013350848108530045,-0.28568747639656067,0.008411034010350704,-0.2772764563560486,0.025021400302648544,0.011250954121351242,-0.0002167413040297106,0.007088101003319025,0.006871359888464212,0.07088165730237961,0.06250199675559998,0.30246397852897644,0.039376258850097656,0.3418402373790741,0.025253228843212128,0.01929982751607895,0.4309828579425812,0.012158891186118126,0.44314175844192505,-0.04994218051433563,-0.05598216503858566,0.36629754304885864,-0.035268764942884445,0.3310287892818451
8.48,0.05,0.075,0.0,0.03987653883324051,0.05950883496486395,0.13556622603017873,-0.06785612553358078,0.39821581169962883,0.2087510681897402,0.28,0.07124893181025982,0.9165816903114319,0.10468744486570358,0.9503596425056458,-0.01003433857113123,-0.02666839398443699,-0.33584269881248474,-0.01680108718574047,-0.35264378786087036,-0.0336720272898674,-0.04823462665081024,-0.27599310874938965,-0.030387815088033676,-0.3063809275627136,-0.04459957778453827,-0.03371607884764671,-0.21548770368099213,-0.02124113030731678,-0.23672883212566376,-0.08279070258140564,-0.08952799439430237,-0.17320860922336578,-0.05640263482928276,-0.22961124777793884,-0.07509636878967285,-0.06323370337486267,-0.16234998404979706,-0.03983723372220993,-0.2021872103214264,0.07284333556890488,0.06297518312931061,-0.18630051612854004,0.039674364030361176,-0.14662614464759827,0.03942665830254555,0.021173592656850815,-0.2940964996814728,0.013339363038539886,-0.2807571291923523,0.02751467376947403,0.016130071133375168,-0.021718256175518036,0.010161944665014744,-0.011556311510503292,0.061474889516830444,0.062193863093853,0.28914523124694824,0.039182133972644806,0.32832735776901245,0.00358012318611145,0.01458391547203064,0.43902552127838135,0.009187866933643818,0.4482133984565735,-0.04158903658390045,-0.05166422575712204,0.3877435624599457,-0.032548461109399796,0.3551951050758362
8.5,0.05,0.075,0.0,0.03498076121885779,0.053424893402328116,0.0967190493246699,-0.058854058384895325,0.411718912422657,0.21820323869585995,0.28,0.06179676130414008,0.938654363155365,0.10626839846372604,0.9710435271263123,-0.013676926493644714,-0.022770952433347702,-0.3479475677013397,-0.014345699921250343,-0.3622932732105255,-0.04019339382648468,-0.04582225903868675,-0.2911744713783264,-0.028868023306131363,-0.3200424909591675,-0.03779885917901993,-0.03494091331958771,-0.22900789976119995,-0.022012775763869286,-0.2510206699371338,-0.1068495586514473,-0.09472446143627167,-0.18084834516048431,-0.059676408767700195,-0.2405247539281845,-0.07202102988958359,-0.06586989760398865,-0.16172510385513306,-0.041498035192489624,-0.20322313904762268,0.0506972037255764,0.0592917874455452,-0.1776060163974762,0.03735382482409477,-0.14025218784809113,0.047334492206573486,0.029021862894296646,-0.300447016954422,0.018283773213624954,-0.28216323256492615,0.02979884296655655,0.020230703055858612,-0.042823418974876404,0.012745343148708344,-0.03007807582616806,0.0730767548084259,0.06545872986316681,0.27416855096817017,0.04123900085687637,0.31540754437446594,-0.0022559557110071182,0.009531954303383827,0.4449964165687561,0.006005131173878908,0.4510015547275543,-0.0343530997633934,-0.04647088795900345,0.4087539613246918,-0.029276659712195396,0.37947729229927063
8.52,0.05,0.075,0.0,0.0250329287797574,0.0438571248766781,0.023314700321256168,-0.09779251366853714,0.3533112294971943,0.17731786064803604,0.28,0.10268213935196399,0.9603659510612488,0.1056591123342514,0.9893571138381958,-0.005371507722884417,-0.0175511185079813,-0.35868653655052185,-0.011057204566895962,-0.3697437345981598,-0.023094192147254944,-0.03900383785367012,-0.3060370981693268,-0.02457241714000702,-0.3306095004081726,-0.032422520220279694,-0.034185394644737244,-0.24335592985153198,-0.021536799147725105,-0.26489272713661194,-0.08153916150331497,-0.09076887369155884,-0.19020414352416992,-0.05718439072370529,-0.2473885416984558,-0.08882895112037659,-0.07275761663913727,-0.1631689816713333,-0.04583729803562164,-0.20900627970695496,0.0725640282034874,0.06327345967292786,-0.17068739235401154,0.03986227884888649,-0.13082511723041534,0.04433465749025345,0.03361570090055466,-0.3046743869781494,0.02117789164185524,-0.2834964990615845,0.03805898502469063,0.025579188019037247,-0.06331715732812881,0.016114888712763786,-0.04720226675271988,0.058042388409376144,0.06323383003473282,0.2576865553855896,0.0398373119533062,0.2975238561630249,0.010727960616350174,0.009890756569802761,0.44883474707603455,0.006231176666915417,0.45506593585014343,-0.029520602896809578,-0.04138580337166786,0.4291146695613861,-0.02607305534183979,0.4030416011810303
8.540000000000001,0.05,0.075,0.0,0.006908185664092564,0.02960368541618916,-0.0945579196381454,-0.08849011361598969,0.3672648295760155,0.18708538070321085,0.28,0.09291461929678918,0.9813278913497925,0.10168380290269852,1.008062481880188,-0.006367817055433989,-0.014196127653121948,-0.3678615987300873,-0.008943560533225536,-0.3768051564693451,-0.027908695861697197,-0.0356752946972847,-0.32030683755874634,-0.022475436329841614,-0.34278225898742676,-0.05621115118265152,-0.04079312086105347,-0.2582671344280243,-0.025699665769934654,-0.2839668095111847,-0.05524875223636627,-0.08011283725500107,-0.20110344886779785,-0.05047108605504036,-0.2515745460987091,-0.07643997669219971,-0.07386232912540436,-0.16665500402450562,-0.04653326794505119,-0.2131882756948471,0.03547993674874306,0.05493540316820145,-0.16567222774028778,0.03460930287837982,-0.13106292486190796,0.04658079519867897,0.03750522807240486,-0.30673548579216003,0.023628292605280876,-0.283107191324234,0.02363859862089157,0.024997010827064514,-0.0829906240105629,0.015748117119073868,-0.06724250316619873,0.08136388659477234,0.06867285072803497,0.2398672103881836,0.04326389729976654,0.28313112258911133,-0.01860121451318264,0.0013431645929813385,0.45050138235092163,0.0008461936959065497,0.45134758949279785,-0.02230210043489933,-0.03566069155931473,0.44861820340156555,-0.022466234862804413,0.42615196108818054
8.56,0.05,0.075,0.0,0.004117024162463116,0.02753661980222763,-0.10890973134162163,-0.08961651474237442,0.36557522788643837,0.18590265952050689,0.28,0.09409734047949314,1.0011837482452393,0.10652100294828415,1.0266190767288208,0.024264933541417122,-0.00265780882909894,-0.3753035068511963,-0.0016744195017963648,-0.37697792053222656,-0.02325124479830265,-0.03194807842373848,-0.33372050523757935,-0.02012728899717331,-0.35384780168533325,-0.013402586802840233,-0.03257596120238304,-0.2734665274620056,-0.02052285522222519,-0.2939893901348114,-0.12547393143177032,-0.0937211662530899,-0.2133452445268631,-0.059044335037469864,-0.27238959074020386,-0.0739283561706543,-0.07388213276863098,-0.17211885750293732,-0.04654574394226074,-0.21866460144519806,0.08871559053659439,0.06506945937871933,-0.16265302896499634,0.04099375754594803,-0.12165927141904831,0.044758863747119904,0.039681319147348404,-0.3066093325614929,0.024999231100082397,-0.2816101014614105,0.03859603404998779,0.029076717793941498,-0.10164334625005722,0.018318332731723785,-0.08332501351833344,0.06972413510084152,0.06898823380470276,0.22089208662509918,0.04346258565783501,0.2643546760082245,0.014975234866142273,0.005432785954326391,0.44997933506965637,0.003422655165195465,0.45340198278427124,-0.01190677285194397,-0.02853451482951641,0.4670657813549042,-0.01797674410045147,0.44908905029296875
8.58,0.05,0.075,0.0,-0.006705724864773221,0.02022666732894766,-0.15634158836896508,-0.10731188207864761,0.3390321768820286,0.16732252381742002,0.28,0.11267747618258,1.0196125507354736,0.10884445160627365,1.0395790338516235,0.02136499062180519,0.004549031145870686,-0.38087502121925354,0.002865889575332403,-0.3780091404914856,-0.013296164572238922,-0.026352504268288612,-0.34603071212768555,-0.016602078452706337,-0.36263278126716614,-0.028798026964068413,-0.03144258260726929,-0.2886737585067749,-0.019808826968073845,-0.3084825873374939,-0.1049894466996193,-0.09710164368152618,-0.2267037332057953,-0.06117403507232666,-0.28787776827812195,-0.06860996037721634,-0.07230047881603241,-0.17945978045463562,-0.04554929956793785,-0.22500908374786377,0.057513270527124405,0.06280260533094406,-0.16168548166751862,0.039565641433000565,-0.12211984395980835,0.09091123193502426,0.05505029112100601,-0.30429720878601074,0.03468168154358864,-0.2696155309677124,0.039816416800022125,0.032298628240823746,-0.11908523738384247,0.020348135381937027,-0.09873710572719574,0.07392551749944687,0.07046941667795181,0.20095454156398773,0.04439573362469673,0.24535027146339417,-0.018471719697117805,-0.0017385659739375114,0.44727393984794617,-0.0010952965822070837,0.4461786448955536,-0.008132362738251686,-0.022413870319724083,0.4842694401741028,-0.0141207380220294,0.4701487123966217
8.6,0.05,0.075,0.0,-0.015206804498283594,0.015223389268198885,-0.20280273433759988,-0.14904671907424927,0.2764299213886261,0.12350094497203831,0.28,0.15649905502796171,1.036331295967102,0.10297808796167374,1.0517743825912476,0.0053279828280210495,0.004782716743648052,-0.38447335362434387,0.0030131114181131124,-0.3814602494239807,-0.012823992408812046,-0.022293951362371445,-0.3570104241371155,-0.014045189134776592,-0.37105560302734375,-0.0504792183637619,-0.03715357184410095,-0.30360835790634155,-0.023406749591231346,-0.32701510190963745,-0.05118371546268463,-0.08332626521587372,-0.24093253910541534,-0.05249554663896561,-0.29342809319496155,-0.05754801630973816,-0.0678747370839119,-0.18854238092899323,-0.04276108369231224,-0.23130346834659576,0.059591930359601974,0.061839401721954346,-0.16278743743896484,0.038958821445703506,-0.12382861971855164,0.05265332758426666,0.05433120205998421,-0.2998226583003998,0.03422865644097328,-0.2655940055847168,0.039098940789699554,0.03433872386813164,-0.13513855636119843,0.021633395925164223,-0.11350516229867935,0.06673140078783035,0.06934801489114761,0.18025776743888855,0.04368924722075462,0.22394701838493347,-0.031703073531389236,-0.010727918706834316,0.44241270422935486,-0.006758588831871748,0.4356541037559509,-0.013392118737101555,-0.019707344472408295,0.500053882598877,-0.012415627017617226,0.4876382648944855
8.620000000000001,0.05,0.075,0.0,-0.029599039389257308,0.010183545789896288,-0.2668343985370707,-0.15083463490009308,0.2737480476498604,0.12162363335490231,0.28,0.15837636664509772,1.0510956048965454,0.09787049889564514,1.063248634338379,0.02391398884356022,0.01052209921181202,-0.3860321640968323,0.006628922652453184,-0.3794032335281372,-0.0013260086998343468,-0.016003567725419998,-0.36645710468292236,-0.010082247667014599,-0.37653934955596924,-0.025705667212605476,-0.033719200640916824,-0.3179948627948761,-0.02124309539794922,-0.3392379581928253,-0.05912516638636589,-0.07606593519449234,-0.2557692527770996,-0.04792153835296631,-0.3036907911300659,-0.06866363435983658,-0.06811140477657318,-0.1991991251707077,-0.04291018471121788,-0.24210931360721588,0.051203299313783646,0.058648571372032166,-0.16593855619430542,0.03694859892129898,-0.12898996472358704,0.049895018339157104,0.053000349551439285,-0.2932312786579132,0.03339022025465965,-0.25984105467796326,0.04866520315408707,0.038636669516563416,-0.14963971078395844,0.024341100826859474,-0.1252986043691635,0.05285397171974182,0.06439980119466782,0.15901267528533936,0.040571875870227814,0.19958454370498657,-0.016473310068249702,-0.01245153695344925,0.43544524908065796,-0.007844468578696251,0.42760077118873596,0.0037200581282377243,-0.01267912331968546,0.5142582058906555,-0.007987847551703453,0.5062703490257263
8.64,0.05,0.075,0.0,-0.032398855248970716,0.009422381826133747,-0.275632914743458,-0.1727209836244583,0.24091852456331253,0.09864296719431881,0.28,0.18135703280568122,1.0637000799179077,0.09085474908351898,1.0715900659561157,0.021097104996442795,0.013694601133465767,-0.38552266359329224,0.008627599105238914,-0.37689507007598877,0.007004907354712486,-0.009101024828851223,-0.37419652938842773,-0.005733645521104336,-0.37993016839027405,-0.03134686499834061,-0.03300749883055687,-0.3315679728984833,-0.02079472318291664,-0.3523626923561096,-0.019930720329284668,-0.05922537297010422,-0.2709401845932007,-0.03731198608875275,-0.30825215578079224,-0.07015310227870941,-0.06872391700744629,-0.2112334817647934,-0.04329606890678406,-0.25452953577041626,0.022576894611120224,0.04782706871628761,-0.17108072340488434,0.030131053179502487,-0.14094966650009155,0.07006142288446426,0.05811867117881775,-0.2845902740955353,0.036614760756492615,-0.24797551333904266,0.04714950919151306,0.04119052365422249,-0.1624409407377243,0.025950029492378235,-0.13649091124534607,0.05076363682746887,0.06030895188450813,0.13743574917316437,0.037994638085365295,0.17543038725852966,-0.005930742248892784,-0.01049529854208231,0.42644253373146057,-0.006612038239836693,0.4198305010795593,-0.003408588469028473,-0.009897962212562561,0.5267376899719238,-0.0062357159331440926,0.520501971244812
8.66,0.05,0.075,0.0,-0.037540975073518085,0.009053520551038823,-0.2887738859296161,-0.15119971334934235,0.2732004299759865,0.12124030098319058,0.28,0.15875969901680945,1.0739778280258179,0.08856038004159927,1.0763814449310303,0.032788895070552826,0.01942288875579834,-0.38295429944992065,0.012236420065164566,-0.3707178831100464,0.016967827454209328,-0.001280368771404028,-0.3800859749317169,-0.0008066323352977633,-0.3808926045894623,-0.026638010516762733,-0.031096652150154114,-0.34407728910446167,-0.019590890035033226,-0.36366817355155945,-0.017134036868810654,-0.04659797251224518,-0.2861655652523041,-0.02935672178864479,-0.31552228331565857,-0.07917407155036926,-0.0718589648604393,-0.22442349791526794,-0.045271147042512894,-0.26969465613365173,0.011335496790707111,0.03687959909439087,-0.17811910808086395,0.02323414757847786,-0.1548849642276764,0.08583381026983261,0.06643321365118027,-0.27398765087127686,0.0418529249727726,-0.23213472962379456,0.031068041920661926,0.03815377876162529,-0.1734117716550827,0.02403688058257103,-0.14937488734722137,0.055197060108184814,0.058775387704372406,0.1157468780875206,0.03702849522233009,0.152775377035141,-0.039572909474372864,-0.019218582659959793,0.4154963195323944,-0.012107706628739834,0.4033886194229126,0.005956666544079781,-0.005141573492437601,0.5373651385307312,-0.0032391913700848818,0.5341259241104126
8.68,0.05,0.075,0.0,-0.04312308847507764,0.009855914343862847,-0.3006250435522606,-0.15012767910957336,0.27480848133563995,0.12236593693494802,0.28,0.157634063065052,1.0817984342575073,0.08467774093151093,1.0823689699172974,0.04348821938037872,0.026642488315701485,-0.3783744275569916,0.01678476668894291,-0.3615896701812744,0.01910581812262535,0.0048354873433709145,-0.38401681184768677,0.003046357072889805,-0.38097044825553894,-0.014866964891552925,-0.026227746158838272,-0.3552921414375305,-0.01652348041534424,-0.37181562185287476,-0.024312235414981842,-0.03991224989295006,-0.30116456747055054,-0.02514471672475338,-0.32630929350852966,-0.08149449527263641,-0.07474962621927261,-0.2385258674621582,-0.0470922626554966,-0.2856181263923645,0.018820341676473618,0.03146182373166084,-0.18692389130592346,0.01982094906270504,-0.16710294783115387,0.04485960304737091,0.05996113270521164,-0.2615315020084381,0.03777551278471947,-0.22375598549842834,0.03123737871646881,0.036078859120607376,-0.18244042992591858,0.02272968180477619,-0.15971074998378754,0.045234087854623795,0.05471299588680267,0.0941670835018158,0.03446918725967407,0.12863627076148987,-0.03556323051452637,-0.024121977388858795,0.40271812677383423,-0.01519684586673975,0.38752126693725586,0.016671720892190933,0.0014024151023477316,0.5460323095321655,0.0008835215121507645,0.5469158291816711
8.700000000000001,0.05,0.075,0.0,-0.048624653051928625,0.01276288854632939,-0.29853852012460214,-0.16936767101287842,0.24594849348068237,0.1021639454364777,0.28,0.17783605456352233,1.087066888809204,0.08163128048181534,1.0886731147766113,0.02769101969897747,0.02695704810321331,-0.37186747789382935,0.016982940956950188,-0.354884535074234,-0.0007927669212222099,0.0031470111571252346,-0.385916531085968,0.0019826169591397047,-0.3839339017868042,0.004012880846858025,-0.017155557870864868,-0.36500564217567444,-0.010808001272380352,-0.37581363320350647,-0.05617201328277588,-0.044790178537368774,-0.3156605660915375,-0.02821781300008297,-0.3438783884048462,-0.063727967441082,-0.07144312560558319,-0.25328052043914795,-0.04500916972756386,-0.2982896864414215,0.03804345801472664,0.03343631327152252,-0.19733268022537231,0.0210648775100708,-0.1762678027153015,0.04262790456414223,0.054761163890361786,-0.24734872579574585,0.03449953347444534,-0.2128491997718811,0.034736908972263336,0.035676274448633194,-0.18943488597869873,0.02247605286538601,-0.16695883870124817,0.05482852831482887,0.05474765598773956,0.07291626185178757,0.03449102118611336,0.10740728676319122,0.002531731501221657,-0.016125863417983055,0.38823816180229187,-0.010159294120967388,0.3780788779258728,-0.006899611093103886,-0.0010881929192692041,0.5526508688926697,-0.0006855615065433085,0.5519652962684631
8.72,0.05,0.075,0.0,-0.051480769969032995,0.014179301059727709,-0.2944251614166637,-0.15657939016819,0.265130914747715,0.11559164032340052,0.28,0.1644083596765995,1.089721918106079,0.0832260251045227,1.0917677879333496,0.038387231528759,0.030386101454496384,-0.363553524017334,0.01914324425160885,-0.3444102704524994,-0.005061641335487366,0.0006844153394922614,-0.3857501149177551,0.0004311816592235118,-0.38531893491744995,0.02824351377785206,-0.0035358360037207603,-0.3730386793613434,-0.002227576682344079,-0.37526625394821167,-0.0966346263885498,-0.060343511402606964,-0.3293861746788025,-0.038016412407159805,-0.367402583360672,-0.05504164844751358,-0.06652268022298813,-0.26841533184051514,-0.04190928861498833,-0.31032460927963257,0.04935561493039131,0.03821210563182831,-0.20915350317955017,0.024073626846075058,-0.18507987260818481,0.03751474246382713,0.04958723485469818,-0.2315838783979416,0.031239958480000496,-0.20034392178058624,0.028034046292304993,0.03338360786437988,-0.19432388246059418,0.02103167213499546,-0.17329220473766327,0.06082336977124214,0.05657036975026131,0.052210982888936996,0.035639334470033646,0.08785031735897064,-0.010636001825332642,-0.014478905126452446,0.3722040355205536,-0.009121710434556007,0.36308231949806213,-0.005218198522925377,-0.002327194670215249,0.5571532845497131,-0.001466132584027946,0.5556871294975281
8.74,0.05,0.075,0.0,-0.052855608648333885,0.014652092467281157,-0.29335346472107293,-0.14676222205162048,0.2798566669225693,0.12589966684579854,0.28,0.1541003331542015,1.0897328853607178,0.08361928910017014,1.0926523208618164,0.049004025757312775,0.03597147762775421,-0.3535858690738678,0.022662030532956123,-0.33092382550239563,-0.008947378024458885,-0.0022051227279007435,-0.38352060317993164,-0.0013892273418605328,-0.38490983843803406,0.028523093089461327,0.0060818432830274105,-0.3792431056499481,0.0038315611891448498,-0.3754115402698517,-0.08444967120885849,-0.0675753578543663,-0.3420882821083069,-0.04257247596979141,-0.3846607506275177,-0.05875207483768463,-0.06419149786233902,-0.2836511433124542,-0.040440645068883896,-0.3240917921066284,0.045355964452028275,0.04035526141524315,-0.22216834127902985,0.025423813611268997,-0.19674453139305115,0.020215937867760658,0.0407758429646492,-0.214397594332695,0.02568878047168255,-0.1887088119983673,0.022651158273220062,0.030163872987031937,-0.1970575749874115,0.019003240391612053,-0.1780543327331543,0.05688262730836868,0.05666404962539673,0.03226223960518837,0.03569835051894188,0.06796059012413025,-0.010770444758236408,-0.013366366736590862,0.35477912425994873,-0.008420811034739017,0.3463582992553711,-0.0009553814306855202,-0.001915650675073266,0.5594937801361084,-0.0012068599462509155,0.5582869052886963
8.76,0.05,0.075,0.0,-0.05444240476307854,0.017433549232665962,-0.2753075633895274,-0.15877622365951538,0.26183566451072693,0.11328496515750888,0.28,0.16671503484249114,1.0870983600616455,0.08299481868743896,1.0865259170532227,0.04955323785543442,0.04004600644111633,-0.3421483635902405,0.025228984653949738,-0.31691938638687134,-0.004593770019710064,-0.002921717008575797,-0.3792691230773926,-0.0018406816525384784,-0.3811098039150238,0.023255394771695137,0.01123390905559063,-0.3835044503211975,0.007077362854033709,-0.3764270842075348,-0.05754396691918373,-0.06456594169139862,-0.3535325825214386,-0.0406765416264534,-0.3942091166973114,-0.05619220435619354,-0.061791710555553436,-0.29870694875717163,-0.03892877697944641,-0.33763572573661804,0.02741203084588051,0.03647229075431824,-0.23613713681697845,0.022977542132139206,-0.21315959095954895,0.05057413503527641,0.043715331703424454,-0.1959650218486786,0.02754065953195095,-0.16842436790466309,0.022763006389141083,0.02794361300766468,-0.1976081281900406,0.01760447584092617,-0.18000365793704987,0.06033312529325485,0.057764772325754166,0.013273315504193306,0.03639180585741997,0.04966512322425842,-0.01850595697760582,-0.014908243902027607,0.3361409604549408,-0.009392193518579006,0.3267487585544586,-0.01870223693549633,-0.006951626855880022,0.5596484541893005,-0.004379524849355221,0.5552689433097839
8.78,0.05,0.075,0.0,-0.055875244963295954,0.019541843284471862,-0.2611835112372239,-0.1406008005142212,0.2890987992286682,0.13236915946006778,0.28,0.14763084053993225,1.0818428993225098,0.08074968308210373,1.079694151878357,0.05336073786020279,0.04404042661190033,-0.32945194840431213,0.02774546854197979,-0.3017064929008484,-0.00790439173579216,-0.0044165197759866714,-0.37307411432266235,-0.0027824074495583773,-0.37585651874542236,0.030200347304344177,0.01692384108901024,-0.3857441246509552,0.010662020184099674,-0.3750821053981781,-0.058645136654376984,-0.06278970092535019,-0.363508015871048,-0.03955751284956932,-0.4030655324459076,-0.05508652329444885,-0.05978015437722206,-0.3133050501346588,-0.03766149654984474,-0.35096654295921326,0.02950448915362358,0.03438194841146469,-0.25080227851867676,0.02166062779724598,-0.22914165258407593,0.017465779557824135,0.0358404666185379,-0.17647399008274078,0.0225794930011034,-0.15389449894428253,0.01329035684466362,0.023547636345028877,-0.19596993923187256,0.014835011214017868,-0.1811349242925644,0.05362541601061821,0.05652296543121338,-0.004562279675155878,0.035609468817710876,0.031047189608216286,-0.02893706038594246,-0.01911688968539238,0.31647950410842896,-0.01204364001750946,0.3044358491897583,-0.014593573287129402,-0.00924421101808548,0.5576157569885254,-0.005823852960020304,0.5517919063568115
8.8,0.05,0.075,0.0,-0.05609501106637575,0.02470168297195692,-0.2283793709687219,-0.14651760458946228,0.2802235931158066,0.12615651518106463,0.28,0.1538434848189354,1.074015736579895,0.07999195903539658,1.069145679473877,0.046652719378471375,0.04482411593198776,-0.3157307803630829,0.028239192441105843,-0.2874915897846222,-0.006020243279635906,-0.004897636827081442,-0.365049809217453,-0.0030855112709105015,-0.36813533306121826,0.038403261452913284,0.023367667570710182,-0.38592082262039185,0.01472163014113903,-0.37119919061660767,-0.057828519493341446,-0.0613013431429863,-0.3718305826187134,-0.03861984610557556,-0.41045042872428894,-0.05198255926370621,-0.057440876960754395,-0.3271762430667877,-0.036187753081321716,-0.36336398124694824,0.027173634618520737,0.032219454646110535,-0.26589325070381165,0.02029825560748577,-0.24559499323368073,0.0365053154528141,0.03603992238640785,-0.1561231166124344,0.02270515076816082,-0.13341796398162842,0.01660187914967537,0.0214639101177454,-0.19215966761112213,0.013522263616323471,-0.17863740026950836,0.05248340964317322,0.05531109869480133,-0.02106279321014881,0.0348459929227829,0.013783199712634087,-0.023486938327550888,-0.020427905023097992,0.2959951162338257,-0.012869579717516899,0.28312554955482483,-0.026837604120373726,-0.014522229321300983,0.55341637134552,-0.009149004705250263,0.5442673563957214
8.82,0.05,0.075,0.0,-0.05646926327514946,0.02600343018420444,-0.219331648600907,-0.12136359512805939,0.3179546073079109,0.15256822511553766,0.28,0.12743177488446236,1.063688039779663,0.07995174825191498,1.0588520765304565,0.04979177564382553,0.046314410865306854,-0.30123797059059143,0.029178079217672348,-0.2720598876476288,-0.0046399375423789024,-0.004820327274501324,-0.3553442060947418,-0.0030368061270564795,-0.3583810031414032,0.052853964269161224,0.03221355751156807,-0.3840312957763672,0.020294541493058205,-0.36373674869537354,-0.0746355876326561,-0.06530161947011948,-0.3783468008041382,-0.04114001989364624,-0.4194868206977844,-0.053069934248924255,-0.05612959340214729,-0.34006467461586,-0.0353616438806057,-0.375426322221756,0.025979530066251755,0.03034747578203678,-0.2811317443847656,0.019118908792734146,-0.2620128393173218,0.009494498372077942,0.02807629480957985,-0.13511981070041656,0.017688065767288208,-0.11743174493312836,0.0047239139676094055,0.016441911458969116,-0.18621616065502167,0.010358404368162155,-0.1758577525615692,0.04447339475154877,0.05205978825688362,-0.03606007620692253,0.032797668129205704,-0.0032624080777168274,-0.029684312641620636,-0.023204827681183815,0.2748965620994568,-0.014619041234254837,0.26027750968933105,-0.019494501873850822,-0.016013910993933678,0.5470930933952332,-0.010088764131069183,0.5370043516159058
8.84,0.05,0.075,0.0,-0.05622881243705053,0.029968698724548482,-0.1969727258911833,-0.13130785524845123,0.30303821712732315,0.14212675198912625,0.28,0.13787324801087378,1.0509511232376099,0.07996666431427002,1.0438767671585083,0.054849669337272644,0.04887498915195465,-0.2862407863140106,0.03079124353826046,-0.2554495334625244,-0.0025894688442349434,-0.004151069559156895,-0.3441363275051117,-0.002615173812955618,-0.34675151109695435,0.06220883131027222,0.04121214151382446,-0.38011038303375244,0.02596364915370941,-0.35414671897888184,-0.06323318928480148,-0.06468109041452408,-0.3829364776611328,-0.04074908792972565,-0.42368555068969727,-0.046991974115371704,-0.053388308733701706,-0.35173264145851135,-0.03363463282585144,-0.3853672742843628,0.015551227144896984,0.02590860053896904,-0.29623672366142273,0.016322419047355652,-0.27991431951522827,0.031188592314720154,0.02900998294353485,-0.11367807537317276,0.018276289105415344,-0.09540178626775742,0.010397050529718399,0.014628453180193901,-0.17820000648498535,0.009215925820171833,-0.1689840853214264,0.040745142847299576,0.04866539686918259,-0.04940129816532135,0.030659200623631477,-0.018742097541689873,-0.020084436982870102,-0.022268710657954216,0.2533988058567047,-0.014029287733137608,0.23936951160430908,-0.027792001143097878,-0.019547339528799057,0.538710355758667,-0.01231482345610857,0.5263955593109131
8.86,0.05,0.075,0.0,-0.05587428589654676,0.03407579143052418,-0.17163687329027047,-0.11724585294723511,0.32413122057914734,0.15689185440540315,0.28,0.12310814559459687,1.0359145402908325,0.07846751809120178,1.0257693529129028,0.054320327937603,0.050508592277765274,-0.27101582288742065,0.03182041272521019,-0.23919540643692017,-0.022187108173966408,-0.009561881422996521,-0.3316328525543213,-0.006023985333740711,-0.33765682578086853,0.06080798804759979,0.04709089547395706,-0.37423041462898254,0.029667263850569725,-0.34456315636634827,-0.0518963597714901,-0.060845669358968735,-0.3855149745941162,-0.03833277150988579,-0.4238477349281311,-0.031206512823700905,-0.04673376679420471,-0.3619649112224579,-0.02944227308034897,-0.39140719175338745,0.015223166905343533,0.02270297147333622,-0.3109295666217804,0.014302872121334076,-0.2966266870498657,0.009849641472101212,0.02326188050210476,-0.09201642870903015,0.014654984697699547,-0.07736144214868546,-0.0022237226366996765,0.009572800248861313,-0.16819284856319427,0.006030864082276821,-0.16216199100017548,0.044606033712625504,0.04744758456945419,-0.06095051020383835,0.029891978949308395,-0.031058531254529953,-0.03352075815200806,-0.025644324719905853,0.2317209243774414,-0.016155924648046494,0.21556499600410461,-0.04318896681070328,-0.026639828458428383,0.5283536314964294,-0.01678309217095375,0.5115705132484436
8.88,0.05,0.075,0.0,-0.05419622836453499,0.03999435056878129,-0.13369604188919565,-0.10347916185855865,0.344781257212162,0.17134688004851345,0.28,0.10865311995148658,1.0187056064605713,0.074729323387146,1.0087424516677856,0.028079325333237648,0.04377981275320053,-0.2558439373970032,0.02758128196001053,-0.22826266288757324,-0.03349197655916214,-0.016740910708904266,-0.31806445121765137,-0.010546773672103882,-0.32861122488975525,0.057073287665843964,0.05008561164140701,-0.3664998412132263,0.03155393525958061,-0.3349459171295166,-0.04788047820329666,-0.05695611238479614,-0.3860347270965576,-0.03588235005736351,-0.4219170808792114,-0.02881479822099209,-0.04135807603597641,-0.3705728054046631,-0.026055587455630302,-0.39662837982177734,0.02008127048611641,0.021916460245847702,-0.3249393105506897,0.013807369396090508,-0.31113195419311523,-0.01743243634700775,0.011053585447371006,-0.0703556165099144,0.006963758729398251,-0.06339185684919357,-0.011209344491362572,0.0033381565008312464,-0.15629670023918152,0.0021030385978519917,-0.15419365465641022,0.04036640375852585,0.04532323032617569,-0.07059001177549362,0.028553634881973267,-0.042036376893520355,-0.032659515738487244,-0.02774888277053833,0.21008385717868805,-0.017481796443462372,0.19260206818580627,-0.04178401827812195,-0.031183086335659027,0.516128420829773,-0.019645344465970993,0.49648308753967285
8.9,0.05,0.075,0.0,-0.052680641931174145,0.0430243464808547,-0.11514486663158478,-0.09537000209093094,0.3569449968636036,0.17986149780452254,0.28,0.10013850219547749,0.9994679689407349,0.07530049234628677,0.9871100783348083,0.04552413523197174,0.044303108006715775,-0.24100488424301147,0.027910957112908363,-0.21309392154216766,-0.024068115279078484,-0.018939072266221046,-0.303681343793869,-0.011931615881621838,-0.3156129717826843,0.07246046513319016,0.056798070669174194,-0.3570612370967865,0.03578278422355652,-0.32127845287323,-0.04427630826830864,-0.0531521737575531,-0.3844861686229706,-0.03348587080836296,-0.41797202825546265,-0.029041696339845657,-0.037663161754608154,-0.3773975372314453,-0.023727791383862495,-0.40112534165382385,0.011415299959480762,0.018766112625598907,-0.33800753951072693,0.011822651140391827,-0.3261848986148834,0.00946405716240406,0.010576726868748665,-0.04891636595129967,0.00666333781555295,-0.042253028601408005,-0.012119745835661888,-0.0012992143165320158,-0.14263278245925903,-0.0008185050101019442,-0.1434512883424759,0.04307110235095024,0.044647589325904846,-0.07822158187627792,0.02812798134982586,-0.050093598663806915,-0.025030402466654778,-0.02693333849310875,0.18870806694030762,-0.016968002542853355,0.1717400699853897,-0.04790671169757843,-0.03620017319917679,0.5021592974662781,-0.022806109860539436,0.4793531894683838
8.92,0.05,0.075,0.0,-0.05097058361996137,0.047066436031129553,-0.08431093850304035,-0.07347959280014038,0.38978061079978943,0.20284642755985263,0.28,0.0771535724401474,0.9783617854118347,0.07184979319572449,0.9665948748588562,0.024099871516227722,0.03824213892221451,-0.22677239775657654,0.024092547595500946,-0.202679842710495,-0.023467980325222015,-0.020297745242714882,-0.28874877095222473,-0.01278757955878973,-0.30153635144233704,0.0596822127699852,0.057663314044475555,-0.3460886478424072,0.03632788732647896,-0.3097607493400574,-0.0235237218439579,-0.04426363483071327,-0.3808978199958801,-0.02788608893752098,-0.4087839126586914,-0.03483261913061142,-0.036813996732234955,-0.38231325149536133,-0.023192817345261574,-0.40550607442855835,-0.006106113083660603,0.011304444633424282,-0.3498932421207428,0.0071217999793589115,-0.3427714407444,-0.01783747598528862,0.0020524654537439346,-0.027917152270674706,0.001293053268454969,-0.026624098420143127,-0.026588626205921173,-0.008886037394404411,-0.12734033167362213,-0.005598203744739294,-0.13293853402137756,0.03679192438721657,0.04229088872671127,-0.08376744389533997,0.026643259450793266,-0.05712418258190155,-0.044068776071071625,-0.0320739708840847,0.16781140863895416,-0.020206602290272713,0.1476048082113266,-0.04309578239917755,-0.03826885670423508,0.48658862709999084,-0.024109380319714546,0.46247923374176025
8.94,0.05,0.075,0.0,-0.048265843443483454,0.05189692805189419,-0.048139218933425126,-0.06383506208658218,0.4042474068701267,0.21297318480908872,0.28,0.0670268151909113,0.9555640816688538,0.06742990761995316,0.9437988996505737,0.01031484268605709,0.029863949865102768,-0.213408961892128,0.018814288079738617,-0.19459468126296997,-0.006246788427233696,-0.016082458198070526,-0.273542195558548,-0.010131948627531528,-0.2836741507053375,0.053534023463726044,0.05642452463507652,-0.3337845206260681,0.03554745018482208,-0.2982370853424072,0.0060364436358213425,-0.029173610731959343,-0.3753358721733093,-0.018379375338554382,-0.3937152624130249,-0.04636531323194504,-0.0396793931722641,-0.3852292597293854,-0.0249980166554451,-0.4102272689342499,-0.027428194880485535,-0.00031534768640995026,-0.3603771924972534,-0.00019866904767695814,-0.3605758547782898,0.0019322847947478294,0.0020164111629128456,-0.00757197430357337,0.0012703390093520284,-0.0063016354106366634,-0.030454400926828384,-0.015356547199189663,-0.11057517677545547,-0.009674624539911747,-0.12024980038404465,0.028580226004123688,0.03817769140005112,-0.08717108517885208,0.02405194565653801,-0.06311914324760437,-0.03750882297754288,-0.033704426139593124,0.14760680496692657,-0.02123378776013851,0.1263730227947235,-0.05456039309501648,-0.04315631836652756,0.46957510709762573,-0.027188479900360107,0.4423866271972656
8.96,0.05,0.075,0.0,-0.044563182526059716,0.05860263189422105,0.0014264947441740242,-0.040948182344436646,0.43857772648334503,0.23700440853834154,0.28,0.04299559146165849,0.931269645690918,0.07207058370113373,0.9174213409423828,0.015265405178070068,0.025484386831521988,-0.20116105675697327,0.016055162996053696,-0.18510589003562927,-0.029796123504638672,-0.02019655704498291,-0.25834208726882935,-0.0127238305285573,-0.27106592059135437,0.07451512664556503,0.061851706355810165,-0.3203757107257843,0.038966573774814606,-0.2814091444015503,-0.03289787098765373,-0.030290888622403145,-0.367902934551239,-0.019083259627223015,-0.3869861960411072,-0.016810106113553047,-0.03281860798597336,-0.38609179854393005,-0.020675722509622574,-0.40676751732826233,-0.012400430627167225,-0.003940872848033905,-0.36926600337028503,-0.0024827499873936176,-0.37174874544143677,-0.0023401929065585136,0.0007094299071468413,0.011911844834685326,0.00044694083044305444,0.01235878560692072,-0.040399219840765,-0.022869348526000977,-0.09250818192958832,-0.014407689683139324,-0.10691586881875992,0.03713343292474747,0.03786441311240196,-0.08839782327413559,0.023854579776525497,-0.06454324722290039,-0.04734151065349579,-0.037795551121234894,0.12830016016960144,-0.02381119690835476,0.10448896139860153,-0.07593710720539093,-0.05299055576324463,0.4512920677661896,-0.0333840511739254,0.4179080128669739
8.98,0.05,0.075,0.0,-0.04058425313548608,0.062345860437659696,0.026202349404784425,-0.021583613008260727,0.4676245804876089,0.2573372063413263,0.28,0.02266279365867374,0.9056931734085083,0.07767228782176971,0.8900535702705383,0.003358425572514534,0.018846597522497177,-0.1902545690536499,0.011873356066644192,-0.17838121950626373,-0.04348420351743698,-0.02718285098671913,-0.24342875182628632,-0.017125196754932404,-0.2605539560317993,0.07709259539842606,0.06642397493124008,-0.30610957741737366,0.0418471023440361,-0.26426246762275696,-0.03256957232952118,-0.0309744942933321,-0.3587360978126526,-0.01951393112540245,-0.37825003266334534,-0.013708215206861496,-0.02708549052476883,-0.38488495349884033,-0.01706385798752308,-0.40194880962371826,-0.008466232568025589,-0.005298480857163668,-0.3763957917690277,-0.0033380428794771433,-0.3797338306903839,-0.008835420943796635,-0.0021540254820138216,0.03033575415611267,-0.001357036060653627,0.02897871844470501,-0.04475192353129387,-0.029434120282530785,-0.07332344353199005,-0.01854349486529827,-0.09186694025993347,0.0401805080473423,0.03855924308300018,-0.08743514865636826,0.024292323738336563,-0.0631428211927414,-0.039635300636291504,-0.03834747523069382,0.11008822917938232,-0.024158909916877747,0.08592931926250458,-0.09094929695129395,-0.06437817960977554,0.43192583322525024,-0.04055825248360634,0.3913675844669342
9.0,0.05,0.075,0.0,-0.034589078341457344,0.06814923598249034,0.06746941770482391,-0.006104481406509876,0.4908432778902352,0.27359029452316463,0.28,0.006409705476835392,0.8790714740753174,0.08088001608848572,0.8622308373451233,-0.01595299318432808,0.008406720124185085,-0.18089066445827484,0.0052962335757911205,-0.17559443414211273,-0.0460074245929718,-0.03283022344112396,-0.2290772646665573,-0.020683040842413902,-0.24976029992103577,0.059784963726997375,0.06443227082490921,-0.29124924540519714,0.04059233143925667,-0.2506569027900696,0.0022470392286777496,-0.02100803330540657,-0.34800440073013306,-0.0132350604981184,-0.3612394630908966,-0.01927807740867138,-0.02474326640367508,-0.3816309869289398,-0.01558825746178627,-0.3972192406654358,-0.022036980837583542,-0.010320031084120274,-0.38163504004478455,-0.006501619704067707,-0.3881366550922394,-0.014194841496646404,-0.005766270216554403,0.047512006014585495,-0.003632750129327178,0.04387925565242767,-0.05297614261507988,-0.03649672865867615,-0.05321647599339485,-0.02299293875694275,-0.0762094110250473,0.032208677381277084,0.03665407374501228,-0.08429288119077682,0.02309206686913967,-0.061200812458992004,-0.04032416269183159,-0.03894048184156418,0.0931565910577774,-0.02453250251710415,0.0686240866780281,-0.10356561839580536,-0.07613441348075867,0.41167378425598145,-0.047964680939912796,0.36370909214019775
9.02,0.05,0.075,0.0,-0.023836709515363357,0.07559735133104388,0.1407334645005353,0.012228401377797127,0.5183426020666957,0.292839821446687,0.28,0.012839821446686994,0.8589937686920166,0.08591020852327347,0.8537784218788147,-0.021880416199564934,-0.0006794207729399204,-0.2104874700307846,-0.0004280350694898516,-0.21091550588607788,-0.05840311199426651,-0.04050209000706673,-0.2700388431549072,-0.025516316294670105,-0.2955551743507385,0.05904408544301987,0.06281581521034241,-0.3307926058769226,0.03957396373152733,-0.291218638420105,-0.005286015570163727,-0.016291428357362747,-0.37378913164138794,-0.010263599455356598,-0.38405272364616394,-0.004632966592907906,-0.018710177391767502,-0.38561034202575684,-0.011787411756813526,-0.3973977565765381,-0.017361029982566833,-0.012432331219315529,-0.3625671863555908,-0.007832368835806847,-0.3703995645046234,-0.018951408565044403,-0.00972181186079979,0.09934528917074203,-0.006124741397798061,0.0932205468416214,-0.05717058107256889,-0.04269888252019882,0.19806495308876038,-0.026900295168161392,0.17116466164588928,0.03331465646624565,0.03565225005149841,0.1177990511059761,0.02246091701090336,0.14025996625423431,-0.041480012238025665,-0.039702340960502625,0.046093348413705826,-0.02501247450709343,0.021080873906612396,-0.11052173376083374,-0.08645060658454895,0.16202345490455627,-0.05446388199925423,0.10755957663059235
9.040000000000001,0.05,0.075,0.0,-0.009516221833556977,0.08565904892459558,0.22916028883051923,0.13785897195339203,0.706788457930088,0.42475192055106165,0.28,0.14475192055106162,0.8501384258270264,0.09748478978872299,0.8510032892227173,-0.009048571810126305,-0.0031901660840958357,-0.19852861762046814,-0.002009804593399167,-0.20053842663764954,-0.0482976958155632,-0.04284077137708664,-0.2548799216747284,-0.026989685371518135,-0.2818696200847626,0.07090596109628677,0.06524285674095154,-0.3171643018722534,0.041102997958660126,-0.2760612964630127,-0.032607801258563995,-0.02118634060025215,-0.36594444513320923,-0.01334739476442337,-0.379291832447052,-0.10759152472019196,-0.04537457972764969,-0.3859974145889282,-0.02858598530292511,-0.41458338499069214,-0.01740899682044983,-0.013925330713391304,-0.3710651993751526,-0.00877295807003975,-0.37983816862106323,-0.07410924136638641,-0.029038041830062866,0.08853752911090851,-0.018293965607881546,0.07024356722831726,-0.09087426215410233,-0.05715149641036987,0.20883165299892426,-0.03600544109940529,0.17282621562480927,-0.0021686595864593983,0.024305976927280426,0.13948678970336914,0.01531276572495699,0.15479955077171326,-0.020800359547138214,-0.03403174504637718,0.05724256858229637,-0.02143999934196472,0.03580256924033165,-0.1194181740283966,-0.09634087979793549,0.15160223841667175,-0.060694754123687744,0.09090748429298401
9.06,0.05,0.075,0.0,-0.001648754950082122,0.08950437922428596,0.2681492817840863,0.10094089061021805,0.6514113359153271,0.385987935140729,0.28,0.10598793514072896,0.8405541181564331,0.10797660797834396,0.8476061820983887,-0.10824184119701385,-0.03470567241311073,-0.18795974552631378,-0.021864572539925575,-0.2098243236541748,-0.026623355224728584,-0.03797554597258568,-0.24007165431976318,-0.02392459288239479,-0.2639962434768677,0.038428694009780884,0.05719860643148422,-0.30273786187171936,0.036035120487213135,-0.2667027413845062,-0.03960708528757095,-0.026712564751505852,-0.3564019799232483,-0.01682891510426998,-0.373230904340744,-0.0726945623755455,-0.05357057601213455,-0.3843168318271637,-0.03374946117401123,-0.4180662930011749,-0.019939638674259186,-0.015729622915387154,-0.3777709901332855,-0.009909662418067455,-0.38768064975738525,-0.033640820533037186,-0.03041887655854225,0.07588900625705719,-0.019163891673088074,0.056725114583969116,-0.11875393986701965,-0.07563222944736481,0.2176453024148941,-0.04764830321073532,0.16999700665473938,-0.004346447065472603,0.015710249543190002,0.16104169189929962,0.00989745743572712,0.1709391474723816,-0.0600576288998127,-0.04183951020240784,0.07021060585975647,-0.026358891278505325,0.043851714581251144,-0.12453784048557281,-0.10479997098445892,0.14315181970596313,-0.06602398306131363,0.0771278366446495
9.08,0.05,0.075,0.0,0.009054965692134124,0.09524299855385587,0.3178128136175176,0.12022571265697479,0.6803385689854622,0.4062369982898235,0.28,0.1262369982898235,0.8304261565208435,0.11281001567840576,0.8401275277137756,0.02446107380092144,-0.016955647617578506,-0.17897579073905945,-0.010682057589292526,-0.18965785205364227,-0.08799032866954803,-0.052979983389377594,-0.22588713467121124,-0.03337739035487175,-0.2592645287513733,0.0742860957980156,0.06232485547661781,-0.28777942061424255,0.03926466032862663,-0.24851475656032562,-0.04063000530004501,-0.030887797474861145,-0.3453376889228821,-0.01945931278169155,-0.3647969961166382,-0.07384061068296432,-0.059651583433151245,-0.38059961795806885,-0.037580497562885284,-0.41818010807037354,-0.020285386592149734,-0.017096351832151413,-0.3825608789920807,-0.010770701803267002,-0.3933315873146057,-0.0938272699713707,-0.049441397190093994,0.06152861565351486,-0.03114807978272438,0.03038053587079048,-0.10289468616247177,-0.0838109701871872,0.22441606223583221,-0.05280091241002083,0.17161515355110168,0.030577611178159714,0.020170457661151886,0.18224407732486725,0.012707388028502464,0.19495145976543427,-0.015909237787127495,-0.03406042978167534,0.08486530184745789,-0.02145807072520256,0.06340722739696503,-0.0759635865688324,-0.09614905714988708,0.13675831258296967,-0.06057390570640564,0.07618440687656403
9.1,0.05,0.075,0.0,0.017829791504082933,0.09914220121518584,0.361382976656659,0.1364566534757614,0.7046849802136421,0.42327948614954947,0.28,0.14327948614954944,0.8199833035469055,0.12185295671224594,0.83306485414505,-0.08681119978427887,-0.037912312895059586,-0.17174240946769714,-0.023884756490588188,-0.19562716782093048,-0.06429490447044373,-0.05637446045875549,-0.21258799731731415,-0.035515908151865005,-0.24810390174388885,0.04517222195863724,0.05717906728386879,-0.2725648283958435,0.03602281212806702,-0.2365420162677765,-0.011625455692410469,-0.025109095498919487,-0.3329557180404663,-0.015818729996681213,-0.34877443313598633,-0.06668630242347717,-0.061761997640132904,-0.3749143183231354,-0.03891005739569664,-0.4138243794441223,-0.027650412172079086,-0.020262569189071655,-0.38534650206565857,-0.012765418738126755,-0.39811190962791443,-0.05010013282299042,-0.0496390201151371,0.045602697879076004,-0.031272582709789276,0.014330115169286728,-0.1405474841594696,-0.10083192586898804,0.22907495498657227,-0.06352411210536957,0.1655508428812027,0.04067761078476906,0.026322603225708008,0.20287790894508362,0.016583239659667015,0.21946114301681519,-0.035351648926734924,-0.034447796642780304,0.10105733573436737,-0.02170211263000965,0.07935522496700287,-0.11162839829921722,-0.10079285502433777,0.13248687982559204,-0.06349949538707733,0.06898738443851471
9.120000000000001,0.05,0.075,0.0,0.03317096861239646,0.10487866448811244,0.4182275165321072,0.12065637111663818,0.6809845566749573,0.40668918967247014,0.28,0.12668918967247011,0.8094971776008606,0.12941977381706238,0.8221138119697571,0.023480916395783424,-0.019494343549013138,-0.16639305651187897,-0.01228143647313118,-0.17867448925971985,-0.10149925947189331,-0.0699119046330452,-0.20041953027248383,-0.04404449835419655,-0.24446402490139008,0.0748201459646225,0.06247138977050781,-0.25737470388412476,0.03935697674751282,-0.21801772713661194,-0.020347746089100838,-0.023680690675973892,-0.3194843530654907,-0.014918834902346134,-0.3344031870365143,-0.07464448362588882,-0.06562674045562744,-0.3673657774925232,-0.04134484753012657,-0.40871062874794006,-0.017368368804454803,-0.01939430832862854,-0.3860764801502228,-0.01221841387450695,-0.3982948958873749,-0.09209150820970535,-0.062374766916036606,0.02827354706823826,-0.03929610177874565,-0.011022554710507393,-0.13591255247592926,-0.11135610938072205,0.23157449066638947,-0.0701543465256691,0.16142013669013977,0.02978750690817833,0.027362074702978134,0.22273290157318115,0.017238106578588486,0.23997101187705994,0.006297124549746513,-0.022224320098757744,0.11862168461084366,-0.014001321978867054,0.10462035983800888,-0.10234348475933075,-0.1012580394744873,0.1303810328245163,-0.06379256397485733,0.06658846884965897
9.14,0.05,0.075,0.0,0.03572150350047706,0.10411218816120722,0.4249387934308387,0.1700386255979538,0.7550579383969307,0.4585405568778515,0.28,0.17854055687785148,0.7992790937423706,0.1333421915769577,0.8178790807723999,-0.07056153565645218,-0.0348144993185997,-0.163026362657547,-0.021933134645223618,-0.1849595010280609,-0.10626527667045593,-0.08081792294979095,-0.18960615992546082,-0.05091528967022896,-0.24052144587039948,0.054464615881443024,0.060069359838962555,-0.24248920381069183,0.037843696773052216,-0.20464551448822021,-0.009156998246908188,-0.01932358369231224,-0.3051721155643463,-0.012173857539892197,-0.3173459768295288,-0.03925727307796478,-0.057715900242328644,-0.3580932319164276,-0.03636101633310318,-0.3944542407989502,-0.03277845308184624,-0.02340955287218094,-0.3847373425960541,-0.014748018234968185,-0.39948534965515137,-0.07081149518489838,-0.06490578502416611,0.009717750363051891,-0.0408906452357769,-0.031172893941402435,-0.11044812202453613,-0.11108371615409851,0.23188920319080353,-0.06998273730278015,0.16190646588802338,0.065911665558815,0.038926951587200165,0.2416067272424698,0.024523979052901268,0.2661307156085968,0.01353098638355732,-0.01149772759526968,0.13737936317920685,-0.007243568543344736,0.13013578951358795,-0.11322660744190216,-0.10484860837459564,0.13046224415302277,-0.06605461984872818,0.06440762430429459
9.16,0.05,0.075,0.0,0.04140918387437786,0.10455037857104976,0.43829537941153607,0.12623761594295502,0.6893564239144325,0.4125494967401028,0.28,0.13254949674010275,0.7896743416786194,0.12879277765750885,0.8090617656707764,-0.09537814557552338,-0.052983593195676804,-0.1617044359445572,-0.03337966278195381,-0.1950840950012207,-0.06805494427680969,-0.07698902487754822,-0.18034732341766357,-0.0485030859708786,-0.22885040938854218,0.035719580948352814,0.05276442691683769,-0.22818289697170258,0.03324158862233162,-0.19494131207466125,-0.05148725211620331,-0.02897268533706665,-0.2902829349040985,-0.018252791836857796,-0.30853572487831116,-0.03369411081075668,-0.050509363412857056,-0.3472677171230316,-0.03182089701294899,-0.3790886104106903,0.010296772234141827,-0.013297653757035732,-0.38135382533073425,-0.008377522230148315,-0.38973134756088257,-0.021534226834774017,-0.05189431831240654,-0.00987559650093317,-0.032693419605493546,-0.04256901517510414,-0.08717866241931915,-0.10391220450401306,0.23001588881015778,-0.06546469032764435,0.16455119848251343,0.04452862963080406,0.040607452392578125,0.25930705666542053,0.02558269537985325,0.28488975763320923,-0.03911711275577545,-0.019783545285463333,0.15713922679424286,-0.012463632971048355,0.1446755975484848,-0.10773612558841705,-0.10571485757827759,0.1327296793460846,-0.06660035997629166,0.06612931936979294
9.18,0.05,0.075,0.0,0.0466459716783065,0.10420713942310626,0.4468890482206958,0.10891304910182953,0.6633695736527443,0.39435870155692104,0.28,0.11435870155692102,0.781053364276886,0.12253182381391525,0.7956152558326721,-0.058330923318862915,-0.05458778887987137,-0.16245165467262268,-0.03439030796289444,-0.19684195518493652,-0.05654490739107132,-0.07085578888654709,-0.1728138029575348,-0.04463914781808853,-0.21745294332504272,0.03233962506055832,0.04663698747754097,-0.21471962332725525,0.029381301254034042,-0.1853383183479309,0.03295135125517845,-0.010395472869277,-0.2750914394855499,-0.006549147889018059,-0.28164058923721313,-0.020474029704928398,-0.04149876534938812,-0.3350888788700104,-0.026144221425056458,-0.361233115196228,-0.002394222654402256,-0.01002662442624569,-0.37598830461502075,-0.006316773127764463,-0.3823050856590271,-0.0877729132771492,-0.06265789270401001,-0.030306827276945114,-0.039474472403526306,-0.06978130340576172,-0.10179359465837479,-0.10327662527561188,0.22597363591194153,-0.06506427377462387,0.16090935468673706,0.055749621242284775,0.04515010118484497,0.2756534814834595,0.02844456396996975,0.3040980398654938,-0.020374910905957222,-0.019960954785346985,0.17769992351531982,-0.012575400993227959,0.16512452065944672,-0.06412169337272644,-0.09323690831661224,0.13716024160385132,-0.058739252388477325,0.07842098921537399
9.200000000000001,0.05,0.075,0.0,0.053362804010274156,0.10461093341348347,0.4634610972590585,0.08864220976829529,0.6329633146524429,0.37307432025671006,0.28,0.09307432025671003,0.7737987041473389,0.11945144087076187,0.7926939129829407,-0.13049477338790894,-0.0773598849773407,-0.16525423526763916,-0.048736728727817535,-0.2139909565448761,-0.06220691651105881,-0.06826113164424896,-0.1671445071697235,-0.043004512786865234,-0.21014901995658875,0.02836657129228115,0.0411558635532856,-0.20234769582748413,0.0259281937032938,-0.17641949653625488,-0.0589037761092186,-0.024947965517640114,-0.2598778307437897,-0.015717217698693275,-0.2755950391292572,-0.011578152887523174,-0.03252258151769638,-0.32178130745887756,-0.020489227026700974,-0.34227052330970764,0.023487329483032227,2.756202593445778e-05,-0.3687397241592407,1.7364076484227553e-05,-0.3687223494052887,-0.04446566849946976,-0.05720022693276405,-0.05136774107813835,-0.03603614121675491,-0.08740387856960297,-0.06308843195438385,-0.09122017025947571,0.21980364620685577,-0.057468708604574203,0.16233493387699127,0.043597087264060974,0.04468419402837753,0.29047948122024536,0.028151042759418488,0.31863051652908325,-0.014537476003170013,-0.018333911895751953,0.19885189831256866,-0.011550364084541798,0.18730153143405914,-0.08070843666791916,-0.08947836607694626,0.14370878040790558,-0.05637136846780777,0.08733741194009781
9.22,0.05,0.075,0.0,0.05676296018282973,0.10289992708356842,0.4617425477045829,0.0848652571439743,0.6272978857159615,0.36910852000117306,0.28,0.08910852000117303,0.7682889103889465,0.10967075824737549,0.7896572947502136,-0.07100836932659149,-0.07545442879199982,-0.17006050050258636,-0.04753629118204117,-0.21759679913520813,-0.04592355340719223,-0.061559855937957764,-0.16344404220581055,-0.03878270834684372,-0.20222675800323486,0.016046930104494095,0.03362318128347397,-0.1912953108549118,0.021182604134082794,-0.1701126992702484,-0.01682383194565773,-0.022510726004838943,-0.2449226826429367,-0.014181757345795631,-0.2591044306755066,-0.02136227861046791,-0.02917448990046978,-0.307590514421463,-0.018379928544163704,-0.32597044110298157,0.00820890162140131,0.002481964183971286,-0.35974183678627014,0.0015636374009773135,-0.35817819833755493,-0.04707568511366844,-0.05416286364197731,-0.07284370809793472,-0.03412260487675667,-0.10696631669998169,-0.05605041980743408,-0.08066924661397934,0.21156875789165497,-0.05082162469625473,0.16074714064598083,0.04770456999540329,0.04559030383825302,0.3036339581012726,0.028721891343593597,0.3323558568954468,0.022039711475372314,-0.006221823859959841,0.22037963569164276,-0.003919749055057764,0.21645988523960114,-0.06544668972492218,-0.0822688639163971,0.15230855345726013,-0.05182938277721405,0.10047917068004608
9.24,0.05,0.075,0.0,0.055816214183064476,0.1002541975307934,0.44792164758142555,0.08188489079475403,0.622827336192131,0.3659791353344918,0.28,0.08597913533449175,0.7648787498474121,0.10867004841566086,0.7937344312667847,-0.09708139300346375,-0.08194252103567123,-0.1767817884683609,-0.051623787730932236,-0.22840557992458344,-0.0748574286699295,-0.06554912775754929,-0.16178062558174133,-0.04129594936966896,-0.20307657122612,0.012919370085000992,0.027412036433815956,-0.1817663013935089,0.01726958341896534,-0.16449671983718872,-0.0765821561217308,-0.03873215615749359,-0.23050183057785034,-0.024401258677244186,-0.25490307807922363,-0.021255332976579666,-0.02679874189198017,-0.2927781641483307,-0.016883207485079765,-0.3096613585948944,0.022870492190122604,0.00859852321445942,-0.3491605222225189,0.005417069420218468,-0.3437434434890747,-0.02859986573457718,-0.04649396240711212,-0.09451588988304138,-0.029291195794939995,-0.12380708754062653,-0.03881322219967842,-0.06811244040727615,0.20135293900966644,-0.04291083663702011,0.15844210982322693,0.047953538596630096,0.046299275010824203,0.3149828016757965,0.029168542474508286,0.3441513478755951,0.02221537008881569,0.0023093349300324917,0.2420637309551239,0.0014548810431733727,0.24351860582828522,-0.08187256008386612,-0.08214997500181198,0.16287192702293396,-0.051754482090473175,0.11111744493246078
9.26,0.05,0.075,0.0,0.05793195123149588,0.09792986012495491,0.4380449183888784,0.0663280189037323,0.5994920283555984,0.3496444198489189,0.28,0.06964441984891889,0.7638781666755676,0.10096169263124466,0.7933498024940491,-0.06133183836936951,-0.07575931400060654,-0.18529413640499115,-0.047728367149829865,-0.2330225110054016,-0.047096431255340576,-0.06001332029700279,-0.1621849536895752,-0.03780839219689369,-0.1999933421611786,0.006926685571670532,0.021266430616378784,-0.17393642663955688,0.013397851027548313,-0.16053856909275055,-0.03876958787441254,-0.038743384182453156,-0.21688124537467957,-0.024408331140875816,-0.24128957092761993,-0.01805865578353405,-0.024176714941859245,-0.277617484331131,-0.015231329947710037,-0.2928488254547119,0.021017886698246002,0.012324332259595394,-0.33719098567962646,0.007764329202473164,-0.329426646232605,-0.032753292471170425,-0.042371757328510284,-0.11616343259811401,-0.02669420652091503,-0.1428576409816742,-0.04409370571374893,-0.06090681999921799,0.18926025927066803,-0.03837129473686218,0.15088896453380585,0.0543610081076622,0.04871779680252075,0.32441043853759766,0.030692212283611298,0.35510265827178955,0.01218554750084877,0.005272198934108019,0.2636832296848297,0.003321485361084342,0.26700472831726074,-0.06097334623336792,-0.07579698413610458,0.1752912700176239,-0.047752100974321365,0.12753917276859283
9.28,0.05,0.075,0.0,0.05900864298897683,0.09537544210436398,0.4222100898899133,0.05406362563371658,0.5810954384505749,0.33676680691540245,0.28,0.056766806915402424,0.7655310034751892,0.10464738309383392,0.7977930903434753,-0.08130692690610886,-0.07742360234260559,-0.19544054567813873,-0.04877686873078346,-0.2442174106836319,-0.0783628597855568,-0.06551818549633026,-0.16464956104755402,-0.04127645492553711,-0.20592601597309113,-0.00034457258880138397,0.014783129096031189,-0.1679501086473465,0.009313371032476425,-0.15863673388957977,-0.05666281282901764,-0.0441192127764225,-0.20431214570999146,-0.027795104309916496,-0.2321072518825531,-0.004402812570333481,-0.018244544044137,-0.26238808035850525,-0.011494062840938568,-0.2738821506500244,0.03869762271642685,0.020236320793628693,-0.3240540027618408,0.012748882174491882,-0.31130510568618774,-0.05117926746606827,-0.04501401260495186,-0.1375657320022583,-0.028358828276395798,-0.1659245640039444,-0.04636465013027191,-0.056544169783592224,0.17541395127773285,-0.03562282770872116,0.13979113101959229,0.0634012520313263,0.053122833371162415,0.3318207561969757,0.03346738591790199,0.3652881383895874,0.008821964263916016,0.006337128579616547,0.28501781821250916,0.0039923908188939095,0.2890101969242096,-0.08795391768217087,-0.07944406569004059,0.18943999707698822,-0.050049759447574615,0.139390230178833
9.3,0.05,0.075,0.0,0.06239116500658185,0.09199347839161846,0.4063880640643392,0.0740140825510025,0.6110211238265038,0.35771478667855267,0.28,0.07771478667855264,0.7699969410896301,0.09691905975341797,0.8060890436172485,-0.04302607476711273,-0.06710434705018997,-0.2070339024066925,-0.04227573797106743,-0.24930964410305023,-0.051419734954833984,-0.06128865107893944,-0.16912899911403656,-0.03861185163259506,-0.20774084329605103,-0.022292470559477806,0.003660449292510748,-0.16391772031784058,0.002306082984432578,-0.1616116315126419,-0.06385099142789841,-0.05003874748945236,-0.1930263489484787,-0.0315244123339653,-0.2245507538318634,-0.051028020679950714,-0.02807958796620369,-0.2473708540201187,-0.01769014075398445,-0.26506099104881287,0.03065704181790352,0.0233625378459692,-0.3099918067455292,0.014718398451805115,-0.29527342319488525,0.025414878502488136,-0.023885345086455345,-0.1585046797990799,-0.015047767199575901,-0.17355245351791382,-0.011861705221235752,-0.04313943162560463,0.15995512902736664,-0.02717784233391285,0.13277728855609894,0.053913772106170654,0.05336011201143265,0.33713826537132263,0.033616870641708374,0.370755136013031,0.04633988067507744,0.018337953835725784,0.305850088596344,0.011552911251783371,0.31740298867225647,-0.0715511217713356,-0.07707618176937103,0.20517393946647644,-0.04855799302458763,0.1566159427165985
9.32,0.05,0.075,0.0,0.060769052171222714,0.0894714800525212,0.3869215133023163,0.023666271939873695,0.5354994079098105,0.3048495855368674,0.28,0.02484958553686739,0.7773383259773254,0.09564262628555298,0.8125712871551514,-0.06270352005958557,-0.06578409671783447,-0.21986034512519836,-0.04144398123025894,-0.2613043189048767,-0.06653377413749695,-0.06286218762397766,-0.17554065585136414,-0.03960317745804787,-0.2151438295841217,-0.027072547003626823,-0.005559450015425682,-0.16191366314888,-0.0035024534445255995,-0.16541612148284912,-0.018338188529014587,-0.04052858054637909,-0.18323199450969696,-0.025533005595207214,-0.20876500010490417,-0.023329103365540504,-0.02665444277226925,-0.23284277319908142,-0.0167922992259264,-0.24963507056236267,0.034976471215486526,0.026846718043088913,-0.29526379704475403,0.016913432627916336,-0.2783503532409668,-0.04740540683269501,-0.03094136342406273,-0.17876692116260529,-0.01949305832386017,-0.19825997948646545,-0.03932768478989601,-0.04199590906500816,0.14304132759571075,-0.026457423344254494,0.11658390611410141,0.062133315950632095,0.05599207431077957,0.3403087258338928,0.03527500480413437,0.3755837380886078,-0.008962919935584068,0.010147690773010254,0.3259677290916443,0.00639304518699646,0.33236077427864075,-0.07191392034292221,-0.07552750408649445,0.22233277559280396,-0.04758232831954956,0.1747504472732544
9.34,0.05,0.075,0.0,0.060602552365579855,0.08623446023407455,0.36366663919027103,0.03750111162662506,0.5562516674399376,0.31937616720795636,0.28,0.039376167207956336,0.7875141501426697,0.09867729246616364,0.8264868259429932,-0.07097946852445602,-0.06734271347522736,-0.23368333280086517,-0.04242590814828873,-0.2761092483997345,-0.06347645074129105,-0.06304647028446198,-0.18376626074314117,-0.03971927613019943,-0.22348552942276,-0.010401889681816101,-0.007012181915342808,-0.16197489202022552,-0.004417674615979195,-0.16639256477355957,-0.09515704214572906,-0.05691711977124214,-0.17510974407196045,-0.03585778549313545,-0.2109675258398056,-0.049150221049785614,-0.0334031768143177,-0.21907177567481995,-0.02104400098323822,-0.24011577665805817,0.05154409632086754,0.03425592929124832,-0.2801416218280792,0.02158123441040516,-0.2585603892803192,-0.009353459812700748,-0.024464990943670273,-0.19814597070217133,-0.015412944369018078,-0.21355891227722168,-0.02161853201687336,-0.03588269650936127,0.12484489381313324,-0.022606099024415016,0.10223879665136337,0.05270843952894211,0.055006980895996094,0.3412998914718628,0.0346543975174427,0.3759543001651764,0.02009560540318489,0.013132065534591675,0.3451657295227051,0.008273201063275337,0.35343894362449646,-0.06783108413219452,-0.07321857661008835,0.24074162542819977,-0.04612770304083824,0.19461391866207123
9.36,0.05,0.075,0.0,0.05958572001441071,0.08174651377928834,0.3330748870589034,0.014361903071403503,0.5215428546071053,0.2950799982249737,0.28,0.01507999822497369,0.8003823161125183,0.09397829324007034,0.8412859439849854,-0.06161126494407654,-0.06562327593564987,-0.2482479065656662,-0.04134266451001167,-0.2895905673503876,-0.04496336728334427,-0.057621538639068604,-0.1936541050672531,-0.036301568150520325,-0.22995567321777344,-0.03366635739803314,-0.015008434653282166,-0.1641002893447876,-0.00945531390607357,-0.17355559766292572,-0.040274959057569504,-0.05192447081208229,-0.16880939900875092,-0.0327124148607254,-0.20152181386947632,-0.049260132014751434,-0.03816026449203491,-0.20631186664104462,-0.024040967226028442,-0.23035283386707306,0.03398324176669121,0.0341741219162941,-0.2649041712284088,0.021529696881771088,-0.24337446689605713,-0.02801676094532013,-0.02553052082657814,-0.21644432842731476,-0.016084227710962296,-0.23252855241298676,-0.011114180088043213,-0.02845214121043682,0.10555126518011093,-0.017924848943948746,0.08762641251087189,0.05803239345550537,0.055914606899023056,0.3401016294956207,0.03522620350122452,0.37532782554626465,0.009740730747580528,0.012114664539694786,0.3632484972476959,0.007632238790392876,0.37088072299957275,-0.04889330267906189,-0.06592099368572235,0.26021289825439453,-0.04153022542595863,0.2186826765537262
9.38,0.05,0.075,0.0,0.05890450516764879,0.07590040757618856,0.29251161894143984,0.019765758886933327,0.5296486383304,0.30075404683128004,0.28,0.020754046831280015,0.8157080411911011,0.09695862233638763,0.859032392501831,-0.04287542402744293,-0.05879892036318779,-0.26328545808792114,-0.03704331815242767,-0.30032879114151,-0.04732847213745117,-0.054533619433641434,-0.20502182841300964,-0.03435618057847023,-0.23937800526618958,-0.018988383933901787,-0.016202419996261597,-0.16825063526630402,-0.010207524523139,-0.17845815420150757,-0.11798060685396194,-0.07174131274223328,-0.16444715857505798,-0.0451970249414444,-0.20964418351650238,-0.06105917692184448,-0.04502993822097778,-0.19479838013648987,-0.028368860483169556,-0.22316724061965942,0.05469392612576485,0.04033006355166435,-0.24983248114585876,0.02540794014930725,-0.2244245409965515,0.03323134034872055,-0.007901962846517563,-0.23347553610801697,-0.0049782367423176765,-0.23845377564430237,0.008034765720367432,-0.017506068572402,0.08535704761743546,-0.01102882344275713,0.0743282213807106,0.05646262690424919,0.056079015135765076,0.3367261588573456,0.035329777747392654,0.37205594778060913,0.05073528364300728,0.02370085008442402,0.3800317347049713,0.014931535348296165,0.39496326446533203,-0.060031190514564514,-0.06415405124425888,0.28054818511009216,-0.04041705280542374,0.24013113975524902
9.4,0.05,0.075,0.0,0.05693362104813851,0.07372048712546356,0.27565354100279177,-0.012158975936472416,0.4817615360952914,0.267233075266704,0.28,0.012766924733296048,0.8331790566444397,0.0961613729596138,0.8751002550125122,-0.029075009748339653,-0.049881745129823685,-0.27851858735084534,-0.03142549842596054,-0.3099440932273865,-0.0548228845000267,-0.054620400071144104,-0.21765977144241333,-0.03441085293889046,-0.2520706355571747,-0.042131878435611725,-0.023981258273124695,-0.17434939742088318,-0.015108192339539528,-0.18945759534835815,-0.07131986320018768,-0.07161487638950348,-0.16210348904132843,-0.045117370784282684,-0.20722085237503052,-0.04916758090257645,-0.04627123102545738,-0.18474365770816803,-0.02915087528526783,-0.2138945311307907,0.05135427042841911,0.04363732412457466,-0.2352045178413391,0.027491513639688492,-0.20771300792694092,0.0010180240496993065,-0.005225966684520245,-0.24906602501869202,-0.003292358946055174,-0.2523583769798279,0.00860174186527729,-0.009673724882304668,0.06446804106235504,-0.0060944464057683945,0.0583735927939415,0.06838773936033249,0.05977163463830948,0.33120784163475037,0.03765612840652466,0.368863970041275,0.013337664306163788,0.020591894164681435,0.3953443765640259,0.012972893193364143,0.4083172678947449,-0.0600665807723999,-0.06292781233787537,0.30154022574424744,-0.0396445207297802,0.26189571619033813
9.42,0.05,0.075,0.0,0.054161291280629804,0.06925433070739813,0.240067699576359,-0.018505189567804337,0.4722422156482935,0.26056955095380546,0.28,0.019430449046194564,0.8524237275123596,0.10149616003036499,0.8925243616104126,-0.04449044167995453,-0.04826435446739197,-0.29366642236709595,-0.030406543985009193,-0.3240729570388794,-0.052445970475673676,-0.053968071937561035,-0.23133482038974762,-0.033999886363744736,-0.26533469557762146,-0.03415113687515259,-0.027032222598791122,-0.18228407204151154,-0.017030300572514534,-0.19931437075138092,-0.10783527046442032,-0.08248099684715271,-0.16182158887386322,-0.05196302756667137,-0.2137846201658249,-0.054605163633823395,-0.048771411180496216,-0.17633315920829773,-0.030725989490747452,-0.20705914497375488,0.06271668523550034,0.049361132085323334,-0.22129011154174805,0.03109751269221306,-0.1901925951242447,0.023644573986530304,0.003435195656493306,-0.2630569338798523,0.002164173172786832,-0.26089274883270264,0.0018573477864265442,-0.006214403081685305,0.04309710115194321,-0.003915073815733194,0.03918202593922615,0.06286134570837021,0.06069854646921158,0.32360297441482544,0.03824008256196976,0.3618430495262146,0.012667125090956688,0.01821446232497692,0.4090304374694824,0.011475111357867718,0.420505553483963,-0.07168108224868774,-0.06555379182100296,0.32297515869140625,-0.04129888862371445,0.2816762626171112
9.44,0.05,0.075,0.0,0.05270701691783602,0.06571424525865008,0.21100762532659637,-0.03915346413850784,0.44126980379223824,0.2388888626545668,0.28,0.04111113734543323,0.8730297088623047,0.0993216261267662,0.9131025075912476,-0.037737056612968445,-0.04510616511106491,-0.30844953656196594,-0.028416883200407028,-0.3368664085865021,-0.039952896535396576,-0.0497635193169117,-0.24579478800296783,-0.03135101869702339,-0.2771458029747009,-0.039607226848602295,-0.030804723501205444,-0.1919083446264267,-0.01940697617828846,-0.21131531894207,-0.06300579011440277,-0.07663843780755997,-0.1636066734790802,-0.04828221723437309,-0.2118888944387436,-0.06900209188461304,-0.05484061688184738,-0.16972199082374573,-0.034549590200185776,-0.2042715847492218,0.05377819016575813,0.050686247646808624,-0.20834586024284363,0.03193233534693718,-0.17641352117061615,-0.005331718362867832,0.0008051213808357716,-0.27530568838119507,0.0005072264466434717,-0.2747984528541565,0.013956965878605843,-0.00016299216076731682,0.02146201767027378,-0.00010268505866406485,0.021359331905841827,0.06709903478622437,0.062618687748909,0.3139890432357788,0.039449773728847504,0.3534388244152069,0.014815598726272583,0.017194803804159164,0.42095041275024414,0.010832726024091244,0.43178313970565796,-0.050543949007987976,-0.061050839722156525,0.3446345031261444,-0.03846202790737152,0.3061724901199341
9.46,0.05,0.075,0.0,0.050170339041859545,0.05921490756328083,0.15864050725932488,-0.029973503202199936,0.4550397451967001,0.2485278216376901,0.28,0.03147217836230992,0.8945624828338623,0.10680790990591049,0.9326344728469849,-0.006414583418518305,-0.03349868953227997,-0.3225952684879303,-0.021104173734784126,-0.34369945526123047,-0.03966943174600601,-0.04673529416322708,-0.2607729732990265,-0.02944323420524597,-0.29021620750427246,-0.014707772061228752,-0.025975637137889862,-0.20304468274116516,-0.016364650800824165,-0.21940933167934418,-0.14725878834724426,-0.09782454371452332,-0.16742582619190216,-0.061629462987184525,-0.2290552854537964,-0.07241512835025787,-0.06011296808719635,-0.16503210365772247,-0.03787117078900337,-0.20290327072143555,0.07416604459285736,0.057730186730623245,-0.19661051034927368,0.036370016634464264,-0.16024050116539001,0.06059303134679794,0.018741494044661522,-0.28568747639656067,0.01180714089423418,-0.27388033270835876,0.02927923947572708,0.008669678121805191,-0.0002167413040297106,0.005461897235363722,0.005245156120508909,0.06706363707780838,0.06395217031240463,0.30246397852897644,0.04028986766934395,0.3427538573741913,0.0351722277700901,0.022588031366467476,0.4309828579425812,0.014230459928512573,0.44521331787109375,-0.04666903614997864,-0.0567362979054451,0.36629754304885864,-0.03574386611580849,0.33055368065834045
9.48,0.05,0.075,0.0,0.04727756529524574,0.057508310375366106,0.14170113061112044,-0.0653795450925827,0.40193068236112595,0.2113514776527882,0.28,0.06864852234721183,0.9165816903114319,0.10334306210279465,0.9508617520332336,-0.017008675262331963,-0.028551684692502022,-0.33584269881248474,-0.017987560480833054,-0.3538302481174469,-0.03940597176551819,-0.04453649744391441,-0.27599310874938965,-0.028057992458343506,-0.30405110120773315,-0.05862489342689514,-0.035770416259765625,-0.21548770368099213,-0.022535361349582672,-0.2380230724811554,-0.06331543624401093,-0.08747180551290512,-0.17320860922336578,-0.0551072359085083,-0.22831584513187408,-0.06394446641206741,-0.06126241758465767,-0.16234998404979706,-0.03859532251954079,-0.20094530284404755,0.05181195214390755,0.055954717099666595,-0.18630051612854004,0.035251472145318985,-0.15104904770851135,0.02790152281522751,0.021489502862095833,-0.2940964996814728,0.013538386672735214,-0.28055810928344727,0.024587087333202362,0.013444900512695312,-0.021718256175518036,0.008470287546515465,-0.013247968629002571,0.07835108786821365,0.06827184557914734,0.28914523124694824,0.04301126301288605,0.3321564793586731,-0.01043099258095026,0.012682324275374413,0.43902552127838135,0.007989863865077496,0.4470153748989105,-0.044941358268260956,-0.053197816014289856,0.3877435624599457,-0.03351462259888649,0.3542289435863495
9.5,0.05,0.075,0.0,0.043883525406799795,0.05419141906020936,0.1081813835105961,-0.08185918629169464,0.37721122056245804,0.19404785439372066,0.28,0.08595214560627937,0.938654363155365,0.10415789484977722,0.9684102535247803,0.0059845903888344765,-0.01819080114364624,-0.3479475677013397,-0.011460204608738422,-0.35940778255462646,-0.031195908784866333,-0.04053432121872902,-0.2911744713783264,-0.02553662285208702,-0.31671109795570374,-0.039937376976013184,-0.03702050447463989,-0.22900789976119995,-0.02332291752099991,-0.25233080983161926,-0.07863948494195938,-0.08482211083173752,-0.18084834516048431,-0.05343792960047722,-0.23428627848625183,-0.08261500298976898,-0.06766819208860397,-0.16172510385513306,-0.042630959302186966,-0.20435605943202972,0.0733257457613945,0.06116602569818497,-0.1776060163974762,0.03853459656238556,-0.13907141983509064,0.051360685378313065,0.030450858175754547,-0.300447016954422,0.019184039905667305,-0.28126296401023865,0.02725135162472725,0.017586834728717804,-0.042823418974876404,0.011079706251621246,-0.03174371272325516,0.06805435568094254,0.06820660084486008,0.27416855096817017,0.04297015815973282,0.3171387016773224,0.013187691569328308,0.012833934277296066,0.4449964165687561,0.00808537844568491,0.45308178663253784,-0.03988712280988693,-0.04920461028814316,0.4087539613246918,-0.03099890425801277,0.3777550458908081
9.52,0.05,0.075,0.0,0.036030824423754264,0.04774710167627776,0.04463275595276409,-0.07331278175115585,0.3900308273732662,0.20302157916128638,0.28,0.07697842083871365,0.9603659510612488,0.10271167010068893,0.9858013987541199,0.007656228728592396,-0.010436692275106907,-0.35868653655052185,-0.006575115956366062,-0.36526164412498474,-0.033259131014347076,-0.03835176303982735,-0.3060370981693268,-0.02416161075234413,-0.3301987051963806,-0.056336745619773865,-0.042815376073122025,-0.24335592985153198,-0.02697368711233139,-0.27032962441444397,-0.06497200578451157,-0.07886707782745361,-0.19020414352416992,-0.0496862567961216,-0.23989039659500122,-0.07554507255554199,-0.07003125548362732,-0.1631689816713333,-0.044119689613580704,-0.20728866755962372,0.04275362566113472,0.05564230680465698,-0.17068739235401154,0.03505465388298035,-0.1356327384710312,0.05451340973377228,0.037669625133275986,-0.3046743869781494,0.023731863126158714,-0.28094252943992615,0.028714846819639206,0.020925238728523254,-0.06331715732812881,0.013182899914681911,-0.05013425648212433,0.08152249455451965,0.07220137119293213,0.2576865553855896,0.04548686370253563,0.3031734228134155,-0.023608235642313957,0.001901282463222742,0.44883474707603455,0.0011978079564869404,0.4500325620174408,-0.029461363330483437,-0.043281637132167816,0.4291146695613861,-0.02726743184030056,0.401847243309021
9.540000000000001,0.05,0.075,0.0,0.0241657008961535,0.03910224750983934,-0.027352552904760685,-0.10177838057279587,0.3473324291408062,0.17313270039856438,0.28,0.10686729960143565,0.9813278913497925,0.10314682126045227,1.0047842264175415,0.009814469143748283,-0.004361343570053577,-0.3678615987300873,-0.0027476465329527855,-0.37060925364494324,-0.0197988860309124,-0.03278589993715286,-0.32030683755874634,-0.020655116066336632,-0.3409619629383087,-0.027669159695506096,-0.03827151283621788,-0.2582671344280243,-0.024111052975058556,-0.2823781967163086,-0.0797068402171135,-0.079119011759758,-0.20110344886779785,-0.049844976514577866,-0.250948429107666,-0.08986513316631317,-0.07598141580820084,-0.16665500402450562,-0.04786829277873039,-0.2145233005285263,0.07607048749923706,0.061770759522914886,-0.16567222774028778,0.03891557827591896,-0.12675665318965912,0.040196191519498825,0.03842759504914284,-0.30673548579216003,0.024209383875131607,-0.2825261056423187,0.03125393018126488,0.02402384579181671,-0.0829906240105629,0.015135022811591625,-0.067855603992939,0.06814877688884735,0.0709855929017067,0.2398672103881836,0.04472092166543007,0.28458812832832336,0.003895774483680725,0.002499630209058523,0.45050138235092163,0.001574767054989934,0.45207613706588745,-0.019176997244358063,-0.03605024516582489,0.44861820340156555,-0.022711655125021935,0.42590653896331787
9.56,0.05,0.075,0.0,0.013559781530651302,0.03238464983491258,-0.08580165679052243,-0.09044421464204788,0.3643336780369282,0.18503357462584974,0.28,0.09496642537415029,1.0011837482452393,0.1073010191321373,1.0220706462860107,0.014470553025603294,0.0012882256414741278,-0.3753035068511963,0.0008115821401588619,-0.37449193000793457,-0.02934505045413971,-0.03175364434719086,-0.33372050523757935,-0.020004795864224434,-0.3537253141403198,-0.029139263555407524,-0.03553183749318123,-0.2734665274620056,-0.02238505706191063,-0.29585158824920654,-0.11557412147521973,-0.09005554020404816,-0.2133452445268631,-0.05673499032855034,-0.27008023858070374,-0.07065196335315704,-0.07438258081674576,-0.17211885750293732,-0.04686102643609047,-0.2189798802137375,0.05756160244345665,0.060508012771606445,-0.16265302896499634,0.03812004625797272,-0.12453298270702362,0.06332232058048248,0.0458960123360157,-0.3066093325614929,0.02891448698937893,-0.27769485116004944,0.02348768711090088,0.02386299893260002,-0.10164334625005722,0.015033689327538013,-0.08660965412855148,0.08727296441793442,0.07587180286645889,0.22089208662509918,0.047799237072467804,0.2686913311481476,-0.032265812158584595,-0.007930003106594086,0.44997933506965637,-0.004995902068912983,0.44498342275619507,-0.017908578738570213,-0.030607745051383972,0.4670657813549042,-0.019282879307866096,0.4477829039096832
9.58,0.05,0.075,0.0,0.0036658191737661172,0.02586966144065904,-0.14118206802110134,-0.1213729977607727,0.31794050335884094,0.1525583523511887,0.28,0.12744164764881133,1.0196125507354736,0.1012158915400505,1.0377172231674194,0.02416706457734108,0.008151877671480179,-0.38087502121925354,0.005135682877153158,-0.37573933601379395,-0.007388836704194546,-0.024444200098514557,-0.34603071212768555,-0.015399846248328686,-0.3614305555820465,-0.02793748490512371,-0.03325353190302849,-0.2886737585067749,-0.020949725061655045,-0.30962347984313965,-0.057483889162540436,-0.08028404414653778,-0.2267037332057953,-0.050578948110342026,-0.2772826850414276,-0.08076830208301544,-0.0762982964515686,-0.17945978045463562,-0.04806792736053467,-0.2275277078151703,0.05505683645606041,0.058872662484645844,-0.16168548166751862,0.03708977624773979,-0.12459570169448853,0.03639707341790199,0.04304633289575577,-0.30429720878601074,0.027119189500808716,-0.277178019285202,0.04549979418516159,0.030354037880897522,-0.11908523738384247,0.01912304386496544,-0.09996218979358673,0.05853629857301712,0.07067114859819412,0.20095454156398773,0.04452282190322876,0.2454773634672165,0.00028158724308013916,-0.005466525908559561,0.44727393984794617,-0.0034439112059772015,0.44383004307746887,-0.0038825785741209984,-0.022590193897485733,0.4842694401741028,-0.014231822453439236,0.4700376093387604
9.6,0.05,0.075,0.0,-0.006059942339301304,0.020364613868371014,-0.18396328887779578,-0.134893998503685,0.2976590022444725,0.1383613015711308,0.28,0.14163869842886923,1.036331295967102,0.10384520888328552,1.0526771545410156,0.022298073396086693,0.012395736761391163,-0.38447335362434387,0.0078093139454722404,-0.37666404247283936,-0.022842613980174065,-0.023963725194334984,-0.3570104241371155,-0.015097146853804588,-0.3721075654029846,-0.01418544165790081,-0.02753310650587082,-0.30360835790634155,-0.017345856875181198,-0.32095420360565186,-0.11105354875326157,-0.08951489627361298,-0.24093253910541534,-0.05639438331127167,-0.297326922416687,-0.05707184970378876,-0.07053036242723465,-0.18854238092899323,-0.04443412646651268,-0.2329765111207962,0.06256555020809174,0.05998053029179573,-0.16278743743896484,0.03778773546218872,-0.12499970197677612,0.06333784759044647,0.0491337887942791,-0.2998226583003998,0.030954286456108093,-0.2688683867454529,0.03991033881902695,0.03322092816233635,-0.13513855636119843,0.020929183810949326,-0.1142093688249588,0.0746796578168869,0.07187370210886002,0.18025776743888855,0.04528043046593666,0.2255381941795349,-0.007796378806233406,-0.0061654821038246155,0.44241270422935486,-0.003884253790602088,0.438528448343277,-0.012048635631799698,-0.019427726045250893,0.500053882598877,-0.012239467352628708,0.48781442642211914
9.620000000000001,0.05,0.075,0.0,-0.017068176377413695,0.01580794898752055,-0.22587785241524352,-0.1464339941740036,0.2803490087389946,0.12624430611729626,0.28,0.15375569388270377,1.0510956048965454,0.09843424707651138,1.062696099281311,0.033415861427783966,0.01870177499949932,-0.3860321640968323,0.011782118119299412,-0.37425005435943604,0.004642064683139324,-0.015381988137960434,-0.36645710468292236,-0.00969065260142088,-0.3761477470397949,-0.023805661126971245,-0.02641487307846546,-0.3179948627948761,-0.016641369089484215,-0.33463624119758606,-0.04713822156190872,-0.07680189609527588,-0.2557692527770996,-0.048385195434093475,-0.3041544556617737,-0.07990012317895889,-0.07334129512310028,-0.1991991251707077,-0.04620501399040222,-0.24540413916110992,0.04580942168831825,0.05572919920086861,-0.16593855619430542,0.035109397023916245,-0.13082915544509888,0.058022916316986084,0.051800526678562164,-0.2932312786579132,0.03263433277606964,-0.2605969309806824,0.04865127056837082,0.0378500297665596,-0.14963971078395844,0.02384551800787449,-0.1257941871881485,0.053384531289339066,0.06632695347070694,0.15901267528533936,0.04178598150610924,0.2007986605167389,-0.028366979211568832,-0.012825931422412395,0.43544524908065796,-0.008080337196588516,0.42736491560935974,0.018367920070886612,-0.008089032024145126,0.5142582058906555,-0.005096090026199818,0.5091621279716492
9.64,0.05,0.075,0.0,-0.02549118676604992,0.01342484396020676,-0.2489044385736531,-0.1569216102361679,0.26461758464574814,0.11523230925202374,0.28,0.1647676907479763,1.0637000799179077,0.09265808016061783,1.0711709260940552,0.03692317008972168,0.024168193340301514,-0.38552266359329224,0.015225961804389954,-0.3702967166900635,0.012295946478843689,-0.007078607566654682,-0.37419652938842773,-0.0044595226645469666,-0.3786560595035553,-0.023243529722094536,-0.025463471189141273,-0.3315679728984833,-0.016041986644268036,-0.3476099669933319,-0.024577224627137184,-0.061134494841098785,-0.2709401845932007,-0.03851473331451416,-0.30945491790771484,-0.08480909466743469,-0.07678163796663284,-0.2112334817647934,-0.048372432589530945,-0.25960591435432434,0.01873115450143814,0.0446297861635685,-0.17108072340488434,0.02811676450073719,-0.1429639607667923,0.07334728538990021,0.05826455354690552,-0.2845902740955353,0.03670666739344597,-0.247883602976799,0.04535819962620735,0.040102481842041016,-0.1624409407377243,0.025264563038945198,-0.13717637956142426,0.044282522052526474,0.05971362441778183,0.13743574917316437,0.03761958330869675,0.17505532503128052,-0.011226078495383263,-0.012345975264906883,0.42644253373146057,-0.0077779642306268215,0.4186645746231079,0.013029316440224648,-0.0017535272054374218,0.5267376899719238,-0.0011047221487388015,0.5256329774856567
9.66,0.05,0.075,0.0,-0.02916844628732841,0.01331823297721905,-0.25397186259049054,-0.15679830312728882,0.2648025453090668,0.11536178171634678,0.28,0.16463821828365324,1.0739778280258179,0.08658241480588913,1.0862610340118408,0.015658359974622726,0.021615244448184967,-0.38295429944992065,0.013617604039609432,-0.36933669447898865,-0.021229220554232597,-0.011323791928589344,-0.3800859749317169,-0.007133988663554192,-0.38721996545791626,-0.01023452915251255,-0.020894788205623627,-0.34407728910446167,-0.013163716532289982,-0.3572410047054291,-0.0688239336013794,-0.06344132870435715,-0.2861655652523041,-0.039968036115169525,-0.3261336088180542,-0.051176100969314575,-0.06909997761249542,-0.22442349791526794,-0.04353298619389534,-0.2679564952850342,0.06255660206079483,0.05000783130526543,-0.17811910808086395,0.031504932790994644,-0.1466141790151596,-0.0033725881949067116,0.03977340832352638,-0.27398765087127686,0.025057246908545494,-0.2489304095506668,0.027694672346115112,0.036380138248205185,-0.1734117716550827,0.022919487208127975,-0.15049228072166443,0.05984025076031685,0.059751614928245544,0.1157468780875206,0.037643518298864365,0.15339039266109467,-0.0002055056393146515,-0.008703834377229214,0.4154963195323944,-0.0054834154434502125,0.4100129008293152,0.010576734319329262,0.001945551368407905,0.5373651385307312,0.0012256973423063755,0.5385908484458923
9.68,0.05,0.075,0.0,-0.034014251153625684,0.013357072911798148,-0.2576097375228847,-0.15719439089298248,0.2642084136605263,0.11494588956236843,0.28,0.1650541104376316,1.0817984342575073,0.08935896307229996,1.0916690826416016,0.032082490622997284,0.024755418300628662,-0.3783744275569916,0.015595913864672184,-0.36277851462364197,-0.008893603459000587,-0.01059473492205143,-0.38401681184768677,-0.006674682721495628,-0.39069148898124695,-0.006970537826418877,-0.016717512160539627,-0.3552921414375305,-0.010532032698392868,-0.3658241629600525,-0.07243221253156662,-0.06613859534263611,-0.30116456747055054,-0.04166731610894203,-0.34283187985420227,-0.06436048448085785,-0.06767813116312027,-0.2385258674621582,-0.04263722151517868,-0.2811630964279175,0.04788222908973694,0.04937014728784561,-0.18692389130592346,0.031103191897273064,-0.15582069754600525,0.06747100502252579,0.048082686960697174,-0.2615315020084381,0.030292091891169548,-0.2312394082546234,0.03394283354282379,0.03564894571900368,-0.18244042992591858,0.022458836436271667,-0.1599815934896469,0.07306095957756042,0.06374441832304001,0.0941670835018158,0.04015898331999779,0.13432607054710388,-0.008670371025800705,-0.008693795651197433,0.40271812677383423,-0.005477091297507286,0.3972410261631012,-0.005806620232760906,-0.00038010021671652794,0.5460323095321655,-0.0002394631301285699,0.545792818069458
9.700000000000001,0.05,0.075,0.0,-0.03959042244141157,0.015428598444159536,-0.25977777522412815,-0.1536245495080948,0.2695631757378578,0.11869422301650051,0.28,0.16130577698349952,1.087066888809204,0.087112195789814,1.0941025018692017,0.035285525023937225,0.02791445143520832,-0.37186747789382935,0.017586104571819305,-0.35428136587142944,0.0033572521060705185,-0.006409138906747103,-0.385916531085968,-0.004037757404148579,-0.3899542987346649,-0.005871288478374481,-0.013463644310832024,-0.36500564217567444,-0.008482095785439014,-0.3734877407550812,-0.05527752265334129,-0.06288027763366699,-0.3156605660915375,-0.03961457312107086,-0.35527515411376953,-0.07042217254638672,-0.06850134581327438,-0.25328052043914795,-0.04315584897994995,-0.2964363694190979,0.03642624616622925,0.04548697546124458,-0.19733268022537231,0.028656793758273125,-0.16867588460445404,0.042222775518894196,0.0463247112929821,-0.24734872579574585,0.02918456867337227,-0.21816416084766388,0.02918197214603424,0.033708855509757996,-0.18943488597869873,0.02123657800257206,-0.16819830238819122,0.06071240082383156,0.06283481419086456,0.07291626185178757,0.03958593308925629,0.11250219494104385,-0.02320396900177002,-0.01304684765636921,0.38823816180229187,-0.008219514042139053,0.3800186514854431,-0.0036118924617767334,-0.0013496378669515252,0.5526508688926697,-0.000850271841045469,0.5518006086349487
9.72,0.05,0.075,0.0,-0.04127368641473704,0.01585683735401235,-0.26100741859917836,-0.1527472734451294,0.2708790898323059,0.11961536288261418,0.28,0.16038463711738585,1.089721918106079,0.08314505219459534,1.095868468284607,0.04292770475149155,0.03241842985153198,-0.363553524017334,0.020423609763383865,-0.3431299030780792,0.002025935798883438,-0.003878616727888584,-0.3857501149177551,-0.002443528501316905,-0.38819363713264465,0.0064525846391916275,-0.0074887750670313835,-0.3730386793613434,-0.004717928357422352,-0.37775659561157227,-0.049421705305576324,-0.05884270370006561,-0.3293861746788025,-0.037070903927087784,-0.3664570748806,-0.07290766388177872,-0.0698232427239418,-0.26841533184051514,-0.04398864135146141,-0.31240397691726685,0.0345005989074707,0.04219106212258339,-0.20915350317955017,0.026580369099974632,-0.182573139667511,0.023531001061201096,0.0394865982234478,-0.2315838783979416,0.024876557290554047,-0.20670732855796814,0.029027894139289856,0.03230457007884979,-0.19432388246059418,0.02035187929868698,-0.1739720106124878,0.04912533238530159,0.05872196704149246,0.052210982888936996,0.03699483722448349,0.08920581638813019,-0.007085761055350304,-0.011258522048592567,0.3722040355205536,-0.007092868909239769,0.36511117219924927,0.002662189304828644,-0.0001460896455682814,0.5571532845497131,-9.203647641697899e-05,0.5570612549781799
9.74,0.05,0.075,0.0,-0.04338945167171704,0.017747503073337657,-0.2521343180229512,-0.16564679145812988,0.2515298128128052,0.10607086896896367,0.28,0.17392913103103635,1.0897328853607178,0.08383507281541824,1.0926766395568848,0.0428219735622406,0.03553949296474457,-0.3535858690738678,0.022389881312847137,-0.33119598031044006,-0.0018820008262991905,-0.003279631957411766,-0.38352060317993164,-0.002066168002784252,-0.38558676838874817,0.01716627925634384,-9.225821122527122e-05,-0.3792431056499481,-5.812267409055494e-05,-0.3793012201786041,-0.05980518087744713,-0.0591314435005188,-0.3420882821083069,-0.03725280985236168,-0.37934109568595886,-0.06434991210699081,-0.06818124651908875,-0.2836511433124542,-0.042954184114933014,-0.32660531997680664,0.033307995647192,0.03952614217996597,-0.22216834127902985,0.02490147016942501,-0.19726687669754028,0.058971941471099854,0.045332200825214386,-0.214397594332695,0.028559286147356033,-0.18583831191062927,0.024703320115804672,0.030024195089936256,-0.1970575749874115,0.018915243446826935,-0.17814233899116516,0.06264421343803406,0.05989863723516464,0.03226223960518837,0.03773614019155502,0.06999838352203369,-0.017716120928525925,-0.01319580152630806,0.35477912425994873,-0.008313355036079884,0.3464657664299011,-0.009236333891749382,-0.0028731629718095064,0.5594937801361084,-0.0018100927118211985,0.5576837062835693
9.76,0.05,0.075,0.0,-0.04422703572035683,0.02025390473203128,-0.23500019310569234,-0.14245003461837769,0.28632494807243347,0.13042746365070346,0.28,0.14957253634929657,1.0870983600616455,0.08155214041471481,1.0872725248336792,0.05826963484287262,0.04235853627324104,-0.3421483635902405,0.02668587677180767,-0.31546249985694885,0.006505749188363552,-0.0003440174041315913,-0.3792691230773926,-0.00021673095761798322,-0.3794858455657959,0.018395457416772842,0.0054540568962693214,-0.3835044503211975,0.0034360557328909636,-0.3800683915615082,-0.04667050018906593,-0.05539315938949585,-0.3535325825214386,-0.034897688776254654,-0.38843026757240295,-0.07235775887966156,-0.06943420320749283,-0.29870694875717163,-0.043743547052145004,-0.34245049953460693,0.02242879569530487,0.0343969389796257,-0.23613713681697845,0.02167007140815258,-0.21446706354618073,0.026603180915117264,0.03971349447965622,-0.1959650218486786,0.02501950040459633,-0.17094552516937256,0.021465223282575607,0.027456503361463547,-0.1976081281900406,0.017297597602009773,-0.18031053245067596,0.04839330539107323,0.05644703656435013,0.013273315504193306,0.03556163236498833,0.04883494973182678,-0.029529854655265808,-0.018096018582582474,0.3361409604549408,-0.011400491930544376,0.324740469455719,-0.0062998635694384575,-0.003901173360645771,0.5596484541893005,-0.0024577390868216753,0.5571907162666321
9.78,0.05,0.075,0.0,-0.045418416862047194,0.022727100867060243,-0.21863034967464756,-0.1586996465921402,0.2619505301117897,0.11336537107825284,0.28,0.16663462892174719,1.0818428993225098,0.0804314985871315,1.0792598724365234,0.045630887150764465,0.04334024339914322,-0.32945194840431213,0.027304353192448616,-0.30214759707450867,-0.011146778240799904,-0.0035848456900566816,-0.37307411432266235,-0.002258452819660306,-0.3753325641155243,0.029124682769179344,0.012555244378745556,-0.3857441246509552,0.00790980365127325,-0.3778343200683594,-0.060745157301425934,-0.056998759508132935,-0.363508015871048,-0.03590921685099602,-0.3994172215461731,-0.0506570041179657,-0.06380104273557663,-0.3133050501346588,-0.04019465669989586,-0.35349971055984497,0.031116511672735214,0.033412810415029526,-0.25080227851867676,0.021050069481134415,-0.22975221276283264,0.039016079157590866,0.0395042710006237,-0.17647399008274078,0.024887690320611,-0.15158629417419434,0.02065258100628853,0.02541532553732395,-0.19596993923187256,0.01601165533065796,-0.1799582839012146,0.055962394922971725,0.05630164593458176,-0.004562279675155878,0.035470034927129745,0.030907755717635155,-0.016389498487114906,-0.01758406311273575,0.31647950410842896,-0.011077960021793842,0.3054015338420868,-0.028767691925168037,-0.011361129581928253,0.5576157569885254,-0.007157511543482542,0.5504582524299622
9.8,0.05,0.075,0.0,-0.04607916345686674,0.025311024452442942,-0.20256463804552224,-0.13548851013183594,0.2967672348022461,0.1377370643615723,0.28,0.14226293563842773,1.074015736579895,0.07987165451049805,1.0707648992538452,0.047446705400943756,0.04457218199968338,-0.3157307803630829,0.028080474585294724,-0.28765031695365906,-0.010243158787488937,-0.005582339596003294,-0.365049809217453,-0.003516873810440302,-0.36856669187545776,0.03874519467353821,0.020412229001522064,-0.38592082262039185,0.012859703972935677,-0.3730611205101013,-0.07033777981996536,-0.06100046634674072,-0.3718305826187134,-0.038430292159318924,-0.4102608859539032,-0.05266599357128143,-0.06046052649617195,-0.3271762430667877,-0.03809013217687607,-0.3652663826942444,0.02955992892384529,0.032256945967674255,-0.26589325070381165,0.02032187581062317,-0.24557137489318848,0.018079396337270737,0.03307680785655975,-0.1561231166124344,0.020838389173150063,-0.13528472185134888,0.007060697302222252,0.019908936694264412,-0.19215966761112213,0.01254262961447239,-0.1796170324087143,0.05191819369792938,0.054986607283353806,-0.02106279321014881,0.0346415638923645,0.01357877068221569,-0.0344957560300827,-0.022657571360468864,0.2959951162338257,-0.01427427027374506,0.2817208468914032,-0.019965760409832,-0.013942519202828407,0.55341637134552,-0.008783787488937378,0.5446325540542603
9.82,0.05,0.075,0.0,-0.04675090466656686,0.028459665484613206,-0.18484056718982225,-0.13808634877204895,0.2928704768419266,0.13500933378934865,0.28,0.14499066621065138,1.063688039779663,0.07761935144662857,1.0612561702728271,0.03413131833076477,0.04143992066383362,-0.30123797059059143,0.026107149198651314,-0.2751308083534241,-0.012088621035218239,-0.007534224074333906,-0.3553442060947418,-0.00474656093865633,-0.3600907623767853,0.05044228583574295,0.02942124754190445,-0.3840312957763672,0.01853538490831852,-0.3654959201812744,-0.0652884691953659,-0.0622868649661541,-0.3783468008041382,-0.039240725338459015,-0.4175875186920166,-0.05100477486848831,-0.05762379989027977,-0.34006467461586,-0.036302994936704636,-0.3763676583766937,0.031865444034338,0.03213949501514435,-0.2811317443847656,0.02024788223206997,-0.2608838677406311,0.0031402790918946266,0.024095848202705383,-0.13511981070041656,0.015180383808910847,-0.119939424097538,0.004883505403995514,0.015401306562125683,-0.18621616065502167,0.009702823124825954,-0.17651334404945374,0.04662691801786423,0.05247870087623596,-0.03606007620692253,0.03306158259510994,-0.0029984936118125916,-0.025302620604634285,-0.02345108613371849,0.2748965620994568,-0.014774183742702007,0.2601223886013031,-0.01280917413532734,-0.013602515682578087,0.5470930933952332,-0.008569585159420967,0.5385234951972961
9.84,0.05,0.075,0.0,-0.045926722610740635,0.03273845669332264,-0.15781939949968424,-0.1360713094472885,0.29589303582906723,0.1371251250803471,0.28,0.14287487491965292,1.0509511232376099,0.07818643748760223,1.0458389520645142,0.049176253378391266,0.04376082122325897,-0.2862407863140106,0.02756931632757187,-0.25867146253585815,-0.011158626526594162,-0.00862154457718134,-0.3441363275051117,-0.0054315729066729546,-0.34956789016723633,0.06603308767080307,0.040404800325632095,-0.38011038303375244,0.02545502409338951,-0.35465535521507263,-0.06703503429889679,-0.06371131539344788,-0.3829364776611328,-0.040138129144907,-0.4230746030807495,-0.0423075295984745,-0.05302891880273819,-0.35173264145851135,-0.03340821713209152,-0.38514086604118347,0.023064441978931427,0.029416978359222412,-0.29623672366142273,0.01853269711136818,-0.27770403027534485,0.023490652441978455,0.023914288729429245,-0.11367807537317276,0.015066001564264297,-0.09861207008361816,0.010507941246032715,0.013933297246694565,-0.17820000648498535,0.008777976967394352,-0.16942203044891357,0.04516191780567169,0.05028366670012474,-0.04940129816532135,0.031678710132837296,-0.017722588032484055,-0.012402024120092392,-0.02013636752963066,0.2533988058567047,-0.012685911729931831,0.24071289598941803,-0.030064111575484276,-0.018540995195508003,0.538710355758667,-0.011680826544761658,0.5270295143127441
9.86,0.05,0.075,0.0,-0.045587741807441906,0.03596210680783867,-0.13604226535959807,-0.10380398482084274,0.3442940227687359,0.17100581593811515,0.28,0.10899418406188488,1.0359145402908325,0.07764758914709091,1.0320082902908325,0.04849908500909805,0.04518229886889458,-0.27101582288742065,0.028464848175644875,-0.24255096912384033,-0.011934849433600903,-0.009615535847842693,-0.3316328525543213,-0.00605778768658638,-0.33769065141677856,0.06664752960205078,0.04827761650085449,-0.37423041462898254,0.030414897948503494,-0.34381550550460815,-0.06588581949472427,-0.06436366587877274,-0.3855149745941162,-0.04054911062121391,-0.42606407403945923,-0.04818006604909897,-0.051574259996414185,-0.3619649112224579,-0.032491784542798996,-0.394456684589386,0.014013548381626606,0.024795949459075928,-0.3109295666217804,0.015621447935700417,-0.29530811309814453,-0.008639761246740818,0.014148073270916939,-0.09201642870903015,0.008913286030292511,-0.08310314267873764,-0.008933329954743385,0.007073309272527695,-0.16819284856319427,0.004456184804439545,-0.16373667120933533,0.03991912677884102,0.047174304723739624,-0.06095051020383835,0.02971981093287468,-0.03123069927096367,-0.030131055042147636,-0.023134775459766388,0.2317209243774414,-0.014574908651411533,0.21714600920677185,-0.014252321794629097,-0.01725439354777336,0.5283536314964294,-0.010870267637073994,0.5174833536148071
9.88,0.05,0.075,0.0,-0.04278614157229673,0.040924476922180944,-0.0987587563809272,-0.10936139523983002,0.335957907140255,0.16517053499817852,0.28,0.1148294650018215,1.0187056064605713,0.07240325212478638,1.0108481645584106,0.037393227219581604,0.042845577001571655,-0.2558439373970032,0.026992714032530785,-0.22885122895240784,-0.0018848655745387077,-0.007296334952116013,-0.31806445121765137,-0.004596691112965345,-0.3226611316204071,0.0512833371758461,0.049179334193468094,-0.3664998412132263,0.030982980504631996,-0.33551687002182007,-0.021742817014455795,-0.05157741159200668,-0.3860347270965576,-0.032493770122528076,-0.4185284972190857,-0.039630040526390076,-0.04799099266529083,-0.3705728054046631,-0.03023432567715645,-0.40080714225769043,-0.007717179134488106,0.015042010694742203,-0.3249393105506897,0.009476467035710812,-0.3154628574848175,0.024320852011442184,0.017199907451868057,-0.0703556165099144,0.010835941880941391,-0.05951967462897301,-0.009056305512785912,0.0022344246972352266,-0.15629670023918152,0.0014076875522732735,-0.15488901734352112,0.04200976714491844,0.04562494158744812,-0.07059001177549362,0.028743712231516838,-0.041846297681331635,-0.037183284759521484,-0.027349326759576797,0.21008385717868805,-0.017230074852705002,0.19285377860069275,-0.04003603756427765,-0.024088887497782707,0.516128420829773,-0.015175999142229557,0.500952422618866
9.9,0.05,0.075,0.0,-0.04123971233737165,0.0449092800971711,-0.069581785841707,-0.0809873640537262,0.3785189539194107,0.19496326774358752,0.28,0.0850367322564125,0.9994679689407349,0.07341642677783966,0.9894022941589355,0.03839226812124252,0.041509583592414856,-0.24100488424301147,0.026151036843657494,-0.21485385298728943,-0.03031071461737156,-0.014200649224221706,-0.303681343793869,-0.00894640851765871,-0.31262776255607605,0.062351055443286896,0.053130850195884705,-0.3570612370967865,0.03347243368625641,-0.3235887885093689,-0.04501507803797722,-0.049608711153268814,-0.3844861686229706,-0.03125348687171936,-0.41573965549468994,-0.026926971971988678,-0.041671786457300186,-0.3773975372314453,-0.026253225281834602,-0.40365076065063477,0.014172318391501904,0.014781102538108826,-0.33800753951072693,0.009312094189226627,-0.3286954462528229,-0.011572864837944508,0.008568075485527515,-0.04891636595129967,0.0053978874348104,-0.04351847991347313,-0.021826863288879395,-0.004983962047845125,-0.14263278245925903,-0.003139896085485816,-0.14577268064022064,0.05065515264868736,0.04713400453329086,-0.07822158187627792,0.02969442307949066,-0.04852715879678726,-0.04864158108830452,-0.033737003803253174,0.18870806694030762,-0.021254312247037888,0.16745375096797943,-0.04699099063873291,-0.030959518626332283,0.5021592974662781,-0.019504496827721596,0.4826548099517822
9.92,0.05,0.075,0.0,-0.037587720088530396,0.05026698702600119,-0.03215399996028001,-0.07730080187320709,0.38404879719018936,0.1988341580331326,0.28,0.08116584196686744,0.9783617854118347,0.07174811512231827,0.9660390615463257,0.03198925405740738,0.03865348547697067,-0.22677239775657654,0.0243516955524683,-0.2024206966161728,-0.01866522617638111,-0.015540022403001785,-0.28874877095222473,-0.009790213778614998,-0.2985389828681946,0.06266844272613525,0.05599213019013405,-0.3460886478424072,0.035275042057037354,-0.3108136057853699,-0.01537000760436058,-0.039337098598480225,-0.3808978199958801,-0.024782372638583183,-0.40568017959594727,-0.04184148460626602,-0.04172269627451897,-0.38231325149536133,-0.02628529816865921,-0.40859854221343994,-0.008880830369889736,0.00768252182751894,-0.3498932421207428,0.004839988891035318,-0.3450532555580139,0.004202650859951973,0.00725844781845808,-0.027917152270674706,0.004572822246700525,-0.023344330489635468,-0.02262117713689804,-0.010275127366185188,-0.12734033167362213,-0.006473330315202475,-0.13381366431713104,0.03599318116903305,0.0437917560338974,-0.08376744389533997,0.027588805183768272,-0.056178636848926544,-0.028237363323569298,-0.03208710998296738,0.16781140863895416,-0.020214879885315895,0.14759652316570282,-0.06301885098218918,-0.04057731851935387,0.48658862709999084,-0.025563711300492287,0.4610249102115631
9.94,0.05,0.075,0.0,-0.034360080245281796,0.0552912529405216,0.002309415298332951,-0.0662393867969513,0.40064091980457306,0.21044864386320117,0.28,0.06955135613679886,0.9555640816688538,0.0726105272769928,0.9413567781448364,0.024542691186070442,0.03442024812102318,-0.213408961892128,0.021684756502509117,-0.19172421097755432,-0.026918988674879074,-0.018953712657094002,-0.273542195558548,-0.011940838769078255,-0.2854830324649811,0.06898012012243271,0.05988852679729462,-0.3337845206260681,0.03772976994514465,-0.29605475068092346,-0.016790594905614853,-0.0325731486082077,-0.3753358721733093,-0.02052108384668827,-0.39585694670677185,-0.030677173286676407,-0.0384090393781662,-0.3852292597293854,-0.024197693914175034,-0.4094269573688507,-0.01628889888525009,0.0004910952411592007,-0.3603771924972534,0.0003093899867963046,-0.36006781458854675,0.00018158089369535446,0.005135387647897005,-0.00757197430357337,0.0032352942507714033,-0.00433668028563261,-0.032748620957136154,-0.017017176374793053,-0.11057517677545547,-0.010720821097493172,-0.1212959960103035,0.03369905427098274,0.04076394438743591,-0.08717108517885208,0.025681285187602043,-0.06148979812860489,-0.03566671535372734,-0.033160991966724396,0.14760680496692657,-0.020891424268484116,0.12671537697315216,-0.07328871637582779,-0.050390735268592834,0.46957510709762573,-0.031746163964271545,0.4378289580345154
9.96,0.05,0.075,0.0,-0.029272293152408743,0.060565376759456425,0.04160184227422962,-0.047690458595752716,0.4284643121063709,0.22992501847445967,0.28,0.05007498152554035,0.931269645690918,0.07635758817195892,0.9153546690940857,0.009097347036004066,0.0268233772367239,-0.20116105675697327,0.016898727044463158,-0.18426233530044556,-0.04315381497144699,-0.026213742792606354,-0.25834208726882935,-0.01651465706527233,-0.2748567461967468,0.07236409932374954,0.06363119930028915,-0.3203757107257843,0.04008765518665314,-0.28028804063796997,-0.03391436114907265,-0.032975513488054276,-0.367902934551239,-0.02077457308769226,-0.3886775076389313,-0.01114550419151783,-0.030229978263378143,-0.38609179854393005,-0.01904488541185856,-0.40513667464256287,-0.003647998906672001,-0.0007506330730393529,-0.36926600337028503,-0.0004728988278657198,-0.369738906621933,-0.009861123748123646,0.0006364339496940374,0.011911844834685326,0.00040095337317325175,0.012312797829508781,-0.04195959120988846,-0.02449990063905716,-0.09250818192958832,-0.015434937551617622,-0.10794311761856079,0.04108479991555214,0.04086020216345787,-0.08839782327413559,0.025741927325725555,-0.06265589594841003,-0.04844679310917854,-0.03774673119187355,0.12830016016960144,-0.023780440911650658,0.10451971739530563,-0.08068202435970306,-0.05947812274098396,0.4512920677661896,-0.037471216171979904,0.41382086277008057
9.98,0.05,0.075,0.0,-0.023750106604492723,0.06549980131986809,0.08107062905488623,-0.019984714686870575,0.47002292796969414,0.25901604957878593,0.28,0.020983950421214093,0.9056931734085083,0.08176101744174957,0.8886983394622803,0.008995790034532547,0.02147510275244713,-0.1902545690536499,0.013529314659535885,-0.17672525346279144,-0.0419040322303772,-0.030920829623937607,-0.24342875182628632,-0.01948012225329876,-0.2629088759422302,0.08379963785409927,0.06968173384666443,-0.30610957741737366,0.04389949142932892,-0.26221007108688354,-0.04688240587711334,-0.037147581577301025,-0.3587360978126526,-0.023402975872159004,-0.38213908672332764,-0.013398928567767143,-0.025180663913488388,-0.38488495349884033,-0.015863819047808647,-0.40074875950813293,0.003968237899243832,0.0006650283467024565,-0.3763957917690277,0.0004189678584225476,-0.3759768307209015,-0.011598984710872173,-0.003034191904589534,0.03033575415611267,-0.0019115408649668097,0.028424212709069252,-0.045125775039196014,-0.030687663704156876,-0.07332344353199005,-0.01933322846889496,-0.09265667200088501,0.04324755817651749,0.041576407849788666,-0.08743514865636826,0.02619313634932041,-0.06124201416969299,-0.039275169372558594,-0.038205262273550034,0.11008822917938232,-0.02406931482255459,0.08601891249418259,-0.0827336460351944,-0.06645478308200836,0.43192583322525024,-0.04186651483178139,0.39005932211875916
10.0,0.05,0.075,0.0,-0.01687156369397016,0.07058993931173181,0.12089111865053266,0.008499884977936745,0.5127498274669051,0.28892487922683363,0.28,0.008924879226833604,0.8790714740753174,0.08653964847326279,0.8629871606826782,0.0029047010466456413,0.015903981402516365,-0.18089066445827484,0.010019508190453053,-0.17087115347385406,-0.04430095851421356,-0.0349348708987236,-0.2290772646665573,-0.022008968517184258,-0.2510862350463867,0.08208272606134415,0.0734020322561264,-0.29124924540519714,0.04624328017234802,-0.24500596523284912,-0.04594804346561432,-0.03978772088885307,-0.34800440073013306,-0.02506626397371292,-0.3730706572532654,-0.02271001599729061,-0.02443946897983551,-0.3816309869289398,-0.015396865084767342,-0.397027850151062,-0.0025036251172423363,-0.0002855677157640457,-0.38163504004478455,-0.00017990765627473593,-0.38181495666503906,-0.017085153609514236,-0.007249480579048395,0.047512006014585495,-0.004567172843962908,0.042944833636283875,-0.05214054882526398,-0.037123531103134155,-0.05321647599339485,-0.02338782511651516,-0.07660429924726486,0.041349466890096664,0.041508324444293976,-0.08429288119077682,0.02615024335682392,-0.05814263969659805,-0.036623209714889526,-0.03773064911365509,0.0931565910577774,-0.02377030812203884,0.06938628107309341,-0.08646372705698013,-0.07245746999979019,0.41167378425598145,-0.045648206025362015,0.36602556705474854
10.02,0.05,0.075,0.0,-0.004225812196654689,0.07762157696734183,0.19341282568204163,0.017878346145153046,0.5268175192177296,0.2987722634524107,0.28,0.018772263452410676,0.8589937686920166,0.08659709244966507,0.856253445148468,-0.021714333444833755,0.004618486855179071,-0.2104874700307846,0.002909646602347493,-0.20757782459259033,-0.04545750468969345,-0.03809165954589844,-0.2700388431549072,-0.023997744545340538,-0.2940365970134735,0.05836869776248932,0.06889203190803528,-0.3307926058769226,0.04340197890996933,-0.2873906195163727,0.0004312189994379878,-0.027722038328647614,-0.37378913164138794,-0.017464883625507355,-0.3912540078163147,-0.03029242344200611,-0.026195354759693146,-0.38561034202575684,-0.016503073275089264,-0.4021134078502655,-0.028074149042367935,-0.008622142486274242,-0.3625671863555908,-0.0054319496266543865,-0.3679991364479065,-0.018223177641630173,-0.010541589930653572,0.09934528917074203,-0.006641201674938202,0.09270408749580383,-0.05452384054660797,-0.0423436239361763,0.19806495308876038,-0.0266764834523201,0.17138847708702087,0.027934372425079346,0.03743613883852959,0.1177990511059761,0.023584768176078796,0.1413838267326355,-0.03126894310116768,-0.03579213470220566,0.046093348413705826,-0.022549044340848923,0.023544304072856903,-0.10091102868318558,-0.08099354058504105,0.16202345490455627,-0.05102593079209328,0.1109975278377533
10.040000000000001,0.05,0.075,0.0,0.0071430125545884375,0.08368315335094108,0.25890955891374673,0.13236704468727112,0.6985505670309067,0.4189853969216347,0.28,0.1389853969216347,0.8501384258270264,0.10083089768886566,0.8504120111465454,0.0020842337980866432,0.0038582109846174717,-0.19852861762046814,0.0024306729901582003,-0.1960979402065277,-0.10113521665334702,-0.05700472742319107,-0.2548799216747284,-0.035912979394197464,-0.29079291224479675,0.08182637393474579,0.07277233898639679,-0.3171643018722534,0.04584657400846481,-0.271317720413208,-0.07626895606517792,-0.042286112904548645,-0.36594444513320923,-0.02664025127887726,-0.3925846815109253,-0.03267751634120941,-0.028140004724264145,-0.3859974145889282,-0.017728202044963837,-0.40372562408447266,0.020477116107940674,0.00010763527825474739,-0.3710651993751526,6.781022239010781e-05,-0.3709973990917206,-0.09919100999832153,-0.037136416882276535,0.08853752911090851,-0.023395942524075508,0.06514158844947815,-0.07148057222366333,-0.05108470842242241,0.20883165299892426,-0.032183367758989334,0.17664828896522522,0.026144403964281082,0.034048616886138916,0.13948678970336914,0.021450627595186234,0.16093741357326508,-0.07425689697265625,-0.047331564128398895,0.05724256858229637,-0.029818885028362274,0.027423683553934097,-0.09163198620080948,-0.08418507128953934,0.15160223841667175,-0.05303659290075302,0.09856564551591873
10.06,0.05,0.075,0.0,0.019754717729590036,0.08983821012006506,0.3250546467660538,0.13246628642082214,0.6986994296312332,0.4190896007418633,0.28,0.13908960074186327,0.8405541181564331,0.10794604569673538,0.8478206992149353,-0.07590455561876297,-0.020070619881153107,-0.18795974552631378,-0.012644490227103233,-0.20060423016548157,-0.0488799512386322,-0.05456729605793953,-0.24007165431976318,-0.03437739610671997,-0.27444905042648315,0.02600940503180027,0.05874345824122429,-0.30273786187171936,0.0370083786547184,-0.26572948694229126,-0.003025854006409645,-0.03050803579390049,-0.3564019799232483,-0.019220061600208282,-0.375622034072876,-0.08175072073936462,-0.04422321915626526,-0.3843168318271637,-0.027860628440976143,-0.4121774733066559,-0.05463574826717377,-0.016315381973981857,-0.3777709901332855,-0.010278690606355667,-0.3880496919155121,-0.023511022329330444,-0.03304879739880562,0.07588900625705719,-0.02082074247300625,0.05506826192140579,-0.13353462517261505,-0.07581968605518341,0.2176453024148941,-0.04776640236377716,0.16987890005111694,-0.00040185556281358004,0.023713475093245506,0.16104169189929962,0.014939488843083382,0.17598117887973785,-0.05744073912501335,-0.05036431550979614,0.07021060585975647,-0.03172951936721802,0.03848108649253845,-0.12734484672546387,-0.09713300317525864,0.14315181970596313,-0.061193790286779404,0.08195802569389343
10.08,0.05,0.075,0.0,0.03246710637177996,0.09464633403924917,0.3725202599122837,0.10774842649698257,0.6616226397454739,0.39313584782183175,0.28,0.11313584782183173,0.8304261565208435,0.11512073874473572,0.8484019637107849,-0.027642225846648216,-0.022342102602124214,-0.17897579073905945,-0.014075524173676968,-0.1930513083934784,-0.059374913573265076,-0.05600958317518234,-0.22588713467121124,-0.035286035388708115,-0.26117315888404846,0.042844004929065704,0.05397362262010574,-0.28777942061424255,0.03400338068604469,-0.25377604365348816,-0.009031733497977257,-0.02406514436006546,-0.3453376889228821,-0.015161041170358658,-0.36049872636795044,-0.16269706189632416,-0.07976537942886353,-0.38059961795806885,-0.05025218799710274,-0.4308518171310425,-0.03824714571237564,-0.022894911468029022,-0.3825608789920807,-0.014423794113099575,-0.39698466658592224,-0.06675028800964355,-0.04315924644470215,0.06152861565351486,-0.027190325781702995,0.03433828800916672,-0.10329309850931168,-0.08406171202659607,0.22441606223583221,-0.05295887961983681,0.1714571863412857,-0.015864454209804535,0.01184009574353695,0.18224407732486725,0.007459260057657957,0.1897033303976059,0.022034507244825363,-0.028644666075706482,0.08486530184745789,-0.018046138808131218,0.06681916117668152,-0.09800528734922409,-0.09739468991756439,0.13675831258296967,-0.061358653008937836,0.07539965957403183
10.1,0.05,0.075,0.0,0.04048421848464175,0.09788199888480736,0.4114108398111614,0.10147929191589355,0.6522189378738403,0.38655325651168826,0.28,0.10655325651168823,0.8199833035469055,0.1179029792547226,0.8287254571914673,0.010897936299443245,-0.012370090000331402,-0.17174240946769714,-0.0077931564301252365,-0.17953556776046753,-0.09156492352485657,-0.06667618453502655,-0.21258799731731415,-0.0420059971511364,-0.25459399819374084,0.06684430688619614,0.05783483013510704,-0.2725648283958435,0.036435943096876144,-0.23612888157367706,0.01148899458348751,-0.013398902490735054,-0.3329557180404663,-0.00844130851328373,-0.3413970172405243,-0.011387472972273827,-0.05925200879573822,-0.3749143183231354,-0.03732876479625702,-0.4122430682182312,-0.009878108277916908,-0.018989870324730873,-0.38534650206565857,-0.011963617987930775,-0.3973101079463959,-0.11686212569475174,-0.06527011096477509,0.045602697879076004,-0.04112016782164574,0.004482530057430267,-0.13006728887557983,-0.09786339104175568,0.22907495498657227,-0.06165393441915512,0.16742101311683655,0.06410905718803406,0.027520785108208656,0.20287790894508362,0.017338095232844353,0.22021600604057312,-0.02055474743247032,-0.026217689737677574,0.10105733573436737,-0.016517143696546555,0.08454018831253052,-0.06614498794078827,-0.08801978081464767,0.13248687982559204,-0.055452462285757065,0.07703441381454468
10.120000000000001,0.05,0.075,0.0,0.04827944711852684,0.0999221205216183,0.4574950272229404,0.15103155374526978,0.7265473306179047,0.43858313143253325,0.28,0.15858313143253322,0.8094971776008606,0.12349873036146164,0.8272251486778259,-0.07081960141658783,-0.029904944822192192,-0.16639305651187897,-0.018840115517377853,-0.18523317575454712,-0.10063287615776062,-0.07686319202184677,-0.20041953027248383,-0.04842381179332733,-0.24884334206581116,0.05020032078027725,0.055544476956129074,-0.25737470388412476,0.034993018954992294,-0.22238168120384216,-0.04197268933057785,-0.021971039474010468,-0.3194843530654907,-0.013841754756867886,-0.3333261013031006,-0.03569772467017174,-0.052185721695423126,-0.3673657774925232,-0.03287700563669205,-0.40024277567863464,-0.05651702359318733,-0.030248016119003296,-0.3860764801502228,-0.019056249409914017,-0.4051327407360077,-0.024250775575637817,-0.052964307367801666,0.02827354706823826,-0.03336751461029053,-0.005093967542052269,-0.11265843361616135,-0.10230190306901932,0.23157449066638947,-0.06445019692182541,0.16712430119514465,0.042460132390260696,0.03200259059667587,0.22273290157318115,0.02016163244843483,0.24289453029632568,0.0036944374442100525,-0.01724405027925968,0.11862168461084366,-0.01086375117301941,0.10775793343782425,-0.12505409121513367,-0.09913007915019989,0.1303810328245163,-0.06245195120573044,0.06792908161878586
10.14,0.05,0.075,0.0,0.05741030703772937,0.10007384291745808,0.5009617390311201,0.11209306120872498,0.6681395918130875,0.39769771426916123,0.28,0.1176977142691612,0.7992790937423706,0.11643800884485245,0.8252257704734802,-0.04072995483875275,-0.033152446150779724,-0.163026362657547,-0.020886041224002838,-0.18391239643096924,-0.06637059897184372,-0.07371541857719421,-0.18960615992546082,-0.04644071310758591,-0.23604688048362732,0.026435265317559242,0.04681171476840973,-0.24248920381069183,0.029491379857063293,-0.21299782395362854,-0.03634469956159592,-0.026283137500286102,-0.3051721155643463,-0.01655837707221508,-0.32173049449920654,-0.08985533565282822,-0.06348660588264465,-0.3580932319164276,-0.03999656066298485,-0.39808979630470276,-0.026634063571691513,-0.02916382998228073,-0.3847373425960541,-0.018373211845755577,-0.4031105637550354,0.014988900162279606,-0.03257834166288376,0.009717750363051891,-0.02052435465157032,-0.010806604288518429,-0.05329625681042671,-0.0876002088189125,0.23188920319080353,-0.0551881305873394,0.17670106887817383,0.03183629736304283,0.03195270150899887,0.2416067272424698,0.020130202174186707,0.2617369294166565,0.007481630891561508,-0.00982634536921978,0.13737936317920685,-0.006190597545355558,0.13118876516819,-0.10220174491405487,-0.10005158185958862,0.13046224415302277,-0.06303249299526215,0.06742975115776062
10.16,0.05,0.075,0.0,0.06362374149492345,0.09954988705756475,0.5151878867188581,0.07545330375432968,0.6131799556314945,0.35922596894204617,0.28,0.07922596894204614,0.7896743416786194,0.11026352643966675,0.8021732568740845,-0.016465172171592712,-0.02814626507461071,-0.1617044359445572,-0.017732147127389908,-0.1794365793466568,-0.049724072217941284,-0.06651801615953445,-0.18034732341766357,-0.04190634936094284,-0.222253680229187,0.04071483761072159,0.044982653111219406,-0.22818289697170258,0.028339071199297905,-0.19984382390975952,0.00869993306696415,-0.015788216143846512,-0.2902829349040985,-0.009946576319634914,-0.3002295196056366,-0.03357609361410141,-0.05451345071196556,-0.3472677171230316,-0.034343473613262177,-0.3816111981868744,0.032097458839416504,-0.010785441845655441,-0.38135382533073425,-0.0067948284558951855,-0.3881486654281616,-0.055870383977890015,-0.039565958082675934,-0.00987559650093317,-0.024926552549004555,-0.0348021499812603,-0.10015706717967987,-0.09136726707220078,0.23001588881015778,-0.05756137892603874,0.17245450615882874,0.025326434522867203,0.02996482141315937,0.25930705666542053,0.01887783780694008,0.2781848907470703,-0.025895360857248306,-0.014647049829363823,0.15713922679424286,-0.009227640926837921,0.14791157841682434,-0.08328379690647125,-0.09502124786376953,0.1327296793460846,-0.0598633848130703,0.072866290807724
10.18,0.05,0.075,0.0,0.06855497997884007,0.09757796186923497,0.5154697319278458,0.08675669133663177,0.6301350370049477,0.37109452590346337,0.28,0.09109452590346334,0.781053364276886,0.11240994185209274,0.7897030711174011,-0.08823171257972717,-0.04617190361022949,-0.16245165467262268,-0.029088299721479416,-0.1915399581193924,-0.0633721873164177,-0.0655742734670639,-0.1728138029575348,-0.04131179302930832,-0.2141256034374237,0.058037564158439636,0.048899125307798386,-0.21471962332725525,0.030806448310613632,-0.18391317129135132,0.012661168351769447,-0.007253400050103664,-0.2750914394855499,-0.004569641780108213,-0.2796610891819,0.02928665094077587,-0.029373418539762497,-0.3350888788700104,-0.01850525289773941,-0.3535941243171692,-0.0012511955574154854,-0.007925167679786682,-0.37598830461502075,-0.004992855712771416,-0.3809811472892761,-0.12521891295909882,-0.0652618408203125,-0.030306827276945114,-0.04111495986580849,-0.0714217871427536,-0.10837464779615402,-0.09646948426961899,0.22597363591194153,-0.06077577546238899,0.16519786417484283,0.07232297956943512,0.04267226904630661,0.2756534814834595,0.026883529499173164,0.3025370240211487,-0.031118515878915787,-0.019588489085435867,0.17769992351531982,-0.012340747751295567,0.16535916924476624,-0.04213237017393112,-0.07915458083152771,0.13716024160385132,-0.049867384135723114,0.0872928574681282
10.200000000000001,0.05,0.075,0.0,0.07367064222498641,0.09584843482457156,0.5215865303309538,0.08749836683273315,0.6312475502490997,0.37187328517436985,0.28,0.09187328517436982,0.7737987041473389,0.09129275381565094,0.7919776439666748,-0.061378784477710724,-0.05073396861553192,-0.16525423526763916,-0.03196239843964577,-0.19721662998199463,-0.02668781392276287,-0.0539083369076252,-0.1671445071697235,-0.03396225348114967,-0.20110675692558289,-0.002944938838481903,0.03334590420126915,-0.20234769582748413,0.021007919684052467,-0.18133977055549622,-0.06317504495382309,-0.024029895663261414,-0.2598778307437897,-0.015138833783566952,-0.2750166654586792,-0.07479774951934814,-0.0430007204413414,-0.32178130745887756,-0.02709045447409153,-0.34887176752090454,0.021525390446186066,0.0009100004099309444,-0.3687397241592407,0.0005733002326451242,-0.36816641688346863,0.02867034450173378,-0.037082184106111526,-0.05136774107813835,-0.023361776024103165,-0.07472951710224152,-0.007460432127118111,-0.06976676732301712,0.21980364620685577,-0.0439530648291111,0.17585058510303497,0.010744155384600163,0.03309383615851402,0.29047948122024536,0.020849116146564484,0.31132858991622925,0.03183557838201523,-0.004161268472671509,0.19885189831256866,-0.00262159900739789,0.19623029232025146,-0.04198078811168671,-0.06800244003534317,0.14370878040790558,-0.042841535061597824,0.10086724162101746
10.22,0.05,0.075,0.0,0.07726918206649964,0.09360986612569,0.519457884564348,0.05771806836128235,0.5865771025419235,0.3406039717793465,0.28,0.060603971779346455,0.7682889103889465,0.0984707921743393,0.7862153649330139,-0.11603521555662155,-0.07032434642314911,-0.17006050050258636,-0.04430433735251427,-0.21436484158039093,-0.059800587594509125,-0.055676013231277466,-0.16344404220581055,-0.03507588803768158,-0.19851993024349213,0.014619283378124237,0.027727916836738586,-0.1912953108549118,0.017468586564064026,-0.17382672429084778,0.007434934377670288,-0.014590445905923843,-0.2449226826429367,-0.009191980585455894,-0.25411465764045715,0.0037032272666692734,-0.028989534825086594,-0.307590514421463,-0.018263407051563263,-0.3258539140224457,0.00037543755024671555,0.0007496315520256758,-0.35974183678627014,0.00047226788592524827,-0.35926955938339233,-0.08410508930683136,-0.051189057528972626,-0.07284370809793472,-0.03224910423159599,-0.10509280860424042,-0.08543956279754639,-0.07446860522031784,0.21156875789165497,-0.04691522195935249,0.16465353965759277,0.055584490299224854,0.03984103351831436,0.3036339581012726,0.025099851191043854,0.32873380184173584,-0.04042445123195648,-0.01504022441804409,0.22037963569164276,-0.009475341066718102,0.2109043002128601,-0.06699123978614807,-0.06769908219575882,0.15230855345726013,-0.04265042021870613,0.1096581369638443
10.24,0.05,0.075,0.0,0.07997445056183079,0.09121018789322476,0.514530045716923,0.1042352169752121,0.6563528254628181,0.38944697782397275,0.28,0.10944697782397272,0.7648787498474121,0.09538383036851883,0.7894648909568787,-0.07802752405405045,-0.07263530045747757,-0.1767817884683609,-0.04576024040579796,-0.22254203259944916,-0.04800795763731003,-0.053375594317913055,-0.16178062558174133,-0.03362662345170975,-0.19540724158287048,0.0010278094559907913,0.019717883318662643,-0.1817663013935089,0.01242226641625166,-0.16934403777122498,-0.04260005056858063,-0.02299332618713379,-0.23050183057785034,-0.014485795050859451,-0.2449876219034195,-0.06083376705646515,-0.03854280337691307,-0.2927781641483307,-0.02428196556866169,-0.3170601427555084,0.022400356829166412,0.00724484957754612,-0.3491605222225189,0.0045642550103366375,-0.344596266746521,-0.036643724888563156,-0.04682545363903046,-0.09451588988304138,-0.02950003556907177,-0.1240159273147583,-0.053152356296777725,-0.06807373464107513,0.20135293900966644,-0.04288645088672638,0.15846648812294006,0.04128475487232208,0.04027415066957474,0.3149828016757965,0.025372713804244995,0.3403555154800415,0.004992121830582619,-0.009030519984662533,0.2420637309551239,-0.0056892274878919125,0.23637449741363525,-0.04784712195396423,-0.061743494123220444,0.16287192702293396,-0.03889840096235275,0.12397352606058121
10.26,0.05,0.075,0.0,0.08147238596188429,0.08842668723148855,0.4989178700761882,0.06655086576938629,0.5998262986540794,0.3498784090578556,0.28,0.06987840905785558,0.7638781666755676,0.09656129032373428,0.7937788367271423,-0.08087033033370972,-0.07510580867528915,-0.18529413640499115,-0.04731665924191475,-0.2326107919216156,-0.05883452296257019,-0.055013272911310196,-0.1621849536895752,-0.03465836122632027,-0.19684331119060516,0.016129398718476295,0.018641337752342224,-0.17393642663955688,0.011744042858481407,-0.16219238936901093,-0.02646513283252716,-0.02403486706316471,-0.21688124537467957,-0.015141965821385384,-0.2320232093334198,-0.013444216921925545,-0.031013227999210358,-0.277617484331131,-0.019538333639502525,-0.29715582728385925,0.012490513734519482,0.0088185491040349,-0.33719098567962646,0.005555686075240374,-0.3316352963447571,-0.07551226019859314,-0.05543149262666702,-0.11616343259811401,-0.03492183983325958,-0.1510852724313736,-0.05948453024029732,-0.06549697369337082,0.18926025927066803,-0.041263092309236526,0.1479971706867218,0.0642857775092125,0.047477640211582184,0.32441043853759766,0.029910912737250328,0.35432136058807373,0.016694393008947372,-0.0013130460865795612,0.2636832296848297,-0.0008272190461866558,0.26285600662231445,-0.04572165757417679,-0.05693694204092026,0.1752912700176239,-0.0358702726662159,0.1394210010766983
10.28,0.05,0.075,0.0,0.08252399654224142,0.08619750513648168,0.48474854715287324,0.06779580563306808,0.6016937084496021,0.35118559591472154,0.28,0.07118559591472151,0.7655310034751892,0.0931120291352272,0.8005049228668213,-0.0538158118724823,-0.0687188059091568,-0.19544054567813873,-0.04329284653067589,-0.23873339593410492,-0.06320544332265854,-0.05747092515230179,-0.16464956104755402,-0.0362066812813282,-0.20085623860359192,-0.003995073959231377,0.011850414797663689,-0.1679501086473465,0.00746576115489006,-0.16048434376716614,-0.06108308583498001,-0.035149335861206055,-0.20431214570999146,-0.022144081071019173,-0.22645622491836548,-0.02670181542634964,-0.029719803482294083,-0.26238808035850525,-0.01872347667813301,-0.28111156821250916,0.0326252318918705,0.015960553660988808,-0.3240540027618408,0.010055148974061012,-0.31399884819984436,-0.018777407705783844,-0.04443526640534401,-0.1375657320022583,-0.027994217351078987,-0.16555994749069214,-0.03274335339665413,-0.05567088723182678,0.17541395127773285,-0.03507265821099281,0.14034129679203033,0.06027467921376228,0.0513167530298233,0.3318207561969757,0.03232955560088158,0.3641503155231476,0.04527021571993828,0.012661932967603207,0.28501781821250916,0.007977018132805824,0.29299482703208923,-0.0625767856836319,-0.05862889438867569,0.18943999707698822,-0.036936204880476,0.15250378847122192
10.3,0.05,0.075,0.0,0.0826077549599607,0.08338036555598327,0.46371110210836325,0.03803654760122299,0.5570548214018345,0.3199383749812842,0.28,0.039938374981284164,0.7699969410896301,0.09903156012296677,0.8076179027557373,-0.09152192622423172,-0.07555974274873734,-0.2070339024066925,-0.047602638602256775,-0.2546365261077881,-0.058631524443626404,-0.05781910568475723,-0.16912899911403656,-0.036426037549972534,-0.2055550366640091,0.011100465431809425,0.01162542961537838,-0.16391772031784058,0.007324020378291607,-0.1565936952829361,-0.09626728296279907,-0.0534847229719162,-0.1930263489484787,-0.03369537368416786,-0.22672171890735626,-0.007416067644953728,-0.023028681054711342,-0.2473708540201187,-0.014508068561553955,-0.2618789076805115,0.03975081816315651,0.023097634315490723,-0.3099918067455292,0.01455150917172432,-0.29544028639793396,-0.03226350247859955,-0.04078373685479164,-0.1585046797990799,-0.025693753734230995,-0.18419843912124634,-0.040185168385505676,-0.05102517083287239,0.15995512902736664,-0.03214585781097412,0.12780927121639252,0.05177466943860054,0.051454126834869385,0.33713826537132263,0.032416097819805145,0.3695543706417084,0.024276025593280792,0.016146160662174225,0.305850088596344,0.010172081179916859,0.3160221576690674,-0.08487480878829956,-0.06650266796350479,0.20517393946647644,-0.04189668223261833,0.1632772535085678
10.32,0.05,0.075,0.0,0.08248224118631975,0.08075581031471792,0.44256779026730503,0.02221568115055561,0.5333235217258334,0.30332646520808343,0.28,0.023326465208083402,0.7773383259773254,0.09589292109012604,0.8163120746612549,-0.05162326246500015,-0.06837879866361618,-0.21986034512519836,-0.04307864233851433,-0.2629389762878418,-0.053919725120067596,-0.05664929002523422,-0.17554065585136414,-0.03568905219435692,-0.21122971177101135,-0.012178609147667885,0.004484217613935471,-0.16191366314888,0.0028250571340322495,-0.1590886116027832,-0.04641174525022507,-0.05136282742023468,-0.18323199450969696,-0.03235857933759689,-0.21559056639671326,-0.030130811035633087,-0.02515931986272335,-0.23284277319908142,-0.0158503707498312,-0.24869313836097717,0.03616742789745331,0.02701857127249241,-0.29526379704475403,0.017021698877215385,-0.2782421112060547,-0.02627013996243477,-0.03642965853214264,-0.17876692116260529,-0.022950684651732445,-0.20171760022640228,-0.030185727402567863,-0.04477333649992943,0.14304132759571075,-0.0282072015106678,0.11483412981033325,0.05997452884912491,0.05401024594902992,0.3403087258338928,0.034026455134153366,0.3743351697921753,0.03361169993877411,0.02138582244515419,0.3259677290916443,0.013473068363964558,0.33944079279899597,-0.06981866806745529,-0.06749746948480606,0.22233277559280396,-0.04252340644598007,0.1798093616962433
10.34,0.05,0.075,0.0,0.08206513169376183,0.07712857570494223,0.42001073831008434,0.047526031732559204,0.5712890475988388,0.32990233331918717,0.28,0.04990233331918714,0.7875141501426697,0.09664265811443329,0.8301325440406799,-0.03546209633350372,-0.05850378796458244,-0.23368333280086517,-0.03685738518834114,-0.270540714263916,-0.06179076433181763,-0.058191731572151184,-0.18376626074314117,-0.03666079044342041,-0.22042705118656158,-0.011566324159502983,-0.00033094524405896664,-0.16197489202022552,-0.0002084955049213022,-0.16218338906764984,-0.10183759033679962,-0.06650526076555252,-0.17510974407196045,-0.04189831390976906,-0.2170080542564392,-0.0544365793466568,-0.03394249826669693,-0.21907177567481995,-0.021383773535490036,-0.24045555293560028,0.04298974201083183,0.03180992230772972,-0.2801416218280792,0.020040251314640045,-0.2601013779640198,0.024760453030467033,-0.018072625622153282,-0.19814597070217133,-0.011385753750801086,-0.2095317244529724,-0.00130537711083889,-0.0317329503595829,0.12484489381313324,-0.019991759210824966,0.10485313832759857,0.06257946044206619,0.056581009179353714,0.3412998914718628,0.03564603626728058,0.3769459128379822,0.049615297466516495,0.029854666441679,0.3451657295227051,0.018808439373970032,0.3639741539955139,-0.07126043736934662,-0.06862635910511017,0.24074162542819977,-0.043234605342149734,0.19750702381134033
10.36,0.05,0.075,0.0,0.08099645040664866,0.07342405938336526,0.3933025413532342,0.02134663052856922,0.5320199457928538,0.3024139620549977,0.28,0.022413962054997683,0.8003823161125183,0.0987144410610199,0.8401987552642822,-0.054418958723545074,-0.0572783425450325,-0.2482479065656662,-0.036085356026887894,-0.2843332588672638,-0.056883059442043304,-0.05779913067817688,-0.1936541050672531,-0.03641345351934433,-0.23006755113601685,-0.022739695385098457,-0.007053570821881294,-0.1641002893447876,-0.004443749785423279,-0.16854403913021088,-0.08949507027864456,-0.07340220361948013,-0.16880939900875092,-0.04624338820576668,-0.2150527834892273,-0.04148631542921066,-0.03620564192533493,-0.20631186664104462,-0.022809553891420364,-0.22912141680717468,0.05099162831902504,0.03756443411111832,-0.2649041712284088,0.023665593937039375,-0.2412385791540146,-0.003687613643705845,-0.013757122680544853,-0.21644432842731476,-0.008666987530887127,-0.22511132061481476,-0.018463436514139175,-0.027752095833420753,0.10555126518011093,-0.017483821138739586,0.0880674421787262,0.0605764165520668,0.05777963250875473,0.3401016294956207,0.03640116751194,0.3765028119087219,-0.009169798344373703,0.01814732700586319,0.3632484972476959,0.01143281627446413,0.3746813237667084,-0.07892689853906631,-0.07171651721000671,0.26021289825439453,-0.045181404799222946,0.2150314897298813
10.38,0.05,0.075,0.0,0.07934355933302442,0.06949424095345823,0.3646799425816439,-5.714036524295807e-05,0.49991428945213556,0.27994000261649493,0.28,5.999738350509487e-05,0.8157080411911011,0.0950092300772667,0.8566962480545044,-0.03585690259933472,-0.05085190758109093,-0.26328545808792114,-0.03203670307993889,-0.29532214999198914,-0.051133789122104645,-0.05579952895641327,-0.20502182841300964,-0.03515370190143585,-0.2401755303144455,-0.020813433453440666,-0.011181529611349106,-0.16825063526630402,-0.007044363766908646,-0.17529499530792236,-0.059585656970739365,-0.06925724446773529,-0.16444715857505798,-0.04363206401467323,-0.20807921886444092,-0.05547875165939331,-0.041987575590610504,-0.19479838013648987,-0.02645217254757881,-0.22125054895877838,0.04160384088754654,0.03877625614404678,-0.24983248114585876,0.024429041892290115,-0.22540344297885895,-0.011252564378082752,-0.01300575491040945,-0.23347553610801697,-0.008193625137209892,-0.241669163107872,0.0012219008058309555,-0.01905989646911621,0.08535704761743546,-0.01200773473829031,0.07334931194782257,0.06301411241292953,0.05934997648000717,0.3367261588573456,0.037390485405921936,0.3741166591644287,0.02621886134147644,0.020568788051605225,0.3800317347049713,0.012958336621522903,0.3929900825023651,-0.0532054603099823,-0.06616319715976715,0.28054818511009216,-0.04168281331658363,0.23886537551879883
10.4,0.05,0.075,0.0,0.07719619445004344,0.06527682977766754,0.3345698937703405,0.010538900271058083,0.5158083504065871,0.291065845284611,0.28,0.011065845284610965,0.8331790566444397,0.0972232073545456,0.8733885884284973,-0.020093314349651337,-0.04162432998418808,-0.27851858735084534,-0.026223327964544296,-0.30474191904067993,-0.04957665503025055,-0.05393266677856445,-0.21765977144241333,-0.033977579325437546,-0.25163733959198,-0.030047209933400154,-0.016841232776641846,-0.17434939742088318,-0.010609976947307587,-0.18495938181877136,-0.1034059152007103,-0.07950184494256973,-0.16210348904132843,-0.050086162984371185,-0.21218964457511902,-0.06692399829626083,-0.0494685024023056,-0.18474365770816803,-0.03116515651345253,-0.21590881049633026,0.0540689192712307,0.04336405545473099,-0.2352045178413391,0.027319354936480522,-0.20788516104221344,0.04597119987010956,0.004687332548201084,-0.24906602501869202,0.0029530194588005543,-0.24611300230026245,0.020282898098230362,-0.007257057353854179,0.06446804106235504,-0.004571945872157812,0.05989609658718109,0.06241987273097038,0.060270942747592926,0.33120784163475037,0.03797069191932678,0.36917853355407715,0.032146453857421875,0.02404208853840828,0.3953443765640259,0.01514651533216238,0.41049090027809143,-0.05530531704425812,-0.06290583312511444,0.30154022574424744,-0.039630673825740814,0.261909544467926
10.42,0.05,0.075,0.0,0.07461670118100074,0.06145441344156865,0.303763460784445,-0.017436515539884567,0.47384522669017315,0.2616916586831212,0.28,0.018308341316878807,0.8524237275123596,0.1011275202035904,0.8907737135887146,-0.04766044020652771,-0.04343516379594803,-0.29366642236709595,-0.027364153414964676,-0.3210305869579315,-0.048516444861888885,-0.05230779945850372,-0.23133482038974762,-0.03295391425490379,-0.2642887234687805,-0.035184234380722046,-0.022344134747982025,-0.18228407204151154,-0.014076804742217064,-0.19636087119579315,-0.1016424372792244,-0.08614402264356613,-0.16182158887386322,-0.05427073314785957,-0.2160923182964325,-0.060068726539611816,-0.05264857038855553,-0.17633315920829773,-0.033168599009513855,-0.20950175821781158,0.05908099189400673,0.04807913675904274,-0.22129011154174805,0.03028985671699047,-0.19100025296211243,0.017021436244249344,0.00838756375014782,-0.2630569338798523,0.005284165032207966,-0.2577727735042572,0.00876963883638382,-0.0024490482173860073,0.04309710115194321,-0.0015429003397002816,0.041554201394319534,0.06538774818181992,0.061805982142686844,0.32360297441482544,0.0389377698302269,0.36254075169563293,-0.005561427213251591,0.015161032788455486,0.4090304374694824,0.009551450610160828,0.41858190298080444,-0.06441199034452438,-0.06335768103599548,0.32297515869140625,-0.03991533815860748,0.28305983543395996
10.44,0.05,0.075,0.0,0.07119311730877229,0.05691627653606878,0.2666918616860097,-0.036775968968868256,0.4448360465466976,0.24138523258268835,0.28,0.03861476741731168,0.8730297088623047,0.10045529156923294,0.9104631543159485,-0.03397370129823685,-0.040596723556518555,-0.30844953656196594,-0.02557593584060669,-0.33402547240257263,-0.03632283955812454,-0.04751230776309967,-0.24579478800296783,-0.02993275411427021,-0.2757275402545929,-0.030325235798954964,-0.024738464504480362,-0.1919083446264267,-0.015585232526063919,-0.20749357342720032,-0.079099640250206,-0.08403071016073227,-0.1636066734790802,-0.05293934792280197,-0.21654602885246277,-0.07525136321783066,-0.05942940711975098,-0.16972199082374573,-0.037440527230501175,-0.2071625143289566,0.05873973295092583,0.051277317106723785,-0.20834586024284363,0.032304707914590836,-0.1760411560535431,0.01503970567137003,0.01038320641964674,-0.27530568838119507,0.0065414197742938995,-0.2687642574310303,0.017429083585739136,0.0035143913701176643,0.02146201767027378,0.0022140664514154196,0.023676084354519844,0.06408435106277466,0.06248949468135834,0.3139890432357788,0.03936837986111641,0.3533574342727661,0.014134757220745087,0.014853149652481079,0.42095041275024414,0.009357484057545662,0.43030789494514465,-0.04765944182872772,-0.058648206293582916,0.3446345031261444,-0.036948367953300476,0.3076861500740051
10.46,0.05,0.075,0.0,0.06688031293152893,0.05220786004540465,0.22882574312185078,-0.02488301694393158,0.46267547458410263,0.25387283220887186,0.28,0.02612716779112817,0.8945624828338623,0.10256586968898773,0.9305883646011353,-0.016321595758199692,-0.03331418335437775,-0.3225952684879303,-0.02098793536424637,-0.34358319640159607,-0.037211284041404724,-0.044422000646591187,-0.2607729732990265,-0.027985859662294388,-0.2887588441371918,-0.04134150594472885,-0.02971937693655491,-0.20304468274116516,-0.018723206594586372,-0.22176788747310638,-0.09501811116933823,-0.08732692897319794,-0.16742582619190216,-0.055015966296195984,-0.22244179248809814,-0.07399932295084,-0.0638003796339035,-0.16503210365772247,-0.04019423946738243,-0.2052263468503952,0.04434185102581978,0.04919667914509773,-0.19661051034927368,0.030993906781077385,-0.16561660170555115,0.06295008957386017,0.02615327201783657,-0.28568747639656067,0.01647656038403511,-0.26921090483665466,0.033595338463783264,0.012538675218820572,-0.0002167413040297106,0.00789936538785696,0.007682624273002148,0.07017979025840759,0.064796581864357,0.30246397852897644,0.04082184657454491,0.34328582882881165,0.027552075684070587,0.0186628270894289,0.4309828579425812,0.011757580563426018,0.44274044036865234,-0.04674527794122696,-0.05507732555270195,0.36629754304885864,-0.034698713570833206,0.33159881830215454
10.48,0.05,0.075,0.0,0.06133858733240364,0.047225279394856955,0.18616349725020007,-0.06117028743028641,0.4082445688545704,0.2157711981981993,0.28,0.06422880180180074,0.9165816903114319,0.10270022600889206,0.9491147398948669,-0.016371021047234535,-0.02823123335838318,-0.33584269881248474,-0.017785677686333656,-0.35362836718559265,-0.038383789360523224,-0.0426105372607708,-0.27599310874938965,-0.026844637468457222,-0.3028377592563629,-0.05420501530170441,-0.037065066397190094,-0.21548770368099213,-0.023350991308689117,-0.23883870244026184,-0.0673069879412651,-0.08132094889879227,-0.17320860922336578,-0.051232196390628815,-0.2244408130645752,-0.07507538050413132,-0.06718288362026215,-0.16234998404979706,-0.0423252172768116,-0.20467519760131836,0.06813856214284897,0.05487924441695213,-0.18630051612854004,0.03457392379641533,-0.1517265886068344,0.022032447159290314,0.02491702511906624,-0.2940964996814728,0.015697725117206573,-0.2783987820148468,0.008525339886546135,0.011334674432873726,-0.021718256175518036,0.007140845060348511,-0.014577411115169525,0.0817870944738388,0.0698937326669693,0.28914523124694824,0.044033050537109375,0.3331782817840576,-0.016922282055020332,0.007987293414771557,0.43902552127838135,0.0050319950096309185,0.44405752420425415,-0.04632522910833359,-0.05245169624686241,0.3877435624599457,-0.033044569194316864,0.3546989858150482
10.5,0.05,0.075,0.0,0.055580857176614894,0.04245132582291732,0.14356184138868322,-0.06655019521713257,0.40017470717430115,0.21012229502201085,0.28,0.06987770497798917,0.938654363155365,0.10367508232593536,0.9707736968994141,-0.012013399973511696,-0.02336588315665722,-0.3479475677013397,-0.01472050603479147,-0.36266806721687317,-0.03216003254055977,-0.03947538509964943,-0.2911744713783264,-0.024869492277503014,-0.3160439729690552,-0.031362056732177734,-0.035354163497686386,-0.22900789976119995,-0.022273123264312744,-0.2512810230255127,-0.0890355259180069,-0.08363532274961472,-0.18084834516048431,-0.05269025266170502,-0.23353859782218933,-0.08366791158914566,-0.07212839275598526,-0.16172510385513306,-0.04544088616967201,-0.20716598629951477,0.07198717445135117,0.060011621564626694,-0.1776060163974762,0.03780732303857803,-0.13979870080947876,0.02115223929286003,0.023787589743733406,-0.300447016954422,0.014986181631684303,-0.28546082973480225,0.014114394783973694,0.012168590910732746,-0.042823418974876404,0.007666212040930986,-0.035157207399606705,0.07910089939832687,0.07265588641166687,0.27416855096817017,0.045773208141326904,0.31994175910949707,-0.004151945002377033,0.004345521796494722,0.4449964165687561,0.0027376788202673197,0.4477340877056122,-0.023540617898106575,-0.043778371065855026,0.4087539613246918,-0.027580372989177704,0.38117358088493347
10.52,0.05,0.075,0.0,0.044863700302595226,0.03591237721645771,0.07260082014350171,-0.07167121022939682,0.39249318465590477,0.20474522925913335,0.28,0.07525477074086667,0.9603659510612488,0.1023794412612915,0.9897070527076721,-0.027379631996154785,-0.024570006877183914,-0.35868653655052185,-0.015479104593396187,-0.3741656541824341,-0.007397737819701433,-0.029852090403437614,-0.3060370981693268,-0.01880681701004505,-0.3248439133167267,-0.03591770678758621,-0.03552322834730148,-0.24335592985153198,-0.02237963303923607,-0.26573556661605835,-0.0756755843758583,-0.08124740421772003,-0.19020414352416992,-0.051185864955186844,-0.24139000475406647,-0.0871824324131012,-0.07664459943771362,-0.1631689816713333,-0.04828609898686409,-0.2114550769329071,0.02896224334836006,0.050696808844804764,-0.17068739235401154,0.03193898871541023,-0.1387484073638916,0.0831306204199791,0.04159049689769745,-0.3046743869781494,0.026202013716101646,-0.278472363948822,0.026736631989479065,0.01653900370001793,-0.06331715732812881,0.010419572703540325,-0.052897583693265915,0.06475968658924103,0.07028702646493912,0.2576865553855896,0.044280827045440674,0.3019673824310303,0.018785398453474045,0.008677484467625618,0.44883474707603455,0.005466815084218979,0.4543015658855438,-0.030650759115815163,-0.03984008729457855,0.4291146695613861,-0.0250992551445961,0.4040154218673706
10.540000000000001,0.05,0.075,0.0,0.03468208961978327,0.029903998246821082,0.010468538135922264,-0.09105218201875687,0.3634217269718647,0.1843952088803053,0.28,0.09560479111969472,0.9813278913497925,0.10167849063873291,1.0087295770645142,-0.03059760294854641,-0.026378285139799118,-0.3678615987300873,-0.01661831885576248,-0.38447991013526917,-0.007765021175146103,-0.023225968703627586,-0.32030683755874634,-0.014632360078394413,-0.33493921160697937,-0.04419337958097458,-0.03812427446246147,-0.2582671344280243,-0.024018293246626854,-0.2822854220867157,-0.0643303319811821,-0.07617228478193283,-0.20110344886779785,-0.047988537698984146,-0.2490919828414917,-0.08562488853931427,-0.0793386846780777,-0.16665500402450562,-0.049983371049165726,-0.21663837134838104,0.04608912393450737,0.049314506351947784,-0.16567222774028778,0.031068138778209686,-0.1346040964126587,0.04952840507030487,0.043971870094537735,-0.30673548579216003,0.027702277526259422,-0.27903321385383606,0.013921702280640602,0.015753813087940216,-0.0829906240105629,0.009924902580678463,-0.07306572049856186,0.07948050647974014,0.07304507493972778,0.2398672103881836,0.04601839557290077,0.28588560223579407,-0.011356649920344353,0.0026672438252717257,0.45050138235092163,0.0016803635517135262,0.45218175649642944,-0.027514537796378136,-0.03614242374897003,0.44861820340156555,-0.022769726812839508,0.42584848403930664
10.56,0.05,0.075,0.0,0.024685531480028028,0.025002262360605737,-0.04704000895604713,-0.09400516748428345,0.35899224877357483,0.1812945741415024,0.28,0.09870542585849762,1.0011837482452393,0.10637281835079193,1.0293147563934326,0.02848648466169834,-0.00991885457187891,-0.3753035068511963,-0.006248878315091133,-0.38155239820480347,-0.03484431654214859,-0.026711473241448402,-0.33372050523757935,-0.016828227788209915,-0.35054874420166016,-0.010693637654185295,-0.029895083978772163,-0.2734665274620056,-0.018833903595805168,-0.29230043292045593,-0.12873992323875427,-0.09194257855415344,-0.2133452445268631,-0.057923823595047,-0.2712690830230713,-0.0725531131029129,-0.07730301469564438,-0.17211885750293732,-0.04870089888572693,-0.22081975638866425,0.0875856950879097,0.0607958622276783,-0.16265302896499634,0.03830139338970184,-0.1243516355752945,0.021315578371286392,0.03717498108744621,-0.3066093325614929,0.023420237004756927,-0.2831890881061554,0.0346379429101944,0.02141905203461647,-0.10164334625005722,0.013494002632796764,-0.08814934641122818,0.08919182419776917,0.0778890997171402,0.22089208662509918,0.04907013103365898,0.26996222138404846,0.0065179672092199326,0.0038224607706069946,0.44997933506965637,0.002408150350674987,0.4523874819278717,-0.007311727851629257,-0.02749321423470974,0.4670657813549042,-0.017320724204182625,0.4497450590133667
10.58,0.05,0.075,0.0,0.01468199554742978,0.021373159277589374,-0.09629125903479145,-0.11867251247167587,0.3219912312924862,0.15539386190474036,0.28,0.12460613809525967,1.0196125507354736,0.106419637799263,1.0463436841964722,0.039383672177791595,0.004871903918683529,-0.38087502121925354,0.003069299506023526,-0.3778057098388672,-0.030848031863570213,-0.027952440083026886,-0.34603071212768555,-0.017610037699341774,-0.36364075541496277,-0.0232932697981596,-0.027914540842175484,-0.2886737585067749,-0.017586160451173782,-0.3062599301338196,-0.09074924141168594,-0.09158457815647125,-0.2267037332057953,-0.05769828334450722,-0.2844020128250122,-0.06956318020820618,-0.07498106360435486,-0.17945978045463562,-0.0472380705177784,-0.22669784724712372,0.07262372970581055,0.06434421986341476,-0.16168548166751862,0.04053685814142227,-0.12114862352609634,0.03373710811138153,0.03614361956715584,-0.30429720878601074,0.022770479321479797,-0.28152674436569214,0.03575842082500458,0.025720862671732903,-0.11908523738384247,0.016204142943024635,-0.10288109630346298,0.08733107894659042,0.08072169125080109,0.20095454156398773,0.05085466429591179,0.2518092095851898,0.0018950551748275757,0.0032442391384392977,0.44727393984794617,0.0020438707433640957,0.4493178129196167,0.005919848568737507,-0.017469296231865883,0.4842694401741028,-0.01100565679371357,0.47326377034187317
10.6,0.05,0.075,0.0,0.006463960609475343,0.019600328904265916,-0.1368834525005281,-0.14078016579151154,0.2888297513127327,0.13218082591891292,0.28,0.1478191740810871,1.036331295967102,0.1036834642291069,1.060636043548584,0.028930028900504112,0.012089341878890991,-0.38447335362434387,0.0076162852346897125,-0.37685707211494446,-0.02906116656959057,-0.028285056352615356,-0.3570104241371155,-0.017819585278630257,-0.3748300075531006,-0.03022388182580471,-0.028607342392206192,-0.30360835790634155,-0.018022624775767326,-0.32163098454475403,-0.0711984932422638,-0.08546875417232513,-0.24093253910541534,-0.05384531617164612,-0.29477787017822266,-0.060161590576171875,-0.07053522020578384,-0.18854238092899323,-0.044437188655138016,-0.23297956585884094,0.060349006205797195,0.06314565241336823,-0.16278743743896484,0.039781760424375534,-0.12300567328929901,0.03470132127404213,0.035710930824279785,-0.2998226583003998,0.022497886791825294,-0.27732476592063904,0.030154209583997726,0.027050867676734924,-0.13513855636119843,0.017042046412825584,-0.11809650808572769,0.0866096094250679,0.08248806744813919,0.18025776743888855,0.05196748301386833,0.23222525417804718,0.0022602006793022156,0.0029490278102457523,0.44241270422935486,0.0018578874878585339,0.4442705810070038,-0.010173063725233078,-0.015280426479876041,0.500053882598877,-0.009626668877899647,0.4904272258281708
10.620000000000001,0.05,0.075,0.0,-0.004477397857366979,0.018327138407527335,-0.1752933274132351,-0.14525152742862701,0.2821227088570595,0.12748589619994166,0.28,0.15251410380005836,1.0510956048965454,0.10405847430229187,1.0736913681030273,0.02676236443221569,0.016491249203681946,-0.3860321640968323,0.010389487259089947,-0.37564268708229065,-0.03015766479074955,-0.02884683944284916,-0.36645710468292236,-0.01817350834608078,-0.38463062047958374,-0.01214362308382988,-0.02366822585463524,-0.3179948627948761,-0.014910981990396976,-0.3329058587551117,-0.09842391312122345,-0.08935530483722687,-0.2557692527770996,-0.05629384145140648,-0.3120630979537964,-0.05451131612062454,-0.06572805345058441,-0.1991991251707077,-0.04140867292881012,-0.24060779809951782,0.07240277528762817,0.06592278927564621,-0.16593855619430542,0.041531357914209366,-0.12440720200538635,0.027580756694078445,0.03327187895774841,-0.2932312786579132,0.020961282774806023,-0.27226999402046204,0.029453277587890625,0.027771592140197754,-0.14963971078395844,0.017496103420853615,-0.13214360177516937,0.08239296078681946,0.08245953917503357,0.15901267528533936,0.05194950848817825,0.210962176322937,0.008391162380576134,0.00458166841417551,0.43544524908065796,0.00288645108230412,0.4383316934108734,-0.018950650468468666,-0.01638149470090866,0.5142582058906555,-0.01032034121453762,0.503937840461731
10.64,0.05,0.075,0.0,-0.010082323776107127,0.018501820854575787,-0.19877662335150545,-0.14354616403579712,0.2846807539463043,0.12927652776241305,0.28,0.15072347223758698,1.0637000799179077,0.10393860191106796,1.0797414779663086,0.03604003041982651,0.022355884313583374,-0.38552266359329224,0.014084206894040108,-0.3714384436607361,-0.005263376981019974,-0.02177179977297783,-0.37419652938842773,-0.013716233894228935,-0.3879127502441406,-0.00219661183655262,-0.01722674071788788,-0.3315679728984833,-0.010852846316993237,-0.3424208164215088,-0.09430059790611267,-0.09083889424800873,-0.2709401845932007,-0.05722850188612938,-0.32816869020462036,-0.07002995908260345,-0.06701862812042236,-0.2112334817647934,-0.042221736162900925,-0.2534552216529846,0.053179699927568436,0.062099866569042206,-0.17108072340488434,0.039122916758060455,-0.1319577991962433,0.06968938559293747,0.04419713467359543,-0.2845902740955353,0.027844194322824478,-0.2567460834980011,0.03556619957089424,0.03010997548699379,-0.1624409407377243,0.018969284370541573,-0.14347165822982788,0.07213568687438965,0.07936238497495651,0.13743574917316437,0.04999830201268196,0.18743404746055603,-0.017952878028154373,-0.0021786957513540983,0.42644253373146057,-0.0013725783210247755,0.4250699579715729,-0.00720592588186264,-0.013628823682665825,0.5267376899719238,-0.008586158975958824,0.5181515216827393
10.66,0.05,0.075,0.0,-0.015031976671100867,0.01984150905011865,-0.21498656415629766,-0.14837022125720978,0.27744466811418533,0.12421126767992977,0.28,0.15578873232007026,1.0739778280258179,0.09140276908874512,1.082660436630249,0.03633536398410797,0.026549728587269783,-0.38295429944992065,0.016726328060030937,-0.36622798442840576,0.019585026428103447,-0.009364751167595387,-0.3800859749317169,-0.00589979300275445,-0.38598576188087463,-0.03243095427751541,-0.02178800478577614,-0.34407728910446167,-0.01372644305229187,-0.35780373215675354,0.00404347013682127,-0.062374185770750046,-0.2861655652523041,-0.0392957367002964,-0.3254612982273102,-0.08923710882663727,-0.07368417084217072,-0.22442349791526794,-0.046421028673648834,-0.2708445191383362,0.004600896500051022,0.044850174337625504,-0.17811910808086395,0.028255609795451164,-0.14986349642276764,0.055732257664203644,0.04765767231583595,-0.27398765087127686,0.0300243329256773,-0.2439633160829544,0.03229086846113205,0.030764244496822357,-0.1734117716550827,0.01938147470355034,-0.15403029322624207,0.051325514912605286,0.07095132023096085,0.1157468780875206,0.044699329882860184,0.16044621169567108,-0.03552662581205368,-0.01218307577073574,0.4154963195323944,-0.007675337605178356,0.4078209698200226,0.008148053660988808,-0.007095759734511375,0.5373651385307312,-0.00447032880038023,0.5328947901725769
10.68,0.05,0.075,0.0,-0.019826540294325984,0.021883710271294658,-0.22137558077808558,-0.15952755510807037,0.26070866733789444,0.11249606713652616,0.28,0.16750393286347387,1.0817984342575073,0.08681616187095642,1.0901376008987427,0.04013872891664505,0.030626429244875908,-0.3783744275569916,0.019294649362564087,-0.3590797781944275,-0.010799922049045563,-0.009795302525162697,-0.38401681184768677,-0.006171040702611208,-0.3901878595352173,-0.021949348971247673,-0.021836407482624054,-0.3552921414375305,-0.01375693641602993,-0.369049072265625,-0.03870317339897156,-0.05527288094162941,-0.30116456747055054,-0.03482191637158394,-0.33598649501800537,-0.06604745239019394,-0.07139315456151962,-0.2385258674621582,-0.044977687299251556,-0.28350356221199036,0.04901796951889992,0.04610051214694977,-0.18692389130592346,0.029043322429060936,-0.15788057446479797,0.014431821182370186,0.03768991678953171,-0.2615315020084381,0.023744648322463036,-0.23778685927391052,0.03369573876261711,0.031643692404031754,-0.18244042992591858,0.019935525953769684,-0.1625049114227295,0.059027720242738724,0.06737424433231354,0.0941670835018158,0.042445775121450424,0.13661286234855652,-0.022818751633167267,-0.015373777598142624,0.40271812677383423,-0.009685480035841465,0.39303264021873474,0.00972205400466919,-0.0020504151470959187,0.5460323095321655,-0.0012917615240439773,0.5447405576705933
10.700000000000001,0.05,0.075,0.0,-0.022982721330759348,0.02434414867861753,-0.22312577095837938,-0.1630845069885254,0.2553732395172119,0.10876126766204838,0.28,0.17123873233795164,1.087066888809204,0.0861378014087677,1.0953625440597534,0.038824014365673065,0.03308570384979248,-0.37186747789382935,0.0208439938724041,-0.35102349519729614,-0.018290197476744652,-0.012343770824372768,-0.385916531085968,-0.00777657562866807,-0.39369311928749084,-0.0035159680992364883,-0.01634027622640133,-0.36500564217567444,-0.010294374078512192,-0.37530001997947693,-0.06961806118488312,-0.05957643687725067,-0.3156605660915375,-0.03753315657377243,-0.3531937301158905,-0.05570051819086075,-0.06668536365032196,-0.25328052043914795,-0.04201177880167961,-0.29529228806495667,0.058718372136354446,0.04988586902618408,-0.19733268022537231,0.03142809867858887,-0.16590458154678345,0.021336941048502922,0.03278402239084244,-0.24734872579574585,0.02065393328666687,-0.22669479250907898,0.03176427260041237,0.03167986497282982,-0.18943488597869873,0.019958315417170525,-0.16947656869888306,0.06428265571594238,0.06644676625728607,0.07291626185178757,0.04186146333813667,0.11477772891521454,-0.011024147272109985,-0.014068888500332832,0.38823816180229187,-0.008863399736583233,0.37937477231025696,-0.001662997528910637,-0.0019341898150742054,0.5526508688926697,-0.0012185395462438464,0.5514323115348816
10.72,0.05,0.075,0.0,-0.02618902937429896,0.02673195407382367,-0.2240578202506267,-0.15608081221580505,0.2658787816762924,0.11611514717340474,0.28,0.1638848528265953,1.089721918106079,0.08350842446088791,1.0993213653564453,0.029625283554196358,0.0320475772023201,-0.363553524017334,0.02018997259438038,-0.34336355328559875,-0.020326534286141396,-0.014738600701093674,-0.3857501149177551,-0.009285318665206432,-0.39503544569015503,0.004794156178832054,-0.009999945759773254,-0.3730386793613434,-0.006299965549260378,-0.37933865189552307,-0.06947208195924759,-0.06254512816667557,-0.3293861746788025,-0.03940343111753464,-0.3687896132469177,-0.055231109261512756,-0.06324908882379532,-0.26841533184051514,-0.03984692692756653,-0.30826225876808167,0.052092213183641434,0.0505477711558342,-0.20915350317955017,0.0318450964987278,-0.17730841040611267,0.003745162859559059,0.02407236397266388,-0.2315838783979416,0.015165588818490505,-0.2164182960987091,0.02100333571434021,0.028476905077695847,-0.19432388246059418,0.017940450459718704,-0.17638343572616577,0.06135855242609978,0.06492029875516891,0.052210982888936996,0.04089978709816933,0.09311076998710632,-0.007631794549524784,-0.012137760408222675,0.3722040355205536,-0.007646788842976093,0.3645572364330292,-0.0038129156455397606,-0.0024978076107800007,0.5571532845497131,-0.001573618734255433,0.555579662322998
10.74,0.05,0.075,0.0,-0.027723082665744945,0.029825260789708655,-0.21876936435985547,-0.15146540105342865,0.272801898419857,0.12096132889389996,0.28,0.15903867110610007,1.0897328853607178,0.08494114130735397,1.100178599357605,0.030831055715680122,0.03168262168765068,-0.3535858690738678,0.019960051402449608,-0.33362582325935364,-0.016774063929915428,-0.015349239110946655,-0.38352060317993164,-0.009670021012425423,-0.3931906223297119,0.0320444330573082,0.002613368444144726,-0.3792431056499481,0.0016464220825582743,-0.3775966763496399,-0.10306379944086075,-0.074700728058815,-0.3420882821083069,-0.047061458230018616,-0.3891497254371643,-0.04885154217481613,-0.05892982333898544,-0.2836511433124542,-0.03712578862905502,-0.32077693939208984,0.05553075298666954,0.05204266682267189,-0.22216834127902985,0.03278687968850136,-0.1893814653158188,0.011295072734355927,0.020239176228642464,-0.214397594332695,0.012750680558383465,-0.20164690911769867,0.019665956497192383,0.025833619758486748,-0.1970575749874115,0.016275180503726006,-0.18078239262104034,0.05983468145132065,0.06339461356401443,0.03226223960518837,0.039938606321811676,0.07220084965229034,0.0013408642262220383,-0.008094172924757004,0.35477912425994873,-0.005099328700453043,0.3496797978878021,-0.004393007606267929,-0.0030663677025586367,0.5594937801361084,-0.0019318116828799248,0.557561993598938
10.76,0.05,0.075,0.0,-0.029295209008738023,0.033073733369448736,-0.21297504460434466,-0.1491147130727768,0.2763279303908348,0.1234295512735844,0.28,0.15657044872641562,1.0870983600616455,0.08581295609474182,1.0965149402618408,0.04416465014219284,0.03542722761631012,-0.3421483635902405,0.02231915295124054,-0.31982922554016113,-0.015899542719125748,-0.015514330938458443,-0.3792691230773926,-0.009774028323590755,-0.3890431523323059,0.035764195024967194,0.012558616697788239,-0.3835044503211975,0.007911927998065948,-0.37559252977371216,-0.09253537654876709,-0.08005112409591675,-0.3535325825214386,-0.05043220892548561,-0.4039647877216339,-0.05040112882852554,-0.05637121573090553,-0.29870694875717163,-0.03551386669278145,-0.334220826625824,0.05176780745387077,0.051960211247205734,-0.23613713681697845,0.032734934240579605,-0.20340220630168915,0.008573171682655811,0.0167393758893013,-0.1959650218486786,0.010545806959271431,-0.1854192167520523,0.02027817815542221,0.024166986346244812,-0.1976081281900406,0.015225200913846493,-0.18238292634487152,0.05443643406033516,0.06070715934038162,0.013273315504193306,0.038245510309934616,0.05151882767677307,-0.006243778392672539,-0.007539054844528437,0.3361409604549408,-0.0047496045008301735,0.3313913643360138,-0.0021173274144530296,-0.002781655639410019,0.5596484541893005,-0.0017524430295452476,0.5578960180282593
10.78,0.05,0.075,0.0,-0.029631662877709602,0.036874368604527495,-0.19732711894046182,-0.16150645911693573,0.2577403113245964,0.11041821792721751,0.28,0.16958178207278252,1.0818428993225098,0.0811770111322403,1.0866347551345825,0.044931188225746155,0.03827841579914093,-0.32945194840431213,0.02411540225148201,-0.30533653497695923,-0.008190929889678955,-0.013317310251295567,-0.37307411432266235,-0.008389905095100403,-0.38146400451660156,0.0267802644520998,0.016825109720230103,-0.3857441246509552,0.010599819011986256,-0.3751443028450012,-0.05161908641457558,-0.07152151316404343,-0.363508015871048,-0.04505855217576027,-0.40856656432151794,-0.051581136882305145,-0.054934192448854446,-0.3133050501346588,-0.03460853919386864,-0.34791359305381775,0.03345057740807533,0.046407319605350494,-0.25080227851867676,0.02923661097884178,-0.22156566381454468,0.019413232803344727,0.01754153147339821,-0.17647399008274078,0.01105116493999958,-0.16542282700538635,0.020884975790977478,0.023182382807135582,-0.19596993923187256,0.01460490096360445,-0.18136504292488098,0.05224047601222992,0.05816715583205223,-0.004562279675155878,0.03664530813694,0.03208302706480026,-0.021339064463973045,-0.011679057963192463,0.31647950410842896,-0.00735780643299222,0.309121698141098,-0.010371755808591843,-0.0050586857832968235,0.5576157569885254,-0.003186972113326192,0.55442875623703
10.8,0.05,0.075,0.0,-0.03021320216774702,0.04067650635694404,-0.18150796003158062,-0.14501015841960907,0.2824847623705864,0.1277393336594105,0.28,0.15226066634058952,1.074015736579895,0.07783220708370209,1.0755983591079712,0.05462006479501724,0.043180912733078,-0.3157307803630829,0.02720397524535656,-0.2885268032550812,-0.008121784776449203,-0.0117586525157094,-0.365049809217453,-0.007407951168715954,-0.3724577724933624,0.03132458031177521,0.021174952387809753,-0.38592082262039185,0.013340219855308533,-0.3725805878639221,-0.04643294960260391,-0.06399494409561157,-0.3718305826187134,-0.04031681269407272,-0.4121474027633667,-0.057358890771865845,-0.05566160008311272,-0.3271762430667877,-0.03506680950522423,-0.36224305629730225,0.030838239938020706,0.04173659533262253,-0.26589325070381165,0.026294054463505745,-0.23959919810295105,0.004518900997936726,0.013634742237627506,-0.1561231166124344,0.008589887991547585,-0.14753322303295135,0.017834186553955078,0.021577924489974976,-0.19215966761112213,0.01359409186989069,-0.17856557667255402,0.04523219168186188,0.054286666214466095,-0.02106279321014881,0.034200601279735565,0.013137808069586754,-0.024059854447841644,-0.01539329718798399,0.2959951162338257,-0.009697777219116688,0.28629735112190247,-0.009452106431126595,-0.006376712117344141,0.55341637134552,-0.004017328377813101,0.5493990182876587
10.82,0.05,0.075,0.0,-0.029560566562996677,0.0446533198239003,-0.15829241034759978,-0.14248166978359222,0.28627749532461166,0.1303942467272282,0.28,0.1496057532727718,1.063688039779663,0.07688716053962708,1.061161756515503,0.05529875308275223,0.04681626707315445,-0.30123797059059143,0.02949424833059311,-0.2717437148094177,-0.0012520947493612766,-0.00860668532550335,-0.3553442060947418,-0.005422211717814207,-0.3607664108276367,0.049966804683208466,0.029812507331371307,-0.3840312957763672,0.018781879916787148,-0.3652494251728058,-0.057689063251018524,-0.06210317835211754,-0.3783468008041382,-0.039125002920627594,-0.4174717962741852,-0.05271879583597183,-0.05477876216173172,-0.34006467461586,-0.034510619938373566,-0.37457528710365295,0.019749648869037628,0.035140510648489,-0.2811317443847656,0.022138521075248718,-0.2589932084083557,0.025007296353578568,0.017046509310603142,-0.13511981070041656,0.010739300400018692,-0.12438051402568817,0.016517773270606995,0.02005987986922264,-0.18621616065502167,0.012637724168598652,-0.1735784411430359,0.04133159667253494,0.05040014535188675,-0.03606007620692253,0.0317520909011364,-0.004307985305786133,-0.020449135452508926,-0.016910050064325333,0.2748965620994568,-0.010653331875801086,0.2642432451248169,-0.02289496548473835,-0.011332187801599503,0.5470930933952332,-0.00713927811011672,0.5399538278579712
10.84,0.05,0.075,0.0,-0.028570016099133844,0.04920674349046583,-0.13108820845426342,-0.1257666051387787,0.31135009229183197,0.14794506460428242,0.28,0.1320549353957176,1.0509511232376099,0.07481852918863297,1.045616865158081,0.05399724841117859,0.04897056147456169,-0.2862407863140106,0.03085145354270935,-0.25538933277130127,-0.008894817903637886,-0.00869312509894371,-0.3441363275051117,-0.005476668942719698,-0.3496130108833313,0.04892642796039581,0.0355466827750206,-0.38011038303375244,0.022394409403204918,-0.3577159643173218,-0.04924115911126137,-0.05824457108974457,-0.3829364776611328,-0.036694079637527466,-0.4196305572986603,-0.046417541801929474,-0.05227039381861687,-0.35173264145851135,-0.03293034806847572,-0.3846629858016968,0.013240574859082699,0.02857052907347679,-0.29623672366142273,0.01799943298101425,-0.2782372832298279,0.00855478085577488,0.014498990960419178,-0.11367807537317276,0.009134364314377308,-0.10454370826482773,0.001780591905117035,0.014576093293726444,-0.17820000648498535,0.009182938374578953,-0.16901706159114838,0.04136480391025543,0.047689542174339294,-0.04940129816532135,0.03004441224038601,-0.01935688592493534,-0.030972855165600777,-0.02112889103591442,0.2533988058567047,-0.013311201706528664,0.2400875985622406,-0.029561998322606087,-0.016801131889224052,0.538710355758667,-0.010584712959825993,0.5281256437301636
10.86,0.05,0.075,0.0,-0.02624351345831,0.05427523309278681,-0.10075344218239539,-0.1223718523979187,0.31644222140312195,0.1515095549821854,0.28,0.12849044501781462,1.0359145402908325,0.07447580993175507,1.0289301872253418,0.03747145086526871,0.04552082717418671,-0.27101582288742065,0.02867812104523182,-0.24233770370483398,-0.0213115643709898,-0.012478657066822052,-0.3316328525543213,-0.007861553691327572,-0.33949440717697144,0.061717137694358826,0.043397821485996246,-0.37423041462898254,0.02734062820672989,-0.34688979387283325,-0.06183795630931854,-0.05932258442044258,-0.3855149745941162,-0.03737322613596916,-0.4228881895542145,-0.03688572719693184,-0.04765499383211136,-0.3619649112224579,-0.030022645369172096,-0.39198756217956543,0.02654420956969261,0.027962632477283478,-0.3109295666217804,0.017616458237171173,-0.2933131158351898,-0.0026871580630540848,0.009343146346509457,-0.09201642870903015,0.005886182188987732,-0.08613024652004242,0.0010434724390506744,0.010516307316720486,-0.16819284856319427,0.006625273730605841,-0.1615675687789917,0.04042309150099754,0.04550960659980774,-0.06095051020383835,0.028671052306890488,-0.03227945789694786,-0.023131918162107468,-0.02172979898750782,0.2317209243774414,-0.01368977315723896,0.2180311530828476,-0.03900042176246643,-0.02346091903746128,0.5283536314964294,-0.01478037890046835,0.5135732293128967
10.88,0.05,0.075,0.0,-0.02257883170073755,0.05931646756965111,-0.06474140086019542,-0.1049928218126297,0.34251076728105545,0.16975753709673885,0.28,0.11024246290326117,1.0187056064605713,0.07598982006311417,1.009701132774353,0.04300825297832489,0.04476705566048622,-0.2558439373970032,0.028203245252370834,-0.22764068841934204,-0.017535947263240814,-0.013995843939483166,-0.31806445121765137,-0.008817381225526333,-0.3268818259239197,0.07317399978637695,0.05233067274093628,-0.3664998412132263,0.032968323677778244,-0.33353152871131897,-0.061209265142679214,-0.05988858640193939,-0.3860347270965576,-0.037729810923337936,-0.42376452684402466,-0.03681878000497818,-0.044404130429029465,-0.3705728054046631,-0.027974601835012436,-0.3985474109649658,0.013525216840207577,0.02363140881061554,-0.3249393105506897,0.014887787401676178,-0.3100515305995941,0.012115740217268467,0.01017492450773716,-0.0703556165099144,0.006410202477127314,-0.06394541263580322,-0.008088372647762299,0.004934903234243393,-0.15629670023918152,0.003108988981693983,-0.15318770706653595,0.042643509805202484,0.04464977607131004,-0.07059001177549362,0.02812935784459114,-0.04246065393090248,-0.019457096233963966,-0.021047988906502724,0.21008385717868805,-0.013260233215987682,0.1968236267566681,-0.046861499547958374,-0.030481092631816864,0.516128420829773,-0.01920308731496334,0.49692532420158386
10.9,0.05,0.075,0.0,-0.01971045170781188,0.06353734609705293,-0.03567025348358399,-0.08368753641843796,0.37446869537234306,0.1921280867606402,0.28,0.08787191323935983,0.9994679689407349,0.07431004196405411,0.9905622601509094,0.03043767623603344,0.0404682382941246,-0.24100488424301147,0.02549498900771141,-0.21550989151000977,-0.02299407124519348,-0.016695313155651093,-0.303681343793869,-0.010518047027289867,-0.31419938802719116,0.06077536195516586,0.054864078760147095,-0.3570612370967865,0.034564368426799774,-0.32249686121940613,-0.04034106433391571,-0.05402433127164841,-0.3844861686229706,-0.0340353287756443,-0.4185214936733246,-0.03828735649585724,-0.04256909713149071,-0.3773975372314453,-0.0268185306340456,-0.40421608090400696,0.0046809883788228035,0.017946282401680946,-0.33800753951072693,0.011306158266961575,-0.3267013728618622,-0.012639493681490421,0.0033305990509688854,-0.04891636595129967,0.0020982774440199137,-0.0468180887401104,-0.025157004594802856,-0.004092669114470482,-0.14263278245925903,-0.002578381448984146,-0.14521116018295288,0.04436507821083069,0.04456436634063721,-0.07822158187627792,0.028075549751520157,-0.05014603212475777,-0.04862942919135094,-0.029322421178221703,0.18870806694030762,-0.018473125994205475,0.17023494839668274,-0.03739505261182785,-0.03255528211593628,0.5021592974662781,-0.020509827882051468,0.4816494584083557
10.92,0.05,0.075,0.0,-0.015645720420112644,0.06772831882799664,-0.0012632543143018538,-0.06805676221847534,0.397914856672287,0.20854039967060092,0.28,0.0714596003293991,0.9783617854118347,0.07584066689014435,0.9683918356895447,0.022707538679242134,0.0351400300860405,-0.22677239775657654,0.022138219326734543,-0.2046341747045517,-0.024127354845404625,-0.018924925476312637,-0.28874877095222473,-0.011922703124582767,-0.3006714880466461,0.06990088522434235,0.05937512218952179,-0.3460886478424072,0.037406325340270996,-0.30868232250213623,-0.052956800907850266,-0.053704071789979935,-0.3808978199958801,-0.03383356332778931,-0.41473138332366943,-0.02368621528148651,-0.0369042344391346,-0.38231325149536133,-0.023249667137861252,-0.4055629074573517,0.017161060124635696,0.017710715532302856,-0.3498932421207428,0.011157751083374023,-0.3387354910373688,-0.01712680235505104,-0.002806621603667736,-0.027917152270674706,-0.0017681715544313192,-0.02968532405793667,-0.02846890687942505,-0.011405540630221367,-0.12734033167362213,-0.00718549033626914,-0.1345258206129074,0.04869206249713898,0.04580267518758774,-0.08376744389533997,0.028855685144662857,-0.05491175875067711,-0.056314121931791306,-0.03741993010044098,0.16781140863895416,-0.023574555292725563,0.14423684775829315,-0.03842638432979584,-0.034316614270210266,0.48658862709999084,-0.021619467064738274,0.4649691581726074
10.94,0.05,0.075,0.0,-0.010845534434615176,0.0726049337806171,0.0369188075523447,-0.05338220298290253,0.4199266955256462,0.22394868686795238,0.28,0.05605131313204764,0.9555640816688538,0.07649760693311691,0.9433605074882507,0.031830430030822754,0.034147150814533234,-0.213408961892128,0.021512703970074654,-0.1918962597846985,-0.028972217813134193,-0.02193911373615265,-0.273542195558548,-0.01382164191454649,-0.28736382722854614,0.07513297349214554,0.06410247832536697,-0.3337845206260681,0.04038456082344055,-0.29339995980262756,-0.03709092736244202,-0.04872012883424759,-0.3753358721733093,-0.03069368004798889,-0.4060295522212982,-0.026451945304870605,-0.03376854956150055,-0.3852292597293854,-0.021274186670780182,-0.40650343894958496,0.003206828609108925,0.013359549455344677,-0.3603771924972534,0.008416515775024891,-0.351960688829422,-0.004871870391070843,-0.003426196053624153,-0.00757197430357337,-0.0021585035137832165,-0.009730477817356586,-0.02922886610031128,-0.016752537339925766,-0.11057517677545547,-0.010554098524153233,-0.12112927436828613,0.041521552950143814,0.04451833665370941,-0.08717108517885208,0.02804655209183693,-0.05912453308701515,-0.03247581422328949,-0.03593669459223747,0.14760680496692657,-0.02264011651277542,0.12496668845415115,-0.05854561924934387,-0.04158531501889229,0.46957510709762573,-0.026198748499155045,0.443376362323761
10.96,0.05,0.075,0.0,-0.004846691302066271,0.0777757877290093,0.07726931224159017,-0.03651432693004608,0.4452285096049309,0.24165995672345164,0.28,0.038340043276548386,0.931269645690918,0.07904531061649323,0.9180797934532166,0.026250632479786873,0.03177819401025772,-0.20116105675697327,0.0200202614068985,-0.18114079535007477,-0.03246854990720749,-0.02509794384241104,-0.25834208726882935,-0.015811704099178314,-0.27415379881858826,0.08200142532587051,0.06947216391563416,-0.3203757107257843,0.04376746341586113,-0.27660825848579407,-0.041554614901542664,-0.04657047614455223,-0.367902934551239,-0.029339399188756943,-0.39724233746528625,-0.02649356611073017,-0.03158605471253395,-0.38609179854393005,-0.019899213686585426,-0.4059910178184509,-0.008102049119770527,0.006921069696545601,-0.36926600337028503,0.0043602739460766315,-0.3649057149887085,-0.004224223084747791,-0.0036656041629612446,0.011911844834685326,-0.0023093305062502623,0.00960251409560442,-0.037442732602357864,-0.022959597408771515,-0.09250818192958832,-0.014464545994997025,-0.10697272419929504,0.038272418081760406,0.04264456033706665,-0.08839782327413559,0.026866072788834572,-0.06153175234794617,-0.027566436678171158,-0.03342561796307564,0.12830016016960144,-0.021058138459920883,0.10724201798439026,-0.07245922088623047,-0.05084748566150665,0.4512920677661896,-0.03203391656279564,0.41925814747810364
10.98,0.05,0.075,0.0,0.0019513639820396625,0.08259143713357277,0.11743027132272932,-0.03315025568008423,0.45027461647987366,0.24519223153591158,0.28,0.03480776846408845,0.9056931734085083,0.08148803561925888,0.8897120356559753,0.01153734140098095,0.025705937296152115,-0.1902545690536499,0.016194740310311317,-0.17405982315540314,-0.04686659574508667,-0.03162854164838791,-0.24342875182628632,-0.019925981760025024,-0.26335471868515015,0.0767020434141159,0.07164112478494644,-0.30610957741737366,0.04513390734791756,-0.2609756588935852,-0.025525245815515518,-0.04025690630078316,-0.3587360978126526,-0.02536185085773468,-0.3840979337692261,-0.01375194825232029,-0.026235822588205338,-0.38488495349884033,-0.016528567299246788,-0.40141353011131287,-0.010505321435630322,0.0016931523568928242,-0.3763957917690277,0.0010666860034689307,-0.3753291070461273,-0.00662031676620245,-0.004552017897367477,0.03033575415611267,-0.0028677713125944138,0.027467982843518257,-0.03926105797290802,-0.027850035578012466,-0.07332344353199005,-0.01754552312195301,-0.09086896479129791,0.03807802498340607,0.041274599730968475,-0.08743514865636826,0.026002997532486916,-0.06143215298652649,-0.03068464621901512,-0.03260332718491554,0.11008822917938232,-0.02054009586572647,0.08954813331365585,-0.09380406141281128,-0.06373445689678192,0.43192583322525024,-0.04015270620584488,0.39177313446998596
11.0,0.05,0.075,0.0,0.01009873758527657,0.08706896994519842,0.16023294479259823,-0.002082621678709984,0.496876067481935,0.27781324723735457,0.28,0.002186752762645461,0.8790714740753174,0.08658858388662338,0.8621246814727783,0.001188850961625576,0.018350811675190926,-0.18089066445827484,0.011561010964214802,-0.1693296581506729,-0.05085553228855133,-0.037396639585494995,-0.2290772646665573,-0.02355988323688507,-0.2526371479034424,0.08092902600765228,0.07442749291658401,-0.29124924540519714,0.04688932001590729,-0.24435992538928986,-0.039235346019268036,-0.03995043784379959,-0.34800440073013306,-0.025168776512145996,-0.37317317724227905,-0.011106019839644432,-0.02169688232243061,-0.3816309869289398,-0.013669035397469997,-0.395300030708313,-0.009101727046072483,-0.001545311533845961,-0.38163504004478455,-0.000973546237219125,-0.3826085925102234,-0.015475590713322163,-0.007829089649021626,0.047512006014585495,-0.004932326264679432,0.04257968068122864,-0.04942178353667259,-0.034321561455726624,-0.05321647599339485,-0.021622583270072937,-0.07483905553817749,0.038155969232320786,0.04033900797367096,-0.08429288119077682,0.025413574650883675,-0.0588793084025383,-0.03717850148677826,-0.03397587686777115,0.0931565910577774,-0.021404802799224854,0.07175178825855255,-0.09906762838363647,-0.07433440536260605,0.41167378425598145,-0.0468306764960289,0.36484310030937195
11.02,0.05,0.075,0.0,0.02400717376904978,0.09188825756453618,0.23196010950488954,0.016866402700543404,0.5252996040508151,0.2977097228355706,0.28,0.017709722835570596,0.8589937686920166,0.09151247143745422,0.8551014065742493,-0.013856001198291779,0.008688768371939659,-0.2104874700307846,0.005473923869431019,-0.20501354336738586,-0.051136478781700134,-0.04151859134435654,-0.2700388431549072,-0.0261567123234272,-0.2961955666542053,0.08027899265289307,0.07618293911218643,-0.3307926058769226,0.047995250672101974,-0.28279736638069153,-0.04334767162799835,-0.0409696064889431,-0.37378913164138794,-0.025810852646827698,-0.39959996938705444,-0.01027451828122139,-0.01827017404139042,-0.38561034202575684,-0.011510209180414677,-0.39712056517601013,-0.006085065193474293,-0.0029072375036776066,-0.3625671863555908,-0.0018315595807507634,-0.3643987476825714,-0.01655671000480652,-0.010447375476360321,0.09934528917074203,-0.006581846624612808,0.09276343882083893,-0.05361410975456238,-0.04010932520031929,0.19806495308876038,-0.025268875062465668,0.1727960705757141,0.03707778826355934,0.039360642433166504,0.1177990511059761,0.02479720488190651,0.1425962597131729,-0.03092874214053154,-0.033061735332012177,0.046093348413705826,-0.020828893408179283,0.025264455005526543,-0.10773548483848572,-0.08435472846031189,0.16202345490455627,-0.05314347892999649,0.10887997597455978
11.040000000000001,0.05,0.075,0.0,0.037389520690618995,0.09614528026283947,0.2979250292603434,0.13407737016677856,0.7011160552501678,0.4207812386751175,0.28,0.1407812386751175,0.8501384258270264,0.10190505534410477,0.8514600396156311,0.0006055934354662895,0.006263815797865391,-0.19852861762046814,0.003946203738451004,-0.19458241760730743,-0.05038084089756012,-0.04417726770043373,-0.2548799216747284,-0.027831679210066795,-0.28271159529685974,0.07828343659639359,0.07681308686733246,-0.3171643018722534,0.048392243683338165,-0.26877206563949585,-0.04591146111488342,-0.042452163994312286,-0.36594444513320923,-0.026744863018393517,-0.3926893174648285,-0.10565058887004852,-0.044484302401542664,-0.3859974145889282,-0.028025111183524132,-0.4140225350856781,-0.006006487645208836,-0.0038370126858353615,-0.3710651993751526,-0.002417318057268858,-0.37348252534866333,-0.07126134634017944,-0.028691567480564117,0.08853752911090851,-0.018075687810778618,0.07046183943748474,-0.08711656928062439,-0.05421149730682373,0.20883165299892426,-0.03415324166417122,0.17467841506004333,-0.0014877114444971085,0.027106136083602905,0.13948678970336914,0.01707686483860016,0.1565636545419693,-0.021679455414414406,-0.02964705228805542,0.05724256858229637,-0.018677642568945885,0.038564927875995636,-0.12118193507194519,-0.09540289640426636,0.15160223841667175,-0.060103822499513626,0.09149841964244843
11.06,0.05,0.075,0.0,0.05129306993586972,0.09999051236875967,0.3561141417411842,0.0897333100438118,0.6345999650657177,0.3742199755460024,0.28,0.09421997554600237,0.8405541181564331,0.10717380791902542,0.8478705286979675,-0.09683338552713394,-0.0246653463691473,-0.18795974552631378,-0.015539168380200863,-0.20349891483783722,-0.020807867869734764,-0.037166446447372437,-0.24007165431976318,-0.023414861410856247,-0.26348650455474854,0.03236636146903038,0.06347906589508057,-0.30273786187171936,0.03999181091785431,-0.26274603605270386,-0.01969052478671074,-0.03562367334961891,-0.3564019799232483,-0.02244291454553604,-0.37884488701820374,-0.09376534074544907,-0.05926861613988876,-0.3843168318271637,-0.0373392291367054,-0.42165607213974,-0.02143886685371399,-0.009117568843066692,-0.3777709901332855,-0.005744068417698145,-0.38351505994796753,-0.04027692228555679,-0.03216717392206192,0.07588900625705719,-0.02026532031595707,0.05562368780374527,-0.11205927282571793,-0.07156582921743393,0.2176453024148941,-0.04508647322654724,0.17255882918834686,-0.010411464609205723,0.01585085503757,0.16104169189929962,0.009986038319766521,0.17102773487567902,-0.053420186042785645,-0.03677899390459061,0.07021060585975647,-0.02317076548933983,0.04703984037041664,-0.11561153084039688,-0.10146549344062805,0.14315181970596313,-0.06392326205968857,0.07922855764627457
11.08,0.05,0.075,0.0,0.06476131394987451,0.10246725752221608,0.40826470694913386,0.11935296654701233,0.6790294498205185,0.405320614874363,0.28,0.12532061487436297,0.8304261565208435,0.11223116517066956,0.8407683968544006,0.024236788973212242,-0.009994706138968468,-0.17897579073905945,-0.006296664942055941,-0.1852724552154541,-0.08337343484163284,-0.0510285422205925,-0.22588713467121124,-0.032147981226444244,-0.2580351233482361,0.06834495812654495,0.06493882834911346,-0.28777942061424255,0.040911462157964706,-0.24686795473098755,-0.028245728462934494,-0.03341028839349747,-0.3453376889228821,-0.02104848064482212,-0.36638617515563965,-0.08392102271318436,-0.06666433811187744,-0.38059961795806885,-0.04199853166937828,-0.4225981533527374,-0.024057641625404358,-0.013599591329693794,-0.3825608789920807,-0.008567742072045803,-0.39112862944602966,-0.09260054677724838,-0.05029718577861786,0.06152861565351486,-0.03168722614645958,0.029841389507055283,-0.10526201874017715,-0.08167468756437302,0.22441606223583221,-0.0514550544321537,0.1729610115289688,0.029439076781272888,0.01992732286453247,0.18224407732486725,0.012554213404655457,0.1947982907295227,-0.015840280801057816,-0.03049737960100174,0.08486530184745789,-0.019213348627090454,0.06565195322036743,-0.0713164210319519,-0.09242077171802521,0.13675831258296967,-0.058225084096193314,0.07853323221206665
11.1,0.05,0.075,0.0,0.07485387914366996,0.10420517774779499,0.45236209087315754,0.14923962950706482,0.7238594442605972,0.4367016109824181,0.28,0.15670161098241808,0.8199833035469055,0.12356607615947723,0.8258386850357056,-0.028691360726952553,-0.015603702515363693,-0.17174240946769714,-0.009830332361161709,-0.18157273530960083,-0.0835457518696785,-0.06078370660543442,-0.21258799731731415,-0.038293734192848206,-0.25088173151016235,0.06220902502536774,0.06411989033222198,-0.2725648283958435,0.04039553180336952,-0.23216930031776428,0.009068157523870468,-0.020666753873229027,-0.3329557180404663,-0.013020054437220097,-0.345975786447525,-0.03807273507118225,-0.058086857199668884,-0.3749143183231354,-0.03659471869468689,-0.41150903701782227,-0.015059156343340874,-0.014037461020052433,-0.38534650206565857,-0.008843600749969482,-0.39419010281562805,-0.08957122266292572,-0.06207939609885216,0.045602697879076004,-0.03911001980304718,0.006492678076028824,-0.16639336943626404,-0.1070902943611145,0.22907495498657227,-0.06746688485145569,0.16160807013511658,0.06564649194478989,0.033643074333667755,0.20287790894508362,0.02119513601064682,0.22407305240631104,-0.05940276384353638,-0.03916899487376213,0.10105733573436737,-0.02467646636068821,0.07638087123632431,-0.09046676754951477,-0.09183456748723984,0.13248687982559204,-0.05785577744245529,0.07463110238313675
11.120000000000001,0.05,0.075,0.0,0.08438922251407438,0.1046748184639907,0.4880140837686904,0.14648854732513428,0.7197328209877014,0.433812974691391,0.28,0.153812974691391,0.8094971776008606,0.13195915520191193,0.8253363966941833,-0.01710766740143299,-0.016054891049861908,-0.16639305651187897,-0.010114581324160099,-0.1765076369047165,-0.10054971277713776,-0.07271350920200348,-0.20041953027248383,-0.045809511095285416,-0.24622903764247894,0.045344993472099304,0.058487419039011,-0.25737470388412476,0.036847073584795,-0.22052763402462006,-0.015346262603998184,-0.01907060667872429,-0.3194843530654907,-0.012014482170343399,-0.3314988315105438,-0.12758836150169373,-0.07893730700016022,-0.3673657774925232,-0.04973050206899643,-0.4170962870121002,-0.036802273243665695,-0.02086690440773964,-0.3860764801502228,-0.013146149925887585,-0.39922264218330383,-0.06026087701320648,-0.061533842235803604,0.02827354706823826,-0.038766320794820786,-0.010492773726582527,-0.12204505503177643,-0.11157672107219696,0.23157449066638947,-0.07029333710670471,0.16128115355968475,0.0013012727722525597,0.02394053339958191,0.22273290157318115,0.01508253626525402,0.23781543970108032,0.005236923694610596,-0.025847218930721283,0.11862168461084366,-0.016283748671412468,0.10233793407678604,-0.12565478682518005,-0.10198063403367996,0.1303810328245163,-0.06424780189990997,0.06613323092460632
11.14,0.05,0.075,0.0,0.09005665299076941,0.10425074598670732,0.5100968642775733,0.13192768394947052,0.6978915259242058,0.4185240681469441,0.28,0.13852406814694407,0.7992790937423706,0.1274368166923523,0.811593234539032,-0.004007043782621622,-0.012440536171197891,-0.163026362657547,-0.007837537676095963,-0.17086389660835266,-0.07405947893857956,-0.07311730086803436,-0.18960615992546082,-0.046063899993896484,-0.2356700599193573,0.06429000198841095,0.060228195041418076,-0.24248920381069183,0.0379437617957592,-0.20454543828964233,0.0009556113509461284,-0.013062740676105022,-0.3051721155643463,-0.008229526691138744,-0.31340163946151733,-0.04358205199241638,-0.06833072751760483,-0.3580932319164276,-0.04304835945367813,-0.40114158391952515,-0.005740007851272821,-0.016328833997249603,-0.3847373425960541,-0.010287165641784668,-0.39502450823783875,-0.07392388582229614,-0.06525085866451263,0.009717750363051891,-0.04110804200172424,-0.03139029070734978,-0.11144853383302689,-0.11153826862573624,0.23188920319080353,-0.07026910781860352,0.1616200953722,0.049285922199487686,0.03154414892196655,0.2416067272424698,0.019872814416885376,0.26147955656051636,0.009778942912817001,-0.015159370377659798,0.13737936317920685,-0.009550402872264385,0.1278289556503296,-0.074018694460392,-0.09359204769134521,0.13046224415302277,-0.05896298959851265,0.07149925827980042
11.16,0.05,0.075,0.0,0.09384723391262419,0.10248420222056913,0.5264674426615533,0.0825958251953125,0.6238937377929688,0.3667256164550782,0.28,0.08672561645507815,0.7896743416786194,0.12672103941440582,0.798865556716919,-0.14442703127861023,-0.05203648656606674,-0.1617044359445572,-0.032782986760139465,-0.19448742270469666,-0.059593334794044495,-0.06906010955572128,-0.18034732341766357,-0.04350787028670311,-0.22385519742965698,0.05750192701816559,0.05941031500697136,-0.22818289697170258,0.03742849826812744,-0.19075439870357513,-0.05639217048883438,-0.026061570271849632,-0.2902829349040985,-0.016418788582086563,-0.3067017197608948,0.028085319325327873,-0.03940591216087341,-0.3472677171230316,-0.024825723841786385,-0.37209343910217285,0.025977201759815216,-0.00363702280446887,-0.38135382533073425,-0.0022913243155926466,-0.3836451470851898,-0.0653635561466217,-0.06528466939926147,-0.00987559650093317,-0.04112934321165085,-0.051004938781261444,-0.09931805729866028,-0.10787220299243927,0.23001588881015778,-0.0679594874382019,0.16205640137195587,0.05055416375398636,0.037247154861688614,0.25930705666542053,0.023465707898139954,0.2827727794647217,-0.04448798671364784,-0.023957956582307816,0.15713922679424286,-0.015093512833118439,0.14204570651054382,-0.10389068722724915,-0.0966816395521164,0.1327296793460846,-0.06090943142771721,0.07182024419307709
11.18,0.05,0.075,0.0,0.09821882247024318,0.10136814478966431,0.5339101170096887,0.13337098062038422,0.7000564709305763,0.42003952965140345,0.28,0.14003952965140343,0.781053364276886,0.11344224959611893,0.7959237694740295,-0.04069056361913681,-0.04863270744681358,-0.16245165467262268,-0.03063860535621643,-0.1930902600288391,-0.04904330521821976,-0.06305506825447083,-0.1728138029575348,-0.039724692702293396,-0.21253849565982819,0.014213025569915771,0.045851126313209534,-0.21471962332725525,0.028886210173368454,-0.1858334094285965,-0.0031461697071790695,-0.019186949357390404,-0.2750914394855499,-0.012087778188288212,-0.28717923164367676,-0.07973906397819519,-0.05150585621595383,-0.3350888788700104,-0.03244869038462639,-0.36753755807876587,-0.002039477229118347,-0.0031577590852975845,-0.37598830461502075,-0.0019893881399184465,-0.3779776990413666,-0.02871909737586975,-0.0543149970471859,-0.030306827276945114,-0.034218449145555496,-0.06452527642250061,-0.06336774677038193,-0.09452086687088013,0.22597363591194153,-0.05954814702272415,0.16642549633979797,0.0321015901863575,0.03570348769426346,0.2756534814834595,0.02249319665133953,0.29814666509628296,0.00995108112692833,-0.013785244897007942,0.17769992351531982,-0.008684704080224037,0.16901521384716034,-0.06501597166061401,-0.0871819406747818,0.13716024160385132,-0.0549246221780777,0.08223561942577362
11.200000000000001,0.05,0.075,0.0,0.10153768664898492,0.09980846292845673,0.5375537909120105,0.07460349053144455,0.6119052357971668,0.3583336650580168,0.28,0.07833366505801675,0.7737987041473389,0.11459019035100937,0.7877233028411865,-0.1049317717552185,-0.06552243232727051,-0.16525423526763916,-0.041279133409261703,-0.20653337240219116,-0.057664088904857635,-0.06143777444958687,-0.1671445071697235,-0.038705796003341675,-0.20585030317306519,0.03101344220340252,0.041399817913770676,-0.20234769582748413,0.026081884279847145,-0.17626580595970154,0.01986502856016159,-0.007471355609595776,-0.2598778307437897,-0.00470695411786437,-0.2645847797393799,0.022582387551665306,-0.029279381036758423,-0.32178130745887756,-0.01844600960612297,-0.34022730588912964,-0.015229315496981144,-0.006779226008802652,-0.3687397241592407,-0.0042709121480584145,-0.37301063537597656,-0.08784884214401245,-0.06437515467405319,-0.05136774107813835,-0.040556348860263824,-0.09192408621311188,-0.09245675802230835,-0.0939016342163086,0.21980364620685577,-0.05915803089737892,0.16064561903476715,0.06686899065971375,0.045053139328956604,0.29047948122024536,0.02838347665965557,0.3188629448413849,-0.02535783313214779,-0.017257021740078926,0.19885189831256866,-0.01087192352861166,0.18797998130321503,-0.07652821391820908,-0.0839858204126358,0.14370878040790558,-0.05291106551885605,0.09079771488904953
11.22,0.05,0.075,0.0,0.10352843093350211,0.09783892856829642,0.5364819209052513,0.10517508536577225,0.6577626280486584,0.39043383963406086,0.28,0.11043383963406084,0.7682889103889465,0.10667765140533447,0.790924072265625,-0.09239327907562256,-0.0735836923122406,-0.17006050050258636,-0.04635772481560707,-0.21641822159290314,-0.05283825099468231,-0.05885791778564453,-0.16344404220581055,-0.037080489099025726,-0.20052453875541687,0.014597851783037186,0.03335922583937645,-0.1912953108549118,0.021016312763094902,-0.17027899622917175,-0.08629541844129562,-0.031118575483560562,-0.2449226826429367,-0.019604701548814774,-0.2645273804664612,-0.04699515551328659,-0.034594111144542694,-0.307590514421463,-0.021794289350509644,-0.32938480377197266,0.028797585517168045,0.003893817774951458,-0.35974183678627014,0.002453105291351676,-0.3572887182235718,-0.021724678575992584,-0.05158001184463501,-0.07284370809793472,-0.0324954055249691,-0.10533910989761353,-0.03737647086381912,-0.07694408297538757,0.21156875789165497,-0.04847477376461029,0.16309398412704468,0.0303293876349926,0.04063601419329643,0.3036339581012726,0.02560068853199482,0.32923465967178345,0.018573414534330368,-0.006507890298962593,0.22037963569164276,-0.004099970683455467,0.21627967059612274,-0.0670509934425354,-0.0789053738117218,0.15230855345726013,-0.049710385501384735,0.1025981679558754
11.24,0.05,0.075,0.0,0.10580746547339535,0.09534001827160056,0.5297744652327557,0.06831881403923035,0.6024782210588455,0.35173475474119187,0.28,0.07173475474119184,0.7648787498474121,0.09819184988737106,0.7874261736869812,-0.05876021087169647,-0.06913664937019348,-0.1767817884683609,-0.0435560904443264,-0.2203378826379776,-0.03746265172958374,-0.052439335733652115,-0.16178062558174133,-0.03303677961230278,-0.1948174089193344,0.007802261970937252,0.025692135095596313,-0.1817663013935089,0.016186045482754707,-0.16558025777339935,-0.00883690919727087,-0.024434074759483337,-0.23050183057785034,-0.01539346668869257,-0.24589529633522034,-0.015321812592446804,-0.02881242148578167,-0.2927781641483307,-0.018151825293898582,-0.3109299838542938,0.014487727545201778,0.0070719909854233265,-0.3491605222225189,0.004455354064702988,-0.34470516443252563,-0.0518493726849556,-0.051660820841789246,-0.09451588988304138,-0.03254631534218788,-0.12706220149993896,-0.05734953284263611,-0.07106571644544601,0.20135293900966644,-0.04477139934897423,0.15658153593540192,0.054452985525131226,0.04478110745549202,0.3149828016757965,0.02821209840476513,0.3431949019432068,0.0042004212737083435,-0.0032953964546322823,0.2420637309551239,-0.0020760998595505953,0.23998762667179108,-0.04898117482662201,-0.0699281170964241,0.16287192702293396,-0.04405471310019493,0.11881721019744873
11.26,0.05,0.075,0.0,0.10617519619743422,0.09298173434765739,0.5165381055139117,0.059690192341804504,0.5895352885127068,0.34267470195889477,0.28,0.06267470195889474,0.7638781666755676,0.10429801791906357,0.7913525700569153,-0.11347979307174683,-0.08243958652019501,-0.18529413640499115,-0.05193693935871124,-0.2372310757637024,-0.06496188044548035,-0.056196101009845734,-0.1621849536895752,-0.0354035422205925,-0.1975885033607483,0.015873773023486137,0.022746626287698746,-0.17393642663955688,0.014330374076962471,-0.15960605442523956,-0.0844111293554306,-0.042427193373441696,-0.21688124537467957,-0.026729131117463112,-0.24361038208007812,0.0003249477595090866,-0.020071210339665413,-0.277617484331131,-0.01264486275613308,-0.2902623414993286,0.037378814071416855,0.016164038330316544,-0.33719098567962646,0.010183343663811684,-0.3270076513290405,-0.047254614531993866,-0.05033895745873451,-0.11616343259811401,-0.031713541597127914,-0.14787697792053223,-0.05030784010887146,-0.06483834981918335,0.18926025927066803,-0.04084815829992294,0.14841210842132568,0.05372633785009384,0.047464676201343536,0.32441043853759766,0.02990274503827095,0.3543131947517395,0.0016323812305927277,-0.001817063195630908,0.2636832296848297,-0.0011447498109191656,0.26253849267959595,-0.0835346058011055,-0.07401006668806076,0.1752912700176239,-0.046626340597867966,0.12866492569446564
11.28,0.05,0.075,0.0,0.10698702878403332,0.09029074000489001,0.49940908048849736,0.07127215713262558,0.6069082356989384,0.3548357649892569,0.28,0.07483576498925687,0.7655310034751892,0.09822709858417511,0.7967889904975891,-0.05695514380931854,-0.07479424774646759,-0.19544054567813873,-0.04712037742137909,-0.24256092309951782,-0.053037017583847046,-0.05524837598204613,-0.16464956104755402,-0.034806475043296814,-0.19945603609085083,-0.008914241567254066,0.013248365372419357,-0.1679501086473465,0.008346470072865486,-0.15960364043712616,-0.03584640473127365,-0.04045295715332031,-0.20431214570999146,-0.025485362857580185,-0.22979751229286194,-0.029469087719917297,-0.022890573367476463,-0.26238808035850525,-0.014421060681343079,-0.2768091559410095,0.024307195097208023,0.018606986850500107,-0.3240540027618408,0.011722401715815067,-0.31233158707618713,-0.022512253373861313,-0.04199094697833061,-0.1375657320022583,-0.026454295963048935,-0.16402003169059753,-0.0391143336892128,-0.057121142745018005,0.17541395127773285,-0.035986319184303284,0.13942763209342957,0.06334585696458817,0.052229031920433044,0.3318207561969757,0.03290428966283798,0.3647250533103943,0.026680268347263336,0.006732136011123657,0.28501781821250916,0.004241245798766613,0.28925907611846924,-0.0672595202922821,-0.0719849020242691,0.18943999707698822,-0.045350488275289536,0.1440895050764084
11.3,0.05,0.075,0.0,0.10750223578452918,0.08778937009246424,0.4829206095013931,0.058139391243457794,0.5872090868651867,0.3410463608056307,0.28,0.061046360805630695,0.7699969410896301,0.09947879612445831,0.8047443628311157,-0.054938413202762604,-0.0688374936580658,-0.2070339024066925,-0.043367620557546616,-0.2504015266895294,-0.07476792484521866,-0.061104241758584976,-0.16912899911403656,-0.03849567100405693,-0.2076246738433838,-0.01033569872379303,0.006173145957291126,-0.16391772031784058,0.0038890819996595383,-0.1600286364555359,-0.0671546459197998,-0.04846346378326416,-0.1930263489484787,-0.030531981959939003,-0.22355833649635315,-0.025018593296408653,-0.02352898009121418,-0.2473708540201187,-0.014823256991803646,-0.26219409704208374,0.04604072496294975,0.02683710865676403,-0.3099918067455292,0.016907379031181335,-0.29308444261550903,-0.02290763333439827,-0.03626595064997673,-0.1585046797990799,-0.022847548127174377,-0.18135222792625427,-0.03455302119255066,-0.05035070702433586,0.15995512902736664,-0.03172094374895096,0.12823417782783508,0.06962844729423523,0.0574488565325737,0.33713826537132263,0.03619277849793434,0.3733310401439667,0.020675644278526306,0.010915188118815422,0.305850088596344,0.0068765683099627495,0.3127266466617584,-0.07992403209209442,-0.07436664402484894,0.20517393946647644,-0.046850986778736115,0.15832296013832092
11.32,0.05,0.075,0.0,0.10780315263883682,0.084468319511335,0.4665001724070124,0.05330653488636017,0.5799598023295403,0.3359718616306782,0.28,0.05597186163067819,0.7773383259773254,0.09785701334476471,0.8151188492774963,-0.057755760848522186,-0.06551297754049301,-0.21986034512519836,-0.04127317667007446,-0.2611335217952728,-0.05596248805522919,-0.05956171452999115,-0.17554065585136414,-0.03752388060092926,-0.2130645364522934,-0.017329005524516106,-0.0008774995803833008,-0.16191366314888,-0.0005528247565962374,-0.16246648132801056,-0.0653437077999115,-0.05352753400802612,-0.18323199450969696,-0.033722344785928726,-0.2169543355703354,-0.04339689388871193,-0.02948935329914093,-0.23284277319908142,-0.018578292801976204,-0.2514210641384125,0.030479852110147476,0.02792993187904358,-0.29526379704475403,0.01759585738182068,-0.27766793966293335,0.004938402678817511,-0.023904645815491676,-0.17876692116260529,-0.01505992654711008,-0.1938268542289734,-0.022128820419311523,-0.04188413918018341,0.14304132759571075,-0.026387007907032967,0.11665432155132294,0.06017743796110153,0.05826742947101593,0.3403087258338928,0.03670848160982132,0.37701719999313354,0.03070354089140892,0.016851693391799927,0.3259677290916443,0.010616566985845566,0.33658429980278015,-0.07961302250623703,-0.0759405568242073,0.22233277559280396,-0.04784255102276802,0.17449022829532623
11.34,0.05,0.075,0.0,0.10677710146062969,0.08061911963439967,0.44078429645581796,0.039161644876003265,0.5587424673140049,0.32111972711980347,0.28,0.04111972711980344,0.7875141501426697,0.09976786375045776,0.8268756866455078,-0.03707870468497276,-0.05698269605636597,-0.23368333280086517,-0.035899098962545395,-0.2695824205875397,-0.0779217779636383,-0.06506973505020142,-0.18376626074314117,-0.040993932634592056,-0.22476018965244293,-0.022081954404711723,-0.0072388360276818275,-0.16197489202022552,-0.004560466855764389,-0.1665353626012802,-0.0803394541144371,-0.06157110631465912,-0.17510974407196045,-0.03878979757428169,-0.21389953792095184,-0.044603753834962845,-0.034023672342300415,-0.21907177567481995,-0.02143491432070732,-0.24050669372081757,0.055166009813547134,0.03610075265169144,-0.2801416218280792,0.022743474692106247,-0.25739815831184387,-0.009734218008816242,-0.01965351775288582,-0.19814597070217133,-0.012381715700030327,-0.2105276882648468,-0.013651147484779358,-0.033414240926504135,0.12484489381313324,-0.021050971001386642,0.1037939190864563,0.0662798061966896,0.06067114323377609,0.3412998914718628,0.038222819566726685,0.3795227110385895,0.01762590929865837,0.01708395779132843,0.3451657295227051,0.010762893594801426,0.3559286296367645,-0.07704563438892365,-0.07627207785844803,0.24074162542819977,-0.04805140942335129,0.19269022345542908
11.36,0.05,0.075,0.0,0.10612571579230218,0.07746236145005245,0.41976207423452855,0.022916516289114952,0.5343747744336724,0.30406234210357075,0.28,0.024062342103570722,0.8003823161125183,0.09612441807985306,0.8387140035629272,-0.04558428376913071,-0.05356317013502121,-0.2482479065656662,-0.033744797110557556,-0.28199270367622375,-0.047124870121479034,-0.05968627706170082,-0.1936541050672531,-0.03760235384106636,-0.23125645518302917,-0.030877424404025078,-0.014330413192510605,-0.1641002893447876,-0.009028160013258457,-0.17312845587730408,-0.06399642676115036,-0.06229870021343231,-0.16880939900875092,-0.03924817964434624,-0.20805758237838745,-0.05992947518825531,-0.04179541394114494,-0.20631186664104462,-0.026331109926104546,-0.2326429784297943,0.04059018939733505,0.03744758665561676,-0.2649041712284088,0.02359198033809662,-0.2413121908903122,0.013159356079995632,-0.00980965606868267,-0.21644432842731476,-0.006180083379149437,-0.22262440621852875,-0.00788814015686512,-0.025756411254405975,0.10555126518011093,-0.01622653938829899,0.08932472765445709,0.051011987030506134,0.057773396372795105,0.3401016294956207,0.036397241055965424,0.37649887800216675,0.01434876024723053,0.01626339927315712,0.3632484972476959,0.010245941579341888,0.3734944462776184,-0.06358151882886887,-0.07246491312980652,0.26021289825439453,-0.04565289616584778,0.21456000208854675
11.38,0.05,0.075,0.0,0.10323531918055129,0.07338982569838172,0.38549212205788425,0.01652105525135994,0.5247815828770399,0.29734710801392794,0.28,0.017347108013927914,0.8157080411911011,0.09992973506450653,0.8570656180381775,-0.03569556027650833,-0.048202887177467346,-0.26328545808792114,-0.030367819592356682,-0.293653279542923,-0.07632168382406235,-0.06467689573764801,-0.20502182841300964,-0.04074644297361374,-0.24576827883720398,-0.026914360001683235,-0.01810559816658497,-0.16825063526630402,-0.011406526900827885,-0.17965716123580933,-0.0964210033416748,-0.07253539562225342,-0.16444715857505798,-0.045697297900915146,-0.21014446020126343,-0.053545624017715454,-0.045320477336645126,-0.19479838013648987,-0.028551900759339333,-0.22335028648376465,0.05775139853358269,0.04353873059153557,-0.24983248114585876,0.027429400011897087,-0.22240307927131653,-0.008675224147737026,-0.009469326585531235,-0.23347553610801697,-0.005965675693005323,-0.23944121599197388,0.0038490109145641327,-0.016874782741069794,0.08535704761743546,-0.010631113313138485,0.0747259333729744,0.06773488968610764,0.060761842876672745,0.3367261588573456,0.03827996179461479,0.3750061094760895,0.01698462665081024,0.016479767858982086,0.3800317347049713,0.010382253676652908,0.3904139995574951,-0.06128871440887451,-0.06911205500364304,0.28054818511009216,-0.0435405932366848,0.23700758814811707
11.4,0.05,0.075,0.0,0.10157309524155182,0.06990293588303738,0.35636819546152293,-0.01580435037612915,0.4762934744358063,0.2634054321050644,0.28,0.01659456789493563,0.8331790566444397,0.09632774442434311,0.8715113401412964,-0.021115966141223907,-0.040076810866594315,-0.27851858735084534,-0.025248391553759575,-0.30376696586608887,-0.04536588490009308,-0.05888359248638153,-0.21765977144241333,-0.03709666430950165,-0.25475645065307617,-0.041218459606170654,-0.02503945678472519,-0.17434939742088318,-0.015774857252836227,-0.1901242583990097,-0.059674862772226334,-0.06867723166942596,-0.16210348904132843,-0.0432666540145874,-0.20537014305591583,-0.07447976619005203,-0.05406826362013817,-0.18474365770816803,-0.034063007682561874,-0.2188066691160202,0.06114233657717705,0.04881981015205383,-0.2352045178413391,0.030756480991840363,-0.20444804430007935,0.012203143909573555,-0.0029675853438675404,-0.24906602501869202,-0.0018695787293836474,-0.2509356141090393,0.003099234774708748,-0.010882577858865261,0.06446804106235504,-0.006856023799628019,0.057612016797065735,0.052737120538949966,0.05835442617535591,0.33120784163475037,0.03676328808069229,0.36797112226486206,0.0118562001734972,0.015092696994543076,0.3953443765640259,0.009508399292826653,0.4048527777194977,-0.046766117215156555,-0.06240827217698097,0.30154022574424744,-0.039317212998867035,0.2622230052947998
11.42,0.05,0.075,0.0,0.09733224889683566,0.06538717997659953,0.315532088976678,-0.015712246298789978,0.47643163055181503,0.26350214138627054,0.28,0.016497858613729488,0.8524237275123596,0.10242820531129837,0.8943925499916077,-0.050336383283138275,-0.04315468296408653,-0.29366642236709595,-0.027187449857592583,-0.3208538591861725,-0.06568358838558197,-0.06092359125614166,-0.23133482038974762,-0.03838186338543892,-0.26971668004989624,-0.025938095524907112,-0.02530904859304428,-0.18228407204151154,-0.015944700688123703,-0.19822877645492554,-0.11275600641965866,-0.08190086483955383,-0.16182158887386322,-0.05159754306077957,-0.2134191393852234,-0.05322764813899994,-0.05381608009338379,-0.17633315920829773,-0.03390413150191307,-0.2102372944355011,0.056120116263628006,0.051009900867938995,-0.22129011154174805,0.03213623911142349,-0.18915387988090515,-0.00657708290964365,-0.0040504345670342445,-0.2630569338798523,-0.0025517737958580256,-0.26560869812965393,0.00056442990899086,-0.00744847534224391,0.04309710115194321,-0.004692539572715759,0.03840456157922745,0.07566455751657486,0.06354746222496033,0.32360297441482544,0.04003490135073662,0.36363786458969116,0.009037675336003304,0.013276190496981144,0.4090304374694824,0.008364000357687473,0.4173944294452667,-0.057872168719768524,-0.06104744225740433,0.32297515869140625,-0.038459889590740204,0.28451526165008545
11.44,0.05,0.075,0.0,0.09391580940252144,0.06097231135664583,0.280326060669901,-0.031735822558403015,0.4523962661623955,0.24667738631367686,0.28,0.033322613686323166,0.8730297088623047,0.09980126470327377,0.9115936756134033,-0.021367525681853294,-0.036618538200855255,-0.30844953656196594,-0.023069679737091064,-0.331519216299057,-0.028641631826758385,-0.051239002496004105,-0.24579478800296783,-0.0322805717587471,-0.27807536721229553,-0.035955168306827545,-0.02850288525223732,-0.1919083446264267,-0.017956817522644997,-0.20986516773700714,-0.07851258665323257,-0.08088438212871552,-0.1636066734790802,-0.05095716193318367,-0.21456383168697357,-0.08258716017007828,-0.062447406351566315,-0.16972199082374573,-0.039341866970062256,-0.20906385779380798,0.058145422488451004,0.05315055698156357,-0.20834586024284363,0.03348485007882118,-0.17486101388931274,0.03554701805114746,0.007828800939023495,-0.27530568838119507,0.004932144656777382,-0.27037355303764343,0.02195068821310997,0.0013712742365896702,0.02146201767027378,0.0008639027364552021,0.022325919941067696,0.05338476598262787,0.06049865484237671,0.3139890432357788,0.03811415284872055,0.35210320353507996,0.022926684468984604,0.01617133989930153,0.42095041275024414,0.010187944397330284,0.43113836646080017,-0.042089566588401794,-0.05536007881164551,0.3446345031261444,-0.03487684950232506,0.30975764989852905
11.46,0.05,0.075,0.0,0.08805257229165554,0.05662806921228131,0.23779950284219767,-0.049984127283096313,0.42502380907535553,0.2275166663527489,0.28,0.052483333647251135,0.8945624828338623,0.10345172137022018,0.9332447052001953,-0.04368768632411957,-0.03873928263783455,-0.3225952684879303,-0.024405747652053833,-0.34700101613998413,-0.04801580309867859,-0.05027204006910324,-0.2607729732990265,-0.03167138621211052,-0.2924443483352661,-0.03783222287893295,-0.03130168467760086,-0.20304468274116516,-0.019720060750842094,-0.2227647453546524,-0.10540379583835602,-0.08824020624160767,-0.16742582619190216,-0.05559132993221283,-0.223017156124115,-0.06216913461685181,-0.06236392259597778,-0.16503210365772247,-0.03928926959633827,-0.20432136952877045,0.0586373396217823,0.05479659140110016,-0.19661051034927368,0.03452185168862343,-0.16208866238594055,0.019898639991879463,0.011449752375483513,-0.28568747639656067,0.007213343866169453,-0.2784741222858429,0.015118986368179321,0.005495587829500437,-0.0002167413040297106,0.003462220309302211,0.0032454789616167545,0.07255905121564865,0.06411677598953247,0.30246397852897644,0.04039356857538223,0.3428575396537781,0.00011435337364673615,0.011354244314134121,0.4309828579425812,0.0071531739085912704,0.4381360411643982,-0.04963058978319168,-0.05364122986793518,0.36629754304885864,-0.03379397466778755,0.3325035572052002
11.48,0.05,0.075,0.0,0.08274059817459344,0.052432741864068606,0.20129858374603238,-0.059976279735565186,0.4100355803966522,0.21702490627765658,0.28,0.06297509372234344,0.9165816903114319,0.10359741747379303,0.9532569050788879,-0.008845841512084007,-0.02977124974131584,-0.33584269881248474,-0.01875588670372963,-0.3545985817909241,-0.031072458252310753,-0.04451216384768486,-0.27599310874938965,-0.028042662888765335,-0.3040357828140259,-0.03241939842700958,-0.03163699805736542,-0.21548770368099213,-0.019931308925151825,-0.23541900515556335,-0.09077966213226318,-0.08900204300880432,-0.17320860922336578,-0.05607128515839577,-0.22927989065647125,-0.07867487519979477,-0.06725721061229706,-0.16234998404979706,-0.042372044175863266,-0.20472203195095062,0.06792351603507996,0.05873466655611992,-0.18630051612854004,0.037002839148044586,-0.14929768443107605,0.026663023978471756,0.0160137340426445,-0.2940964996814728,0.01008865237236023,-0.28400784730911255,0.027123190462589264,0.011983869597315788,-0.021718256175518036,0.007549837697297335,-0.014168418943881989,0.06848223507404327,0.06542640924453735,0.28914523124694824,0.04121863842010498,0.3303638696670532,0.02209636941552162,0.014576882123947144,0.43902552127838135,0.009183435700833797,0.4482089579105377,-0.03760002553462982,-0.048828866332769394,0.3877435624599457,-0.030762186273932457,0.3569813668727875
11.5,0.05,0.075,0.0,0.0758219183355991,0.047992146809175205,0.1620403175027144,-0.055783711373806,0.416324432939291,0.22142710305750374,0.28,0.05857289694249629,0.938654363155365,0.10785189270973206,0.9713485836982727,-0.013981642201542854,-0.02503436617553234,-0.3479475677013397,-0.01577164977788925,-0.36371922492980957,-0.03508922457695007,-0.041685283184051514,-0.2911744713783264,-0.02626172825694084,-0.31743618845939636,-0.03932974487543106,-0.03394482284784317,-0.22900789976119995,-0.02138523757457733,-0.2503931522369385,-0.11394853889942169,-0.09648599475622177,-0.18084834516048431,-0.0607861764729023,-0.2416345179080963,-0.07085297256708145,-0.06833593547344208,-0.16172510385513306,-0.04305163770914078,-0.20477673411369324,0.051670659333467484,0.05661546438932419,-0.1776060163974762,0.035667743533849716,-0.14193826913833618,0.07295230776071548,0.033095307648181915,-0.300447016954422,0.0208500437438488,-0.2795969843864441,0.02265927940607071,0.01518649235367775,-0.042823418974876404,0.009567489847540855,-0.0332559272646904,0.08129347115755081,0.07018652558326721,0.27416855096817017,0.044217512011528015,0.3183860778808594,-0.0034150639548897743,0.009179297834634781,0.4449964165687561,0.0057829576544463634,0.45077937841415405,-0.044866301119327545,-0.04764009639620781,0.4087539613246918,-0.03001326136291027,0.37874069809913635
11.52,0.05,0.075,0.0,0.063065853148184,0.04172796222505273,0.08893546307965483,-0.08946721255779266,0.365799181163311,0.18605942681431775,0.28,0.09394057318568227,0.9603659510612488,0.10489421337842941,0.9914306402206421,-0.017992567270994186,-0.02292182669043541,-0.35868653655052185,-0.014440750703215599,-0.373127281665802,-0.024662615731358528,-0.03657848387956619,-0.3060370981693268,-0.023044444620609283,-0.32908153533935547,-0.04200998693704605,-0.036364372819662094,-0.24335592985153198,-0.022909555584192276,-0.26626548171043396,-0.06856294721364975,-0.0881090834736824,-0.19020414352416992,-0.05550872161984444,-0.24571286141872406,-0.08159048855304718,-0.07231230288743973,-0.1631689816713333,-0.045556750148534775,-0.2087257355451584,0.06894989311695099,0.06031579151749611,-0.17068739235401154,0.037998948246240616,-0.13268844783306122,0.010883858427405357,0.026431871578097343,-0.3046743869781494,0.016652079299092293,-0.28802230954170227,0.023382030427455902,0.017645154148340225,-0.06331715732812881,0.011116446927189827,-0.05220071226358414,0.07436536252498627,0.07144017517566681,0.2576865553855896,0.045007310807704926,0.3026938736438751,-0.008696629665791988,0.003816519398242235,0.44883474707603455,0.0024044071324169636,0.4512391686439514,-0.029376009479165077,-0.042160872370004654,0.4291146695613861,-0.026561349630355835,0.4025533199310303
11.540000000000001,0.05,0.075,0.0,0.052348781823705524,0.03735560620029343,0.023696758479403297,-0.08125527948141098,0.37811708077788353,0.1946819565445185,0.28,0.08531804345548152,0.9813278913497925,0.1020481288433075,1.0092610120773315,0.010540327057242393,-0.012883179821074009,-0.3678615987300873,-0.008116403594613075,-0.3759779930114746,-0.013210132718086243,-0.029567979276180267,-0.32030683755874634,-0.018627826124429703,-0.33893465995788574,-0.028548086062073708,-0.03401948884129524,-0.2582671344280243,-0.02143227867782116,-0.2796994149684906,-0.07586617767810822,-0.08443620800971985,-0.20110344886779785,-0.053194809705019,-0.25429826974868774,-0.08910919725894928,-0.07735136896371841,-0.16665500402450562,-0.04873136058449745,-0.21538636088371277,0.03516417369246483,0.052770309150218964,-0.16567222774028778,0.03324529528617859,-0.1324269324541092,0.06613309681415558,0.03834223747253418,-0.30673548579216003,0.02415560930967331,-0.28257986903190613,0.043517179787158966,0.025406762957572937,-0.0829906240105629,0.016006261110305786,-0.06698436290025711,0.06029253453016281,0.06809588521718979,0.2398672103881836,0.04290040582418442,0.2827676236629486,0.029461998492479324,0.01151016354560852,0.45050138235092163,0.0072514028288424015,0.4577527940273285,-0.01984049566090107,-0.03546475991606712,0.44861820340156555,-0.022342799231410027,0.4262754023075104
11.56,0.05,0.075,0.0,0.0399409746704463,0.0329149773838685,-0.039514277502006756,-0.1161603257060051,0.32575951144099236,0.15803165800869468,0.28,0.12196834199130535,1.0011837482452393,0.10262759029865265,1.0244191884994507,-0.014896833337843418,-0.013487275689840317,-0.3753035068511963,-0.008496983908116817,-0.3838004767894745,-0.00912786740809679,-0.023435944691300392,-0.33372050523757935,-0.014764645136892796,-0.34848514199256897,-0.036962710320949554,-0.034902457147836685,-0.2734665274620056,-0.02198854833841324,-0.29545506834983826,-0.07866257429122925,-0.08270411938428879,-0.2133452445268631,-0.052103593945503235,-0.26544883847236633,-0.07838672399520874,-0.07766197621822357,-0.17211885750293732,-0.04892704635858536,-0.22104591131210327,0.052452970296144485,0.05267510563135147,-0.16265302896499634,0.03318531811237335,-0.12946771085262299,0.07285910099744797,0.048697296530008316,-0.3066093325614929,0.03067929670214653,-0.2759300470352173,0.02338442951440811,0.02480006217956543,-0.10164334625005722,0.015624038875102997,-0.08601930737495422,0.07443642616271973,0.06999804824590683,0.22089208662509918,0.04409876838326454,0.2649908661842346,-0.01773710735142231,0.002735982183367014,0.44997933506965637,0.001723668770864606,0.4517030119895935,-0.025141866877675056,-0.03236789256334305,0.4670657813549042,-0.02039177156984806,0.44667401909828186
11.58,0.05,0.075,0.0,0.027522251869330768,0.029564095048220506,-0.08634071068074967,-0.09545635432004929,0.35681546851992607,0.17977082796394828,0.28,0.10022917203605175,1.0196125507354736,0.10007357597351074,1.0358866453170776,0.03336893767118454,0.0005695894360542297,-0.38087502121925354,0.00035884135286323726,-0.3805161714553833,0.003801688551902771,-0.015264654532074928,-0.34603071212768555,-0.009616732597351074,-0.3556474447250366,-0.03914184123277664,-0.03617427498102188,-0.2886737585067749,-0.022789793089032173,-0.3114635646343231,-0.054235462099313736,-0.074163518846035,-0.2267037332057953,-0.04672301560640335,-0.27342674136161804,-0.09011315554380417,-0.08139732480049133,-0.17945978045463562,-0.05128031596541405,-0.23074010014533997,0.034044425934553146,0.04708590358495712,-0.16168548166751862,0.029664119705557823,-0.13202136754989624,0.08236882090568542,0.05879875645041466,-0.30429720878601074,0.037043217569589615,-0.2672539949417114,0.044027119874954224,0.030568178743124008,-0.11908523738384247,0.019257953390479088,-0.09982728213071823,0.05941466987133026,0.06682303547859192,0.20095454156398773,0.0420985110104084,0.24305304884910583,-0.022310156375169754,-0.004777859430760145,0.44727393984794617,-0.0030100513249635696,0.44426387548446655,0.0034330561757087708,-0.021627608686685562,0.4842694401741028,-0.013625393621623516,0.4706440567970276
11.6,0.05,0.075,0.0,0.020940694632392187,0.028147059205219937,-0.12043982536926912,-0.13596712052822113,0.2960493192076683,0.13723452344536785,0.28,0.14276547655463218,1.036331295967102,0.0993470624089241,1.05045747756958,0.020701518282294273,0.006609168369323015,-0.38447335362434387,0.004163776058703661,-0.3803095817565918,-0.009731300175189972,-0.013604647479951382,-0.3570104241371155,-0.008570928126573563,-0.36558136343955994,-0.036636121571063995,-0.036312829703092575,-0.30360835790634155,-0.022877082228660583,-0.32648545503616333,-0.07070991396903992,-0.07312743365764618,-0.24093253910541534,-0.04607028141617775,-0.287002831697464,-0.07060568034648895,-0.07815983146429062,-0.18854238092899323,-0.04924069344997406,-0.23778307437896729,0.05458613857626915,0.04933597147464752,-0.16278743743896484,0.031081661581993103,-0.13170577585697174,0.05421480908989906,0.05742357671260834,-0.2998226583003998,0.03617685288190842,-0.26364579796791077,0.047452524304389954,0.03563348203897476,-0.13513855636119843,0.02244909293949604,-0.11268946528434753,0.06800949573516846,0.06717897206544876,0.18025776743888855,0.04232275113463402,0.22258052229881287,-0.01905819959938526,-0.009061961434781551,0.44241270422935486,-0.005709035787731409,0.4367036819458008,-0.003999119624495506,-0.01633906178176403,0.500053882598877,-0.010293608531355858,0.48976027965545654
11.620000000000001,0.05,0.075,0.0,0.013787575941524523,0.027772066515300984,-0.16398674230658905,-0.15388135612010956,0.26917796581983566,0.11842457607388501,0.28,0.161575423926115,1.0510956048965454,0.09786984324455261,1.0646027326583862,0.011524500325322151,0.0080837681889534,-0.3860321640968323,0.005092774052172899,-0.38093939423561096,-0.01224538404494524,-0.013196868821978569,-0.36645710468292236,-0.008314027450978756,-0.3747711181640625,-0.02646247111260891,-0.03335772082209587,-0.3179948627948761,-0.021015364676713943,-0.33901023864746094,-0.06751377880573273,-0.0714433342218399,-0.2557692527770996,-0.045009300112724304,-0.3007785677909851,-0.0711810290813446,-0.07606619596481323,-0.1991991251707077,-0.04792170226573944,-0.24712082743644714,0.052551645785570145,0.05030067265033722,-0.16593855619430542,0.03168942406773567,-0.13424913585186005,0.05179065465927124,0.05573370307683945,-0.2932312786579132,0.035112231969833374,-0.25811904668807983,0.036359868943691254,0.03585139662027359,-0.14963971078395844,0.022586379200220108,-0.12705333530902863,0.07108670473098755,0.06835129112005234,0.15901267528533936,0.04306131228804588,0.20207399129867554,-0.008957592770457268,-0.009030651301145554,0.43544524908065796,-0.005689310375601053,0.42975592613220215,-0.010826868936419487,-0.014685404486954212,0.5142582058906555,-0.009251805022358894,0.5050063729286194
11.64,0.05,0.075,0.0,0.00518862171212132,0.02914322805950958,-0.20745123702375837,-0.15094579756259918,0.2735813036561012,0.1215069125592709,0.28,0.15849308744072912,1.0637000799179077,0.09655643999576569,1.074444055557251,0.021517513319849968,0.012113891541957855,-0.38552266359329224,0.007631751708686352,-0.3778909146785736,-0.0026016877964138985,-0.010018314234912395,-0.37419652938842773,-0.0063115376979112625,-0.38050806522369385,-0.01584373228251934,-0.028103524819016457,-0.3315679728984833,-0.017705220729112625,-0.3492732048034668,-0.06804516166448593,-0.07042388617992401,-0.2709401845932007,-0.044367048889398575,-0.31530722975730896,-0.07131975889205933,-0.07464227080345154,-0.2112334817647934,-0.04702463001012802,-0.2582581043243408,0.04626370593905449,0.04908958449959755,-0.17108072340488434,0.03092643804848194,-0.14015428721904755,0.062255848199129105,0.057690344750881195,-0.2845902740955353,0.03634491562843323,-0.24824535846710205,0.03603779524564743,0.0359073169529438,-0.1624409407377243,0.022621609270572662,-0.13981932401657104,0.06714548170566559,0.06798955053091049,0.13743574917316437,0.042833417654037476,0.18026916682720184,-0.018174657598137856,-0.0117738526314497,0.42644253373146057,-0.00741752702742815,0.4190250039100647,-0.0042479392141103745,-0.011554164811968803,0.5267376899719238,-0.007279123645275831,0.5194585919380188
11.66,0.05,0.075,0.0,0.00035496948877405027,0.03120980811229293,-0.21850116868637226,-0.1521490216255188,0.2717764675617218,0.12024352729320531,0.28,0.15975647270679472,1.0739778280258179,0.09359780699014664,1.083217740058899,0.03471842408180237,0.01889525167644024,-0.38295429944992065,0.011904008686542511,-0.37105029821395874,0.0010913675650954247,-0.0066854096949100494,-0.3800859749317169,-0.00421180808916688,-0.38429778814315796,-0.005282776430249214,-0.021257299929857254,-0.34407728910446167,-0.013392099179327488,-0.357469379901886,-0.06379543989896774,-0.06843534857034683,-0.2861655652523041,-0.04311427101492882,-0.3292798399925232,-0.07379148155450821,-0.07438702881336212,-0.22442349791526794,-0.04686382785439491,-0.27128732204437256,0.04436556622385979,0.04767237603664398,-0.17811910808086395,0.030033595860004425,-0.14808550477027893,0.04459550604224205,0.05376189574599266,-0.27398765087127686,0.033869992941617966,-0.2401176542043686,0.03811478614807129,0.03656955808401108,-0.1734117716550827,0.023038821294903755,-0.1503729522228241,0.06065841764211655,0.06579020619392395,0.1157468780875206,0.04144782945513725,0.15719470381736755,-0.011647103354334831,-0.011735827662050724,0.4154963195323944,-0.007393571548163891,0.40810275077819824,0.007070491090416908,-0.00596676766872406,0.5373651385307312,-0.003759063547477126,0.5336060523986816
11.68,0.05,0.075,0.0,-0.0035145077981126233,0.03455071867145904,-0.21385190796667342,-0.16116341948509216,0.25825487077236176,0.11077840954065327,0.28,0.16922159045934676,1.0817984342575073,0.0924045741558075,1.0878962278366089,0.04198493808507919,0.02582215890288353,-0.3783744275569916,0.016267960891127586,-0.36210647225379944,-0.007585222367197275,-0.006955353543162346,-0.38401681184768677,-0.004381872713565826,-0.388398677110672,-0.019256969913840294,-0.02065720036625862,-0.3552921414375305,-0.013014036230742931,-0.3683061897754669,-0.03851501643657684,-0.059459250420331955,-0.30116456747055054,-0.03745932877063751,-0.33862388134002686,-0.07220516353845596,-0.07373246550559998,-0.2385258674621582,-0.04645145311951637,-0.2849773168563843,0.03841596469283104,0.04489545151591301,-0.18692389130592346,0.028284134343266487,-0.15863975882530212,0.06510621309280396,0.05716519057750702,-0.2615315020084381,0.036014068871736526,-0.22551743686199188,0.034144677221775055,0.03584209457039833,-0.18244042992591858,0.022580519318580627,-0.15985991060733795,0.07308699190616608,0.06797924637794495,0.0941670835018158,0.042826924473047256,0.13699400424957275,-0.016858013346791267,-0.0132724829018116,0.40271812677383423,-0.008361664600670338,0.39435645937919617,-0.005521418526768684,-0.005833162926137447,0.5460323095321655,-0.003674892708659172,0.5423574447631836
11.700000000000001,0.05,0.075,0.0,-0.007487648030219145,0.03729645746487402,-0.21761042204102368,-0.13546162843704224,0.29680755734443665,0.1377652901411057,0.28,0.14223470985889433,1.087066888809204,0.09170417487621307,1.0954841375350952,0.041089653968811035,0.03040240705013275,-0.37186747789382935,0.019153516739606857,-0.3527139723300934,-0.01707497052848339,-0.0099912378937006,-0.385916531085968,-0.006294479593634605,-0.39221101999282837,0.009562485851347446,-0.011591294780373573,-0.36500564217567444,-0.007302515674382448,-0.3723081648349762,-0.09863758832216263,-0.0712127536535263,-0.3156605660915375,-0.04486403614282608,-0.36052459478378296,-0.05973424017429352,-0.06953299790620804,-0.25328052043914795,-0.043805789202451706,-0.29708629846572876,0.06301382184028625,0.05033096671104431,-0.19733268022537231,0.03170850872993469,-0.16562417149543762,0.007147085387259722,0.042159758508205414,-0.24734872579574585,0.026560647413134575,-0.22078807651996613,0.025253333151340485,0.03266546502709389,-0.18943488597869873,0.020579243078827858,-0.16885563731193542,0.06477750092744827,0.06701872497797012,0.07291626185178757,0.0422217957675457,0.11513805389404297,-0.021749768406152725,-0.015815667808055878,0.38823816180229187,-0.009963870979845524,0.3782742917537689,0.006589597091078758,-0.002106334548443556,0.5526508688926697,-0.0013269907794892788,0.5513238906860352
11.72,0.05,0.075,0.0,-0.011279062321544872,0.040541062245210605,-0.21802934017814982,-0.16320346295833588,0.2551948055624962,0.10863636389374737,0.28,0.17136363610625266,1.089721918106079,0.08802730590105057,1.0966856479644775,0.04252336919307709,0.03403869643807411,-0.363553524017334,0.021444378420710564,-0.34210914373397827,0.00044525787234306335,-0.006860289257019758,-0.3857501149177551,-0.004321982152760029,-0.3900721073150635,0.004877734929323196,-0.00665058521553874,-0.3730386793613434,-0.0041898684576153755,-0.3772285580635071,-0.053223736584186554,-0.06581604480743408,-0.3293861746788025,-0.04146410897374153,-0.3708502948284149,-0.06858506798744202,-0.06924861669540405,-0.26841533184051514,-0.04362662881612778,-0.3120419681072235,0.03843468427658081,0.04676208272576332,-0.20915350317955017,0.029460111632943153,-0.17969338595867157,0.03485093265771866,0.03996711224317551,-0.2315838783979416,0.02517927996814251,-0.20640459656715393,0.03202849626541138,0.032474372535943985,-0.19432388246059418,0.020458854734897614,-0.17386502027511597,0.05691191181540489,0.06398668140172958,0.052210982888936996,0.04031160846352577,0.09252259135246277,-0.011737227439880371,-0.01459213625639677,0.3722040355205536,-0.009193046018481255,0.3630110025405884,0.007023375481367111,0.0006325786234810948,0.5571532845497131,0.0003985245421063155,0.5575518012046814
11.74,0.05,0.075,0.0,-0.013942757963949684,0.04405683343327824,-0.2136819742944711,-0.16182410717010498,0.25726383924484253,0.1100846874713898,0.28,0.16991531252861022,1.0897328853607178,0.08247643709182739,1.089920997619629,0.04441390186548233,0.03715125843882561,-0.3535858690738678,0.023405293002724648,-0.3301805853843689,0.018450217321515083,0.0007328628562390804,-0.38352060317993164,0.0004617036029230803,-0.38305890560150146,-0.004055710509419441,-0.005872122943401337,-0.3792431056499481,-0.0036994374822825193,-0.3829425573348999,-0.012356005609035492,-0.049778033047914505,-0.3420882821083069,-0.03136016055941582,-0.3734484314918518,-0.0709911361336708,-0.06977137178182602,-0.2836511433124542,-0.0439559631049633,-0.32760709524154663,0.002765941433608532,0.033563241362571716,-0.22216834127902985,0.021144842728972435,-0.20102350413799286,0.06583782285451889,0.04772832617163658,-0.214397594332695,0.03006884455680847,-0.18432874977588654,0.023231539875268936,0.02970152348279953,-0.1970575749874115,0.018711959943175316,-0.17834562063217163,0.05212045833468437,0.06042681634426117,0.03226223960518837,0.03806889429688454,0.0703311339020729,-0.035048678517341614,-0.020729098469018936,0.35477912425994873,-0.01305933203548193,0.3417198061943054,-0.011932220309972763,-0.003136861138045788,0.5594937801361084,-0.001976222498342395,0.5575175285339355
11.76,0.05,0.075,0.0,-0.014704186708360828,0.04776367274589257,-0.19848460145630722,-0.1541675329208374,0.2687487006187439,0.11812409043312078,0.28,0.16187590956687925,1.0870983600616455,0.07966307550668716,1.0846315622329712,0.05761124938726425,0.04328925907611847,-0.3421483635902405,0.027272233739495277,-0.31487613916397095,0.009531652554869652,0.003372499719262123,-0.3792691230773926,0.002124674851074815,-0.377144455909729,0.01660563424229622,0.0008712047711014748,-0.3835044503211975,0.000548859010450542,-0.3829555809497833,-0.03035985678434372,-0.0439525805413723,-0.3535325825214386,-0.02769012562930584,-0.3812226951122284,-0.07337820529937744,-0.07085342705249786,-0.29870694875717163,-0.04463765770196915,-0.3433445990085602,0.014271480031311512,0.027775712311267853,-0.23613713681697845,0.017498698085546494,-0.21863843500614166,0.03369859233498573,0.04351940378546715,-0.1959650218486786,0.027417223900556564,-0.16854779422283173,0.02232992649078369,0.027490045875310898,-0.1976081281900406,0.0173187293112278,-0.1802894026041031,0.045293860137462616,0.05588693171739578,0.013273315504193306,0.03520876541733742,0.04848208278417587,-0.03321576118469238,-0.02447509765625,0.3361409604549408,-0.015419311821460724,0.32072165608406067,-0.001985015347599983,-0.0027913074009120464,0.5596484541893005,-0.001758523634634912,0.5578899383544922
11.78,0.05,0.075,0.0,-0.014568547640155716,0.050748899087631645,-0.1817359281171654,-0.13705852627754211,0.29441221058368683,0.1360885474085808,0.28,0.14391145259141921,1.0818428993225098,0.07984373718500137,1.0786657333374023,0.05013589560985565,0.045343250036239624,-0.32945194840431213,0.02856624685227871,-0.30088570713996887,-0.013796204701066017,-0.0017781120259314775,-0.37307411432266235,-0.001120210625231266,-0.37419432401657104,0.0437835156917572,0.01374489814043045,-0.3857441246509552,0.008659285493195057,-0.3770848512649536,-0.08364523947238922,-0.055860377848148346,-0.363508015871048,-0.035192038863897324,-0.3987000584602356,-0.04402212053537369,-0.06280403584241867,-0.3133050501346588,-0.03956654295325279,-0.3528715968132019,0.04135790094733238,0.03185036778450012,-0.25080227851867676,0.020065732300281525,-0.23073655366897583,0.021125104278326035,0.036801114678382874,-0.17647399008274078,0.023184701800346375,-0.1532892882823944,0.022755049169063568,0.02606954611837864,-0.19596993923187256,0.016423813998699188,-0.17954611778259277,0.06027211248874664,0.05720248818397522,-0.004562279675155878,0.036037568002939224,0.031475286930799484,-0.004469444043934345,-0.018473399803042412,0.31647950410842896,-0.011638241820037365,0.3048412501811981,-0.0246554184705019,-0.009350541047751904,0.5576157569885254,-0.0058908406645059586,0.551724910736084
11.8,0.05,0.075,0.0,-0.013231467321364002,0.05430915245837808,-0.15711736452599911,-0.14245213568210602,0.286321796476841,0.13042525753378872,0.28,0.1495747424662113,1.074015736579895,0.08133558183908463,1.0687320232391357,0.06016117334365845,0.04978862777352333,-0.3157307803630829,0.03136683627963066,-0.2843639552593231,0.008587763644754887,0.001331650884822011,-0.365049809217453,0.0008389400318264961,-0.3642108738422394,0.03948667272925377,0.021467430517077446,-0.38592082262039185,0.01352448109537363,-0.3723963499069214,-0.04472401738166809,-0.05251947045326233,-0.3718305826187134,-0.033087264746427536,-0.40491783618927,-0.07479715347290039,-0.06640197336673737,-0.3271762430667877,-0.041833244264125824,-0.36900949478149414,0.0022184662520885468,0.02296079695224762,-0.26589325070381165,0.014465302228927612,-0.25142794847488403,0.0672452375292778,0.04593434929847717,-0.1561231166124344,0.028938639909029007,-0.12718448042869568,0.02177419513463974,0.024780942127108574,-0.19215966761112213,0.01561199314892292,-0.17654767632484436,0.0457548163831234,0.05376818776130676,-0.02106279321014881,0.03387395665049553,0.012811163440346718,-0.009549222886562347,-0.015796147286891937,0.2959951162338257,-0.009951572865247726,0.28604355454444885,-0.021261753514409065,-0.01292390562593937,0.55341637134552,-0.008142060600221157,0.5452743172645569
11.82,0.05,0.075,0.0,-0.012509733158466721,0.05742625869261438,-0.13567579285686696,-0.12230584025382996,0.31654123961925507,0.1515788677334786,0.28,0.12842113226652144,1.063688039779663,0.07630297541618347,1.0588679313659668,0.06099783629179001,0.053151391446590424,-0.30123797059059143,0.033485375344753265,-0.26775258779525757,-0.016270264983177185,-0.003948924131691456,-0.3553442060947418,-0.002487822202965617,-0.35783201456069946,0.032955899834632874,0.0249139703810215,-0.3840312957763672,0.015695801004767418,-0.368335485458374,-0.03634588420391083,-0.04766739159822464,-0.3783468008041382,-0.03003045730292797,-0.4083772599697113,-0.05481935292482376,-0.06292718648910522,-0.34006467461586,-0.03964412584900856,-0.37970879673957825,0.012920529581606388,0.019948717206716537,-0.2811317443847656,0.012567691504955292,-0.26856404542922974,-0.0064262570813298225,0.030226165428757668,-0.13511981070041656,0.0190424844622612,-0.11607732623815536,-0.002933042123913765,0.016466746106743813,-0.18621616065502167,0.01037404965609312,-0.17584210634231567,0.04514070600271225,0.05117994174361229,-0.03606007620692253,0.03224336355924606,-0.003816712647676468,-0.04703599214553833,-0.025168102234601974,0.2748965620994568,-0.015855904668569565,0.2590406537055969,-0.009301211684942245,-0.011837096884846687,0.5470930933952332,-0.00745737086981535,0.5396357178688049
11.84,0.05,0.075,0.0,-0.011329388478234842,0.060292944647346615,-0.11518767209876184,-0.12896446883678436,0.30655329674482346,0.14458730772137646,0.28,0.13541269227862357,1.0509511232376099,0.07181642949581146,1.0443776845932007,0.0369708314538002,0.0482972227036953,-0.2862407863140106,0.030427249148488045,-0.2558135390281677,-0.0018986053764820099,-0.0033338284119963646,-0.3441363275051117,-0.002100311918184161,-0.3462366461753845,0.03509613871574402,0.027968620881438255,-0.38011038303375244,0.017620230093598366,-0.36249014735221863,-0.01849854551255703,-0.03891673684120178,-0.3829364776611328,-0.024517543613910675,-0.4074540138244629,-0.05787186324596405,-0.06141058728098869,-0.35173264145851135,-0.038688670843839645,-0.3904213011264801,0.008958770893514156,0.016651732847094536,-0.29623672366142273,0.010490591637790203,-0.28574612736701965,0.016591807827353477,0.02613585814833641,-0.11367807537317276,0.01646559126675129,-0.09721248596906662,0.0018246080726385117,0.012074104510247707,-0.17820000648498535,0.0076066856272518635,-0.17059332132339478,0.046879321336746216,0.049889758229255676,-0.04940129816532135,0.03143054619431496,-0.017970751971006393,-0.03027166612446308,-0.026699170470237732,0.2533988058567047,-0.016820477321743965,0.2365783303976059,-0.027654672041535378,-0.016582369804382324,0.538710355758667,-0.01044689305126667,0.5282634496688843
11.86,0.05,0.075,0.0,-0.008827962976386059,0.06393774446581389,-0.08859942716469298,-0.10995139181613922,0.33507291227579117,0.16455103859305387,0.28,0.11544896140694616,1.0359145402908325,0.07224517315626144,1.0318284034729004,0.0531645193696022,0.04975741356611252,-0.27101582288742065,0.03134717047214508,-0.23966865241527557,0.010552719235420227,0.0008321360219269991,-0.3316328525543213,0.0005242456682026386,-0.33110859990119934,0.05589616298675537,0.036346882581710815,-0.37423041462898254,0.022898536175489426,-0.351331889629364,-0.0412304513156414,-0.0396108515560627,-0.3855149745941162,-0.024954836815595627,-0.41046980023384094,-0.07654070109128952,-0.06594961881637573,-0.3619649112224579,-0.04154825955629349,-0.4035131633281708,-0.0019667427986860275,0.011066189967095852,-0.3109295666217804,0.0069716996513307095,-0.30395787954330444,0.016611400991678238,0.02327851951122284,-0.09201642870903015,0.014665466733276844,-0.07735095918178558,0.0013068467378616333,0.008843927644193172,-0.16819284856319427,0.005571674555540085,-0.1626211702823639,0.03107696771621704,0.044245921075344086,-0.06095051020383835,0.027874929830431938,-0.03307557851076126,-0.014565462246537209,-0.023059057071805,0.2317209243774414,-0.014527206309139729,0.21719372272491455,-0.008728178218007088,-0.014226112514734268,0.5283536314964294,-0.008962450549006462,0.5193911790847778
11.88,0.05,0.075,0.0,-0.0065041045365039065,0.06739502515406844,-0.060792830084800485,-0.10284359008073807,0.3457346148788929,0.17201423041522507,0.28,0.10798576958477496,1.0187056064605713,0.06950104981660843,1.0123687982559204,0.03635889291763306,0.0457378588616848,-0.2558439373970032,0.028814850375056267,-0.22702908515930176,-0.014268606901168823,-0.0036980868317186832,-0.31806445121765137,-0.002329794690012932,-0.32039424777030945,0.054007016122341156,0.04164492338895798,-0.3664998412132263,0.02623630128800869,-0.3402635455131531,-0.03909415006637573,-0.0394558422267437,-0.3860347270965576,-0.024857180193066597,-0.41089192032814026,-0.03165997564792633,-0.05566272512078285,-0.3705728054046631,-0.035067517310380936,-0.4056403338909149,-0.0020611342042684555,0.00712799234315753,-0.3249393105506897,0.004490635357797146,-0.3204486668109894,0.009952306747436523,0.019280655309557915,-0.0703556165099144,0.012146812863647938,-0.058208804577589035,-0.02091611921787262,-8.408678695559502e-05,-0.15629670023918152,-5.297467578202486e-05,-0.15634967386722565,0.04332166910171509,0.04396864399313927,-0.07059001177549362,0.02770024538040161,-0.04288976639509201,-0.04305290803313255,-0.02905721217393875,0.21008385717868805,-0.01830604299902916,0.1917778104543686,-0.039466120302677155,-0.021798115223646164,0.516128420829773,-0.013732812367379665,0.5023956298828125
11.9,0.05,0.075,0.0,-0.003754517445152357,0.07092527893016413,-0.03437716432910509,-0.09494620561599731,0.35758069157600403,0.18030648410320285,0.28,0.09969351589679717,0.9994679689407349,0.07005052268505096,0.9929437637329102,0.025739213451743126,0.03973826393485069,-0.24100488424301147,0.025035105645656586,-0.2159697711467743,-0.014568109065294266,-0.006959093734622002,-0.303681343793869,-0.004384228959679604,-0.3080655634403229,0.07542593777179718,0.05177922546863556,-0.3570612370967865,0.03262091055512428,-0.3244403302669525,-0.06099899485707283,-0.0459187887609005,-0.3844861686229706,-0.028928836807608604,-0.41341501474380493,-0.03655456379055977,-0.04993027448654175,-0.3773975372314453,-0.03145607188344002,-0.4088536202907562,0.009167869575321674,0.007739955559372902,-0.33800753951072693,0.004876172170042992,-0.3331313729286194,-0.008679301477968693,0.010892667807638645,-0.04891636595129967,0.006862380541861057,-0.042053986340761185,-0.014647461473941803,-0.004453099332749844,-0.14263278245925903,-0.00280545256100595,-0.14543823897838593,0.03426634892821312,0.04105795547366142,-0.07822158187627792,0.025866512209177017,-0.052355069667100906,-0.028777843341231346,-0.028973400592803955,0.18870806694030762,-0.01825324259698391,0.17045482993125916,-0.03918040543794632,-0.02701280266046524,0.5021592974662781,-0.017018064856529236,0.48514121770858765
11.92,0.05,0.075,0.0,-1.3140181704877611e-05,0.07446762319021727,-0.001316061196498038,-0.07064419239759445,0.3940337114036083,0.20582359798252586,0.28,0.07417640201747416,0.9783617854118347,0.06926173716783524,0.9682040214538574,0.02664177305996418,0.035809315741062164,-0.22677239775657654,0.022559868171811104,-0.20421253144741058,-0.013841905631124973,-0.00902393739670515,-0.28874877095222473,-0.00568508030846715,-0.2944338619709015,0.06879425793886185,0.056883737444877625,-0.3460886478424072,0.035836752504110336,-0.3102518916130066,-0.025769127532839775,-0.039873890578746796,-0.3808978199958801,-0.025120550766587257,-0.40601837635040283,-0.01946384832262993,-0.04079034551978111,-0.38231325149536133,-0.025697916746139526,-0.40801116824150085,-0.020550234243273735,-0.0007471018470823765,-0.3498932421207428,-0.00047067416016943753,-0.35036391019821167,0.018574219197034836,0.01319713331758976,-0.027917152270674706,0.008314194157719612,-0.019602958112955093,-0.03446801379323006,-0.01345757395029068,-0.12734033167362213,-0.008478271774947643,-0.13581860065460205,0.0347481369972229,0.039165008813142776,-0.08376744389533997,0.024673955515027046,-0.05909349024295807,-0.03413214907050133,-0.030521024018526077,0.16781140863895416,-0.019228244200348854,0.14858315885066986,-0.06223011016845703,-0.03757799416780472,0.48658862709999084,-0.02367413602769375,0.46291449666023254
11.94,0.05,0.075,0.0,0.0035147182445649963,0.07774104658277628,0.029739287352347432,-0.04768470674753189,0.42847293987870216,0.22993105791509155,0.28,0.050068942084908474,0.9555640816688538,0.07288683205842972,0.9456376433372498,0.024614805355668068,0.03245096281170845,-0.213408961892128,0.020444106310606003,-0.1929648518562317,-0.0397881343960762,-0.01825319603085518,-0.273542195558548,-0.011499513871967793,-0.2850417196750641,0.07870938628911972,0.06343143433332443,-0.3337845206260681,0.0399618037045002,-0.293822705745697,-0.05848594754934311,-0.04545750841498375,-0.3753358721733093,-0.02863823063671589,-0.40397411584854126,-0.01917809247970581,-0.03430666774511337,-0.3852292597293854,-0.02161320112645626,-0.4068424701690674,0.008315150626003742,0.0019715740345418453,-0.3603771924972534,0.0012420916464179754,-0.35913509130477905,-0.036564260721206665,-0.0017312848940491676,-0.00757197430357337,-0.001090709469281137,-0.008662683889269829,-0.032453086227178574,-0.019156228750944138,-0.11057517677545547,-0.012068424373865128,-0.1226436048746109,0.041033580899238586,0.03972557932138443,-0.08717108517885208,0.025027114897966385,-0.062143970280885696,-0.03661814704537392,-0.03235016018152237,0.14760680496692657,-0.020380601286888123,0.12722620368003845,-0.051095813512802124,-0.04163333773612976,0.46957510709762573,-0.026229003444314003,0.4433461129665375
11.96,0.05,0.075,0.0,0.009200549562049434,0.08096902557734541,0.06842325858911529,-0.049933843314647675,0.4250992350280285,0.22756946451961996,0.28,0.05243053548038007,0.931269645690918,0.07627750188112259,0.9163288474082947,0.015202060341835022,0.027276290580630302,-0.20116105675697327,0.0171840637922287,-0.18397699296474457,-0.034825295209884644,-0.023224826902151108,-0.25834208726882935,-0.01463164109736681,-0.2729737162590027,0.07947556674480438,0.06824467331171036,-0.3203757107257843,0.042994145303964615,-0.27738156914711,-0.03540181368589401,-0.04244080185890198,-0.367902934551239,-0.026737704873085022,-0.39464062452316284,-0.004545837640762329,-0.02537841722369194,-0.38609179854393005,-0.01598840206861496,-0.4020802080631256,0.0012210216373205185,0.001746408292092383,-0.36926600337028503,0.0011002372484654188,-0.3681657612323761,0.011828799732029438,0.002336740493774414,0.011911844834685326,0.0014721464831382036,0.013383991084992886,-0.03872799128293991,-0.02502775937318802,-0.09250818192958832,-0.01576748862862587,-0.10827566683292389,0.04578376188874245,0.041543032974004745,-0.08839782327413559,0.026172110810875893,-0.062225714325904846,-0.024664245545864105,-0.03004438616335392,0.12830016016960144,-0.018927963450551033,0.10937219858169556,-0.08572935312986374,-0.054862141609191895,0.4512920677661896,-0.03456315025687218,0.4167289137840271
11.98,0.05,0.075,0.0,0.015157197247246408,0.08396353321885924,0.10718206296880606,-0.005046049598604441,0.49243092560209334,0.27470164792146534,0.28,0.005298352078534685,0.9056931734085083,0.08553189039230347,0.8900797367095947,0.027342775836586952,0.027296237647533417,-0.1902545690536499,0.01719662919640541,-0.1730579435825348,-0.062429510056972504,-0.034986235201358795,-0.24342875182628632,-0.022041328251361847,-0.26547008752822876,0.08759864419698715,0.07405086606740952,-0.30610957741737366,0.04665204510092735,-0.259457528591156,-0.08384072035551071,-0.05486077815294266,-0.3587360978126526,-0.03456228971481323,-0.3932983875274658,-5.6510791182518005e-05,-0.017781846225261688,-0.38488495349884033,-0.011202562600374222,-0.39608752727508545,0.028580833226442337,0.00979673583060503,-0.3763957917690277,0.006171943619847298,-0.37022385001182556,-0.035530634224414825,-0.009023472666740417,0.03033575415611267,-0.0056847878731787205,0.024650966748595238,-0.03900899738073349,-0.02922213077545166,-0.07332344353199005,-0.018409941345453262,-0.09173338115215302,0.04695859178900719,0.04316770285367966,-0.08743514865636826,0.027195652946829796,-0.06023949384689331,-0.04378623887896538,-0.03416694328188896,0.11008822917938232,-0.021525174379348755,0.08856305480003357,-0.07174918055534363,-0.059928253293037415,0.43192583322525024,-0.03775480017066002,0.3941710293292999
12.0,0.05,0.075,0.0,0.022511699948754373,0.08721586346509351,0.1510603514726938,-0.009476982057094574,0.48578452691435814,0.2700491688400507,0.28,0.009950831159949325,0.8790714740753174,0.08076188713312149,0.8632757663726807,-0.0023394981399178505,0.01840551570057869,-0.18089066445827484,0.011595474556088448,-0.16929519176483154,-0.029010336846113205,-0.03319346532225609,-0.2290772646665573,-0.02091188356280327,-0.24998915195465088,0.05792922526597977,0.06921437382698059,-0.29124924540519714,0.043605055660009384,-0.24764418601989746,0.013868361711502075,-0.03424203395843506,-0.34800440073013306,-0.021572481840848923,-0.3695768713951111,-0.03959113359451294,-0.024324633181095123,-0.3816309869289398,-0.015324519015848637,-0.3969555199146271,-0.03589283674955368,-0.003910135943442583,-0.38163504004478455,-0.002463385695591569,-0.38409844040870667,-0.0053834812715649605,-0.007931475527584553,0.047512006014585495,-0.0049968296661973,0.04251517727971077,-0.04229488596320152,-0.03314395621418953,-0.05321647599339485,-0.020880691707134247,-0.0740971714258194,0.0191434808075428,0.03596043586730957,-0.08429288119077682,0.022655073553323746,-0.06163780763745308,-0.016813287511467934,-0.02896084636449814,0.0931565910577774,-0.018245333805680275,0.07491125911474228,-0.09890393912792206,-0.07162095606327057,0.41167378425598145,-0.0451212003827095,0.36655259132385254
