time_s,cmd_vx_m_s,cmd_vy_m_s,cmd_yaw_rad_s,body_vx_m_s,body_vy_m_s,body_yaw_rate_rad_s,raw_gait_gate_action,learned_gait_blend,gait_blend,desired_gait_blend,gait_gate_error,prior_component_l2,residual_component_l2,applied_action_l2,policy_residual_0,ema_residual_0,prior_component_0,residual_component_0,applied_action_0,policy_residual_1,ema_residual_1,prior_component_1,residual_component_1,applied_action_1,policy_residual_2,ema_residual_2,prior_component_2,residual_component_2,applied_action_2,policy_residual_3,ema_residual_3,prior_component_3,residual_component_3,applied_action_3,policy_residual_4,ema_residual_4,prior_component_4,residual_component_4,applied_action_4,policy_residual_5,ema_residual_5,prior_component_5,residual_component_5,applied_action_5,policy_residual_6,ema_residual_6,prior_component_6,residual_component_6,applied_action_6,policy_residual_7,ema_residual_7,prior_component_7,residual_component_7,applied_action_7,policy_residual_8,ema_residual_8,prior_component_8,residual_component_8,applied_action_8,policy_residual_9,ema_residual_9,prior_component_9,residual_component_9,applied_action_9,policy_residual_10,ema_residual_10,prior_component_10,residual_component_10,applied_action_10
0.02,0.0,-0.075,0.0,0.0,0.0,0.0,0.046100616455078125,0.5691509246826172,0.04840564727783203,0.0,0.04840564727783203,1.2883882522583008,0.021502118557691574,1.2933297157287598,-0.062073782086372375,-0.018622135743498802,-0.3790796399116516,-0.006517747417092323,-0.3855973780155182,-0.010397427715361118,-0.003119228407740593,-0.3793761134147644,-0.001091729965992272,-0.38046783208847046,-0.02203451283276081,-0.006610353942960501,-0.37921208143234253,-0.0023136239033192396,-0.3815256953239441,0.0877881571650505,0.02633644826710224,-0.37914785742759705,0.009217756800353527,-0.36993008852005005,0.013828663155436516,0.004148599226027727,-0.3794028162956238,0.0014520096592605114,-0.3779508173465729,-0.0541437603533268,-0.01624312810599804,-0.3791060447692871,-0.005685094743967056,-0.38479113578796387,0.04076750949025154,0.012230253778398037,0.01582365669310093,0.004280588589608669,0.020104244351387024,-0.01819860190153122,-0.005459580570459366,0.30081862211227417,-0.001910853199660778,0.2989077568054199,-0.0841255933046341,-0.025237679481506348,0.4703703224658966,-0.008833187632262707,0.46153712272644043,0.12526634335517883,0.03757990524172783,0.5173830986022949,0.013152966275811195,0.5305360555648804,0.04355949908494949,0.013067849911749363,0.46628138422966003,0.004573747515678406,0.47085511684417725
0.04,0.0,-0.075,0.0,0.49373166944682884,0.6586056170696957,2.7229497317794893,0.10363733023405075,0.6554559953510761,0.10881919674575329,0.0,0.10881919674575329,1.320197582244873,0.026951774954795837,1.32980477809906,-0.07323270291090012,-0.03500530868768692,-0.37907713651657104,-0.012251857668161392,-0.39132899045944214,0.01528291217982769,0.002401414094492793,-0.3793600797653198,0.0008404949330724776,-0.37851959466934204,-0.042227692902088165,-0.017295556142926216,-0.37923726439476013,-0.006053444463759661,-0.3852907121181488,-0.023176005110144615,0.011482711881399155,-0.37912821769714355,0.004018948879092932,-0.3751092553138733,0.02924344129860401,0.011677051894366741,-0.3794054388999939,0.004086968023329973,-0.3753184676170349,-0.022051647305488586,-0.01798568293452263,-0.37912195920944214,-0.00629498902708292,-0.3854169547557831,-0.046172868460416794,-0.005290684290230274,-0.03500565141439438,-0.0018517394782975316,-0.03685739263892174,-0.0464126393198967,-0.017745498567819595,0.2744539976119995,-0.006210924591869116,0.26824307441711426,-0.04132641851902008,-0.030064301565289497,0.47525209188461304,-0.010522505268454552,0.46472957730293274,0.003702128306031227,0.027416571974754333,0.5522555112838745,0.009595800191164017,0.5618513226509094,0.11129812896251678,0.042536936700344086,0.5221743583679199,0.014887928031384945,0.5370622873306274
0.06,0.0,-0.075,0.0,0.48484311916032674,0.554397799630647,1.927307098366349,-0.014161605387926102,0.47875759191811085,0.0,0.0,0.0,1.348227858543396,0.04026079922914505,1.3585063219070435,-0.08833225071430206,-0.051003389060497284,-0.3790785074234009,-0.01785118505358696,-0.39692968130111694,0.0225369855761528,0.008442086167633533,-0.3793412446975708,0.0029547300655394793,-0.37638652324676514,-0.00845860131084919,-0.014644469134509563,-0.3792625665664673,-0.005125564057379961,-0.38438811898231506,-0.04482433199882507,-0.005409402772784233,-0.37911123037338257,-0.0018932909006252885,-0.3810045123100281,0.0787893608212471,0.03181074559688568,-0.3794041872024536,0.011133761145174503,-0.3682704269886017,0.009324233047664165,-0.009792707860469818,-0.379140704870224,-0.0034274477511644363,-0.3825681507587433,-0.03304237872362137,-0.01361619308590889,-0.09014780074357986,-0.004765667486935854,-0.09491346776485443,-0.13386017084121704,-0.05257990211248398,0.2409430593252182,-0.018402965739369392,0.22254009544849396,-0.04907442256808281,-0.035767339169979095,0.47199225425720215,-0.012518568895757198,0.45947369933128357,0.0021616704761981964,0.019840100780129433,0.580085277557373,0.006944035179913044,0.5870293378829956,0.12645496428012848,0.06771234422922134,0.5739352107048035,0.0236993208527565,0.5976345539093018
0.08,0.0,-0.075,0.0,0.4741684105156561,0.4836077776239554,1.5531511053864744,-0.04822930693626404,0.42765603959560394,0.0,0.0,0.0,1.3723136186599731,0.04745272174477577,1.3859882354736328,-0.02031368389725685,-0.041796475648880005,-0.3790838122367859,-0.014628766104578972,-0.39371258020401,-0.010258723981678486,0.002831842750310898,-0.37932005524635315,0.0009911449160426855,-0.37832891941070557,-0.013510366901755333,-0.014304238371551037,-0.37928733229637146,-0.005006483290344477,-0.3842938244342804,-0.0004965002881363034,-0.003935531713068485,-0.3790974020957947,-0.0013774360995739698,-0.38047483563423157,0.07198764383792877,0.04386381804943085,-0.37939906120300293,0.015352335758507252,-0.36404672265052795,0.03214794769883156,0.0027894889935851097,-0.3791618347167969,0.0009763211128301919,-0.378185510635376,-0.07679544389247894,-0.032569967210292816,-0.14866995811462402,-0.011399487964808941,-0.16006945073604584,-0.10790520161390305,-0.06917749345302582,0.20085270702838898,-0.024212121963500977,0.176640585064888,-0.01528684701770544,-0.02962319180369377,0.46064603328704834,-0.01036811713129282,0.4502779245376587,0.0536179356276989,0.029973451048135757,0.6004016399383545,0.01049070805311203,0.6108923554420471,0.11793870478868484,0.08278025686740875,0.6206883192062378,0.028973089531064034,0.6496614217758179
0.1,0.0,-0.075,0.0,0.4580817938822337,0.3498574050619696,0.9574406204486574,-0.07052335143089294,0.3942149728536606,0.0,0.0,0.0,1.3924777507781982,0.05457193776965141,1.411842703819275,-0.09885431081056595,-0.05891382694244385,-0.3790927827358246,-0.020619839429855347,-0.39971262216567993,-0.01189875602722168,-0.001587337115779519,-0.3792969584465027,-0.0005555679672397673,-0.3798525333404541,-0.026582887396216393,-0.01798783242702484,-0.3793110251426697,-0.006295741070061922,-0.3856067657470703,-0.030812788754701614,-0.011998709291219711,-0.3790869116783142,-0.0041995481587946415,-0.3832864463329315,0.08249637484550476,0.0554535835981369,-0.379390150308609,0.019408753141760826,-0.35998138785362244,0.03297237679362297,0.01184435561299324,-0.37918487191200256,0.004145524464547634,-0.37503933906555176,-0.016274310648441315,-0.027681268751621246,-0.20958209037780762,-0.009688443504273891,-0.2192705273628235,-0.10441932827234268,-0.07975004613399506,0.15486115217208862,-0.02791251614689827,0.12694863975048065,-0.02593981847167015,-0.028518179431557655,0.4414052963256836,-0.009981363080441952,0.43142393231391907,0.08008410036563873,0.0450066477060318,0.6128609776496887,0.01575232669711113,0.628613293170929,0.08948256075382233,0.08479094505310059,0.6616427898406982,0.029676830396056175,0.6913196444511414
0.12,0.0,-0.075,0.0,0.46651051763390833,0.21997040854564592,0.2517890029302272,-0.07157932966947556,0.39263100549578667,0.0,0.0,0.0,1.4089045524597168,0.05724586173892021,1.431276559829712,0.009891169145703316,-0.03827232867479324,-0.3791053295135498,-0.013395315036177635,-0.392500638961792,0.0386132076382637,0.010472826659679413,-0.3792725205421448,0.0036654893774539232,-0.37560704350471497,-0.044695161283016205,-0.02600003033876419,-0.3793330192565918,-0.009100010618567467,-0.388433039188385,0.03989396244287491,0.0035690926015377045,-0.3790801763534546,0.0012491823872551322,-0.37783098220825195,0.0393303707242012,0.05061661824584007,-0.37937772274017334,0.01771581545472145,-0.3616619110107422,0.021154265850782394,0.014637328684329987,-0.3792092204093933,0.00512306485325098,-0.3740861415863037,0.05558105558156967,-0.0027025695890188217,-0.2718537747859955,-0.0009458993445150554,-0.27279967069625854,-0.07764127850532532,-0.07911741733551025,0.1037464290857315,-0.02769109606742859,0.07605533301830292,-0.028480667620897293,-0.02850692719221115,0.4145955443382263,-0.009977424517273903,0.40461811423301697,0.11075325310230255,0.06473062932491302,0.6172524094581604,0.02265571989119053,0.6399081349372864,0.14278613030910492,0.10218949615955353,0.6961058378219604,0.035766322165727615,0.7318721413612366
0.14,0.0,-0.075,0.0,0.4621014443028003,0.11800738987525228,-0.31643435268640846,0.00810062512755394,0.5121509376913309,0.008505656383931637,0.0,0.008505656383931637,1.4219095706939697,0.06031728908419609,1.4479378461837769,-0.018681727349758148,-0.032395146787166595,-0.3791210651397705,-0.011338301002979279,-0.3904593586921692,0.02855139970779419,0.015896398574113846,-0.37924742698669434,0.005563739221543074,-0.3736836910247803,-0.022091692313551903,-0.02482752874493599,-0.379352867603302,-0.008689634501934052,-0.38804250955581665,0.0202394500374794,0.008570199832320213,-0.3790772259235382,0.0029995699878782034,-0.37607765197753906,0.06697233021259308,0.055523328483104706,-0.3793620765209198,0.019433164969086647,-0.3599289059638977,0.004093206487596035,0.011474091559648514,-0.3792344033718109,0.004015931859612465,-0.3752184808254242,0.005445759743452072,-0.00025807064957916737,-0.334431529045105,-9.032472735270858e-05,-0.3345218598842621,-0.1104254350066185,-0.08850982785224915,0.048373229801654816,-0.03097843937575817,0.017394790425896645,0.06425224244594574,-0.0006791763007640839,0.38067036867141724,-0.00023771170526742935,0.380432665348053,0.0417107492685318,0.05782466381788254,0.613501787185669,0.020238632336258888,0.6337404251098633,0.1461888998746872,0.11538931727409363,0.7234943509101868,0.04038625955581665,0.7638806104660034
0.16,0.0,-0.075,0.0,0.4522342809494849,0.03528701800418362,-0.7890617598837419,-0.03319096565246582,0.45021355152130127,0.0,0.0,0.0,1.4319056272506714,0.06178742274641991,1.4538259506225586,-0.008365334942936897,-0.0251862034201622,-0.3791397213935852,-0.00881517119705677,-0.3879548907279968,0.044344618916511536,0.024430863559246063,-0.3792220950126648,0.008550802245736122,-0.3706713020801544,-0.012407708913087845,-0.021101582795381546,-0.3793700933456421,-0.007385553792119026,-0.38675564527511597,-0.005032306537032127,0.004489447921514511,-0.3790781497955322,0.0015713067259639502,-0.3775068521499634,0.07653921097517014,0.061828091740608215,-0.37934350967407227,0.021639831364154816,-0.35770368576049805,0.023257020860910416,0.01500897016376257,-0.3792596459388733,0.005253139417618513,-0.3740065097808838,0.11383295804262161,0.03396923840045929,-0.39625680446624756,0.011889233253896236,-0.38436758518218994,-0.08938692510128021,-0.0887729600071907,-0.010321686044335365,-0.031070536002516747,-0.04139222204685211,0.03247389942407608,0.009266747161746025,0.3402036428451538,0.0032433613669127226,0.3434469997882843,0.02554401382803917,0.04814046993851662,0.6016722917556763,0.01684916391968727,0.6185214519500732,0.12491317093372345,0.11824647337198257,0.7433451414108276,0.04138626530766487,0.784731388092041
0.18,0.0,-0.075,0.0,0.43811192293627943,-0.018492579966859275,-1.15640811927247,-0.1160982996225357,0.32585255056619644,0.0,0.0,0.0,1.4393666982650757,0.06735201179981232,1.459388256072998,0.02076025679707527,-0.011402265168726444,-0.37916073203086853,-0.003990792669355869,-0.3831515312194824,0.03473016619682312,0.02752065472304821,-0.37919729948043823,0.009632228873670101,-0.36956506967544556,-0.023494185879826546,-0.02181936427950859,-0.37938421964645386,-0.007636777590960264,-0.387021005153656,0.02282952331006527,0.009991470724344254,-0.37908297777175903,0.0034970147535204887,-0.37558597326278687,0.08509442210197449,0.06880798935890198,-0.3793225586414337,0.024082796648144722,-0.35523974895477295,0.031369730830192566,0.01991719752550125,-0.3792845606803894,0.0069710188545286655,-0.372313529253006,0.09980405122041702,0.05371968448162079,-0.4562836289405823,0.018801888450980186,-0.43748173117637634,-0.10287369787693024,-0.09300318360328674,-0.07134538888931274,-0.0325511135160923,-0.10389649868011475,0.027122460305690765,0.014623461291193962,0.29387998580932617,0.005118211265653372,0.2989982068538666,0.05537552759051323,0.05031098425388336,0.581964373588562,0.017608843743801117,0.5995731949806213,0.1477789580821991,0.1271062195301056,0.7553222179412842,0.04448717460036278,0.7998093962669373
0.2,0.0,-0.075,0.0,0.42596781652627724,-0.09092147124763068,-1.611134668826904,-0.10485536605119705,0.3427169509232044,0.0,0.0,0.0,1.4447886943817139,0.06920141726732254,1.4668115377426147,0.021079454571008682,-0.001657748594880104,-0.37918370962142944,-0.0005802119849249721,-0.3797639310359955,-0.0032798144966363907,0.0182805135846138,-0.3791734576225281,0.006398179568350315,-0.37277528643608093,-0.027635594829916954,-0.023564234375953674,-0.3793949484825134,-0.008247481659054756,-0.38764244318008423,-0.030976995825767517,-0.0022990694269537926,-0.3790915608406067,-0.0008046742877922952,-0.37989622354507446,0.11960101127624512,0.0840459018945694,-0.37929967045783997,0.02941606566309929,-0.3498836159706116,0.02900547906756401,0.02264368161559105,-0.37930840253829956,0.007925288751721382,-0.37138310074806213,0.030663657933473587,0.04680287465453148,-0.5134965181350708,0.016381006687879562,-0.49711552262306213,-0.09733553975820541,-0.09430289268493652,-0.133665531873703,-0.03300601243972778,-0.1666715443134308,0.05529114603996277,0.02682376652956009,0.242482990026474,0.009388318285346031,0.2518713176250458,0.07755668461322784,0.058484695851802826,0.5547111630439758,0.02046964317560196,0.5751808285713196,0.11700867116451263,0.1240769475698471,0.7592231035232544,0.04342693090438843,0.8026500344276428
0.22,0.0,-0.075,0.0,0.40846157476505446,-0.16569020801260634,-2.0487292823696235,-0.11976329982280731,0.32035505026578903,0.0,0.0,0.0,1.4486494064331055,0.0716191753745079,1.4663019180297852,0.009654268622398376,0.001735856756567955,-0.379207968711853,0.0006075498531572521,-0.37860041856765747,0.024214887991547585,0.02006082609295845,-0.37915128469467163,0.007021288853138685,-0.37213000655174255,-0.007194144651293755,-0.018653206527233124,-0.3794019818305969,-0.006528622005134821,-0.385930597782135,-0.019865181297063828,-0.0075689032673835754,-0.37910372018814087,-0.0026491160970181227,-0.3817528486251831,0.08392388373613358,0.08400929719209671,-0.379275381565094,0.02940325438976288,-0.3498721122741699,-0.01509957853704691,0.011320703662931919,-0.3793306052684784,0.003962246235460043,-0.3753683567047119,0.15015119314193726,0.07780737429857254,-0.5669277310371399,0.0272325798869133,-0.539695143699646,-0.10457371920347214,-0.09738413989543915,-0.19622787833213806,-0.03408444672822952,-0.230312317609787,0.04472985863685608,0.032195594161748886,0.1868821531534195,0.011268457397818565,0.1981506049633026,0.06469938158988953,0.06034909933805466,0.5203738212585449,0.02112218365073204,0.5414959788322449,0.10006321966648102,0.11687283217906952,0.7549817562103271,0.04090549051761627,0.7958872318267822
0.24,0.0,-0.075,0.0,0.3955999143785037,-0.2236806483535441,-2.386614128072557,-0.1596982628107071,0.26045260578393936,0.0,0.0,0.0,1.451371431350708,0.0745493620634079,1.4639078378677368,0.05157153308391571,0.016686560586094856,-0.37923312187194824,0.005840295925736427,-0.37339282035827637,0.03066525049507618,0.023242153227329254,-0.3791312575340271,0.008134753443300724,-0.37099650502204895,0.026442978531122208,-0.00512435007840395,-0.37940531969070435,-0.001793522504158318,-0.38119885325431824,-0.06346460431814194,-0.024337613955140114,-0.3791190981864929,-0.008518164977431297,-0.38763725757598877,0.08485405147075653,0.08426272869110107,-0.37925031781196594,0.029491955414414406,-0.3497583568096161,-0.013520890846848488,0.0038682250306010246,-0.3793507218360901,0.0013538787607103586,-0.3779968321323395,0.15255919098854065,0.10023291409015656,-0.6156732439994812,0.035081520676612854,-0.5805917382240295,-0.08098959922790527,-0.09246577322483063,-0.2579740285873413,-0.03236301988363266,-0.29033705592155457,0.041854679584503174,0.03509331867098808,0.1280180960893631,0.0122826611623168,0.14030075073242188,0.07327185571193695,0.0642259269952774,0.47953325510025024,0.022479074075818062,0.502012312412262,0.10534389317035675,0.11341415345668793,0.742669939994812,0.039694953709840775,0.7823649048805237
0.26,0.0,-0.075,0.0,0.392488984212299,-0.25494539522336335,-2.593524991464315,-0.18129853904247284,0.22805219143629074,0.0,0.0,0.0,1.453287124633789,0.07147219777107239,1.466789722442627,0.06758775562047958,0.03195691853761673,-0.379258394241333,0.011184921488165855,-0.3680734634399414,0.02310696803033352,0.02320159785449505,-0.3791138529777527,0.00812055915594101,-0.3709932863712311,-0.057332783937454224,-0.02078688144683838,-0.3794046640396118,-0.00727540859952569,-0.38668006658554077,0.024414202198386192,-0.009712068364024162,-0.37913745641708374,-0.0033992237877100706,-0.3825366795063019,0.11155204474925995,0.09244953095912933,-0.379224956035614,0.03235733509063721,-0.3468676209449768,0.010526425205171108,0.005865685176104307,-0.37936824560165405,0.002052989788353443,-0.3773152530193329,0.009685634635388851,0.07306873053312302,-0.658908486366272,0.025574054569005966,-0.6333344578742981,-0.0018200362101197243,-0.06527204811573029,-0.3178594708442688,-0.02284521609544754,-0.34070467948913574,-0.009782335720956326,0.021630622446537018,0.06688658893108368,0.007570717949420214,0.0744573101401329,0.06653203070163727,0.06491775810718536,0.4328802824020386,0.022721214219927788,0.4556014835834503,0.16678883135318756,0.12942655384540558,0.7224958539009094,0.04529929161071777,0.7677951455116272
0.28,0.0,-0.075,0.0,0.39682678287265777,-0.3102922416085053,-2.9312261911509734,-0.1502850204706192,0.2745724692940712,0.0,0.0,0.0,1.4546116590499878,0.06900196522474289,1.4607878923416138,-0.035246141254901886,0.01179600041359663,-0.3792833089828491,0.004128600005060434,-0.3751547038555145,0.055295392870903015,0.03282973915338516,-0.37909942865371704,0.011490408331155777,-0.36760902404785156,-0.026829680427908897,-0.02259972132742405,-0.3794001638889313,-0.00790990237146616,-0.38731005787849426,0.06655770540237427,0.013168863952159882,-0.37915822863578796,0.0046091023832559586,-0.37454912066459656,0.09125645458698273,0.09209160506725311,-0.3792000710964203,0.03223206102848053,-0.34696799516677856,-0.03207970783114433,-0.005517933517694473,-0.3793827295303345,-0.00193127675447613,-0.3813140094280243,0.11825758963823318,0.08662538230419159,-0.6959020495414734,0.030318884178996086,-0.6655831933021545,-0.05822334066033363,-0.06315743923187256,-0.3748711049556732,-0.022105103358626366,-0.39697620272636414,0.015824828296899796,0.01988888531923294,0.0045218029990792274,0.006961109582334757,0.011482913047075272,0.02079704776406288,0.05168154463171959,0.381204217672348,0.01808854006230831,0.3992927670478821,0.09093861281871796,0.11788016557693481,0.6948009729385376,0.041258055716753006,0.7360590100288391
0.3,0.0,-0.075,0.0,0.40482915483638054,-0.37229719715840387,-3.302288629493379,-0.1807718127965927,0.22884228080511093,0.0,0.0,0.0,1.455424427986145,0.06219515949487686,1.455991506576538,0.033835411071777344,0.018407823517918587,-0.37930721044540405,0.006442738231271505,-0.3728644847869873,0.019668569788336754,0.028881387785077095,-0.3790884017944336,0.01010848581790924,-0.36897993087768555,-0.011772304773330688,-0.019351497292518616,-0.3793918490409851,-0.006773023866117001,-0.3861648738384247,-0.0038032233715057373,0.008077237755060196,-0.3791809678077698,0.00282703316770494,-0.3763539493083954,0.08270756900310516,0.08927639573812485,-0.37917613983154297,0.031246738508343697,-0.3479293882846832,-0.01094939187169075,-0.007147371303290129,-0.37939390540122986,-0.0025015799328684807,-0.3818954825401306,0.07197457551956177,0.08223014324903488,-0.7260280847549438,0.02878054976463318,-0.6972475051879883,0.014929644763469696,-0.03973131254315376,-0.4280444383621216,-0.013905959203839302,-0.44195041060447693,0.001371367834508419,0.014333629980683327,-0.058021243661642075,0.005016770213842392,-0.05300447344779968,0.041032999753952026,0.04848698154091835,0.3253791928291321,0.016970442607998848,0.342349648475647,0.07528859376907349,0.10510268807411194,0.6600536108016968,0.03678594157099724,0.6968395709991455
0.32,0.0,-0.075,0.0,0.40749998269859944,-0.3950141545524215,-3.4952631629462756,-0.1672368347644806,0.2491447478532791,0.0,0.0,0.0,1.4556626081466675,0.056164760142564774,1.4507501125335693,0.060044169425964355,0.030898727476596832,-0.37932953238487244,0.010814554058015347,-0.3685149848461151,-0.005114379804581404,0.018682656809687614,-0.37908101081848145,0.006538929883390665,-0.3725420832633972,0.001991087570786476,-0.012948721647262573,-0.3793799877166748,-0.004532052669674158,-0.38391202688217163,-0.011127157136797905,0.0023159191478043795,-0.3792051672935486,0.000810571713373065,-0.37839460372924805,0.08714206516742706,0.08863610029220581,-0.3791537582874298,0.031022634357213974,-0.34813112020492554,0.01295629981905222,-0.0011162697337567806,-0.37940141558647156,-0.00039069438935257494,-0.37979212403297424,0.05471080541610718,0.07397434115409851,-0.7487770318984985,0.02589101903140545,-0.7228860259056091,0.014634016901254654,-0.02342171221971512,-0.4764799475669861,-0.008197599090635777,-0.4846775531768799,-0.004936210811138153,0.008552676998078823,-0.11968450248241425,0.002993436995893717,-0.11669106781482697,0.04090969264507294,0.046213794499635696,0.26634958386421204,0.01617482863366604,0.2825244069099426,0.05636361986398697,0.09048096835613251,0.6188416481018066,0.03166833892464638,0.6505100131034851
0.34,0.0,-0.075,0.0,0.4281742839923647,-0.4227232614544928,-3.737198813867977,-0.14112171530723572,0.2883174270391464,0.0,0.0,0.0,1.4551252126693726,0.05715928226709366,1.446365475654602,0.058937154710292816,0.03931025415658951,-0.3793497681617737,0.013758588582277298,-0.3655911684036255,0.016828741878271103,0.018126482143998146,-0.3790774345397949,0.006344268564134836,-0.3727331757545471,0.0036615533754229546,-0.007965639233589172,-0.37936484813690186,-0.0027879737317562103,-0.38215282559394836,0.03214147314429283,0.011263586580753326,-0.37923020124435425,0.003942255396395922,-0.3752879500389099,0.08916763961315155,0.08879555761814117,-0.379133403301239,0.03107844479382038,-0.3480549454689026,-0.010112365707755089,-0.0038150986656546593,-0.37940514087677,-0.0013352845562621951,-0.3807404339313507,0.09019100666046143,0.07883933931589127,-0.7637639045715332,0.027593769133090973,-0.7361701130867004,-0.0691816657781601,-0.03714969754219055,-0.5193583369255066,-0.013002393767237663,-0.5323607325553894,0.01840079575777054,0.01150711253285408,-0.17942483723163605,0.004027489107102156,-0.1753973513841629,0.02902870997786522,0.04105827212333679,0.20511406660079956,0.014370394870638847,0.21948446333408356,0.07355214655399323,0.08540232479572296,0.5718622803688049,0.029890812933444977,0.6017531156539917
0.36,0.0,-0.075,0.0,0.43892154399712185,-0.4437623376279633,-3.963965417284957,-0.138683021068573,0.2919754683971405,0.0,0.0,0.0,1.4534891843795776,0.05482698976993561,1.4401376247406006,0.06489593535661697,0.04698595777153969,-0.3793674409389496,0.016445085406303406,-0.3629223704338074,0.03600544482469559,0.023490171879529953,-0.3790777623653412,0.008221560157835484,-0.3708561956882477,0.05094040930271149,0.00970617588609457,-0.37934672832489014,0.0033971616066992283,-0.37594956159591675,0.07061095535755157,0.02906779944896698,-0.3792555332183838,0.010173729620873928,-0.3690817952156067,0.019365211948752403,0.06796645373106003,-0.37911567091941833,0.02378825843334198,-0.35532742738723755,-0.0540311373770237,-0.018879910930991173,-0.3794049620628357,-0.0066079688258469105,-0.3860129415988922,0.08084327727556229,0.07944051921367645,-0.7707353830337524,0.0278041809797287,-0.7429311871528625,-0.05148914456367493,-0.041451532393693924,-0.555954098701477,-0.014508035965263844,-0.5704621076583862,0.04433858394622803,0.021356552839279175,-0.23623162508010864,0.007474793586879969,-0.2287568300962448,0.06590232253074646,0.04851148650050163,0.14270849525928497,0.016979020088911057,0.15968751907348633,0.03703679144382477,0.07089266180992126,0.5199103355407715,0.024812432006001472,0.5447227954864502
0.38,0.0,-0.075,0.0,0.4541933679737669,-0.4580387334140946,-4.101610027565626,-0.12719471752643585,0.3092079237103462,0.0,0.0,0.0,1.4503345489501953,0.04637361317873001,1.4359281063079834,0.06574685126543045,0.052614226937294006,-0.37938210368156433,0.018414979800581932,-0.36096712946891785,-0.04715719819068909,0.002295960672199726,-0.3790819048881531,0.0008035862119868398,-0.37827831506729126,0.0011537503451108932,0.0071404483169317245,-0.3793261647224426,0.002499156864359975,-0.3768270015716553,-0.06450827419757843,0.0009949766099452972,-0.3792805075645447,0.00034824179601855576,-0.37893226742744446,0.04138502478599548,0.059992022812366486,-0.3791009187698364,0.02099720761179924,-0.3581037223339081,0.018684104084968567,-0.0076107061468064785,-0.3794008791446686,-0.002663747174665332,-0.3820646405220032,0.06774044781923294,0.07593049854040146,-0.7695733308792114,0.02657567337155342,-0.7429976463317871,-0.04549220949411392,-0.042663734406232834,-0.5856482982635498,-0.014932306483387947,-0.600580632686615,0.004796590656042099,0.01638856530189514,-0.2891438603401184,0.005735997576266527,-0.28340786695480347,0.03773688152432442,0.04527910426259041,0.08018860965967178,0.015847686678171158,0.09603630006313324,-0.051480866968631744,0.03418060392141342,0.4638645350933075,0.011963210999965668,0.47582775354385376
0.4,0.0,-0.075,0.0,0.4573966684165288,-0.4538615219549958,-4.116760886775225,-0.09674070030450821,0.3548889495432377,0.0,0.0,0.0,1.4451769590377808,0.04948458820581436,1.426175832748413,0.1058308482170105,0.06857921183109283,-0.37939339876174927,0.024002723395824432,-0.35539066791534424,0.028607696294784546,0.0101894810795784,-0.37908992171287537,0.0035663184244185686,-0.3755235970020294,0.005869723856449127,0.006759230978786945,-0.37930357456207275,0.0023657307028770447,-0.3769378364086151,0.08549323678016663,0.026344455778598785,-0.37930452823638916,0.009220559149980545,-0.3700839579105377,0.020356079563498497,0.048101238906383514,-0.3790895342826843,0.01683543249964714,-0.3622541129589081,-0.07646012306213379,-0.028265532106161118,-0.3793930113315582,-0.009892935864627361,-0.38928595185279846,0.08937445282936096,0.07996368408203125,-0.7602975368499756,0.027987288311123848,-0.7323102355003357,-0.04026779532432556,-0.0419449508190155,-0.6079384684562683,-0.014680732972919941,-0.6226192116737366,-0.009980554692447186,0.008477828465402126,-0.3372664153575897,0.002967239823192358,-0.3342991769313812,0.07413706183433533,0.053936492651700974,0.01861204206943512,0.018877772614359856,0.037489816546440125,-0.03312641382217407,0.013988497667014599,0.4046730399131775,0.004895973950624466,0.40956902503967285
0.42,0.0,-0.075,0.0,0.4684445549874035,-0.4466521635063046,-4.155334839596081,-0.08363714069128036,0.37454428896307945,0.0,0.0,0.0,1.4375052452087402,0.04666217043995857,1.4202202558517456,0.10003192722797394,0.0780150294303894,-0.3794010877609253,0.02730526030063629,-0.3520958423614502,0.007789705879986286,0.009469548240303993,-0.3791015148162842,0.0033143418841063976,-0.3757871687412262,0.022149773314595222,0.0113763939589262,-0.3792794644832611,0.00398173788562417,-0.3752977252006531,0.027637168765068054,0.026732269674539566,-0.37932705879211426,0.009356293827295303,-0.36997076869010925,0.024357734248042107,0.04097818583250046,-0.37908169627189636,0.014342364855110645,-0.364739328622818,-0.008081713691353798,-0.022210385650396347,-0.37938153743743896,-0.0077736349776387215,-0.3871551752090454,0.0487869456410408,0.0706106573343277,-0.7430647611618042,0.024713730439543724,-0.7183510065078735,-0.07729874551296234,-0.052551090717315674,-0.6224475502967834,-0.018392881378531456,-0.6408404111862183,-0.015347893349826336,0.0013301116414368153,-0.3797852396965027,0.00046553908032365143,-0.3793196976184845,-0.03274524584412575,0.027931971475481987,-0.04097951948642731,0.009776189923286438,-0.03120332956314087,-0.008524464443325996,0.007234608754515648,0.3433372974395752,0.0025321131106466055,0.34586942195892334
0.44,0.0,-0.075,0.0,0.47017643810289705,-0.43786238923092086,-4.111850045118614,-0.08032833784818649,0.37950749322772026,0.0,0.0,0.0,1.426819920539856,0.04216385260224342,1.4125304222106934,0.10071727633476257,0.08482570201158524,-0.37940502166748047,0.029688995331525803,-0.34971603751182556,-0.0008825189433991909,0.006363928318023682,-0.37911638617515564,0.002227374818176031,-0.37688902020454407,-0.06280658394098282,-0.010878500528633595,-0.37925446033477783,-0.0038074750918895006,-0.383061945438385,0.01845511794090271,0.02424912340939045,-0.3793475925922394,0.008487192913889885,-0.37086039781570435,0.001511765643954277,0.02913825958967209,-0.37907761335372925,0.010198391042649746,-0.3688792288303375,0.005741939879953861,-0.013824688270688057,-0.3793667256832123,-0.0048386408016085625,-0.3842053711414337,0.03193100169301033,0.05900676175951958,-0.718166708946228,0.020652366802096367,-0.6975143551826477,0.0040234848856925964,-0.03557871654629707,-0.6289302110671997,-0.012452550232410431,-0.6413827538490295,-0.06618182361125946,-0.01892346888780594,-0.4159810245037079,-0.0066232141107320786,-0.4226042330265045,0.002627696841955185,0.0203406885266304,-0.09757795929908752,0.007119240704923868,-0.09045872092247009,-0.02776927314698696,-0.0032665557228028774,0.28089478611946106,-0.001143294502981007,0.2797514796257019
0.46,0.0,-0.075,0.0,0.47779758313587284,-0.4311152960846696,-4.084134039328146,-0.09944546967744827,0.3508317954838276,0.0,0.0,0.0,1.4126719236373901,0.0467974916100502,1.3996264934539795,0.07149282097816467,0.08082583546638489,-0.37940502166748047,0.02828904241323471,-0.35111597180366516,0.03049553371965885,0.013603409752249718,-0.37913426756858826,0.004761193413287401,-0.37437307834625244,0.02489544078707695,-0.0001463177613914013,-0.3792291283607483,-5.121121648699045e-05,-0.37928032875061035,0.11987990140914917,0.05293835699558258,-0.37936556339263916,0.018528424203395844,-0.3608371317386627,0.01916573755443096,0.026146503165364265,-0.3790774941444397,0.00915127620100975,-0.36992621421813965,-0.06302043050527573,-0.028583411127328873,-0.3793489933013916,-0.010004193522036076,-0.3893531858921051,0.058394916355609894,0.05882320925593376,-0.68602454662323,0.020588122308254242,-0.6654364466667175,-0.10003871470689774,-0.05491671711206436,-0.627276599407196,-0.019220851361751556,-0.6464974284172058,-0.010418128222227097,-0.016371866688132286,-0.44524145126342773,-0.005730153061449528,-0.4509716033935547,-0.053622957319021225,-0.001848406158387661,-0.15022581815719604,-0.0006469421205110848,-0.15087276697158813,-0.027197154238820076,-0.010445735417306423,0.21840190887451172,-0.0036560073494911194,0.2147459089756012
0.48,0.0,-0.075,0.0,0.48281501363793256,-0.4259848353275494,-4.008670752107332,-0.08602574467658997,0.37096138298511505,0.0,0.0,0.0,1.394699215888977,0.04849942773580551,1.3858062028884888,0.054412707686424255,0.0729018971323967,-0.37940114736557007,0.025515664368867874,-0.3538854718208313,0.02952558733522892,0.018380064517259598,-0.37915465235710144,0.006433022674173117,-0.3727216422557831,-0.04764766991138458,-0.014396723359823227,-0.3792041540145874,-0.005038853269070387,-0.3842430114746094,0.08226802200078964,0.06173725426197052,-0.37938058376312256,0.021608037874102592,-0.357772558927536,0.021627141162753105,0.024790694937109947,-0.37908124923706055,0.008676743134856224,-0.37040451169013977,-0.04784972965717316,-0.03436330705881119,-0.3793286383152008,-0.012027157470583916,-0.3913557827472687,0.05047309771180153,0.05631817504763603,-0.6471818685531616,0.019711360335350037,-0.6274704933166504,-0.04415711760520935,-0.05168883875012398,-0.6175148487091064,-0.018091093748807907,-0.6356059312820435,-0.07978859543800354,-0.03539688512682915,-0.467071533203125,-0.012388909235596657,-0.4794604480266571,-0.028086908161640167,-0.00971995759755373,-0.1980324536561966,-0.0034019851591438055,-0.2014344334602356,-0.05337366461753845,-0.023324115201830864,0.1569158285856247,-0.00816344004124403,0.1487523913383484
0.5,0.0,-0.075,0.0,0.4819991829881223,-0.42395298632266587,-3.8768888753002866,-0.10351017117500305,0.3447347432374954,0.0,0.0,0.0,1.3726602792739868,0.04941893368959427,1.3686256408691406,0.046499863266944885,0.06498128920793533,-0.3793935179710388,0.022743450477719307,-0.35665005445480347,0.020348088815808296,0.018970472738146782,-0.37917715311050415,0.006639665458351374,-0.3725374937057495,-0.06260598450899124,-0.02885950356721878,-0.37918001413345337,-0.010100825689733028,-0.3892808258533478,0.09370484948158264,0.07132752984762192,-0.3793922960758209,0.02496463432908058,-0.35442766547203064,0.004962343722581863,0.018842188641428947,-0.379088819026947,0.006594765931367874,-0.37249404191970825,-0.05314657464623451,-0.039998285472393036,-0.37930625677108765,-0.013999399729073048,-0.3933056592941284,0.03074505180120468,0.0486462377011776,-0.602295994758606,0.017026182264089584,-0.5852698087692261,-0.025252293795347214,-0.04375787451863289,-0.599810004234314,-0.015315256081521511,-0.6151252388954163,-0.07677002996206284,-0.047808825969696045,-0.481101930141449,-0.016733089461922646,-0.4978350102901459,-0.023349514231085777,-0.013808825053274632,-0.2401891052722931,-0.004833088722079992,-0.24502219259738922,-0.03509318083524704,-0.02685483545064926,0.09747672080993652,-0.009399192407727242,0.08807753026485443
0.52,0.0,-0.075,0.0,0.47065261543194814,-0.4180051669859955,-3.7010600704240506,-0.09378816187381744,0.35931775718927383,0.0,0.0,0.0,1.34646475315094,0.05522307753562927,1.3496543169021606,0.022205445915460587,0.05214853584766388,-0.3793821930885315,0.018251987174153328,-0.3611302077770233,0.050067052245140076,0.028299447149038315,-0.37920111417770386,0.00990480650216341,-0.3692963123321533,-0.05017925053834915,-0.03525542840361595,-0.37915730476379395,-0.012339400127530098,-0.3914967179298401,0.13206847012043,0.08954980969429016,-0.37940043210983276,0.03134243190288544,-0.34805798530578613,-0.007519466802477837,0.010933691635727882,-0.37909996509552,0.0038267921190708876,-0.3752731680870056,-0.08019769191741943,-0.052058108150959015,-0.37928229570388794,-0.018220337107777596,-0.3975026309490204,0.009809399954974651,0.03699518367648125,-0.5521260499954224,0.012948313727974892,-0.5391777157783508,-0.08976316452026367,-0.057559460401535034,-0.5744616389274597,-0.020145811140537262,-0.5946074724197388,-0.06088652089238167,-0.051732137799263,-0.48709532618522644,-0.01810624822974205,-0.5052015781402588,-0.05325327068567276,-0.025642160326242447,-0.2759826183319092,-0.008974756114184856,-0.2849573791027069,-0.055993013083934784,-0.03559628874063492,0.04109010100364685,-0.012458700686693192,0.02863140031695366
0.54,0.0,-0.075,0.0,0.456916623650828,-0.4127754176275534,-3.520888235086465,-0.06297413259744644,0.40553880110383034,0.0,0.0,0.0,1.3161996603012085,0.04985210672020912,1.3250616788864136,0.07401401549577713,0.058708179742097855,-0.3793675899505615,0.020547863095998764,-0.35881972312927246,0.014978010207414627,0.02430301532149315,-0.37922602891921997,0.008506054989993572,-0.3707199692726135,-0.07683054357767105,-0.04772796481847763,-0.3791366219520569,-0.01670478656888008,-0.39584141969680786,-0.0025227591395378113,0.06192803755402565,-0.37940478324890137,0.021674813702702522,-0.357729971408844,-0.03938928246498108,-0.004163201432675123,-0.3791145086288452,-0.0014571205247193575,-0.3805716335773468,-0.003827168606221676,-0.03758882358670235,-0.37925732135772705,-0.013156088069081306,-0.3924134075641632,-0.0024246079847216606,0.025169245898723602,-0.49752092361450195,0.008809235878288746,-0.4887116849422455,-0.01227063499391079,-0.043972812592983246,-0.5418985486030579,-0.015390484593808651,-0.5572890043258667,-0.11789385974407196,-0.07158065587282181,-0.48495030403137207,-0.025053229182958603,-0.5100035071372986,0.00945867970585823,-0.015111908316612244,-0.30480754375457764,-0.005289167631417513,-0.31009671092033386,-0.010499697178602219,-0.02806731127202511,-0.01129013579338789,-0.00982355885207653,-0.021113693714141846
0.56,0.0,-0.075,0.0,0.440337530116678,-0.40747195638147554,-3.324039833946812,-0.06463529914617538,0.4030470512807369,0.0,0.0,0.0,1.2821539640426636,0.04790423437952995,1.294421911239624,0.08928743749856949,0.06788195669651031,-0.3793499171733856,0.02375868521630764,-0.3555912375450134,0.012615248560905457,0.02079668454825878,-0.3792513906955719,0.0072788395918905735,-0.37197256088256836,-0.07564837485551834,-0.056104086339473724,-0.3791183829307556,-0.019636429846286774,-0.3987548053264618,-0.02947964146733284,0.034505732357501984,-0.3794052004814148,0.01207700651139021,-0.3673281967639923,-0.05230068415403366,-0.018604446202516556,-0.37913209199905396,-0.00651155598461628,-0.3856436610221863,0.004081624560058117,-0.025087688118219376,-0.3792320489883423,-0.008780690841376781,-0.38801273703575134,-0.031869664788246155,0.008057571947574615,-0.43940430879592896,0.002820150228217244,-0.43658414483070374,0.0137326680123806,-0.026661168783903122,-0.5026715397834778,-0.009331408888101578,-0.5120029449462891,-0.11712910979986191,-0.08524519205093384,-0.47470325231552124,-0.029835816472768784,-0.5045390725135803,0.041696712374687195,0.0019306791946291924,-0.32617613673210144,0.0006757376831956208,-0.32550039887428284,0.004691725596785545,-0.018239600583910942,-0.05877787619829178,-0.006383860018104315,-0.06516173481941223
0.58,0.0,-0.075,0.0,0.4219984244715739,-0.40418066195784874,-3.120164631761797,-0.07984303683042526,0.3802354447543621,0.0,0.0,0.0,1.2448376417160034,0.05432361364364624,1.2604966163635254,0.08738278597593307,0.07373220473527908,-0.37932971119880676,0.02580627053976059,-0.3535234332084656,0.03753594309091568,0.025818463414907455,-0.37927642464637756,0.00903646182268858,-0.3702399730682373,-0.06591489911079407,-0.05904733017086983,-0.3791031539440155,-0.020666565746068954,-0.39976972341537476,0.10239065438508987,0.05487120896577835,-0.3794017732143402,0.019204922020435333,-0.3601968586444855,-0.04639395326375961,-0.026941299438476562,-0.37915217876434326,-0.009429454803466797,-0.38858163356781006,-0.06973393261432648,-0.038481563329696655,-0.37920695543289185,-0.0134685467928648,-0.3926754891872406,-0.04089614748954773,-0.00662854453548789,-0.3787592947483063,-0.0023199906572699547,-0.3810792863368988,-0.05458834394812584,-0.03503932058811188,-0.45744431018829346,-0.012263761833310127,-0.46970808506011963,-0.09513365477323532,-0.08821173012256622,-0.4565274119377136,-0.030874105170369148,-0.4874015152454376,-0.03602532297372818,-0.009456121362745762,-0.3397269546985626,-0.003309642430394888,-0.34303659200668335,0.003020854666829109,-0.011861464008688927,-0.10056978464126587,-0.004151512403041124,-0.104721300303936
0.6,0.0,-0.075,0.0,0.39840600219648775,-0.40118094258578996,-2.9052358988794893,-0.052566684782505035,0.42114997282624245,0.0,0.0,0.0,1.2049983739852905,0.05497569218277931,1.2231712341308594,0.0868702232837677,0.07767360657453537,-0.3793073892593384,0.02718576230108738,-0.35212162137031555,0.01109356340020895,0.021400991827249527,-0.37930065393447876,0.0074903471395373344,-0.37181031703948975,-0.05360338091850281,-0.05741414427757263,-0.37909114360809326,-0.02009494975209236,-0.3991861045360565,-0.0018106821225956082,0.03786664083600044,-0.37939453125,0.01325332373380661,-0.3661412000656128,-0.07208025455474854,-0.040482986718416214,-0.37917447090148926,-0.01416904479265213,-0.3933435082435608,-0.02629828453063965,-0.03482658043503761,-0.37918269634246826,-0.01218930259346962,-0.3913719952106476,-0.02925991266965866,-0.013417955487966537,-0.3166118860244751,-0.004696284420788288,-0.3213081657886505,-0.030506733804941177,-0.0336795449256897,-0.406981885433197,-0.01178784016519785,-0.4187697172164917,-0.11391519755125046,-0.09592276811599731,-0.4307302236557007,-0.033572968095541,-0.464303195476532,0.02366359531879425,0.00047979410737752914,-0.3452308177947998,0.0001679279375821352,-0.34506288170814514,-0.002705059014260769,-0.009114542976021767,-0.13595885038375854,-0.003190089948475361,-0.13914893567562103
0.62,0.0,-0.075,0.0,0.36661064147191746,-0.3964654856632173,-2.6794487586278115,-0.02092549204826355,0.4686117619276047,0.0,0.0,0.0,1.1636321544647217,0.05204112082719803,1.1842224597930908,0.05278075486421585,0.07020574808120728,-0.37928348779678345,0.024572011083364487,-0.35471147298812866,0.011626934632658958,0.01846877485513687,-0.37932348251342773,0.0064640711061656475,-0.3728594183921814,-0.0021454785019159317,-0.04083354398608208,-0.37908273935317993,-0.014291740022599697,-0.3933744728565216,-0.05732368677854538,0.009309541434049606,-0.3793836832046509,0.003258339362218976,-0.3761253356933594,-0.07412993907928467,-0.0505770742893219,-0.3791983127593994,-0.017701976001262665,-0.3969002962112427,-0.007933832705020905,-0.02675875462591648,-0.3791598081588745,-0.009365564212203026,-0.3885253667831421,-0.03611045703291893,-0.020225707441568375,-0.2540133595466614,-0.007078997325152159,-0.2610923647880554,-0.029789727181196213,-0.0325125977396965,-0.3521379828453064,-0.011379408650100231,-0.3635174036026001,-0.1148584708571434,-0.10160347819328308,-0.3977482318878174,-0.0355612151324749,-0.4333094358444214,0.000740543007850647,0.0005580188008025289,-0.3425945043563843,0.0001953065802808851,-0.3423992097377777,0.006134545896202326,-0.004539816174656153,-0.16434642672538757,-0.0015889356145635247,-0.16593536734580994
0.64,0.0,-0.075,0.0,0.3299048034124437,-0.38850438174264657,-2.4563633798969855,0.006305299699306488,0.5094579495489597,0.006620564684271812,0.0,0.006620564684271812,1.121983528137207,0.05527724325656891,1.1455618143081665,0.04502938687801361,0.0626528412103653,-0.3792586326599121,0.021928494796156883,-0.3573301434516907,0.045144349336624146,0.026471447199583054,-0.3793443739414215,0.009265006519854069,-0.37007936835289,0.05094265937805176,-0.013300681486725807,-0.3790780305862427,-0.00465523824095726,-0.38373327255249023,-0.04013923555612564,-0.005525092128664255,-0.3793694078922272,-0.0019337822450324893,-0.38130319118499756,-0.12528850138187408,-0.07299050688743591,-0.37922316789627075,-0.02554667741060257,-0.4047698378562927,-0.058804016560316086,-0.03637233376502991,-0.37913888692855835,-0.012730316258966923,-0.3918692171573639,-0.08294244855642319,-0.03904072940349579,-0.19202278554439545,-0.013664254918694496,-0.2056870460510254,-0.0721362754702568,-0.044399701058864594,-0.2938404083251953,-0.015539894811809063,-0.30938029289245605,-0.0899580642580986,-0.09810984879732132,-0.3581393361091614,-0.03433844819664955,-0.39247778058052063,-0.0421677827835083,-0.012259721755981445,-0.3318627178668976,-0.004290902521461248,-0.33615362644195557,0.056295908987522125,0.013710902072489262,-0.18525224924087524,0.004798815585672855,-0.18045343458652496
0.66,0.0,-0.075,0.0,0.286617364196578,-0.37615359181296826,-2.2283390474907656,0.0199678223580122,0.5299517335370183,0.020966213475912807,0.0,0.020966213475912807,1.0815305709838867,0.0677526444196701,1.105242371559143,0.06426095962524414,0.06313528120517731,-0.37923333048820496,0.022097347304224968,-0.35713598132133484,0.0729159414768219,0.0404047966003418,-0.3793627917766571,0.014141678810119629,-0.3652211129665375,0.05540724843740463,0.0073116980493068695,-0.3790772557258606,0.002559094224125147,-0.3765181601047516,0.08024241030216217,0.02020515874028206,-0.37935206294059753,0.007071805652230978,-0.3722802698612213,-0.131646528840065,-0.090587317943573,-0.3792484998703003,-0.03170556202530861,-0.4109540581703186,-0.10769905894994736,-0.05777034908533096,-0.3791203498840332,-0.020219622179865837,-0.3993399739265442,-0.07141143828630447,-0.048751942813396454,-0.13168880343437195,-0.01706317998468876,-0.14875198900699615,-0.16809645295143127,-0.08150872588157654,-0.2330753356218338,-0.02852805331349373,-0.26160338521003723,-0.05359966307878494,-0.08475679159164429,-0.31257352232933044,-0.02966487593948841,-0.3422383964061737,-0.13864584267139435,-0.050175558775663376,-0.3132169544696808,-0.017561445012688637,-0.3307783901691437,0.07992582768201828,0.033575378358364105,-0.19832266867160797,0.011751382611691952,-0.18657128512859344
0.68,0.0,-0.075,0.0,0.24237451495654427,-0.3603619371749251,-1.9979348114790088,0.0455271452665329,0.5682907178997993,0.04780350252985954,0.0,0.04780350252985954,1.0439432859420776,0.07405240833759308,1.0660507678985596,0.09218334406614304,0.07184969633817673,-0.37920820713043213,0.025147393345832825,-0.3540608286857605,0.02213696390390396,0.034924447536468506,-0.3793783187866211,0.012223556637763977,-0.3671547770500183,0.04140772670507431,0.01754050701856613,-0.3790804147720337,0.006139177363365889,-0.3729412257671356,0.017018625512719154,0.019249198958277702,-0.37933212518692017,0.006737219635397196,-0.3725948929786682,-0.10211696475744247,-0.0940462127327919,-0.37927359342575073,-0.032916173338890076,-0.412189781665802,-0.08584354817867279,-0.06619231402873993,-0.37910473346710205,-0.023167310282588005,-0.4022720456123352,-0.04994787275791168,-0.04911072179675102,-0.07403205335140228,-0.017188752070069313,-0.09122080355882645,-0.14782407879829407,-0.10140333324670792,-0.17087072134017944,-0.03549116477370262,-0.20636188983917236,-0.038268499076366425,-0.07081030309200287,-0.2618217468261719,-0.024783605709671974,-0.2866053581237793,-0.12505023181438446,-0.07263796031475067,-0.28697264194488525,-0.025423286482691765,-0.31239593029022217,0.050502799451351166,0.03865360468626022,-0.20333659648895264,0.013528761453926563,-0.18980783224105835
0.7000000000000001,0.0,-0.075,0.0,0.1960428012598108,-0.34267373619644775,-1.7605707366998904,0.029093151912093163,0.5436397278681397,0.03054780950769782,0.0,0.03054780950769782,1.0110045671463013,0.07965543866157532,1.0251047611236572,0.12927469611167908,0.08907719701528549,-0.37918388843536377,0.031177017837762833,-0.34800687432289124,0.016598718240857124,0.029426729306578636,-0.3793905973434448,0.010299354791641235,-0.3690912425518036,0.10409655421972275,0.043507322669029236,-0.37908732891082764,0.015227562747895718,-0.36385977268218994,-0.03318288177251816,0.0035195741802453995,-0.3793100416660309,0.0012318509398028255,-0.3780781924724579,-0.05511409789323807,-0.08236657828092575,-0.37929797172546387,-0.028828302398324013,-0.40812626481056213,-0.07232341170310974,-0.06803164631128311,-0.37909233570098877,-0.02381107583642006,-0.40290340781211853,-0.06707210093736649,-0.05449913442134857,-0.020027942955493927,-0.019074697047472,-0.03910264000296593,-0.15621817111968994,-0.11784778535366058,-0.10827891528606415,-0.041246723383665085,-0.14952564239501953,0.0002498934045433998,-0.0494922436773777,-0.20674248039722443,-0.01732228510081768,-0.22406476736068726,-0.1321810483932495,-0.09050089120864868,-0.25357377529144287,-0.0316753126680851,-0.28524908423423767,0.06541343033313751,0.04668155312538147,-0.20020917057991028,0.016338543966412544,-0.18387062847614288
0.72,0.0,-0.075,0.0,0.15038500607899385,-0.32415675625238044,-1.5244023467323986,0.0018007699400186539,0.502701154910028,0.0018908084370195864,0.0,0.0018908084370195864,0.9844812750816345,0.07877714186906815,0.9915046691894531,0.12582285702228546,0.10010088980197906,-0.37916091084480286,0.03503531217575073,-0.3441255986690521,-0.018332188948988914,0.015099052339792252,-0.3793993592262268,0.0052846684120595455,-0.3741146922111511,0.08879708498716354,0.05709425359964371,-0.37909793853759766,0.019982988014817238,-0.35911494493484497,-0.04148683696985245,-0.00998234935104847,-0.3792862892150879,-0.003493822179734707,-0.3827801048755646,-0.03904693201184273,-0.06937068700790405,-0.37932097911834717,-0.02427973970770836,-0.4036007225513458,-0.0821380540728569,-0.07226356863975525,-0.3790834844112396,-0.025292249396443367,-0.40437573194503784,-0.042195871472358704,-0.05080815404653549,0.029409948736429214,-0.017782853916287422,0.011627094820141792,-0.11864513903856277,-0.11808699369430542,-0.04635874927043915,-0.04133044555783272,-0.08768919110298157,0.014136926271021366,-0.030403491109609604,-0.14826753735542297,-0.010641221888363361,-0.15890875458717346,-0.07981826364994049,-0.08729610592126846,-0.21358534693717957,-0.030553637072443962,-0.24413898587226868,0.03816018998622894,0.04412514716386795,-0.18899333477020264,0.015443800948560238,-0.17354953289031982
0.74,0.0,-0.075,0.0,0.1065374712681213,-0.30189406019095405,-1.2936559936591048,-0.013192892074584961,0.48021066188812256,0.0,0.0,0.0,0.9659500122070312,0.07370734959840775,0.9684889912605286,0.12120956182479858,0.10643349587917328,-0.37913984060287476,0.03725172206759453,-0.3418881297111511,-0.0432366281747818,-0.0024016518145799637,-0.37940430641174316,-0.0008405781118199229,-0.3802448809146881,0.07472147792577744,0.062382422387599945,-0.3791119158267975,0.02183384820818901,-0.35727807879447937,-0.07512828707695007,-0.029526131227612495,-0.37926149368286133,-0.010334146209061146,-0.389595627784729,-0.023740148171782494,-0.05568152293562889,-0.37934207916259766,-0.019488532096147537,-0.3988306224346161,-0.07279755175113678,-0.07242376357316971,-0.37907838821411133,-0.025348316878080368,-0.4044266939163208,-0.0167122483253479,-0.040579382330179214,0.07344529032707214,-0.014202783815562725,0.059242505580186844,-0.07622624933719635,-0.10552876442670822,0.013842269778251648,-0.03693506866693497,-0.02309279888868332,0.0171075277030468,-0.016150185838341713,-0.0873861163854599,-0.0056525650434195995,-0.09303867816925049,-0.03973645716905594,-0.07302821427583694,-0.16768385469913483,-0.02555987425148487,-0.19324372708797455,0.027398549020290375,0.03910716623067856,-0.16987882554531097,0.013687508180737495,-0.15619131922721863
0.76,0.0,-0.075,0.0,0.0645155649476212,-0.27321315279396846,-1.062866140676185,0.01300743967294693,0.5195111595094204,0.013657811656594276,0.0,0.013657811656594276,0.9565953612327576,0.07064169645309448,0.9552294015884399,0.10669691860675812,0.10651251673698425,-0.37912121415138245,0.03727937862277031,-0.34184184670448303,-0.04374583810567856,-0.014804908074438572,-0.3794054388999939,-0.005181717686355114,-0.3845871686935425,0.051844872534275055,0.05922115966677666,-0.37912899255752563,0.020727405324578285,-0.3584015965461731,-0.04208609089255333,-0.03329411894083023,-0.3792361915111542,-0.011652941815555096,-0.39088913798332214,-0.01583290472626686,-0.04372693598270416,-0.3793608248233795,-0.015304427593946457,-0.3946652412414551,-0.05438696965575218,-0.0670127272605896,-0.37907713651657104,-0.0234544537961483,-0.40253159403800964,-0.006475941278040409,-0.03034834936261177,0.11133313179016113,-0.010621922090649605,0.10071121156215668,-0.08734584599733353,-0.10007388889789581,0.07130572199821472,-0.035025861114263535,0.03627986088395119,0.02508576214313507,-0.003779401071369648,-0.025128168985247612,-0.0013227903982624412,-0.026450959965586662,-0.07147405296564102,-0.07256196439266205,-0.11664578318595886,-0.025396687909960747,-0.14204247295856476,0.05552676320075989,0.04403304681181908,-0.1431889832019806,0.015411566011607647,-0.12777741253376007
0.78,0.0,-0.075,0.0,0.027241114234148007,-0.2402726961823084,-0.8361088233881866,0.03389555215835571,0.5508433282375336,0.03559032976627349,0.0,0.03559032976627349,0.9570291638374329,0.07284051179885864,0.9513078331947327,0.09503228962421417,0.10306844115257263,-0.37910544872283936,0.0360739529132843,-0.34303149580955505,-0.021654078736901283,-0.016859659925103188,-0.37940263748168945,-0.005900880787521601,-0.3853035271167755,0.056463249027729034,0.05839378386735916,-0.3791487514972687,0.020437823608517647,-0.358710914850235,-0.021766994148492813,-0.029835982248187065,-0.3792110085487366,-0.010442594066262245,-0.38965359330177307,-0.01521005667746067,-0.03517187386751175,-0.37937670946121216,-0.012310155667364597,-0.3916868567466736,-0.059611160308122635,-0.06479226052761078,-0.37907981872558594,-0.022677291184663773,-0.4017571210861206,-0.023433130234479904,-0.02827378362417221,0.14243252575397491,-0.009895823895931244,0.13253670930862427,-0.1306927502155304,-0.10925954580307007,0.12505950033664703,-0.038240838795900345,0.08681866526603699,0.04529116675257683,0.010941769927740097,0.03745311126112938,0.0038296193815767765,0.04128273203969002,-0.11474384367465973,-0.08521652966737747,-0.06133456528186798,-0.029825784265995026,-0.091160349547863,0.06561639159917831,0.050508052110672,-0.10937531292438507,0.01767781749367714,-0.09169749915599823
0.8,0.0,-0.075,0.0,-0.003430918502932936,-0.2056566300019325,-0.6199288127998289,0.05005696415901184,0.5750854462385178,0.05255981236696243,0.0,0.05255981236696243,0.9671867489814758,0.0751129761338234,0.9562281966209412,0.06460617482662201,0.09152975678443909,-0.37909287214279175,0.03203541412949562,-0.3470574617385864,-0.009235955774784088,-0.014572548680007458,-0.3793960213661194,-0.0051003918051719666,-0.38449642062187195,0.05002857744693756,0.0558842197060585,-0.3791707158088684,0.019559476524591446,-0.35961124300956726,-0.02925794944167137,-0.02966257371008396,-0.37918663024902344,-0.010381900705397129,-0.3895685374736786,0.013342747464776039,-0.020617486909031868,-0.3793894052505493,-0.007216120138764381,-0.38660553097724915,-0.02690134570002556,-0.053424984216690063,-0.37908634543418884,-0.018698744475841522,-0.39778509736061096,-0.040369730442762375,-0.03190256655216217,0.1662173867225647,-0.01116589829325676,0.15505148470401764,-0.1354159116744995,-0.11710645258426666,0.17419426143169403,-0.04098725691437721,0.13320700824260712,0.055633172392845154,0.024349190294742584,0.09929902851581573,0.008522216230630875,0.10782124102115631,-0.15501248836517334,-0.10615532100200653,-0.002685878425836563,-0.037154361605644226,-0.03984024003148079,0.08189786225557327,0.05992499738931656,-0.06900984793901443,0.020973749458789825,-0.04803609848022461
0.8200000000000001,0.0,-0.075,0.0,-0.02837790239068548,-0.17084092062598663,-0.4113223825438911,0.03298565000295639,0.5494784750044346,0.034634932503104204,0.0,0.034634932503104204,0.986338198184967,0.07020103931427002,0.9751179218292236,0.02985874004662037,0.07302845269441605,-0.3790838420391083,0.025559958070516586,-0.3535238802433014,-0.027796337381005287,-0.018539685755968094,-0.37938567996025085,-0.006488889921456575,-0.38587456941604614,0.023760592564940453,0.04624713212251663,-0.37919431924819946,0.01618649624288082,-0.3630078136920929,-0.02256859838962555,-0.027534380555152893,-0.3791634440422058,-0.009637032635509968,-0.3888004720211029,0.013252532109618187,-0.010456480085849762,-0.37939852476119995,-0.0036597680300474167,-0.3830582797527313,-0.029608625918626785,-0.04628007858991623,-0.37909653782844543,-0.01619802787899971,-0.39529457688331604,-0.01602533832192421,-0.02713939920067787,0.18228530883789062,-0.00949878990650177,0.17278651893138885,-0.10536565631628036,-0.11358421295881271,0.2178788185119629,-0.0397544726729393,0.178124338388443,0.047426726669073105,0.03127245232462883,0.15936335921287537,0.01094535831362009,0.17030872404575348,-0.10491965711116791,-0.10578462481498718,0.058308109641075134,-0.037024617195129395,0.02128349244594574,0.06014222651720047,0.05999016761779785,-0.022775448858737946,0.02099655754864216,-0.001778891310095787
0.84,0.0,-0.075,0.0,-0.04501609939451737,-0.1376223151118303,-0.21942325680038655,0.02103797160089016,0.5315569574013352,0.022089870180934668,0.0,0.022089870180934668,1.0132113695144653,0.06352519989013672,1.0032070875167847,-0.0017542685382068157,0.05059363692998886,-0.37907856702804565,0.01770777255296707,-0.3613708019256592,0.003030292224138975,-0.012068692594766617,-0.3793719410896301,-0.004224042408168316,-0.3835959732532501,0.03545311838388443,0.04300892725586891,-0.37921902537345886,0.01505312416702509,-0.36416590213775635,-0.04183022677898407,-0.031823135912418365,-0.3791421353816986,-0.011138097383081913,-0.39028024673461914,0.008881935849785805,-0.004654955118894577,-0.3794039189815521,-0.001629234291613102,-0.38103315234184265,-0.06192701682448387,-0.05097416043281555,-0.3791101574897766,-0.017840955406427383,-0.3969511091709137,-0.016800593584775925,-0.024037757888436317,0.1903645098209381,-0.008413215167820454,0.18195129930973053,-0.11644549667835236,-0.11444259434938431,0.25537410378456116,-0.04005490615963936,0.2153192013502121,0.018650993704795837,0.027486015111207962,0.2166299819946289,0.009620104916393757,0.2262500822544098,-0.042912114411592484,-0.08692286908626556,0.12061557173728943,-0.030423004180192947,0.09019257128238678,0.035414233803749084,0.0526173859834671,0.028545737266540527,0.018416084349155426,0.04696182161569595
0.86,0.0,-0.075,0.0,-0.05339318790216862,-0.10501243718192223,-0.0353793856286628,-0.00020850636065006256,0.4996872404590249,0.0,0.0,0.0,1.046181559562683,0.05431888625025749,1.0398118495941162,-0.034423090517520905,0.025088617578148842,-0.37907713651657104,0.008781015872955322,-0.3702961206436157,0.008387938141822815,-0.005931703373789787,-0.3793551027774811,-0.002076096134260297,-0.3814311921596527,0.02500441111624241,0.037607572972774506,-0.379244327545166,0.013162650167942047,-0.36608168482780457,-0.03184496611356735,-0.03182968497276306,-0.3791232109069824,-0.011140389367938042,-0.3902635872364044,0.021943898871541023,0.003324701450765133,-0.37940549850463867,0.0011636455310508609,-0.3782418668270111,-0.07505983114242554,-0.05819986015558243,-0.3791269063949585,-0.02036995068192482,-0.399496853351593,0.01520467922091484,-0.012265026569366455,0.19031831622123718,-0.004292759113013744,0.18602555990219116,-0.08842816948890686,-0.10663826763629913,0.2860458493232727,-0.03732339292764664,0.24872246384620667,0.002229203935712576,0.019908970221877098,0.27013012766838074,0.006968139670789242,0.27709826827049255,0.0036517195403575897,-0.05975049361586571,0.18318244814872742,-0.020912673324346542,0.16226977109909058,0.030234914273023605,0.045902643352746964,0.08408551663160324,0.016065925359725952,0.1001514419913292
0.88,0.0,-0.075,0.0,-0.05192638890951653,-0.07205139855720562,0.10583788592327231,-0.046404823660850525,0.4303927645087242,0.0,0.0,0.0,1.083471655845642,0.04870658740401268,1.0782233476638794,-0.03753188997507095,0.0063024647533893585,-0.37907958030700684,0.0022058626636862755,-0.3768737316131592,-0.0076186396181583405,-0.006437784060835838,-0.37933558225631714,-0.0022532243747264147,-0.38158881664276123,0.029440753161907196,0.03515752777457237,-0.37926948070526123,0.012305134907364845,-0.36696434020996094,-0.04523796588182449,-0.03585216775536537,-0.3791070878505707,-0.012548258528113365,-0.3916553556919098,0.029048850759863853,0.011041946709156036,-0.37940317392349243,0.0038646813482046127,-0.37553849816322327,-0.020100358873605728,-0.04677001014351845,-0.37914639711380005,-0.016369502991437912,-0.39551588892936707,0.00795898400247097,-0.006197823211550713,0.18214744329452515,-0.002169238170608878,0.17997820675373077,-0.07186661660671234,-0.09620676934719086,0.30937519669532776,-0.03367237001657486,0.2757028341293335,-0.011611905880272388,0.010452707298099995,0.31895869970321655,0.003658447414636612,0.32261714339256287,-0.03455421328544617,-0.052191611379384995,0.2449503242969513,-0.018267063423991203,0.22668325901031494,0.05367797613143921,0.048235245048999786,0.14290431141853333,0.016882335767149925,0.1597866415977478
0.9,0.0,-0.075,0.0,-0.04143698446219105,-0.039347724318040685,0.22806197147050616,-0.056296899914741516,0.4155546501278877,0.0,0.0,0.0,1.1233206987380981,0.047294847667217255,1.1195546388626099,-0.024421783164143562,-0.002914810087531805,-0.379085898399353,-0.0010201835539191961,-0.3801060914993286,-0.04620411992073059,-0.01836768537759781,-0.37931379675865173,-0.006428689695894718,-0.3857424855232239,0.0037311315536499023,0.02572960965335369,-0.3792940378189087,0.00900536309927702,-0.3702886700630188,-0.04442005604505539,-0.03842253237962723,-0.37909412384033203,-0.01344788633286953,-0.3925420045852661,0.05928768217563629,0.025515668094158173,-0.3793969452381134,0.00893048383295536,-0.3704664707183838,0.021379493176937103,-0.026325158774852753,-0.3791680634021759,-0.009213805198669434,-0.38838186860084534,-0.011095757596194744,-0.007667203433811665,0.1659902036190033,-0.0026835212484002113,0.16330668330192566,-0.09302511066198349,-0.09525227546691895,0.3249674439430237,-0.03333829715847969,0.2916291356086731,0.007645871490240097,0.009610656648874283,0.36228975653648376,0.003363729687407613,0.36565348505973816,-0.009696302935481071,-0.039443016052246094,0.3048742413520813,-0.013805055059492588,0.2910691797733307,0.08887600898742676,0.060427475720644,0.2040071189403534,0.021149616688489914,0.2251567393541336
0.92,0.0,-0.075,0.0,-0.029018514901643363,-0.02146656761571437,0.28516348505513694,0.02219112031161785,0.5332866804674268,0.023300676327198743,0.0,0.023300676327198743,1.1641035079956055,0.04730168357491493,1.1581857204437256,-0.022637682035565376,-0.008831672370433807,-0.3790959119796753,-0.003091085236519575,-0.38218700885772705,-0.02017856203019619,-0.018910948187112808,-0.37929028272628784,-0.006618831772357225,-0.3859091103076935,0.03623529151082039,0.028881315141916275,-0.37931734323501587,0.010108459740877151,-0.3692088723182678,0.07053468376398087,-0.0057353675365448,-0.3790847063064575,-0.0020073784980922937,-0.3810920715332031,0.04543188959360123,0.03149053454399109,-0.3793870806694031,0.011021686717867851,-0.36836540699005127,-0.013682154007256031,-0.022532256320118904,-0.379191517829895,-0.007886289618909359,-0.38707780838012695,-0.08977562934160233,-0.03229973465204239,0.1421198844909668,-0.011304906569421291,0.13081498444080353,-0.0966278463602066,-0.09566494822502136,0.33255887031555176,-0.03348273038864136,0.2990761399269104,0.038438547402620316,0.018259024247527122,0.39939016103744507,0.0063906582072377205,0.4057808220386505,0.005189109593629837,-0.026053376495838165,0.36194050312042236,-0.009118681773543358,0.35282182693481445,0.07645407319068909,0.06523545831441879,0.26636025309562683,0.022832410410046577,0.28919267654418945
0.9400000000000001,0.0,-0.075,0.0,-0.014511779107600964,-0.009172681330501179,0.34223809603804806,-0.012659652158617973,0.48101052176207304,0.0,0.0,0.0,1.2044013738632202,0.047141753137111664,1.2040519714355469,-0.08167276531457901,-0.030684001743793488,-0.37910938262939453,-0.010739400051534176,-0.3898487687110901,0.004214920103549957,-0.011973187327384949,-0.37926560640335083,-0.004190615378320217,-0.3834562301635742,0.003990821540355682,0.021414166316390038,-0.379338800907135,0.007494958117604256,-0.3718438446521759,-0.05756232514977455,-0.021283455193042755,-0.3790789842605591,-0.007449209224432707,-0.3865281939506531,0.04288700968027115,0.03490947559475899,-0.379373699426651,0.012218316085636616,-0.36715537309646606,0.01870567351579666,-0.01016087643802166,-0.37921616435050964,-0.0035563067067414522,-0.3827724754810333,0.041570596396923065,-0.010138633660972118,0.11094029992818832,-0.0035485217813402414,0.10739177465438843,-0.08620250225067139,-0.09282620996236801,0.33202099800109863,-0.032489173114299774,0.29953181743621826,-0.006248264107853174,0.010906836949288845,0.42963239550590515,0.0038173929788172245,0.43344977498054504,-0.00668140035122633,-0.020241783931851387,0.4151836931705475,-0.0070846243761479855,0.40809905529022217,0.09667197614908218,0.07466641068458557,0.32890886068344116,0.02613324299454689,0.35504209995269775
0.96,0.0,-0.075,0.0,0.004798407895122876,0.004033553936839112,0.3836381925503755,-0.04786663502454758,0.42820004746317863,0.0,0.0,0.0,1.2430377006530762,0.0510324165225029,1.2443286180496216,-0.01640867069363594,-0.026401400566101074,-0.37912601232528687,-0.009240490384399891,-0.3883664906024933,-0.00466066412627697,-0.009779429994523525,-0.37924039363861084,-0.003422800451517105,-0.38266319036483765,-0.00034392066299915314,0.014886739663779736,-0.3793579339981079,0.005210358649492264,-0.37414756417274475,-0.04494307562708855,-0.028381342068314552,-0.37907707691192627,-0.00993346981704235,-0.38901054859161377,0.033567801117897034,0.03450697287917137,-0.3793572187423706,0.01207744050770998,-0.3672797679901123,0.03332729637622833,0.002885575871914625,-0.379241406917572,0.0010099515784531832,-0.3782314658164978,-0.02894686907529831,-0.015781104564666748,0.0729789212346077,-0.005523386411368847,0.06745553761720657,-0.11058181524276733,-0.09815289080142975,0.32336294651031494,-0.03435350954532623,0.2890094518661499,-0.04918990284204483,-0.007122185081243515,0.45250481367111206,-0.0024927647318691015,0.45001205801963806,0.024483490735292435,-0.006824201438575983,0.46370309591293335,-0.002388470573350787,0.4613146185874939,0.12873569130897522,0.09088719636201859,0.3905948996543884,0.031810518354177475,0.4224054217338562
0.98,0.0,-0.075,0.0,0.018532861071756702,0.010066476461858855,0.3988316975295859,-0.036985330283641815,0.4445220045745373,0.0,0.0,0.0,1.2790888547897339,0.05467440187931061,1.286921739578247,-0.025010274723172188,-0.025984063744544983,-0.3791453242301941,-0.0090944217517972,-0.3882397413253784,-0.0021606329828500748,-0.007493790704756975,-0.3792151212692261,-0.002622826723381877,-0.3818379342556,-0.013369621708989143,0.006409830413758755,-0.37937432527542114,0.0022434405982494354,-0.3771308958530426,-0.010579857043921947,-0.0230408962816,-0.37907910346984863,-0.008064313791692257,-0.38714340329170227,0.03259196877479553,0.03393246978521347,-0.37933793663978577,0.0118763642385602,-0.36746156215667725,0.0025307154282927513,0.0027791177853941917,-0.379266619682312,0.0009726912248879671,-0.3782939314842224,-0.059936895966529846,-0.029027841985225677,0.02887793630361557,-0.010159744881093502,0.018718190491199493,-0.0947604849934578,-0.09713516384363174,0.3067312240600586,-0.0339973084628582,0.2727339267730713,-0.016704455018043518,-0.009996866807341576,0.4676204323768616,-0.0034989032428711653,0.4641215205192566,0.05940893664956093,0.013045739382505417,0.5066779851913452,0.0045660086907446384,0.511243999004364,0.143706813454628,0.10673308372497559,0.4503747224807739,0.037356577813625336,0.48773130774497986
1.0,0.0,-0.075,0.0,0.0309570236683524,0.011410251958378342,0.3730441907170763,-0.07264824211597443,0.39102763682603836,0.0,0.0,0.0,1.311880350112915,0.05615615472197533,1.3267638683319092,-0.028787998482584953,-0.02682524360716343,-0.37916696071624756,-0.009388835169374943,-0.3885557949542999,0.013245267793536186,-0.0012720730155706406,-0.3791905641555786,-0.0004452255379874259,-0.3796357810497284,-0.052610933780670166,-0.011296398937702179,-0.3793874979019165,-0.003953739535063505,-0.3833412230014801,0.009554905816912651,-0.013262155465781689,-0.3790850043296814,-0.004641754552721977,-0.38372674584388733,0.041393525898456573,0.03617078810930252,-0.37931638956069946,0.012659776024520397,-0.3666566014289856,0.01555148046463728,0.006610826589167118,-0.37929126620292664,0.002313789213076234,-0.37697747349739075,0.030771605670452118,-0.011088008061051369,-0.020616605877876282,-0.0038808027748018503,-0.02449740841984749,-0.05292279273271561,-0.08387145400047302,0.28240716457366943,-0.029355008155107498,0.25305214524269104,-0.05439015477895737,-0.023314854130148888,0.47472357749938965,-0.008160199038684368,0.4665633738040924,0.10733771324157715,0.041333332657814026,0.5433812737464905,0.014466666616499424,0.5578479170799255,0.144753098487854,0.11813908815383911,0.5072370767593384,0.04134868085384369,0.5485857725143433
1.02,0.0,-0.075,0.0,0.04369888858760115,0.013579520006832633,0.3884929079060071,-0.10290892422199249,0.34563661366701126,0.0,0.0,0.0,1.2883882522583008,0.06167629733681679,1.3037878274917603,-0.07458759844303131,-0.04115395247936249,-0.3790796399116516,-0.01440388336777687,-0.3934835195541382,0.008864491246640682,0.0017688963562250137,-0.3793761134147644,0.000619113736320287,-0.3787569999694824,-0.015030590817332268,-0.01241665706038475,-0.37921208143234253,-0.00434583006426692,-0.38355791568756104,0.02970753237605095,-0.00037124939262866974,-0.37914785742759705,-0.00012993728159926832,-0.3792777955532074,0.09028559178113937,0.052405230700969696,-0.3794028162956238,0.018341830000281334,-0.3610609769821167,0.018481645733118057,0.010172072798013687,-0.3791060447692871,0.0035602254793047905,-0.37554582953453064,0.01131274551153183,-0.004367781803011894,0.01582365669310093,-0.001528723631054163,0.014294933527708054,-0.0891290158033371,-0.0854487195611,0.30081862211227417,-0.029907051473855972,0.2709115743637085,0.009530165232717991,-0.013461348600685596,0.4703703224658966,-0.00471147196367383,0.46565884351730347,0.09274792671203613,0.05675771087408066,0.5173830986022949,0.01986519806087017,0.5372483134269714,0.1410582810640335,0.12501484155654907,0.46628138422966003,0.043755192309617996,0.5100365877151489
1.04,0.0,-0.075,0.0,0.055110833840172756,0.014127451332233594,0.38564623126437436,-0.04242834448814392,0.4363574832677841,0.0,0.0,0.0,1.320197582244873,0.06011248752474785,1.337800145149231,-0.02452736534178257,-0.03616597503423691,-0.37907713651657104,-0.012658091261982918,-0.3917352259159088,0.02936854027211666,0.010048789903521538,-0.3793600797653198,0.0035170763731002808,-0.37584298849105835,-0.02488805167376995,-0.016158076003193855,-0.37923726439476013,-0.005655326414853334,-0.3848925828933716,-0.06065715104341507,-0.018457019701600075,-0.37912821769714355,-0.006459956988692284,-0.3855881690979004,0.04945436865091324,0.0515199713408947,-0.3794054388999939,0.01803199015557766,-0.3613734543323517,0.027801088988780975,0.015460778027772903,-0.37912195920944214,0.005411272402852774,-0.3737106919288635,0.028923191130161285,0.00561951007694006,-0.03500565141439438,0.001966828480362892,-0.033038824796676636,-0.039518773555755615,-0.07166973501443863,0.2744539976119995,-0.02508440613746643,0.24936959147453308,-0.06524352729320526,-0.028996001929044724,0.47525209188461304,-0.010148600675165653,0.46510347723960876,0.07506470382213593,0.0622498095035553,0.5522555112838745,0.021787432953715324,0.5740429162979126,0.11258229613304138,0.12128507345914841,0.5221743583679199,0.04244977608323097,0.5646241307258606
1.06,0.0,-0.075,0.0,0.06285793808162222,0.01101276941236694,0.3400297586493325,-0.05041908472776413,0.4243713729083538,0.0,0.0,0.0,1.348227858543396,0.06416313350200653,1.365839958190918,-0.018304258584976196,-0.030807459726929665,-0.3790785074234009,-0.01078261062502861,-0.3898611068725586,0.007980662398040295,0.009428352117538452,-0.3793412446975708,0.003299923148006201,-0.37604132294654846,0.014318118803203106,-0.00701521709561348,-0.3792625665664673,-0.0024553260300308466,-0.38171789050102234,-0.005854150280356407,-0.014676159247756004,-0.37911123037338257,-0.005136655643582344,-0.38424789905548096,0.08887945115566254,0.06272781640291214,-0.3794041872024536,0.02195473574101925,-0.3574494421482086,0.04498172551393509,0.02431706339120865,-0.379140704870224,0.008510972373187542,-0.3706297278404236,-0.0571320578455925,-0.013205960392951965,-0.09014780074357986,-0.004622085951268673,-0.09476988762617111,-0.12112907320261002,-0.08650753647089005,0.2409430593252182,-0.030277637764811516,0.21066541969776154,0.022269926965236664,-0.013616222888231277,0.47199225425720215,-0.004765677731484175,0.4672265648841858,0.025014806538820267,0.05107930675148964,0.580085277557373,0.01787775754928589,0.5979630351066589,0.15576566755771637,0.13162925839424133,0.5739352107048035,0.04607024043798447,0.6200054287910461
1.08,0.0,-0.075,0.0,0.06676485266821694,0.006987703402123777,0.28722134863135773,-0.0635983794927597,0.40460243076086044,0.0,0.0,0.0,1.3723136186599731,0.06568186730146408,1.3949179649353027,0.016102081164717674,-0.016734596341848373,-0.3790838122367859,-0.005857108626514673,-0.3849409222602844,-0.0038811862468719482,0.005435490515083075,-0.37932005524635315,0.0019024217035621405,-0.3774176239967346,0.03158716857433319,0.004565499257296324,-0.37928733229637146,0.0015979247400537133,-0.3776894211769104,-0.06773137301206589,-0.030592724680900574,-0.3790974020957947,-0.010707453824579716,-0.389804869890213,0.056729406118392944,0.06092829257249832,-0.37939906120300293,0.021324902772903442,-0.3580741584300995,0.06017116829752922,0.03507329523563385,-0.3791618347167969,0.012275652959942818,-0.366886168718338,0.06721839308738708,0.01092134602367878,-0.14866995811462402,0.0038224710151553154,-0.14484748244285583,-0.059524163603782654,-0.07841252535581589,0.20085270702838898,-0.0274443831294775,0.17340832948684692,0.0031219436787068844,-0.008594771847128868,0.46064603328704834,-0.0030081700533628464,0.45763787627220154,0.14133794605731964,0.07815690338611603,0.6004016399383545,0.02735491655766964,0.6277565360069275,0.12179507315158844,0.12867900729179382,0.6206883192062378,0.0450376532971859,0.6657259464263916
1.1,0.0,-0.075,0.0,0.06485740738889949,-0.0021230265949433494,0.20771256456327494,-0.11902645230293274,0.3214603215456009,0.0,0.0,0.0,1.3924777507781982,0.06785526126623154,1.4115791320800781,0.03856071084737778,-0.00014600344002246857,-0.3790927827358246,-5.1101204007864e-05,-0.3791438937187195,-0.010594390332698822,0.0006265260744839907,-0.3792969584465027,0.00021928412024863064,-0.379077672958374,-0.04226203262805939,-0.009482760913670063,-0.3793110251426697,-0.003318966366350651,-0.38262999057769775,0.04117771238088608,-0.009061593562364578,-0.3790869116783142,-0.003171557793393731,-0.38225847482681274,0.09661258012056351,0.07163357734680176,-0.379390150308609,0.025071751326322556,-0.35431841015815735,0.07406190037727356,0.0467698760330677,-0.37918487191200256,0.01636945642530918,-0.36281540989875793,0.06547936797142029,0.027288753539323807,-0.20958209037780762,0.009551063179969788,-0.20003102719783783,-0.09794112294912338,-0.08427110314369202,0.15486115217208862,-0.029494885355234146,0.12536627054214478,0.008809358812868595,-0.003373532323166728,0.4414052963256836,-0.0011807363480329514,0.4402245581150055,0.030062038451433182,0.0637284442782402,0.6128609776496887,0.0223049558699131,0.6351659297943115,0.14914605021476746,0.1348191201686859,0.6616427898406982,0.04718669131398201,0.7088294625282288
1.12,0.0,-0.075,0.0,0.06075189562120153,-0.014781685358421151,0.10711940910553122,-0.1317918300628662,0.3023122549057007,0.0,0.0,0.0,1.4089045524597168,0.07148931920528412,1.434257984161377,0.0041089244186878204,0.0011304749641567469,-0.3791053295135498,0.0003956662258133292,-0.37870967388153076,0.0130459014326334,0.00435233861207962,-0.3792725205421448,0.0015233184676617384,-0.3777492046356201,0.026056556031107903,0.0011790348216891289,-0.3793330192565918,0.0004126621934119612,-0.3789203464984894,-0.02640548348426819,-0.014264760538935661,-0.3790801763534546,-0.0049926661886274815,-0.38407284021377563,0.05838611721992493,0.06765934079885483,-0.37937772274017334,0.02368076890707016,-0.3556969463825226,0.023787152022123337,0.03987506031990051,-0.3792092204093933,0.01395627111196518,-0.36525294184684753,0.07211413234472275,0.0407363660633564,-0.2718537747859955,0.01425772812217474,-0.25759604573249817,-0.07742124795913696,-0.08221614360809326,0.1037464290857315,-0.028775649145245552,0.0749707818031311,0.03483063727617264,0.008087718859314919,0.4145955443382263,0.00283070164732635,0.4174262583255768,0.1324274092912674,0.08433813601732254,0.6172524094581604,0.02951834723353386,0.6467707753181458,0.15363386273384094,0.14046354591846466,0.6961058378219604,0.04916223883628845,0.7452681064605713
1.1400000000000001,0.0,-0.075,0.0,0.057701848147631955,-0.026420635991724443,0.022516622691799514,-0.1262536644935608,0.3106195032596588,0.0,0.0,0.0,1.4219095706939697,0.0740770623087883,1.4456202983856201,-0.01353238895535469,-0.0032683846075087786,-0.3791210651397705,-0.0011439345544204116,-0.3802649974822998,0.04915475845336914,0.017793064936995506,-0.37924742698669434,0.006227572448551655,-0.37301984429359436,-0.014463258907198906,-0.0035136535298079252,-0.379352867603302,-0.001229778747074306,-0.38058266043663025,-0.05120745301246643,-0.025347568094730377,-0.3790772259235382,-0.008871648460626602,-0.3879488706588745,0.09233265370130539,0.07506133615970612,-0.3793620765209198,0.02627146802842617,-0.3530906140804291,0.026465412229299545,0.03585216403007507,-0.3792344033718109,0.01254825759679079,-0.3666861355304718,0.13436350226402283,0.06882450729608536,-0.334431529045105,0.024088576436042786,-0.3103429675102234,-0.05653289705514908,-0.07451117038726807,0.048373229801654816,-0.026078909635543823,0.022294320166110992,0.0038996590301394463,0.006831300910562277,0.38067036867141724,0.0023909553419798613,0.38306131958961487,0.043277960270643234,0.07202008366584778,0.613501787185669,0.025207029655575752,0.6387088298797607,0.15954820811748505,0.14618894457817078,0.7234943509101868,0.05116612836718559,0.7746604681015015
1.16,0.0,-0.075,0.0,0.0536044205348566,-0.04431777865890653,-0.08793674729576344,-0.1588977873325348,0.2616533190011978,0.0,0.0,0.0,1.4319056272506714,0.07798238843679428,1.457295536994934,0.038977235555648804,0.009405301883816719,-0.3791397213935852,0.003291855566203594,-0.37584787607192993,0.03893660008907318,0.024136126041412354,-0.3792220950126648,0.008447644300758839,-0.37077444791793823,0.022904373705387115,0.004411755129694939,-0.3793700933456421,0.001544114318676293,-0.3778259754180908,-0.03747500479221344,-0.028985798358917236,-0.3790781497955322,-0.010145029053092003,-0.38922318816185,0.08626308292150497,0.07842186093330383,-0.37934350967407227,0.027447650209069252,-0.35189586877822876,0.03340892121195793,0.0351191908121109,-0.3792596459388733,0.012291716411709785,-0.36696791648864746,0.07430629432201385,0.07046904414892197,-0.39625680446624756,0.02466416545212269,-0.37159264087677,-0.04852082207798958,-0.06671406328678131,-0.010321686044335365,-0.02334992215037346,-0.03367161005735397,0.03985884040594101,0.016739564016461372,0.3402036428451538,0.00585884740576148,0.34606248140335083,0.08885447680950165,0.07707040011882782,0.6016722917556763,0.026974638924002647,0.6286469101905823,0.18690939247608185,0.15840508043766022,0.7433451414108276,0.055441778153181076,0.7987869381904602
1.18,0.0,-0.075,0.0,0.050386206623984284,-0.06296737221514079,-0.18697273796833072,-0.1725141853094101,0.24122872203588486,0.0,0.0,0.0,1.4393666982650757,0.0776129812002182,1.4637422561645508,-0.010040394961833954,0.003571592504158616,-0.37916073203086853,0.0012500573648139834,-0.37791067361831665,0.0519854798913002,0.03249093145132065,-0.37919729948043823,0.011371825821697712,-0.3678254783153534,-0.028049489483237267,-0.005326618440449238,-0.37938421964645386,-0.0018643164075911045,-0.3812485337257385,0.012575831264257431,-0.016517307609319687,-0.37908297777175903,-0.005781057756394148,-0.38486403226852417,0.07028605788946152,0.07598111778497696,-0.3793225586414337,0.026593390852212906,-0.3527291715145111,0.006630466319620609,0.02657257206737995,-0.3792845606803894,0.009300400502979755,-0.36998414993286133,0.10352182388305664,0.08038488030433655,-0.4562836289405823,0.028134707361459732,-0.42814892530441284,-0.036935269832611084,-0.0577804259955883,-0.07134538888931274,-0.02022314816713333,-0.09156853705644608,0.011316537857055664,0.01511265616863966,0.29387998580932617,0.005289429798722267,0.2991694211959839,0.07352949678897858,0.07600812613964081,0.581964373588562,0.026602843776345253,0.6085672378540039,0.1628759801387787,0.15974634885787964,0.7553222179412842,0.055911220610141754,0.8112334609031677
1.2,0.0,-0.075,0.0,0.04831871579914598,-0.08587176998835189,-0.29701807558061233,-0.1712201088666916,0.24316983669996262,0.0,0.0,0.0,1.4447886943817139,0.07349489629268646,1.4659827947616577,0.05525904893875122,0.019077830016613007,-0.37918370962142944,0.00667724059894681,-0.3725064694881439,0.01736225001513958,0.027952326461672783,-0.3791734576225281,0.009783314540982246,-0.3693901300430298,-0.011846255511045456,-0.007282509468495846,-0.3793949484825134,-0.002548878313973546,-0.38194382190704346,0.03983777016401291,0.00038921646773815155,-0.3790915608406067,0.00013622576079797,-0.37895533442497253,0.061009496450424194,0.07148963212966919,-0.37929967045783997,0.025021370500326157,-0.3542782962322235,0.019579220563173294,0.02447456680238247,-0.37930840253829956,0.008566098287701607,-0.3707422912120819,0.06082854047417641,0.07451798021793365,-0.5134965181350708,0.02608129195868969,-0.48741522431373596,-0.03192552179098129,-0.05002395436167717,-0.133665531873703,-0.017508383840322495,-0.1511739194393158,0.04581976309418678,0.02432478964328766,0.242482990026474,0.00851367600262165,0.2509966790676117,0.0982467383146286,0.08267971128225327,0.5547111630439758,0.028937898576259613,0.5836490392684937,0.1183193251490593,0.14731824398040771,0.7592231035232544,0.0515613853931427,0.8107844591140747
1.22,0.0,-0.075,0.0,0.04853282740328422,-0.11093600893820058,-0.4101384034910346,-0.16885541379451752,0.24671687930822372,0.0,0.0,0.0,1.4486494064331055,0.0694705918431282,1.4658105373382568,0.09118248522281647,0.040709227323532104,-0.379207968711853,0.014248229563236237,-0.3649597465991974,-0.0007860949262976646,0.01933080144226551,-0.37915128469467163,0.006765780504792929,-0.37238550186157227,-0.01095733791589737,-0.008384957909584045,-0.3794019818305969,-0.002934735268354416,-0.38233670592308044,0.03732435032725334,0.011469757184386253,-0.37910372018814087,0.004014414735138416,-0.3750893175601959,0.03416655212640762,0.06029270589351654,-0.379275381565094,0.02110244706273079,-0.3581729233264923,0.030919529497623444,0.026408055797219276,-0.3793306052684784,0.009242819622159004,-0.37008777260780334,0.053084343671798706,0.06808789074420929,-0.5669277310371399,0.02383076213300228,-0.5430969595909119,-0.03467772528529167,-0.0454200878739357,-0.19622787833213806,-0.015897030010819435,-0.21212491393089294,0.046542465686798096,0.03099009208381176,0.1868821531534195,0.010846531949937344,0.19772867858409882,0.08340969681739807,0.08289870619773865,0.5203738212585449,0.029014546424150467,0.5493883490562439,0.10718660801649094,0.13527876138687134,0.7549817562103271,0.04734756425023079,0.8023293018341064
1.24,0.0,-0.075,0.0,0.05079202094902632,-0.1370081998282189,-0.5262731545899607,-0.15934641659259796,0.26098037511110306,0.0,0.0,0.0,1.451371431350708,0.06641047447919846,1.4615763425827026,0.09844604879617691,0.058030277490615845,-0.37923312187194824,0.020310597494244576,-0.3589225113391876,-0.0038512791506946087,0.012376177124679089,-0.3791312575340271,0.004331661853939295,-0.37479960918426514,0.0052820779383182526,-0.0042848470620810986,-0.37940531969070435,-0.0014996964018791914,-0.38090500235557556,-0.005500486120581627,0.006378683727234602,-0.3791190981864929,0.0022325392346829176,-0.3768865466117859,0.049572668969631195,0.057076696306467056,-0.37925031781196594,0.019976843148469925,-0.3592734634876251,0.02296200767159462,0.025374241173267365,-0.3793507218360901,0.008880984038114548,-0.37046974897384644,0.08749908208847046,0.07391124963760376,-0.6156732439994812,0.025868937373161316,-0.5898042917251587,-0.028940437361598015,-0.04047619178891182,-0.2579740285873413,-0.014166667126119137,-0.2721406817436218,0.04810308292508125,0.03612399101257324,0.1280180960893631,0.012643396854400635,0.14066149294376373,0.06867240369319916,0.07863081246614456,0.47953325510025024,0.027520783245563507,0.5070540308952332,0.07780418545007706,0.11803638935089111,0.742669939994812,0.04131273552775383,0.7839826941490173
1.26,0.0,-0.075,0.0,0.05459012102728378,-0.1624795593771194,-0.6441356697749461,-0.149209663271904,0.276185505092144,0.0,0.0,0.0,1.453287124633789,0.06167034059762955,1.4575499296188354,0.10330146551132202,0.07161163538694382,-0.379258394241333,0.025064071640372276,-0.354194313287735,-0.01243700459599495,0.004932221956551075,-0.3791138529777527,0.0017262776382267475,-0.3773875832557678,0.016487902030348778,0.0019469778053462505,-0.3794046640396118,0.0006814422085881233,-0.37872323393821716,0.0015044211177155375,0.004916404839605093,-0.37913745641708374,0.0017207416240125895,-0.3774167001247406,0.057623252272605896,0.05724066495895386,-0.379224956035614,0.02003423310816288,-0.3591907322406769,-0.0004404839128255844,0.017629822716116905,-0.37936824560165405,0.0061704376712441444,-0.3731977939605713,0.055095329880714417,0.06826647371053696,-0.658908486366272,0.023893265053629875,-0.6350152492523193,-0.03508191183209419,-0.03885790705680847,-0.3178594708442688,-0.013600267469882965,-0.33145973086357117,0.030818872153759003,0.03453245759010315,0.06688658893108368,0.012086359784007072,0.0789729505777359,0.048438187688589096,0.06957302242517471,0.4328802824020386,0.02435055747628212,0.4572308361530304,0.059176407754421234,0.10037839412689209,0.7224958539009094,0.03513243794441223,0.757628321647644
1.28,0.0,-0.075,0.0,0.06056081251238169,-0.18528618008075307,-0.7574309668278372,-0.1526520997285843,0.27102185040712357,0.0,0.0,0.0,1.4546116590499878,0.058739397674798965,1.452951192855835,0.09417279064655304,0.07837998121976852,-0.3792833089828491,0.027432993054389954,-0.35185033082962036,-0.01913459599018097,-0.0022878237068653107,-0.37909942865371704,-0.0008007382857613266,-0.37990015745162964,0.026351364329457283,0.009268294088542461,-0.3794001638889313,0.0032439029309898615,-0.3761562705039978,-0.029772959649562836,-0.005490405019372702,-0.37915822863578796,-0.0019216417567804456,-0.38107988238334656,0.06689371168613434,0.060136578977108,-0.3792000710964203,0.0210478026419878,-0.35815227031707764,0.001590389758348465,0.012817991897463799,-0.3793827295303345,0.004486297257244587,-0.37489643692970276,0.07485705614089966,0.07024364918470383,-0.6959020495414734,0.02458527684211731,-0.6713167428970337,-0.041426461189985275,-0.03962847590446472,-0.3748711049556732,-0.013869966380298138,-0.38874107599258423,0.033675264567136765,0.034275300800800323,0.0045218029990792274,0.011996354907751083,0.016518156975507736,0.04563242569565773,0.06239084154367447,0.381204217672348,0.021836794912815094,0.4030410051345825,0.035525210201740265,0.0809224396944046,0.6948009729385376,0.02832285314798355,0.7231238484382629
1.3,0.0,-0.075,0.0,0.06898315832728165,-0.20543083350495783,-0.8667911769629679,-0.14387483894824982,0.2841877415776253,0.0,0.0,0.0,1.455424427986145,0.05782625451683998,1.4482743740081787,0.09754344820976257,0.08412902057170868,-0.37930721044540405,0.029445156455039978,-0.3498620390892029,-0.009371891617774963,-0.0044130440801382065,-0.3790884017944336,-0.0015445654280483723,-0.3806329667568207,0.039324693381786346,0.01828521490097046,-0.3793918490409851,0.006399825215339661,-0.37299203872680664,-0.02423742413520813,-0.011114510707557201,-0.3791809678077698,-0.0038900787476450205,-0.38307103514671326,0.06980331987142563,0.06303660571575165,-0.37917613983154297,0.022062812000513077,-0.3571133315563202,-0.003232286311686039,0.008002908900380135,-0.37939390540122986,0.0028010180685669184,-0.37659287452697754,0.07842432707548141,0.07269785553216934,-0.7260280847549438,0.02544424869120121,-0.700583815574646,-0.03482162579894066,-0.03818641975522041,-0.4280444383621216,-0.0133652463555336,-0.4414096772670746,0.029218167066574097,0.032758161425590515,-0.058021243661642075,0.011465356685221195,-0.046555887907743454,0.03985601291060448,0.0556303933262825,0.3253791928291321,0.019470637664198875,0.3448498249053955,0.04195784032344818,0.06923305988311768,0.6600536108016968,0.024231569841504097,0.6842851638793945
1.32,0.0,-0.075,0.0,0.07959855198861414,-0.22274181537130916,-0.9707940814171856,-0.13110888004302979,0.3033366799354553,0.0,0.0,0.0,1.4556626081466675,0.057683661580085754,1.4434382915496826,0.10710218548774719,0.09102097153663635,-0.37932953238487244,0.031857337802648544,-0.3474721908569336,0.0026195631362497807,-0.002303261775523424,-0.37908101081848145,-0.0008061415865086019,-0.3798871636390686,0.042256779968738556,0.025476684793829918,-0.3793799877166748,0.008916839957237244,-0.37046313285827637,0.00721416249871254,-0.005615908652544022,-0.3792051672935486,-0.00196556793525815,-0.38117074966430664,0.054705165326595306,0.060537174344062805,-0.3791537582874298,0.02118801139295101,-0.35796573758125305,-0.019017379730939865,-0.00010317796841263771,-0.37940141558647156,-3.6112287489231676e-05,-0.37943753600120544,0.08698392659425735,0.07698367536067963,-0.7487770318984985,0.02694428525865078,-0.7218327522277832,-0.037342339754104614,-0.037933193147182465,-0.4764799475669861,-0.013276617042720318,-0.4897565543651581,0.022228378802537918,0.029599227011203766,-0.11968450248241425,0.010359729640185833,-0.10932477563619614,0.030183717608451843,0.047996390610933304,0.26634958386421204,0.01679873652756214,0.28314831852912903,0.0487951934337616,0.06310170143842697,0.6188416481018066,0.02208559587597847,0.640927255153656
1.34,0.0,-0.075,0.0,0.09229795025975596,-0.2370932582334028,-1.069907610283042,-0.11800757050514221,0.3229886442422867,0.0,0.0,0.0,1.4551252126693726,0.05386347696185112,1.4412221908569336,0.0875101163983345,0.08996771275997162,-0.3793497681617737,0.03148869797587395,-0.34786108136177063,-0.006564039271324873,-0.003581495024263859,-0.3790774345397949,-0.001253523281775415,-0.3803309500217438,0.020363662391901016,0.02394277974963188,-0.37936484813690186,0.008379972539842129,-0.37098488211631775,-0.01130118127912283,-0.007321490440517664,-0.37923020124435425,-0.0025625217240303755,-0.38179272413253784,0.054318495094776154,0.05867157131433487,-0.379133403301239,0.020535049960017204,-0.35859835147857666,-0.006407635752111673,-0.0019945153035223484,-0.37940514087677,-0.0006980803445912898,-0.3801032304763794,0.06067444384098053,0.07209090888500214,-0.7637639045715332,0.025231817737221718,-0.7385320663452148,-0.038952868431806564,-0.038239095360040665,-0.5193583369255066,-0.013383682817220688,-0.5327420234680176,0.0008130446076393127,0.02096337266266346,-0.17942483723163605,0.007337180431932211,-0.1720876544713974,0.02982218563556671,0.042544130235910416,0.20511406660079956,0.01489044539630413,0.22000451385974884,0.022562267258763313,0.05093987286090851,0.5718622803688049,0.01782895438373089,0.5896912217140198
1.36,0.0,-0.075,0.0,0.10600633695086494,-0.24709054660990418,-1.1664178515962216,-0.0691879466176033,0.39621808007359505,0.0,0.0,0.0,1.4534891843795776,0.05506128817796707,1.4355026483535767,0.0931350365281105,0.0909179076552391,-0.3793674409389496,0.03182126581668854,-0.34754616022109985,0.024451009929180145,0.0048282565549016,-0.3790777623653412,0.0016898898174986243,-0.3773878812789917,0.031144719570875168,0.026103362441062927,-0.37934672832489014,0.00913617666810751,-0.37021055817604065,0.09375671297311783,0.02300197072327137,-0.3792555332183838,0.008050689473748207,-0.37120485305786133,0.02065522037446499,0.04726666584610939,-0.37911567091941833,0.016543332487344742,-0.3625723421573639,-0.09126392006874084,-0.02877533808350563,-0.3794049620628357,-0.01007136795669794,-0.38947632908821106,0.10595233738422394,0.08224934339523315,-0.7707353830337524,0.028787270188331604,-0.741948127746582,-0.0712185949087143,-0.048132944852113724,-0.555954098701477,-0.01684653013944626,-0.5728006362915039,0.025852225720882416,0.02243002876639366,-0.23623162508010864,0.007850510068237782,-0.22838111221790314,0.006217280402779579,0.03164607658982277,0.14270849525928497,0.011076126247644424,0.1537846177816391,0.014499319717288017,0.04000770300626755,0.5199103355407715,0.014002695679664612,0.5339130163192749
1.3800000000000001,0.0,-0.075,0.0,0.12064129788006994,-0.2543162727132637,-1.2516195097851208,-0.06132630258798599,0.408010546118021,0.0,0.0,0.0,1.4503345489501953,0.059107158333063126,1.428223967552185,0.0898452177643776,0.09059609472751617,-0.37938210368156433,0.03170863166451454,-0.3476734757423401,0.0021267421543598175,0.00401780242100358,-0.3790819048881531,0.001406230847351253,-0.3776756823062897,0.012895544059574604,0.022141017019748688,-0.3793261647224426,0.007749355863779783,-0.37157681584358215,0.12517321109771729,0.05365334451198578,-0.3792805075645447,0.018778670579195023,-0.36050182580947876,0.021650386974215508,0.0395817831158638,-0.3791009187698364,0.013853623531758785,-0.36524730920791626,-0.08582038432359695,-0.04588885232806206,-0.3794008791446686,-0.016061097383499146,-0.3954619765281677,0.11656052619218826,0.09254270046949387,-0.7695733308792114,0.03238994628190994,-0.7371833920478821,-0.0768602043390274,-0.05675112456083298,-0.5856482982635498,-0.019862893968820572,-0.6055111885070801,0.022644396871328354,0.02249433845281601,-0.2891438603401184,0.007873018272221088,-0.281270831823349,0.007811395451426506,0.024495670571923256,0.08018860965967178,0.008573484607040882,0.08876209706068039,-0.029793621972203255,0.019067304208874702,0.4638645350933075,0.006673556286841631,0.47053807973861694
1.4000000000000001,0.0,-0.075,0.0,0.13232388153225494,-0.25847875053430747,-1.3072318244445411,-0.07511615008115768,0.3873257748782635,0.0,0.0,0.0,1.4451769590377808,0.061366159468889236,1.4209792613983154,0.11418484151363373,0.0976727157831192,-0.37939339876174927,0.03418545052409172,-0.34520795941352844,0.010227806866168976,0.0058808038011193275,-0.37908992171287537,0.0020582813303917646,-0.3770316541194916,0.02690185233950615,0.023569267243146896,-0.37930357456207275,0.008249243721365929,-0.3710543215274811,0.09204741567373276,0.06517156958580017,-0.37930452823638916,0.02281004935503006,-0.3564944863319397,0.01882855035364628,0.03335581347346306,-0.3790895342826843,0.011674534529447556,-0.36741501092910767,-0.04258357733488083,-0.04489726945757866,-0.3793930113315582,-0.015714043751358986,-0.39510706067085266,0.09461851418018341,0.09316544979810715,-0.7602975368499756,0.03260790556669235,-0.7276896238327026,-0.07334230840206146,-0.06172848120331764,-0.6079384684562683,-0.02160496823489666,-0.6295434236526489,-0.00046134390868246555,0.015607633627951145,-0.3372664153575897,0.005462671630084515,-0.33180373907089233,0.01513514295220375,0.02168751135468483,0.01861204206943512,0.007590628694742918,0.026202671229839325,-0.025824951007962227,0.0055996268056333065,0.4046730399131775,0.0019598694052547216,0.4066329002380371
1.42,0.0,-0.075,0.0,0.14233847015203635,-0.2603073115415592,-1.3506997088453316,-0.08375747501850128,0.3743637874722481,0.0,0.0,0.0,1.4375052452087402,0.057319700717926025,1.417001724243164,0.08342177420854568,0.09339743852615356,-0.3794010877609253,0.03268910199403763,-0.34671199321746826,0.019424041733145714,0.009943775832653046,-0.3791015148162842,0.0034803214948624372,-0.3756211996078491,-0.002345537766814232,0.015794826671481133,-0.3792794644832611,0.005528189241886139,-0.37375128269195557,0.07448897510766983,0.06796678900718689,-0.37932705879211426,0.02378837577998638,-0.3555386960506439,0.022206434980034828,0.030011000111699104,-0.37908169627189636,0.010503849945962429,-0.36857783794403076,-0.016940899193286896,-0.03651035577058792,-0.37938153743743896,-0.012778623960912228,-0.3921601474285126,0.048800524324178696,0.07985597103834152,-0.7430647611618042,0.027949590235948563,-0.7151151895523071,-0.0740041583776474,-0.06541118025779724,-0.6224475502967834,-0.022893913090229034,-0.6453414559364319,-0.03966813161969185,-0.0009750965982675552,-0.3797852396965027,-0.00034128379775211215,-0.3801265358924866,0.0002138819545507431,0.015245421789586544,-0.04097951948642731,0.005335897672921419,-0.035643622279167175,-0.022036967799067497,-0.0026913518086075783,0.3433372974395752,-0.0009419731213711202,0.3423953354358673
1.44,0.0,-0.075,0.0,0.1515999376507207,-0.2618938988128852,-1.3846837522667435,-0.08094927668571472,0.3785760849714279,0.0,0.0,0.0,1.426819920539856,0.05210322141647339,1.412827730178833,0.047091081738471985,0.07950553297996521,-0.37940502166748047,0.027826936915516853,-0.35157808661460876,0.030178626999258995,0.016014231368899345,-0.37911638617515564,0.005604980979114771,-0.373511403799057,-0.023669490590691566,0.003955530934035778,-0.37925446033477783,0.001384435803629458,-0.37787002325057983,0.07524802535772324,0.07015115767717361,-0.3793475925922394,0.024552904069423676,-0.3547946810722351,0.01894153468310833,0.026690160855650902,-0.37907761335372925,0.009341556578874588,-0.36973604559898376,-0.021602069959044456,-0.03203786909580231,-0.3793667256832123,-0.011213254183530807,-0.3905799686908722,0.02621905505657196,0.06376489996910095,-0.718166708946228,0.022317714989185333,-0.6958490014076233,-0.06834807991981506,-0.06629224866628647,-0.6289302110671997,-0.023202287033200264,-0.652132511138916,-0.06123388558626175,-0.019052734598517418,-0.4159810245037079,-0.006668456830084324,-0.42264947295188904,-0.009859118610620499,0.007714059669524431,-0.09757795929908752,0.0026999209076166153,-0.09487804025411606,-0.010335039347410202,-0.004984457977116108,0.28089478611946106,-0.0017445603152737021,0.27915021777153015
1.46,0.0,-0.075,0.0,0.15984325196274968,-0.263789134185129,-1.4087306316543218,-0.08141317218542099,0.3778802417218685,0.0,0.0,0.0,1.4126719236373901,0.04683012515306473,1.4048240184783936,0.036955803632736206,0.06674061715602875,-0.37940502166748047,0.023359214887022972,-0.35604581236839294,0.0288188885897398,0.01985562965273857,-0.37913426756858826,0.0069494703784585,-0.37218478322029114,-0.03178396075963974,-0.0067663174122571945,-0.3792291283607483,-0.0023682110477238894,-0.3815973401069641,0.043306976556777954,0.06209789961576462,-0.37936556339263916,0.021734263747930527,-0.35763129591941833,0.014898000285029411,0.023152513429522514,-0.3790774941444397,0.008103379979729652,-0.3709741234779358,-0.01782757043838501,-0.027774779126048088,-0.3793489933013916,-0.009721172973513603,-0.38907015323638916,0.023707449436187744,0.05174766480922699,-0.68602454662323,0.018111681565642357,-0.6679128408432007,-0.053030867129564285,-0.062313832342624664,-0.627276599407196,-0.021809840574860573,-0.6490864157676697,-0.0719437450170517,-0.03492003679275513,-0.44524145126342773,-0.012222012504935265,-0.45746347308158875,-0.017481740564107895,0.0001553194597363472,-0.15022581815719604,5.436181163531728e-05,-0.1501714587211609,-0.015099653974175453,-0.008019017055630684,0.21840190887451172,-0.002806655829772353,0.21559526026248932
1.48,0.0,-0.075,0.0,0.1678026640901407,-0.2655280504048413,-1.4237457933407052,-0.08449959009885788,0.3732506148517132,0.0,0.0,0.0,1.394699215888977,0.046149592846632004,1.3911757469177246,0.047807298600673676,0.06106061860918999,-0.37940114736557007,0.02137121558189392,-0.35802993178367615,0.025678563863039017,0.021602509543299675,-0.37915465235710144,0.007560878060758114,-0.37159377336502075,-0.029391659423708916,-0.0135539211332798,-0.3792041540145874,-0.004743872210383415,-0.38394802808761597,0.06748804450035095,0.06371494382619858,-0.37938058376312256,0.022300230339169502,-0.357080340385437,-0.004326013848185539,0.014908955432474613,-0.37908124923706055,0.005218134261667728,-0.3738631010055542,-0.04077146574854851,-0.03167378529906273,-0.3793286383152008,-0.01108582504093647,-0.3904144763946533,0.0285029299557209,0.044774241745471954,-0.6471818685531616,0.015670984983444214,-0.631510853767395,-0.05624896287918091,-0.06049437075853348,-0.6175148487091064,-0.021173030138015747,-0.6386878490447998,-0.06073245406150818,-0.04266376048326492,-0.467071533203125,-0.014932315796613693,-0.4820038378238678,-0.016405269503593445,-0.00481285760179162,-0.1980324536561966,-0.0016845001373440027,-0.1997169554233551,-0.03010411001741886,-0.014644544571638107,0.1569158285856247,-0.0051255906000733376,0.15179023146629333
1.5,0.0,-0.075,0.0,0.17397932473085073,-0.2663368262755357,-1.421442202616749,-0.07835685461759567,0.3824647180736065,0.0,0.0,0.0,1.3726602792739868,0.04956149682402611,1.3725625276565552,0.03463326394557953,0.05313241109251976,-0.3793935179710388,0.0185963436961174,-0.3607971668243408,0.039700865745544434,0.027032017707824707,-0.37917715311050415,0.009461206384003162,-0.36971595883369446,-0.001933785155415535,-0.010067880153656006,-0.37918001413345337,-0.003523757914081216,-0.3827037811279297,0.0873759463429451,0.07081324607133865,-0.3793922960758209,0.0247846357524395,-0.3546076714992523,0.005172142758965492,0.01198791153728962,-0.379088819026947,0.004195768851786852,-0.37489303946495056,-0.054567888379096985,-0.038542017340660095,-0.37930625677108765,-0.013489705510437489,-0.39279595017433167,0.03881489485502243,0.0429864376783371,-0.602295994758606,0.01504525262862444,-0.5872507691383362,-0.09912317246198654,-0.0720830112695694,-0.599810004234314,-0.02522905357182026,-0.6250390410423279,-0.03649388998746872,-0.04081279784440994,-0.481101930141449,-0.014284479431807995,-0.49538642168045044,-0.05728771910071373,-0.020555315539240837,-0.2401891052722931,-0.007194360252469778,-0.2473834604024887,-0.048889875411987305,-0.024918144568800926,0.09747672080993652,-0.008721350692212582,0.08875536918640137
1.52,0.0,-0.075,0.0,0.17719101761969416,-0.2678128355611099,-1.399676773082281,-0.08122201263904572,0.3781669810414314,0.0,0.0,0.0,1.34646475315094,0.0512571819126606,1.3493484258651733,0.03861725330352783,0.04877786338329315,-0.3793821930885315,0.017072251066565514,-0.36230993270874023,0.026338884606957436,0.02682407945394516,-0.37920111417770386,0.009388427250087261,-0.3698126971721649,-0.03919411450624466,-0.01880575157701969,-0.37915730476379395,-0.006582012865692377,-0.3857393264770508,0.08624809980392456,0.07544369995594025,-0.37940043210983276,0.026405295357108116,-0.3529951274394989,-0.009291445836424828,0.00560410413891077,-0.37909996509552,0.001961436355486512,-0.37713852524757385,-0.049267321825027466,-0.041759610176086426,-0.37928229570388794,-0.014615863561630249,-0.3938981592655182,0.03616822883486748,0.04094097390770912,-0.5521260499954224,0.014329340308904648,-0.5377967357635498,-0.06257949024438858,-0.06923195719718933,-0.5744616389274597,-0.024231184273958206,-0.5986928343772888,-0.05921758711338043,-0.04633423686027527,-0.48709532618522644,-0.016216982156038284,-0.5033122897148132,-0.0203945804387331,-0.020507095381617546,-0.2759826183319092,-0.007177483290433884,-0.28316009044647217,-0.07057859003543854,-0.038616277277469635,0.04109010100364685,-0.013515696860849857,0.027574405074119568
1.54,0.0,-0.075,0.0,0.1739824783585241,-0.2820644045891701,-1.4195427640287444,-0.08738391846418381,0.3689241223037243,0.0,0.0,0.0,1.3161996603012085,0.05022633820772171,1.322311282157898,0.06608675420284271,0.05397053062915802,-0.3793675899505615,0.018889686092734337,-0.36047789454460144,0.007634198293089867,0.021067114546895027,-0.37922602891921997,0.007373489905148745,-0.3718525469303131,-0.07153557240962982,-0.034624699503183365,-0.3791366219520569,-0.012118645012378693,-0.391255259513855,0.058395154774188995,0.07032913714647293,-0.37940478324890137,0.024615198373794556,-0.3547895848751068,-0.03511012718081474,-0.006610165815800428,-0.3791145086288452,-0.0023135580122470856,-0.381428062915802,-0.031191177666187286,-0.03858908265829086,-0.37925732135772705,-0.013506178744137287,-0.39276349544525146,0.014883650466799736,0.03312377631664276,-0.49752092361450195,0.011593321338295937,-0.48592761158943176,-0.013324735686182976,-0.05245979130268097,-0.5418985486030579,-0.01836092583835125,-0.5602594614028931,-0.10035865753889084,-0.06254155933856964,-0.48495030403137207,-0.021889545023441315,-0.5068398714065552,0.030813757330179214,-0.005110839381814003,-0.30480754375457764,-0.001788793713785708,-0.3065963387489319,-0.050214700400829315,-0.04209580272436142,-0.01129013579338789,-0.014733530580997467,-0.02602366730570793
1.56,0.0,-0.075,0.0,0.1692301149086878,-0.2930760461386681,-1.411191671023677,-0.09142354875802994,0.3628646768629551,0.0,0.0,0.0,1.2821539640426636,0.05113547667860985,1.2905908823013306,0.08225648105144501,0.062456317245960236,-0.3793499171733856,0.021859711036086082,-0.357490211725235,0.017897900193929672,0.020116349682211876,-0.3792513906955719,0.007040722295641899,-0.37221068143844604,-0.07041165232658386,-0.04536078870296478,-0.3791183829307556,-0.015876276418566704,-0.3949946463108063,0.03639483451843262,0.06014884635806084,-0.3794052004814148,0.021052096039056778,-0.3583531081676483,-0.03488699719309807,-0.015093215741217136,-0.37913209199905396,-0.0052826255559921265,-0.3844147324562073,-0.027023088186979294,-0.03511928394436836,-0.3792320489883423,-0.012291749007999897,-0.3915238082408905,0.005071984138339758,0.024708237498998642,-0.43940430879592896,0.00864788331091404,-0.43075641989707947,-0.014120856299996376,-0.040958110243082047,-0.5026715397834778,-0.014335338026285172,-0.5170068740844727,-0.10284589231014252,-0.07463286072015762,-0.47470325231552124,-0.02612150087952614,-0.5008247494697571,0.03848323971033096,0.007967385463416576,-0.32617613673210144,0.0027885849121958017,-0.3233875632286072,-0.050171129405498505,-0.044518399983644485,-0.05877787619829178,-0.015581440180540085,-0.07435931265354156
1.58,0.0,-0.075,0.0,0.1635047639690715,-0.30240506426103586,-1.391427940346998,-0.08606576919555664,0.37090134620666504,0.0,0.0,0.0,1.2448376417160034,0.05466289818286896,1.256137728691101,0.09791827946901321,0.07309490442276001,-0.37932971119880676,0.025583216920495033,-0.3537465035915375,0.02629850246012211,0.021970994770526886,-0.37927642464637756,0.007689848076552153,-0.3715865910053253,-0.060474030673503876,-0.04989476501941681,-0.3791031539440155,-0.017463168129324913,-0.39656633138656616,0.07348942756652832,0.06415101885795593,-0.3794017732143402,0.022452855482697487,-0.3569489121437073,-0.05774015933275223,-0.02788729965686798,-0.37915217876434326,-0.009760554879903793,-0.38891273736953735,-0.04550011083483696,-0.03823353350162506,-0.37920695543289185,-0.013381736353039742,-0.39258870482444763,-0.025025520473718643,0.009788110852241516,-0.3787592947483063,0.0034258386585861444,-0.3753334581851959,-0.021217983216047287,-0.03503607213497162,-0.45744431018829346,-0.012262624688446522,-0.4697069227695465,-0.11031824350357056,-0.08533847332000732,-0.4565274119377136,-0.029868464916944504,-0.48639586567878723,0.0016820169985294342,0.006081774830818176,-0.3397269546985626,0.0021286210976541042,-0.3375983238220215,-0.0056272512301802635,-0.03285105526447296,-0.10056978464126587,-0.011497869156301022,-0.11206765472888947
1.6,0.0,-0.075,0.0,0.15501595348341204,-0.30681816890412056,-1.336809034525948,-0.06356638669967651,0.40465041995048523,0.0,0.0,0.0,1.2049983739852905,0.05474003776907921,1.219024658203125,0.08936715871095657,0.07797658443450928,-0.3793073892593384,0.027291804552078247,-0.35201558470726013,0.01684674248099327,0.02043372020125389,-0.37930065393447876,0.007151802070438862,-0.3721488416194916,-0.046650856733322144,-0.04892159253358841,-0.37909114360809326,-0.017122557386755943,-0.39621371030807495,0.0030963458120822906,0.04583461582660675,-0.37939453125,0.016042115166783333,-0.3633524179458618,-0.08454671502113342,-0.04488512501120567,-0.37917447090148926,-0.01570979319512844,-0.39488425850868225,-0.01539114210754633,-0.03138081729412079,-0.37918269634246826,-0.010983285494148731,-0.3901659846305847,-0.02861759066581726,-0.001733600627630949,-0.3166118860244751,-0.0006067602080293,-0.3172186315059662,-0.010870445519685745,-0.027786383405327797,-0.406981885433197,-0.009725234471261501,-0.4167071282863617,-0.11987238377332687,-0.09569864720106125,-0.4307302236557007,-0.03349452465772629,-0.46422475576400757,0.026461735367774963,0.012195763178169727,-0.3452308177947998,0.004268517252057791,-0.340962290763855,0.011036587879061699,-0.01968476176261902,-0.13595885038375854,-0.006889666430652142,-0.14284852147102356
1.62,0.0,-0.075,0.0,0.141069792935768,-0.307629535623233,-1.247284615893285,-0.030710391700267792,0.4539344124495983,0.0,0.0,0.0,1.1636321544647217,0.05530427396297455,1.180355191230774,0.06031951308250427,0.07267946004867554,-0.37928348779678345,0.025437811389565468,-0.3538456857204437,0.03806515783071518,0.025723151862621307,-0.37932348251342773,0.009003102779388428,-0.3703203797340393,0.0008474178612232208,-0.03399088978767395,-0.37908273935317993,-0.011896811425685883,-0.3909795582294464,-0.0011854480253532529,0.031728595495224,-0.3793836832046509,0.0111050084233284,-0.3682786822319031,-0.11948871612548828,-0.06726620346307755,-0.3791983127593994,-0.02354317158460617,-0.4027414917945862,-0.03684563189744949,-0.0330202616751194,-0.3791598081588745,-0.011557091027498245,-0.39071691036224365,-0.06539183855056763,-0.020831072703003883,-0.2540133595466614,-0.007290875539183617,-0.26130422949790955,-0.031354695558547974,-0.028856877237558365,-0.3521379828453064,-0.010099906474351883,-0.3622379004955292,-0.10463686287403107,-0.09838011115789413,-0.3977482318878174,-0.0344330370426178,-0.4321812689304352,0.025467809289693832,0.016177378594875336,-0.3425945043563843,0.005662082228809595,-0.3369324207305908,0.024927357211709023,-0.0063011255115270615,-0.16434642672538757,-0.0022053939756006002,-0.16655181348323822
1.6400000000000001,0.0,-0.075,0.0,0.12425635496413995,-0.30631572577076455,-1.1436792513147243,0.004965009167790413,0.5074475137516856,0.005213259626179933,0.0,0.005213259626179933,1.121983528137207,0.06119508296251297,1.1425269842147827,0.04105158895254135,0.06319110095500946,-0.3792586326599121,0.02211688458919525,-0.35714173316955566,0.07318613678216934,0.0399620458483696,-0.3793443739414215,0.01398671604692936,-0.3653576672077179,0.052067384123802185,-0.008173407055437565,-0.3790780305862427,-0.0028606923297047615,-0.38193872570991516,0.025866813957691193,0.029970061033964157,-0.3793694078922272,0.01048952154815197,-0.36887988448143005,-0.14434552192687988,-0.09038999676704407,-0.37922316789627075,-0.031636498868465424,-0.4108596742153168,-0.09016963094472885,-0.050165072083473206,-0.37913888692855835,-0.017557775601744652,-0.39669665694236755,-0.08621864765882492,-0.04044734686613083,-0.19202278554439545,-0.014156571589410305,-0.20617935061454773,-0.12110518664121628,-0.05653136968612671,-0.2938404083251953,-0.019785979762673378,-0.31362637877464294,-0.07439495623111725,-0.09118456393480301,-0.3581393361091614,-0.031914595514535904,-0.390053927898407,-0.04421723634004593,-0.0019410066306591034,-0.3318627178668976,-0.0006793523207306862,-0.3325420618057251,0.05916953086853027,0.013340070843696594,-0.18525224924087524,0.004669024609029293,-0.18058322370052338
1.6600000000000001,0.0,-0.075,0.0,0.10146184108248411,-0.30212097096899976,-0.9916459285831662,0.03390602767467499,0.5508590415120125,0.03560132905840874,0.0,0.03560132905840874,1.0815305709838867,0.07578335702419281,1.1047484874725342,0.04617147892713547,0.05808521434664726,-0.37923333048820496,0.020329825580120087,-0.3589034974575043,0.07824153453111649,0.051445893943309784,-0.3793627917766571,0.018006062135100365,-0.3613567352294922,0.04939573258161545,0.009097335860133171,-0.3790772557258606,0.00318406755104661,-0.37589317560195923,0.09275077283382416,0.04880427569150925,-0.37935206294059753,0.017081495374441147,-0.3622705638408661,-0.16174347698688507,-0.11179604381322861,-0.3792484998703003,-0.0391286164522171,-0.4183771014213562,-0.11668920516967773,-0.07012231647968292,-0.3791203498840332,-0.024542810395359993,-0.40366315841674805,-0.08502530306577682,-0.053820736706256866,-0.13168880343437195,-0.018837258219718933,-0.15052606165409088,-0.18861263990402222,-0.09615575522184372,-0.2330753356218338,-0.03365451470017433,-0.26672986149787903,-0.036527566611766815,-0.07478746026754379,-0.31257352232933044,-0.026175610721111298,-0.33874914050102234,-0.1382121592760086,-0.042822353541851044,-0.3132169544696808,-0.01498782355338335,-0.32820478081703186,0.09414566308259964,0.03758174926042557,-0.19832266867160797,0.013153611682355404,-0.18516905605793
1.68,0.0,-0.075,0.0,0.08364293821764823,-0.30074266180451065,-0.9028295566369495,0.04359380155801773,0.5653907023370266,0.045773491635918616,0.0,0.045773491635918616,1.0439432859420776,0.08563484251499176,1.065796136856079,0.07271464169025421,0.06247404217720032,-0.37920820713043213,0.02186591364443302,-0.35734230279922485,0.050855956971645355,0.051268912851810455,-0.3793783187866211,0.01794411987066269,-0.3614341914653778,0.08086299151182175,0.030627034604549408,-0.3790804147720337,0.010719462297856808,-0.3683609664440155,0.01924782618880272,0.0399373397231102,-0.37933212518692017,0.013978068716824055,-0.365354061126709,-0.12643206119537354,-0.11618685722351074,-0.37927359342575073,-0.0406653992831707,-0.41993898153305054,-0.09706766903400421,-0.07820592075586319,-0.37910473346710205,-0.027372071519494057,-0.40647679567337036,-0.08489818125963211,-0.06314396858215332,-0.07403205335140228,-0.022100389003753662,-0.09613244235515594,-0.177354633808136,-0.12051542103290558,-0.17087072134017944,-0.04218039661645889,-0.21305111050605774,-0.02114897593855858,-0.05869591608643532,-0.2618217468261719,-0.020543569698929787,-0.2823653221130371,-0.15980973839759827,-0.07791857421398163,-0.28697264194488525,-0.02727149985730648,-0.3142441511154175,0.09957550466060638,0.056179873645305634,-0.20333659648895264,0.019662955775856972,-0.18367363512516022
1.7,0.0,-0.075,0.0,0.06186808098931712,-0.29365603047553557,-0.7553333418741127,0.024788593873381615,0.5371828908100724,0.026028023567050695,0.0,0.026028023567050695,1.0110045671463013,0.08147815614938736,1.026826024055481,0.10733768343925476,0.07593312859535217,-0.37918388843536377,0.02657659538090229,-0.35260728001594543,-0.010115235112607479,0.03285367041826248,-0.3793905973434448,0.011498784646391869,-0.3678918182849884,0.09175742417573929,0.04896615445613861,-0.37908732891082764,0.017138153314590454,-0.3619491755962372,-0.07808912545442581,0.004529399797320366,-0.3793100416660309,0.0015852899523451924,-0.3777247369289398,-0.051411956548690796,-0.09675438702106476,-0.37929797172546387,-0.033864036202430725,-0.4131619930267334,-0.06717618554830551,-0.07489699870347977,-0.37909233570098877,-0.02621394954621792,-0.40530627965927124,-0.05482695251703262,-0.06064886599779129,-0.020027942955493927,-0.021227102726697922,-0.04125504568219185,-0.11740139871835709,-0.11958121508359909,-0.10827891528606415,-0.04185342416167259,-0.15013234317302704,0.005630072206258774,-0.03939811885356903,-0.20674248039722443,-0.013789341785013676,-0.22053182125091553,-0.10445459187030792,-0.0858793780207634,-0.25357377529144287,-0.03005778230726719,-0.2836315631866455,0.053110912442207336,0.055259186774492264,-0.20020917057991028,0.019340714439749718,-0.180868461728096
1.72,0.0,-0.075,0.0,0.04070272448613686,-0.2832515939138945,-0.597123392402055,0.0069513265043497086,0.5104269897565246,0.007298892829567193,0.0,0.007298892829567193,0.9844812750816345,0.07182617485523224,0.9928277730941772,0.11567247658967972,0.08785493671894073,-0.37916091084480286,0.030749227851629257,-0.3484116792678833,-0.04169435799121857,0.010489261709153652,-0.3793993592262268,0.003671241458505392,-0.37572813034057617,0.058680303394794464,0.05188039690256119,-0.37909793853759766,0.018158137798309326,-0.36093980073928833,-0.09170840680599213,-0.024341942742466927,-0.3792862892150879,-0.008519680239260197,-0.3878059685230255,0.00585288368165493,-0.0659722089767456,-0.37932097911834717,-0.023090273141860962,-0.40241125226020813,-0.03372446447610855,-0.06254523992538452,-0.3790834844112396,-0.021890833973884583,-0.4009743332862854,-0.025620773434638977,-0.05014043673872948,0.029409948736429214,-0.01754915341734886,0.011860795319080353,-0.06891342997550964,-0.10438087582588196,-0.04635874927043915,-0.036533307284116745,-0.08289206027984619,0.009249950759112835,-0.02480369806289673,-0.14826753735542297,-0.00868129450827837,-0.15694883465766907,-0.06727606058120728,-0.08029837906360626,-0.21358534693717957,-0.028104431927204132,-0.2416897714138031,0.029699629172682762,0.04759131744503975,-0.18899333477020264,0.016656961292028427,-0.1723363697528839
1.74,0.0,-0.075,0.0,0.018220561341907686,-0.27144883785139495,-0.43693976982421834,-0.0021668635308742523,0.4967497047036886,0.0,0.0,0.0,0.9659500122070312,0.07110784202814102,0.9667757153511047,0.14402665197849274,0.10470645129680634,-0.37913984060287476,0.0366472564637661,-0.34249258041381836,-0.035245418548583984,-0.003231142647564411,-0.37940430641174316,-0.0011308998800814152,-0.38053521513938904,0.08021777123212814,0.060381606221199036,-0.3791119158267975,0.021133562549948692,-0.35797834396362305,-0.07205216586589813,-0.03865501284599304,-0.37926149368286133,-0.013529254123568535,-0.3927907347679138,-0.008263744413852692,-0.04865967109799385,-0.37934207916259766,-0.017030885443091393,-0.3963729739189148,-0.056185003370046616,-0.06063716858625412,-0.37907838821411133,-0.021223008632659912,-0.40030139684677124,-0.028563786298036575,-0.043667443096637726,0.07344529032707214,-0.015283605083823204,0.05816168338060379,-0.08413413166999817,-0.09830685704946518,0.013842269778251648,-0.03440739959478378,-0.020565129816532135,0.03230650722980499,-0.007670636288821697,-0.0873861163854599,-0.0026847226545214653,-0.09007083624601364,-0.05492474138736725,-0.07268628478050232,-0.16768385469913483,-0.025440199300646782,-0.19312405586242676,0.0454515665769577,0.046949394047260284,-0.16987882554531097,0.01643228717148304,-0.15344654023647308
1.76,0.0,-0.075,0.0,-0.005907454259812508,-0.26001756870380804,-0.2841956153661765,-0.0037805503234267235,0.4943291745148599,0.0,0.0,0.0,0.9565953612327576,0.0756615698337555,0.9501643776893616,0.13144193589687347,0.112727090716362,-0.37912121415138245,0.03945448249578476,-0.3396667242050171,-0.004662296734750271,-0.003660488873720169,-0.3794054388999939,-0.0012811711058020592,-0.38068661093711853,0.09804116934537888,0.07167947292327881,-0.37912899255752563,0.025087814778089523,-0.354041188955307,-0.020337620750069618,-0.03315979614853859,-0.3792361915111542,-0.011605928651988506,-0.39084210991859436,-0.005418309010565281,-0.03568726405501366,-0.3793608248233795,-0.012490542605519295,-0.39185136556625366,-0.08726845681667328,-0.06862655282020569,-0.37907713651657104,-0.02401929348707199,-0.40309643745422363,-0.03240632265806198,-0.04028910771012306,0.11133313179016113,-0.014101187698543072,0.09723194688558578,-0.13604722917079926,-0.10962896794080734,0.07130572199821472,-0.03837013989686966,0.03293558210134506,0.0489957258105278,0.009329273365437984,-0.025128168985247612,0.003265245584771037,-0.021862924098968506,-0.09487584233283997,-0.07934315502643585,-0.11664578318595886,-0.02777010388672352,-0.14441588521003723,0.03054795227944851,0.04202895984053612,-0.1431889832019806,0.014710135757923126,-0.12847885489463806
1.78,0.0,-0.075,0.0,-0.030513960603758952,-0.24070638296675906,-0.09887948440759094,0.02548534981906414,0.5382280247285962,0.026759617310017345,0.0,0.026759617310017345,0.9570291638374329,0.0796717032790184,0.9461148977279663,0.10414771735668182,0.11015328019857407,-0.37910544872283936,0.03855364769697189,-0.34055179357528687,0.006863532587885857,-0.0005032822955399752,-0.37940263748168945,-0.00017614879470784217,-0.3795787990093231,0.0687040463089943,0.07078684866428375,-0.3791487514972687,0.024775397032499313,-0.35437336564064026,0.01573953405022621,-0.01848999783396721,-0.3792110085487366,-0.0064714993350207806,-0.38568249344825745,-0.04377419501543045,-0.038113344460725784,-0.37937670946121216,-0.01333967037498951,-0.3927163779735565,-0.09265254437923431,-0.07583434879779816,-0.37907981872558594,-0.026542020961642265,-0.40562182664871216,-0.03882099315524101,-0.03984867408871651,0.14243252575397491,-0.013947036117315292,0.12848548591136932,-0.15213283896446228,-0.12238013744354248,0.12505950033664703,-0.04283304885029793,0.0822264552116394,0.041351862251758575,0.018936051055788994,0.03745311126112938,0.006627617869526148,0.04408073052763939,-0.1048271507024765,-0.08698835968971252,-0.06133456528186798,-0.030445925891399384,-0.09178049117326736,0.07308824360370636,0.05134674534201622,-0.10937531292438507,0.017971361055970192,-0.09140395373106003
1.8,0.0,-0.075,0.0,-0.05521550034212605,-0.21656300401319725,0.10893671566307983,0.034657448530197144,0.5519861727952957,0.036390320956706995,0.0,0.036390320956706995,0.9671867489814758,0.08167299628257751,0.9534730315208435,0.08492586016654968,0.10258505493402481,-0.37909287214279175,0.035904768854379654,-0.3431881070137024,0.01717126928269863,0.004799083340913057,-0.3793960213661194,0.0016796791460365057,-0.3777163326740265,0.05435921251773834,0.06585855782032013,-0.3791707158088684,0.023050494492053986,-0.356120228767395,0.011940201744437218,-0.00936093833297491,-0.37918663024902344,-0.0032763283234089613,-0.3824629485607147,-0.05406127870082855,-0.042897723615169525,-0.3793894052505493,-0.015014203265309334,-0.3944036066532135,-0.08629818260669708,-0.07897350192070007,-0.37908634543418884,-0.027640724554657936,-0.4067270755767822,-0.04328057914972305,-0.04087824746966362,0.1662173867225647,-0.014307386241853237,0.15191000699996948,-0.15054473280906677,-0.13082951307296753,0.17419426143169403,-0.045790329575538635,0.1284039318561554,0.03688129782676697,0.02431962639093399,0.09929902851581573,0.008511869236826897,0.10781089961528778,-0.09747759997844696,-0.0901351347565651,-0.002685878425836563,-0.03154729679226875,-0.034233175218105316,0.08838348090648651,0.062457770109176636,-0.06900984793901443,0.021860219538211823,-0.04714962840080261
1.82,0.0,-0.075,0.0,-0.07721136213635418,-0.19717066196799407,0.2909524597649374,0.02191522903740406,0.5328728435561061,0.023010990489274262,0.0,0.023010990489274262,0.986338198184967,0.07742001861333847,0.9696540236473083,0.04262903332710266,0.08459825068712234,-0.3790838420391083,0.02960938774049282,-0.3494744598865509,-0.0051599363796412945,0.0018113773548975587,-0.37938567996025085,0.0006339820683933794,-0.3787516951560974,0.01836291328072548,0.051609862595796585,-0.37919431924819946,0.01806345209479332,-0.36113086342811584,0.026705674827098846,0.0014590458013117313,-0.3791634440422058,0.0005106659955345094,-0.37865278124809265,-0.002490726299583912,-0.03077562525868416,-0.37939852476119995,-0.01077146828174591,-0.39016997814178467,-0.039577074348926544,-0.06715457141399384,-0.37909653782844543,-0.023504098877310753,-0.40260064601898193,-0.03526551276445389,-0.03919442743062973,0.18228530883789062,-0.01371804904192686,0.1685672551393509,-0.13139408826828003,-0.1309988796710968,0.2178788185119629,-0.04584960639476776,0.17202921211719513,0.01695433259010315,0.02211003750562668,0.15936335921287537,0.0077385129407048225,0.1671018749475479,-0.11290447413921356,-0.09696593880653381,0.058308109641075134,-0.033938076347112656,0.02437003329396248,0.09134417772293091,0.07112368941307068,-0.022775448858737946,0.024893291294574738,0.002117842435836792
1.84,0.0,-0.075,0.0,-0.10129325059713334,-0.17477569864040077,0.4909344752117632,0.009522121399641037,0.5142831820994616,0.009998227469623089,0.0,0.009998227469623089,1.0132113695144653,0.06763911992311478,0.9988539814949036,0.006910039111971855,0.06129178777337074,-0.37907856702804565,0.021452125161886215,-0.35762643814086914,-0.018130358308553696,-0.004171143751591444,-0.3793719410896301,-0.001459900289773941,-0.38083183765411377,0.026146013289690018,0.043970707803964615,-0.37921902537345886,0.01538974791765213,-0.36382928490638733,-0.03704231232404709,-0.010091361589729786,-0.3791421353816986,-0.003531976602971554,-0.38267409801483154,0.025559479370713234,-0.013875092379748821,-0.3794039189815521,-0.004856282379478216,-0.3842602074146271,-0.03944876044988632,-0.05884282663464546,-0.3791101574897766,-0.020594989880919456,-0.3997051417827606,-0.013606193475425243,-0.03151795640587807,0.1903645098209381,-0.011031284928321838,0.17933322489261627,-0.10373212397098541,-0.12281884998083115,0.25537410378456116,-0.04298659786581993,0.21238750219345093,0.023868925869464874,0.022637704387307167,0.2166299819946289,0.007923196069896221,0.224553182721138,-0.05673962086439133,-0.08489803969860077,0.12061557173728943,-0.0297143142670393,0.09090125560760498,0.04709199070930481,0.06391417980194092,0.028545737266540527,0.02236996218562126,0.05091569945216179
1.86,0.0,-0.075,0.0,-0.12086942718241116,-0.14986073470684488,0.6913374327006615,-0.04658036679029465,0.43012944981455803,0.0,0.0,0.0,1.046181559562683,0.05789671093225479,1.0339304208755493,0.002259773202240467,0.04358218237757683,-0.37907713651657104,0.015253763645887375,-0.36382338404655457,-0.025686664506793022,-0.010625800117850304,-0.3793551027774811,-0.003719029948115349,-0.3830741345882416,0.04284408688545227,0.04363272339105606,-0.379244327545166,0.015271453186869621,-0.36397287249565125,-0.026868946850299835,-0.015124637633562088,-0.3791232109069824,-0.005293623078614473,-0.3844168484210968,0.04078377038240433,0.0025225672870874405,-0.37940549850463867,0.0008828985155560076,-0.3785226047039032,-0.03240905702114105,-0.05091269686818123,-0.3791269063949585,-0.017819443717598915,-0.39694634079933167,-0.003108345903456211,-0.022995073348283768,0.19031831622123718,-0.008048275485634804,0.18227003514766693,-0.0632883608341217,-0.10495970398187637,0.2860458493232727,-0.0367358960211277,0.2493099570274353,0.006272950209677219,0.017728276550769806,0.27013012766838074,0.006204896606504917,0.2763350307941437,-0.023347284644842148,-0.06643281131982803,0.18318244814872742,-0.023251483216881752,0.15993095934391022,0.07064533978700638,0.06593352556228638,0.08408551663160324,0.023076733574271202,0.10716225206851959
1.8800000000000001,0.0,-0.075,0.0,-0.1363248787333445,-0.1286193565994686,0.855007217462532,-0.014494217932224274,0.4782586731016636,0.0,0.0,0.0,1.083471655845642,0.05747649073600769,1.0697649717330933,-0.02891170047223568,0.02183401584625244,-0.37907958030700684,0.007641905453056097,-0.371437668800354,-0.0441117137670517,-0.020671574398875237,-0.37933558225631714,-0.00723505113273859,-0.38657063245773315,0.03981463611125946,0.04248729720711708,-0.37926948070526123,0.014870554208755493,-0.36439892649650574,-0.011404313147068024,-0.014008540660142899,-0.3791070878505707,-0.004902989137917757,-0.38401007652282715,0.12152911722660065,0.038224536925554276,-0.37940317392349243,0.013378587551414967,-0.36602458357810974,0.013607065193355083,-0.03155676648020744,-0.37914639711380005,-0.011044868268072605,-0.3901912569999695,-0.028690222650766373,-0.02470361813902855,0.18214744329452515,-0.008646266534924507,0.1735011786222458,-0.08988263458013535,-0.10043658316135406,0.30937519669532776,-0.03515280410647392,0.27422240376472473,0.05846145376563072,0.02994823083281517,0.31895869970321655,0.010481880977749825,0.3294405937194824,-0.07965981960296631,-0.0704009160399437,0.2449503242969513,-0.024640319868922234,0.2203100025653839,0.08313560485839844,0.07109414786100388,0.14290431141853333,0.024882951751351357,0.16778726875782013
1.9000000000000001,0.0,-0.075,0.0,-0.14465496143389348,-0.11373805039526814,0.966149810533769,0.008861364796757698,0.5132920471951365,0.009304433036595582,0.0,0.009304433036595582,1.1233206987380981,0.05429326370358467,1.1163476705551147,-0.0020227478817105293,0.014676986262202263,-0.379085898399353,0.0051369452849030495,-0.37394896149635315,-0.008006255142390728,-0.0168719794601202,-0.37931379675865173,-0.00590519281104207,-0.3852189779281616,-0.0027382690459489822,0.028919627889990807,-0.3792940378189087,0.01012186985462904,-0.3691721558570862,-0.054702311754226685,-0.026216670870780945,-0.37909412384033203,-0.009175834245979786,-0.38826996088027954,0.03437964618206024,0.037071071565151215,-0.3793969452381134,0.012974875047802925,-0.36642205715179443,-0.04141275957226753,-0.03451356291770935,-0.3791680634021759,-0.012079746462404728,-0.39124780893325806,4.7390349209308624e-05,-0.017278315499424934,0.1659902036190033,-0.006047410424798727,0.15994279086589813,-0.09327831864356995,-0.09828910231590271,0.3249674439430237,-0.03440118581056595,0.29056626558303833,0.022093329578638077,0.027591761201620102,0.36228975653648376,0.00965711660683155,0.37194687128067017,-0.013198642060160637,-0.05324023216962814,0.3048742413520813,-0.01863408088684082,0.2862401604652405,0.09056448191404343,0.07693524658679962,0.2040071189403534,0.026927335187792778,0.23093445599079132
1.92,0.0,-0.075,0.0,-0.15115607941199025,-0.09648233623621577,1.083552185068595,-0.022183820605278015,0.466724269092083,0.0,0.0,0.0,1.1641035079956055,0.05510695278644562,1.1602263450622559,-0.014024944975972176,0.006066407077014446,-0.3790959119796753,0.002123242476955056,-0.37697267532348633,-0.012473576702177525,-0.0155524592846632,-0.37929028272628784,-0.005443360656499863,-0.384733647108078,0.013531296513974667,0.024303128942847252,-0.37931734323501587,0.00850609503686428,-0.37081125378608704,-0.06266018748283386,-0.03714972734451294,-0.3790847063064575,-0.013002404011785984,-0.39208710193634033,0.07381643354892731,0.04809468239545822,-0.3793870806694031,0.016833137720823288,-0.3625539541244507,0.009678295813500881,-0.02125600352883339,-0.379191517829895,-0.007439601235091686,-0.3866311311721802,-0.024360250681638718,-0.019402896985411644,0.1421198844909668,-0.0067910137586295605,0.13532887399196625,-0.09098785370588303,-0.09609872847795486,0.33255887031555176,-0.03363455459475517,0.2989243268966675,-0.0023456537164747715,0.01861053705215454,0.39939016103744507,0.006513687781989574,0.4059038460254669,0.005909493193030357,-0.03549531474709511,0.36194050312042236,-0.012423359788954258,0.3495171368122101,0.1288486272096634,0.09250925481319427,0.26636025309562683,0.03237823769450188,0.2987384796142578
1.94,0.0,-0.075,0.0,-0.15336590869931513,-0.08278139050505841,1.1608288244640679,-0.03288259357213974,0.4506761096417904,0.0,0.0,0.0,1.2044013738632202,0.0533272922039032,1.2068756818771362,-0.034235864877700806,-0.006024274509400129,-0.37910938262939453,-0.0021084961481392384,-0.3812178671360016,-0.010069595649838448,-0.013907600194215775,-0.37926560640335083,-0.004867659881711006,-0.3841332793235779,-0.03285603225231171,0.0071553802117705345,-0.379338800907135,0.0025043829809874296,-0.3768344223499298,-0.021631615236401558,-0.03249429166316986,-0.3790789842605591,-0.011373002082109451,-0.39045199751853943,0.05707560479640961,0.05078895762562752,-0.379373699426651,0.017776135355234146,-0.36159756779670715,-0.004110836423933506,-0.01611245423555374,-0.37921616435050964,-0.005639358889311552,-0.3848555088043213,-0.026305053383111954,-0.021473543718457222,0.11094029992818832,-0.007515740115195513,0.1034245565533638,-0.08472374826669693,-0.0926862359046936,0.33202099800109863,-0.0324401818215847,0.29958081245422363,-0.001749292016029358,0.012502588331699371,0.42963239550590515,0.004375905729830265,0.43400830030441284,0.04910464212298393,-0.010115326382219791,0.4151836931705475,-0.003540364094078541,0.4116433262825012,0.11291868984699249,0.0986320823431015,0.32890886068344116,0.034521229565143585,0.36343008279800415
1.96,0.0,-0.075,0.0,-0.15527701090442078,-0.06706943116418222,1.2391140815642991,-0.0375763475894928,0.4436354786157608,0.0,0.0,0.0,1.2430377006530762,0.05419608950614929,1.2508392333984375,-0.014081142842769623,-0.008441335521638393,-0.37912601232528687,-0.0029544674325734377,-0.38208046555519104,0.004769235849380493,-0.008304549381136894,-0.37924039363861084,-0.0029065923299640417,-0.3821469843387604,-0.022776825353503227,-0.0018242821097373962,-0.3793579339981079,-0.0006384987500496209,-0.3799964189529419,-0.035644929856061935,-0.03343948349356651,-0.37907707691192627,-0.011703819036483765,-0.39078089594841003,0.0286290030926466,0.04414097219705582,-0.3793572187423706,0.01544934045523405,-0.3639078736305237,0.008174198679625988,-0.008826457895338535,-0.379241406917572,-0.003089260309934616,-0.38233065605163574,-0.000632026232779026,-0.01522108819335699,0.0729789212346077,-0.005327380727976561,0.06765154004096985,-0.08398132771253586,-0.09007476270198822,0.32336294651031494,-0.03152616694569588,0.29183676838874817,-0.01863953098654747,0.0031599518842995167,0.45250481367111206,0.0011059831595048308,0.4536108076572418,0.04351246356964111,0.005973011255264282,0.46370309591293335,0.0020905539859086275,0.465793639421463,0.1395188271999359,0.11089810729026794,0.3905948996543884,0.03881433606147766,0.4294092357158661
1.98,0.0,-0.075,0.0,-0.15681939297811456,-0.05413092222515592,1.28428747409803,-0.05509260296821594,0.4173610955476761,0.0,0.0,0.0,1.2790888547897339,0.06102495267987251,1.2851303815841675,-0.04808255285024643,-0.020333701744675636,-0.3791453242301941,-0.007116795517504215,-0.38626211881637573,0.011212603189051151,-0.002449403516948223,-0.3792151212692261,-0.0008572912192903459,-0.3800724148750305,0.02374943718314171,0.005847834050655365,-0.37937432527542114,0.0020467417780309916,-0.3773275911808014,-0.013093779794871807,-0.027335772290825844,-0.37907910346984863,-0.009567520581185818,-0.3886466324329376,0.08658013492822647,0.05687272176146507,-0.37933793663978577,0.0199054516851902,-0.35943248867988586,0.024817220866680145,0.0012666457332670689,-0.379266619682312,0.00044332598918117583,-0.37882328033447266,-0.06586558371782303,-0.030414436012506485,0.02887793630361557,-0.010645052418112755,0.018232883885502815,-0.1393030285835266,-0.10484324395656586,0.3067312240600586,-0.03669513389468193,0.27003610134124756,0.0026290295645594597,0.0030006752349436283,0.4676204323768616,0.0010502362856641412,0.46867066621780396,-0.011580126360058784,0.0007070698775351048,0.5066779851913452,0.0002474744396749884,0.5069254636764526,0.1361597776412964,0.11847660690546036,0.4503747224807739,0.041466813534498215,0.49184152483940125
2.0,0.0,-0.075,0.0,-0.15717565467004818,-0.043537811850151265,1.291430475116918,-0.058553874492645264,0.4121691882610321,0.0,0.0,0.0,1.311880350112915,0.06092614680528641,1.3251638412475586,-0.00018231011927127838,-0.014288283884525299,-0.37916696071624756,-0.005000899080187082,-0.3841678500175476,-0.001291746273636818,-0.0021021063439548016,-0.3791905641555786,-0.0007357372087426484,-0.37992629408836365,-0.026292728260159492,-0.0037943352945148945,-0.3793874979019165,-0.0013280173297971487,-0.3807155191898346,-0.012665266171097755,-0.022934621199965477,-0.3790850043296814,-0.00802711769938469,-0.3871121108531952,0.0320015475153923,0.04941136762499809,-0.37931638956069946,0.017293978482484818,-0.36202239990234375,0.022565070539712906,0.0076561737805604935,-0.37929126620292664,0.0026796606834977865,-0.3766116201877594,0.026756834238767624,-0.013263054192066193,-0.020616605877876282,-0.00464206887409091,-0.02525867521762848,-0.07232406735420227,-0.09508749097585678,0.28240716457366943,-0.0332806222140789,0.24912653863430023,-0.03641702979803085,-0.008824637159705162,0.47472357749938965,-0.0030886230524629354,0.47163495421409607,0.08791989088058472,0.02687091752886772,0.5433812737464905,0.009404821321368217,0.552786111831665,0.15862128138542175,0.1305200159549713,0.5072370767593384,0.04568200558423996,0.5529190897941589
2.02,0.0,-0.075,0.0,-0.15419157314632978,-0.03371269436170425,1.3006696999056242,-0.07706789672374725,0.3843981549143791,0.0,0.0,0.0,1.2883882522583008,0.06607191264629364,1.3026217222213745,-0.07253589481115341,-0.03176256641745567,-0.3790796399116516,-0.01111689768731594,-0.3901965320110321,-0.010458607226610184,-0.004609056748449802,-0.3793761134147644,-0.0016131697921082377,-0.38098928332328796,0.001076461747288704,-0.0023330962285399437,-0.37921208143234253,-0.0008165836916305125,-0.3800286650657654,0.020944159477949142,-0.009770987555384636,-0.37914785742759705,-0.003419845597818494,-0.38256770372390747,0.06985205411911011,0.05554357171058655,-0.3794028162956238,0.01944025047123432,-0.3599625527858734,0.01195498462766409,0.00894581712782383,-0.3791060447692871,0.0031310359481722116,-0.37597501277923584,-0.0263572596013546,-0.017191316932439804,0.01582365669310093,-0.006016960833221674,0.009806696325540543,-0.11449490487575531,-0.10090971738100052,0.30081862211227417,-0.03531840071082115,0.2655002176761627,0.0072297388687729836,-0.004008324351161718,0.4703703224658966,-0.0014029134763404727,0.46896740794181824,0.06772331893444061,0.03912663832306862,0.5173830986022949,0.013694323599338531,0.5310774445533752,0.1587183177471161,0.13897950947284698,0.46628138422966003,0.048642829060554504,0.5149242281913757
2.04,0.0,-0.075,0.0,-0.1500723319223706,-0.02383151327363875,1.2923758256504032,-0.05859585106372833,0.4121062234044075,0.0,0.0,0.0,1.320197582244873,0.06651395559310913,1.3352103233337402,-0.018576230853796005,-0.027806665748357773,-0.37907713651657104,-0.00973233301192522,-0.388809472322464,0.027632374316453934,0.005063372664153576,-0.3793600797653198,0.0017721804324537516,-0.3775878846645355,0.009212174452841282,0.0011304850922897458,-0.37923726439476013,0.00039566977648064494,-0.3788416087627411,0.00983594823628664,-0.003888906678184867,-0.37912821769714355,-0.0013611173490062356,-0.3804893493652344,0.039504922926425934,0.05073197931051254,-0.3794054388999939,0.01775619201362133,-0.3616492450237274,0.006843536160886288,0.008315132930874825,-0.37912195920944214,0.002910296432673931,-0.37621167302131653,-0.031246282160282135,-0.021407805383205414,-0.03500565141439438,-0.007492731790989637,-0.0424983836710453,-0.08876065909862518,-0.09726499766111374,0.2744539976119995,-0.03404274955391884,0.24041125178337097,-0.04989420622587204,-0.01777408830821514,0.47525209188461304,-0.0062209307216107845,0.4690311551094055,0.04464283585548401,0.040781497955322266,0.5522555112838745,0.014273524284362793,0.5665290355682373,0.15598294138908386,0.14408054947853088,0.5221743583679199,0.05042819306254387,0.5726025700569153
2.06,0.0,-0.075,0.0,-0.14405665423406414,-0.017636317267239188,1.2464217083635034,-0.05347829312086105,0.4197825603187084,0.0,0.0,0.0,1.348227858543396,0.0706922635436058,1.368945598602295,-0.07539047300815582,-0.0420818105340004,-0.3790785074234009,-0.014728633686900139,-0.39380714297294617,-0.00341926421970129,0.0025185816921293736,-0.3793412446975708,0.0008815035689622164,-0.37845975160598755,0.03035174310207367,0.00989686232060194,-0.3792625665664673,0.003463901812210679,-0.37579867243766785,0.005493497475981712,-0.0010741853620857,-0.37911123037338257,-0.0003759648825507611,-0.37948718667030334,0.07359577715396881,0.057591117918491364,-0.3794041872024536,0.020156890153884888,-0.3592472970485687,0.012221279554069042,0.009486977010965347,-0.379140704870224,0.0033204418141394854,-0.37582024931907654,-0.07014890760183334,-0.03603013604879379,-0.09014780074357986,-0.012610547244548798,-0.10275834798812866,-0.12155164033174515,-0.10455098748207092,0.2409430593252182,-0.03659284487366676,0.20435021817684174,0.034513287246227264,-0.0020878752693533897,0.47199225425720215,-0.000730756320990622,0.47126150131225586,0.056748826056718826,0.0455716997385025,0.580085277557373,0.015950094908475876,0.596035361289978,0.14917318522930145,0.1456083357334137,0.5739352107048035,0.050962917506694794,0.6248981356620789
2.08,0.0,-0.075,0.0,-0.1388328499062774,-0.014609092255519667,1.1794083672062843,-0.05803593993186951,0.41294609010219574,0.0,0.0,0.0,1.3723136186599731,0.0707993134856224,1.3949568271636963,-0.025516878813505173,-0.03711233288049698,-0.3790838122367859,-0.012989316135644913,-0.3920731246471405,0.01865139603614807,0.0073584262281656265,-0.37932005524635315,0.0025754491798579693,-0.3767445981502533,-0.03244650363922119,-0.002806148026138544,-0.37928733229637146,-0.0009821518324315548,-0.38026949763298035,0.023466361686587334,0.006287978962063789,-0.3790974020957947,0.002200792543590069,-0.37689661979675293,0.060763828456401825,0.05854292958974838,-0.37939906120300293,0.020490024238824844,-0.3589090406894684,0.05338237062096596,0.02265559509396553,-0.3791618347167969,0.007929458282887936,-0.37123239040374756,0.04525523632764816,-0.011644522659480572,-0.14866995811462402,-0.004075583070516586,-0.1527455449104309,-0.08984288573265076,-0.10013855993747711,0.20085270702838898,-0.03504849597811699,0.1658042073249817,-0.0046663424000144005,-0.0028614155016839504,0.46064603328704834,-0.0010014954023063183,0.45964452624320984,0.052812810987234116,0.047744035720825195,0.6004016399383545,0.01671041175723076,0.6171120405197144,0.16630251705646515,0.15181659162044525,0.6206883192062378,0.05313580483198166,0.6738241314888
2.1,0.0,-0.075,0.0,-0.13145062269484445,-0.012652704275440657,1.0920937560594774,-0.06191932410001755,0.4071210138499737,0.0,0.0,0.0,1.3924777507781982,0.0721704438328743,1.4212168455123901,-0.022716758772730827,-0.03279365971684456,-0.3790927827358246,-0.011477780528366566,-0.3905705511569977,0.011067568324506283,0.008471168577671051,-0.3792969584465027,0.002964908955618739,-0.37633204460144043,0.012522710487246513,0.0017925095744431019,-0.3793110251426697,0.0006273783510550857,-0.3786836564540863,0.0052003413438797,0.005961687304079533,-0.3790869116783142,0.0020865905098617077,-0.3770003318786621,0.05625463277101517,0.05785644054412842,-0.379390150308609,0.020249754190444946,-0.35914039611816406,0.01428899448364973,0.020145615562796593,-0.37918487191200256,0.0070509654469788074,-0.37213391065597534,0.008857078850269318,-0.005494042299687862,-0.20958209037780762,-0.001922914758324623,-0.2115050107240677,-0.10602255165576935,-0.1019037589430809,0.15486115217208862,-0.035666316747665405,0.11919483542442322,0.04240136593580246,0.010717419907450676,0.4414052963256836,0.0037510970141738653,0.44515639543533325,0.12098561227321625,0.06971651315689087,0.6128609776496887,0.024400779977440834,0.6372617483139038,0.14230482280254364,0.148963063955307,0.6616427898406982,0.05213707312941551,0.713779866695404
2.12,0.0,-0.075,0.0,-0.12095479002321792,-0.01527413343578618,0.9863765176377672,-0.08276942372322083,0.37584586441516876,0.0,0.0,0.0,1.4089045524597168,0.07294617593288422,1.4396270513534546,-0.040806978940963745,-0.035197656601667404,-0.3791053295135498,-0.012319179251790047,-0.3914245069026947,0.04935602843761444,0.020736627280712128,-0.3792725205421448,0.007257819641381502,-0.37201470136642456,-0.010371275246143341,-0.0018566260114312172,-0.3793330192565918,-0.0006498190923593938,-0.3799828290939331,-0.06128769367933273,-0.014213127084076405,-0.3790801763534546,-0.004974594339728355,-0.3840547800064087,0.061808452010154724,0.05904204398393631,-0.37937772274017334,0.02066471427679062,-0.3587130010128021,0.04686673358082771,0.028161950409412384,-0.3792092204093933,0.009856682270765305,-0.3693525493144989,0.09699621051549911,0.025253035128116608,-0.2718537747859955,0.008838562294840813,-0.2630152106285095,-0.050664108246564865,-0.086531862616539,0.1037464290857315,-0.03028615191578865,0.07346028089523315,-0.008788743056356907,0.004865570925176144,0.4145955443382263,0.0017029497539624572,0.416298508644104,0.08402350544929504,0.07400861382484436,0.6172524094581604,0.025903014466166496,0.6431553959846497,0.16512563824653625,0.15381184220314026,0.6961058378219604,0.05383414402604103,0.7499399781227112
2.14,0.0,-0.075,0.0,-0.1086216525650993,-0.02193600908629799,0.8626016251112706,-0.1412280648946762,0.2881579026579857,0.0,0.0,0.0,1.4219095706939697,0.0776909664273262,1.454563856124878,0.014642516151070595,-0.02024560421705246,-0.3791210651397705,-0.007085961289703846,-0.3862070143222809,0.03367513418197632,0.024618178606033325,-0.37924742698669434,0.008616362698376179,-0.37063106894493103,-0.007674835622310638,-0.0036020888946950436,-0.379352867603302,-0.0012607311364263296,-0.3806135952472687,-0.021299239248037338,-0.016338961198925972,-0.3790772259235382,-0.005718636326491833,-0.3847958743572235,0.07857730239629745,0.06490261852741241,-0.3793620765209198,0.022715916857123375,-0.3566461503505707,0.048436958342790604,0.03424445167183876,-0.3792344033718109,0.011985558085143566,-0.3672488331794739,0.07490398734807968,0.04014832153916359,-0.334431529045105,0.014051912352442741,-0.3203796148300171,-0.09148518741130829,-0.08801785856485367,0.048373229801654816,-0.030806250870227814,0.017566978931427002,0.046194806694984436,0.017264341935515404,0.38067036867141724,0.006042519584298134,0.3867128789424896,0.1140107810497284,0.08600926399230957,0.613501787185669,0.03010324202477932,0.6436050534248352,0.17378194630146027,0.1598028689622879,0.7234943509101868,0.05593100190162659,0.7794253826141357
2.16,0.0,-0.075,0.0,-0.0929739071162619,-0.0308488043094584,0.7351743166309296,-0.15127871930599213,0.2730819210410118,0.0,0.0,0.0,1.4319056272506714,0.08021988719701767,1.4625818729400635,0.08371739089488983,0.010943295434117317,-0.3791397213935852,0.003830153262242675,-0.375309556722641,0.028489338234066963,0.02577952668070793,-0.3792220950126648,0.009022833779454231,-0.3701992630958557,0.02388162538409233,0.004643025808036327,-0.3793700933456421,0.001625059056095779,-0.37774503231048584,-0.05338071659207344,-0.027451489120721817,-0.3790781497955322,-0.009608021005988121,-0.3886861801147461,0.09635402262210846,0.07433804124593735,-0.37934350967407227,0.026018314063549042,-0.3533251881599426,0.053119879215955734,0.03990708291530609,-0.3792596459388733,0.013967478647828102,-0.36529216170310974,0.07369253039360046,0.0502115860581398,-0.39625680446624756,0.01757405512034893,-0.3786827623844147,-0.05393373221158981,-0.07779262214899063,-0.010321686044335365,-0.02722741663455963,-0.03754910081624985,0.05336076766252518,0.02809327095746994,0.3402036428451538,0.009832644835114479,0.35003629326820374,0.11637566983699799,0.0951191857457161,0.6016722917556763,0.03329171612858772,0.6349639892578125,0.15883775055408478,0.15951332449913025,0.7433451414108276,0.05582966282963753,0.7991747856140137
2.18,0.0,-0.075,0.0,-0.0759204169640909,-0.04378231831652421,0.5914002678016118,-0.1522560864686966,0.2716158702969551,0.0,0.0,0.0,1.4393666982650757,0.07980149984359741,1.4681881666183472,-0.0001692492514848709,0.007609531749039888,-0.37916073203086853,0.002663335995748639,-0.37649738788604736,0.04569064825773239,0.03175286203622818,-0.37919729948043823,0.011113501153886318,-0.36808380484580994,0.009034627117216587,0.00596050638705492,-0.37938421964645386,0.002086177235469222,-0.3772980570793152,-0.05449851229786873,-0.03556559607386589,-0.37908297777175903,-0.012447958812117577,-0.39153093099594116,0.05727088451385498,0.06921789050102234,-0.3793225586414337,0.02422626130282879,-0.35509631037712097,0.022259477525949478,0.03461280092597008,-0.3792845606803894,0.012114480137825012,-0.3671700954437256,0.11631815880537033,0.07004356384277344,-0.4562836289405823,0.024515246972441673,-0.43176838755607605,-0.04342053830623627,-0.06748099625110626,-0.07134538888931274,-0.023618347942829132,-0.09496373683214188,0.02497236430644989,0.027156999334692955,0.29387998580932617,0.009504949674010277,0.303384929895401,0.08417242765426636,0.09183516353368759,0.581964373588562,0.03214230760931969,0.6141066551208496,0.15484027564525604,0.15811140835285187,0.7553222179412842,0.05533899366855621,0.8106611967086792
2.2,0.0,-0.075,0.0,-0.05598948467233957,-0.059215001612822726,0.43262127008352014,-0.15578189492225647,0.2663271576166153,0.0,0.0,0.0,1.4447886943817139,0.07500313222408295,1.4697911739349365,0.04362267255783081,0.018413474783301353,-0.37918370962142944,0.006444715894758701,-0.3727389872074127,0.028020823374390602,0.030633248388767242,-0.3791734576225281,0.010721636936068535,-0.3684518337249756,-0.0495794340968132,-0.010701475664973259,-0.3793949484825134,-0.0037455165293067694,-0.3831404745578766,0.024092834442853928,-0.017668066546320915,-0.3790915608406067,-0.006183823104947805,-0.38527539372444153,0.020811835303902626,0.05469607189297676,-0.37929967045783997,0.01914362423121929,-0.3601560592651367,0.05993891879916191,0.04221063852310181,-0.37930840253829956,0.014773723669350147,-0.3645346760749817,0.07196535915136337,0.0706201046705246,-0.5134965181350708,0.02471703663468361,-0.4887794852256775,-0.050620123744010925,-0.0624227337539196,-0.133665531873703,-0.021847955882549286,-0.15551349520683289,0.031230200082063675,0.028378959745168686,0.242482990026474,0.009932635352015495,0.25241562724113464,0.08764104545116425,0.09057693183422089,0.5547111630439758,0.03170192614197731,0.5864130854606628,0.12041910737752914,0.14680372178554535,0.7592231035232544,0.05138130113482475,0.8106043934822083
2.22,0.0,-0.075,0.0,-0.016588506071899246,-0.08382635848710447,0.1763429069710882,-0.1472814977169037,0.27907775342464447,0.0,0.0,0.0,1.4486494064331055,0.06914274394512177,1.4693498611450195,0.057577818632125854,0.03016277775168419,-0.379207968711853,0.010556971654295921,-0.36865100264549255,0.038877859711647034,0.03310663253068924,-0.37915128469467163,0.011587320826947689,-0.36756396293640137,0.009035207331180573,-0.004780470859259367,-0.3794019818305969,-0.001673164777457714,-0.3810751438140869,0.036019884049892426,-0.0015616808086633682,-0.37910372018814087,-0.0005465882713906467,-0.3796502947807312,0.00959809124469757,0.041166674345731735,-0.379275381565094,0.014408336021006107,-0.36486703157424927,-0.009995775297284126,0.0265487153083086,-0.3793306052684784,0.009292050264775753,-0.37003856897354126,0.05474458262324333,0.06585744768381119,-0.5669277310371399,0.023050107061862946,-0.5438776016235352,-0.05095566436648369,-0.05898261070251465,-0.19622787833213806,-0.020643914118409157,-0.21687179803848267,0.04057213291525841,0.0320369116961956,0.1868821531534195,0.011212918907403946,0.19809506833553314,0.04976174607872963,0.07833237946033478,0.5203738212585449,0.027416331693530083,0.5477901697158813,0.12432868033647537,0.14006119966506958,0.7549817562103271,0.04902141913771629,0.8040031790733337
2.24,0.0,-0.075,0.0,0.005922793016074627,-0.10773372971405289,-0.005861358649325351,-0.15880528092384338,0.2617920786142349,0.0,0.0,0.0,1.451371431350708,0.06592197716236115,1.4679512977600098,0.08744578063488007,0.04734767973423004,-0.37923312187194824,0.016571687534451485,-0.3626614212989807,-0.0020603248849511147,0.022556543350219727,-0.3791312575340271,0.007894789800047874,-0.3712364733219147,-0.01126677542924881,-0.006726362276822329,-0.37940531969070435,-0.0023542267736047506,-0.38175955414772034,-0.02640577033162117,-0.009014907293021679,-0.3791190981864929,-0.003155217505991459,-0.382274329662323,0.023987961933016777,0.03601305931806564,-0.37925031781196594,0.01260457094758749,-0.3666457533836365,0.04642168805003166,0.032510608434677124,-0.3793507218360901,0.011378712952136993,-0.3679720163345337,0.06194654852151871,0.0646841824054718,-0.6156732439994812,0.02263946272432804,-0.5930337905883789,-0.041661135852336884,-0.05378616973757744,-0.2579740285873413,-0.01882515847682953,-0.27679920196533203,0.04188726097345352,0.03499201685190201,0.1280180960893631,0.012247205711901188,0.1402653008699417,0.07831962406635284,0.07832854986190796,0.47953325510025024,0.027414992451667786,0.5069482326507568,0.09228174388408661,0.1257273554801941,0.742669939994812,0.04400457441806793,0.7866744995117188
2.2600000000000002,0.0,-0.075,0.0,0.027325151729182963,-0.13475926519452355,-0.19338712899949076,-0.1625319868326187,0.25620201975107193,0.0,0.0,0.0,1.453287124633789,0.06081954017281532,1.462549090385437,0.09028781950473785,0.060229722410440445,-0.379258394241333,0.02108040265738964,-0.3581779897212982,-0.020585643127560616,0.00961388647556305,-0.3791138529777527,0.003364860313013196,-0.37574899196624756,0.01576269418001175,2.03549861907959e-05,-0.3794046640396118,7.124245257728035e-06,-0.37939754128456116,0.029461849480867386,0.002528119832277298,-0.37913745641708374,0.0008848419529385865,-0.37825262546539307,0.027892882004380226,0.03357700631022453,-0.379224956035614,0.011751951649785042,-0.3674730062484741,-0.002397214062511921,0.022038262337446213,-0.37936824560165405,0.007713391911238432,-0.3716548681259155,0.07147632539272308,0.0667218267917633,-0.658908486366272,0.023352639749646187,-0.6355558633804321,-0.03568390756845474,-0.04835548996925354,-0.3178594708442688,-0.01692442037165165,-0.3347838819026947,0.05051654204726219,0.03964937478303909,0.06688658893108368,0.013877280987799168,0.08076386898756027,0.0674619972705841,0.07506858557462692,0.4328802824020386,0.026274004951119423,0.45915427803993225,0.05399274080991745,0.10420697182416916,0.7224958539009094,0.036472439765930176,0.7589682936668396
2.2800000000000002,0.0,-0.075,0.0,0.048847846729219394,-0.16355491713145176,-0.38837165606304763,-0.14908114075660706,0.2763782888650894,0.0,0.0,0.0,1.4546116590499878,0.05898697301745415,1.4574710130691528,0.08881401270627975,0.06880500912666321,-0.3792833089828491,0.024081753566861153,-0.3552015423774719,-0.0036407632287591696,0.005637491587549448,-0.37909942865371704,0.0019731221254915,-0.3771263062953949,0.009793756529688835,0.0029523756820708513,-0.3794001638889313,0.0010333315003663301,-0.3783668279647827,0.002810414880514145,0.0026128084864467382,-0.37915822863578796,0.0009144829818978906,-0.37824374437332153,0.0375264510512352,0.03476183861494064,-0.3792000710964203,0.012166643515229225,-0.3670334219932556,0.0016754940152168274,0.015929432585835457,-0.3793827295303345,0.0055753011256456375,-0.373807430267334,0.08429601043462753,0.07199408113956451,-0.6959020495414734,0.02519792877137661,-0.6707041263580322,-0.030002623796463013,-0.04284963011741638,-0.3748711049556732,-0.014997370541095734,-0.38986846804618835,0.035663291811943054,0.03845354914665222,0.0045218029990792274,0.013458741828799248,0.01798054575920105,0.08288028836250305,0.07741209864616394,0.381204217672348,0.02709423378109932,0.40829846262931824,0.04877213388681412,0.08757652342319489,0.6948009729385376,0.03065178357064724,0.7254527807235718
2.3000000000000003,0.0,-0.075,0.0,0.06911898177358208,-0.191665631754599,-0.5797552156922539,-0.1322072297334671,0.30168915539979935,0.0,0.0,0.0,1.455424427986145,0.05600155517458916,1.453510046005249,0.09530042111873627,0.076753631234169,-0.37930721044540405,0.026863770559430122,-0.3524434268474579,-0.0366382896900177,-0.00704524340108037,-0.3790884017944336,-0.0024658350739628077,-0.3815542459487915,0.0263076014816761,0.009958943352103233,-0.3793918490409851,0.0034856300335377455,-0.37590622901916504,-0.012211281806230545,-0.001834418624639511,-0.3791809678077698,-0.0006420465069822967,-0.3798230290412903,0.020242495462298393,0.030406035482883453,-0.37917613983154297,0.010642112232744694,-0.36853402853012085,0.010314776562154293,0.014245035126805305,-0.37939390540122986,0.004985762294381857,-0.37440815567970276,0.07141277939081192,0.07181969285011292,-0.7260280847549438,0.02513689175248146,-0.7008911967277527,-0.05515999346971512,-0.04654274135828018,-0.4280444383621216,-0.016289958730340004,-0.44433438777923584,0.03768354281783104,0.0382225476205349,-0.058021243661642075,0.013377891853451729,-0.0446433499455452,0.050584595650434494,0.06936384737491608,0.3253791928291321,0.024277346208691597,0.3496565520763397,0.02741302363574505,0.06952747702598572,0.6600536108016968,0.024334616959095,0.6843882203102112
2.32,0.0,-0.075,0.0,0.07725763090088596,-0.20030481255235158,-0.6665825647404033,-0.11680720746517181,0.3247891888022423,0.0,0.0,0.0,1.4556626081466675,0.05778517574071884,1.447419285774231,0.11534253507852554,0.08833029866218567,-0.37932953238487244,0.030915604904294014,-0.3484139144420624,-0.018305586650967598,-0.010423346422612667,-0.37908101081848145,-0.0036481712013483047,-0.382729172706604,0.03818298131227493,0.018426155671477318,-0.3793799877166748,0.006449154578149319,-0.3729308247566223,-0.03178875148296356,-0.010820718482136726,-0.3792051672935486,-0.0037872514221817255,-0.3829924166202545,0.0334453210234642,0.0313178226351738,-0.3791537582874298,0.010961237363517284,-0.36819252371788025,0.02127939835190773,0.016355345025658607,-0.37940141558647156,0.00572437047958374,-0.3736770451068878,0.09855082631111145,0.07983903586864471,-0.7487770318984985,0.02794366143643856,-0.7208333611488342,-0.05148418992757797,-0.04802517592906952,-0.4764799475669861,-0.01680881157517433,-0.4932887554168701,0.04160761833190918,0.03923806920647621,-0.11968450248241425,0.01373332366347313,-0.10595117509365082,0.04803290590643883,0.06296456605195999,0.26634958386421204,0.022037597373127937,0.2883871793746948,0.03377153351902962,0.05880069360136986,0.6188416481018066,0.020580243319272995,0.6394218802452087
2.34,0.0,-0.075,0.0,0.09759077720597582,-0.2262622707688219,-0.8582759402801233,-0.09311400353908539,0.3603289946913719,0.0,0.0,0.0,1.4551252126693726,0.04927920177578926,1.4494556188583374,0.047654807567596436,0.07612765580415726,-0.3793497681617737,0.02664467878639698,-0.35270509123802185,-0.0462915301322937,-0.02118380181491375,-0.3790774345397949,-0.00741433072835207,-0.3864917755126953,-0.010900905355811119,0.009628036990761757,-0.37936484813690186,0.0033698128536343575,-0.37599503993988037,-0.057017289102077484,-0.02467969059944153,-0.37923020124435425,-0.00863789115101099,-0.38786810636520386,0.031092306599020958,0.03125016763806343,-0.379133403301239,0.010937558487057686,-0.3681958317756653,0.03046458214521408,0.020588114857673645,-0.37940514087677,0.007205840200185776,-0.37219929695129395,0.025181911885738373,0.06344189494848251,-0.7637639045715332,0.02220466360449791,-0.7415592670440674,-0.04584059119224548,-0.04736980050802231,-0.5193583369255066,-0.016579430550336838,-0.5359377861022949,-0.01699984073638916,0.02236669510602951,-0.17942483723163605,0.007828342728316784,-0.171596497297287,0.030576445162296295,0.05324812978506088,0.20511406660079956,0.01863684505224228,0.22375091910362244,0.0070662470534443855,0.043280359357595444,0.5718622803688049,0.01514812558889389,0.587010383605957
2.36,0.0,-0.075,0.0,0.11489197118607203,-0.2508491575814548,-1.0564310304184048,-0.07939745485782623,0.38090381771326065,0.0,0.0,0.0,1.4534891843795776,0.05352886766195297,1.4382892847061157,0.11411646753549576,0.08752429485321045,-0.3793674409389496,0.030633503571152687,-0.34873393177986145,0.016516832634806633,-0.009873611852526665,-0.3790777623653412,-0.0034557641483843327,-0.3825335204601288,0.03073830157518387,0.015961116179823875,-0.37934672832489014,0.005586390383541584,-0.3737603425979614,0.11346893012523651,0.016764899715781212,-0.3792555332183838,0.005867714993655682,-0.37338781356811523,0.0031860079616308212,0.022830920293927193,-0.37911567091941833,0.007990822196006775,-0.37112486362457275,-0.07039269059896469,-0.006706127896904945,-0.3794049620628357,-0.002347144763916731,-0.3817521035671234,0.1489027738571167,0.08908016234636307,-0.7707353830337524,0.031178057193756104,-0.7395573258399963,-0.07716628909111023,-0.056308746337890625,-0.555954098701477,-0.01970806159079075,-0.5756621360778809,0.03401760011911392,0.025861965492367744,-0.23623162508010864,0.009051688015460968,-0.22717994451522827,-0.00020463019609451294,0.037212301045656204,0.14270849525928497,0.013024304993450642,0.15573279559612274,0.02243356965482235,0.03702632337808609,0.5199103355407715,0.012959212996065617,0.5328695774078369
2.38,0.0,-0.075,0.0,0.12903977566949076,-0.2744810604044516,-1.2299906731156025,-0.09701471775770187,0.3544779233634472,0.0,0.0,0.0,1.4503345489501953,0.04616285115480423,1.4370691776275635,0.062206484377384186,0.07992894947528839,-0.37938210368156433,0.027975132688879967,-0.3514069616794586,-0.02669752575457096,-0.014920786023139954,-0.3790819048881531,-0.005222274921834469,-0.3843041658401489,-0.017525067552924156,0.005915260408073664,-0.3793261647224426,0.0020703410264104605,-0.3772558271884918,-0.0034875767305493355,0.01068915706127882,-0.3792805075645447,0.003741204971447587,-0.37553930282592773,0.03620480000972748,0.026843085885047913,-0.3791009187698364,0.00939507968723774,-0.36970582604408264,-0.013567567802965641,-0.008764559403061867,-0.3794008791446686,-0.003067595651373267,-0.38246846199035645,0.04955288767814636,0.07722198218107224,-0.7695733308792114,0.027027692645788193,-0.7425456643104553,-0.04168695956468582,-0.051922209560871124,-0.5856482982635498,-0.018172772601246834,-0.6038210988044739,-0.02746845781803131,0.009862838312983513,-0.2891438603401184,0.0034519934561103582,-0.28569185733795166,-0.0035547493025660515,0.024982184171676636,0.08018860965967178,0.008743763901293278,0.08893237262964249,-0.015091696754097939,0.021390916779637337,0.4638645350933075,0.007486820686608553,0.47135135531425476
2.4,0.0,-0.075,0.0,0.13461666901601546,-0.29585038943150416,-1.3738165617434506,-0.07743516564369202,0.383847251534462,0.0,0.0,0.0,1.4451769590377808,0.048187799751758575,1.4312132596969604,0.0996374562382698,0.08584150671958923,-0.37939339876174927,0.03004452772438526,-0.34934887290000916,0.010795315727591515,-0.0072059547528624535,-0.37908992171287537,-0.0025220841635018587,-0.38161200284957886,0.026926342397928238,0.01221858523786068,-0.37930357456207275,0.00427650474011898,-0.375027060508728,0.04230092465877533,0.020172687247395515,-0.37930452823638916,0.007060440257191658,-0.37224408984184265,0.01319126971065998,0.022747540846467018,-0.3790895342826843,0.007961639203131199,-0.3711279034614563,-0.029551509767770767,-0.015000645071268082,-0.3793930113315582,-0.005250225774943829,-0.38464322686195374,0.07146541774272919,0.07549501210451126,-0.7602975368499756,0.026423253118991852,-0.7338742613792419,-0.09084466844797134,-0.06359894573688507,-0.6079384684562683,-0.022259630262851715,-0.6301981210708618,0.00781848281621933,0.009249531663954258,-0.3372664153575897,0.003237335942685604,-0.33402907848358154,-0.012375518679618835,0.013774871826171875,0.01861204206943512,0.004821205046027899,0.023433247581124306,-0.0008530989289283752,0.014717712067067623,0.4046730399131775,0.005151199176907539,0.4098242521286011
2.42,0.0,-0.075,0.0,0.13919812589782854,-0.30861411373335196,-1.467948884100747,-0.08378052711486816,0.37432920932769775,0.0,0.0,0.0,1.4375052452087402,0.04912235215306282,1.422722578048706,0.08417299389839172,0.0853409543633461,-0.3794010877609253,0.029869332909584045,-0.34953176975250244,0.01372014544904232,-0.000928124412894249,-0.3791015148162842,-0.00032484353869222105,-0.37942636013031006,-0.023274553939700127,0.001570642925798893,-0.3792794644832611,0.0005497250240296125,-0.3787297308444977,0.08729740977287292,0.04031010717153549,-0.37932705879211426,0.014108537696301937,-0.36521852016448975,0.03145947307348251,0.02536112070083618,-0.37908169627189636,0.008876391686499119,-0.3702053129673004,-0.045099224895238876,-0.02403021976351738,-0.37938153743743896,-0.008410576730966568,-0.38779211044311523,0.0665457546710968,0.07281023263931274,-0.7430647611618042,0.02548358030617237,-0.7175811529159546,-0.06480571627616882,-0.0639609768986702,-0.6224475502967834,-0.0223863422870636,-0.6448339223861694,-0.040839873254299164,-0.005777291022241116,-0.3797852396965027,-0.0020220517180860043,-0.3818072974681854,-0.005662791430950165,0.007943572476506233,-0.04097951948642731,0.002780250273644924,-0.03819926828145981,-0.06363731622695923,-0.00878879800438881,0.3433372974395752,-0.0030760793015360832,0.34026122093200684
2.44,0.0,-0.075,0.0,0.14131660447908345,-0.31818408131011494,-1.5571600842696836,-0.06367208808660507,0.4044918678700924,0.0,0.0,0.0,1.426819920539856,0.041341930627822876,1.4207427501678467,0.047801509499549866,0.07407911866903305,-0.37940502166748047,0.025927690789103508,-0.3534773290157318,0.0030156411230564117,0.00025500531774014235,-0.37911638617515564,8.925185829866678e-05,-0.3790271282196045,-0.062120549380779266,-0.017536714673042297,-0.37925446033477783,-0.0061378502286970615,-0.38539230823516846,0.02767213061451912,0.03651871532201767,-0.3793475925922394,0.01278155017644167,-0.3665660321712494,-0.0076896194368600845,0.015445897355675697,-0.37907761335372925,0.005406063981354237,-0.3736715614795685,0.003179684281349182,-0.01586724817752838,-0.3793667256832123,-0.005553536582738161,-0.38492026925086975,0.000458727590739727,0.05110478028655052,-0.718166708946228,0.017886672168970108,-0.7002800107002258,-0.03164655342698097,-0.05426665022969246,-0.6289302110671997,-0.018993327394127846,-0.6479235291481018,-0.078434057533741,-0.027574323117733,-0.4159810245037079,-0.00965101271867752,-0.4256320297718048,-0.02468235418200493,-0.0018442058935761452,-0.09757795929908752,-0.0006454720278270543,-0.09822343289852142,0.008629320189356804,-0.003563362406566739,0.28089478611946106,-0.0012471767840906978,0.2796476185321808
2.46,0.0,-0.075,0.0,0.13870371729973982,-0.32916138941195744,-1.62747191098089,-0.11980395019054413,0.3202940747141838,0.0,0.0,0.0,1.4126719236373901,0.046853139996528625,1.4056304693222046,0.07109673321247101,0.07318440079689026,-0.37940502166748047,0.0256145391613245,-0.3537904918193817,0.016591550782322884,0.00515596941113472,-0.37913426756858826,0.001804589293897152,-0.37732967734336853,-0.016507884487509727,-0.01722806692123413,-0.3792291283607483,-0.006029823329299688,-0.3852589428424835,0.12330516427755356,0.06255465000867844,-0.37936556339263916,0.021894127130508423,-0.35747143626213074,0.015056123957037926,0.015328965149819851,-0.3790774941444397,0.005365137942135334,-0.37371236085891724,-0.05814094468951225,-0.028549358248710632,-0.3793489933013916,-0.009992275387048721,-0.38934126496315,0.057781483978033066,0.053107790648937225,-0.68602454662323,0.01858772709965706,-0.6674368381500244,-0.06378629803657532,-0.05712254345417023,-0.627276599407196,-0.01999288983643055,-0.6472694873809814,-0.04078010097146034,-0.03153605759143829,-0.44524145126342773,-0.011037619784474373,-0.45627906918525696,0.0029915310442447662,-0.0003934847190976143,-0.15022581815719604,-0.0001377196458633989,-0.15036353468894958,-0.03877444565296173,-0.014126688241958618,0.21840190887451172,-0.004944340791553259,0.21345756947994232
2.48,0.0,-0.075,0.0,0.13866772663845692,-0.3357167556675375,-1.6737971300377248,-0.10228847712278366,0.3465672843158245,0.0,0.0,0.0,1.394699215888977,0.04995783790946007,1.3892086744308472,0.06112297624349594,0.06956597417593002,-0.37940114736557007,0.024348091334104538,-0.3550530672073364,0.022698020562529564,0.010418584570288658,-0.37915465235710144,0.0036465045996010303,-0.3755081593990326,0.006033085286617279,-0.010249720886349678,-0.3792041540145874,-0.003587402170524001,-0.38279154896736145,0.09073477983474731,0.07100868970155716,-0.37938058376312256,0.024853041395545006,-0.3545275330543518,0.013574676588177681,0.014802679419517517,-0.37908124923706055,0.0051809377036988735,-0.37390032410621643,-0.050660863518714905,-0.03518281131982803,-0.3793286383152008,-0.012313983403146267,-0.39164263010025024,0.051838651299476624,0.052727051079273224,-0.6471818685531616,0.01845446787774563,-0.628727376461029,-0.07997608184814453,-0.06397860497236252,-0.6175148487091064,-0.02239251136779785,-0.6399073600769043,-0.04393630474805832,-0.03525613248348236,-0.467071533203125,-0.012339645996689796,-0.47941118478775024,-0.03604252636432648,-0.01108819805085659,-0.1980324536561966,-0.0038808693643659353,-0.20191332697868347,-0.04746720939874649,-0.02412884496152401,0.1569158285856247,-0.008445095270872116,0.14847072958946228
2.5,0.0,-0.075,0.0,0.137569053672563,-0.33944507456063217,-1.6779114599899125,-0.08874789625406265,0.366878155618906,0.0,0.0,0.0,1.3726602792739868,0.054996032267808914,1.3716598749160767,0.03527705371379852,0.05927930027246475,-0.3793935179710388,0.020747754722833633,-0.3586457669734955,0.022291909903287888,0.013980582356452942,-0.37917715311050415,0.004893203731626272,-0.37428393959999084,-0.028127143159508705,-0.015612946823239326,-0.37918001413345337,-0.005464531481266022,-0.3846445381641388,0.12979263067245483,0.088643878698349,-0.3793922960758209,0.03102535754442215,-0.34836694598197937,0.007448824122548103,0.012596522457897663,-0.379088819026947,0.004408782813698053,-0.3746800422668457,-0.0664936751127243,-0.044576071202754974,-0.37930625677108765,-0.015601624734699726,-0.3949078917503357,0.03887758404016495,0.04857221245765686,-0.602295994758606,0.01700027473270893,-0.5852957367897034,-0.08835416287183762,-0.07129127532243729,-0.599810004234314,-0.02495194599032402,-0.6247619390487671,-0.047449495643377304,-0.038914140313863754,-0.481101930141449,-0.013619949109852314,-0.4947218894958496,-0.059612683951854706,-0.0256455447524786,-0.2401891052722931,-0.008975940756499767,-0.24916504323482513,-0.0552496537566185,-0.03346508741378784,0.09747672080993652,-0.011712780222296715,0.08576393872499466
2.52,0.0,-0.075,0.0,0.13375448678326635,-0.3446249694213767,-1.6899435845079032,-0.06461349874734879,0.4030797518789768,0.0,0.0,0.0,1.34646475315094,0.04957584664225578,1.3516649007797241,0.03057767264544964,0.05066881328821182,-0.3793821930885315,0.017734084278345108,-0.3616481125354767,0.01097116619348526,0.013077757321298122,-0.37920111417770386,0.004577214829623699,-0.3746238946914673,-0.0374474823474884,-0.022163309156894684,-0.37915730476379395,-0.007757158018648624,-0.38691446185112,0.01986311748623848,0.06800965219736099,-0.37940043210983276,0.023803377524018288,-0.35559704899787903,-0.018855130299925804,0.0031610261648893356,-0.37909996509552,0.0011063591809943318,-0.3779936134815216,-0.02640431560575962,-0.03912454470992088,-0.37928229570388794,-0.013693590648472309,-0.39297589659690857,0.030112333595752716,0.04303424805402756,-0.5521260499954224,0.01506198663264513,-0.5370640754699707,-0.04723645746707916,-0.06407482922077179,-0.5744616389274597,-0.022426189854741096,-0.5968878269195557,-0.07511909306049347,-0.0497756265103817,-0.48709532618522644,-0.01742146909236908,-0.5045167803764343,-0.044449929147958755,-0.03128686174750328,-0.2759826183319092,-0.010950401425361633,-0.2869330048561096,-0.039943479001522064,-0.03540860489010811,0.04109010100364685,-0.012393011711537838,0.028697088360786438
2.54,0.0,-0.075,0.0,0.12809378998557625,-0.34870666693984287,-1.6747646278524408,-0.056468576192855835,0.41529713571071625,0.0,0.0,0.0,1.3161996603012085,0.04341190308332443,1.3265725374221802,0.049357227981090546,0.05027533695101738,-0.3793675899505615,0.017596367746591568,-0.36177122592926025,0.01192784495651722,0.01273278333246708,-0.37922602891921997,0.004456473980098963,-0.37476956844329834,-0.06176692992448807,-0.03404439613223076,-0.3791366219520569,-0.01191553846001625,-0.39105215668678284,-0.029883544892072678,0.03864169120788574,-0.37940478324890137,0.01352459192276001,-0.36588019132614136,-0.04199129343032837,-0.010384670458734035,-0.3791145086288452,-0.0036346346605569124,-0.38274914026260376,0.0016717258840799332,-0.026885664090514183,-0.37925732135772705,-0.009409982711076736,-0.3886673152446747,0.007560071535408497,0.0323919951915741,-0.49752092361450195,0.011337198317050934,-0.4861837327480316,-0.017992433160543442,-0.050250109285116196,-0.5418985486030579,-0.017587538808584213,-0.5594860911369324,-0.09715540707111359,-0.0639895647764206,-0.48495030403137207,-0.022396346554160118,-0.5073466300964355,0.013415008783340454,-0.01787630096077919,-0.30480754375457764,-0.006256705150008202,-0.3110642433166504,-0.03396464139223099,-0.03497541695833206,-0.01129013579338789,-0.012241396121680737,-0.023531531915068626
2.56,0.0,-0.075,0.0,0.12361328533120242,-0.35065916910528966,-1.6251430036863788,-0.08099478483200073,0.3785078227519989,0.0,0.0,0.0,1.2821539640426636,0.04523949325084686,1.2963085174560547,0.058802515268325806,0.05283349007368088,-0.3793499171733856,0.018491720780730247,-0.3608582019805908,0.02176041156053543,0.01544107124209404,-0.3792513906955719,0.005404375027865171,-0.37384700775146484,-0.06414711475372314,-0.043075211346149445,-0.3791183829307556,-0.01507632341235876,-0.39419469237327576,0.0317784808576107,0.03658273071050644,-0.3794052004814148,0.012803955934941769,-0.36660125851631165,-0.0554562509059906,-0.023906145244836807,-0.37913209199905396,-0.008367151021957397,-0.38749924302101135,-0.03527098149061203,-0.0294012613594532,-0.3792320489883423,-0.01029044110327959,-0.3895224928855896,-0.009276648052036762,0.01989140175282955,-0.43940430879592896,0.006961990613490343,-0.432442307472229,-0.02015475369989872,-0.0412215031683445,-0.5026715397834778,-0.01442752592265606,-0.5170990824699402,-0.10847727209329605,-0.07733587920665741,-0.47470325231552124,-0.027067556977272034,-0.5017707943916321,0.021695710718631744,-0.00600469671189785,-0.32617613673210144,-0.0021016437094658613,-0.3282777667045593,-0.02035737782716751,-0.030590005218982697,-0.05877787619829178,-0.010706502012908459,-0.06948437541723251
2.58,0.0,-0.075,0.0,0.12023756733994333,-0.35185742595204866,-1.5623107262421672,-0.08026794344186783,0.37959808483719826,0.0,0.0,0.0,1.2448376417160034,0.05082907900214195,1.2621370553970337,0.06929489970207214,0.05777191370725632,-0.37932971119880676,0.02022016979753971,-0.3591095507144928,0.027948375791311264,0.019193261861801147,-0.37927642464637756,0.006717641372233629,-0.3725587725639343,-0.07155229151248932,-0.051618337631225586,-0.3791031539440155,-0.018066417425870895,-0.3971695601940155,0.08316730707883835,0.05055810511112213,-0.3794017732143402,0.017695335671305656,-0.3617064356803894,-0.057845890522003174,-0.03408806771039963,-0.37915217876434326,-0.01193082332611084,-0.3910830020904541,-0.06516662240028381,-0.040130868554115295,-0.37920695543289185,-0.014045803807675838,-0.39325276017189026,-0.0279967300593853,0.005524962209165096,-0.3787592947483063,0.001933736726641655,-0.37682557106018066,-0.033646538853645325,-0.038949012756347656,-0.45744431018829346,-0.01363215409219265,-0.47107645869255066,-0.1017521470785141,-0.08466076105833054,-0.4565274119377136,-0.029631266370415688,-0.48615866899490356,-0.005693288519978523,-0.005911273881793022,-0.3397269546985626,-0.0020689459051936865,-0.3417958915233612,-0.013056302443146706,-0.025329895317554474,-0.10056978464126587,-0.00886546354740858,-0.10943524539470673
2.6,0.0,-0.075,0.0,0.117959172828446,-0.35010408266236565,-1.4672948875033696,-0.06765416264533997,0.39851875603199005,0.0,0.0,0.0,1.2049983739852905,0.05400140956044197,1.2241650819778442,0.09047665446996689,0.06758333742618561,-0.3793073892593384,0.023654168471693993,-0.35565322637557983,0.023329434916377068,0.02043411321938038,-0.37930065393447876,0.007151939440518618,-0.372148722410202,-0.055494941771030426,-0.05278131738305092,-0.37909114360809326,-0.018473461270332336,-0.3975645899772644,0.03433293104171753,0.04569055140018463,-0.37939453125,0.01599169336259365,-0.3634028434753418,-0.07293157279491425,-0.04574111849069595,-0.37917447090148926,-0.016009390354156494,-0.39518386125564575,-0.04391689598560333,-0.04126667603850365,-0.37918269634246826,-0.014443336054682732,-0.39362603425979614,-0.030995819717645645,-0.005431273020803928,-0.3166118860244751,-0.001900945557281375,-0.31851282715797424,-0.03637316823005676,-0.03817626088857651,-0.406981885433197,-0.013361691497266293,-0.4203435778617859,-0.10764309763908386,-0.09155546128749847,-0.4307302236557007,-0.032044410705566406,-0.4627746343612671,0.002841038629412651,-0.003285580314695835,-0.3452308177947998,-0.0011499531101435423,-0.3463807702064514,0.004183059558272362,-0.016476009041070938,-0.13595885038375854,-0.005766603164374828,-0.14172545075416565
2.62,0.0,-0.075,0.0,0.11405919971539447,-0.34556622921163477,-1.3428899493840483,-0.022939857095479965,0.46559021435678005,0.0,0.0,0.0,1.1636321544647217,0.05245671793818474,1.185004472732544,0.057825542986392975,0.06465600430965424,-0.37928348779678345,0.022629601880908012,-0.3566538989543915,0.013036930933594704,0.018214957788586617,-0.37932348251342773,0.006375235039740801,-0.3729482591152191,-0.00016191229224205017,-0.03699549660086632,-0.37908273935317993,-0.012948423624038696,-0.39203116297721863,-0.05831175297498703,0.014489859342575073,-0.3793836832046509,0.005071450490504503,-0.37431222200393677,-0.10879664123058319,-0.0646577775478363,-0.3791983127593994,-0.022630222141742706,-0.4018285274505615,-0.007635611109435558,-0.031177354976534843,-0.3791598081588745,-0.010912073776125908,-0.3900718688964844,-0.06364957243204117,-0.022896764799952507,-0.2540133595466614,-0.008013867773115635,-0.26202723383903503,-0.01411128044128418,-0.03095676749944687,-0.3521379828453064,-0.01083486806601286,-0.36297285556793213,-0.11428999155759811,-0.0983758196234703,-0.3977482318878174,-0.03443153575062752,-0.4321797788143158,0.029055330902338028,0.0064166937954723835,-0.3425945043563843,0.0022458427120000124,-0.34034866094589233,0.024343473836779594,-0.004230163991451263,-0.16434642672538757,-0.0014805573737248778,-0.16582699120044708
2.64,0.0,-0.075,0.0,0.10511302479565249,-0.3414224011506945,-1.217226774099453,-0.00494944304227829,0.49257583543658257,0.0,0.0,0.0,1.121983528137207,0.05482630804181099,1.145740270614624,0.03189268708229065,0.0548270121216774,-0.3792586326599121,0.01918945461511612,-0.3600691854953766,0.043279580771923065,0.025734344497323036,-0.3793443739414215,0.009007020853459835,-0.3703373670578003,0.03862639516592026,-0.0143089285120368,-0.3790780305862427,-0.0050081247463822365,-0.38408616185188293,-0.027809709310531616,0.0017999876290559769,-0.3793694078922272,0.0006299956585280597,-0.3787394165992737,-0.11874303221702576,-0.08088335394859314,-0.37922316789627075,-0.0283091738820076,-0.40753233432769775,-0.0431622639298439,-0.034772828221321106,-0.37913888692855835,-0.012170489877462387,-0.39130938053131104,-0.06632090359926224,-0.03592400997877121,-0.19202278554439545,-0.012573403306305408,-0.20459619164466858,-0.06340450048446655,-0.040691085159778595,-0.2938404083251953,-0.014241879805922508,-0.3080822825431824,-0.1015879288315773,-0.09933945536613464,-0.3581393361091614,-0.034768808633089066,-0.39290815591812134,-0.032357193529605865,-0.005215473007410765,-0.3318627178668976,-0.0018254155293107033,-0.3336881399154663,0.03752238303422928,0.008295600302517414,-0.18525224924087524,0.002903460059314966,-0.18234878778457642
2.66,0.0,-0.075,0.0,0.09561516005946877,-0.32053552061129326,-0.9995575343452275,0.022997600957751274,0.5344964014366269,0.024147481005638835,0.0,0.024147481005638835,1.0815305709838867,0.06132907420396805,1.106751799583435,0.056627534329891205,0.05536717176437378,-0.37923333048820496,0.019378509372472763,-0.3598548173904419,0.048057034611701965,0.03243115171790123,-0.3793627917766571,0.0113509027287364,-0.3680118918418884,0.05975792557001114,0.007911128923296928,-0.3790772557258606,0.002768895123153925,-0.3763083517551422,-0.03202643245458603,-0.008347938768565655,-0.37935206294059753,-0.0029217784758657217,-0.3822738528251648,-0.12378815561532974,-0.09375479817390442,-0.3792484998703003,-0.03281417861580849,-0.4120626747608185,-0.08130962401628494,-0.04873386770486832,-0.3791203498840332,-0.01705685257911682,-0.39617720246315,-0.0643448755145073,-0.044450268149375916,-0.13168880343437195,-0.015557593666017056,-0.14724639058113098,-0.1025925800204277,-0.05926153436303139,-0.2330753356218338,-0.0207415372133255,-0.2538168728351593,-0.07560233026742935,-0.092218317091465,-0.31257352232933044,-0.03227641060948372,-0.34484994411468506,-0.07999292016029358,-0.02764870785176754,-0.3132169544696808,-0.009677047841250896,-0.32289400696754456,0.05761183798313141,0.02309047058224678,-0.19832266867160797,0.008081664331257343,-0.1902410089969635
2.68,0.0,-0.075,0.0,0.07742722630559491,-0.30435077178954656,-0.8269124913404244,0.03755225986242294,0.5563283897936344,0.039429872855544085,0.0,0.039429872855544085,1.0439432859420776,0.07608217746019363,1.0669904947280884,0.07091841101646423,0.060032542794942856,-0.37920820713043213,0.021011389791965485,-0.35819682478904724,0.07415729761123657,0.0449489951133728,-0.3793783187866211,0.01573214866220951,-0.36364617943763733,0.048033006489276886,0.01994769275188446,-0.3790804147720337,0.006981692276895046,-0.3720987141132355,0.10117737948894501,0.02450965717434883,-0.37933212518692017,0.008578379638493061,-0.3707537353038788,-0.13428227603435516,-0.10591304302215576,-0.37927359342575073,-0.03706956282258034,-0.41634315252304077,-0.11302953213453293,-0.06802256405353546,-0.37910473346710205,-0.023807896301150322,-0.40291261672973633,-0.06849250197410583,-0.05166293680667877,-0.07403205335140228,-0.0180820282548666,-0.09211408346891403,-0.19914475083351135,-0.10122650116682053,-0.17087072134017944,-0.035429276525974274,-0.20629999041557312,-0.02949988842010498,-0.07340279221534729,-0.2618217468261719,-0.025690976530313492,-0.28751271963119507,-0.16678264737129211,-0.06938888877630234,-0.28697264194488525,-0.02428610995411873,-0.3112587630748749,0.08221039175987244,0.04082644730806351,-0.20333659648895264,0.014289256185293198,-0.18904733657836914
2.7,0.0,-0.075,0.0,0.056333503699533015,-0.28512497325755615,-0.6461597386058213,0.034551702439785004,0.5518275536596775,0.03627928756177425,0.0,0.03627928756177425,1.0110045671463013,0.082301065325737,1.02769935131073,0.09394071996212006,0.07020499557256699,-0.37918388843536377,0.024571748450398445,-0.3546121418476105,0.03239300847053528,0.041182201355695724,-0.3793905973434448,0.014413770288228989,-0.36497682332992554,0.08566755056381226,0.0396636500954628,-0.37908732891082764,0.01388227753341198,-0.3652050495147705,-0.01082427054643631,0.0139094777405262,-0.3793100416660309,0.004868316929787397,-0.3744417130947113,-0.07547357678413391,-0.09678120166063309,-0.37929797172546387,-0.03387342020869255,-0.4131713807582855,-0.05596395581960678,-0.06440497934818268,-0.37909233570098877,-0.022541742771863937,-0.4016340672969818,-0.05801289528608322,-0.05356792360544205,-0.020027942955493927,-0.018748773261904716,-0.03877671808004379,-0.15973490476608276,-0.1187790259718895,-0.10827891528606415,-0.04157266020774841,-0.14985157549381256,-0.02047424390912056,-0.05752422660589218,-0.20674248039722443,-0.020133478567004204,-0.22687596082687378,-0.1732764095067978,-0.10055514425039291,-0.25357377529144287,-0.03519430011510849,-0.28876808285713196,0.08698496967554092,0.05467400699853897,-0.20020917057991028,0.01913590170443058,-0.18107326328754425
2.72,0.0,-0.075,0.0,0.03328334328506505,-0.26358485240667345,-0.45954789842019833,0.019153619185090065,0.5287304287776351,0.020111300144344566,0.0,0.020111300144344566,0.9844812750816345,0.08132945001125336,0.9948198795318604,0.09957265853881836,0.07901529967784882,-0.37916091084480286,0.027655353769659996,-0.3515055477619171,-0.013869108632206917,0.024666808545589447,-0.3793993592262268,0.008633382618427277,-0.3707659840583801,0.09259173274040222,0.055542074143886566,-0.37909793853759766,0.01943972520530224,-0.35965821146965027,-0.058440517634153366,-0.0077955229207873344,-0.3792862892150879,-0.002728432882577181,-0.3820147216320038,-0.07097485661506653,-0.08903929591178894,-0.37932097911834717,-0.03116375394165516,-0.4104847311973572,-0.07133509963750839,-0.06648401916027069,-0.3790834844112396,-0.023269405588507652,-0.402352899312973,-0.05463965982198715,-0.0538894459605217,0.029409948736429214,-0.018861304968595505,0.01054864376783371,-0.11950361728668213,-0.11899641156196594,-0.04635874927043915,-0.0416487418115139,-0.08800749480724335,0.016068674623966217,-0.03544635325670242,-0.14826753735542297,-0.012406223453581333,-0.16067376732826233,-0.08970277011394501,-0.09729943424463272,-0.21358534693717957,-0.03405480086803436,-0.24764014780521393,0.07958345115184784,0.06214684247970581,-0.18899333477020264,0.021751394495368004,-0.16724194586277008
2.74,0.0,-0.075,0.0,0.008223594525356063,-0.24033265772874673,-0.2685082375410538,0.019404562190175056,0.5291068432852626,0.02037479029968381,0.0,0.02037479029968381,0.9659500122070312,0.08077704906463623,0.9674283862113953,0.12136627733707428,0.0917205959558487,-0.37913984060287476,0.03210220858454704,-0.3470376431941986,-0.017365531995892525,0.012057105079293251,-0.37940430641174316,0.0042199864983558655,-0.3751843273639679,0.10753868520259857,0.07114105671644211,-0.3791119158267975,0.024899369105696678,-0.35421255230903625,-0.06696204096078873,-0.025545477867126465,-0.37926149368286133,-0.008940917439758778,-0.38820239901542664,-0.012007482349872589,-0.06592975556850433,-0.37934207916259766,-0.023075414821505547,-0.40241748094558716,-0.06250517815351486,-0.06529036164283752,-0.37907838821411133,-0.022851625457406044,-0.4019300043582916,-0.04544895887374878,-0.05135729908943176,0.07344529032707214,-0.017975054681301117,0.05547023564577103,-0.1277540624141693,-0.1216237023472786,0.013842269778251648,-0.04256829619407654,-0.02872602641582489,0.04077654704451561,-0.012579482048749924,-0.0873861163854599,-0.004402818623930216,-0.09178893268108368,-0.09338605403900146,-0.09612541645765305,-0.16768385469913483,-0.03364389389753342,-0.20132774114608765,0.05374471843242645,0.05962620675563812,-0.16987882554531097,0.020869171246886253,-0.14900965988636017
2.7600000000000002,0.0,-0.075,0.0,-0.01943120915151011,-0.21586152952745064,-0.0704971767206399,0.006550857797265053,0.5098262866958976,0.006878400687128305,0.0,0.006878400687128305,0.9565953612327576,0.07508242130279541,0.9546770453453064,0.10386868566274643,0.0953650251030922,-0.37912121415138245,0.0333777591586113,-0.34574344754219055,-0.03541705757379532,-0.0021851444616913795,-0.3794054388999939,-0.0007648005266673863,-0.38017022609710693,0.06269121170043945,0.06860610097646713,-0.37912899255752563,0.024012135341763496,-0.3551168441772461,-0.06906035542488098,-0.03859994187951088,-0.3792361915111542,-0.013509979471564293,-0.3927461802959442,-0.013452975079417229,-0.050186723470687866,-0.3793608248233795,-0.017565352842211723,-0.3969261646270752,-0.06557127833366394,-0.06537463515996933,-0.37907713651657104,-0.022881122305989265,-0.40195825695991516,-0.0074554188176989555,-0.03818673640489578,0.11133313179016113,-0.013365357182919979,0.09796777367591858,-0.09563814848661423,-0.11382804065942764,0.07130572199821472,-0.039839815348386765,0.03146590664982796,0.039019644260406494,0.0029002567753195763,-0.025128168985247612,0.0010150898015126586,-0.02411307953298092,-0.049199290573596954,-0.08204757422208786,-0.11664578318595886,-0.02871664986014366,-0.14536243677139282,0.03648276627063751,0.05268317461013794,-0.1431889832019806,0.01843911036849022,-0.12474986910820007
2.7800000000000002,0.0,-0.075,0.0,-0.047948758090215635,-0.18993911612477707,0.12967411305479107,0.01572340540587902,0.5235851081088185,0.01650957567617297,0.0,0.01650957567617297,0.9570291638374329,0.07491962611675262,0.9512227177619934,0.09384659677743912,0.09490949660539627,-0.37910544872283936,0.033218324184417725,-0.34588712453842163,-0.012084627524018288,-0.005154989659786224,-0.37940263748168945,-0.0018042463343590498,-0.3812068700790405,0.047576677054166794,0.062297273427248,-0.3791487514972687,0.021804045885801315,-0.35734471678733826,-0.01586661860346794,-0.031779944896698,-0.3792110085487366,-0.011122980155050755,-0.39033398032188416,-0.013423238880932331,-0.0391576774418354,-0.37937670946121216,-0.013705186545848846,-0.3930819034576416,-0.07394400238990784,-0.0679454505443573,-0.37907981872558594,-0.023780906572937965,-0.40286073088645935,-0.017181284725666046,-0.03188509866595268,0.14243252575397491,-0.011159784160554409,0.13127274811267853,-0.12956851720809937,-0.11855018883943558,0.12505950033664703,-0.04149256646633148,0.08356693387031555,0.04869832098484039,0.016639675945043564,0.03745311126112938,0.00582388648763299,0.04327699914574623,-0.10341353714466095,-0.08845736086368561,-0.06133456528186798,-0.030960075557231903,-0.09229464083909988,0.0461355522274971,0.05071888864040375,-0.10937531292438507,0.017751609906554222,-0.0916237011551857
2.8000000000000003,0.0,-0.075,0.0,-0.07775130732238353,-0.16283777723017695,0.3343265626424759,0.039289459586143494,0.5589341893792152,0.041253932565450666,0.0,0.041253932565450666,0.9671867489814758,0.0744999349117279,0.9568545818328857,0.08994007855653763,0.0934186726808548,-0.37909287214279175,0.03269653394818306,-0.3463963270187378,-0.013666960410773754,-0.007708581164479256,-0.3793960213661194,-0.002698003314435482,-0.38209402561187744,0.030797239392995834,0.05284726619720459,-0.3791707158088684,0.018496543169021606,-0.3606741726398468,-0.022757943719625473,-0.02907334268093109,-0.37918663024902344,-0.010175669565796852,-0.38936230540275574,0.013182548806071281,-0.023455608636140823,-0.3793894052505493,-0.008209463208913803,-0.3875988721847534,-0.03895799070596695,-0.059249211102724075,-0.37908634543418884,-0.02073722332715988,-0.3998235762119293,-0.02282758802175522,-0.029167845845222473,0.1662173867225647,-0.01020874548703432,0.15600864589214325,-0.1211051195859909,-0.11931666731834412,0.17419426143169403,-0.04176083207130432,0.1324334293603897,0.055330242961645126,0.028246846050024033,0.09929902851581573,0.009886396117508411,0.10918542742729187,-0.12983857095241547,-0.1008717268705368,-0.002685878425836563,-0.03530510514974594,-0.037990983575582504,0.05685962736606598,0.05256110802292824,-0.06900984793901443,0.01839638687670231,-0.050613462924957275
2.82,0.0,-0.075,0.0,-0.09453282667395688,-0.14893140592470483,0.4334044756303133,0.03643564134836197,0.554653462022543,0.03825742341578006,0.0,0.03825742341578006,0.986338198184967,0.07403896003961563,0.9738807082176208,0.05669248849153519,0.08240081369876862,-0.3790838420391083,0.028840284794569016,-0.35024356842041016,0.00201288890093565,-0.004792139865458012,-0.37938567996025085,-0.0016772489761933684,-0.38106292486190796,0.0269312784075737,0.04507246986031532,-0.37919431924819946,0.015775363892316818,-0.36341896653175354,0.019799116998910904,-0.014411604031920433,-0.3791634440422058,-0.005044061224907637,-0.38420751690864563,-0.034094106405973434,-0.026647157967090607,-0.37939852476119995,-0.009326505474746227,-0.38872504234313965,-0.0743904709815979,-0.06379158794879913,-0.37909653782844543,-0.022327056154608727,-0.4014236032962799,-0.035256221890449524,-0.0309943575412035,0.18228530883789062,-0.010848024860024452,0.17143727838993073,-0.14993861317634583,-0.1285032480955124,0.2178788185119629,-0.044976137578487396,0.1729026734828949,0.0307115837931633,0.028986267745494843,0.15936335921287537,0.01014519389718771,0.16950854659080505,-0.08654695749282837,-0.09657429903745651,0.058308109641075134,-0.03380100429058075,0.024507105350494385,0.06817644089460373,0.057245709002017975,-0.022775448858737946,0.0200359970331192,-0.002739451825618744
2.84,0.0,-0.075,0.0,-0.12268261167712817,-0.12005066903103902,0.6385626542396176,0.019982265308499336,0.529973397962749,0.020981378573924302,0.0,0.020981378573924302,1.0132113695144653,0.06866418570280075,1.004166841506958,0.005468282848596573,0.05932105332612991,-0.37907856702804565,0.0207623690366745,-0.35831618309020996,0.0025979941710829735,-0.002575099701061845,-0.3793719410896301,-0.0009012848604470491,-0.3802732229232788,0.031229514628648758,0.04091958329081535,-0.37921902537345886,0.014321854338049889,-0.3648971617221832,-0.040938131511211395,-0.022369563579559326,-0.3791421353816986,-0.00782934669405222,-0.38697147369384766,-0.030850281938910484,-0.027908096089959145,-0.3794039189815521,-0.009767833165824413,-0.3891717493534088,-0.076566182076931,-0.06762396544218063,-0.3791101574897766,-0.023668387904763222,-0.4027785360813141,-0.018967434763908386,-0.02738627977669239,0.1903645098209381,-0.009585198014974594,0.18077930808067322,-0.13473425805568695,-0.130372554063797,0.25537410378456116,-0.04563039168715477,0.2097437083721161,0.022254519164562225,0.026966743171215057,0.2166299819946289,0.00943836010992527,0.22606834769248962,-0.0333838015794754,-0.07761715352535248,0.12061557173728943,-0.027166003361344337,0.09344957023859024,0.047073379158973694,0.05419400706887245,0.028545737266540527,0.018967902287840843,0.04751364141702652
2.86,0.0,-0.075,0.0,-0.1480148682845174,-0.09437823449762812,0.8373101702289121,-0.01230463758111,0.481543043628335,0.0,0.0,0.0,1.046181559562683,0.06134868413209915,1.0374606847763062,-0.019942495971918106,0.03554198890924454,-0.37907713651657104,0.012439696118235588,-0.3666374385356903,-0.023840928450226784,-0.00895484909415245,-0.3793551027774811,-0.0031341970898211002,-0.38248929381370544,0.056392915546894073,0.04556158185005188,-0.379244327545166,0.015946554020047188,-0.3632977604866028,-0.06056743487715721,-0.03382892534136772,-0.3791232109069824,-0.011840123683214188,-0.3909633457660675,0.04726939648389816,-0.005354846827685833,-0.37940549850463867,-0.0018741963431239128,-0.38127970695495605,-0.008959071710705757,-0.050024498254060745,-0.3791269063949585,-0.017508573830127716,-0.3966354727745056,-0.01620946079492569,-0.024033233523368835,0.19031831622123718,-0.008411631919443607,0.18190668523311615,-0.0814051553606987,-0.11568233370780945,0.2860458493232727,-0.04048881679773331,0.24555703997612,0.029772896319627762,0.02780858986079693,0.27013012766838074,0.009733006358146667,0.2798631191253662,-0.05394849553704262,-0.07051655650138855,0.18318244814872742,-0.024680795148015022,0.15850165486335754,0.08232855051755905,0.06263437122106552,0.08408551663160324,0.021922029554843903,0.10600754618644714
2.88,0.0,-0.075,0.0,-0.16987315027840327,-0.07131357100921878,1.004258495423543,0.001231437548995018,0.5018471563234925,0.0012930094264447687,0.0,0.0012930094264447687,1.083471655845642,0.05590520426630974,1.0791078805923462,-0.015566190704703331,0.02020953595638275,-0.37907958030700684,0.0070733376778662205,-0.37200623750686646,-0.011276143603026867,-0.009651237167418003,-0.37933558225631714,-0.00337793305516243,-0.38271352648735046,0.010124709457159042,0.034930519759655,-0.37926948070526123,0.01222568191587925,-0.36704379320144653,-0.04598383232951164,-0.03747539967298508,-0.3791070878505707,-0.013116389513015747,-0.3922234773635864,0.026277026161551476,0.004134715534746647,-0.37940317392349243,0.0014471503673121333,-0.3779560327529907,-0.04945475608110428,-0.049853574484586716,-0.37914639711380005,-0.017448751255869865,-0.39659515023231506,-0.008331638760864735,-0.019322754815220833,0.18214744329452515,-0.0067629641853272915,0.17538447678089142,-0.09215366840362549,-0.10862373560667038,0.30937519669532776,-0.03801830857992172,0.27135688066482544,0.0195816271007061,0.025340501219034195,0.31895869970321655,0.008869174867868423,0.3278278708457947,-0.007871726527810097,-0.05172310769557953,0.2449503242969513,-0.018103087320923805,0.22684723138809204,0.07483334094285965,0.06629405915737152,0.14290431141853333,0.023202920332551003,0.16610723733901978
2.9,0.0,-0.075,0.0,-0.18544901398628494,-0.049787151879703624,1.135856124452842,-0.00858317967504263,0.48712523048743606,0.0,0.0,0.0,1.1233206987380981,0.05525366961956024,1.1199190616607666,-0.01707850769162178,0.009023122489452362,-0.379085898399353,0.0031580927316099405,-0.37592780590057373,-0.0161519106477499,-0.01160143967717886,-0.37931379675865173,-0.004060504026710987,-0.38337430357933044,0.009480707347393036,0.02729557640850544,-0.3792940378189087,0.009553452022373676,-0.3697405755519867,-0.03164851292967796,-0.03572733327746391,-0.37909412384033203,-0.012504566460847855,-0.3915987014770508,0.07026700675487518,0.023974403738975525,-0.3793969452381134,0.008391041308641434,-0.3710058927536011,-0.015348762273788452,-0.039502132683992386,-0.3791680634021759,-0.01382574625313282,-0.3929938077926636,-0.02841554582118988,-0.02205059304833412,0.1659902036190033,-0.0077177076600492,0.15827248990535736,-0.10249760001897812,-0.10678590089082718,0.3249674439430237,-0.0373750664293766,0.2875923812389374,0.029077786952257156,0.026461686939001083,0.36228975653648376,0.00926159042865038,0.3715513348579407,-0.017647091299295425,-0.04150030016899109,0.3048742413520813,-0.014525105245411396,0.2903491258621216,0.10857421159744263,0.07897810637950897,0.2040071189403534,0.02764233760535717,0.2316494584083557
2.92,0.0,-0.075,0.0,-0.19688240620932518,-0.033345905174656305,1.2371014540374257,-0.038676001131534576,0.44198599830269814,0.0,0.0,0.0,1.1641035079956055,0.05144751816987991,1.1658967733383179,-0.0029197903349995613,0.005440248176455498,-0.3790959119796753,0.0019040867919102311,-0.37719181180000305,-0.012651832774281502,-0.011916558258235455,-0.37929028272628784,-0.004170795436948538,-0.3834610879421234,-0.0048277173191308975,0.017658589407801628,-0.37931734323501587,0.006180506199598312,-0.37313684821128845,-0.06337611377239227,-0.04402196779847145,-0.3790847063064575,-0.015407688915729523,-0.39449238777160645,0.056537091732025146,0.03374321013689041,-0.3793870806694031,0.0118101229891181,-0.3675769567489624,-0.0015103919431567192,-0.028104610741138458,-0.379191517829895,-0.009836613200604916,-0.3890281319618225,0.029530450701713562,-0.0065762801095843315,0.1421198844909668,-0.0023016980849206448,0.1398181915283203,-0.0657525509595871,-0.0944758951663971,0.33255887031555176,-0.03306656330823898,0.2994922995567322,-0.001068370882421732,0.01820266991853714,0.39939016103744507,0.006370934192091227,0.40576109290122986,0.03853932023048401,-0.01748841442167759,0.36194050312042236,-0.006120944861322641,0.35581955313682556,0.10728359967470169,0.08746975660324097,0.26636025309562683,0.030614415183663368,0.29697465896606445
2.94,0.0,-0.075,0.0,-0.2044430846318004,-0.01738633335841613,1.3237567435478514,-0.015928246080875397,0.4761076308786869,0.0,0.0,0.0,1.2044013738632202,0.050597988069057465,1.2128589153289795,-0.015359283424913883,-0.0007996114436537027,-0.37910938262939453,-0.00027986400527879596,-0.3793892562389374,-0.009031091816723347,-0.011050919070839882,-0.37926560640335083,-0.0038678215350955725,-0.3831334412097931,-0.011366108432412148,0.008951179683208466,-0.379338800907135,0.0031329127959907055,-0.3762058913707733,-0.06716535985469818,-0.05096498876810074,-0.3790789842605591,-0.01783774606883526,-0.3969167172908783,0.0414460226893425,0.03605405241250992,-0.379373699426651,0.012618917971849442,-0.36675477027893066,-0.014530904591083527,-0.02403249777853489,-0.37921616435050964,-0.008411373943090439,-0.3876275420188904,-0.0067126089707016945,-0.00661717914044857,0.11094029992818832,-0.0023160127457231283,0.10862428694963455,-0.06776705384254456,-0.08646324276924133,0.33202099800109863,-0.030262134969234467,0.30175885558128357,0.0004458189941942692,0.012875613756477833,0.42963239550590515,0.004506464581936598,0.43413886427879333,0.0675494372844696,0.008022942580282688,0.4151836931705475,0.0028080297634005547,0.4179917275905609,0.1027088612318039,0.0920414924621582,0.32890886068344116,0.03221452236175537,0.36112338304519653
2.96,0.0,-0.075,0.0,-0.2096347996981267,-0.004151756053892336,1.384011915420812,-0.0546497106552124,0.4180254340171814,0.0,0.0,0.0,1.2430377006530762,0.05518125370144844,1.2495371103286743,-0.05383199453353882,-0.016709327697753906,-0.37912601232528687,-0.005848264787346125,-0.38497427105903625,-0.009843554347753525,-0.01068870909512043,-0.37924039363861084,-0.0037410480435937643,-0.38298144936561584,0.00897144339978695,0.00895725842565298,-0.3793579339981079,0.0031350404024124146,-0.3762229084968567,-0.009948957711458206,-0.03866017982363701,-0.37907707691192627,-0.013531062752008438,-0.3926081359386444,0.09451019763946533,0.05359089374542236,-0.3793572187423706,0.018756812438368797,-0.36060041189193726,0.020131226629018784,-0.010783379897475243,-0.379241406917572,-0.0037741828709840775,-0.38301560282707214,-0.05039078742265701,-0.019749261438846588,0.0729789212346077,-0.0069122412241995335,0.0660666823387146,-0.12738239765167236,-0.09873899072408676,0.32336294651031494,-0.03455864638090134,0.288804292678833,0.01088805217295885,0.012279344722628593,0.45250481367111206,0.00429777055978775,0.4568025767803192,0.002803325653076172,0.006457057315856218,0.46370309591293335,0.0022599699441343546,0.46596306562423706,0.11129805445671082,0.09781846404075623,0.3905948996543884,0.03423646092414856,0.424831360578537
2.98,0.0,-0.075,0.0,-0.2128751648061531,0.00975833587406623,1.4350683584719788,-0.041014283895492554,0.43847857415676117,0.0,0.0,0.0,1.2790888547897339,0.05875071510672569,1.287333369255066,-0.02008640207350254,-0.01772245019674301,-0.3791453242301941,-0.0062028574757277966,-0.3853481709957123,0.0030214255675673485,-0.006575668230652809,-0.3792151212692261,-0.002301483880728483,-0.38151660561561584,0.004879733547568321,0.0077340006828308105,-0.37937432527542114,0.0027069002389907837,-0.37666743993759155,-0.058405302464962006,-0.04458371549844742,-0.37907910346984863,-0.015604300424456596,-0.3946833908557892,0.05997215211391449,0.05550527200102806,-0.37933793663978577,0.019426845014095306,-0.35991108417510986,0.02375100925564766,-0.00042306259274482727,-0.379266619682312,-0.00014807190746068954,-0.3794146776199341,-0.00762930978089571,-0.016113275662064552,0.02887793630361557,-0.005639646202325821,0.02323829010128975,-0.10295730084180832,-0.10000448673963547,0.3067312240600586,-0.035001568496227264,0.27172964811325073,-0.02457943558692932,0.0012217103503644466,0.4676204323768616,0.0004275986284483224,0.4680480360984802,0.007724493741989136,0.0068372879177331924,0.5066779851913452,0.002393050817772746,0.5090710520744324,0.14267276227474213,0.11127474904060364,0.4503747224807739,0.03894616290926933,0.48932087421417236
3.0,0.0,-0.075,0.0,-0.21454415725175177,0.018292967961436573,1.4426865471475043,-0.07324092835187912,0.3901386074721813,0.0,0.0,0.0,1.311880350112915,0.06206417828798294,1.3238728046417236,-0.05545176565647125,-0.029041245579719543,-0.37916696071624756,-0.01016443595290184,-0.3893314003944397,-0.01737022213637829,-0.009814035147428513,-0.3791905641555786,-0.0034349123015999794,-0.3826254904270172,-0.009544674307107925,0.002550397999584675,-0.3793874979019165,0.0008926392765715718,-0.37849485874176025,-0.04977975785732269,-0.04614252969622612,-0.3790850043296814,-0.016149885952472687,-0.3952348828315735,0.09186375141143799,0.06641281396150589,-0.37931638956069946,0.02324448525905609,-0.3560718894004822,0.05225639417767525,0.015380775555968285,-0.37929126620292664,0.005383271258324385,-0.37390798330307007,0.011235779151320457,-0.00790855847299099,-0.020616605877876282,-0.0027679954655468464,-0.02338460087776184,-0.09461279213428497,-0.0983869731426239,0.28240716457366943,-0.034435439854860306,0.24797172844409943,-0.02468031272292137,-0.0065488968975842,0.47472357749938965,-0.002292113844305277,0.4724314510822296,0.05268331989645958,0.020591098815202713,0.5433812737464905,0.007206884678453207,0.5505881309509277,0.12783776223659515,0.11624366044998169,0.5072370767593384,0.04068528115749359,0.5479223728179932
3.02,0.0,-0.075,0.0,-0.21197008422977434,0.02886389071070822,1.4587711763722442,-0.06411692500114441,0.4038246124982834,0.0,0.0,0.0,1.2883882522583008,0.06345079839229584,1.301801085472107,-0.03631002455949783,-0.03122187964618206,-0.3790796399116516,-0.010927657596766949,-0.39000728726387024,0.0012460658326745033,-0.00649600476026535,-0.3793761134147644,-0.0022736017126590014,-0.3816497027873993,-0.03168138861656189,-0.007719138637185097,-0.37921208143234253,-0.0027016985695809126,-0.38191378116607666,0.02013864368200302,-0.026258178055286407,-0.37914785742759705,-0.009190361946821213,-0.38833820819854736,0.060554809868335724,0.06465541571378708,-0.3794028162956238,0.022629395127296448,-0.3567734360694885,0.0237545445561409,0.017892906442284584,-0.3791060447692871,0.0062625170685350895,-0.37284353375434875,0.02162189781665802,0.0009505786001682281,0.01582365669310093,0.00033270250423811376,0.016156358644366264,-0.08491076529026031,-0.0943441092967987,0.30081862211227417,-0.03302043676376343,0.26779818534851074,-0.009512659162282944,-0.007438025437295437,0.4703703224658966,-0.0026033087633550167,0.46776700019836426,0.08638618886470795,0.04032962769269943,0.5173830986022949,0.014115369878709316,0.5314984917640686,0.15060287714004517,0.12655141949653625,0.46628138422966003,0.04429299756884575,0.5105744004249573
3.04,0.0,-0.075,0.0,-0.20831744819746287,0.03754079821266423,1.4434439223873834,-0.05484906584024429,0.41772640123963356,0.0,0.0,0.0,1.320197582244873,0.06545011699199677,1.3344792127609253,-0.052052319049835205,-0.03747101128101349,-0.37907713651657104,-0.013114853762090206,-0.39219197630882263,0.022875824943184853,0.0023155445232987404,-0.3793600797653198,0.000810440571513027,-0.37854963541030884,-0.006551295518875122,-0.007368785794824362,-0.37923726439476013,-0.002579075051471591,-0.3818163275718689,0.008023930713534355,-0.015973545610904694,-0.37912821769714355,-0.0055907410569489,-0.38471895456314087,0.05600356310606003,0.06205986067652702,-0.3794054388999939,0.021720951423048973,-0.35768449306488037,0.012341164983808994,0.01622738316655159,-0.37912195920944214,0.0056795841082930565,-0.3734423816204071,-0.05799134075641632,-0.016731997951865196,-0.03500565141439438,-0.005856199190020561,-0.04086185246706009,-0.0804174393415451,-0.0901661068201065,0.2744539976119995,-0.03155813738703728,0.24289585649967194,-0.06500246375799179,-0.024707358330488205,0.47525209188461304,-0.008647575043141842,0.4666045308113098,0.025510236620903015,0.03588381037116051,0.5522555112838745,0.012559333816170692,0.5648148655891418,0.16209101676940918,0.1372133046388626,0.5221743583679199,0.048024654388427734,0.5701990127563477
3.06,0.0,-0.075,0.0,-0.2031870446123055,0.043816960431602964,1.3985969197219337,-0.07710959017276764,0.38433561474084854,0.0,0.0,0.0,1.348227858543396,0.06806254386901855,1.3664485216140747,-0.024880899116396904,-0.03369397670030594,-0.3790785074234009,-0.011792891658842564,-0.39087140560150146,-0.005383670330047607,5.7800207287073135e-06,-0.3793412446975708,2.0230072550475597e-06,-0.37933921813964844,-0.0007794145494699478,-0.005391974467784166,-0.3792625665664673,-0.0018871910870075226,-0.3811497688293457,-0.018866922706365585,-0.01684155873954296,-0.37911123037338257,-0.005894545465707779,-0.38500577211380005,0.07938927412033081,0.06725868582725525,-0.3794041872024536,0.023540539667010307,-0.35586366057395935,0.043033428490161896,0.02426919713616371,-0.379140704870224,0.008494218811392784,-0.37064647674560547,0.0064589884132146835,-0.009774701669812202,-0.09014780074357986,-0.0034211454913020134,-0.09356894344091415,-0.09242673218250275,-0.0908442959189415,0.2409430593252182,-0.031795501708984375,0.20914755761623383,-0.014254111796617508,-0.021571382880210876,0.47199225425720215,-0.007549983914941549,0.46444228291511536,0.07165355980396271,0.04661473631858826,0.580085277557373,0.0163151565939188,0.5964004397392273,0.15440209209918976,0.14236994087696075,0.5739352107048035,0.049829479306936264,0.62376469373703
3.08,0.0,-0.075,0.0,-0.19883829067989525,0.0480063306440222,1.3380322200847095,-0.08585759997367859,0.3712136000394821,0.0,0.0,0.0,1.3723136186599731,0.0690985843539238,1.3934884071350098,-0.035861723124980927,-0.034344300627708435,-0.3790838122367859,-0.012020505033433437,-0.3911043107509613,0.009339586831629276,0.0028059221804142,-0.37932005524635315,0.0009820727864280343,-0.3783379793167114,-0.0033620819449424744,-0.004783006850630045,-0.37928733229637146,-0.0016740523278713226,-0.3809613883495331,0.06678831577301025,0.008247405290603638,-0.3790974020957947,0.002886591712012887,-0.3762108087539673,0.07517117261886597,0.06963243335485458,-0.37939906120300293,0.024371352046728134,-0.3550277054309845,0.023708060383796692,0.024100854992866516,-0.3791618347167969,0.008435298688709736,-0.3707265257835388,-0.014502064324915409,-0.011192910373210907,-0.14866995811462402,-0.00391751853749156,-0.15258747339248657,-0.0893576443195343,-0.09039829671382904,0.20085270702838898,-0.031639404594898224,0.16921329498291016,0.009175359271466732,-0.012347360141575336,0.46064603328704834,-0.0043215760961174965,0.4563244581222534,0.08787073194980621,0.05899153649806976,0.6004016399383545,0.020647037774324417,0.6210486888885498,0.14318662881851196,0.14261494576931,0.6206883192062378,0.04991523176431656,0.6706035733222961
3.1,0.0,-0.075,0.0,-0.191881036608638,0.049407652415654375,1.2443885753961146,-0.08341307938098907,0.3748803809285164,0.0,0.0,0.0,1.3924777507781982,0.07139109820127487,1.418596625328064,-0.010671986266970634,-0.02724260650575161,-0.3790927827358246,-0.009534912183880806,-0.38862770795822144,-0.01697874628007412,-0.0031294783111661673,-0.3792969584465027,-0.0010953174205496907,-0.38039228320121765,0.017154274508357048,0.001798178069293499,-0.3793110251426697,0.0006293623009696603,-0.37868165969848633,-0.03841392695903778,-0.00575099466368556,-0.3790869116783142,-0.0020128481555730104,-0.38109976053237915,0.07556954026222229,0.0714135691523552,-0.379390150308609,0.024994749575853348,-0.35439538955688477,0.05783489719033241,0.034221068024635315,-0.37918487191200256,0.011977373622357845,-0.36720749735832214,0.028304845094680786,0.0006564166396856308,-0.20958209037780762,0.00022974582680035383,-0.20935234427452087,-0.11069781333208084,-0.09648815542459488,0.15486115217208862,-0.0337708555161953,0.12109029293060303,0.04088041931390762,0.003620973788201809,0.4414052963256836,0.0012673408491536975,0.44267264008522034,0.10674335062503815,0.07331708073616028,0.6128609776496887,0.025660978630185127,0.6385219693183899,0.13683541119098663,0.14088109135627747,0.6616427898406982,0.04930838197469711,0.7109511494636536
3.12,0.0,-0.075,0.0,-0.18193823919976293,0.04955409743363881,1.1403095027098973,-0.11373542249202728,0.3293968662619591,0.0,0.0,0.0,1.4089045524597168,0.07397691160440445,1.4374115467071533,-0.016454176977276802,-0.024006078019738197,-0.3791053295135498,-0.008402126841247082,-0.38750746846199036,0.04033016413450241,0.009908415377140045,-0.3792725205421448,0.003467945381999016,-0.3758045732975006,0.006312282755970955,0.0031524095684289932,-0.3793330192565918,0.0011033433256670833,-0.37822967767715454,-0.03995658457279205,-0.01601267233490944,-0.3790801763534546,-0.005604435224086046,-0.38468462228775024,0.06621453911066055,0.06985385715961456,-0.37937772274017334,0.024448849260807037,-0.3549288809299469,0.04565354064106941,0.037650808691978455,-0.3792092204093933,0.013177783228456974,-0.3660314381122589,0.10196041315793991,0.03104761801660061,-0.2718537747859955,0.010866666212677956,-0.2609871029853821,-0.061060287058353424,-0.08585979789495468,0.1037464290857315,-0.03005092963576317,0.07369549572467804,0.007667192257940769,0.004834839142858982,0.4145955443382263,0.0016921936767175794,0.41628775000572205,0.09285710752010345,0.07917909324169159,0.6172524094581604,0.027712682262063026,0.6449651122093201,0.17468395829200745,0.15102195739746094,0.6961058378219604,0.05285768583416939,0.7489635348320007
3.14,0.0,-0.075,0.0,-0.16853251783854128,0.04508935153609601,1.0106807553405417,-0.15250137448310852,0.2712479382753372,0.0,0.0,0.0,1.4219095706939697,0.07792346924543381,1.4528144598007202,0.00568404421210289,-0.015099040232598782,-0.3791210651397705,-0.00528466422110796,-0.3844057321548462,0.029853444546461105,0.015891924500465393,-0.37924742698669434,0.005562173668295145,-0.37368524074554443,0.000706750899553299,0.0024187120143324137,-0.379352867603302,0.0008465491700917482,-0.3785063326358795,0.0005353315500542521,-0.01104827132076025,-0.3790772259235382,-0.00386689486913383,-0.38294410705566406,0.08038786798715591,0.07301405817270279,-0.3793620765209198,0.025554919615387917,-0.35380715131759644,0.040843091905117035,0.03860849514603615,-0.3792344033718109,0.013512972742319107,-0.3657214343547821,0.06345227360725403,0.04076901450753212,-0.334431529045105,0.014269154518842697,-0.3201623857021332,-0.08193487673997879,-0.08468232303857803,0.048373229801654816,-0.029638811945915222,0.018734417855739594,0.04835747182369232,0.01789163053035736,0.38067036867141724,0.006262070499360561,0.3869324326515198,0.10255132615566254,0.08619076013565063,0.613501787185669,0.030166765674948692,0.643668532371521,0.18048617243766785,0.159861221909523,0.7234943509101868,0.055951427668333054,0.7794457674026489
3.16,0.0,-0.075,0.0,-0.15158821503087752,0.03781801945351125,0.8751847968262781,-0.1495734453201294,0.2756398320198059,0.0,0.0,0.0,1.4319056272506714,0.08116165548563004,1.4595764875411987,0.03762055188417435,0.0007168371230363846,-0.3791397213935852,0.00025089297560043633,-0.3788888156414032,0.047861434519290924,0.025482777506113052,-0.3792220950126648,0.008918971754610538,-0.37030312418937683,-0.022705992683768272,-0.005118699744343758,-0.3793700933456421,-0.001791544840671122,-0.381161630153656,-0.046001289039850235,-0.021534176543354988,-0.3790781497955322,-0.007536961697041988,-0.3866150975227356,0.09495725482702255,0.07959701865911484,-0.37934350967407227,0.027858955785632133,-0.3514845669269562,0.05372912809252739,0.04314468428492546,-0.3792596459388733,0.015100639313459396,-0.3641590178012848,0.11891444772481918,0.06421265006065369,-0.39625680446624756,0.02247442677617073,-0.37378236651420593,-0.07773008942604065,-0.08259665220975876,-0.010321686044335365,-0.028908828273415565,-0.03923051431775093,0.03194505721330643,0.02210765890777111,0.3402036428451538,0.007737680338323116,0.3479413092136383,0.05180080607533455,0.07587377727031708,0.6016722917556763,0.026555821299552917,0.6282281279563904,0.17719413340091705,0.1650611013174057,0.7433451414108276,0.057771384716033936,0.8011165261268616
3.18,0.0,-0.075,0.0,-0.11619934525956398,0.02961614482383324,0.6486910716017875,-0.15913932025432587,0.2612910196185112,0.0,0.0,0.0,1.4393666982650757,0.07995491474866867,1.4676707983016968,-0.03325001895427704,-0.009473219513893127,-0.37916073203086853,-0.0033156268764287233,-0.3824763596057892,0.06663887202739716,0.03782960772514343,-0.37919729948043823,0.013240362517535686,-0.3659569323062897,-0.03940246254205704,-0.015403828583657742,-0.37938421964645386,-0.005391339771449566,-0.3847755491733551,0.05238853394985199,0.0006426367908716202,-0.37908297777175903,0.00022492287098430097,-0.3788580596446991,0.06607955694198608,0.07554177939891815,-0.3793225586414337,0.026439622044563293,-0.35288292169570923,-0.0228097066283226,0.023358367383480072,-0.3792845606803894,0.00817542802542448,-0.37110912799835205,0.07826267927885056,0.0684276595711708,-0.4562836289405823,0.023949680849909782,-0.43233394622802734,-0.053863346576690674,-0.07397666573524475,-0.07134538888931274,-0.025891833007335663,-0.09723722189664841,0.01865437999367714,0.021071674302220345,0.29387998580932617,0.007375085726380348,0.30125507712364197,0.08591018617153168,0.07888469845056534,0.581964373588562,0.02760964445769787,0.609574019908905,0.16615530848503113,0.16538935899734497,0.7553222179412842,0.0578862763941288,0.8132085204124451
3.2,0.0,-0.075,0.0,-0.09536312612695529,0.014664976257824421,0.4840387954115799,-0.15804310142993927,0.2629353478550911,0.0,0.0,0.0,1.4447886943817139,0.07705643028020859,1.470668911933899,0.05447586625814438,0.009711507707834244,-0.37918370962142944,0.003399027744308114,-0.375784695148468,0.038280636072158813,0.037964917719364166,-0.3791734576225281,0.013287721201777458,-0.36588573455810547,0.00029508210718631744,-0.010694154538214207,-0.3793949484825134,-0.003742953995242715,-0.38313791155815125,-0.014044571667909622,-0.003763525979593396,-0.3790915608406067,-0.0013172341277822852,-0.38040879368782043,0.05069582909345627,0.06808799505233765,-0.37929967045783997,0.023830797523260117,-0.35546886920928955,0.036566898226737976,0.027320925146341324,-0.37930840253829956,0.009562323801219463,-0.3697460889816284,0.05743744969367981,0.06513059884309769,-0.5134965181350708,0.02279570885002613,-0.4907008111476898,-0.04782354086637497,-0.06613072752952576,-0.133665531873703,-0.023145753890275955,-0.15681128203868866,0.04040312021970749,0.026871107518672943,0.242482990026474,0.009404887445271015,0.25188788771629333,0.08490362763404846,0.08069037646055222,0.5547111630439758,0.028241630643606186,0.5829527974128723,0.14717602729797363,0.15992537140846252,0.7592231035232544,0.055973879992961884,0.8151969909667969
3.22,0.0,-0.075,0.0,-0.07199871299481422,-0.0024958107886034722,0.311394705566744,-0.16665661334991455,0.2500150799751282,0.0,0.0,0.0,1.4486494064331055,0.0699990838766098,1.4694771766662598,0.05488155037164688,0.023262521252036095,-0.379207968711853,0.008141882717609406,-0.3710660934448242,0.0064012398943305016,0.02849581465125084,-0.37915128469467163,0.009973535314202309,-0.36917775869369507,-0.010851547122001648,-0.010741372592747211,-0.3794019818305969,-0.0037594803143292665,-0.3831614553928375,0.06729549169540405,0.017554180696606636,-0.37910372018814087,0.00614396296441555,-0.37295976281166077,0.020138150081038475,0.05370303988456726,-0.379275381565094,0.01879606395959854,-0.36047932505607605,-0.008207309991121292,0.01666245423257351,-0.3793306052684784,0.005831859074532986,-0.37349873781204224,0.06838642805814743,0.06610734760761261,-0.5669277310371399,0.023137571290135384,-0.5437901616096497,-0.02831246331334114,-0.05478524789214134,-0.19622787833213806,-0.019174836575984955,-0.2154027223587036,0.04093562066555023,0.03109046071767807,0.1868821531534195,0.01088166143745184,0.1977638155221939,0.09426066279411316,0.08476146310567856,0.5203738212585449,0.029666511341929436,0.5500403046607971,0.09276747703552246,0.1397780030965805,0.7549817562103271,0.04892230033874512,0.8039040565490723
3.24,0.0,-0.075,0.0,-0.0465103513873858,-0.023240988579794248,0.12926462553496026,-0.11936585605144501,0.3209512159228325,0.0,0.0,0.0,1.451371431350708,0.06472668796777725,1.4688845872879028,0.09858576953411102,0.04585949704051018,-0.37923312187194824,0.016050823032855988,-0.36318230628967285,-0.022729696705937386,0.013128161430358887,-0.3791312575340271,0.004594856407493353,-0.374536395072937,0.008100833743810654,-0.005088710226118565,-0.37940531969070435,-0.001781048602424562,-0.3811863660812378,-0.024059411138296127,0.005070102401077747,-0.3791190981864929,0.001774535863660276,-0.37734454870224,0.031511299312114716,0.0470455177128315,-0.37925031781196594,0.01646593026816845,-0.36278438568115234,0.04619962349534035,0.025523606687784195,-0.3793507218360901,0.008933261968195438,-0.37041744589805603,0.023846447467803955,0.05342907831072807,-0.6156732439994812,0.01870017684996128,-0.5969730615615845,-0.04637262970209122,-0.052261464297771454,-0.2579740285873413,-0.01829151250422001,-0.27626553177833557,0.03507010266184807,0.03228435292840004,0.1280180960893631,0.011299523524940014,0.1393176168203354,0.07822543382644653,0.08280065655708313,0.47953325510025024,0.028980229049921036,0.5085135102272034,0.08917485922574997,0.12459705770015717,0.742669939994812,0.04360897094011307,0.7862789034843445
3.2600000000000002,0.0,-0.075,0.0,-0.02155250703638909,-0.04359081743561406,-0.054113958975932366,-0.13601815700531006,0.2959727644920349,0.0,0.0,0.0,1.453287124633789,0.06038753315806389,1.4593278169631958,0.10166261345148087,0.06260043382644653,-0.379258394241333,0.021910151466727257,-0.35734823346138,-0.004677511751651764,0.007786459289491177,-0.3791138529777527,0.0027252607978880405,-0.3763885796070099,0.018578272312879562,0.0020113845821470022,-0.3794046640396118,0.0007039845804683864,-0.3787006735801697,0.01801971346139908,0.008954985998570919,-0.37913745641708374,0.003134245052933693,-0.3760032057762146,0.03375958651304245,0.043059736490249634,-0.379224956035614,0.015070907771587372,-0.36415404081344604,-0.017061132937669754,0.01274818368256092,-0.37936824560165405,0.00446186400949955,-0.37490639090538025,0.11682633310556412,0.0724482536315918,-0.658908486366272,0.02535688877105713,-0.6335515975952148,-0.021952234208583832,-0.04316869378089905,-0.3178594708442688,-0.015109042637050152,-0.33296850323677063,0.046983543783426285,0.036694109439849854,0.06688658893108368,0.012842938303947449,0.07972952723503113,0.0496508963406086,0.07285572588443756,0.4328802824020386,0.025499504059553146,0.4583797752857208,0.041297100484371185,0.09960707277059555,0.7224958539009094,0.03486247360706329,0.7573583126068115
3.2800000000000002,0.0,-0.075,0.0,0.0041107983245854286,-0.0672879518225885,-0.2561556368785765,-0.1334303617477417,0.29985445737838745,0.0,0.0,0.0,1.4546116590499878,0.05751300975680351,1.4589802026748657,0.08227270096540451,0.06850211322307587,-0.3792833089828491,0.023975739255547523,-0.35530757904052734,0.01398098561912775,0.009644817560911179,-0.37909942865371704,0.0033756860066205263,-0.3757237493991852,0.035957470536231995,0.012195209972560406,-0.3794001638889313,0.004268323536962271,-0.37513184547424316,-0.022228317335247993,-0.00040000537410378456,-0.37915822863578796,-0.0001400018809363246,-0.37929823994636536,0.04563076049089432,0.04383104294538498,-0.3792000710964203,0.015340864658355713,-0.3638592064380646,-0.011747101321816444,0.005399597808718681,-0.3793827295303345,0.001889859209768474,-0.37749287486076355,0.03381318598985672,0.06085773557424545,-0.6959020495414734,0.02130020782351494,-0.6746018528938293,-0.05245354399085045,-0.0459541492164135,-0.3748711049556732,-0.01608395203948021,-0.3909550607204437,0.02171459048986435,0.03220025449991226,0.0045218029990792274,0.011270089074969292,0.015791893005371094,0.026463236659765244,0.058937981724739075,0.381204217672348,0.020628293976187706,0.4018325209617615,0.09741948544979095,0.09895079582929611,0.6948009729385376,0.03463277965784073,0.7294337749481201
3.3000000000000003,0.0,-0.075,0.0,0.02746457190087695,-0.08952893792305763,-0.4490023396704696,-0.11763215065002441,0.3235517740249634,0.0,0.0,0.0,1.455424427986145,0.058835532516241074,1.4469317197799683,0.11057809740304947,0.08112490922212601,-0.37930721044540405,0.028393717482686043,-0.35091349482536316,0.034216515719890594,0.017016327008605003,-0.3790884017944336,0.005955714266747236,-0.3731326758861542,0.023937009274959564,0.015717750415205956,-0.3793918490409851,0.005501212552189827,-0.37389063835144043,0.062244899570941925,0.018393466249108315,-0.3791809678077698,0.0064377132803201675,-0.37274324893951416,0.02678740583360195,0.038717951625585556,-0.37917613983154297,0.013551282696425915,-0.3656248450279236,-0.030940577387809753,-0.005502454936504364,-0.37939390540122986,-0.0019258592510595918,-0.3813197612762451,0.14893297851085663,0.08728031069040298,-0.7260280847549438,0.030548108741641045,-0.6954799890518188,-0.010578159242868423,-0.035341352224349976,-0.4280444383621216,-0.012369473464787006,-0.4404139220714569,0.014648697338998318,0.02693478763103485,-0.058021243661642075,0.009427175857126713,-0.048594068735837936,0.003820262849330902,0.04240266606211662,0.3253791928291321,0.014840932562947273,0.3402201235294342,0.06505507975816727,0.08878208696842194,0.6600536108016968,0.031073730438947678,0.691127359867096
3.3200000000000003,0.0,-0.075,0.0,0.052378266096967226,-0.11356953684986709,-0.6532554185037496,-0.13427375257015228,0.2985893711447716,0.0,0.0,0.0,1.4556626081466675,0.05102597549557686,1.4463900327682495,0.06161562353372574,0.07527212053537369,-0.37932953238487244,0.02634524181485176,-0.3529842793941498,-0.0146881602704525,0.007504980079829693,-0.37908101081848145,0.002626742934808135,-0.37645426392555237,-0.001792093738913536,0.010464796796441078,-0.3793799877166748,0.0036626788787543774,-0.37571731209754944,-0.00011280190665274858,0.012841586023569107,-0.3792051672935486,0.004494554828852415,-0.3747106194496155,0.06300340592861176,0.046003587543964386,-0.3791537582874298,0.016101256012916565,-0.36305248737335205,-0.025414559990167618,-0.01147608645260334,-0.37940141558647156,-0.0040166303515434265,-0.3834180533885956,0.03958931565284729,0.07297301292419434,-0.7487770318984985,0.025540554895997047,-0.7232365012168884,-0.029237039387226105,-0.033510059118270874,-0.4764799475669861,-0.011728520505130291,-0.48820847272872925,0.004778968170285225,0.020288042724132538,-0.11968450248241425,0.007100814953446388,-0.112583689391613,0.03843655437231064,0.04121283069252968,0.26634958386421204,0.014424490742385387,0.2807740867137909,0.015241248533129692,0.06671983748674393,0.6188416481018066,0.023351943120360374,0.642193615436554
3.34,0.0,-0.075,0.0,0.06120089445007026,-0.1205144956718306,-0.7370081736101992,-0.09788812696933746,0.3531678095459938,0.0,0.0,0.0,1.4551252126693726,0.05721934512257576,1.43633234500885,0.12332364916801453,0.08968757838010788,-0.3793497681617737,0.03139065206050873,-0.34795910120010376,0.020916128531098366,0.011528324335813522,-0.3790774345397949,0.00403491361066699,-0.37504252791404724,0.03367087244987488,0.017426621168851852,-0.37936484813690186,0.006099317222833633,-0.3732655346393585,0.08603495359420776,0.03479959815740585,-0.37923020124435425,0.012179858982563019,-0.3670503497123718,0.027875801548361778,0.04056525230407715,-0.379133403301239,0.014197838492691517,-0.36493557691574097,-0.041291989386081696,-0.020420856773853302,-0.37940514087677,-0.007147299591451883,-0.38655245304107666,0.14418363571166992,0.09433619678020477,-0.7637639045715332,0.03301766887307167,-0.7307462096214294,-0.054097093641757965,-0.039686169475317,-0.5193583369255066,-0.01389015931636095,-0.5332484841346741,0.019483812153339386,0.020046774297952652,-0.17942483723163605,0.007016371004283428,-0.17240846157073975,0.0010232217609882355,0.029155947268009186,0.20511406660079956,0.010204581543803215,0.21531865000724792,0.03425317257642746,0.056979838758707047,0.5718622803688049,0.01994294300675392,0.5918052196502686
3.36,0.0,-0.075,0.0,0.08560149723509988,-0.1416411413746443,-0.9359751072733,-0.09513067454099655,0.3573039881885052,0.0,0.0,0.0,1.4534891843795776,0.05025734007358551,1.437554955482483,0.06684310734272003,0.08283423632383347,-0.3793674409389496,0.028991982340812683,-0.3503754734992981,-0.006032343488186598,0.006260124035179615,-0.3790777623653412,0.002191043458878994,-0.3768867254257202,-0.012789016589522362,0.008361929096281528,-0.37934672832489014,0.0029266751371324062,-0.3764200508594513,0.035297803580760956,0.034949060529470444,-0.3792555332183838,0.01223217137157917,-0.3670233488082886,0.02845444343984127,0.03693201020359993,-0.37911567091941833,0.012926203198730946,-0.36618947982788086,-0.05009160563349724,-0.029322080314159393,-0.3794049620628357,-0.010262727737426758,-0.38966768980026245,0.04129771888256073,0.07842465490102768,-0.7707353830337524,0.0274486280977726,-0.7432867288589478,-0.04883158951997757,-0.04242979735136032,-0.555954098701477,-0.014850429259240627,-0.5708045363426208,-0.0056734634563326836,0.012330702506005764,-0.23623162508010864,0.004315746016800404,-0.23191587626934052,0.016725465655326843,0.025426803156733513,0.14270849525928497,0.008899381384253502,0.15160787105560303,-0.005862534046173096,0.038127124309539795,0.5199103355407715,0.013344493694603443,0.5332548022270203
3.38,0.0,-0.075,0.0,0.10510003454602904,-0.1567916015697799,-1.1088412250812485,-0.09569449722766876,0.35645825415849686,0.0,0.0,0.0,1.4503345489501953,0.0533665232360363,1.4327261447906494,0.12387552857398987,0.09514662623405457,-0.37938210368156433,0.03330131992697716,-0.3460807800292969,-0.013594268821179867,0.00030380627140402794,-0.3790819048881531,0.00010633219062583521,-0.3789755702018738,0.04601263254880905,0.019657140597701073,-0.3793261647224426,0.006879999302327633,-0.3724461793899536,-0.006072390824556351,0.022642625495791435,-0.3792805075645447,0.00792491901665926,-0.3713555932044983,0.05007705092430115,0.040875524282455444,-0.3791009187698364,0.014306433498859406,-0.3647944927215576,0.018381327390670776,-0.015011057257652283,-0.3794008791446686,-0.005253870040178299,-0.3846547603607178,0.08232217282056808,0.07959391176700592,-0.7695733308792114,0.027857868000864983,-0.7417154908180237,-0.09492245316505432,-0.05817759782075882,-0.5856482982635498,-0.020362159237265587,-0.6060104370117188,0.011436620727181435,0.012062478810548782,-0.2891438603401184,0.0042218673042953014,-0.2849220037460327,0.022494085133075714,0.024546988308429718,0.08018860965967178,0.008591446094214916,0.08878005295991898,0.012841380201280117,0.030541401356458664,0.4638645350933075,0.010689490474760532,0.47455403208732605
3.4,0.0,-0.075,0.0,0.11715208462771577,-0.1675358547750803,-1.2306362468963739,-0.0918324664235115,0.36225130036473274,0.0,0.0,0.0,1.4451769590377808,0.0499352291226387,1.426648736000061,0.07227562367916107,0.08828532695770264,-0.37939339876174927,0.030899863690137863,-0.3484935462474823,-0.0046314368955791,-0.0011767667019739747,-0.37908992171287537,-0.00041186832822859287,-0.3795017898082733,-0.03143078088760376,0.004330763593316078,-0.37930357456207275,0.0015157671878114343,-0.3777877986431122,0.054500166326761246,0.03219988942146301,-0.37930452823638916,0.01126996148377657,-0.36803457140922546,0.025038955733180046,0.03612455353140831,-0.3790895342826843,0.012643593363463879,-0.366445928812027,-0.05889195576310158,-0.02817532792687416,-0.3793930113315582,-0.009861364960670471,-0.3892543911933899,0.07299792021512985,0.07761511206626892,-0.7602975368499756,0.027165288105607033,-0.7331322431564331,-0.02423235774040222,-0.04799402505159378,-0.6079384684562683,-0.016797907650470734,-0.6247363686561584,-0.02769620344042778,0.00013487320393323898,-0.3372664153575897,4.720561992144212e-05,-0.3372192084789276,0.05210069939494133,0.03281310200691223,0.01861204206943512,0.011484585702419281,0.0300966277718544,-0.07454699277877808,-0.0009851176291704178,0.4046730399131775,-0.00034479115856811404,0.40432825684547424
3.42,0.0,-0.075,0.0,0.12507192286869856,-0.17976080383449788,-1.3459734141958144,-0.09100384265184402,0.36349423602223396,0.0,0.0,0.0,1.4375052452087402,0.048582155257463455,1.419979214668274,0.061034515500068665,0.0801100805401802,-0.3794010877609253,0.028038527816534042,-0.35136255621910095,0.0013108253479003906,-0.00043048904626630247,-0.3791015148162842,-0.00015067117055878043,-0.37925219535827637,0.014543421566486359,0.0073945606127381325,-0.3792794644832611,0.00258809607475996,-0.37669137120246887,-0.026987899094820023,0.014443553052842617,-0.37932705879211426,0.005055243615061045,-0.37427181005477905,0.06886334717273712,0.04594619199633598,-0.37908169627189636,0.01608116738498211,-0.3630005419254303,0.02322762832045555,-0.012754441238939762,-0.37938153743743896,-0.0044640544801950455,-0.38384559750556946,0.07343517243862152,0.07636112719774246,-0.7430647611618042,0.02672639489173889,-0.7163383960723877,-0.09092219918966293,-0.06087247654795647,-0.6224475502967834,-0.021305367350578308,-0.643752932548523,-0.015679191797971725,-0.004609346389770508,-0.3797852396965027,-0.001613271189853549,-0.3813984990119934,-0.00464235246181488,0.021576466038823128,-0.04097951948642731,0.007551763206720352,-0.033427756279706955,-0.05437248945236206,-0.017001330852508545,0.3433372974395752,-0.005950465798377991,0.3373868465423584
3.44,0.0,-0.075,0.0,0.1289098312401283,-0.18883165006548655,-1.4290331427966487,-0.09819307178258896,0.35271039232611656,0.0,0.0,0.0,1.426819920539856,0.04962886869907379,1.4105119705200195,0.08989419043064117,0.08304531127214432,-0.37940502166748047,0.02906585857272148,-0.3503391742706299,0.027673816308379173,0.008000803180038929,-0.37911638617515564,0.002800281159579754,-0.376316100358963,-0.024424349889159203,-0.0021511130034923553,-0.37925446033477783,-0.0007528895512223244,-0.3800073564052582,0.11609140038490295,0.04493790864944458,-0.3793475925922394,0.015728266909718513,-0.363619327545166,0.0014257915318012238,0.032590072602033615,-0.37907761335372925,0.011406525038182735,-0.36767110228538513,-0.03741554543375969,-0.020152773708105087,-0.3793667256832123,-0.007053470704704523,-0.38642019033432007,0.05517726019024849,0.07000596821308136,-0.718166708946228,0.024502089247107506,-0.6936646103858948,-0.05602321773767471,-0.05941770225763321,-0.6289302110671997,-0.020796194672584534,-0.649726390838623,-0.045415692031383514,-0.01685125008225441,-0.4159810245037079,-0.0058979373425245285,-0.42187896370887756,0.02102082222700119,0.021409772336483,-0.09757795929908752,0.007493420038372278,-0.09008453786373138,-0.03334895521402359,-0.021905619651079178,0.28089478611946106,-0.007666966877877712,0.2732278108596802
3.46,0.0,-0.075,0.0,0.12998551095152844,-0.19974112653240275,-1.5008860329987073,-0.09952344000339508,0.3507148399949074,0.0,0.0,0.0,1.4126719236373901,0.05328388512134552,1.3968440294265747,0.05833946168422699,0.07563355565071106,-0.37940502166748047,0.02647174336016178,-0.35293328762054443,0.024944020435214043,0.013083769008517265,-0.37913426756858826,0.004579319152981043,-0.37455496191978455,-0.036659665405750275,-0.012503678910434246,-0.3792291283607483,-0.004376287572085857,-0.383605420589447,0.11386484652757645,0.06561598926782608,-0.37936556339263916,0.02296559512615204,-0.3563999533653259,0.01517137698829174,0.027364462614059448,-0.3790774941444397,0.009577562101185322,-0.36949992179870605,-0.07459736615419388,-0.036486152559518814,-0.3793489933013916,-0.0127701535820961,-0.3921191394329071,0.07813434302806854,0.07244448363780975,-0.68602454662323,0.025355568155646324,-0.6606689691543579,-0.041274942457675934,-0.05397487431764603,-0.627276599407196,-0.01889120601117611,-0.6461678147315979,-0.039372220635414124,-0.023607540875673294,-0.44524145126342773,-0.008262638933956623,-0.4535040855407715,0.04099457710981369,0.027285214513540268,-0.15022581815719604,0.009549824520945549,-0.14067599177360535,-0.06815111637115479,-0.03577926754951477,0.21840190887451172,-0.012522743083536625,0.20587916672229767
3.48,0.0,-0.075,0.0,0.13037023830747668,-0.20783980823918627,-1.547134935601237,-0.09617142379283905,0.3557428643107414,0.0,0.0,0.0,1.394699215888977,0.05311523377895355,1.3850173950195312,0.04347003996372223,0.06598450243473053,-0.37940114736557007,0.023094575852155685,-0.3563065826892853,0.020644856616854668,0.015352095477283001,-0.37915465235710144,0.005373233463615179,-0.3737814128398895,-0.006065366789698601,-0.01057218573987484,-0.3792041540145874,-0.003700264962390065,-0.38290441036224365,0.10190736502408981,0.07650340348482132,-0.37938058376312256,0.026776190847158432,-0.35260438919067383,0.01703510247170925,0.024265654385089874,-0.37908124923706055,0.008492979221045971,-0.3705882728099823,-0.04527014493942261,-0.0391213521361351,-0.3793286383152008,-0.01369247306138277,-0.3930211067199707,0.04207973554730415,0.06333506107330322,-0.6471818685531616,0.022167271003127098,-0.62501460313797,-0.08900544792413712,-0.06448404490947723,-0.6175148487091064,-0.02256941609084606,-0.6400842666625977,-0.04649214819073677,-0.030472923070192337,-0.467071533203125,-0.010665522888302803,-0.47773706912994385,-0.0679074227809906,-0.0012725777924060822,-0.1980324536561966,-0.00044540222734212875,-0.1984778493642807,-0.03470543771982193,-0.03545711934566498,0.1569158285856247,-0.012409991584718227,0.1445058435201645
3.5,0.0,-0.075,0.0,0.13001988888763996,-0.21351070258359492,-1.5575224812893342,-0.08428361266851425,0.3735745809972286,0.0,0.0,0.0,1.3726602792739868,0.05427012965083122,1.3681219816207886,0.04496219754219055,0.05967780947685242,-0.3793935179710388,0.020887233316898346,-0.35850629210472107,0.028136754408478737,0.01918749324977398,-0.37917715311050415,0.00671562273055315,-0.3724615275859833,-0.04475948214530945,-0.020828375592827797,-0.37918001413345337,-0.0072899311780929565,-0.3864699602127075,0.11848369240760803,0.08909749239683151,-0.3793922960758209,0.031184121966362,-0.3482081890106201,-0.01504349522292614,0.0124729098752141,-0.379088819026947,0.004365518223494291,-0.37472331523895264,-0.06171099841594696,-0.04589824378490448,-0.37930625677108765,-0.016064384952187538,-0.39537063241004944,0.03862655535340309,0.055922508239746094,-0.602295994758606,0.019572878256440163,-0.5827231407165527,-0.049132417887449265,-0.05987855792045593,-0.599810004234314,-0.020957494154572487,-0.6207674741744995,-0.06508464366197586,-0.040856439620256424,-0.481101930141449,-0.014299754053354263,-0.49540168046951294,-0.029742227867245674,-0.00981347355991602,-0.2401891052722931,-0.0034347157925367355,-0.24362382292747498,-0.022702453657984734,-0.03163072094321251,0.09747672080993652,-0.011070752516388893,0.08640597015619278
3.52,0.0,-0.075,0.0,0.12866291353077808,-0.22134550995498903,-1.5670587135677998,-0.07050380110740662,0.3942442983388901,0.0,0.0,0.0,1.34646475315094,0.05388031527400017,1.34769606590271,0.035373590886592865,0.05238654464483261,-0.3793821930885315,0.018335290253162384,-0.3610469102859497,0.03938085585832596,0.025245502591133118,-0.37920111417770386,0.008835925720632076,-0.3703652024269104,-0.021154550835490227,-0.020926227793097496,-0.37915730476379395,-0.007324179634451866,-0.38648149371147156,0.061002034693956375,0.0806688517332077,-0.37940043210983276,0.028234098106622696,-0.35116633772850037,-0.01827572099864483,0.003248319961130619,-0.37909996509552,0.0011369119165465236,-0.3779630661010742,-0.04454967752099037,-0.04549367353320122,-0.37928229570388794,-0.01592278480529785,-0.3952050805091858,0.04116208851337433,0.051494382321834564,-0.5521260499954224,0.018023032695055008,-0.5341030359268188,-0.08903331309556961,-0.06862498074769974,-0.5744616389274597,-0.02401874214410782,-0.5984804034233093,-0.05149226263165474,-0.04404718801379204,-0.48709532618522644,-0.015416515991091728,-0.5025118589401245,-0.047803863883018494,-0.02121059224009514,-0.2759826183319092,-0.0074237072840332985,-0.2834063172340393,-0.05701705068349838,-0.03924661874771118,0.04109010100364685,-0.013736316002905369,0.027353785932064056
3.54,0.0,-0.075,0.0,0.1252822614905363,-0.22988857884446237,-1.551568283503304,-0.04172369837760925,0.4374144524335861,0.0,0.0,0.0,1.3161996603012085,0.04501325264573097,1.324856162071228,0.06061357259750366,0.054854653775691986,-0.3793675899505615,0.019199129194021225,-0.36016845703125,0.009259538725018501,0.020449712872505188,-0.37922602891921997,0.007157399319112301,-0.3720686435699463,-0.05054313689470291,-0.029811300337314606,-0.3791366219520569,-0.010433955118060112,-0.38957056403160095,-0.047019146382808685,0.04236245155334473,-0.37940478324890137,0.01482685748487711,-0.36457791924476624,-0.049057282507419586,-0.0124433608725667,-0.3791145086288452,-0.004355176351964474,-0.38346967101097107,0.009063760749995708,-0.029126441106200218,-0.37925732135772705,-0.010194254107773304,-0.3894515633583069,0.0017861844971776009,0.03658192232251167,-0.49752092361450195,0.012803672812879086,-0.4847172498703003,-0.027905412018299103,-0.05640910938382149,-0.5418985486030579,-0.019743187353014946,-0.5616417527198792,-0.09771569073200226,-0.060147739946842194,-0.48495030403137207,-0.021051708608865738,-0.5060020089149475,-0.01009911298751831,-0.01787714846432209,-0.30480754375457764,-0.006257001776248217,-0.31106454133987427,-0.012191446498036385,-0.031130066141486168,-0.01129013579338789,-0.010895523242652416,-0.022185659036040306
3.56,0.0,-0.075,0.0,0.12043613421432653,-0.23557191580976544,-1.5017648489473876,-0.0803801491856575,0.37942977622151375,0.0,0.0,0.0,1.2821539640426636,0.04695742204785347,1.2944600582122803,0.07160278409719467,0.05987909436225891,-0.3793499171733856,0.02095768228173256,-0.35839223861694336,0.022195233032107353,0.020973369479179382,-0.3792513906955719,0.007340679410845041,-0.3719107210636139,-0.06497975438833237,-0.040361836552619934,-0.3791183829307556,-0.014126642607152462,-0.39324501156806946,0.04616853594779968,0.043504275381565094,-0.3794052004814148,0.015226496383547783,-0.36417871713638306,-0.0622917115688324,-0.027397867292165756,-0.37913209199905396,-0.00958925299346447,-0.3887213468551636,-0.032208122313022614,-0.030050944536924362,-0.3792320489883423,-0.010517830029129982,-0.3897498846054077,-0.00977946724742651,0.022673506289720535,-0.43940430879592896,0.007935727015137672,-0.43146857619285583,-0.01358209177851677,-0.04356100410223007,-0.5026715397834778,-0.01524635124951601,-0.5179178714752197,-0.11408089846372604,-0.07632768899202347,-0.47470325231552124,-0.026714690029621124,-0.5014179348945618,0.013415317982435226,-0.00848940759897232,-0.32617613673210144,-0.002971292706206441,-0.32914742827415466,-0.0011172518134117126,-0.022126222029328346,-0.05877787619829178,-0.007744177710264921,-0.06652205437421799
3.58,0.0,-0.075,0.0,0.11568563817528608,-0.23822786969262136,-1.4341270307737821,-0.08823517709970474,0.3676472343504429,0.0,0.0,0.0,1.2448376417160034,0.05137094110250473,1.2593377828598022,0.08365088701248169,0.06701063364744186,-0.37932971119880676,0.023453721776604652,-0.35587599873542786,0.021899059414863586,0.021251076832413673,-0.37927642464637756,0.007437876891344786,-0.3718385398387909,-0.07186778634786606,-0.04981362074613571,-0.3791031539440155,-0.01743476651608944,-0.3965379297733307,0.059031181037425995,0.048162348568439484,-0.3794017732143402,0.01685682125389576,-0.3625449538230896,-0.06303749978542328,-0.03808975592255592,-0.37915217876434326,-0.013331414200365543,-0.39248359203338623,-0.050312429666519165,-0.036129388958215714,-0.37920695543289185,-0.012645285576581955,-0.3918522298336029,-0.019931722432374954,0.009891936555504799,-0.3787592947483063,0.003462177701294422,-0.3752971291542053,-0.015921084210276604,-0.035269029438495636,-0.45744431018829346,-0.012344160117208958,-0.46978846192359924,-0.10533474385738373,-0.08502980321645737,-0.4565274119377136,-0.02976043149828911,-0.48628783226013184,0.025258023291826248,0.0016348217613995075,-0.3397269546985626,0.0005721875932067633,-0.33915477991104126,-0.020555779337882996,-0.021655090153217316,-0.10056978464126587,-0.007579281460493803,-0.10814906656742096
3.6,0.0,-0.075,0.0,0.10810599479068268,-0.24060912515691538,-1.344376368983576,-0.06682398915290833,0.3997640162706375,0.0,0.0,0.0,1.2049983739852905,0.05467977747321129,1.2209227085113525,0.09345689415931702,0.07494451105594635,-0.3793073892593384,0.026230579242110252,-0.3530768156051636,0.03082866407930851,0.024124354124069214,-0.37930065393447876,0.00844352412968874,-0.3708571195602417,-0.04325288534164429,-0.047845400869846344,-0.37909114360809326,-0.01674588955938816,-0.39583703875541687,0.04015165567398071,0.04575914144515991,-0.37939453125,0.01601569913327694,-0.3633788228034973,-0.07832535356283188,-0.05016043782234192,-0.37917447090148926,-0.01755615323781967,-0.3967306315898895,-0.04279225692152977,-0.03812824934720993,-0.37918269634246826,-0.013344886712729931,-0.39252758026123047,-0.03896061331033707,-0.004763828590512276,-0.3166118860244751,-0.0016673399368301034,-0.3182792365550995,-0.032574549317359924,-0.03446068614721298,-0.406981885433197,-0.012061240151524544,-0.4190431237220764,-0.10593217611312866,-0.09130051732063293,-0.4307302236557007,-0.03195517882704735,-0.46268540620803833,0.02275930345058441,0.007972165942192078,-0.3452308177947998,0.0027902580332010984,-0.34244054555892944,-0.0017544766888022423,-0.015684906393289566,-0.13595885038375854,-0.005489717237651348,-0.14144857227802277
3.62,0.0,-0.075,0.0,0.09659777474169078,-0.23969850439383536,-1.231512207109888,-0.014374667778611183,0.4784379983320832,0.0,0.0,0.0,1.1636321544647217,0.05329262092709541,1.1825332641601562,0.06754087656736374,0.07272341847419739,-0.37928348779678345,0.025453196838498116,-0.3538302779197693,0.01937333680689335,0.02269905060529709,-0.37932348251342773,0.007944667711853981,-0.3713788092136383,-0.0006626639515161514,-0.03369057923555374,-0.37908273935317993,-0.01179170235991478,-0.390874445438385,-0.03721219673752785,0.020867738872766495,-0.3793836832046509,0.007303708698600531,-0.3720799684524536,-0.10161156207323074,-0.06559577584266663,-0.3791983127593994,-0.02295852079987526,-0.4021568298339844,-0.01374144945293665,-0.030812207609415054,-0.3791598081588745,-0.010784272104501724,-0.38994407653808594,-0.05160663276910782,-0.018816670402884483,-0.2540133595466614,-0.006585834547877312,-0.26059919595718384,-0.037105198949575424,-0.035254038870334625,-0.3521379828453064,-0.012338913045823574,-0.36447688937187195,-0.10191933065652847,-0.09448616206645966,-0.3977482318878174,-0.0330701544880867,-0.4308183789253235,-0.005172347649931908,0.00402881158515811,-0.3425945043563843,0.0014100840780884027,-0.3411844074726105,0.02282107248902321,-0.004133112262934446,-0.16434642672538757,-0.0014465892454609275,-0.1657930165529251
3.64,0.0,-0.075,0.0,0.08238020496721729,-0.23624330180010578,-1.0976197982222633,0.010839773342013359,0.51625966001302,0.011381762009114026,0.0,0.011381762009114026,1.121983528137207,0.05687610059976578,1.145341396331787,0.032227277755737305,0.06057457625865936,-0.3792586326599121,0.021201102063059807,-0.35805752873420715,0.0502442792057991,0.030962619930505753,-0.3793443739414215,0.010836916975677013,-0.368507444858551,0.04471050202846527,-0.010170253925025463,-0.3790780305862427,-0.003559588920325041,-0.382637619972229,-0.02928098849952221,0.005823120474815369,-0.3793694078922272,0.0020380921196192503,-0.37733131647109985,-0.13341452181339264,-0.08594140410423279,-0.37922316789627075,-0.030079491436481476,-0.40930265188217163,-0.05811205506324768,-0.03900216147303581,-0.37913888692855835,-0.01365075632929802,-0.3927896320819855,-0.06962785124778748,-0.034060023725032806,-0.19202278554439545,-0.011921008117496967,-0.20394378900527954,-0.08382143825292587,-0.04982426017522812,-0.2938404083251953,-0.017438489943742752,-0.31127890944480896,-0.09188790619373322,-0.09370668232440948,-0.3581393361091614,-0.03279733657836914,-0.3909366726875305,-0.0520145557820797,-0.01278419978916645,-0.3318627178668976,-0.004474469926208258,-0.3363371789455414,0.050189532339572906,0.012163681909441948,-0.18525224924087524,0.004257288761436939,-0.18099495768547058
3.66,0.0,-0.075,0.0,0.06466590080698613,-0.23233028127576136,-0.9604013887910691,0.03204919397830963,0.5480737909674644,0.03365165367722511,0.0,0.03365165367722511,1.0815305709838867,0.06877128034830093,1.1073840856552124,0.04770001769065857,0.056712210178375244,-0.37923333048820496,0.019849272444844246,-0.35938405990600586,0.05629777908325195,0.03856316953897476,-0.3793627917766571,0.013497109524905682,-0.36586567759513855,0.035213686525821686,0.003444928675889969,-0.3790772557258606,0.0012057250132784247,-0.3778715431690216,0.0672587901353836,0.02425382286310196,-0.37935206294059753,0.008488837629556656,-0.3708632290363312,-0.16298851370811462,-0.1090555340051651,-0.3792484998703003,-0.038169436156749725,-0.4174179434776306,-0.10870858281850815,-0.05991408973932266,-0.3791203498840332,-0.020969931036233902,-0.4000902771949768,-0.07593394815921783,-0.046622201800346375,-0.13168880343437195,-0.01631776988506317,-0.14800657331943512,-0.15236404538154602,-0.08058619499206543,-0.2330753356218338,-0.02820516750216484,-0.26128050684928894,-0.042750805616378784,-0.07841991633176804,-0.31257352232933044,-0.027446970343589783,-0.34002047777175903,-0.11640016734600067,-0.04386899247765541,-0.3132169544696808,-0.015354147180914879,-0.3285711109638214,0.0811537504196167,0.03286070376634598,-0.19832266867160797,0.011501246131956577,-0.18682141602039337
3.68,0.0,-0.075,0.0,0.04393897121563015,-0.225551812130918,-0.8030082396432313,0.04443048685789108,0.5666457302868366,0.04665201120078563,0.0,0.04665201120078563,1.0439432859420776,0.08049751818180084,1.067644715309143,0.07821357250213623,0.06316261738538742,-0.37920820713043213,0.022106915712356567,-0.35710129141807556,0.05632976442575455,0.043893150985240936,-0.3793783187866211,0.015362602658569813,-0.36401572823524475,0.08126381039619446,0.026790592819452286,-0.3790804147720337,0.0093767074868083,-0.3697037100791931,0.025826051831245422,0.02472549118101597,-0.37933212518692017,0.008653922006487846,-0.37067821621894836,-0.13397644460201263,-0.11653180420398712,-0.37927359342575073,-0.04078613221645355,-0.4200597405433655,-0.10413368046283722,-0.07317996770143509,-0.37910473346710205,-0.02561298757791519,-0.40471771359443665,-0.08530773222446442,-0.05822785943746567,-0.07403205335140228,-0.020379750058054924,-0.09441180527210236,-0.1965508759021759,-0.11537560075521469,-0.17087072134017944,-0.04038146138191223,-0.21125218272209167,-0.01117316260933876,-0.05824588984251022,-0.2618217468261719,-0.02038606069982052,-0.28220781683921814,-0.12836474180221558,-0.06921771913766861,-0.28697264194488525,-0.024226201698184013,-0.3111988306045532,0.06595394015312195,0.04278867691755295,-0.20333659648895264,0.014976036734879017,-0.1883605569601059
3.7,0.0,-0.075,0.0,0.020940432487440427,-0.21660155943310197,-0.6340822636540834,0.024563664570450783,0.5368454968556762,0.02579184779897332,0.0,0.02579184779897332,1.0110045671463013,0.07888369262218475,1.0303975343704224,0.08784272521734238,0.07056665420532227,-0.37918388843536377,0.024698328226804733,-0.35448557138442993,-0.009837637655436993,0.027773912996053696,-0.3793905973434448,0.009720869362354279,-0.36966973543167114,0.08557150512933731,0.044424869120121,-0.37908732891082764,0.01554870419204235,-0.36353862285614014,-0.07034628838300705,-0.003796042874455452,-0.3793100416660309,-0.0013286150060594082,-0.38063865900039673,-0.07360407710075378,-0.10365349054336548,-0.37929797172546387,-0.03627872094511986,-0.415576696395874,-0.06973475962877274,-0.07214640080928802,-0.37909233570098877,-0.02525123953819275,-0.4043435752391815,-0.05043821036815643,-0.05589096248149872,-0.020027942955493927,-0.01956183649599552,-0.0395897775888443,-0.12386705726385117,-0.11792303621768951,-0.10827891528606415,-0.04127306118607521,-0.14955197274684906,-0.006348598748445511,-0.04267670214176178,-0.20674248039722443,-0.014936845749616623,-0.22167932987213135,-0.10151940584182739,-0.07890822738409042,-0.25357377529144287,-0.02761787921190262,-0.2811916470527649,0.050396986305713654,0.04507116973400116,-0.20020917057991028,0.015774909406900406,-0.18443426489830017
3.72,0.0,-0.075,0.0,-0.002152854665126549,-0.20534592184372458,-0.4603262517898384,0.014015570282936096,0.5210233554244041,0.0147163487970829,0.0,0.0147163487970829,0.9844812750816345,0.0792861357331276,0.9957432150840759,0.11272682249546051,0.08321470022201538,-0.37916091084480286,0.029125144705176353,-0.35003575682640076,-0.011312490329146385,0.016047991812229156,-0.3793993592262268,0.005616797134280205,-0.37378257513046265,0.10531862080097198,0.06269299983978271,-0.37909793853759766,0.02194255031645298,-0.35715538263320923,-0.07336495071649551,-0.024666715413331985,-0.3792862892150879,-0.008633350022137165,-0.3879196345806122,-0.03912382200360298,-0.08429458737373352,-0.37932097911834717,-0.029503105208277702,-0.40882408618927,-0.06907011568546295,-0.07122351229190826,-0.3790834844112396,-0.024928228929638863,-0.40401172637939453,-0.05350496619939804,-0.055175162851810455,0.029409948736429214,-0.01931130699813366,0.010098641738295555,-0.12295696884393692,-0.1194332093000412,-0.04635874927043915,-0.04180162400007248,-0.08816037327051163,0.020229410380125046,-0.023804867640137672,-0.14826753735542297,-0.008331703953444958,-0.1565992385149002,-0.09584207832813263,-0.08398838341236115,-0.21358534693717957,-0.0293959341943264,-0.24298128485679626,0.06109699606895447,0.04987891763448715,-0.18899333477020264,0.017457621172070503,-0.17153571546077728
3.74,0.0,-0.075,0.0,-0.02677553871946772,-0.19177592372494068,-0.2839961361452061,0.00617070309817791,0.5092560546472669,0.006479238253086805,0.0,0.006479238253086805,0.9659500122070312,0.0772661492228508,0.9694581627845764,0.12068571150302887,0.09445600211620331,-0.37913984060287476,0.03305960074067116,-0.3460802435874939,-0.03470485657453537,0.0008221371099352837,-0.37940430641174316,0.000287747971015051,-0.37911656498908997,0.09647534042596817,0.07282770425081253,-0.3791119158267975,0.025489695370197296,-0.3536222279071808,-0.06368978321552277,-0.03637363761663437,-0.37926149368286133,-0.012730772607028484,-0.3919922709465027,-0.014966834336519241,-0.06349626183509827,-0.37934207916259766,-0.022223690524697304,-0.4015657603740692,-0.0632813572883606,-0.0688408613204956,-0.37907838821411133,-0.024094300344586372,-0.40317270159721375,-0.032918065786361694,-0.04849803447723389,0.07344529032707214,-0.0169743113219738,0.05647097900509834,-0.1077171117067337,-0.11591838300228119,0.013842269778251648,-0.0405714325606823,-0.02672916278243065,0.034700099378824234,-0.0062533775344491005,-0.0873861163854599,-0.0021886820904910564,-0.08957479894161224,-0.0712418407201767,-0.08016441762447357,-0.16768385469913483,-0.02805754542350769,-0.19574140012264252,0.0385434553027153,0.0464782789349556,-0.16987882554531097,0.01626739650964737,-0.153611421585083
3.7600000000000002,0.0,-0.075,0.0,-0.04992532755703285,-0.17465365070612762,-0.10845276467016489,0.023385806009173393,0.5350787090137601,0.02455509630963206,0.0,0.02455509630963206,0.9565953612327576,0.07708731293678284,0.9546862840652466,0.11179079860448837,0.09965644776821136,-0.37912121415138245,0.03487975522875786,-0.3442414700984955,-0.0193861685693264,-0.005240354686975479,-0.3794054388999939,-0.001834124093875289,-0.38123956322669983,0.06443863362073898,0.07031098008155823,-0.37912899255752563,0.02460884302854538,-0.35452014207839966,-0.0435238815844059,-0.03851871192455292,-0.3792361915111542,-0.013481548987329006,-0.39271774888038635,-0.014577130787074566,-0.04882052168250084,-0.3793608248233795,-0.01708718203008175,-0.396448016166687,-0.06584654003381729,-0.0679425597190857,-0.37907713651657104,-0.023779895156621933,-0.4028570353984833,-0.026571139693260193,-0.04191996529698372,0.11133313179016113,-0.014671987853944302,0.09666114300489426,-0.11917047202587128,-0.11689400672912598,0.07130572199821472,-0.04091290012001991,0.03039282187819481,0.055574558675289154,0.012295004911720753,-0.025128168985247612,0.00430325185880065,-0.020824916660785675,-0.09778718650341034,-0.08545124530792236,-0.11664578318595886,-0.029907936230301857,-0.14655372500419617,0.04964432865381241,0.04742809385061264,-0.1431889832019806,0.016599832102656364,-0.12658914923667908
3.7800000000000002,0.0,-0.075,0.0,-0.07534072606054523,-0.15468809012919923,0.07772263716168955,0.03955937176942825,0.5593390576541424,0.04153734035789966,0.0,0.04153734035789966,0.9570291638374329,0.07911185175180435,0.9490317702293396,0.09857764095067978,0.09933280199766159,-0.37910544872283936,0.03476648032665253,-0.34433895349502563,-0.003259082790464163,-0.004645972978323698,-0.37940263748168945,-0.0016260904958471656,-0.3810287415981293,0.06555958837270737,0.06888556480407715,-0.3791487514972687,0.024109946563839912,-0.3550387918949127,-0.014292087405920029,-0.0312507227063179,-0.3792110085487366,-0.01093775313347578,-0.39014875888824463,-0.01696041226387024,-0.03926248848438263,-0.37937670946121216,-0.013741870410740376,-0.39311859011650085,-0.06071886420249939,-0.06577545404434204,-0.37907981872558594,-0.023021409288048744,-0.40210121870040894,-0.033211175352334976,-0.039307329803705215,0.14243252575397491,-0.013757565058767796,0.1286749541759491,-0.1366991400718689,-0.12283554673194885,0.12505950033664703,-0.04299243912100792,0.08206705749034882,0.052023615688085556,0.02421358972787857,0.03745311126112938,0.00847475603222847,0.04592786729335785,-0.11988046765327454,-0.09578001499176025,-0.06133456528186798,-0.03352300450205803,-0.09485757350921631,0.07846079766750336,0.056737907230854034,-0.10937531292438507,0.019858267158269882,-0.08951704204082489
3.8000000000000003,0.0,-0.075,0.0,-0.10020827714702037,-0.13526140413808835,0.261629637793793,0.044593751430511475,0.5668906271457672,0.046823439002037046,0.0,0.046823439002037046,0.9671867489814758,0.08098191767930984,0.9526234865188599,0.07962966710329056,0.09342186152935028,-0.37909287214279175,0.0326976515352726,-0.34639522433280945,0.01120588555932045,0.00010958476923406124,-0.3793960213661194,3.835466850432567e-05,-0.3793576657772064,0.07465244829654694,0.07061562687158585,-0.3791707158088684,0.024715468287467957,-0.35445523262023926,-0.02925179898738861,-0.030651045963168144,-0.37918663024902344,-0.010727865621447563,-0.38991448283195496,0.008229479193687439,-0.02501489594578743,-0.3793894052505493,-0.0087552135810256,-0.3881446123123169,-0.04266809672117233,-0.05884324759244919,-0.37908634543418884,-0.020595137029886246,-0.3996814787387848,-0.03693079575896263,-0.03859436884522438,0.1662173867225647,-0.013508029282093048,0.15270936489105225,-0.16034603118896484,-0.1340886950492859,0.17419426143169403,-0.04693104326725006,0.12726321816444397,0.049132853746414185,0.031689368188381195,0.09929902851581573,0.011091278865933418,0.110390305519104,-0.12140658497810364,-0.10346798598766327,-0.002685878425836563,-0.036213792860507965,-0.03889967128634453,0.06800417602062225,0.06011778861284256,-0.06900984793901443,0.021041225641965866,-0.04796862229704857
3.8200000000000003,0.0,-0.075,0.0,-0.13883480301057682,-0.10619011257564155,0.5584497176372668,0.012555263936519623,0.5188328959047794,0.013183027133345604,0.0,0.013183027133345604,0.986338198184967,0.0714951828122139,0.972715437412262,0.04108744114637375,0.07772153615951538,-0.3790838420391083,0.027202537283301353,-0.3518812954425812,-0.029505500569939613,-0.008774940855801105,-0.37938567996025085,-0.0030712292063981295,-0.38245689868927,0.01301850937306881,0.0533364899456501,-0.37919431924819946,0.01866777054965496,-0.36052656173706055,-0.010099763050675392,-0.02448566071689129,-0.3791634440422058,-0.008569980971515179,-0.38773342967033386,0.005781067535281181,-0.01577610708773136,-0.37939852476119995,-0.005521637387573719,-0.3849201500415802,-0.03663061559200287,-0.05217945948243141,-0.37909653782844543,-0.01826281100511551,-0.39735934138298035,-0.010695264674723148,-0.030224638059735298,0.18228530883789062,-0.010578623041510582,0.1717066913843155,-0.0958118811249733,-0.12260565161705017,0.2178788185119629,-0.04291197657585144,0.17496684193611145,0.03009149432182312,0.031210005283355713,0.15936335921287537,0.010923502035439014,0.1702868640422821,-0.0810343325138092,-0.09673788398504257,0.058308109641075134,-0.03385825827717781,0.024449851363897324,0.039710529148578644,0.053995609283447266,-0.022775448858737946,0.018898462876677513,-0.0038769859820604324
3.84,0.0,-0.075,0.0,-0.15020575297794614,-0.09361466416953106,0.6510479059825028,0.013743015006184578,0.5206145225092769,0.014430165756493805,0.0,0.014430165756493805,1.0132113695144653,0.06489042192697525,1.0014182329177856,0.015795428305864334,0.05914370343089104,-0.37907856702804565,0.020700296387076378,-0.35837826132774353,0.004071244038641453,-0.004921085201203823,-0.3793719410896301,-0.001722379820421338,-0.3810943067073822,0.025295598432421684,0.04492422193288803,-0.37921902537345886,0.01572347804903984,-0.3634955585002899,-0.028729647397994995,-0.025758856907486916,-0.3791421353816986,-0.009015600197017193,-0.3881577253341675,-0.005940290167927742,-0.012825362384319305,-0.3794039189815521,-0.0044888765551149845,-0.38389280438423157,-0.07030278444290161,-0.0576164573431015,-0.3791101574897766,-0.020165760070085526,-0.39927592873573303,-0.02327847108244896,-0.028140787035226822,0.1903645098209381,-0.009849275462329388,0.18051522970199585,-0.11875570565462112,-0.12145066261291504,0.25537410378456116,-0.042507730424404144,0.21286636590957642,0.015264486894011497,0.026426350697875023,0.2166299819946289,0.009249222464859486,0.22587920725345612,-0.03774233162403107,-0.07903921604156494,0.12061557173728943,-0.02766372449696064,0.09295184910297394,0.030280793085694313,0.046881165355443954,0.028545737266540527,0.0164084080606699,0.04495414346456528
3.86,0.0,-0.075,0.0,-0.1715762125584702,-0.07318201950959136,0.8380432404272691,-0.011656052432954311,0.48251592135056853,0.0,0.0,0.0,1.046181559562683,0.056592609733343124,1.0380421876907349,-0.01877812296152115,0.03576715663075447,-0.37907713651657104,0.01251850463449955,-0.36655864119529724,0.017347997054457664,0.0017596394754946232,-0.3793551027774811,0.0006158737814985216,-0.37873923778533936,0.011723949573934078,0.03496414050459862,-0.379244327545166,0.012237449176609516,-0.3670068681240082,-0.007062900811433792,-0.020150071009993553,-0.3791232109069824,-0.007052524946630001,-0.3861757218837738,-0.012759312056005001,-0.012805546633899212,-0.37940549850463867,-0.00448194146156311,-0.3838874399662018,-0.08646249771118164,-0.06627026945352554,-0.3791269063949585,-0.02319459430873394,-0.4023214876651764,-0.009348920546472073,-0.02250322699546814,0.19031831622123718,-0.007876128889620304,0.18244218826293945,-0.0892428308725357,-0.111788310110569,0.2860458493232727,-0.03912590816617012,0.24691994488239288,-0.005213548429310322,0.016934379935264587,0.27013012766838074,0.005927032791078091,0.2760571539402008,-0.013653305359184742,-0.05942343920469284,0.18318244814872742,-0.020798202604055405,0.1623842418193817,0.03425794839859009,0.043094202876091,0.08408551663160324,0.015082971192896366,0.09916848689317703
3.88,0.0,-0.075,0.0,-0.19082353465084023,-0.055928581725814115,1.0049705715254378,0.005208788439631462,0.5078131826594472,0.0054692278616130345,0.0,0.0054692278616130345,1.083471655845642,0.05245933681726456,1.0757420063018799,-0.045067258179187775,0.011516830883920193,-0.37907958030700684,0.004030890762805939,-0.3750486969947815,-0.015394440852105618,-0.0033865845762193203,-0.37933558225631714,-0.001185304601676762,-0.38052088022232056,0.015978336334228516,0.029268398880958557,-0.37926948070526123,0.010243939235806465,-0.3690255284309387,-0.02001892402768135,-0.020110726356506348,-0.3791070878505707,-0.007038753945380449,-0.38614583015441895,0.07511644810438156,0.013571051880717278,-0.37940317392349243,0.00474986806511879,-0.37465330958366394,-0.02565385401248932,-0.054085344076156616,-0.37914639711380005,-0.018929870799183846,-0.39807626605033875,-0.01009481679648161,-0.018780702725052834,0.18214744329452515,-0.006573245860636234,0.1755741983652115,-0.10385732352733612,-0.10940901190042496,0.30937519669532776,-0.038293153047561646,0.2710820436477661,0.017020881175994873,0.016960330307483673,0.31895869970321655,0.005936115514487028,0.32489481568336487,-0.02873138152062893,-0.050215817987918854,0.2449503242969513,-0.01757553592324257,0.22737479209899902,0.07640403509140015,0.053087152540683746,0.14290431141853333,0.01858050376176834,0.16148480772972107
3.9,0.0,-0.075,0.0,-0.2027833901019325,-0.03983831024866154,1.1336815811694707,-0.02081752009689808,0.4687737198546529,0.0,0.0,0.0,1.1233206987380981,0.04918241873383522,1.1205203533172607,-0.03602246195077896,-0.0027449578046798706,-0.379085898399353,-0.0009607351967133582,-0.38004663586616516,-0.0010062344372272491,-0.0026724794879555702,-0.37931379675865173,-0.0009353678324259818,-0.38024917244911194,-0.00911826454102993,0.017752399668097496,-0.3792940378189087,0.006213339976966381,-0.37308070063591003,-0.061366960406303406,-0.032487597316503525,-0.37909412384033203,-0.011370658874511719,-0.39046478271484375,0.039743758738040924,0.021422863006591797,-0.3793969452381134,0.007498002145439386,-0.37189894914627075,-0.025877468287944794,-0.04562298208475113,-0.3791680634021759,-0.015968043357133865,-0.39513611793518066,0.003827241249382496,-0.011998319067060947,0.1659902036190033,-0.00419941172003746,0.16179078817367554,-0.08016303926706314,-0.10063521564006805,0.3249674439430237,-0.03522232547402382,0.28974512219429016,0.0010185632854700089,0.012177799828350544,0.36228975653648376,0.004262229893356562,0.3665519952774048,-0.011087547987699509,-0.0384773351252079,0.3048742413520813,-0.013467066921293736,0.29140716791152954,0.08483844250440598,0.06261254101991653,0.2040071189403534,0.021914388984441757,0.22592151165008545
3.92,0.0,-0.075,0.0,-0.21230707546975006,-0.02749587658385647,1.2309292069206998,-0.02699943073093891,0.45950085390359163,0.0,0.0,0.0,1.1641035079956055,0.04864576831459999,1.1654081344604492,-0.03486308455467224,-0.012380396015942097,-0.3790959119796753,-0.004333138465881348,-0.38342905044555664,-0.017661381512880325,-0.007169150281697512,-0.37929028272628784,-0.0025092025753110647,-0.38179948925971985,-0.003008708357810974,0.011524067260324955,-0.37931734323501587,0.0040334234945476055,-0.3752839267253876,-0.04068613424897194,-0.03494715690612793,-0.3790847063064575,-0.012231504544615746,-0.3913162052631378,0.07375366240739822,0.037122104316949844,-0.3793870806694031,0.0129927359521389,-0.3663943409919739,-0.003308168612420559,-0.03292853757739067,-0.379191517829895,-0.01152498833835125,-0.3907164931297302,-0.018398236483335495,-0.013918294571340084,0.1421198844909668,-0.004871402867138386,0.13724848628044128,-0.0817589983344078,-0.09497234970331192,0.33255887031555176,-0.03324032202363014,0.2993185520172119,0.009871015325188637,0.011485764756798744,0.39939016103744507,0.004020017571747303,0.4034101665019989,0.04395687207579613,-0.013747071847319603,0.36194050312042236,-0.004811475053429604,0.3571290373802185,0.10693346709012985,0.07590882480144501,0.26636025309562683,0.026568088680505753,0.2929283380508423
3.94,0.0,-0.075,0.0,-0.2183185860419051,-0.015418688013018699,1.3111492193805112,-0.031065531075000763,0.45340170338749886,0.0,0.0,0.0,1.2044013738632202,0.052090924233198166,1.2063653469085693,-0.026550931856036186,-0.016631556674838066,-0.37910938262939453,-0.005821044556796551,-0.38493043184280396,-0.00475345179438591,-0.0064444406889379025,-0.37926560640335083,-0.002255554310977459,-0.38152116537094116,-0.0031988080590963364,0.007107204757630825,-0.379338800907135,0.00248752161860466,-0.37685129046440125,0.00563655374571681,-0.022772042080760002,-0.3790789842605591,-0.007970214821398258,-0.38704919815063477,0.05633138120174408,0.042884886264801025,-0.379373699426651,0.015009709633886814,-0.36436399817466736,0.004160040058195591,-0.021801965311169624,-0.37921616435050964,-0.007630687672644854,-0.3868468403816223,-0.04974246025085449,-0.02466554567217827,0.11094029992818832,-0.008632941171526909,0.10230735689401627,-0.11231011897325516,-0.10017368197441101,0.33202099800109863,-0.03506078943610191,0.2969602048397064,0.001985718496143818,0.008635750971734524,0.42963239550590515,0.003022512886673212,0.4326549172401428,0.021376635879278183,-0.003209959249943495,0.4151836931705475,-0.0011234857374802232,0.41406020522117615,0.12511251866817474,0.09066992998123169,0.32890886068344116,0.03173447400331497,0.36064332723617554
3.96,0.0,-0.075,0.0,-0.22112948526436693,-0.002117461422468537,1.3724690812065345,-0.0335969403386116,0.4496045894920826,0.0,0.0,0.0,1.2430377006530762,0.056741226464509964,1.247252345085144,-0.032855451107025146,-0.021498724818229675,-0.37912601232528687,-0.007524553686380386,-0.38665056228637695,0.011472409591078758,-0.0010693855583667755,-0.37924039363861084,-0.0003742849512491375,-0.3796146810054779,-0.0070580001920461655,0.0028576431795954704,-0.3793579339981079,0.001000175136141479,-0.37835776805877686,-0.03958582878112793,-0.027816180139780045,-0.37907707691192627,-0.00973566249012947,-0.38881275057792664,0.049120694398880005,0.04475563019514084,-0.3793572187423706,0.015664469450712204,-0.3636927604675293,0.02736729383468628,-0.007051186636090279,-0.379241406917572,-0.0024679151829332113,-0.3817093074321747,-0.03164007514715195,-0.02675790525972843,0.0729789212346077,-0.009365267120301723,0.0636136531829834,-0.10249603539705276,-0.10087039321660995,0.32336294651031494,-0.035304635763168335,0.2880583107471466,-0.027059640735387802,-0.0020728670060634613,0.45250481367111206,-0.0007255034288391471,0.451779305934906,0.0020941104739904404,-0.0016187382861971855,0.46370309591293335,-0.0005665583885274827,0.4631365239620209,0.1548975557088852,0.10993821918964386,0.3905948996543884,0.03847837448120117,0.4290732741355896
3.98,0.0,-0.075,0.0,-0.22283817293292488,0.011217588529583841,1.4249082220442837,-0.031070442870259285,0.4533943356946111,0.0,0.0,0.0,1.2790888547897339,0.05662129446864128,1.2898931503295898,-0.027193346992135048,-0.02320711314678192,-0.3791453242301941,-0.008122489787638187,-0.3872678279876709,-0.0009542861953377724,-0.001034855842590332,-0.3792151212692261,-0.00036219952744431794,-0.37957730889320374,-0.024304037913680077,-0.005290861241519451,-0.37937432527542114,-0.0018518014112487435,-0.381226122379303,-0.07158901542425156,-0.04094802960753441,-0.37907910346984863,-0.014331810176372528,-0.39341092109680176,0.038133300840854645,0.0427689291536808,-0.37933793663978577,0.014969125390052795,-0.3643687963485718,0.028911065310239792,0.003737489227205515,-0.379266619682312,0.0013081212528049946,-0.3779585063457489,0.02560584992170334,-0.011048778891563416,0.02887793630361557,-0.003867072518914938,0.025010863319039345,-0.06822967529296875,-0.09107817709445953,0.3067312240600586,-0.03187736123800278,0.2748538553714752,-0.03651946410536766,-0.012406846508383751,0.4676204323768616,-0.004342396277934313,0.46327802538871765,0.05776786431670189,0.016197243705391884,0.5066779851913452,0.005669035017490387,0.5123470425605774,0.12717406451702118,0.11510896682739258,0.4503747224807739,0.04028813913464546,0.4906628727912903
4.0,0.0,-0.075,0.0,-0.22465579763538215,0.01980685057183796,1.428387249922057,-0.033992789685726166,0.44901081547141075,0.0,0.0,0.0,1.311880350112915,0.06253448873758316,1.3220793008804321,-0.03577902913093567,-0.026978688314557076,-0.37916696071624756,-0.009442540816962719,-0.38860949873924255,0.022369185462594032,0.005986357107758522,-0.3791905641555786,0.0020952250342816114,-0.3770953416824341,0.022671213373541832,0.00309776165522635,-0.3793874979019165,0.0010842165211215615,-0.37830328941345215,0.03423429653048515,-0.01839333027601242,-0.3790850043296814,-0.006437665317207575,-0.38552266359329224,0.0708860531449318,0.05120406672358513,-0.37931638956069946,0.01792142353951931,-0.3613949716091156,0.006855429150164127,0.004672871436923742,-0.37929126620292664,0.0016355050029233098,-0.3776557743549347,-0.09345196932554245,-0.035769738256931305,-0.020616605877876282,-0.012519408017396927,-0.03313601389527321,-0.13137391209602356,-0.10316689312458038,0.28240716457366943,-0.036108411848545074,0.24629876017570496,0.006704577244818211,-0.0066734193824231625,0.47472357749938965,-0.0023356967139989138,0.4723878800868988,0.008989322930574417,0.014034867286682129,0.5433812737464905,0.004912203643471003,0.5482934713363647,0.15309250354766846,0.12650403380393982,0.5072370767593384,0.044276412576436996,0.5515134930610657
4.0200000000000005,0.0,-0.075,0.0,-0.23032084524960092,0.03899078539213533,1.4539376669166288,-0.09628226608037949,0.35557660087943077,0.0,0.0,0.0,1.2883882522583008,0.0630626231431961,1.3015377521514893,-0.03388415277004242,-0.029050327837467194,-0.3790796399116516,-0.010167614556849003,-0.38924726843833923,0.00662385206669569,0.00617760606110096,-0.3793761134147644,0.0021621619816869497,-0.3772139549255371,-0.021308129653334618,-0.004224006086587906,-0.37921208143234253,-0.001478402060456574,-0.38069048523902893,-0.02997657284140587,-0.021868303418159485,-0.37914785742759705,-0.007653906010091305,-0.38680174946784973,0.06680082529783249,0.05588309466838837,-0.3794028162956238,0.019559083506464958,-0.35984373092651367,0.052915673702955246,0.01914571225643158,-0.3791060447692871,0.006700999103486538,-0.3724050521850586,0.090775266289711,0.002193765714764595,0.01582365669310093,0.0007678180118091404,0.016591474413871765,-0.05063898488879204,-0.08740852028131485,0.30081862211227417,-0.030592981725931168,0.2702256441116333,-0.0225679948925972,-0.011441792361438274,0.4703703224658966,-0.004004627466201782,0.4663656949996948,0.1083572655916214,0.04233158752322197,0.5173830986022949,0.014816055074334145,0.5321991443634033,0.152396097779274,0.13427165150642395,0.46628138422966003,0.04699507728219032,0.5132764577865601
4.04,0.0,-0.075,0.0,-0.22277407664809531,0.04694910691801555,1.4373378293454253,-0.0806330069899559,0.37905048951506615,0.0,0.0,0.0,1.320197582244873,0.06437716633081436,1.3314725160598755,-0.04015473276376724,-0.03238165006041527,-0.37907713651657104,-0.011333577334880829,-0.39041072130203247,0.01388774998486042,0.008490649051964283,-0.3793600797653198,0.002971727168187499,-0.3763883411884308,0.015496081672608852,0.0016920205671340227,-0.37923726439476013,0.0005922071868553758,-0.37864506244659424,0.07239968329668045,0.006412094458937645,-0.37912821769714355,0.0022442329209297895,-0.37688398361206055,0.060210973024368286,0.0571814589202404,-0.3794054388999939,0.020013511180877686,-0.3593919277191162,0.0021106721833348274,0.014035199768841267,-0.37912195920944214,0.0049123200587928295,-0.3742096424102783,-0.08341643214225769,-0.023489294573664665,-0.03500565141439438,-0.00822125282138586,-0.043226905167102814,-0.12759527564048767,-0.099464550614357,0.2744539976119995,-0.03481259196996689,0.23964139819145203,-0.0039136772975325584,-0.009183358401060104,0.47525209188461304,-0.003214175347238779,0.4720379114151001,0.020842082798480988,0.035884734243154526,0.5522555112838745,0.012559656985104084,0.5648151636123657,0.12618988752365112,0.13184711337089539,0.5221743583679199,0.046146489679813385,0.5683208703994751
4.0600000000000005,0.0,-0.075,0.0,-0.22377014858570596,0.05781615857641101,1.3801275925376424,-0.0812368243932724,0.3781447634100914,0.0,0.0,0.0,1.348227858543396,0.06937111914157867,1.3647655248641968,-0.0629936158657074,-0.04156523942947388,-0.3790785074234009,-0.014547833241522312,-0.39362633228302,0.009492051787674427,0.008791070431470871,-0.3793412446975708,0.003076874651014805,-0.376264363527298,0.02559610642492771,0.008863246999680996,-0.3792625665664673,0.0031021363101899624,-0.3761604428291321,-0.02392791211605072,-0.0026899082586169243,-0.37911123037338257,-0.0009414678788743913,-0.38005268573760986,0.07009333372116089,0.0610550232231617,-0.3794041872024536,0.02136925794184208,-0.3580349385738373,0.05448449030518532,0.02616998925805092,-0.379140704870224,0.009159496054053307,-0.36998119950294495,0.0042882757261395454,-0.01515602320432663,-0.09014780074357986,-0.005304608028382063,-0.09545240551233292,-0.10118739306926727,-0.0999814048409462,0.2409430593252182,-0.0349934920668602,0.2059495747089386,0.005334282293915749,-0.004828066099435091,0.47199225425720215,-0.0016898231115192175,0.47030243277549744,0.0386822484433651,0.036723989993333817,0.580085277557373,0.012853396125137806,0.5929386615753174,0.17979025840759277,0.1462300568819046,0.5739352107048035,0.05118051916360855,0.6251157522201538
4.08,0.0,-0.075,0.0,-0.21785358829932452,0.05716739758003258,1.330595627905663,-0.05957285314798355,0.4106407202780247,0.0,0.0,0.0,1.3723136186599731,0.07281706482172012,1.391274333000183,-0.0009326748549938202,-0.0293754693120718,-0.3790838122367859,-0.010281413793563843,-0.38936522603034973,0.010842910967767239,0.009406622499227524,-0.37932005524635315,0.003292317735031247,-0.3760277330875397,0.03726816177368164,0.01738472282886505,-0.37928733229637146,0.006084653083235025,-0.37320268154144287,0.029846977442502975,0.007071157917380333,-0.3790974020957947,0.002474905224516988,-0.3766224980354309,0.07148244976997375,0.06418325006961823,-0.37939906120300293,0.02246413752436638,-0.35693493485450745,0.0250033400952816,0.025819994509220123,-0.3791618347167969,0.009036998264491558,-0.37012484669685364,-0.04421321675181389,-0.023873182013630867,-0.14866995811462402,-0.008355613797903061,-0.15702557563781738,-0.12967517971992493,-0.10888953506946564,0.20085270702838898,-0.03811133652925491,0.16274136304855347,0.03923879563808441,0.00839199312031269,0.46064603328704834,0.0029371974524110556,0.46358323097229004,0.04188431054353714,0.03827208653092384,0.6004016399383545,0.013395230285823345,0.6137968897819519,0.16686975955963135,0.1524219661951065,0.6206883192062378,0.05334768816828728,0.6740360260009766
4.1,0.0,-0.075,0.0,-0.21295376077375772,0.05894375995098999,1.2461997779686154,-0.0769009217619896,0.3846486173570156,0.0,0.0,0.0,1.3924777507781982,0.0722077339887619,1.413762092590332,0.02128113992512226,-0.014178484678268433,-0.3790927827358246,-0.0049624694511294365,-0.3840552568435669,0.004925110377371311,0.008062168955802917,-0.3792969584465027,0.0028217590879648924,-0.37647518515586853,-0.0011757276952266693,0.01181658823043108,-0.3793110251426697,0.004135805647820234,-0.37517520785331726,-0.031365640461444855,-0.004459881689399481,-0.3790869116783142,-0.001560958568006754,-0.3806478679180145,0.06575639545917511,0.06465519219636917,-0.379390150308609,0.02262931689620018,-0.35676082968711853,0.060513343662023544,0.0362280011177063,-0.37918487191200256,0.012679800391197205,-0.36650508642196655,0.10390268266201019,0.014459578320384026,-0.20958209037780762,0.005060852505266666,-0.20452123880386353,-0.09173672646284103,-0.10374369472265244,0.15486115217208862,-0.03631029278039932,0.1185508593916893,0.00893781241029501,0.008555738255381584,0.4414052963256836,0.0029945082496851683,0.44439980387687683,0.08364720642566681,0.051884621381759644,0.6128609776496887,0.018159616738557816,0.6310206055641174,0.1488567590713501,0.1513524055480957,0.6616427898406982,0.052973341196775436,0.7146161198616028
4.12,0.0,-0.075,0.0,-0.2052134893635641,0.05620648722787147,1.1285441316558913,-0.10685738176107407,0.3397139273583889,0.0,0.0,0.0,1.4089045524597168,0.07452944666147232,1.4330440759658813,-0.017720477655529976,-0.01524108275771141,-0.3791053295135498,-0.005334378685802221,-0.38443970680236816,0.024784710258245468,0.013078931719064713,-0.3792725205421448,0.004577626008540392,-0.3746948838233948,-0.008394559845328331,0.005753243342041969,-0.3793330192565918,0.0020136351231485605,-0.3773193955421448,-0.06380264461040497,-0.022262711077928543,-0.3790801763534546,-0.0077919489704072475,-0.3868721127510071,0.08020906150341034,0.06932134926319122,-0.37937772274017334,0.02426247112452984,-0.35511526465415955,0.05863456800580025,0.04294997453689575,-0.3792092204093933,0.015032490715384483,-0.3641767203807831,0.1047772616147995,0.04155488312244415,-0.2718537747859955,0.014544208534061909,-0.25730955600738525,-0.06881408393383026,-0.09326481074094772,0.1037464290857315,-0.03264268487691879,0.07110374420881271,-0.003967092838138342,0.004798888694494963,0.4145955443382263,0.001679611043073237,0.41627514362335205,0.08218033611774445,0.060973335057497025,0.6172524094581604,0.021340666338801384,0.6385930776596069,0.15887580811977386,0.15360942482948303,0.6961058378219604,0.05376329645514488,0.7498691082000732
4.14,0.0,-0.075,0.0,-0.1928551447557524,0.05328819490954115,1.0055991624056553,-0.13665945827960968,0.2950108125805855,0.0,0.0,0.0,1.4219095706939697,0.07570197433233261,1.449920892715454,0.014293890446424484,-0.00638059014454484,-0.3791210651397705,-0.0022332065273076296,-0.38135427236557007,0.05072218179702759,0.024371907114982605,-0.37924742698669434,0.008530166931450367,-0.37071725726127625,0.02314075455069542,0.010969497263431549,-0.379352867603302,0.0038393239956349134,-0.37551355361938477,0.030370760709047318,-0.006472669541835785,-0.3790772259235382,-0.0022654342465102673,-0.38134264945983887,0.05964145064353943,0.0664173811674118,-0.3793620765209198,0.02324608340859413,-0.35611599683761597,-0.010920396074652672,0.02678886242210865,-0.3792344033718109,0.0093761021271348,-0.3698582947254181,0.04415520280599594,0.04233497753739357,-0.334431529045105,0.014817241579294205,-0.3196142911911011,-0.06937918066978455,-0.08609912544488907,0.048373229801654816,-0.030134692788124084,0.01823853701353073,0.049867838621139526,0.018319575116038322,0.38067036867141724,0.00641185138374567,0.38708221912384033,0.10765337944030762,0.07497735321521759,0.613501787185669,0.026242073625326157,0.6397438645362854,0.1758853644132614,0.16029220819473267,0.7234943509101868,0.05610227212309837,0.7795966267585754
4.16,0.0,-0.075,0.0,-0.17567311223100657,0.04433699341512951,0.8571987953055794,-0.14487488567829132,0.282687671482563,0.0,0.0,0.0,1.4319056272506714,0.07885132730007172,1.4575434923171997,0.03162338584661484,0.005020603071898222,-0.3791397213935852,0.0017572110518813133,-0.3773825168609619,0.03262118250131607,0.026846688240766525,-0.3792220950126648,0.009396340698003769,-0.3698257505893707,0.0009802598506212234,0.007972725667059422,-0.3793700933456421,0.0027904538437724113,-0.3765796422958374,-0.07014837116003036,-0.02557538077235222,-0.3790781497955322,-0.008951382711529732,-0.388029545545578,0.09576895833015442,0.07522285729646683,-0.37934350967407227,0.02632799930870533,-0.3530155122280121,0.05596174672245979,0.03554072976112366,-0.3792596459388733,0.012439255602657795,-0.36682039499282837,0.13075025379657745,0.06885956227779388,-0.39625680446624756,0.02410084567964077,-0.37215596437454224,-0.06126372888684273,-0.07864850759506226,-0.010321686044335365,-0.0275269765406847,-0.037848662585020065,0.03250215947628021,0.022574350237846375,0.3402036428451538,0.007901022210717201,0.34810465574264526,0.07225355505943298,0.07416021823883057,0.6016722917556763,0.02595607563853264,0.6276283860206604,0.15758156776428223,0.159479022026062,0.7433451414108276,0.055817656219005585,0.7991628050804138
4.18,0.0,-0.075,0.0,-0.1539626627952487,0.03600863832888336,0.7058270750798276,-0.16472235321998596,0.25291647017002106,0.0,0.0,0.0,1.4393666982650757,0.07581808418035507,1.4641016721725464,0.01869753561913967,0.009123682975769043,-0.37916073203086853,0.003193289041519165,-0.37596744298934937,0.0509067177772522,0.03406469523906708,-0.37919729948043823,0.011922643519937992,-0.3672746419906616,-0.02008269540965557,-0.0004439014010131359,-0.37938421964645386,-0.00015536548744421452,-0.3795395791530609,0.09393873065710068,0.0102788545191288,-0.37908297777175903,0.0035975989885628223,-0.3754853904247284,0.05956484377384186,0.07052545249462128,-0.3793225586414337,0.024683907628059387,-0.35463863611221313,-0.023911666125059128,0.01770501211285591,-0.3792845606803894,0.006196754053235054,-0.3730877935886383,0.055642805993556976,0.06489453464746475,-0.4562836289405823,0.022713087499141693,-0.43357053399086,-0.03977634757757187,-0.06698685884475708,-0.07134538888931274,-0.02344539947807789,-0.09479078650474548,0.04177707061171532,0.028335165232419968,0.29387998580932617,0.009917307645082474,0.30379730463027954,0.09273648262023926,0.07973309606313705,0.581964373588562,0.02790658362209797,0.609870970249176,0.1488853394985199,0.15630091726779938,0.7553222179412842,0.05470532178878784,0.810027539730072
4.2,0.0,-0.075,0.0,-0.13001776904105555,0.022246922533636988,0.5328443025745232,-0.14910925924777985,0.27633611112833023,0.0,0.0,0.0,1.4447886943817139,0.07581371068954468,1.4680200815200806,0.016233060508966446,0.011256496421992779,-0.37918370962142944,0.003939773887395859,-0.3752439320087433,0.03765617311000824,0.035142138600349426,-0.3791734576225281,0.01229974813759327,-0.36687371134757996,-0.0008079186081886292,-0.0005531065398827195,-0.3793949484825134,-0.00019358728604856879,-0.3795885443687439,-0.06307413429021835,-0.01172704342752695,-0.3790915608406067,-0.0041044652462005615,-0.38319602608680725,0.0649496465921402,0.06885270774364471,-0.37929967045783997,0.02409844659268856,-0.35520121455192566,0.043401122093200684,0.025413844734430313,-0.37930840253829956,0.008894845843315125,-0.37041354179382324,0.09737174957990646,0.07463770359754562,-0.5134965181350708,0.02612319588661194,-0.48737332224845886,-0.05840414762496948,-0.06441204249858856,-0.133665531873703,-0.022544214501976967,-0.15620975196361542,0.039078690111637115,0.03155822306871414,0.242482990026474,0.01104537770152092,0.253528356552124,0.07851220667362213,0.07936683297157288,0.5547111630439758,0.027778390794992447,0.582489550113678,0.1410357654094696,0.15172137320041656,0.7592231035232544,0.05310247838497162,0.8123255968093872
4.22,0.0,-0.075,0.0,-0.106743981073402,0.008669518363558549,0.36409967737998045,-0.16461403667926788,0.2530789449810982,0.0,0.0,0.0,1.4486494064331055,0.07073091715574265,1.4660907983779907,0.06535397469997406,0.027485741302371025,-0.379207968711853,0.009620008990168571,-0.3695879578590393,0.03172701597213745,0.034117601811885834,-0.37915128469467163,0.011941160075366497,-0.36721011996269226,0.013786113820970058,0.0037486599758267403,-0.3794019818305969,0.0013120309449732304,-0.378089964389801,0.04481453448534012,0.005235430784523487,-0.37910372018814087,0.0018324007978662848,-0.3772713243961334,0.02689407952129841,0.05626511573791504,-0.379275381565094,0.019692789763212204,-0.3595826029777527,-0.007554325275123119,0.0155233945697546,-0.3793306052684784,0.005433187820017338,-0.37389740347862244,0.08095701783895493,0.0765334963798523,-0.5669277310371399,0.026786724105477333,-0.5401409864425659,-0.026397770270705223,-0.053007759153842926,-0.19622787833213806,-0.018552714958786964,-0.21478059887886047,0.04185018315911293,0.03464581072330475,0.1868821531534195,0.012126033194363117,0.19900818169116974,0.07194139063358307,0.07713919878005981,0.5203738212585449,0.026998719200491905,0.5473725199699402,0.11329290270805359,0.14019283652305603,0.7549817562103271,0.04906749352812767,0.8040492534637451
4.24,0.0,-0.075,0.0,-0.08101820820503879,-0.00767820009098476,0.19335820490103797,-0.1697065681219101,0.24544014781713486,0.0,0.0,0.0,1.451371431350708,0.06569279730319977,1.4642164707183838,0.08139459788799286,0.04365839809179306,-0.37923312187194824,0.015280439518392086,-0.3639526963233948,-0.026922425255179405,0.015805590897798538,-0.3791312575340271,0.005531956907361746,-0.3735992908477783,-0.00398467481136322,0.0014286594232544303,-0.37940531969070435,0.0005000308156013489,-0.3789052963256836,-0.004896178841590881,0.002195947803556919,-0.3791190981864929,0.0007685816963203251,-0.37835052609443665,0.038432687520980835,0.05091538652777672,-0.37925031781196594,0.017820384353399277,-0.36142992973327637,0.03147866949439049,0.02030997723340988,-0.3793507218360901,0.007108491845428944,-0.3722422420978546,0.0709942877292633,0.0748717337846756,-0.6156732439994812,0.02620510570704937,-0.5894681215286255,-0.03359629213809967,-0.04718431830406189,-0.2579740285873413,-0.01651451177895069,-0.27448853850364685,0.04607583209872246,0.03807481750845909,0.1280180960893631,0.013326185755431652,0.14134427905082703,0.09723137319087982,0.08316685259342194,0.47953325510025024,0.029108397662639618,0.5086416602134705,0.06535092741250992,0.11774026602506638,0.742669939994812,0.04120909422636032,0.7838790416717529
4.26,0.0,-0.075,0.0,-0.05427304851675794,-0.02460140683954002,0.011269262374625262,-0.12998110055923462,0.30502834916114807,0.0,0.0,0.0,1.453287124633789,0.06031227111816406,1.460218071937561,0.09443368017673492,0.05889098346233368,-0.379258394241333,0.020611843094229698,-0.35864654183387756,-0.017519613727927208,0.0058080293238162994,-0.3791138529777527,0.0020328101236373186,-0.377081036567688,0.018551833927631378,0.006565611809492111,-0.3794046640396118,0.0022979641798883677,-0.3771066963672638,0.02270358055830002,0.008348237723112106,-0.37913745641708374,0.002921883249655366,-0.3762155771255493,0.03975466638803482,0.04756717011332512,-0.379224956035614,0.016648508608341217,-0.3625764548778534,0.0019507929682731628,0.014802221208810806,-0.37936824560165405,0.00518077751621604,-0.3741874694824219,0.04623233154416084,0.06627991050481796,-0.658908486366272,0.023197967559099197,-0.6357105374336243,-0.03642945736646652,-0.04395785927772522,-0.3178594708442688,-0.015385250560939312,-0.3332447111606598,0.04133521765470505,0.03905293717980385,0.06688658893108368,0.013668527826666832,0.08055511862039566,0.07048670947551727,0.07936280965805054,0.4328802824020386,0.02777698263525963,0.4606572687625885,0.04929465055465698,0.09720658510923386,0.7224958539009094,0.03402230516076088,0.7565181851387024
4.28,0.0,-0.075,0.0,-0.02791463337677126,-0.04417852039281397,-0.17012903554669082,-0.12508966028690338,0.31236550956964493,0.0,0.0,0.0,1.4546116590499878,0.060322150588035583,1.4546880722045898,0.1058182418346405,0.07296916097402573,-0.3792833089828491,0.025539206340909004,-0.3537440896034241,-0.01716296747326851,-0.0010832701809704304,-0.37909942865371704,-0.00037914456333965063,-0.3794785737991333,0.03331424295902252,0.014590201899409294,-0.3794001638889313,0.005106570664793253,-0.37429359555244446,-0.061944618821144104,-0.012739621102809906,-0.37915822863578796,-0.0044588674791157246,-0.383617103099823,0.04069998860359192,0.04550701379776001,-0.3792000710964203,0.015927454456686974,-0.36327260732650757,0.03643015772104263,0.021290604025125504,-0.3793827295303345,0.007451711222529411,-0.3719310164451599,0.09767038375139236,0.07569704949855804,-0.6959020495414734,0.026493966579437256,-0.6694080829620361,-0.053612276911735535,-0.046854183077812195,-0.3748711049556732,-0.016398964449763298,-0.39127007126808167,0.05045972019433975,0.04247497022151947,0.0045218029990792274,0.0148662393912673,0.019388042390346527,0.06019328162074089,0.07361195236444473,0.381204217672348,0.025764182209968567,0.4069684147834778,0.03840900957584381,0.0795673131942749,0.6948009729385376,0.027848558500409126,0.7226495146751404
4.3,0.0,-0.075,0.0,-0.0011619624923704627,-0.06523066865736575,-0.3591200700213916,-0.13308274745941162,0.30037587881088257,0.0,0.0,0.0,1.455424427986145,0.059268586337566376,1.4488999843597412,0.1034708097577095,0.0821196585893631,-0.37930721044540405,0.028741879388689995,-0.3505653440952301,-0.025809962302446365,-0.00850127823650837,-0.3790884017944336,-0.0029754473362118006,-0.3820638358592987,0.03116975724697113,0.01956406980752945,-0.3793918490409851,0.006847424432635307,-0.37254443764686584,-0.016109896823763847,-0.013750704005360603,-0.3791809678077698,-0.004812746308743954,-0.3839937150478363,0.050819747149944305,0.04710083454847336,-0.37917613983154297,0.016485292464494705,-0.36269083619117737,0.011301799677312374,0.018293961882591248,-0.37939390540122986,0.006402886472642422,-0.37299102544784546,0.08412744104862213,0.07822616398334503,-0.7260280847549438,0.02737915702164173,-0.6986489295959473,-0.03407328203320503,-0.043019913136959076,-0.4280444383621216,-0.015056969597935677,-0.4431014060974121,0.040862925350666046,0.04199135676026344,-0.058021243661642075,0.01469697430729866,-0.043324269354343414,0.07220759987831116,0.07319064438343048,0.3253791928291321,0.025616725906729698,0.3509959280490875,0.015576494857668877,0.0603700652718544,0.6600536108016968,0.02112952247262001,0.6811831593513489
4.32,0.0,-0.075,0.0,0.04260215218286893,-0.10197144663661646,-0.6686724166914648,-0.11106328666210175,0.3334050700068474,0.0,0.0,0.0,1.4556626081466675,0.056705962866544724,1.4437026977539062,0.08031590282917023,0.08157853037118912,-0.37932953238487244,0.02855248562991619,-0.3507770597934723,-0.012110944837331772,-0.00958417821675539,-0.37908101081848145,-0.003354462329298258,-0.38243547081947327,0.011428460478782654,0.01712338626384735,-0.3793799877166748,0.005993185099214315,-0.37338680028915405,-0.006014619022607803,-0.011429877951741219,-0.3792051672935486,-0.004000457003712654,-0.3832056224346161,0.048965536057949066,0.04766024649143219,-0.3791537582874298,0.016681086272001266,-0.36247268319129944,-0.02489987388253212,0.005335810594260693,-0.37940141558647156,0.0018675336614251137,-0.377533882856369,0.10156799852848053,0.08522871136665344,-0.7487770318984985,0.029830047860741615,-0.7189469933509827,-0.0638514906167984,-0.049269385635852814,-0.4764799475669861,-0.017244284972548485,-0.4937242269515991,0.03628768026828766,0.04028025269508362,-0.11968450248241425,0.014098088257014751,-0.10558641701936722,0.03973335027694702,0.0631534606218338,0.26634958386421204,0.02210371010005474,0.28845328092575073,-0.012778418138623238,0.038425520062446594,0.6188416481018066,0.013448932208120823,0.6322906017303467
4.34,0.0,-0.075,0.0,0.052551844641625496,-0.10863767016749822,-0.7551246448331913,-0.08829570561647415,0.3675564415752888,0.0,0.0,0.0,1.4551252126693726,0.05831809341907501,1.4379675388336182,0.13097970187664032,0.09639888256788254,-0.3793497681617737,0.0337396077811718,-0.3456101715564728,-0.004413483198732138,-0.008032970130443573,-0.3790774345397949,-0.002811539452522993,-0.3818889856338501,0.014084724709391594,0.01621178723871708,-0.37936484813690186,0.005674125626683235,-0.37369072437286377,0.06926748901605606,0.01277933269739151,-0.37923020124435425,0.004472766537219286,-0.37475743889808655,-0.0005102399736642838,0.03320910036563873,-0.379133403301239,0.011623185127973557,-0.36751022934913635,-0.02062409371137619,-0.0024521611630916595,-0.37940514087677,-0.000858256418723613,-0.38026338815689087,0.11600454896688461,0.09446146339178085,-0.7637639045715332,0.03306151181459427,-0.7307024002075195,-0.07429717481136322,-0.056777723133563995,-0.5193583369255066,-0.019872203469276428,-0.5392305254936218,0.032114624977111816,0.03783056512475014,-0.17942483723163605,0.013240697793662548,-0.16618414223194122,0.0009295027703046799,0.04448626935482025,0.20511406660079956,0.015570194460451603,0.2206842601299286,0.03117755986750126,0.03625113144516945,0.5718622803688049,0.012687895447015762,0.5845502018928528
4.36,0.0,-0.075,0.0,0.08446269247363263,-0.14324878496664328,-1.0367966984175891,-0.10415386408567429,0.34376920387148857,0.0,0.0,0.0,1.4534891843795776,0.05574594810605049,1.4383820295333862,0.11334891617298126,0.10148389637470245,-0.3793674409389496,0.03551936149597168,-0.3438480794429779,-0.009235285222530365,-0.008393664844334126,-0.3790777623653412,-0.0029377825558185577,-0.38201555609703064,0.021212425082921982,0.017711978405714035,-0.37934672832489014,0.006199192255735397,-0.37314754724502563,0.02982853353023529,0.017894092947244644,-0.3792555332183838,0.006262932438403368,-0.372992604970932,0.003531951457262039,0.024305956438183784,-0.37911567091941833,0.008507085032761097,-0.3706085979938507,-0.011724133975803852,-0.005233753006905317,-0.3794049620628357,-0.001831813482567668,-0.3812367618083954,0.050392404198646545,0.08124074339866638,-0.7707353830337524,0.028434259817004204,-0.7423011064529419,-0.0723779946565628,-0.0614578053355217,-0.555954098701477,-0.021510232239961624,-0.5774643421173096,-0.015420249663293362,0.021855320781469345,-0.23623162508010864,0.007649362087249756,-0.2285822629928589,0.04022382199764252,0.04320753738284111,0.14270849525928497,0.015122638083994389,0.1578311324119568,0.02213621884584427,0.032016657292842865,0.5199103355407715,0.011205829679965973,0.5311161875724792
4.38,0.0,-0.075,0.0,0.09649292482837714,-0.14473628609450195,-1.1139775911780916,-0.11089660227298737,0.33365509659051895,0.0,0.0,0.0,1.4503345489501953,0.05256301537156105,1.437294363975525,0.09941457211971283,0.10086309909820557,-0.37938210368156433,0.03530208393931389,-0.34408003091812134,-0.018429454416036606,-0.011404401622712612,-0.3790819048881531,-0.0039915405213832855,-0.38307344913482666,0.007083565928041935,0.014523454010486603,-0.3793261647224426,0.005083208903670311,-0.37424296140670776,0.0183907188475132,0.01804308034479618,-0.3792805075645447,0.006315078120678663,-0.37296542525291443,0.00862942822277546,0.019602999091148376,-0.3791009187698364,0.006861049681901932,-0.3722398579120636,-0.013415684923529625,-0.007688332814723253,-0.3794008791446686,-0.0026909164153039455,-0.38209179043769836,0.04521975666284561,0.07043445110321045,-0.7695733308792114,0.024652058258652687,-0.7449212670326233,-0.049844447523355484,-0.057973798364400864,-0.5856482982635498,-0.020290829241275787,-0.6059391498565674,-0.03429815545678139,0.005009276792407036,-0.2891438603401184,0.0017532468773424625,-0.2873906195163727,0.0616411529481411,0.048737622797489166,0.08018860965967178,0.01705816760659218,0.09724678099155426,0.0033492175862193108,0.02341642417013645,0.4638645350933075,0.008195748552680016,0.47206029295921326
4.4,0.0,-0.075,0.0,0.11361247510837204,-0.1736878967809646,-1.3078455346747395,-0.1044936329126358,0.3432595506310463,0.0,0.0,0.0,1.4451769590377808,0.05466201901435852,1.4271425008773804,0.09742329269647598,0.09983115643262863,-0.37939339876174927,0.03494090586900711,-0.34445250034332275,-0.007252747192978859,-0.010158905759453773,-0.37908992171287537,-0.0035556170623749495,-0.38264554738998413,0.013762007467448711,0.014295020140707493,-0.37930357456207275,0.005003257188946009,-0.3743003308773041,0.035814158618450165,0.02337440475821495,-0.37930452823638916,0.008181041106581688,-0.3711234927177429,0.02064736746251583,0.019916310906410217,-0.3790895342826843,0.006970708724111319,-0.37211883068084717,-0.04324156418442726,-0.018354302272200584,-0.3793930113315582,-0.00642400560900569,-0.3858170211315155,0.1100475862622261,0.08231839537620544,-0.7602975368499756,0.028811438009142876,-0.7314860820770264,-0.05687136948108673,-0.05764307081699371,-0.6079384684562683,-0.02017507515847683,-0.6281135678291321,0.013013784773647785,0.007410629652440548,-0.3372664153575897,0.002593720331788063,-0.3346726894378662,0.058941733092069626,0.05179885774850845,0.01861204206943512,0.01812960021197796,0.03674164414405823,-0.05704692751169205,-0.0007225815206766129,0.4046730399131775,-0.0002529035264160484,0.4044201374053955
4.42,0.0,-0.075,0.0,0.1251169136108199,-0.17107237177702783,-1.3519983546559067,-0.07442069053649902,0.38836896419525146,0.0,0.0,0.0,1.4375052452087402,0.05516839399933815,1.4195023775100708,0.06214151531457901,0.08852426707744598,-0.3794010877609253,0.030983492732048035,-0.34841758012771606,0.029951082542538643,0.001874090638011694,-0.3791015148162842,0.0006559317116625607,-0.3784455955028534,0.012581290677189827,0.013780901208519936,-0.3792794644832611,0.0048233154229819775,-0.37445613741874695,0.10669199377298355,0.04836968332529068,-0.37932705879211426,0.01692938804626465,-0.3623976707458496,0.01858263649046421,0.01951620914041996,-0.37908169627189636,0.006830673199146986,-0.372251033782959,-0.05146845802664757,-0.028288548812270164,-0.37938153743743896,-0.009900991804897785,-0.3892825245857239,0.08022264391183853,0.08168967068195343,-0.7430647611618042,0.02859138511121273,-0.7144733667373657,-0.10947100818157196,-0.07319144904613495,-0.6224475502967834,-0.025617007166147232,-0.6480645537376404,0.00825250893831253,0.00766319315880537,-0.3797852396965027,0.002682117512449622,-0.37710312008857727,-0.011454596184194088,0.03282282128930092,-0.04097951948642731,0.011487986892461777,-0.02949153259396553,-0.036077216267585754,-0.011328971944749355,0.3433372974395752,-0.0039651403203606606,0.3393721580505371
4.44,0.0,-0.075,0.0,0.1297291221838858,-0.19195578215966752,-1.477816303589805,-0.062223710119724274,0.4066644348204136,0.0,0.0,0.0,1.426819920539856,0.04474570229649544,1.4162395000457764,0.07220114767551422,0.08362732827663422,-0.37940502166748047,0.029269564896821976,-0.3501354455947876,0.00856518093496561,0.00388141768053174,-0.37911638617515564,0.0013584961416199803,-0.37775787711143494,-0.06124337762594223,-0.008726383559405804,-0.37925446033477783,-0.0030542341992259026,-0.382308691740036,0.016322841867804527,0.0387556292116642,-0.3793475925922394,0.01356447022408247,-0.36578312516212463,-0.02835836634039879,0.005153835751116276,-0.37907761335372925,0.0018038424896076322,-0.3772737681865692,0.0077435774728655815,-0.017478909343481064,-0.3793667256832123,-0.006117618177086115,-0.38548433780670166,0.008085621520876884,0.05960845574736595,-0.718166708946228,0.020862959325313568,-0.6973037719726562,-0.017134811729192734,-0.056374456733465195,-0.6289302110671997,-0.019731059670448303,-0.6486612558364868,-0.06307434290647507,-0.013558067381381989,-0.4159810245037079,-0.0047453236766159534,-0.42072635889053345,-0.0056351181119680405,0.021285438910126686,-0.09757795929908752,0.007449903525412083,-0.09012805670499802,0.0011902879923582077,-0.007573194336146116,0.28089478611946106,-0.002650618087500334,0.27824416756629944
4.46,0.0,-0.075,0.0,0.1381250769822713,-0.18919911578815665,-1.5030892415157353,-0.07855948805809021,0.3821607679128647,0.0,0.0,0.0,1.4126719236373901,0.052658628672361374,1.4023517370224,0.05665291100740433,0.07553499937057495,-0.37940502166748047,0.026437249034643173,-0.352967768907547,0.054049067199230194,0.018931712955236435,-0.37913426756858826,0.006626099348068237,-0.37250816822052,0.01224607415497303,-0.00243464601226151,-0.3792291283607483,-0.0008521261042915285,-0.38008126616477966,0.16119372844696045,0.07548706233501434,-0.37936556339263916,0.02642047218978405,-0.35294508934020996,-0.004972886294126511,0.00211581913754344,-0.3790774941444397,0.0007405366632156074,-0.37833696603775024,-0.083098866045475,-0.037164896726608276,-0.3793489933013916,-0.013007713481783867,-0.3923566937446594,0.06347312033176422,0.06076785549521446,-0.68602454662323,0.021268749609589577,-0.6647558212280273,-0.11610075831413269,-0.07429234683513641,-0.627276599407196,-0.026002321392297745,-0.6532789468765259,0.007063807919621468,-0.007371504791080952,-0.44524145126342773,-0.0025800266303122044,-0.4478214681148529,-0.04495725780725479,0.0014126291498541832,-0.15022581815719604,0.0004944201791658998,-0.14973139762878418,-0.03107784502208233,-0.014624590054154396,0.21840190887451172,-0.005118606612086296,0.21328330039978027
4.48,0.0,-0.075,0.0,0.13742566705442374,-0.20608991463252727,-1.571182430490664,-0.0785723328590393,0.38214150071144104,0.0,0.0,0.0,1.394699215888977,0.04902762547135353,1.3903928995132446,0.048576049506664276,0.06744731217622757,-0.37940114736557007,0.02360655926167965,-0.3557945787906647,0.023199355229735374,0.02021200582385063,-0.37915465235710144,0.007074201945215464,-0.3720804452896118,-0.05137104541063309,-0.01711556687951088,-0.3792041540145874,-0.005990448407828808,-0.3851945996284485,0.061927031725645065,0.07141905277967453,-0.37938058376312256,0.024996668100357056,-0.3543839156627655,0.0003582071512937546,0.0015885354951024055,-0.37908124923706055,0.0005559874116443098,-0.3785252571105957,-0.030999276787042618,-0.03531520813703537,-0.3793286383152008,-0.012360322289168835,-0.3916889727115631,0.027046822011470795,0.05065154656767845,-0.6471818685531616,0.017728041857481003,-0.6294538378715515,-0.04250388592481613,-0.06475581228733063,-0.6175148487091064,-0.02266453392803669,-0.6401793956756592,-0.0805407166481018,-0.029322270303964615,-0.467071533203125,-0.01026279479265213,-0.47733432054519653,-0.04049462452530861,-0.011159547604620457,-0.1980324536561966,-0.003905841615051031,-0.20193830132484436,-0.021444249898195267,-0.016670487821102142,0.1569158285856247,-0.00583467073738575,0.1510811597108841
4.5,0.0,-0.075,0.0,0.143558636398865,-0.20468115232771214,-1.5709798046731045,-0.1059587150812149,0.34106192737817764,0.0,0.0,0.0,1.3726602792739868,0.051665663719177246,1.3696105480194092,0.07198260724544525,0.06880789995193481,-0.3793935179710388,0.024082764983177185,-0.35531073808670044,0.03502681106328964,0.024656448513269424,-0.37917715311050415,0.008629756979644299,-0.3705473840236664,-0.00760212168097496,-0.014261533506214619,-0.37918001413345337,-0.004991536494344473,-0.3841715455055237,0.093075692653656,0.07791604101657867,-0.3793922960758209,0.027270613238215446,-0.3521216809749603,0.0026848111301660538,0.0019174182089045644,-0.379088819026947,0.0006710963789373636,-0.3784177303314209,-0.060981474816799164,-0.04301508516073227,-0.37930625677108765,-0.01505527924746275,-0.3943615257740021,0.03989486023783684,0.047424543648958206,-0.602295994758606,0.016598589718341827,-0.5856974124908447,-0.06823663413524628,-0.06580005586147308,-0.599810004234314,-0.02303001843392849,-0.6228400468826294,-0.037698592990636826,-0.0318351686000824,-0.481101930141449,-0.011142308823764324,-0.49224424362182617,-0.030585065484046936,-0.016987204551696777,-0.2401891052722931,-0.005945521406829357,-0.24613462388515472,-0.0309447068721056,-0.020952753722667694,0.09747672080993652,-0.0073334635235369205,0.09014325588941574
4.5200000000000005,0.0,-0.075,0.0,0.1370469110312266,-0.21972491024234553,-1.6121131132136448,-0.10320751368999481,0.3451887294650078,0.0,0.0,0.0,1.34646475315094,0.05960612744092941,1.3442082405090332,0.055656760931015015,0.06486255675554276,-0.3793821930885315,0.022701894864439964,-0.356680303812027,0.036302290856838226,0.028150200843811035,-0.37920111417770386,0.009852570481598377,-0.36934855580329895,-0.05568040907382965,-0.026687197387218475,-0.37915730476379395,-0.009340519085526466,-0.38849782943725586,0.13650564849376678,0.09549292176961899,-0.37940043210983276,0.033422522246837616,-0.34597790241241455,0.02596842683851719,0.009132720530033112,-0.37909996509552,0.003196452045813203,-0.37590351700782776,-0.07970880717039108,-0.05402320250868797,-0.37928229570388794,-0.018908120691776276,-0.3981904089450836,0.0677109807729721,0.05351047217845917,-0.5521260499954224,0.01872866414487362,-0.533397376537323,-0.0670539140701294,-0.06617621332406998,-0.5744616389274597,-0.023161673918366432,-0.5976232886314392,-0.04986266791820526,-0.03724341839551926,-0.48709532618522644,-0.013035195879638195,-0.5001305341720581,-0.03140110522508621,-0.021311374381184578,-0.2759826183319092,-0.00745898112654686,-0.28344160318374634,-0.10337749123573303,-0.045680176466703415,0.04109010100364685,-0.01598806120455265,0.0251020397990942
4.54,0.0,-0.075,0.0,0.13832477255806166,-0.22000497080823245,-1.5763991372014654,-0.09086691588163376,0.36369962617754936,0.0,0.0,0.0,1.3161996603012085,0.051749054342508316,1.3206731081008911,0.07598839700222015,0.06820030510425568,-0.3793675899505615,0.023870106786489487,-0.35549747943878174,0.005662261508405209,0.02140381932258606,-0.37922602891921997,0.007491336669772863,-0.3717346787452698,-0.05073387920856476,-0.03390120342373848,-0.3791366219520569,-0.011865421198308468,-0.39100202918052673,0.01839277520775795,0.07236287742853165,-0.37940478324890137,0.025327006354928017,-0.3540777862071991,-0.03640397638082504,-0.004528289195150137,-0.3791145086288452,-0.0015849012415856123,-0.38069939613342285,-0.02384365350008011,-0.0449693389236927,-0.37925732135772705,-0.01573926769196987,-0.3949965834617615,-0.013375955633819103,0.033444542437791824,-0.49752092361450195,0.011705589480698109,-0.4858153462409973,-0.028261307626962662,-0.05480173975229263,-0.5418985486030579,-0.01918060891330242,-0.5610791444778442,-0.08825699239969254,-0.05254749208688736,-0.48495030403137207,-0.018391622230410576,-0.5033419132232666,0.007061362266540527,-0.012799553573131561,-0.30480754375457764,-0.004479843657463789,-0.3092873990535736,-0.012496119365096092,-0.03572496026754379,-0.01129013579338789,-0.012503735721111298,-0.023793872445821762
4.5600000000000005,0.0,-0.075,0.0,0.13002977629331278,-0.22866350545212386,-1.519451388002213,-0.08839408308267593,0.3674088753759861,0.0,0.0,0.0,1.2821539640426636,0.0548815093934536,1.2916427850723267,0.08704143017530441,0.07385264337062836,-0.3793499171733856,0.025848424062132835,-0.35350149869918823,0.015495631843805313,0.019631363451480865,-0.3792513906955719,0.0068709771148860455,-0.37238040566444397,-0.08986888080835342,-0.05069150775671005,-0.3791183829307556,-0.01774202659726143,-0.39686042070388794,0.06125260517001152,0.0690297931432724,-0.3794052004814148,0.02416042797267437,-0.35524478554725647,-0.022487444803118706,-0.009916036389768124,-0.37913209199905396,-0.0034706126898527145,-0.3826026916503906,-0.039896998554468155,-0.04344763606786728,-0.3792320489883423,-0.015206672251224518,-0.3944387137889862,0.004385612905025482,0.024726862087845802,-0.43940430879592896,0.008654401637613773,-0.43074989318847656,-0.02442297153174877,-0.04568810760974884,-0.5026715397834778,-0.015990836545825005,-0.5186623930931091,-0.11723367869853973,-0.07195334881544113,-0.47470325231552124,-0.025183672085404396,-0.4998869299888611,-0.01456301100552082,-0.013328591361641884,-0.32617613673210144,-0.004665006883442402,-0.33084115386009216,-0.040176138281822205,-0.03706031292676926,-0.05877787619829178,-0.012971109710633755,-0.07174898684024811
4.58,0.0,-0.075,0.0,0.12959062870442117,-0.22953266821690324,-1.4739194110654363,-0.07538696378469467,0.386919554322958,0.0,0.0,0.0,1.2448376417160034,0.05274278670549393,1.2584857940673828,0.0823172852396965,0.0763920322060585,-0.37932971119880676,0.026737211272120476,-0.35259249806404114,0.018692858517169952,0.01934981159865856,-0.37927642464637756,0.006772433873265982,-0.37250399589538574,-0.0590229332447052,-0.0531909316778183,-0.3791031539440155,-0.018616825342178345,-0.39771997928619385,0.009459152817726135,0.0511586032807827,-0.3794017732143402,0.01790551096200943,-0.3614962697029114,-0.07201573997735977,-0.02854594774544239,-0.37915217876434326,-0.009991081431508064,-0.3891432583332062,-0.04963763803243637,-0.045304637402296066,-0.37920695543289185,-0.015856623649597168,-0.395063579082489,-0.06494534015655518,-0.0021748002618551254,-0.3787592947483063,-0.0007611800683662295,-0.3795204758644104,0.006489841267466545,-0.03003472089767456,-0.45744431018829346,-0.010512151755392551,-0.46795645356178284,-0.10430604964494705,-0.08165916055440903,-0.4565274119377136,-0.02858070656657219,-0.4851081073284149,0.04945264384150505,0.005505779758095741,-0.3397269546985626,0.0019270229386165738,-0.33779993653297424,0.006250666454434395,-0.024067020043730736,-0.10056978464126587,-0.0084234569221735,-0.10899323970079422
4.6000000000000005,0.0,-0.075,0.0,0.1241375052659256,-0.22960528786667314,-1.3587241885294596,-0.047587424516677856,0.4286188632249832,0.0,0.0,0.0,1.2049983739852905,0.051877014338970184,1.2229218482971191,0.093046635389328,0.08138841390609741,-0.3793073892593384,0.028485944494605064,-0.35082143545150757,0.013359607197344303,0.017552750185132027,-0.37930065393447876,0.006143462378531694,-0.37315720319747925,-0.0556308850646019,-0.05392291769385338,-0.37909114360809326,-0.018873021006584167,-0.3979641795158386,-0.08193885535001755,0.011229364201426506,-0.37939453125,0.003930277191102505,-0.3754642605781555,-0.05508270859718323,-0.036506976932287216,-0.37917447090148926,-0.01277744211256504,-0.39195191860198975,0.01596715673804283,-0.026923099532723427,-0.37918269634246826,-0.009423084557056427,-0.3886057734489441,-0.038845494389534,-0.013176009058952332,-0.3166118860244751,-0.004611602984368801,-0.32122349739074707,0.002812150865793228,-0.020180657505989075,-0.406981885433197,-0.007063230033963919,-0.414045125246048,-0.12890876829624176,-0.09583404660224915,-0.4307302236557007,-0.03354191407561302,-0.464272141456604,-0.014089349657297134,-0.0003727592993527651,-0.3452308177947998,-0.0001304657489527017,-0.34536129236221313,0.011379444971680641,-0.013433080166578293,-0.13595885038375854,-0.0047015780583024025,-0.14066043496131897
4.62,0.0,-0.075,0.0,0.1175453953642342,-0.23374871928954855,-1.2829337758499195,-0.06049723923206329,0.40925414115190506,0.0,0.0,0.0,1.1636321544647217,0.054125797003507614,1.1823450326919556,0.05520850419998169,0.07353444397449493,-0.37928348779678345,0.025737054646015167,-0.3535464406013489,0.03924603760242462,0.02406073734164238,-0.37932348251342773,0.008421258069574833,-0.3709022104740143,-0.010819731280207634,-0.04099196195602417,-0.37908273935317993,-0.01434718631207943,-0.3934299349784851,0.07420643419027328,0.030122485011816025,-0.3793836832046509,0.010542869567871094,-0.3688408136367798,-0.08169708400964737,-0.05006401240825653,-0.3791983127593994,-0.017522403970360756,-0.3967207074165344,-0.08520735055208206,-0.04440837353467941,-0.3791598081588745,-0.01554293092340231,-0.3947027325630188,-0.06821709871292114,-0.029688335955142975,-0.2540133595466614,-0.010390917770564556,-0.2644042670726776,-0.05181369185447693,-0.02967056818306446,-0.3521379828453064,-0.010384698398411274,-0.362522691488266,-0.09234684705734253,-0.09478788077831268,-0.3977482318878174,-0.0331757590174675,-0.4309239983558655,0.017026670277118683,0.00484706973657012,-0.3425945043563843,0.0016964743845164776,-0.3408980369567871,-0.0007489081472158432,-0.009627828374505043,-0.16434642672538757,-0.003369739977642894,-0.1677161604166031
4.64,0.0,-0.075,0.0,0.10774194370428199,-0.231946495937614,-1.157329837977996,-0.008778761141002178,0.48683185828849673,0.0,0.0,0.0,1.121983528137207,0.055238351225852966,1.1462966203689575,0.009139658883213997,0.05421600863337517,-0.3792586326599121,0.018975602462887764,-0.3602830171585083,0.02062365971505642,0.023029614239931107,-0.3793443739414215,0.008060364983975887,-0.37128400802612305,0.00012506358325481415,-0.0286568533629179,-0.3790780305862427,-0.010029898956418037,-0.38910794258117676,-0.016002684831619263,0.01628493331372738,-0.3793694078922272,0.00569972675293684,-0.37366968393325806,-0.11533413827419281,-0.06964504718780518,-0.37922316789627075,-0.02437576651573181,-0.40359893441200256,-0.047827836126089096,-0.04543421417474747,-0.37913888692855835,-0.015901975333690643,-0.3950408697128296,-0.06883062422275543,-0.04143102467060089,-0.19202278554439545,-0.014500858262181282,-0.20652364194393158,-0.04652749001979828,-0.03472764417529106,-0.2938404083251953,-0.012154675088822842,-0.30599507689476013,-0.12032013386487961,-0.10244755446910858,-0.3581393361091614,-0.035856641829013824,-0.3939959704875946,-0.02229907363653183,-0.0032967734150588512,-0.3318627178668976,-0.0011538707185536623,-0.333016574382782,0.03224586695432663,0.0029342803172767162,-0.18525224924087524,0.0010269980411976576,-0.18422524631023407
4.66,0.0,-0.075,0.0,0.09211025554785364,-0.22773274733755855,-1.015972417531744,0.010269606485962868,0.5154044097289443,0.01078308681026101,0.0,0.01078308681026101,1.0815305709838867,0.061477579176425934,1.1082100868225098,0.022738726809620857,0.04477282240986824,-0.37923333048820496,0.01567048765718937,-0.36356285214424133,0.056033410131931305,0.032930754125118256,-0.3793627917766571,0.011525764130055904,-0.3678370416164398,0.06318943202495575,-0.0011029671877622604,-0.3790772557258606,-0.00038603850407525897,-0.3794632852077484,-0.004790166392922401,0.00996240321546793,-0.37935206294059753,0.0034868409857153893,-0.37586522102355957,-0.11691202223300934,-0.08382514119148254,-0.3792484998703003,-0.02933879941701889,-0.4085873067378998,-0.10543803870677948,-0.06343536078929901,-0.3791203498840332,-0.022202376276254654,-0.40132272243499756,-0.07303222268819809,-0.05091138184070587,-0.13168880343437195,-0.017818983644247055,-0.1495077908039093,-0.13507936894893646,-0.06483316421508789,-0.2330753356218338,-0.02269160747528076,-0.25576692819595337,-0.07932115346193314,-0.09550963342189789,-0.31257352232933044,-0.0334283709526062,-0.34600189328193665,-0.06212833151221275,-0.020946241915225983,-0.3132169544696808,-0.0073311845771968365,-0.3205481469631195,0.0465548112988472,0.016020439565181732,-0.19832266867160797,0.005607153754681349,-0.19271551072597504
4.68,0.0,-0.075,0.0,0.07182204057807712,-0.219867258903263,-0.8565474354400111,0.03614671528339386,0.5542200729250908,0.03795405104756355,0.0,0.03795405104756355,1.0439432859420776,0.07050362974405289,1.070060133934021,0.06121295690536499,0.049704864621162415,-0.37920820713043213,0.017396701499819756,-0.3618115186691284,0.0452522411942482,0.03662720322608948,-0.3793783187866211,0.012819521129131317,-0.3665587902069092,0.0725681483745575,0.02099836803972721,-0.3790804147720337,0.007349428720772266,-0.3717309832572937,-0.00657641002908349,0.005000758916139603,-0.37933212518692017,0.0017502655973657966,-0.3775818645954132,-0.12591128051280975,-0.09645098447799683,-0.37927359342575073,-0.03375784307718277,-0.4130314290523529,-0.09912993758916855,-0.07414373755455017,-0.37910473346710205,-0.02595030702650547,-0.40505504608154297,-0.05807751417160034,-0.05306122452020645,-0.07403205335140228,-0.018571428954601288,-0.09260348230600357,-0.15502941608428955,-0.09189204126596451,-0.17087072134017944,-0.03216221556067467,-0.2030329406261444,-0.050909772515296936,-0.08212967216968536,-0.2618217468261719,-0.028745384886860847,-0.2905671298503876,-0.12108644843101501,-0.05098830536007881,-0.28697264194488525,-0.01784590631723404,-0.3048185408115387,0.06232765316963196,0.02991260588169098,-0.20333659648895264,0.010469411499798298,-0.1928671896457672
4.7,0.0,-0.075,0.0,0.04964968835938017,-0.20860390159371836,-0.6864460803104869,0.029705477878451347,0.544558216817677,0.031190751772373914,0.0,0.031190751772373914,1.0110045671463013,0.07905101031064987,1.0315958261489868,0.07871569693088531,0.058408111333847046,-0.37918388843536377,0.020442837849259377,-0.35874104499816895,0.04493941366672516,0.0391208678483963,-0.3793905973434448,0.01369230356067419,-0.36569830775260925,0.05010209232568741,0.029729485511779785,-0.37908732891082764,0.01040531974285841,-0.36868199706077576,0.041108887642621994,0.01583319716155529,-0.3793100416660309,0.005541618913412094,-0.3737684190273285,-0.09771714359521866,-0.0968308299779892,-0.37929797172546387,-0.03389079123735428,-0.41318875551223755,-0.0942201241850853,-0.08016665279865265,-0.37909233570098877,-0.028058327734470367,-0.40715065598487854,-0.054300062358379364,-0.053432878106832504,-0.020027942955493927,-0.01870150677859783,-0.03872945159673691,-0.1642441749572754,-0.11359769105911255,-0.10827891528606415,-0.03975919261574745,-0.1480381041765213,-0.025368425995111465,-0.06510129570960999,-0.20674248039722443,-0.022785453125834465,-0.22952793538570404,-0.15724430978298187,-0.08286510407924652,-0.25357377529144287,-0.029002785682678223,-0.2825765609741211,0.08898583799600601,0.04763457551598549,-0.20020917057991028,0.016672100871801376,-0.1835370659828186
4.72,0.0,-0.075,0.0,0.024984926801636838,-0.1960572615682237,-0.5082531039999076,0.02489153854548931,0.537337307818234,0.026136115472763774,0.0,0.026136115472763774,0.9844812750816345,0.07956916093826294,0.9981169700622559,0.0985252633690834,0.07044325768947601,-0.37916091084480286,0.024655139073729515,-0.3545057773590088,0.002132391557097435,0.028024325147271156,-0.3793993592262268,0.009808513335883617,-0.3695908486843109,0.06657399982213974,0.04078283905982971,-0.37909793853759766,0.0142739936709404,-0.36482393741607666,-0.022720640525221825,0.004267045296728611,-0.3792862892150879,0.0014934658538550138,-0.3777928352355957,-0.07145611196756363,-0.08921841531991959,-0.37932097911834717,-0.031226444989442825,-0.4105474352836609,-0.08375177532434464,-0.08124218881130219,-0.3790834844112396,-0.028434766456484795,-0.4075182378292084,-0.057354606688022614,-0.05460939556360245,0.029409948736429214,-0.019113287329673767,0.010296661406755447,-0.13006316125392914,-0.11853733658790588,-0.04635874927043915,-0.04148806631565094,-0.08784681558609009,0.013433032669126987,-0.04154099524021149,-0.14826753735542297,-0.01453934796154499,-0.16280688345432281,-0.1075768917798996,-0.09027864038944244,-0.21358534693717957,-0.031597524881362915,-0.24518287181854248,0.06477026641368866,0.05277528241276741,-0.18899333477020264,0.01847134903073311,-0.17052198946475983
4.74,0.0,-0.075,0.0,-0.0027793740605616176,-0.1808479767915749,-0.3208136330598883,0.0028722770512104034,0.5043084155768156,0.0030158909037709234,0.0,0.0030158909037709234,0.9659500122070312,0.07277990132570267,0.9731337428092957,0.10242647677659988,0.08003821969032288,-0.37913984060287476,0.028013376519083977,-0.35112646222114563,-0.03543509542942047,0.008986497297883034,-0.37940430641174316,0.003145274007692933,-0.3762590289115906,0.06933678686618805,0.04934902489185333,-0.3791119158267975,0.017272157594561577,-0.36183977127075195,-0.09147631376981735,-0.02445596270263195,-0.37926149368286133,-0.008559586480259895,-0.3878210783004761,-0.03114788606762886,-0.07179725915193558,-0.37934207916259766,-0.025129040703177452,-0.40447112917900085,-0.04849083721637726,-0.07141678780317307,-0.37907838821411133,-0.024995874613523483,-0.4040742516517639,-0.03395289182662964,-0.048412442207336426,0.07344529032707214,-0.01694435440003872,0.056500934064388275,-0.07472427934408188,-0.1053934171795845,0.013842269778251648,-0.03688769415020943,-0.02304542437195778,0.01974041387438774,-0.02315657213330269,-0.0873861163854599,-0.008104800246655941,-0.09549091756343842,-0.05772368982434273,-0.0805121585726738,-0.16768385469913483,-0.02817925438284874,-0.19586311280727386,0.05926889181137085,0.05472336709499359,-0.16987882554531097,0.019153177738189697,-0.15072564780712128
4.76,0.0,-0.075,0.0,-0.03221745164209599,-0.1666463250948023,-0.13406058916719552,0.011046411469578743,0.5165696172043681,0.01159873204305768,0.0,0.01159873204305768,0.9565953612327576,0.07195060700178146,0.9565824270248413,0.11662786453962326,0.09101511538028717,-0.37912121415138245,0.03185528889298439,-0.34726592898368835,-0.03910616785287857,-0.00544130289927125,-0.3794054388999939,-0.0019044559448957443,-0.3813098967075348,0.0870828703045845,0.060669176280498505,-0.37912899255752563,0.021234210580587387,-0.35789477825164795,-0.06832237541675568,-0.03761588782072067,-0.3792361915111542,-0.01316556055098772,-0.3924017548561096,-0.006651423871517181,-0.05225350707769394,-0.3793608248233795,-0.01828872784972191,-0.3976495563983917,-0.05038110539317131,-0.06510607898235321,-0.37907713651657104,-0.022787127643823624,-0.40186426043510437,-0.03031446784734726,-0.0429830476641655,0.11133313179016113,-0.015044066123664379,0.09628906846046448,-0.105195052921772,-0.10533390939235687,0.07130572199821472,-0.036866866052150726,0.034438855946063995,0.04133335500955582,-0.003809593617916107,-0.025128168985247612,-0.0013333577662706375,-0.02646152675151825,-0.07190738618373871,-0.07793072611093521,-0.11664578318595886,-0.027275754138827324,-0.14392153918743134,0.05031193047761917,0.053399935364723206,-0.1431889832019806,0.018689977005124092,-0.12449900805950165
4.78,0.0,-0.075,0.0,-0.06364184893581835,-0.14800687904844675,0.06887267581232355,0.022012954577803612,0.5330194318667054,0.023113602306693792,0.0,0.023113602306693792,0.9570291638374329,0.0718262642621994,0.9533029198646545,0.09248341619968414,0.0914556011557579,-0.37910544872283936,0.03200946003198624,-0.3470959961414337,-0.029935045167803764,-0.012789425440132618,-0.37940263748168945,-0.0044762990437448025,-0.3838789463043213,0.06295271962881088,0.06135423853993416,-0.3791487514972687,0.02147398330271244,-0.357674777507782,-0.06745864450931549,-0.04656871408224106,-0.3792110085487366,-0.0162990503013134,-0.3955100476741791,0.0009803008288145065,-0.03628336638212204,-0.37937670946121216,-0.012699178420007229,-0.39207589626312256,-0.04554498940706253,-0.059237752109766006,-0.37907981872558594,-0.020733213052153587,-0.3998130261898041,-0.01522099506109953,-0.03465443104505539,0.14243252575397491,-0.012129050679504871,0.13030347228050232,-0.11463096737861633,-0.10812301933765411,0.12505950033664703,-0.03784305602312088,0.08721644431352615,0.059396885335445404,0.015152350068092346,0.03745311126112938,0.005303322337567806,0.04275643453001976,-0.09859919548034668,-0.08413127064704895,-0.06133456528186798,-0.029445944353938103,-0.09078051149845123,0.046310484409332275,0.051273100078105927,-0.10937531292438507,0.017945583909749985,-0.09142972528934479
4.8,0.0,-0.075,0.0,-0.09253786160307907,-0.12919323088736337,0.26079620832157285,0.04137369990348816,0.5620605498552322,0.04344238489866256,0.0,0.04344238489866256,0.9671867489814758,0.07249908894300461,0.9614831209182739,0.0706496387720108,0.0852138102054596,-0.37909287214279175,0.02982483245432377,-0.3492680490016937,-0.02347705326974392,-0.01599571481347084,-0.3793960213661194,-0.005598499905318022,-0.3849945068359375,0.05583016574382782,0.05969701707363129,-0.3791707158088684,0.02089395560324192,-0.35827675461769104,-0.04523540288209915,-0.046168722212314606,-0.37918663024902344,-0.016159052029252052,-0.39534568786621094,-0.02126177027821541,-0.03177689015865326,-0.3793894052505493,-0.011121910996735096,-0.39051130414009094,-0.055147938430309296,-0.05801080912351608,-0.37908634543418884,-0.02030378207564354,-0.3993901312351227,-0.022636186331510544,-0.031048957258462906,0.1662173867225647,-0.010867134667932987,0.15535025298595428,-0.13143040239810944,-0.11511523276567459,0.17419426143169403,-0.04029032960534096,0.13390393555164337,0.05410221219062805,0.026837309822440147,0.09929902851581573,0.009393058717250824,0.10869208723306656,-0.09566804766654968,-0.08759230375289917,-0.002685878425836563,-0.03065730631351471,-0.03334318473935127,0.05393035709857941,0.05207027494907379,-0.06900984793901443,0.018224595114588737,-0.05078525096178055
4.82,0.0,-0.075,0.0,-0.12280526393049364,-0.10781424957934595,0.46535952258130947,0.051699891686439514,0.5775498375296593,0.05428488627076149,0.0,0.05428488627076149,0.986338198184967,0.07232578098773956,0.9777882695198059,0.05555647611618042,0.07631660997867584,-0.3790838420391083,0.026710813865065575,-0.35237303376197815,-0.007073584944009781,-0.013319075107574463,-0.37938567996025085,-0.00466167600825429,-0.38404735922813416,0.047989584505558014,0.056184787303209305,-0.37919431924819946,0.019664674997329712,-0.35952964425086975,-0.04736165702342987,-0.046526603400707245,-0.3791634440422058,-0.016284311190247536,-0.3954477608203888,-0.0014530234038829803,-0.022679729387164116,-0.37939852476119995,-0.007937905378639698,-0.3873364329338074,-0.04466262832283974,-0.05400635302066803,-0.37909653782844543,-0.01890222355723381,-0.39799875020980835,-0.030497156083583832,-0.030883416533470154,0.18228530883789062,-0.010809195227921009,0.1714761108160019,-0.1380346119403839,-0.12199104577302933,0.2178788185119629,-0.042696867138147354,0.17518195509910583,0.0561356283724308,0.03562680631875992,0.15936335921287537,0.012469382025301456,0.17183274030685425,-0.10096991062164307,-0.09160558879375458,0.058308109641075134,-0.03206195682287216,0.026246152818202972,0.043548353016376495,0.04951369762420654,-0.022775448858737946,0.01732979342341423,-0.005445655435323715
4.84,0.0,-0.075,0.0,-0.14828066282388552,-0.09018096496194049,0.6578400654118136,0.014179831370711327,0.521269747056067,0.014888822939246892,0.0,0.014888822939246892,1.0132113695144653,0.06517885625362396,1.0061792135238647,0.00973324105143547,0.05634159967303276,-0.37907856702804565,0.01971955969929695,-0.3593589961528778,-0.011799574829638004,-0.012863224372267723,-0.3793719410896301,-0.004502128344029188,-0.3838740587234497,0.00617075152695179,0.041180577129125595,-0.37921902537345886,0.014413202181458473,-0.36480581760406494,0.013762054033577442,-0.02844000607728958,-0.3791421353816986,-0.009954001754522324,-0.38909614086151123,-0.015958396717905998,-0.02066333033144474,-0.3794039189815521,-0.007232165429741144,-0.38663607835769653,-0.06847409904003143,-0.05834667757153511,-0.3791101574897766,-0.020421337336301804,-0.3995314836502075,-0.008876907639205456,-0.024281462654471397,0.1903645098209381,-0.008498512208461761,0.18186599016189575,-0.1021081879734993,-0.11602619290351868,0.25537410378456116,-0.04060916602611542,0.21476493775844574,0.0367143452167511,0.03595306724309921,0.2166299819946289,0.01258357334882021,0.22921355068683624,-0.06355134397745132,-0.08318931609392166,0.12061557173728943,-0.029116259887814522,0.09149931371212006,0.05892875790596008,0.052338212728500366,0.028545737266540527,0.01831837370991707,0.046864110976457596
4.86,0.0,-0.075,0.0,-0.1901427898191898,-0.06997937795984129,0.9592929339120722,-0.004229644313454628,0.49365553352981806,0.0,0.0,0.0,1.046181559562683,0.058075595647096634,1.037145733833313,-0.016411229968070984,0.03451574966311455,-0.37907713651657104,0.012080512009561062,-0.3669966161251068,-0.04095000773668289,-0.02128925919532776,-0.3793551027774811,-0.007451240438967943,-0.38680633902549744,0.04340682923793793,0.041848454624414444,-0.379244327545166,0.01464695855975151,-0.3645973801612854,-0.021172374486923218,-0.026259716600179672,-0.3791232109069824,-0.00919090025126934,-0.3883140981197357,0.05433380603790283,0.0018358109518885612,-0.37940549850463867,0.0006425338215194643,-0.37876296043395996,-0.0021306676790118217,-0.041481874883174896,-0.3791269063949585,-0.014518655836582184,-0.3936455547809601,-0.018699459731578827,-0.0226068627089262,0.19031831622123718,-0.007912402041256428,0.18240591883659363,-0.08390327543020248,-0.10638931393623352,0.2860458493232727,-0.03723625838756561,0.2488095909357071,0.01800541952252388,0.030568772926926613,0.27013012766838074,0.010699070058763027,0.28082919120788574,-0.061048947274684906,-0.07654720544815063,0.18318244814872742,-0.026791522279381752,0.15639092028141022,0.06345835328102112,0.05567425489425659,0.08408551663160324,0.019485989585518837,0.10357150435447693
4.88,0.0,-0.075,0.0,-0.193530814261884,-0.05969148322649087,1.0157138842590479,0.022916635498404503,0.5343749532476068,0.024062467273324728,0.0,0.024062467273324728,1.083471655845642,0.055054765194654465,1.0758198499679565,-0.02187231183052063,0.017599329352378845,-0.37907958030700684,0.006159765180200338,-0.37291982769966125,-0.018444564193487167,-0.02043585106730461,-0.37933558225631714,-0.0071525475941598415,-0.386488139629364,0.0325353667140007,0.03905452787876129,-0.37926948070526123,0.013669084757566452,-0.3656004071235657,-0.06956630200147629,-0.03925169259309769,-0.3791070878505707,-0.01373809203505516,-0.39284518361091614,0.06115610897541046,0.019631899893283844,-0.37940317392349243,0.0068711647763848305,-0.3725320100784302,-0.0011875154450535774,-0.029393566772341728,-0.37914639711380005,-0.010287748649716377,-0.38943415880203247,0.006373033858835697,-0.013912893831729889,0.18214744329452515,-0.004869512747973204,0.17727793753147125,-0.10263955593109131,-0.10526438057422638,0.30937519669532776,-0.03684253245592117,0.2725326716899872,0.01845494657754898,0.02693462371826172,0.31895869970321655,0.009427118115127087,0.3283858299255371,-0.027684727683663368,-0.06188846379518509,0.2449503242969513,-0.02166096121072769,0.2232893705368042,0.07747284322977066,0.06221383064985275,0.14290431141853333,0.021774839609861374,0.164679154753685
4.9,0.0,-0.075,0.0,-0.2193671735612218,-0.05289391835002402,1.2144981664468295,-0.00798588152974844,0.48802117770537734,0.0,0.0,0.0,1.1233206987380981,0.050238706171512604,1.1194349527359009,-0.0012190882116556168,0.011953803710639477,-0.379085898399353,0.004183831159025431,-0.37490206956863403,-0.031859077513217926,-0.023862820118665695,-0.37931379675865173,-0.008351987227797508,-0.3876657783985138,0.02056279219686985,0.033507008105516434,-0.3792940378189087,0.011727452278137207,-0.3675665855407715,-0.04577913135290146,-0.04120992496609688,-0.37909412384033203,-0.014423473738133907,-0.3935175836086273,0.07523912191390991,0.036314066499471664,-0.3793969452381134,0.012709923088550568,-0.36668702960014343,-0.013698834925889969,-0.024685148149728775,-0.3791680634021759,-0.008639801293611526,-0.3878078758716583,-0.0306084007024765,-0.018921546638011932,0.1659902036190033,-0.006622541230171919,0.1593676656484604,-0.06519296765327454,-0.09324295818805695,0.3249674439430237,-0.03263503313064575,0.29233241081237793,0.020638037472963333,0.025045648217201233,0.36228975653648376,0.008765976876020432,0.3710557222366333,0.05003665015101433,-0.028310926631093025,0.3048742413520813,-0.009908824227750301,0.2949654161930084,0.08240735530853271,0.06827189028263092,0.2040071189403534,0.023895161226391792,0.22790227830410004
4.92,0.0,-0.075,0.0,-0.214204155958348,-0.04434079649193773,1.242263960212325,-0.05471097677946091,0.41793353483080864,0.0,0.0,0.0,1.1641035079956055,0.04248562827706337,1.1687613725662231,-0.08880244195461273,-0.018273070454597473,-0.3790959119796753,-0.006395574659109116,-0.3854914903640747,-0.007778075058013201,-0.01903739757835865,-0.37929028272628784,-0.006663089152425528,-0.3859533667564392,-0.03375961631536484,0.013327019289135933,-0.37931734323501587,0.004664456471800804,-0.3746528923511505,-0.035474203526973724,-0.03948920965194702,-0.3790847063064575,-0.013821222819387913,-0.39290592074394226,0.031562045216560364,0.034888461232185364,-0.3793870806694031,0.012210961431264877,-0.3671761155128479,-0.011186482384800911,-0.02063554711639881,-0.379191517829895,-0.007222441490739584,-0.38641396164894104,0.04186385124921799,-0.0006859265267848969,0.1421198844909668,-0.00024007428146433085,0.14187981188297272,-0.054959800094366074,-0.08175800740718842,0.33255887031555176,-0.028615301474928856,0.30394357442855835,-0.018543902784585953,0.011968782171607018,0.39939016103744507,0.004189073573797941,0.4035792350769043,0.06897090375423431,0.0008736234158277512,0.36194050312042236,0.0003057681897189468,0.3622462749481201,0.046980954706668854,0.06188460811972618,0.26636025309562683,0.02165961265563965,0.2880198657512665
4.94,0.0,-0.075,0.0,-0.22811865835951958,-0.03924043866109846,1.3841868190295874,-0.024133142083883286,0.46380028687417507,0.0,0.0,0.0,1.2044013738632202,0.04799789935350418,1.2104486227035522,-0.0711648240685463,-0.03414059802889824,-0.37910938262939453,-0.011949209496378899,-0.3910585939884186,0.008906490169465542,-0.010654231533408165,-0.37926560640335083,-0.0037289808969944715,-0.3829945921897888,-0.003338901326060295,0.008327241986989975,-0.379338800907135,0.0029145346488803625,-0.37642425298690796,-0.04555581882596016,-0.04130919277667999,-0.3790789842605591,-0.014458217658102512,-0.3935371935367584,0.056370124220848083,0.04133296012878418,-0.379373699426651,0.014466536231338978,-0.3649071753025055,0.01539704855531454,-0.009825767949223518,-0.37921616435050964,-0.0034390187356621027,-0.38265517354011536,0.008748942986130714,0.002144534606486559,0.11094029992818832,0.0007505870889872313,0.11169088631868362,-0.08864440768957138,-0.08382392674684525,0.33202099800109863,-0.029338374733924866,0.30268263816833496,-0.01863744854927063,0.002786912489682436,0.42963239550590515,0.0009754193597473204,0.4306078255176544,-0.0091901496052742,-0.002145508537068963,0.4151836931705475,-0.0007509279530495405,0.4144327640533447,0.1325552761554718,0.0830858051776886,0.32890886068344116,0.02908003143966198,0.3579888939857483
4.96,0.0,-0.075,0.0,-0.21842974975285864,-0.03099981601476927,1.3921506184915204,-0.008709032088518143,0.4869364518672228,0.0,0.0,0.0,1.2430377006530762,0.0520237572491169,1.2529144287109375,-0.02659250609576702,-0.03187616914510727,-0.37912601232528687,-0.011156658641994,-0.39028266072273254,0.002476030495017767,-0.006715152412652969,-0.37924039363861084,-0.0023503033444285393,-0.38159069418907166,-0.011238984763622284,0.0024573737755417824,-0.3793579339981079,0.0008600808214396238,-0.378497838973999,-0.035720035433769226,-0.03963244706392288,-0.37907707691192627,-0.013871355913579464,-0.3929484188556671,0.029476730152964592,0.03777609020471573,-0.3793572187423706,0.01322163175791502,-0.3661355972290039,0.0004412354901432991,-0.006745666731148958,-0.379241406917572,-0.0023609832860529423,-0.38160237669944763,-0.03373964503407478,-0.008620720356702805,0.0729789212346077,-0.003017252078279853,0.06996166706085205,-0.0953398272395134,-0.08727870136499405,0.32336294651031494,-0.030547544360160828,0.2928153872489929,-0.005750877317041159,0.0002255754079669714,0.45250481367111206,7.895139424363151e-05,0.45258376002311707,0.03120511770248413,0.007859678938984871,0.46370309591293335,0.0027508875355124474,0.4664539694786072,0.14326873421669006,0.10114068537950516,0.3905948996543884,0.035399239510297775,0.4259941279888153
4.98,0.0,-0.075,0.0,-0.22629695545150091,-0.023280843276006564,1.469056290574457,-0.031342700123786926,0.4529859498143196,0.0,0.0,0.0,1.2790888547897339,0.05654536932706833,1.2897686958312988,-0.026120604947209358,-0.03014949895441532,-0.3791453242301941,-0.01055232435464859,-0.3896976411342621,0.025138800963759422,0.002841033972799778,-0.3792151212692261,0.0009943618206307292,-0.3782207667827606,-0.019869284704327583,-0.004240624140948057,-0.37937432527542114,-0.0014842184027656913,-0.38085854053497314,-0.015779033303260803,-0.03247642144560814,-0.37907910346984863,-0.011366747319698334,-0.39044585824012756,0.022264545783400536,0.033122628927230835,-0.37933793663978577,0.011592919938266277,-0.3677450120449066,0.01071434561163187,-0.0015076627023518085,-0.379266619682312,-0.0005276819574646652,-0.37979429960250854,-0.02964956685900688,-0.014929374679923058,0.02887793630361557,-0.005225281231105328,0.023652654141187668,-0.10320498794317245,-0.09205658733844757,0.3067312240600586,-0.03221980482339859,0.2745114266872406,-0.044542085379362106,-0.013204723596572876,0.4676204323768616,-0.004621653351932764,0.46299877762794495,0.006231160834431648,0.007371123414486647,0.5066779851913452,0.0025798932183533907,0.5092578530311584,0.15961861610412598,0.1186840683221817,0.4503747224807739,0.041539423167705536,0.49191415309906006
5.0,0.0,-0.075,0.0,-0.2169454181347029,-0.018510769786079538,1.4385288926375501,-0.05907117575407028,0.4113932363688946,0.0,0.0,0.0,1.311880350112915,0.05995550751686096,1.3300620317459106,-0.08400996029376984,-0.04630763828754425,-0.37916696071624756,-0.016207672655582428,-0.3953746259212494,-0.0011031273752450943,0.0016577853821218014,-0.3791905641555786,0.0005802248488180339,-0.3786103427410126,-0.024830663576722145,-0.0104176364839077,-0.3793874979019165,-0.0036461728159338236,-0.3830336630344391,0.025647444650530815,-0.015039261430501938,-0.3790850043296814,-0.005263741593807936,-0.3843487501144409,0.05469703674316406,0.03959495201706886,-0.37931638956069946,0.013858232647180557,-0.3654581606388092,-0.003545294515788555,-0.00211895233951509,-0.37929126620292664,-0.0007416332955472171,-0.38003289699554443,-0.04377346485853195,-0.02358260378241539,-0.020616605877876282,-0.008253911510109901,-0.028870517387986183,-0.08642896264791489,-0.09036830067634583,0.28240716457366943,-0.03162890300154686,0.2507782578468323,0.002340245060622692,-0.008541232906281948,0.47472357749938965,-0.0029894313775002956,0.4717341363430023,0.08728337287902832,0.03134480118751526,0.5433812737464905,0.01097068004310131,0.5543519258499146,0.13822871446609497,0.12454746663570404,0.5072370767593384,0.043591611087322235,0.5508286952972412
5.0200000000000005,0.0,-0.075,0.0,-0.2205702402299899,-0.008968886013750597,1.4439885066877018,-0.10368959605693817,0.34446560591459274,0.0,0.0,0.0,1.2883882522583008,0.06463326513767242,1.3083624839782715,-0.1030242070555687,-0.06332261115312576,-0.3790796399116516,-0.022162914276123047,-0.40124255418777466,0.023585345596075058,0.00823605339974165,-0.3793761134147644,0.0028826186899095774,-0.3764934837818146,-0.026158751919865608,-0.015139970928430557,-0.37921208143234253,-0.005298989824950695,-0.3845110833644867,0.0006237159250304103,-0.010340368375182152,-0.37914785742759705,-0.0036191288381814957,-0.382766991853714,0.06273835152387619,0.04653797298669815,-0.3794028162956238,0.016288289800286293,-0.36311453580856323,0.043344441801309586,0.011520067229866982,-0.3791060447692871,0.004032023251056671,-0.37507402896881104,0.02625134401023388,-0.008632419630885124,0.01582365669310093,-0.0030213468708097935,0.012802310287952423,-0.0556543692946434,-0.0799541175365448,0.30081862211227417,-0.02798394113779068,0.2728346884250641,-0.019096430391073227,-0.011707792058587074,0.4703703224658966,-0.0040977271273732185,0.46627259254455566,0.09728337824344635,0.051126375794410706,0.5173830986022949,0.017894230782985687,0.5352773070335388,0.1587260514497757,0.13480104506015778,0.46628138422966003,0.04718036577105522,0.5134617686271667
5.04,0.0,-0.075,0.0,-0.21289949080009027,-0.006136312862805081,1.4204841481561221,-0.06827943027019501,0.3975808545947075,0.0,0.0,0.0,1.320197582244873,0.06796782463788986,1.3355110883712769,-0.020896965637803078,-0.05059491842985153,-0.37907713651657104,-0.017708221450448036,-0.39678534865379333,0.05432534217834473,0.022062839940190315,-0.3793600797653198,0.007721994072198868,-0.37163808941841125,-0.0030095409601926804,-0.011500841937959194,-0.37923726439476013,-0.004025294445455074,-0.3832625448703766,0.015917574986815453,-0.0024629849940538406,-0.37912821769714355,-0.0008620447479188442,-0.37999024987220764,0.07130394876003265,0.05396776646375656,-0.3794054388999939,0.018888717517256737,-0.3605167269706726,0.025748979300260544,0.015788741409778595,-0.37912195920944214,0.005526059307157993,-0.3735958933830261,-0.039353497326374054,-0.017848743125796318,-0.03500565141439438,-0.006247059907764196,-0.04125270992517471,-0.10231158882379532,-0.08666136115789413,0.2744539976119995,-0.030331475660204887,0.24412252008914948,-0.03864124044775963,-0.019787825644016266,0.47525209188461304,-0.006925738882273436,0.4683263599872589,-0.01950804702937603,0.02993604727089405,0.5522555112838745,0.01047761645168066,0.5627331137657166,0.18265612423419952,0.1491575688123703,0.5221743583679199,0.052205149084329605,0.5743795037269592
5.0600000000000005,0.0,-0.075,0.0,-0.21208932601047803,0.0015107647899840924,1.3523073343603027,-0.025785552337765694,0.46132167149335146,0.0,0.0,0.0,1.348227858543396,0.0700477734208107,1.365897536277771,-0.037145160138607025,-0.04655998945236206,-0.3790785074234009,-0.01629599556326866,-0.39537450671195984,0.013005121611058712,0.01934552565217018,-0.3793412446975708,0.0067709339782595634,-0.37257030606269836,0.037150681018829346,0.003094615414738655,-0.3792625665664673,0.0010831153485924006,-0.3781794607639313,0.028639599680900574,0.006867790594696999,-0.37911123037338257,0.0024037265684455633,-0.3767074942588806,0.07864890247583389,0.06137210875749588,-0.3794041872024536,0.021480238065123558,-0.3579239547252655,-0.01618119515478611,0.006197759881615639,-0.379140704870224,0.0021692158188670874,-0.3769714832305908,-0.1043187603354454,-0.04378975182771683,-0.09014780074357986,-0.015326413325965405,-0.10547421127557755,-0.1298215091228485,-0.09960940480232239,0.2409430593252182,-0.03486328944563866,0.20607976615428925,0.0621194913983345,0.004784370772540569,0.47199225425720215,0.0016745297471061349,0.473666787147522,0.016262788325548172,0.025834068655967712,0.580085277557373,0.0090419240295887,0.5891271829605103,0.13640096783638,0.14533059298992157,0.5739352107048035,0.05086570605635643,0.6248009204864502
5.08,0.0,-0.075,0.0,-0.206472559420773,-0.0005995419837150504,1.2992757120961305,-0.049094416201114655,0.426358375698328,0.0,0.0,0.0,1.3723136186599731,0.06564841419458389,1.3946110010147095,-0.006966819986701012,-0.03468203544616699,-0.3790838122367859,-0.012138712219893932,-0.3912225365638733,0.006456189788877964,0.015478724613785744,-0.37932005524635315,0.005417553707957268,-0.37390249967575073,0.02275983989238739,0.00899418257176876,-0.37928733229637146,0.0031479639001190662,-0.376139372587204,-0.05972066894173622,-0.013108747079968452,-0.3790974020957947,-0.004588061477988958,-0.38368546962738037,0.06961457431316376,0.06384484469890594,-0.37939906120300293,0.02234569564461708,-0.35705336928367615,0.04287434741854668,0.017200736328959465,-0.3791618347167969,0.006020257715135813,-0.3731415867805481,0.08739861100912094,-0.004433242604136467,-0.14866995811462402,-0.0015516348648816347,-0.150221586227417,-0.04804464802145958,-0.08413997292518616,0.20085270702838898,-0.029448989778757095,0.17140372097492218,0.017174992710351944,0.008501557633280754,0.46064603328704834,0.002975545125082135,0.463621586561203,0.10329091548919678,0.04907112568616867,0.6004016399383545,0.017174893990159035,0.617576539516449,0.12678402662277222,0.1397666186094284,0.6206883192062378,0.04891831427812576,0.669606626033783
5.1000000000000005,0.0,-0.075,0.0,-0.19446410102524062,0.0025805657156171484,1.159813536412933,-0.1377740055322647,0.29333899170160294,0.0,0.0,0.0,1.3924777507781982,0.0656416267156601,1.4114452600479126,0.020771721377968788,-0.018045907840132713,-0.3790927827358246,-0.006316067650914192,-0.38540884852409363,-0.01164981722831726,0.007340162061154842,-0.3792969584465027,0.0025690565817058086,-0.3767279088497162,-0.041330404579639435,-0.006103194318711758,-0.3793110251426697,-0.002136118011549115,-0.3814471364021301,0.04435219243168831,0.004129535518586636,-0.3790869116783142,0.0014453374315053225,-0.37764158844947815,0.09654376655817032,0.07365452498197556,-0.379390150308609,0.025779083371162415,-0.3536110520362854,0.06999602913856506,0.03303932398557663,-0.37918487191200256,0.01156376302242279,-0.36762112379074097,0.0710003599524498,0.018196839839220047,-0.20958209037780762,0.006368893664330244,-0.20321319997310638,-0.08698296546936035,-0.08499287068843842,0.15486115217208862,-0.029747504740953445,0.12511365115642548,0.004288430325686932,0.007237619254738092,0.4414052963256836,0.0025331666693091393,0.4439384639263153,0.0482901893556118,0.0488368459045887,0.6128609776496887,0.01709289662539959,0.6299538612365723,0.12395581603050232,0.13502337038516998,0.6616427898406982,0.047258179634809494,0.7089009881019592
5.12,0.0,-0.075,0.0,-0.18912979482973116,-0.0042435228033258525,1.0857391566579164,-0.0974898487329483,0.35376522690057755,0.0,0.0,0.0,1.4089045524597168,0.067060686647892,1.431861400604248,0.04905342310667038,0.0020838920027017593,-0.3791053295135498,0.0007293621893040836,-0.37837597727775574,0.02273540385067463,0.011958735063672066,-0.3792725205421448,0.0041855573654174805,-0.3750869631767273,0.035708021372556686,0.0064401705749332905,-0.3793330192565918,0.0022540597710758448,-0.37707895040512085,0.03438148275017738,0.013205120339989662,-0.3790801763534546,0.004621792118996382,-0.374458372592926,0.07120434939861298,0.07291947305202484,-0.37937772274017334,0.025521814823150635,-0.3538559079170227,-0.004475927911698818,0.021784747019410133,-0.3792092204093933,0.007624661549925804,-0.37158456444740295,-0.006700298748910427,0.010727697983384132,-0.2718537747859955,0.0037546942476183176,-0.2680990695953369,-0.0687669962644577,-0.0801251083612442,0.1037464290857315,-0.02804378792643547,0.07570263743400574,0.052463214844465256,0.020805299282073975,0.4145955443382263,0.007281854748725891,0.421877384185791,0.11526687443256378,0.06876585632562637,0.6172524094581604,0.02406805008649826,0.6413204669952393,0.1427125334739685,0.13733011484146118,0.6961058378219604,0.048065539449453354,0.7441713809967041
5.14,0.0,-0.075,0.0,-0.17379537213360804,-0.008060675726139038,0.9528700191491755,-0.09423931688070297,0.35864102467894554,0.0,0.0,0.0,1.4219095706939697,0.06886423379182816,1.4448976516723633,-0.01851397007703781,-0.004095466807484627,-0.3791210651397705,-0.001433413359336555,-0.3805544674396515,0.04442403465509415,0.021698325872421265,-0.37924742698669434,0.007594414055347443,-0.3716530203819275,-0.020210416987538338,-0.001555006019771099,-0.379352867603302,-0.0005442521069198847,-0.3798971176147461,-0.0657450407743454,-0.010479927994310856,-0.3790772259235382,-0.0036679748445749283,-0.3827452063560486,0.07450693100690842,0.07339571416378021,-0.3793620765209198,0.025688499212265015,-0.3536735773086548,0.039990201592445374,0.02724638395011425,-0.3792344033718109,0.00953623466193676,-0.369698166847229,0.1264025866985321,0.04543016478419304,-0.334431529045105,0.01590055786073208,-0.31853097677230835,-0.0585629977285862,-0.07365647703409195,0.048373229801654816,-0.025779766961932182,0.022593462839722633,-0.0014763344079256058,0.01412080880254507,0.38067036867141724,0.004942283034324646,0.3856126666069031,0.0411919541656971,0.06049368530511856,0.613501787185669,0.021172789856791496,0.6346745491027832,0.15839636325836182,0.14364999532699585,0.7234943509101868,0.05027749761939049,0.7737718224525452
5.16,0.0,-0.075,0.0,-0.1538613451718254,-0.013827167303052416,0.8066985613553577,-0.14431504905223846,0.2835274264216423,0.0,0.0,0.0,1.4319056272506714,0.07288748025894165,1.4559662342071533,0.09576475620269775,0.025862600654363632,-0.3791397213935852,0.009051909670233727,-0.37008780241012573,0.03083897940814495,0.024440523236989975,-0.3792220950126648,0.008554182946681976,-0.3706679046154022,0.021620405837893486,0.005397617816925049,-0.3793700933456421,0.0018891661893576384,-0.3774809241294861,-0.043249502778053284,-0.02031080052256584,-0.3790781497955322,-0.007108780089765787,-0.3861869275569916,0.07879173010587692,0.07501451671123505,-0.37934350967407227,0.026255080476403236,-0.3530884385108948,0.044120270758867264,0.03230855241417885,-0.3792596459388733,0.011307992972433567,-0.3679516613483429,0.059751659631729126,0.049726612865924835,-0.39625680446624756,0.017404314130544662,-0.3788524866104126,-0.03277488797903061,-0.06139200180768967,-0.010321686044335365,-0.021487200632691383,-0.03180888667702675,0.04379662871360779,0.023023555055260658,0.3402036428451538,0.008058244362473488,0.34826189279556274,0.11159257590770721,0.0758233517408371,0.6016722917556763,0.026538172736763954,0.6282104849815369,0.1644628643989563,0.1498938500881195,0.7433451414108276,0.05246284604072571,0.795807957649231
5.18,0.0,-0.075,0.0,-0.1306106620904988,-0.022760255819017992,0.6427243815204426,-0.1991211473941803,0.20131827890872955,0.0,0.0,0.0,1.4393666982650757,0.07411623746156693,1.4620927572250366,0.05440216511487961,0.034424468874931335,-0.37916073203086853,0.012048563919961452,-0.3671121597290039,0.04954952746629715,0.0319732241332531,-0.37919729948043823,0.011190628632903099,-0.3680066764354706,-0.02243809960782528,-0.002953097689896822,-0.37938421964645386,-0.0010335841216146946,-0.3804177939891815,0.05051295459270477,0.0009363265708088875,-0.37908297777175903,0.00032771428232081234,-0.37875527143478394,0.07093260437250137,0.07378993928432465,-0.3793225586414337,0.025826478376984596,-0.35349607467651367,0.050313763320446014,0.03771011531352997,-0.3792845606803894,0.013198540546000004,-0.3660860061645508,0.041667550802230835,0.047308892011642456,-0.4562836289405823,0.01655811257660389,-0.43972551822662354,-0.023945551365613937,-0.0501580685377121,-0.07134538888931274,-0.017555324360728264,-0.08890071511268616,0.05192463845014572,0.03169387951493263,0.29387998580932617,0.011092857457697392,0.3049728572368622,0.07578150928020477,0.07581079751253128,0.581964373588562,0.02653377875685692,0.6084981560707092,0.16935916244983673,0.15573343634605408,0.7553222179412842,0.05450670048594475,0.8098289370536804
5.2,0.0,-0.075,0.0,-0.10432185047293918,-0.03637558419970282,0.46236058823477294,-0.14193318784236908,0.2871002182364464,0.0,0.0,0.0,1.4447886943817139,0.07166808098554611,1.4646496772766113,0.02346278727054596,0.031135965138673782,-0.37918370962142944,0.010897587984800339,-0.3682861328125,0.045449912548065186,0.03601623326539993,-0.3791734576225281,0.012605681084096432,-0.36656779050827026,-0.011010181158781052,-0.0053702229633927345,-0.3793949484825134,-0.0018795779906213284,-0.3812745213508606,-0.022905655205249786,-0.0062162685208022594,-0.3790915608406067,-0.002175693865865469,-0.381267249584198,0.032588228583335876,0.061429426074028015,-0.37929967045783997,0.021500298753380775,-0.35779938101768494,0.008639003150165081,0.028988782316446304,-0.37930840253829956,0.010146073997020721,-0.36916232109069824,0.11192631721496582,0.06669412553310394,-0.5134965181350708,0.02334294281899929,-0.49015358090400696,-0.044462986290454865,-0.048449546098709106,-0.133665531873703,-0.016957340762019157,-0.1506228744983673,0.010027891956269741,0.025194082409143448,0.242482990026474,0.008817928843200207,0.2513009309768677,0.04309293255209923,0.06599543988704681,0.5547111630439758,0.023098403587937355,0.5778095722198486,0.14429058134555817,0.15230058133602142,0.7592231035232544,0.05330520123243332,0.8125283122062683
5.22,0.0,-0.075,0.0,-0.07883384497592424,-0.04890171606111219,0.2841856387493115,-0.15523694455623627,0.2671445831656456,0.0,0.0,0.0,1.4486494064331055,0.06761153787374496,1.4650776386260986,0.061232730746269226,0.040164995938539505,-0.379207968711853,0.014057748019695282,-0.36515021324157715,0.04102148115634918,0.03751780837774277,-0.37915128469467163,0.013131232932209969,-0.3660200536251068,-0.001530468463897705,-0.004218296613544226,-0.3794019818305969,-0.0014764037914574146,-0.38087838888168335,0.05397643893957138,0.011841543950140476,-0.37910372018814087,0.004144540522247553,-0.37495917081832886,0.028240060433745384,0.05147261545062065,-0.379275381565094,0.018015414476394653,-0.36125996708869934,-0.01789475418627262,0.014923721551895142,-0.3793306052684784,0.005223302636295557,-0.374107301235199,0.051228370517492294,0.06205439567565918,-0.5669277310371399,0.021719038486480713,-0.5452086925506592,-0.04467867687344551,-0.04731828719377518,-0.19622787833213806,-0.016561400145292282,-0.21278928220272064,0.0483061745762825,0.03212771192193031,0.1868821531534195,0.011244699358940125,0.19812685251235962,0.043356698006391525,0.05920381844043732,0.5203738212585449,0.02072133682668209,0.5410951375961304,0.12350650131702423,0.14366236329078674,0.7549817562103271,0.0502818264067173,0.8052635788917542
5.24,0.0,-0.075,0.0,-0.052526096127532285,-0.06491648074648963,0.1002640477982822,-0.1458258032798767,0.28126129508018494,0.0,0.0,0.0,1.451371431350708,0.06358227878808975,1.4658058881759644,0.0444452241063118,0.041449062526226044,-0.37923312187194824,0.0145071716979146,-0.3647259473800659,0.019577516242861748,0.032135721296072006,-0.3791312575340271,0.011247502639889717,-0.36788374185562134,0.02487928606569767,0.004510978702455759,-0.37940531969070435,0.0015788425225764513,-0.3778264820575714,-0.019785907119512558,0.0023533087223768234,-0.3791190981864929,0.0008236580179072917,-0.3782954514026642,0.038953766226768494,0.047716960310935974,-0.37925031781196594,0.01670093648135662,-0.36254939436912537,-0.01180858351290226,0.006904030218720436,-0.3793507218360901,0.002416410483419895,-0.37693431973457336,0.05187203362584114,0.0589996874332428,-0.6156732439994812,0.02064988948404789,-0.5950233340263367,-0.06265342980623245,-0.05191883072257042,-0.2579740285873413,-0.018171589821577072,-0.2761456072330475,0.04602287709712982,0.036296263337135315,0.1280180960893631,0.012703691609203815,0.14072178304195404,0.03760715574026108,0.052724819630384445,0.47953325510025024,0.0184536874294281,0.49798694252967834,0.1073390543460846,0.13276536762714386,0.742669939994812,0.04646787792444229,0.7891378402709961
5.26,0.0,-0.075,0.0,-0.026720327094336555,-0.08276945615611428,-0.07418831799492263,-0.14417710900306702,0.2837343364953995,0.0,0.0,0.0,1.453287124633789,0.057358160614967346,1.4618921279907227,0.06725674122571945,0.049191366881132126,-0.379258394241333,0.01721697859466076,-0.3620414137840271,-0.03333740681409836,0.012493782676756382,-0.3791138529777527,0.004372823983430862,-0.3747410178184509,0.011186672374606133,0.006513686850667,-0.3794046640396118,0.002279790351167321,-0.3771248757839203,0.0045738834887743,0.0030194809660315514,-0.37913745641708374,0.0010568182915449142,-0.3780806362628937,0.05249152332544327,0.04914933070540428,-0.379224956035614,0.017202265560626984,-0.3620226979255676,0.01168303657323122,0.008337732404470444,-0.37936824560165405,0.002918206388130784,-0.3764500319957733,0.05775121599435806,0.05862514674663544,-0.658908486366272,0.020518800243735313,-0.6383897066116333,-0.039214909076690674,-0.048107653856277466,-0.3178594708442688,-0.016837678849697113,-0.3346971571445465,0.055217474699020386,0.041972626000642776,0.06688658893108368,0.014690418727695942,0.08157701045274734,0.08148442208766937,0.061352699995040894,0.4328802824020386,0.021473444998264313,0.4543537199497223,0.031243525445461273,0.10230880975723267,0.7224958539009094,0.03580808266997337,0.7583039402961731
5.28,0.0,-0.075,0.0,0.0015691314172403493,-0.10222312269670751,-0.2575753677237082,-0.1375482827425003,0.29367757588624954,0.0,0.0,0.0,1.4546116590499878,0.057588160037994385,1.4550223350524902,0.12691360712051392,0.07250803709030151,-0.3792833089828491,0.02537781186401844,-0.35390549898147583,-0.028318792581558228,0.00025000981986522675,-0.37909942865371704,8.750343840802088e-05,-0.37901192903518677,0.03823159635066986,0.016029059886932373,-0.3794001638889313,0.005610170774161816,-0.3737899959087372,-0.015172367915511131,-0.002438073977828026,-0.37915822863578796,-0.0008533258805982769,-0.38001155853271484,0.03617439419031143,0.0452568493783474,-0.3792000710964203,0.015839897096157074,-0.3633601665496826,0.017487984150648117,0.011082807555794716,-0.3793827295303345,0.0038789825048297644,-0.3755037486553192,0.08852621167898178,0.0675954669713974,-0.6959020495414734,0.02365841343998909,-0.6722436547279358,-0.03768474608659744,-0.04498078301548958,-0.3748711049556732,-0.015743274241685867,-0.39061439037323,0.04850781708955765,0.04393318295478821,0.0045218029990792274,0.015376613475382328,0.019898416474461555,0.07893365621566772,0.06662698835134506,0.381204217672348,0.023319445550441742,0.40452367067337036,0.028353339061141014,0.08012216538190842,0.6948009729385376,0.028042757883667946,0.7228437066078186
5.3,0.0,-0.075,0.0,0.030679242239226193,-0.12071415870683981,-0.45043419392049683,-0.11258609592914581,0.3311208561062813,0.0,0.0,0.0,1.455424427986145,0.05990486592054367,1.449538230895996,0.11468999087810516,0.08516262471675873,-0.37930721044540405,0.029806917533278465,-0.34950029850006104,-0.009504230692982674,-0.0026762622874230146,-0.3790884017944336,-0.0009366917656734586,-0.38002508878707886,0.047842755913734436,0.025573167949914932,-0.3793918490409851,0.008950608782470226,-0.3704412281513214,-0.05964485555887222,-0.01960011012852192,-0.3791809678077698,-0.006860038265585899,-0.3860410153865814,0.05107222497463226,0.04700146242976189,-0.37917613983154297,0.016450511291623116,-0.3627256155014038,0.027982957661151886,0.01615285314619541,-0.37939390540122986,0.0056534986943006516,-0.37374040484428406,0.09483575820922852,0.07576755434274673,-0.7260280847549438,0.026518642902374268,-0.6995094418525696,-0.04521637409925461,-0.045051462948322296,-0.4280444383621216,-0.015768012031912804,-0.44381245970726013,0.04385875537991524,0.04391085356473923,-0.058021243661642075,0.01536879874765873,-0.042652443051338196,0.05788777396082878,0.06400522589683533,0.3253791928291321,0.022401828318834305,0.3477810323238373,0.042332470417022705,0.06878525763750076,0.6600536108016968,0.024074839428067207,0.68412846326828
5.32,0.0,-0.075,0.0,0.058098521023278525,-0.13904820981211655,-0.6435799803628512,-0.11541736125946045,0.3268739581108093,0.0,0.0,0.0,1.4556626081466675,0.05636376515030861,1.4481449127197266,0.0806201621890068,0.08379988372325897,-0.37932953238487244,0.02932995930314064,-0.3499995768070221,-0.0415588915348053,-0.014341051690280437,-0.37908101081848145,-0.005019368138164282,-0.38410037755966187,0.005661733448505402,0.019599737599492073,-0.3793799877166748,0.006859907880425453,-0.3725200891494751,-0.048894137144088745,-0.028388317674398422,-0.3792051672935486,-0.009935910813510418,-0.3891410827636719,0.044864580035209656,0.04636039584875107,-0.3791537582874298,0.016226138919591904,-0.3629276156425476,0.037550926208496094,0.02257227525115013,-0.37940141558647156,0.007900295779109001,-0.3715011179447174,0.061925068497657776,0.0716148093342781,-0.7487770318984985,0.025065183639526367,-0.7237118482589722,-0.05763363093137741,-0.04882611334323883,-0.4764799475669861,-0.01708913967013359,-0.4935690760612488,0.012226947583258152,0.03440568223595619,-0.11968450248241425,0.012041988782584667,-0.1076425164937973,0.04602070525288582,0.058609869331121445,0.26634958386421204,0.02051345445215702,0.2868630290031433,0.013512576930224895,0.052203454077243805,0.6188416481018066,0.018271207809448242,0.6371128559112549
5.34,0.0,-0.075,0.0,0.08256800356535927,-0.1571192192079479,-0.8369132568587497,-0.10195399820804596,0.34706900268793106,0.0,0.0,0.0,1.4551252126693726,0.050866544246673584,1.4467151165008545,0.05950504541397095,0.0765114352107048,-0.3793497681617737,0.02677900157868862,-0.3525707721710205,-0.022375786677002907,-0.016751471906900406,-0.3790774345397949,-0.005863015074282885,-0.3849404454231262,0.0059652915224432945,0.015509403310716152,-0.37936484813690186,0.00542829092592001,-0.37393656373023987,-0.02505716122686863,-0.02738897129893303,-0.37923020124435425,-0.00958613958209753,-0.38881632685661316,0.03343208134174347,0.04248190298676491,-0.379133403301239,0.014868665486574173,-0.36426472663879395,0.003371189348399639,0.016811948269605637,-0.37940514087677,0.005884181708097458,-0.37352097034454346,0.06285686790943146,0.06898742914199829,-0.7637639045715332,0.024145599454641342,-0.7396183013916016,-0.06278246641159058,-0.053013019263744354,-0.5193583369255066,-0.018554557114839554,-0.537912905216217,0.01005579810589552,0.027100717648863792,-0.17942483723163605,0.009485251270234585,-0.16993959248065948,0.012057993561029434,0.0446443073451519,0.20511406660079956,0.01562550663948059,0.22073957324028015,0.012016333639621735,0.040147315710783005,0.5718622803688049,0.014051560312509537,0.5859138369560242
5.36,0.0,-0.075,0.0,0.1133132341884342,-0.1871234484003184,-1.1122622371907396,-0.0909540057182312,0.3635689914226532,0.0,0.0,0.0,1.4534891843795776,0.04899261146783829,1.444206953048706,0.08195598423480988,0.07814480364322662,-0.3793674409389496,0.02735068090260029,-0.35201674699783325,-0.016521554440259933,-0.016682496294379234,-0.3790777623653412,-0.0058388737961649895,-0.38491663336753845,0.012530042789876461,0.01461559534072876,-0.37934672832489014,0.0051154582761228085,-0.3742312788963318,-0.014908533543348312,-0.023644838482141495,-0.3792555332183838,-0.008275693282485008,-0.38753122091293335,0.032016821205616,0.039342377334833145,-0.37911567091941833,0.013769831508398056,-0.36534583568573,0.007194339297711849,0.013926665298640728,-0.3794049620628357,0.004874332807958126,-0.3745306432247162,0.06032947078347206,0.0663900375366211,-0.7707353830337524,0.023236513137817383,-0.7474988698959351,-0.0700710266828537,-0.0581304207444191,-0.555954098701477,-0.020345646888017654,-0.5762997269630432,-0.013612593524158001,0.014886723831295967,-0.23623162508010864,0.005210353061556816,-0.23102127015590668,0.04205106198787689,0.04386633262038231,0.14270849525928497,0.015353215858340263,0.15806171298027039,-0.0016593355685472488,0.027605319395661354,0.5199103355407715,0.009661861695349216,0.5295721888542175
5.38,0.0,-0.075,0.0,0.12439688237205547,-0.18530873637310397,-1.186907296798898,-0.06895707547664642,0.39656438678503036,0.0,0.0,0.0,1.4503345489501953,0.051493145525455475,1.4357645511627197,0.11140911281108856,0.0881240963935852,-0.37938210368156433,0.030843432992696762,-0.34853866696357727,0.022183021530508995,-0.005022841040045023,-0.3790819048881531,-0.001757994294166565,-0.38083988428115845,0.029833968728780746,0.019181106239557266,-0.3793261647224426,0.006713387090712786,-0.37261277437210083,0.10223792493343353,0.014119992032647133,-0.3792805075645447,0.004941997118294239,-0.3743385076522827,-0.008123435080051422,0.025102632120251656,-0.3791009187698364,0.008785921148955822,-0.37031498551368713,-0.07573879510164261,-0.01297297328710556,-0.3794008791446686,-0.004540540743619204,-0.3839414119720459,0.10809533298015594,0.07890162616968155,-0.7695733308792114,0.027615569531917572,-0.7419577836990356,-0.07408757507801056,-0.0629175677895546,-0.5856482982635498,-0.02202114835381508,-0.607669472694397,0.029861222952604294,0.01937907375395298,-0.2891438603401184,0.006782675627619028,-0.2823611795902252,0.01868506893515587,0.036311954259872437,0.08018860965967178,0.012709183618426323,0.09289779514074326,0.017931682989001274,0.02470322884619236,0.4638645350933075,0.008646129630506039,0.4725106656551361
5.4,0.0,-0.075,0.0,0.13944917000309875,-0.21012729892924353,-1.3779191392718535,-0.06929082423448563,0.39606376364827156,0.0,0.0,0.0,1.4451769590377808,0.05347415432333946,1.4277688264846802,0.08898989111185074,0.08838383853435516,-0.37939339876174927,0.030934343114495277,-0.34845906496047974,0.007217545062303543,-0.001350725069642067,-0.37908992171287537,-0.00047275377437472343,-0.3795626759529114,0.027435310184955597,0.021657366305589676,-0.37930357456207275,0.0075800782069563866,-0.3717235028743744,0.059478942304849625,0.027727678418159485,-0.37930452823638916,0.009704687632620335,-0.369599848985672,0.031078068539500237,0.02689526230096817,-0.3790895342826843,0.009413341991603374,-0.3696762025356293,-0.028741534799337387,-0.017703542485833168,-0.3793930113315582,-0.006196239963173866,-0.38558924198150635,0.09159891307353973,0.08271081745624542,-0.7602975368499756,0.028948785737156868,-0.7313487529754639,-0.09477421641349792,-0.07247456163167953,-0.6079384684562683,-0.025366095826029778,-0.6333045363426208,0.0030337886419147253,0.014475488103926182,-0.3372664153575897,0.005066420882940292,-0.33219999074935913,0.015376299619674683,0.03003125637769699,0.01861204206943512,0.010510939173400402,0.029122982174158096,-0.03418517857789993,0.0070367055013775826,0.4046730399131775,0.002462846925482154,0.40713587403297424
5.42,0.0,-0.075,0.0,0.14989287016231692,-0.2054730451620088,-1.4176324878991595,-0.07150077819824219,0.3927488327026367,0.0,0.0,0.0,1.4375052452087402,0.04301925748586655,1.4271929264068604,0.06059817969799042,0.08004814386367798,-0.3794010877609253,0.028016850352287292,-0.3513842225074768,-0.025352168828248978,-0.008551158010959625,-0.3791015148162842,-0.0029929052107036114,-0.3820944130420685,-0.08000581711530685,-0.008841589093208313,-0.3792794644832611,-0.0030945560429245234,-0.38237401843070984,0.03668608143925667,0.03041519969701767,-0.37932705879211426,0.01064531970769167,-0.36868172883987427,-0.01901470124721527,0.013122273609042168,-0.37908169627189636,0.004592795856297016,-0.374488890171051,0.003700822591781616,-0.011282233521342278,-0.37938153743743896,-0.00394878163933754,-0.3833303153514862,0.005646311677992344,0.05959146469831467,-0.7430647611618042,0.020857011899352074,-0.7222077250480652,-0.012589927762746811,-0.05450917035341263,-0.6224475502967834,-0.01907820999622345,-0.6415257453918457,-0.0692504271864891,-0.010642286390066147,-0.3797852396965027,-0.0037248001899570227,-0.3835100531578064,0.016199860721826553,0.02588183619081974,-0.04097951948642731,0.009058642201125622,-0.03192087635397911,-0.030683113262057304,-0.004279240500181913,0.3433372974395752,-0.0014977341052144766,0.3418395519256592
5.44,0.0,-0.075,0.0,0.15276973198236823,-0.22694588075604552,-1.5424194417325365,-0.09336493909358978,0.3599525913596153,0.0,0.0,0.0,1.426819920539856,0.049257487058639526,1.4142156839370728,0.0815993919968605,0.08051352202892303,-0.37940502166748047,0.028179733082652092,-0.3512252867221832,0.02366476133465767,0.0011136182583868504,-0.37911638617515564,0.00038976638461463153,-0.37872663140296936,0.007139514200389385,-0.004047257825732231,-0.37925446033477783,-0.001416540239006281,-0.3806709945201874,0.12114948779344559,0.057635486125946045,-0.3793475925922394,0.020172419026494026,-0.3591751754283905,-0.002941361628472805,0.008303183130919933,-0.37907761335372925,0.0029061140958219767,-0.3761714994907379,-0.055281106382608414,-0.024481896311044693,-0.3793667256832123,-0.008568663150072098,-0.3879354000091553,0.08082298934459686,0.06596092134714127,-0.718166708946228,0.023086322471499443,-0.6950803995132446,-0.08828636258840561,-0.06464233249425888,-0.6289302110671997,-0.022624816745519638,-0.6515550017356873,-0.003124986309558153,-0.008387096226215363,-0.4159810245037079,-0.0029354835860431194,-0.4189164936542511,0.014915082603693008,0.022591808810830116,-0.09757795929908752,0.007907132618129253,-0.089670829474926,-0.037871457636356354,-0.014356905594468117,0.28089478611946106,-0.005024916958063841,0.27586987614631653
5.46,0.0,-0.075,0.0,0.16112368580852163,-0.2228470901705006,-1.563732592517814,-0.09255743771791458,0.36116384342312813,0.0,0.0,0.0,1.4126719236373901,0.05607938766479492,1.3998388051986694,0.06213691085577011,0.07500053942203522,-0.37940502166748047,0.026250189170241356,-0.35315483808517456,0.04258328676223755,0.013554519042372704,-0.37913426756858826,0.004744081757962704,-0.374390184879303,0.008027569390833378,-0.00042480952106416225,-0.3792291283607483,-0.00014868333528283983,-0.3793778121471405,0.1488342434167862,0.08499511331319809,-0.37936556339263916,0.02974828891456127,-0.34961727261543274,0.00046307221055030823,0.005951149854809046,-0.3790774941444397,0.0020829024724662304,-0.3769945800304413,-0.07632141560316086,-0.04003375023603439,-0.3793489933013916,-0.014011812396347523,-0.39336079359054565,0.07297156751155853,0.0680641159415245,-0.68602454662323,0.023822439834475517,-0.6622021198272705,-0.09634794294834137,-0.07415401935577393,-0.627276599407196,-0.025953905656933784,-0.6532304883003235,-0.011719116009771824,-0.009386702440679073,-0.44524145126342773,-0.0032853458542376757,-0.4485267996788025,-0.013394240289926529,0.011795992963016033,-0.15022581815719604,0.004128597676753998,-0.14609721302986145,-0.05099678784608841,-0.02534887194633484,0.21840190887451172,-0.008872104808688164,0.2095298022031784
5.48,0.0,-0.075,0.0,0.16119466618225448,-0.24238592171014886,-1.6304389723375372,-0.09540504962205887,0.3568924255669117,0.0,0.0,0.0,1.394699215888977,0.05483303964138031,1.3863097429275513,0.055903926491737366,0.06927155703306198,-0.37940114736557007,0.024245044216513634,-0.3551560938358307,0.02428204007446766,0.01677277684211731,-0.37915465235710144,0.005870471708476543,-0.3732841908931732,-0.04736557602882385,-0.01450704038143158,-0.3792041540145874,-0.005077464040368795,-0.38428160548210144,0.09957420080900192,0.08936883509159088,-0.37938058376312256,0.03127909079194069,-0.34810149669647217,0.0009901802986860275,0.0044628591276705265,-0.37908124923706055,0.0015620007179677486,-0.37751924991607666,-0.05419802665710449,-0.04428303241729736,-0.3793286383152008,-0.015499060973525047,-0.3948276937007904,0.04022062197327614,0.059711068868637085,-0.6471818685531616,0.02089887298643589,-0.6262829899787903,-0.035930536687374115,-0.0626869723200798,-0.6175148487091064,-0.0219404399394989,-0.6394553184509277,-0.07868653535842896,-0.03017665259540081,-0.467071533203125,-0.010561828501522541,-0.47763335704803467,-0.005498753860592842,0.0066075692884624004,-0.1980324536561966,0.0023126492742449045,-0.19571980834007263,-0.037277817726135254,-0.028927555307745934,0.1569158285856247,-0.01012464426457882,0.14679118990898132
5.5,0.0,-0.075,0.0,0.1672131933912376,-0.2400809180813194,-1.6274757326145137,-0.09358780831098557,0.35961828753352165,0.0,0.0,0.0,1.3726602792739868,0.05084928497672081,1.3698240518569946,0.052320972084999084,0.06418637931346893,-0.3793935179710388,0.022465232759714127,-0.356928288936615,0.026221895590424538,0.019607512280344963,-0.37917715311050415,0.00686262920498848,-0.3723145127296448,-0.0002362821251153946,-0.010225812904536724,-0.37918001413345337,-0.0035790344700217247,-0.3827590346336365,0.04425010457634926,0.07583321630954742,-0.3793922960758209,0.02654162608087063,-0.35285067558288574,0.013229245319962502,0.00709277531132102,-0.379088819026947,0.002482471289113164,-0.3766063451766968,-0.03618329018354416,-0.04185310751199722,-0.37930625677108765,-0.014648587442934513,-0.3939548432826996,0.02537105605006218,0.049409061670303345,-0.602295994758606,0.0172931719571352,-0.5850028395652771,-0.07015709578990936,-0.06492801010608673,-0.599810004234314,-0.022724803537130356,-0.6225348114967346,-0.055884238332509995,-0.03788892924785614,-0.481101930141449,-0.013261125423014164,-0.49436306953430176,-0.06668403744697571,-0.01537991315126419,-0.2401891052722931,-0.005382969509810209,-0.2455720752477646,-0.015283996239304543,-0.024834487587213516,0.09747672080993652,-0.008692070841789246,0.08878464996814728
5.5200000000000005,0.0,-0.075,0.0,0.16866903092605737,-0.2533905305488157,-1.6563241196766472,-0.0969042181968689,0.35464367270469666,0.0,0.0,0.0,1.34646475315094,0.053815532475709915,1.3469551801681519,0.05390121787786484,0.061100833117961884,-0.3793821930885315,0.02138529159128666,-0.3579969108104706,0.03621792793273926,0.024590637534856796,-0.37920111417770386,0.008606722578406334,-0.3705943822860718,-0.02208726666867733,-0.013784249313175678,-0.37915730476379395,-0.004824487026780844,-0.3839817941188812,0.08809849619865417,0.07951280474662781,-0.37940043210983276,0.027829481288790703,-0.3515709638595581,0.009173490107059479,0.0077169896103441715,-0.37909996509552,0.002700946293771267,-0.3763990104198456,-0.06198301538825035,-0.04789207875728607,-0.37928229570388794,-0.016762226819992065,-0.39604452252388,0.039443016052246094,0.04641924798488617,-0.5521260499954224,0.0162467360496521,-0.5358793139457703,-0.0719020813703537,-0.0670202299952507,-0.5744616389274597,-0.023457080125808716,-0.5979187488555908,-0.0563347227871418,-0.04342266917228699,-0.48709532618522644,-0.0151979336515069,-0.5022932887077332,-0.05295814946293831,-0.026653382927179337,-0.2759826183319092,-0.009328683838248253,-0.2853113114833832,-0.05732230097055435,-0.034580834209918976,0.04109010100364685,-0.012103292159736156,0.02898680791258812
5.54,0.0,-0.075,0.0,0.16792068983692887,-0.26409458866795293,-1.6482108155301025,-0.08966408669948578,0.36550386995077133,0.0,0.0,0.0,1.3161996603012085,0.05690539628267288,1.3193693161010742,0.06676733493804932,0.06280077993869781,-0.3793675899505615,0.021980272606015205,-0.3573873043060303,0.02541830949485302,0.024838939309120178,-0.37922602891921997,0.008693628944456577,-0.37053239345550537,-0.06937442719936371,-0.030461303889751434,-0.3791366219520569,-0.010661455802619457,-0.3897980749607086,0.11053087562322617,0.08881822228431702,-0.37940478324890137,0.031086377799510956,-0.3483183979988098,-0.019268840551376343,-0.00037875957787036896,-0.3791145086288452,-0.00013256585225462914,-0.3792470693588257,-0.07580319046974182,-0.056265413761138916,-0.37925732135772705,-0.01969289407134056,-0.3989502191543579,0.024743085727095604,0.039916396141052246,-0.49752092361450195,0.013970738276839256,-0.48355019092559814,-0.03330301493406296,-0.05690506473183632,-0.5418985486030579,-0.019916772842407227,-0.5618153214454651,-0.0740310400724411,-0.05260518193244934,-0.48495030403137207,-0.01841181330382824,-0.5033621191978455,0.01612435281276703,-0.013820061460137367,-0.30480754375457764,-0.004837021231651306,-0.30964457988739014,-0.07210976630449295,-0.04583951458334923,-0.01129013579338789,-0.016043830662965775,-0.02733396738767624
5.5600000000000005,0.0,-0.075,0.0,0.165736194320021,-0.26892148736440263,-1.6030799492260093,-0.06631869822740555,0.4005219526588917,0.0,0.0,0.0,1.2821539640426636,0.0542290098965168,1.2916685342788696,0.08683033287525177,0.07000964879989624,-0.3793499171733856,0.024503376334905624,-0.3548465371131897,-0.009846724569797516,0.0144332405179739,-0.3792513906955719,0.005051634274423122,-0.3741997480392456,-0.09258323162794113,-0.049097880721092224,-0.3791183829307556,-0.01718425750732422,-0.39630264043807983,0.02329682931303978,0.0691618025302887,-0.3794052004814148,0.024206630885601044,-0.35519856214523315,-0.030949316918849945,-0.009549926966428757,-0.37913209199905396,-0.0033424743451178074,-0.3824745714664459,-0.026930097490549088,-0.04746481776237488,-0.3792320489883423,-0.016612686216831207,-0.3958447277545929,0.0021373583003878593,0.028582684695720673,-0.43940430879592896,0.010003939270973206,-0.42940038442611694,-0.012361982837319374,-0.04354213923215866,-0.5026715397834778,-0.015239748172461987,-0.5179113149642944,-0.10850608348846436,-0.06937545537948608,-0.47470325231552124,-0.02428140863776207,-0.4989846646785736,-0.010237769223749638,-0.012745372951030731,-0.32617613673210144,-0.004460880532860756,-0.33063700795173645,-0.029275821521878242,-0.040870409458875656,-0.05877787619829178,-0.014304643496870995,-0.07308252155780792
5.58,0.0,-0.075,0.0,0.16371772553654107,-0.27190170012344944,-1.5451352757724865,-0.06500973552465439,0.4024853967130184,0.0,0.0,0.0,1.2448376417160034,0.05210625007748604,1.258614420890808,0.09625639021396637,0.07788366824388504,-0.37932971119880676,0.027259282767772675,-0.3520704209804535,0.0154216717928648,0.01472976990044117,-0.37927642464637756,0.005155419465154409,-0.3741210103034973,-0.06087014824151993,-0.052629560232162476,-0.3791031539440155,-0.018420346081256866,-0.3975234925746918,-0.011753964237868786,0.04488707333803177,-0.3794017732143402,0.01571047492325306,-0.3636913001537323,-0.05578191578388214,-0.02341952547430992,-0.37915217876434326,-0.008196833543479443,-0.387349009513855,-0.0070181479677557945,-0.035330817103385925,-0.37920695543289185,-0.012365785427391529,-0.3915727436542511,-0.031781718134880066,0.010473363101482391,-0.3787592947483063,0.0036656770389527082,-0.37509360909461975,-0.006902212277054787,-0.032550159841775894,-0.45744431018829346,-0.011392556130886078,-0.46883687376976013,-0.1214480772614479,-0.08499723672866821,-0.4565274119377136,-0.029749032109975815,-0.48627644777297974,0.00348532572388649,-0.007876163348555565,-0.3397269546985626,-0.0027566570788621902,-0.34248360991477966,-0.001457810401916504,-0.02904663048684597,-0.10056978464126587,-0.010166320949792862,-0.11073610186576843
5.6000000000000005,0.0,-0.075,0.0,0.16121472966936976,-0.2689257251419384,-1.4201719662169878,-0.054803118109703064,0.4177953228354454,0.0,0.0,0.0,1.2049983739852905,0.0537155419588089,1.2216215133666992,0.10280253738164902,0.08535932749509811,-0.3793073892593384,0.02987576462328434,-0.3494316339492798,0.01413207408040762,0.014550461433827877,-0.37930065393447876,0.005092661362141371,-0.374208003282547,-0.06461557745933533,-0.05622536689043045,-0.37909114360809326,-0.019678877666592598,-0.3987700343132019,-0.016243766993284225,0.02654781937599182,-0.37939453125,0.009291736409068108,-0.37010279297828674,-0.0724082738161087,-0.038116149604320526,-0.37917447090148926,-0.013340651988983154,-0.3925151228904724,-0.007795531302690506,-0.02707022987306118,-0.37918269634246826,-0.00947458017617464,-0.38865727186203003,-0.05535144358873367,-0.009274078533053398,-0.3166118860244751,-0.003245927393436432,-0.31985780596733093,0.005074521526694298,-0.02126275561749935,-0.406981885433197,-0.007441964466124773,-0.4144238531589508,-0.12180454283952713,-0.09603942930698395,-0.4307302236557007,-0.03361380100250244,-0.4643440246582031,0.014797553420066833,-0.0010740477591753006,-0.3452308177947998,-0.0003759167157113552,-0.3456067442893982,0.015977928414940834,-0.015539263375103474,-0.13595885038375854,-0.0054387422278523445,-0.1413975954055786
5.62,0.0,-0.075,0.0,0.15454495670473897,-0.2714736028365606,-1.3444590935031429,-0.04791580140590668,0.42812629789114,0.0,0.0,0.0,1.1636321544647217,0.05527561530470848,1.1826761960983276,0.06173884868621826,0.07827318459749222,-0.37928348779678345,0.027395613491535187,-0.35188788175582886,0.03914964944124222,0.021930217742919922,-0.37932348251342773,0.007675576023757458,-0.3716478943824768,-0.007550979033112526,-0.04162304848432541,-0.37908273935317993,-0.014568067155778408,-0.3936507999897003,0.05227360501885414,0.03426555544137955,-0.3793836832046509,0.011992944404482841,-0.3673907518386841,-0.08209073543548584,-0.0513085275888443,-0.3791983127593994,-0.017957983538508415,-0.397156298160553,-0.05636510252952576,-0.03585869073867798,-0.3791598081588745,-0.012550541199743748,-0.3917103409767151,-0.0588591992855072,-0.024149615317583084,-0.2540133595466614,-0.008452365174889565,-0.2624657154083252,-0.07020571827888489,-0.035945646464824677,-0.3521379828453064,-0.012580975890159607,-0.3647189736366272,-0.10114376246929169,-0.09757073223590851,-0.3977482318878174,-0.03414975479245186,-0.43189799785614014,-0.02817215397953987,-0.009203479625284672,-0.3425945043563843,-0.0032212177757173777,-0.3458157181739807,0.018214553594589233,-0.0054131182841956615,-0.16434642672538757,-0.0018945913761854172,-0.16624101996421814
5.64,0.0,-0.075,0.0,0.14530599064922844,-0.27081025575947776,-1.2223756679070814,-0.004055531695485115,0.4939167024567723,0.0,0.0,0.0,1.121983528137207,0.05547279864549637,1.1459228992462158,0.011170236393809319,0.058142296969890594,-0.3792586326599121,0.020349804311990738,-0.35890883207321167,0.021009119227528572,0.02165388874709606,-0.3793443739414215,0.007578860968351364,-0.37176552414894104,-0.006121071055531502,-0.03097245655953884,-0.3790780305862427,-0.010840360075235367,-0.38991838693618774,-0.023132409900426865,0.017046164721250534,-0.3793694078922272,0.005966157652437687,-0.37340325117111206,-0.11668062210083008,-0.07092015445232391,-0.37922316789627075,-0.0248220544308424,-0.4040452241897583,-0.0255478136241436,-0.032765425741672516,-0.37913888692855835,-0.011467899195849895,-0.3906067907810211,-0.05875496566295624,-0.03453122079372406,-0.19202278554439545,-0.012085926719009876,-0.20410871505737305,-0.04133424535393715,-0.03756222501397133,-0.2938404083251953,-0.01314677856862545,-0.3069871962070465,-0.11989311873912811,-0.10426744818687439,-0.3581393361091614,-0.036493606865406036,-0.3946329355239868,-0.037852488458156586,-0.017798181623220444,-0.3318627178668976,-0.00622936338186264,-0.3380920886993408,0.05003681778907776,0.011221863329410553,-0.18525224924087524,0.003927652258425951,-0.18132460117340088
5.66,0.0,-0.075,0.0,0.13127817521035812,-0.26576506804775857,-1.0709213267613853,0.0029163118451833725,0.5043744677677751,0.003062127437442541,0.0,0.003062127437442541,1.0815305709838867,0.05745355784893036,1.1088619232177734,0.007320240139961243,0.04289568215608597,-0.37923333048820496,0.015013488940894604,-0.3642198443412781,0.03241727501153946,0.024882905185222626,-0.3793627917766571,0.008709016256034374,-0.37065377831459045,0.025117531418800354,-0.014145459979772568,-0.3790772557258606,-0.004950910806655884,-0.3840281665325165,-0.026111315935850143,0.004098920151591301,-0.37935206294059753,0.0014346219832077622,-0.37791743874549866,-0.0984610915184021,-0.07918243855237961,-0.3792484998703003,-0.027713853865861893,-0.4069623649120331,-0.07426070421934128,-0.04521401226520538,-0.3791203498840332,-0.015824904665350914,-0.39494526386260986,-0.023153863847255707,-0.031118012964725494,-0.13168880343437195,-0.010891304351389408,-0.14258010685443878,-0.0994090884923935,-0.05611628293991089,-0.2330753356218338,-0.01964069902896881,-0.2527160346508026,-0.09625161439180374,-0.10186269879341125,-0.31257352232933044,-0.03565194457769394,-0.348225474357605,-0.06855538487434387,-0.0330253429710865,-0.3132169544696808,-0.01155886985361576,-0.3247758150100708,0.038098327815532684,0.019284803420305252,-0.19832266867160797,0.006749681197106838,-0.19157299399375916
5.68,0.0,-0.075,0.0,0.11425985213245021,-0.2619241361205025,-0.9268814780321882,0.01719929836690426,0.5257989475503564,0.01805926328524947,0.0,0.01805926328524947,1.0439432859420776,0.0637803003191948,1.071178913116455,0.05025089532136917,0.04510224610567093,-0.37920820713043213,0.015785785391926765,-0.3634224236011505,0.0335407629609108,0.027480261400341988,-0.3793783187866211,0.009618091396987438,-0.3697602152824402,0.033383190631866455,0.00011313613504171371,-0.3790804147720337,3.959764580940828e-05,-0.37904080748558044,-0.0029858904890716076,0.0019734767265617847,-0.37933212518692017,0.0006907168426550925,-0.37864139676094055,-0.11251421272754669,-0.08918197453022003,-0.37927359342575073,-0.03121369145810604,-0.4104872941970825,-0.09975098818540573,-0.06157510727643967,-0.37910473346710205,-0.021551286801695824,-0.4006560146808624,-0.03661083057522774,-0.03276585787534714,-0.07403205335140228,-0.011468050070106983,-0.08550010621547699,-0.1254381537437439,-0.07691285014152527,-0.17087072134017944,-0.026919497177004814,-0.1977902203798294,-0.06182938814163208,-0.0898527055978775,-0.2618217468261719,-0.031448446214199066,-0.29327020049095154,-0.09485015273094177,-0.051572784781455994,-0.28697264194488525,-0.018050475046038628,-0.30502310395240784,0.05757531523704529,0.030771957710385323,-0.20333659648895264,0.01077018491923809,-0.1925664097070694
5.7,0.0,-0.075,0.0,0.09307128510928597,-0.2533033926003861,-0.7528887031695938,0.0170395877212286,0.5255593815818429,0.017891567107290028,0.0,0.017891567107290028,1.0110045671463013,0.07058363407850266,1.032584547996521,0.07613052427768707,0.05441072955727577,-0.37918388843536377,0.019043754786252975,-0.3601401448249817,0.037271253764629364,0.030417559668421745,-0.3793905973434448,0.010646145790815353,-0.36874446272850037,0.05435647815465927,0.016386140137910843,-0.37908732891082764,0.0057351491414010525,-0.37335216999053955,0.02378886565566063,0.008518094196915627,-0.3793100416660309,0.002981332829222083,-0.376328706741333,-0.07966253906488419,-0.08632614463567734,-0.37929797172546387,-0.03021414950489998,-0.40951213240623474,-0.09649725258350372,-0.0720517486333847,-0.37909233570098877,-0.025218112394213676,-0.4043104350566864,-0.052277013659477234,-0.038619205355644226,-0.020027942955493927,-0.013516721315681934,-0.03354466333985329,-0.15841206908226013,-0.10136261582374573,-0.10827891528606415,-0.035476915538311005,-0.14375582337379456,-0.024191435426473618,-0.07015432417392731,-0.20674248039722443,-0.024554012343287468,-0.23129649460315704,-0.1290900707244873,-0.07482796907424927,-0.25357377529144287,-0.026189789175987244,-0.2797635793685913,0.05784089118242264,0.03889263793826103,-0.20020917057991028,0.013612423092126846,-0.18659675121307373
5.72,0.0,-0.075,0.0,0.07105467503710483,-0.2450870410870938,-0.5796787920726555,0.02471514604985714,0.5370727190747857,0.025950903352349994,0.0,0.025950903352349994,0.9844812750816345,0.07039225101470947,0.9987894892692566,0.11307401210069656,0.07200971245765686,-0.37916091084480286,0.0252033993601799,-0.35395750403404236,-0.019068602472543716,0.015571710653603077,-0.3793993592262268,0.005450098775327206,-0.373949259519577,0.0753389224410057,0.03407197445631027,-0.37909793853759766,0.011925190687179565,-0.3671727478504181,-0.06536146998405457,-0.013645775616168976,-0.3792862892150879,-0.0047760214656591415,-0.3840623199939728,-0.051570408046245575,-0.07589942216873169,-0.37932097911834717,-0.02656479738652706,-0.4058857858181,-0.05963686481118202,-0.06832728534936905,-0.3790834844112396,-0.023914549499750137,-0.40299803018569946,-0.04975960776209831,-0.04196132719516754,0.029409948736429214,-0.014686464332044125,0.01472348440438509,-0.10944754630327225,-0.1037880927324295,-0.04635874927043915,-0.03632583096623421,-0.08268457651138306,0.01779399812221527,-0.043769825249910355,-0.14826753735542297,-0.01531943865120411,-0.16358697414398193,-0.10311038792133331,-0.08331269770860672,-0.21358534693717957,-0.029159443452954292,-0.2427447885274887,0.0528431236743927,0.04307778179645538,-0.18899333477020264,0.01507722306996584,-0.17391611635684967
5.74,0.0,-0.075,0.0,0.04642155583765056,-0.23457323841501473,-0.40491698208239707,0.021165205165743828,0.5317478077486157,0.022223465424031016,0.0,0.022223465424031016,0.9659500122070312,0.0723295509815216,0.9696453213691711,0.1393248438835144,0.0922042578458786,-0.37913984060287476,0.03227148950099945,-0.3468683362007141,-0.023785771802067757,0.003764465916901827,-0.37940430641174316,0.0013175630010664463,-0.37808674573898315,0.08511357754468918,0.049384456127882004,-0.3791119158267975,0.017284559085965157,-0.3618273437023163,-0.05474654585123062,-0.02597600780427456,-0.37926149368286133,-0.009091602638363838,-0.3883531093597412,-0.023742465302348137,-0.06025233492255211,-0.37934207916259766,-0.021088317036628723,-0.4004303812980652,-0.03778872266411781,-0.05916571617126465,-0.37907838821411133,-0.020708000287413597,-0.3997863829135895,-0.06384693086147308,-0.048527009785175323,0.07344529032707214,-0.016984453424811363,0.05646083503961563,-0.09291213005781174,-0.10052530467510223,0.013842269778251648,-0.0351838544011116,-0.021341584622859955,0.032161418348550797,-0.02099045179784298,-0.0873861163854599,-0.007346658036112785,-0.09473277628421783,-0.10535377264022827,-0.08992502093315125,-0.16768385469913483,-0.031473755836486816,-0.19915761053562164,0.08080834150314331,0.05439694970846176,-0.16987882554531097,0.019038932397961617,-0.1508398950099945
5.76,0.0,-0.075,0.0,0.02065492387806301,-0.22538992591867157,-0.22410879149388663,0.003378473222255707,0.5050677098333836,0.003547396883368492,0.0,0.003547396883368492,0.9565953612327576,0.06816384941339493,0.9537152051925659,0.11517267674207687,0.09909477829933167,-0.37912121415138245,0.03468317165970802,-0.3444380462169647,-0.04803498089313507,-0.011775368824601173,-0.3794054388999939,-0.004121378995478153,-0.38352683186531067,0.0664338618516922,0.05449927598237991,-0.37912899255752563,0.01907474547624588,-0.36005425453186035,-0.08895398676395416,-0.044869400560855865,-0.3792361915111542,-0.015704289078712463,-0.39494049549102783,0.02581307850778103,-0.03443270921707153,-0.3793608248233795,-0.012051448225975037,-0.39141225814819336,-0.015724830329418182,-0.04613345116376877,-0.37907713651657104,-0.0161467082798481,-0.39522385597229004,-0.020298749208450317,-0.04005853086709976,0.11133313179016113,-0.014020485803484917,0.09731264412403107,-0.07029221951961517,-0.09145537763834,0.07130572199821472,-0.03200938180088997,0.03929634019732475,0.035054661333560944,-0.004176917485892773,-0.025128168985247612,-0.0014619211433455348,-0.02659009024500847,-0.0713268369436264,-0.08434556424617767,-0.11664578318595886,-0.029520947486162186,-0.14616672694683075,0.04215295612812042,0.05072375386953354,-0.1431889832019806,0.01775331422686577,-0.12543566524982452
5.78,0.0,-0.075,0.0,-0.007547062154011013,-0.2141799592460858,-0.0406415502767814,0.0027879364788532257,0.5041819047182798,0.0029273333027958867,0.0,0.0029273333027958867,0.9570291638374329,0.06594894081354141,0.9518638253211975,0.09768516570329666,0.09867189824581146,-0.37910544872283936,0.03453516215085983,-0.3445702791213989,-0.04514305293560028,-0.02178567461669445,-0.37940263748168945,-0.007624986115843058,-0.3870276212692261,0.05328141152858734,0.05413391441106796,-0.3791487514972687,0.018946869298815727,-0.360201895236969,-0.07194451987743378,-0.05299193412065506,-0.3792110085487366,-0.0185471773147583,-0.3977581858634949,0.015458328649401665,-0.01946539804339409,-0.37937670946121216,-0.006812889128923416,-0.38618960976600647,-0.03859918192028999,-0.043873172253370285,-0.37907981872558594,-0.0153556102886796,-0.39443543553352356,0.003784104250371456,-0.026905739679932594,0.14243252575397491,-0.009417008608579636,0.13301551342010498,-0.08998500555753708,-0.09101426601409912,0.12505950033664703,-0.03185499086976051,0.09320451319217682,0.04765389859676361,0.01137232780456543,0.03745311126112938,0.003980314824730158,0.0414334274828434,-0.06566600501537323,-0.07874169945716858,-0.06133456528186798,-0.027559595182538033,-0.08889415860176086,0.027473460882902145,0.04374866932630539,-0.10937531292438507,0.015312033705413342,-0.09406328201293945
5.8,0.0,-0.075,0.0,-0.03679314523023922,-0.20071239402763574,0.14922352583122903,0.025146974250674248,0.5377204613760114,0.02640432296320796,0.0,0.02640432296320796,0.9671867489814758,0.0670446902513504,0.9612420797348022,0.07850091904401779,0.0926206037402153,-0.37909287214279175,0.032417211681604385,-0.34667566418647766,-0.019675789400935173,-0.021152708679437637,-0.3793960213661194,-0.007403447758406401,-0.3867994546890259,0.052362531423568726,0.05360249802470207,-0.3791707158088684,0.01876087486743927,-0.36040985584259033,-0.02124011144042015,-0.043466389179229736,-0.37918663024902344,-0.015213236212730408,-0.39439988136291504,-0.04339223355054855,-0.02664344757795334,-0.3793894052505493,-0.009325206279754639,-0.38871461153030396,-0.07906075567007065,-0.05442944914102554,-0.37908634543418884,-0.01905030757188797,-0.3981366455554962,-0.011690222658216953,-0.022341083735227585,0.1662173867225647,-0.00781937874853611,0.15839800238609314,-0.1243637278676033,-0.10101909935474396,0.17419426143169403,-0.035356685519218445,0.13883757591247559,0.03820095956325531,0.019420918077230453,0.09929902851581573,0.006797321140766144,0.10609634965658188,-0.06747418642044067,-0.07536144554615021,-0.002685878425836563,-0.026376506313681602,-0.029062384739518166,0.06366021186113358,0.049722131341695786,-0.06900984793901443,0.01740274578332901,-0.051607102155685425
5.82,0.0,-0.075,0.0,-0.06567521375688638,-0.1863856105409983,0.3419571561997259,0.01383255235850811,0.5207488285377622,0.014524179976433514,0.0,0.014524179976433514,0.986338198184967,0.06318815797567368,0.9772804379463196,0.020780911669135094,0.07106869667768478,-0.3790838420391083,0.024874042719602585,-0.3542098104953766,-0.04713901877403259,-0.028948601335287094,-0.37938567996025085,-0.010132010094821453,-0.3895176947116852,0.0373225137591362,0.04871850460767746,-0.37919431924819946,0.01705147698521614,-0.3621428310871124,-0.031728971749544144,-0.03994516283273697,-0.3791634440422058,-0.013980806805193424,-0.39314424991607666,0.025151541456580162,-0.011104949750006199,-0.37939852476119995,-0.0038867322728037834,-0.383285254240036,0.022653911262750626,-0.03130444139242172,-0.37909653782844543,-0.010956554673612118,-0.3900530934333801,-0.024555061012506485,-0.023005276918411255,0.18228530883789062,-0.008051847107708454,0.17423346638679504,-0.07275283336639404,-0.0925392210483551,0.2178788185119629,-0.032388728111982346,0.18549008667469025,0.020980462431907654,0.019888781011104584,0.15936335921287537,0.006961073260754347,0.1663244366645813,-0.1273326426744461,-0.0909528061747551,0.058308109641075134,-0.031833481043577194,0.02647462859749794,0.09139738231897354,0.06222470849752426,-0.022775448858737946,0.021778646856546402,-0.0009968020021915436
5.84,0.0,-0.075,0.0,-0.09469663030108094,-0.17133594522283313,0.549066629930941,0.01633882336318493,0.5245082350447774,0.017155764531344174,0.0,0.017155764531344174,1.0132113695144653,0.06101587787270546,1.0024592876434326,-0.026734808459877968,0.041727643460035324,-0.37907856702804565,0.014604674652218819,-0.3644738793373108,-0.04157763719558716,-0.032737310975790024,-0.3793719410896301,-0.011458058841526508,-0.39083001017570496,0.03373781591653824,0.04422429949045181,-0.37921902537345886,0.015478504821658134,-0.3637405335903168,-0.03507007285952568,-0.03848263621330261,-0.3791421353816986,-0.01346892211586237,-0.3926110565662384,0.07151446491479874,0.013680875301361084,-0.3794039189815521,0.004788306076079607,-0.3746156096458435,0.01523622591048479,-0.01734224148094654,-0.3791101574897766,-0.006069784518331289,-0.38517993688583374,-0.02352137118577957,-0.02316010557115078,0.1903645098209381,-0.00810603704303503,0.1822584718465805,-0.09486854076385498,-0.09323801845312119,0.25537410378456116,-0.032633304595947266,0.2227407991886139,0.04698159545660019,0.028016626834869385,0.2166299819946289,0.009805819019675255,0.2264357954263687,-0.11297708749771118,-0.0975600928068161,0.12061557173728943,-0.034146033227443695,0.08646953850984573,0.06879646331071854,0.06419622898101807,0.028545737266540527,0.022468680515885353,0.05101441591978073
5.86,0.0,-0.075,0.0,-0.11998288388981258,-0.15802206452376083,0.729994730567259,0.005160004831850529,0.5077400072477758,0.005418005073443055,0.0,0.005418005073443055,1.046181559562683,0.05341430753469467,1.039762020111084,-0.023845791816711426,0.02205561101436615,-0.37907713651657104,0.0077194636687636375,-0.37135767936706543,-0.001964815426617861,-0.02350556291639805,-0.3793551027774811,-0.00822694692760706,-0.38758206367492676,0.018412219360470772,0.036480676382780075,-0.379244327545166,0.012768236920237541,-0.3664760887622833,-0.05344182625412941,-0.04297039285302162,-0.3791232109069824,-0.015039637684822083,-0.3941628336906433,-0.007598287425935268,0.007297125644981861,-0.37940549850463867,0.002553993836045265,-0.37685149908065796,-0.0579211451113224,-0.029515914618968964,-0.3791269063949585,-0.010330569930374622,-0.38945746421813965,-0.025927335023880005,-0.023990275338292122,0.19031831622123718,-0.008396596647799015,0.18192172050476074,-0.09429281949996948,-0.09355445206165314,0.2860458493232727,-0.03274405747652054,0.25330179929733276,0.0031098006293177605,0.02054457738995552,0.27013012766838074,0.007190601900219917,0.2773207426071167,-0.017384294420480728,-0.07350735366344452,0.18318244814872742,-0.02572757378220558,0.15745487809181213,0.032674726098775864,0.054739780724048615,0.08408551663160324,0.019158922135829926,0.10324443876743317
5.88,0.0,-0.075,0.0,-0.14164353985290748,-0.14713872160259847,0.8905809856930009,-0.0051751453429460526,0.4922372819855809,0.0,0.0,0.0,1.083471655845642,0.05791854113340378,1.0737437009811401,-0.05136099457740784,3.062840551137924e-05,-0.37907958030700684,1.0719942110881675e-05,-0.37906885147094727,-0.04569125920534134,-0.03016127273440361,-0.37933558225631714,-0.010556445457041264,-0.389892041683197,0.052932821214199066,0.04141632094979286,-0.37926948070526123,0.014495711773633957,-0.36477378010749817,-0.02655632793903351,-0.03804617375135422,-0.3791070878505707,-0.013316160999238491,-0.39242324233055115,0.14197169244289398,0.047699496150016785,-0.37940317392349243,0.016694823279976845,-0.36270835995674133,0.027355369180440903,-0.012454528361558914,-0.37914639711380005,-0.004359084647148848,-0.3835054934024811,-0.043640073388814926,-0.029885215684771538,0.18214744329452515,-0.01045982539653778,0.17168761789798737,-0.0934634879231453,-0.0935271605849266,0.30937519669532776,-0.03273450583219528,0.2766406834125519,0.07063306868076324,0.03557112440466881,0.31895869970321655,0.012449893169105053,0.3314085900783539,-0.07488188147544861,-0.07391971349716187,0.2449503242969513,-0.025871898978948593,0.2190784215927124,0.09616313129663467,0.0671667829155922,0.14290431141853333,0.023508373647928238,0.16641268134117126
5.9,0.0,-0.075,0.0,-0.15885183098032624,-0.1381197234440608,1.021966883796172,0.032822079956531525,0.5492331199347973,0.0344631839543581,0.0,0.0344631839543581,1.1233206987380981,0.05034005269408226,1.1208510398864746,-0.02627069316804409,-0.007859768345952034,-0.379085898399353,-0.0027509189676493406,-0.38183683156967163,-0.0062247635796666145,-0.02298031933605671,-0.37931379675865173,-0.008043111301958561,-0.3873569071292877,-0.018172232434153557,0.023539753630757332,-0.3792940378189087,0.008238913491368294,-0.37105512619018555,-0.027061007916927338,-0.03475062549114227,-0.37909412384033203,-0.012162718921899796,-0.39125683903694153,0.04675973951816559,0.047417569905519485,-0.3793969452381134,0.016596149653196335,-0.36280080676078796,-0.04093803092837334,-0.02099957875907421,-0.3791680634021759,-0.007349852472543716,-0.3865179121494293,0.006695008836686611,-0.018911147490143776,0.1659902036190033,-0.006618901621550322,0.1593713015317917,-0.07610004395246506,-0.08829902112483978,0.3249674439430237,-0.030904656276106834,0.2940627932548523,0.04317203164100647,0.037851396948099136,0.36228975653648376,0.013247989118099213,0.3755377531051636,0.03327370807528496,-0.04176168516278267,0.3048742413520813,-0.014616589993238449,0.29025766253471375,0.06222910434007645,0.06568548083305359,0.2040071189403534,0.022989917546510696,0.2269970327615738
5.92,0.0,-0.075,0.0,-0.17345675459986257,-0.13025601452279625,1.1308211908025336,0.0020173359662294388,0.5030260039493442,0.0021182027645409106,0.0,0.0021182027645409106,1.1641035079956055,0.04575570300221443,1.1684647798538208,-0.0457070916891098,-0.01921396516263485,-0.3790959119796753,-0.006724887527525425,-0.38582080602645874,-0.01694193296134472,-0.021168801933526993,-0.37929028272628784,-0.007409080397337675,-0.3866993486881256,-0.023507824167609215,0.009425479918718338,-0.37931734323501587,0.003298918018117547,-0.3760184347629547,-0.051810622215270996,-0.03986862301826477,-0.3790847063064575,-0.013954018242657185,-0.39303871989250183,0.0407632440328598,0.04542127251625061,-0.3793870806694031,0.015897445380687714,-0.36348962783813477,-0.018233196809887886,-0.020169664174318314,-0.379191517829895,-0.007059382274746895,-0.38625091314315796,0.009747212752699852,-0.010313639417290688,0.1421198844909668,-0.003609773702919483,0.1385101079940796,-0.07350488752126694,-0.08386077731847763,0.33255887031555176,-0.02935127168893814,0.3032076060771942,0.010765021666884422,0.029725484549999237,0.39939016103744507,0.010403919033706188,0.4097940921783447,0.05217396095395088,-0.013580990955233574,0.36194050312042236,-0.0047533465549349785,0.3571871519088745,0.05537731945514679,0.06259302794933319,0.26636025309562683,0.021907558664679527,0.2882678210735321
5.94,0.0,-0.075,0.0,-0.18342002092264967,-0.1225985066898048,1.20912260892033,-0.06874103099107742,0.39688845351338387,0.0,0.0,0.0,1.2044013738632202,0.04536687582731247,1.211205005645752,-0.05667004734277725,-0.030450789257884026,-0.37910938262939453,-0.010657776147127151,-0.3897671699523926,0.010989299975335598,-0.011521371081471443,-0.37926560640335083,-0.004032479599118233,-0.3832980990409851,-0.023986930027604103,-0.0005982434377074242,-0.379338800907135,-0.00020938519446644932,-0.37954819202423096,-0.018273409456014633,-0.03339006006717682,-0.3790789842605591,-0.011686520650982857,-0.390765517950058,0.04746817797422409,0.046035345643758774,-0.379373699426651,0.016112370416522026,-0.363261342048645,0.006985106505453587,-0.012023232877254486,-0.37921616435050964,-0.004208131227642298,-0.3834242820739746,0.052664950489997864,0.008579937741160393,0.11094029992818832,0.0030029781628400087,0.11394327878952026,-0.05963662266731262,-0.07659353315830231,0.33202099800109863,-0.026807736605405807,0.3052132725715637,-0.0412539504468441,0.008431652560830116,0.42963239550590515,0.002951078349724412,0.4325834810733795,0.026036560535430908,-0.0016957246698439121,0.4151836931705475,-0.0005935036460869014,0.41459017992019653,0.11953158676624298,0.07967459410429001,0.32890886068344116,0.027886107563972473,0.35679495334625244
5.96,0.0,-0.075,0.0,-0.19088956354596584,-0.10984877168795004,1.288636674228577,-0.013356857933104038,0.47996471310034394,0.0,0.0,0.0,1.2430377006530762,0.05613509565591812,1.2477024793624878,-0.043788813054561615,-0.03445219621062279,-0.37912601232528687,-0.012058268301188946,-0.3911842703819275,0.0028728805482387543,-0.007203095126897097,-0.37924039363861084,-0.0025210832245647907,-0.38176149129867554,0.041386593133211136,0.011997207999229431,-0.3793579339981079,0.004199022892862558,-0.3751589059829712,-0.09064404666423798,-0.050566256046295166,-0.37907707691192627,-0.017698189243674278,-0.3967752754688263,0.06262283027172089,0.0510115921497345,-0.3793572187423706,0.017854057252407074,-0.36150315403938293,0.03937026113271713,0.003394816070795059,-0.379241406917572,0.001188185648061335,-0.378053218126297,-0.05951535701751709,-0.011848652735352516,0.0729789212346077,-0.004147028550505638,0.06883189082145691,-0.142277330160141,-0.09629867225885391,0.32336294651031494,-0.03370453417301178,0.28965842723846436,-0.018141835927963257,0.0004596058279275894,0.45250481367111206,0.00016086203686427325,0.45266568660736084,-0.026879610493779182,-0.009250890463590622,0.46370309591293335,-0.003237811615690589,0.46046528220176697,0.14189037680625916,0.09833933413028717,0.3905948996543884,0.03441876545548439,0.4250136613845825
5.98,0.0,-0.075,0.0,-0.19702826020902828,-0.09559029890451198,1.3495683293960974,-0.018857019022107124,0.4717144714668393,0.0,0.0,0.0,1.2790888547897339,0.057833656668663025,1.290467381477356,-0.06127479672431946,-0.04249897599220276,-0.3791453242301941,-0.01487464178353548,-0.3940199613571167,-0.017784474417567253,-0.010377509519457817,-0.3792151212692261,-0.0036321282386779785,-0.38284724950790405,-0.020502189174294472,0.0022473889403045177,-0.37937432527542114,0.0007865861407481134,-0.3785877525806427,-0.05789663642644882,-0.0527653694152832,-0.37907910346984863,-0.01846787892282009,-0.3975469768047333,0.036464571952819824,0.046647485345602036,-0.37933793663978577,0.016326619312167168,-0.36301133036613464,0.006142393685877323,0.004219089634716511,-0.379266619682312,0.00147668132558465,-0.3777899444103241,-0.04254540055990219,-0.021057676523923874,0.02887793630361557,-0.0073701865039765835,0.0215077493339777,-0.10706734657287598,-0.09952927380800247,0.3067312240600586,-0.034835245460271835,0.27189597487449646,-0.025761224329471588,-0.007406643591821194,0.4676204323768616,-0.002592325210571289,0.4650281071662903,0.06820626556873322,0.0139862559735775,0.5066779851913452,0.004895189311355352,0.5115731954574585,0.10064385831356049,0.09903068840503693,0.4503747224807739,0.034660741686820984,0.4850354790687561
6.0,0.0,-0.075,0.0,-0.2011936383819539,-0.08954668751214993,1.3642538817230128,-0.05376433581113815,0.41935349628329277,0.0,0.0,0.0,1.311880350112915,0.05768805369734764,1.3335613012313843,-0.05136668682098389,-0.045159291476011276,-0.37916696071624756,-0.015805751085281372,-0.39497271180152893,0.012254253961145878,-0.00358798005618155,-0.3791905641555786,-0.0012557930313050747,-0.38044634461402893,-0.05681105703115463,-0.01547014620155096,-0.3793874979019165,-0.0054145511239767075,-0.38480204343795776,-0.006221194751560688,-0.038802117109298706,-0.3790850043296814,-0.013580740429461002,-0.3926657438278198,0.022930780425667763,0.03953247144818306,-0.37931638956069946,0.013836365193128586,-0.3654800355434418,0.011940007098019123,0.006535365246236324,-0.37929126620292664,0.0022873778361827135,-0.37700387835502625,0.051490504294633865,0.0007067788392305374,-0.020616605877876282,0.0002473725762683898,-0.020369233563542366,-0.0403481051325798,-0.08177492022514343,0.28240716457366943,-0.028621220961213112,0.2537859380245209,-0.018117956817150116,-0.010620037093758583,0.47472357749938965,-0.0037170129362493753,0.4710065722465515,0.1334787905216217,0.04983401671051979,0.5433812737464905,0.01744190603494644,0.5608232021331787,0.14130935072898865,0.11171428859233856,0.5072370767593384,0.03909999877214432,0.5463370680809021
6.0200000000000005,0.0,-0.075,0.0,-0.20536873130011735,-0.07940059654948577,1.3790587133878924,-0.05038682371377945,0.4244197644293308,0.0,0.0,0.0,1.2883882522583008,0.06407947093248367,1.3046948909759521,-0.03813342750072479,-0.04305152967572212,-0.3790796399116516,-0.015068035572767258,-0.394147664308548,0.009978538379073143,0.00048197549767792225,-0.3793761134147644,0.0001686914183665067,-0.37920743227005005,0.010632610879838467,-0.0076393187046051025,-0.37921208143234253,-0.0026737614534795284,-0.3818858563899994,0.04604247584939003,-0.013348737731575966,-0.37914785742759705,-0.004672057926654816,-0.38381990790367126,0.07141270488500595,0.049096543341875076,-0.3794028162956238,0.017183789983391762,-0.36221903562545776,0.0080593666061759,0.006992565467953682,-0.3791060447692871,0.0024473979137837887,-0.3766586482524872,-0.03795015439391136,-0.010890301316976547,0.01582365669310093,-0.0038116055075079203,0.012012051418423653,-0.14042991399765015,-0.09937141835689545,0.30081862211227417,-0.03477999567985535,0.2660386264324188,0.020290877670049667,-0.001346762292087078,0.4703703224658966,-0.00047136680223047733,0.4698989689350128,0.019401755183935165,0.04070433974266052,0.5173830986022949,0.014246518723666668,0.5316296219825745,0.17799687385559082,0.1315990686416626,0.46628138422966003,0.04605967178940773,0.5123410820960999
6.04,0.0,-0.075,0.0,-0.20506712480636538,-0.07112328827268947,1.3603994668949035,-0.061134956777095795,0.4082975648343563,0.0,0.0,0.0,1.320197582244873,0.06871064752340317,1.3392016887664795,-0.08282710611820221,-0.0549842044711113,-0.37907713651657104,-0.019244471564888954,-0.39832159876823425,0.0001216428354382515,0.00037387569318525493,-0.3793600797653198,0.0001308564969804138,-0.37922921776771545,0.02378539927303791,0.0017880969680845737,-0.37923726439476013,0.0006258339271880686,-0.37861141562461853,0.009618431329727173,-0.00645858608186245,-0.37912821769714355,-0.002260504988953471,-0.38138872385025024,0.06077588349580765,0.05260034650564194,-0.3794054388999939,0.01841012015938759,-0.3609953224658966,-0.004731711931526661,0.0034752823412418365,-0.37912195920944214,0.0012163488427177072,-0.37790560722351074,-0.07821058481931686,-0.031086387112736702,-0.03500565141439438,-0.010880235582590103,-0.04588588699698448,-0.12897169589996338,-0.10825149714946747,0.2744539976119995,-0.037888024002313614,0.2365659773349762,0.012361814267933369,0.002765810815617442,0.47525209188461304,0.0009680337971076369,0.47622013092041016,0.02718856930732727,0.03664960712194443,0.5522555112838745,0.012827361933887005,0.565082848072052,0.14824065566062927,0.13659153878688812,0.5221743583679199,0.04780703783035278,0.5699813961982727
6.0600000000000005,0.0,-0.075,0.0,-0.20358394880723432,-0.06566776049966112,1.3092961003391075,-0.0821547582745552,0.3767678625881672,0.0,0.0,0.0,1.348227858543396,0.06878738105297089,1.3695564270019531,-0.04419942945241928,-0.05174877122044563,-0.3790785074234009,-0.018112068995833397,-0.39719057083129883,0.021367764100432396,0.0066720424219965935,-0.3793412446975708,0.0023352147545665503,-0.37700602412223816,-0.040611572563648224,-0.010931804776191711,-0.3792625665664673,-0.0038261315785348415,-0.38308870792388916,0.021946100518107414,0.002062820363789797,-0.37911123037338257,0.0007219871040433645,-0.37838923931121826,0.066938616335392,0.056901827454566956,-0.3794041872024536,0.019915638491511345,-0.3594885468482971,0.0423465296626091,0.015136657282710075,-0.379140704870224,0.0052978298626840115,-0.37384286522865295,0.04765477776527405,-0.007464037276804447,-0.09014780074357986,-0.0026124129071831703,-0.09276021271944046,-0.06601313501596451,-0.09557998925447464,0.2409430593252182,-0.033452995121479034,0.20749005675315857,-0.036965884268283844,-0.00915369763970375,0.47199225425720215,-0.003203794127330184,0.4687884747982025,0.06701482832431793,0.0457591712474823,0.580085277557373,0.016015710309147835,0.5961009860038757,0.163688525557518,0.1447206437587738,0.5739352107048035,0.05065222457051277,0.6245874166488647
6.08,0.0,-0.075,0.0,-0.20213628593004118,-0.06287969686745186,1.2438043439594402,-0.06332515925168991,0.40501226112246513,0.0,0.0,0.0,1.3723136186599731,0.07039906829595566,1.398516058921814,-0.03608997166156769,-0.04705113172531128,-0.3790838122367859,-0.016467895358800888,-0.3955517113208771,-0.010356247425079346,0.0015635550953447819,-0.37932005524635315,0.0005472442717291415,-0.3787728250026703,0.030864931643009186,0.0016072168946266174,-0.37928733229637146,0.0005625258781947196,-0.3787248134613037,0.013610145077109337,0.00552701810374856,-0.3790974020957947,0.0019344562897458673,-0.3771629333496094,0.06318651139736176,0.058787230402231216,-0.37939906120300293,0.02057553082704544,-0.3588235378265381,0.011852766387164593,0.014151489362120628,-0.3791618347167969,0.0049530211836099625,-0.37420880794525146,-0.029087074100971222,-0.013950948603451252,-0.14866995811462402,-0.004882832057774067,-0.15355278551578522,-0.12071403115987778,-0.10312020033597946,0.20085270702838898,-0.03609206900000572,0.16476063430309296,0.045125193893909454,0.007129970472306013,0.46064603328704834,0.0024954895488917828,0.463141530752182,0.10500982403755188,0.06353436410427094,0.6004016399383545,0.022237027063965797,0.6226386427879333,0.12941280007362366,0.14012828469276428,0.6206883192062378,0.0490448996424675,0.6697332262992859
6.1000000000000005,0.0,-0.075,0.0,-0.19825766701387718,-0.06098322698614083,1.1647421048433193,-0.09112346917390823,0.36331479623913765,0.0,0.0,0.0,1.3924777507781982,0.07293765991926193,1.423429250717163,-0.028285667300224304,-0.04142149165272713,-0.3790927827358246,-0.01449752226471901,-0.3935903012752533,0.02058091200888157,0.007268762215971947,-0.3792969584465027,0.002544066635891795,-0.3767528831958771,0.0437556728720665,0.014251753687858582,-0.3793110251426697,0.004988113883882761,-0.37432292103767395,-0.08804959058761597,-0.022545965388417244,-0.3790869116783142,-0.007891087792813778,-0.38697800040245056,0.07416950166225433,0.06340191513299942,-0.379390150308609,0.022190669551491737,-0.357199490070343,0.05047597363591194,0.025048835203051567,-0.37918487191200256,0.00876709260046482,-0.3704177737236023,0.06336203217506409,0.009242946282029152,-0.20958209037780762,0.0032350311521440744,-0.20634706318378448,-0.07708960026502609,-0.09531101584434509,0.15486115217208862,-0.0333588533103466,0.12150229513645172,0.03834971413016319,0.016495894640684128,0.4414052963256836,0.00577356293797493,0.4471788704395294,0.12014041841030121,0.08051618188619614,0.6128609776496887,0.028180662542581558,0.64104163646698,0.14884819090366364,0.1427442580461502,0.6616427898406982,0.04996049031615257,0.7116032838821411
6.12,0.0,-0.075,0.0,-0.18843280995677433,-0.062465048217718096,1.0406319200425143,-0.1407061070203781,0.28894083946943283,0.0,0.0,0.0,1.4089045524597168,0.07484547793865204,1.4367778301239014,0.05080791562795639,-0.013752669095993042,-0.3791053295135498,-0.004813434090465307,-0.38391876220703125,0.0029039643704891205,0.005959322676062584,-0.3792725205421448,0.002085762796923518,-0.37718674540519714,-0.009205909445881844,0.007214454934000969,-0.3793330192565918,0.002525059273466468,-0.37680795788764954,-0.012617673724889755,-0.019567478448152542,-0.3790801763534546,-0.00684861745685339,-0.38592877984046936,0.08754688501358032,0.07064540684223175,-0.37937772274017334,0.024725891649723053,-0.3546518385410309,0.08151227235794067,0.041987866163253784,-0.3792092204093933,0.01469575334340334,-0.36451345682144165,0.10167282074689865,0.036971911787986755,-0.2718537747859955,0.01294016931205988,-0.2589136064052582,-0.08490251749753952,-0.09218846261501312,0.1037464290857315,-0.03226596117019653,0.07148046791553497,0.02190598100423813,0.01811891980469227,0.4145955443382263,0.006341621745377779,0.420937180519104,0.0863497257232666,0.08226624131202698,0.6172524094581604,0.028793184086680412,0.6460455656051636,0.1540343463420868,0.14613127708435059,0.6961058378219604,0.051145944744348526,0.7472518086433411
6.140000000000001,0.0,-0.075,0.0,-0.1652814403873547,-0.0587000184425253,0.8536803320866797,-0.12547847628593445,0.3117822855710983,0.0,0.0,0.0,1.4219095706939697,0.07702073454856873,1.4527603387832642,0.03388845920562744,0.0005396697670221329,-0.3791210651397705,0.00018888441263698041,-0.3789321780204773,0.02128572203218937,0.010557242669165134,-0.37924742698669434,0.0036950348876416683,-0.37555238604545593,0.019271844998002052,0.010831672698259354,-0.379352867603302,0.0037910854443907738,-0.37556177377700806,-0.0032369494438171387,-0.014668319374322891,-0.3790772259235382,-0.0051339115016162395,-0.38421112298965454,0.07294819504022598,0.07133623957633972,-0.3793620765209198,0.024967683479189873,-0.35439440608024597,0.009766061790287495,0.032321326434612274,-0.3792344033718109,0.011312464252114296,-0.36792194843292236,0.05420713126659393,0.04214248061180115,-0.334431529045105,0.014749867841601372,-0.31968167424201965,-0.07376217097043991,-0.08666057884693146,0.048373229801654816,-0.03033120185136795,0.018042027950286865,0.055246688425540924,0.02925724908709526,0.38067036867141724,0.010240036994218826,0.39091041684150696,0.1291176676750183,0.09632167220115662,0.613501787185669,0.033712584525346756,0.6472143530845642,0.1582309752702713,0.14976118505001068,0.7234943509101868,0.05241641402244568,0.7759107351303101
6.16,0.0,-0.075,0.0,-0.15702867116287705,-0.0692870999133391,0.7660070429342601,-0.1758708953857422,0.23619365692138672,0.0,0.0,0.0,1.4319056272506714,0.0808190330862999,1.4573132991790771,0.05222503840923309,0.016045281663537025,-0.3791397213935852,0.005615848582237959,-0.37352386116981506,0.03855060786008835,0.018955253064632416,-0.3792220950126648,0.006634338293224573,-0.37258777022361755,-0.02749050222337246,-0.0006649801507592201,-0.3793700933456421,-0.0002327430556761101,-0.37960284948349,-0.056366391479969025,-0.02717773988842964,-0.3790781497955322,-0.00951220840215683,-0.38859036564826965,0.11402837932109833,0.08414387702941895,-0.37934350967407227,0.02945035696029663,-0.34989315271377563,0.09566551446914673,0.05132458359003067,-0.3792596459388733,0.017963603138923645,-0.36129605770111084,0.11751635372638702,0.06475464254617691,-0.39625680446624756,0.02266412414610386,-0.37359267473220825,-0.0684436708688736,-0.08119550347328186,-0.010321686044335365,-0.02841842547059059,-0.038740113377571106,0.036377474665641785,0.03139331564307213,0.3402036428451538,0.0109876599162817,0.35119131207466125,0.04658746346831322,0.08140140771865845,0.6016722917556763,0.028490493074059486,0.63016277551651,0.16536357998847961,0.15444190800189972,0.7433451414108276,0.05405466631054878,0.7973998188972473
6.18,0.0,-0.075,0.0,-0.13247791941490106,-0.07623805649052129,0.6049831655596218,-0.14051350951194763,0.28922973573207855,0.0,0.0,0.0,1.4393666982650757,0.07636163383722305,1.465636968612671,0.023314055055379868,0.018225913867354393,-0.37916073203086853,0.00637906976044178,-0.3727816641330719,0.06037965416908264,0.031382571905851364,-0.37919729948043823,0.010983900167047977,-0.36821338534355164,-0.0019273962825536728,-0.0010437050368636847,-0.37938421964645386,-0.00036529675708152354,-0.37974950671195984,0.060140736401081085,-0.0009821951389312744,-0.37908297777175903,-0.00034376830444671214,-0.3794267475605011,0.053829632699489594,0.07504960894584656,-0.3793225586414337,0.026267362758517265,-0.3530552089214325,-0.0314553864300251,0.0264905896037817,-0.3792845606803894,0.009271706454455853,-0.3700128495693207,0.016841277480125427,0.050380632281303406,-0.4562836289405823,0.017633220180869102,-0.4386503994464874,-0.04018215090036392,-0.0688914954662323,-0.07134538888931274,-0.024112023413181305,-0.09545741230249405,0.01598876528441906,0.026771949604153633,0.29387998580932617,0.009370182640850544,0.30325016379356384,0.07957470417022705,0.0808534026145935,0.581964373588562,0.028298690915107727,0.6102630496025085,0.17097820341587067,0.1594027876853943,0.7553222179412842,0.055790975689888,0.811113178730011
6.2,0.0,-0.075,0.0,-0.10474113529260394,-0.0856216764534712,0.4341393404224864,-0.1771826297044754,0.2342260554432869,0.0,0.0,0.0,1.4447886943817139,0.07123248279094696,1.4684034585952759,0.03428363800048828,0.023043230175971985,-0.37918370962142944,0.008065130561590195,-0.37111857533454895,0.026288369670510292,0.029854312539100647,-0.3791734576225281,0.010449009016156197,-0.36872443556785583,-0.03608351945877075,-0.011555650271475315,-0.3793949484825134,-0.004044477362185717,-0.38343942165374756,0.08764929324388504,0.02560725249350071,-0.3790915608406067,0.008962538093328476,-0.3701290190219879,0.051214978098869324,0.06789921969175339,-0.37929967045783997,0.023764725774526596,-0.35553494095802307,0.018098056316375732,0.023972829803824425,-0.37930840253829956,0.008390489965677261,-0.3709179162979126,0.014915142208337784,0.03974098339676857,-0.5134965181350708,0.013909343630075455,-0.49958717823028564,-0.025465114042162895,-0.05586358159780502,-0.133665531873703,-0.01955225318670273,-0.15321779251098633,0.04548299312591553,0.032385263592004776,0.242482990026474,0.011334842070937157,0.2538178265094757,0.07084764540195465,0.07785167545080185,0.5547111630439758,0.027248086407780647,0.5819592475891113,0.12487948685884476,0.14904579520225525,0.7592231035232544,0.05216602608561516,0.811389148235321
6.22,0.0,-0.075,0.0,-0.07473799278324171,-0.09703395332860998,0.2525613147901513,-0.16165883839130402,0.257511742413044,0.0,0.0,0.0,1.4486494064331055,0.06800984591245651,1.4684710502624512,0.03332141786813736,0.026126686483621597,-0.379207968711853,0.009144339710474014,-0.3700636327266693,0.039846062660217285,0.03285183757543564,-0.37915128469467163,0.011498142965137959,-0.36765313148498535,0.004570825956761837,-0.00671770703047514,-0.3794019818305969,-0.00235119741410017,-0.38175317645072937,0.03264698386192322,0.027719171717762947,-0.37910372018814087,0.009701710194349289,-0.3694020211696625,0.01625422202050686,0.052405718713998795,-0.379275381565094,0.018342001363635063,-0.360933393239975,-0.01431387197226286,0.012486818246543407,-0.3793306052684784,0.004370386246591806,-0.3749602138996124,0.08993072807788849,0.054797906428575516,-0.5669277310371399,0.019179267808794975,-0.5477484464645386,-0.03437940031290054,-0.04941832646727562,-0.19622787833213806,-0.01729641482234001,-0.21352429687976837,0.027164191007614136,0.030818942934274673,0.1868821531534195,0.01078663021326065,0.19766879081726074,0.06969428062438965,0.07540445774793625,0.5203738212585449,0.026391560211777687,0.5467653870582581,0.1259780377149582,0.1421254575252533,0.7549817562103271,0.049743909388780594,0.8047256469726562
6.24,0.0,-0.075,0.0,-0.04250119988526229,-0.10850182887102472,0.07056258653168819,-0.15724880993366241,0.2641267850995064,0.0,0.0,0.0,1.451371431350708,0.06347797065973282,1.4660481214523315,0.0870673730969429,0.0444088950753212,-0.37923312187194824,0.015543113462626934,-0.36369001865386963,-0.00943847931921482,0.020164743065834045,-0.3791312575340271,0.0070576597936451435,-0.37207359075546265,0.0017590168863534927,-0.0041746897622942924,-0.37940531969070435,-0.001461141393519938,-0.38086646795272827,-0.0481274351477623,0.004965188913047314,-0.3791190981864929,0.0017378161428496242,-0.377381294965744,0.03127068281173706,0.046065207570791245,-0.37925031781196594,0.01612282171845436,-0.3631274998188019,0.04366099461913109,0.021839071065187454,-0.3793507218360901,0.0076436749659478664,-0.3717070519924164,0.07623408734798431,0.061228763312101364,-0.6156732439994812,0.021430067718029022,-0.5942431688308716,-0.032241079956293106,-0.044265154749155045,-0.2579740285873413,-0.01549280434846878,-0.2734668254852295,0.04800720512866974,0.03597542271018028,0.1280180960893631,0.012591397389769554,0.1406094878911972,0.10033448040485382,0.08288346230983734,0.47953325510025024,0.02900921180844307,0.5085424780845642,0.06279945373535156,0.11832765489816666,0.742669939994812,0.04141467809677124,0.7840846180915833
6.26,0.0,-0.075,0.0,-0.008002514741260526,-0.12169855518126237,-0.11662028001583054,-0.13003091514110565,0.3049536272883415,0.0,0.0,0.0,1.453287124633789,0.06059227138757706,1.458573818206787,0.10191304981708527,0.06166014075279236,-0.379258394241333,0.021581048145890236,-0.3576773405075073,-0.0007379050366580486,0.013893947936594486,-0.3791138529777527,0.0048628817312419415,-0.37425097823143005,0.045989446341991425,0.010874551720917225,-0.3794046640396118,0.0038060930091887712,-0.37559857964515686,-0.036073654890060425,-0.007346464321017265,-0.37913745641708374,-0.0025712624192237854,-0.38170871138572693,0.051766715943813324,0.04777565971016884,-0.379224956035614,0.016721481457352638,-0.3625034689903259,0.0008993176743388176,0.015557145699858665,-0.37936824560165405,0.0054450007155537605,-0.37392324209213257,0.09465538710355759,0.07125675678253174,-0.658908486366272,0.02493986487388611,-0.6339685916900635,-0.0445702001452446,-0.04435667023062706,-0.3178594708442688,-0.015524834394454956,-0.33338430523872375,0.05839758366346359,0.042702071368694305,0.06688658893108368,0.014945724979043007,0.08183231204748154,0.040148790925741196,0.07006306201219559,0.4328802824020386,0.024522071704268456,0.4574023485183716,0.048824138939380646,0.09747660160064697,0.7224958539009094,0.03411680832505226,0.7566126585006714
6.28,0.0,-0.075,0.0,0.027668636557448348,-0.13657958811876064,-0.3145410759235405,-0.12728340923786163,0.30907488614320755,0.0,0.0,0.0,1.4546116590499878,0.05979456007480621,1.450782060623169,0.09936211258172989,0.07297073304653168,-0.3792833089828491,0.025539755821228027,-0.3537435531616211,0.005110353697091341,0.011258869431912899,-0.37909942865371704,0.0039406041614711285,-0.37515881657600403,0.05060940980911255,0.02279501035809517,-0.3794001638889313,0.007978253066539764,-0.3714219033718109,-0.022200293838977814,-0.011802613735198975,-0.37915822863578796,-0.004130914807319641,-0.3832891583442688,0.045871853828430176,0.04720452055335045,-0.3792000710964203,0.016521582379937172,-0.36267849802970886,-0.006643197499215603,0.008897041901946068,-0.3793827295303345,0.0031139645725488663,-0.37626877427101135,0.11141165345907211,0.08330322802066803,-0.6959020495414734,0.02915612980723381,-0.6667459011077881,-0.015806715935468674,-0.035791683942079544,-0.3748711049556732,-0.012527089565992355,-0.3873981833457947,0.04546337574720383,0.04353046417236328,0.0045218029990792274,0.015235662460327148,0.0197574645280838,0.048106733709573746,0.06347616016864777,0.381204217672348,0.02221665531396866,0.4034208655357361,0.043856605887413025,0.08139059692621231,0.6948009729385376,0.02848670817911625,0.7232877016067505
6.3,0.0,-0.075,0.0,0.06031699698258427,-0.1522353341224594,-0.507813462989945,-0.1194232925772667,0.32086506113409996,0.0,0.0,0.0,1.455424427986145,0.058352030813694,1.4468268156051636,0.0997781828045845,0.08101296424865723,-0.37930721044540405,0.02835453674197197,-0.350952684879303,0.0050271376967430115,0.009389350190758705,-0.3790884017944336,0.003286272520199418,-0.3758021295070648,0.028035903349518776,0.024367276579141617,-0.3793918490409851,0.008528546430170536,-0.37086328864097595,0.02542394958436489,-0.0006346446461975574,-0.3791809678077698,-0.00022212562907952815,-0.37940308451652527,0.04451870173215866,0.04639877378940582,-0.37917613983154297,0.016239570453763008,-0.3629365563392639,-0.03880833834409714,-0.005414572544395924,-0.37939390540122986,-0.0018951003439724445,-0.381289005279541,0.08674566447734833,0.08433596044778824,-0.7260280847549438,0.029517585411667824,-0.6965104937553406,-0.05422190576791763,-0.04132075235247612,-0.4280444383621216,-0.014462263323366642,-0.44250670075416565,0.041252993047237396,0.042847223579883575,-0.058021243661642075,0.014996527694165707,-0.04302471503615379,0.004976782947778702,0.04592634737491608,0.3253791928291321,0.016074221581220627,0.3414534032344818,0.059597574174404144,0.07485269010066986,0.6600536108016968,0.02619844116270542,0.6862520575523376
6.32,0.0,-0.075,0.0,0.09092108875616188,-0.16839901354493436,-0.7042487892168149,-0.09851126372814178,0.3522331044077873,0.0,0.0,0.0,1.4556626081466675,0.058406613767147064,1.4434919357299805,0.08523783832788467,0.08228042721748352,-0.37932953238487244,0.028798149898648262,-0.35053136944770813,0.014544714242219925,0.010935959406197071,-0.37908101081848145,0.0038275858387351036,-0.37525343894958496,0.024117514491081238,0.024292347952723503,-0.3793799877166748,0.008502321317791939,-0.3708776533603668,0.049278173595666885,0.014339201152324677,-0.3792051672935486,0.005018720403313637,-0.3741864562034607,0.030045317485928535,0.04149273782968521,-0.3791537582874298,0.014522458426654339,-0.3646312952041626,-0.050673794001340866,-0.018992338329553604,-0.37940141558647156,-0.006647318135946989,-0.38604873418807983,0.10185649991035461,0.08959212154150009,-0.7487770318984985,0.03135724365711212,-0.7174198031425476,-0.06845627725124359,-0.04946140944957733,-0.4764799475669861,-0.017311492934823036,-0.4937914311885834,0.03794564679265022,0.0413767509162426,-0.11968450248241425,0.014481863006949425,-0.10520263761281967,-0.005255341529846191,0.030571840703487396,0.26634958386421204,0.010700143873691559,0.277049720287323,0.0601014718413353,0.07042732834815979,0.6188416481018066,0.024649564176797867,0.6434912085533142
6.34,0.0,-0.075,0.0,0.121116252106173,-0.18247590711509457,-0.8933508316223211,-0.11206483095884323,0.33190275356173515,0.0,0.0,0.0,1.4551252126693726,0.0553620345890522,1.4381449222564697,0.08604761213064194,0.0834105834364891,-0.3793497681617737,0.029193703085184097,-0.3501560688018799,-0.03750098496675491,-0.0035951239988207817,-0.3790774345397949,-0.0012582933995872736,-0.3803357183933258,0.025993140414357185,0.02480258420109749,-0.37936484813690186,0.008680904284119606,-0.3706839382648468,-0.04484193027019501,-0.0034151384606957436,-0.37923020124435425,-0.0011952983913943172,-0.38042551279067993,0.06700693815946579,0.049146998673677444,-0.379133403301239,0.01720144972205162,-0.3619319498538971,0.014527038671076298,-0.008936524391174316,-0.37940514087677,-0.0031277835369110107,-0.38253292441368103,0.09414280951023102,0.09095732867717743,-0.7637639045715332,0.03183506429195404,-0.731928825378418,-0.04514360427856445,-0.04816606640815735,-0.5193583369255066,-0.016858123242855072,-0.5362164378166199,0.011888918466866016,0.03253040090203285,-0.17942483723163605,0.011385640129446983,-0.1680392026901245,0.07926011085510254,0.04517832398414612,0.20511406660079956,0.01581241376698017,0.22092647850513458,-0.04718109965324402,0.03514479845762253,0.5718622803688049,0.012300679460167885,0.5841629505157471
6.36,0.0,-0.075,0.0,0.14703705784505325,-0.19435632111212756,-1.0765118501918172,-0.0741083025932312,0.3888375461101532,0.0,0.0,0.0,1.4534891843795776,0.05723468214273453,1.4335271120071411,0.13517720997333527,0.09894056618213654,-0.3793674409389496,0.03462919592857361,-0.344738245010376,-0.002506827237084508,-0.0032686349004507065,-0.3790777623653412,-0.0011440222151577473,-0.38022178411483765,0.04586871340870857,0.031122423708438873,-0.37934672832489014,0.01089284848421812,-0.36845389008522034,0.005093202460557222,-0.0008626360213384032,-0.3792555332183838,-0.0003019226132892072,-0.37955746054649353,0.0066117290407419205,0.03638641908764839,-0.37911567091941833,0.012735246680676937,-0.3663804233074188,-0.01405794732272625,-0.010472951456904411,-0.3794049620628357,-0.0036655329167842865,-0.3830704987049103,0.09566115587949753,0.0923684760928154,-0.7707353830337524,0.03232896700501442,-0.7384064197540283,-0.058101754635572433,-0.05114677548408508,-0.555954098701477,-0.01790137030184269,-0.573855459690094,0.02241431549191475,0.02949557453393936,-0.23623162508010864,0.010323450900614262,-0.22590817511081696,0.03449728339910507,0.041974011808633804,0.14270849525928497,0.014690903946757317,0.15739940106868744,0.009806947782635689,0.02754344418644905,0.5199103355407715,0.009640205651521683,0.5295505523681641
6.38,0.0,-0.075,0.0,0.16830284509788127,-0.20180893181363527,-1.235846213809835,-0.057912521064281464,0.4131312184035778,0.0,0.0,0.0,1.4503345489501953,0.06012152135372162,1.427131175994873,0.10543666779994965,0.10088939219713211,-0.37938210368156433,0.03531128540635109,-0.34407082200050354,0.008465586230158806,0.00025163148529827595,-0.3790819048881531,8.80710213095881e-05,-0.37899383902549744,0.013465985655784607,0.025825493037700653,-0.3793261647224426,0.009038922376930714,-0.3702872395515442,0.12995478510856628,0.03838259354233742,-0.3792805075645447,0.013433907181024551,-0.3658466041088104,0.0059007275849580765,0.027240712195634842,-0.3791009187698364,0.00953424908220768,-0.3695666790008545,-0.06853355467319489,-0.0278911329805851,-0.3794008791446686,-0.00976189598441124,-0.3891627788543701,0.11815756559371948,0.10010520368814468,-0.7695733308792114,0.03503682091832161,-0.7345365285873413,-0.08211028575897217,-0.06043582782149315,-0.5856482982635498,-0.021152539178729057,-0.6068008542060852,0.016696587204933167,0.025655878707766533,-0.2891438603401184,0.008979557082057,-0.28016430139541626,0.0077200885862112045,0.0316978357732296,0.08018860965967178,0.011094242334365845,0.09128285199403763,-0.003576163202524185,0.01820756308734417,0.4638645350933075,0.0063726468943059444,0.47023719549179077
6.4,0.0,-0.075,0.0,0.18279626804911606,-0.20666557460810442,-1.3536048901534012,-0.08954015374183655,0.3656897693872452,0.0,0.0,0.0,1.4451769590377808,0.057935599237680435,1.4224625825881958,0.0993792861700058,0.10043635964393616,-0.37939339876174927,0.035152725875377655,-0.344240665435791,-0.0018627811223268509,-0.00038269232027232647,-0.37908992171287537,-0.00013394230336416513,-0.37922385334968567,-0.020417595282197,0.011952565982937813,-0.37930357456207275,0.0041833980940282345,-0.3751201629638672,0.08973254263401031,0.05378757789731026,-0.37930452823638916,0.018825652077794075,-0.36047887802124023,0.0028037745505571365,0.019909631460905075,-0.3790895342826843,0.006968371104449034,-0.3721211552619934,-0.04415162280201912,-0.032769277691841125,-0.3793930113315582,-0.011469246819615364,-0.39086225628852844,0.07651446759700775,0.0930279791355133,-0.7602975368499756,0.03255979344248772,-0.7277377247810364,-0.046375274658203125,-0.05621766299009323,-0.6079384684562683,-0.01967618241906166,-0.6276146769523621,-0.03007255494594574,0.008937347680330276,-0.3372664153575897,0.0031280715484172106,-0.33413833379745483,0.026468072086572647,0.030128907412290573,0.01861204206943512,0.010545117780566216,0.029157159850001335,-0.049332305788993835,-0.0020543988794088364,0.4046730399131775,-0.0007190395845100284,0.40395399928092957
6.42,0.0,-0.075,0.0,0.19182541740728487,-0.210937583777045,-1.4562161575275019,-0.07826977223157883,0.38259534165263176,0.0,0.0,0.0,1.4375052452087402,0.052140772342681885,1.4215055704116821,0.08252143114805222,0.09506188333034515,-0.3794010877609253,0.033271659165620804,-0.3461294174194336,-0.005356622859835625,-0.001874871551990509,-0.3791015148162842,-0.0006562050548382103,-0.37975773215293884,-0.061522603034973145,-0.010089985094964504,-0.3792794644832611,-0.0035314946435391903,-0.38281095027923584,0.07925450056791306,0.06142765283584595,-0.37932705879211426,0.02149967849254608,-0.357827365398407,-0.024328622967004776,0.006638154853135347,-0.37908169627189636,0.0023233541287481785,-0.376758337020874,-0.018538467586040497,-0.028500033542513847,-0.37938153743743896,-0.009975011460483074,-0.3893565535545349,0.028066162019968033,0.07353943586349487,-0.7430647611618042,0.025738801807165146,-0.7173259854316711,-0.029268354177474976,-0.048132870346307755,-0.6224475502967834,-0.01684650406241417,-0.6392940282821655,-0.06405613571405411,-0.012960698455572128,-0.3797852396965027,-0.004536244552582502,-0.3843214809894562,0.003772921860218048,0.022222112864255905,-0.04097951948642731,0.007777739316225052,-0.033201780170202255,-0.01485937274992466,-0.005895891226828098,0.3433372974395752,-0.0020635619293898344,0.3412737250328064
6.44,0.0,-0.075,0.0,0.19705899792676898,-0.21540410603370516,-1.5406313614637952,-0.10336282849311829,0.34495575726032257,0.0,0.0,0.0,1.426819920539856,0.05643000453710556,1.4128073453903198,0.08072930574417114,0.09076210856437683,-0.37940502166748047,0.03176673874258995,-0.3476382791996002,0.022131452336907387,0.005327025894075632,-0.37911638617515564,0.0018644590163603425,-0.37725192308425903,-0.026810405775904655,-0.015106111764907837,-0.37925446033477783,-0.00528713921085,-0.3845416009426117,0.13961273431777954,0.0848831832408905,-0.3793475925922394,0.029709113761782646,-0.3496384918689728,-0.007725871168076992,0.0023289467208087444,-0.37907761335372925,0.0008151313522830606,-0.3782624900341034,-0.06814400106668472,-0.040393225848674774,-0.3793667256832123,-0.014137628488242626,-0.3935043513774872,0.06175317242741585,0.07000355422496796,-0.718166708946228,0.024501243606209755,-0.6936654448509216,-0.0631147176027298,-0.05262742191553116,-0.6289302110671997,-0.018419597297906876,-0.6473498344421387,-0.04182460159063339,-0.021619871258735657,-0.4159810245037079,-0.00756695494055748,-0.42354798316955566,0.017082326114177704,0.020680176094174385,-0.09757795929908752,0.007238061632961035,-0.09033989906311035,-0.018371423706412315,-0.009638551622629166,0.28089478611946106,-0.0033734929747879505,0.2775212824344635
6.46,0.0,-0.075,0.0,0.20006995735951594,-0.22010548134801755,-1.608588187878903,-0.09457694739103317,0.35813457891345024,0.0,0.0,0.0,1.4126719236373901,0.0628826767206192,1.4014534950256348,0.046415090560913086,0.07745800912380219,-0.37940502166748047,0.027110302820801735,-0.3522947132587433,0.040418051183223724,0.015854334458708763,-0.37913426756858826,0.005549016874283552,-0.3735852539539337,-0.011675098910927773,-0.014076808467507362,-0.3792291283607483,-0.0049268826842308044,-0.3841560184955597,0.17654113471508026,0.11238057166337967,-0.37936556339263916,0.039333198219537735,-0.3400323688983917,-0.011008039116859436,-0.001672149170190096,-0.3790774941444397,-0.0005852521862834692,-0.37966275215148926,-0.09932194650173187,-0.05807184427976608,-0.3793489933013916,-0.02032514475286007,-0.3996741473674774,0.06051047146320343,0.0671556293964386,-0.68602454662323,0.02350446954369545,-0.6625200510025024,-0.09756249189376831,-0.06610794365406036,-0.627276599407196,-0.023137779906392097,-0.6504144072532654,-0.021867457777261734,-0.02169414795935154,-0.44524145126342773,-0.007592951878905296,-0.4528343975543976,-0.008321065455675125,0.011979803442955017,-0.15022581815719604,0.0041929311119019985,-0.1460328847169876,-0.038187988102436066,-0.018203381448984146,0.21840190887451172,-0.006371183320879936,0.21203072369098663
6.48,0.0,-0.075,0.0,0.20201908318129658,-0.22624140757900243,-1.6510642655950714,-0.08322195708751678,0.3751670643687248,0.0,0.0,0.0,1.394699215888977,0.0677838921546936,1.3864401578903198,0.044237762689590454,0.06749193370342255,-0.37940114736557007,0.0236221756786108,-0.3557789623737335,0.05082418769598007,0.02634529024362564,-0.37915465235710144,0.009220851585268974,-0.3699338138103485,-0.012857040390372276,-0.013710877858102322,-0.3792041540145874,-0.004798807203769684,-0.3840029537677765,0.16156010329723358,0.12713442742824554,-0.37938058376312256,0.044497050344944,-0.33488354086875916,-0.013829887844622135,-0.005319471005350351,-0.37908124923706055,-0.0018618148751556873,-0.38094305992126465,-0.10164719074964523,-0.07114444673061371,-0.3793286383152008,-0.02490055561065674,-0.40422919392585754,0.05617459490895271,0.06386131793260574,-0.6471818685531616,0.02235146053135395,-0.624830424785614,-0.09013689309358597,-0.07331662625074387,-0.6175148487091064,-0.025660818442702293,-0.6431756615638733,-0.031843382865190506,-0.024738918989896774,-0.467071533203125,-0.008658621460199356,-0.47573015093803406,-0.010651503689587116,0.005190410651266575,-0.1980324536561966,0.0018166437512263656,-0.19621580839157104,-0.04725527763366699,-0.02691895142197609,0.1569158285856247,-0.009421632625162601,0.14749419689178467
6.5,0.0,-0.075,0.0,0.20367184407531644,-0.2298052440031383,-1.6533672143608913,-0.08382728695869446,0.3742590695619583,0.0,0.0,0.0,1.3726602792739868,0.07164609432220459,1.367417335510254,0.028724269941449165,0.05586163327097893,-0.3793935179710388,0.01955157145857811,-0.3598419427871704,0.05392855405807495,0.034620270133018494,-0.37917715311050415,0.012117094360291958,-0.3670600652694702,-0.011425277218222618,-0.013025198131799698,-0.37918001413345337,-0.004558819346129894,-0.38373884558677673,0.16386818885803223,0.13815456628799438,-0.3793922960758209,0.048354096710681915,-0.3310382068157196,-0.01503409817814827,-0.008233859203755856,-0.379088819026947,-0.0028818505816161633,-0.38197067379951477,-0.10468757152557373,-0.08120737969875336,-0.37930625677108765,-0.028422582894563675,-0.4077288508415222,0.04962390288710594,0.05959009379148483,-0.602295994758606,0.02085653319954872,-0.5814394354820251,-0.08802797645330429,-0.07773002982139587,-0.599810004234314,-0.027205510064959526,-0.6270155310630798,-0.030857350677251816,-0.026574447751045227,-0.481101930141449,-0.009301056154072285,-0.4904029965400696,-0.013528812676668167,-0.00042535667307674885,-0.2401891052722931,-0.00014887483848724514,-0.24033798277378082,-0.060396015644073486,-0.03696206957101822,0.09747672080993652,-0.012936724349856377,0.084539994597435
6.5200000000000005,0.0,-0.075,0.0,0.20467227385494302,-0.2370614997476083,-1.6602270287360057,-0.09037306904792786,0.3644403964281082,0.0,0.0,0.0,1.34646475315094,0.06680244207382202,1.3449965715408325,0.031552255153656006,0.04856881871819496,-0.3793821930885315,0.01699908636510372,-0.362383097410202,0.02831604890525341,0.032729003578424454,-0.37920111417770386,0.011455151252448559,-0.367745965719223,-0.04256768524646759,-0.021887945011258125,-0.37915730476379395,-0.007660780567675829,-0.3868180811405182,0.08585097640752792,0.12246348708868027,-0.37940043210983276,0.04286222159862518,-0.3365381956100464,-0.014194037765264511,-0.01002191286534071,-0.37909996509552,-0.003507669549435377,-0.382607638835907,-0.06123695150017738,-0.07521624863147736,-0.37928229570388794,-0.026325685903429985,-0.4056079685688019,0.04655596613883972,0.05567985773086548,-0.5521260499954224,0.019487949088215828,-0.5326380729675293,-0.05219589173793793,-0.07006978988647461,-0.5744616389274597,-0.024524426087737083,-0.5989860892295837,-0.06717833131551743,-0.03875561058521271,-0.48709532618522644,-0.013564463704824448,-0.5006597638130188,0.02276727557182312,0.0065324329771101475,-0.2759826183319092,0.0022863515187054873,-0.27369627356529236,-0.07045713067054749,-0.04701058939099312,0.04109010100364685,-0.016453705728054047,0.024636395275592804
6.54,0.0,-0.075,0.0,0.2037914661019997,-0.24237359351991128,-1.63710897948312,-0.10300054401159286,0.3454991839826107,0.0,0.0,0.0,1.3161996603012085,0.06389527022838593,1.318084716796875,0.06905756890773773,0.05471544340252876,-0.3793675899505615,0.019150404259562492,-0.3602171838283539,0.0153555478900671,0.027516966685652733,-0.37922602891921997,0.009630938060581684,-0.36959508061408997,-0.05825655907392502,-0.03279852867126465,-0.3791366219520569,-0.011479484848678112,-0.39061611890792847,0.07947497814893723,0.10956694185733795,-0.37940478324890137,0.03834842890501022,-0.34105634689331055,-0.022012002766132355,-0.013618940487504005,-0.3791145086288452,-0.0047666290774941444,-0.383881151676178,-0.05580078437924385,-0.06939160823822021,-0.37925732135772705,-0.024287061765789986,-0.4035443961620331,0.02213149517774582,0.04561534523963928,-0.49752092361450195,0.01596537046134472,-0.4815555512905121,-0.03445789963006973,-0.059386223554611206,-0.5418985486030579,-0.020785177126526833,-0.5626837015151978,-0.08081930130720139,-0.05137471854686737,-0.48495030403137207,-0.01798115111887455,-0.5029314756393433,0.03844717890024185,0.016106856986880302,-0.30480754375457764,0.005637399852275848,-0.2991701364517212,-0.07254238426685333,-0.054670125246047974,-0.01129013579338789,-0.01913454383611679,-0.030424680560827255
6.5600000000000005,0.0,-0.075,0.0,0.2019661106923404,-0.24603153571317382,-1.5872893371857908,-0.08755248785018921,0.3686712682247162,0.0,0.0,0.0,1.2821539640426636,0.06276945769786835,1.288062334060669,0.09181015193462372,0.0658438578248024,-0.3793499171733856,0.02304534986615181,-0.3563045561313629,0.01246378943324089,0.023001013323664665,-0.3792513906955719,0.008050354197621346,-0.3712010383605957,-0.07589980959892273,-0.04572891443967819,-0.3791183829307556,-0.016005119308829308,-0.39512351155281067,0.0660688728094101,0.09651751816272736,-0.3794052004814148,0.033781129866838455,-0.34562405943870544,-0.03449469804763794,-0.01988166756927967,-0.37913209199905396,-0.006958583369851112,-0.3860906660556793,-0.04924268275499344,-0.06334692984819412,-0.3792320489883423,-0.022171424701809883,-0.4014034867286682,0.009128057397902012,0.03466915711760521,-0.43940430879592896,0.012134204618632793,-0.4272701144218445,-0.02116900496184826,-0.04792105406522751,-0.5026715397834778,-0.016772368922829628,-0.519443929195404,-0.1018776074051857,-0.06652558594942093,-0.47470325231552124,-0.023283954709768295,-0.49798721075057983,0.026460416615009308,0.01921292394399643,-0.32617613673210144,0.00672452338039875,-0.31945160031318665,-0.06072679162025452,-0.056487128138542175,-0.05877787619829178,-0.019770493730902672,-0.0785483717918396
6.58,0.0,-0.075,0.0,0.20052895724585007,-0.24708648329339414,-1.5248791614265158,-0.06480957567691803,0.40278563648462296,0.0,0.0,0.0,1.2448376417160034,0.05699834227561951,1.254611611366272,0.1080486923456192,0.07850530743598938,-0.37932971119880676,0.027476856485009193,-0.3518528640270233,0.0092460410669446,0.0188745204359293,-0.37927642464637756,0.0066060819663107395,-0.37267035245895386,-0.07592189311981201,-0.0547868087887764,-0.3791031539440155,-0.01917538233101368,-0.39827853441238403,-0.013498160056769848,0.06351280957460403,-0.3794017732143402,0.022229483351111412,-0.35717228055000305,-0.06706687808036804,-0.034037232398986816,-0.37915217876434326,-0.011913031339645386,-0.39106521010398865,-0.004824587143957615,-0.04579022526741028,-0.37920695543289185,-0.016026578843593597,-0.39523354172706604,-0.03652013838291168,0.013312367722392082,-0.3787592947483063,0.004659328609704971,-0.3740999698638916,0.020046785473823547,-0.027530701830983162,-0.45744431018829346,-0.00963574554771185,-0.4670800566673279,-0.11841884255409241,-0.08209356665611267,-0.4565274119377136,-0.028732748702168465,-0.48526015877723694,0.03899854049086571,0.025148609653115273,-0.3397269546985626,0.008802013471722603,-0.330924928188324,0.006909463554620743,-0.03746815025806427,-0.10056978464126587,-0.013113852590322495,-0.11368364095687866
6.6000000000000005,0.0,-0.075,0.0,0.1962023535090632,-0.2461360585815632,-1.4280044102790397,-0.06647396832704544,0.40028904750943184,0.0,0.0,0.0,1.2049983739852905,0.05760803818702698,1.2180851697921753,0.10749684274196625,0.0872027724981308,-0.3793073892593384,0.03052097000181675,-0.3487864136695862,0.023913538083434105,0.0203862264752388,-0.37930065393447876,0.0071351793594658375,-0.3721654713153839,-0.043262578547000885,-0.051329538226127625,-0.37909114360809326,-0.01796533726155758,-0.3970564901828766,0.03665371239185333,0.055455081164836884,-0.37939453125,0.01940927840769291,-0.35998526215553284,-0.06752040982246399,-0.04408218711614609,-0.37917447090148926,-0.015428765676915646,-0.3946032226085663,-0.03581530600786209,-0.04279775172472,-0.37918269634246826,-0.014979212544858456,-0.3941619098186493,-0.036800239235162735,-0.0017214147374033928,-0.3166118860244751,-0.0006024951580911875,-0.31721436977386475,-0.03875506669282913,-0.030898012220859528,-0.406981885433197,-0.01081430446356535,-0.41779619455337524,-0.1037571057677269,-0.08859263360500336,-0.4307302236557007,-0.031007422134280205,-0.46173763275146484,-0.014178628101944923,0.013350438326597214,-0.3452308177947998,0.004672653507441282,-0.34055817127227783,0.005641438066959381,-0.024535274133086205,-0.13595885038375854,-0.008587345480918884,-0.14454619586467743
6.62,0.0,-0.075,0.0,0.18741308522792788,-0.24755477183358454,-1.30766571670634,-0.0183083675801754,0.4725374486297369,0.0,0.0,0.0,1.1636321544647217,0.055307697504758835,1.181941032409668,0.0668543204665184,0.08109823614358902,-0.37928348779678345,0.028384381905198097,-0.3508991003036499,0.009427481330931187,0.017098603770136833,-0.37932348251342773,0.005984511226415634,-0.3733389675617218,-0.03377072513103485,-0.04606189206242561,-0.37908273935317993,-0.01612166129052639,-0.3952043950557709,-0.03964327648282051,0.026925573125481606,-0.3793836832046509,0.00942395068705082,-0.3699597418308258,-0.09161904454231262,-0.05834324657917023,-0.3791983127593994,-0.02042013593018055,-0.3996184468269348,-0.010379967279732227,-0.03307241573929787,-0.3791598081588745,-0.011575344949960709,-0.3907351493835449,-0.03912196308374405,-0.012941580265760422,-0.2540133595466614,-0.00452955299988389,-0.2585429251194,-0.023125920444726944,-0.028566384688019753,-0.3521379828453064,-0.009998234920203686,-0.36213621497154236,-0.12097293138504028,-0.09830673038959503,-0.3977482318878174,-0.0344073548913002,-0.432155579328537,-0.015021932311356068,0.004838726948946714,-0.3425945043563843,0.0016935544554144144,-0.3409009575843811,0.02631688490509987,-0.009279625490307808,-0.16434642672538757,-0.0032478689681738615,-0.1675942987203598
6.640000000000001,0.0,-0.075,0.0,0.17353107579868815,-0.24007841489534731,-1.1173776417368744,-0.0015558172017335892,0.4976662741973996,0.0,0.0,0.0,1.121983528137207,0.054643772542476654,1.1463326215744019,0.010567106306552887,0.05993889644742012,-0.3792586326599121,0.020978612825274467,-0.3582800328731537,0.032732509076595306,0.02178877592086792,-0.3793443739414215,0.007626071572303772,-0.37171828746795654,0.01673635095357895,-0.027222417294979095,-0.3790780305862427,-0.009527846239507198,-0.38860586285591125,-0.03728466108441353,0.00766250304877758,-0.3793694078922272,0.002681876067072153,-0.37668752670288086,-0.1172761619091034,-0.07602311670780182,-0.37922316789627075,-0.026608090847730637,-0.4058312475681305,-0.0452602319419384,-0.036728762090206146,-0.37913888692855835,-0.012855066917836666,-0.3919939398765564,-0.04391093552112579,-0.022232387214899063,-0.19202278554439545,-0.0077813356183469296,-0.1998041272163391,-0.0744028389453888,-0.04231732338666916,-0.2938404083251953,-0.014811063185334206,-0.30865147709846497,-0.10069313645362854,-0.09902264922857285,-0.3581393361091614,-0.03465792536735535,-0.3927972614765167,-0.06029285490512848,-0.014700748026371002,-0.3318627178668976,-0.005145261529833078,-0.33700796961784363,0.05007220804691315,0.008525924757122993,-0.18525224924087524,0.0029840737115591764,-0.1822681725025177
6.66,0.0,-0.075,0.0,0.15799637953522952,-0.24662893138473133,-1.0263383787237057,0.013301078230142593,0.5199516173452139,0.013966132141649722,0.0,0.013966132141649722,1.0815305709838867,0.05852414667606354,1.109161138534546,0.022532207891345024,0.04871688783168793,-0.37923333048820496,0.017050910741090775,-0.3621824085712433,0.038459621369838715,0.026790030300617218,-0.3793627917766571,0.009376510046422482,-0.36998629570007324,0.03936435282230377,-0.007246386259794235,-0.3790772557258606,-0.0025362351443618536,-0.38161349296569824,-0.034377142786979675,-0.004949390888214111,-0.37935206294059753,-0.0017322867643088102,-0.3810843527317047,-0.11792077869176865,-0.08859241753816605,-0.3792484998703003,-0.031007345765829086,-0.4102558493614197,-0.08220997452735901,-0.0503731295466423,-0.3791203498840332,-0.017630595713853836,-0.39675095677375793,-0.027598325163125992,-0.02384216897189617,-0.13168880343437195,-0.008344759233295918,-0.140033558011055,-0.09827160090208054,-0.05910360813140869,-0.2330753356218338,-0.020686263218522072,-0.2537615895271301,-0.0839260071516037,-0.09449365735054016,-0.31257352232933044,-0.033072780817747116,-0.34564629197120667,-0.07414084672927856,-0.03253277763724327,-0.3132169544696808,-0.011386471800506115,-0.32460343837738037,0.043049536645412445,0.018883008509874344,-0.19832266867160797,0.006609052885323763,-0.1917136162519455
6.68,0.0,-0.075,0.0,0.13738281058894591,-0.24325907563885737,-0.8634921567310627,0.025716764852404594,0.5385751472786069,0.02700260309502482,0.0,0.02700260309502482,1.0439432859420776,0.07211480289697647,1.0706312656402588,0.05368359386920929,0.050206899642944336,-0.37920820713043213,0.017572414129972458,-0.36163580417633057,0.06629437208175659,0.03864133358001709,-0.3793783187866211,0.013524466194212437,-0.36585384607315063,0.04332396760582924,0.007924720644950867,-0.3790804147720337,0.002773652086034417,-0.37630677223205566,0.07929737865924835,0.020324639976024628,-0.37933212518692017,0.007113623898476362,-0.3722184896469116,-0.12872721254825592,-0.10063286125659943,-0.37927359342575073,-0.03522150218486786,-0.4144951105117798,-0.11833466589450836,-0.07076159119606018,-0.37910473346710205,-0.024766556918621063,-0.4038712978363037,-0.0620172843337059,-0.035294704139232635,-0.07403205335140228,-0.012353146448731422,-0.08638519793748856,-0.18957889080047607,-0.09824619442224503,-0.17087072134017944,-0.03438616916537285,-0.2052568942308426,-0.04383024945855141,-0.07929463684558868,-0.2618217468261719,-0.02775312215089798,-0.28957486152648926,-0.14805284142494202,-0.0671887993812561,-0.28697264194488525,-0.023516079410910606,-0.3104887306690216,0.0679648220539093,0.03360755369067192,-0.20333659648895264,0.011762643232941628,-0.19157394766807556
6.7,0.0,-0.075,0.0,0.11385556653339574,-0.23560795069427068,-0.6845349908115107,0.030254805460572243,0.5453822081908584,0.031767545733600855,0.0,0.031767545733600855,1.0110045671463013,0.07877836376428604,1.0325243473052979,0.07739386707544327,0.058362990617752075,-0.37918388843536377,0.020427046343684196,-0.3587568402290344,0.030096543952822685,0.036077894270420074,-0.3793905973434448,0.012627262622117996,-0.36676332354545593,0.07277555018663406,0.027379969134926796,-0.37908732891082764,0.009582988917827606,-0.36950433254241943,0.00288903946056962,0.015093959867954254,-0.3793100416660309,0.0052828858606517315,-0.37402716279029846,-0.10489445924758911,-0.10191134363412857,-0.37929797172546387,-0.03566896915435791,-0.4149669408798218,-0.09527771919965744,-0.07811643183231354,-0.37909233570098877,-0.027340751141309738,-0.4064330756664276,-0.07199322432279587,-0.046304263174533844,-0.020027942955493927,-0.016206491738557816,-0.03623443469405174,-0.15915530920028687,-0.11651892960071564,-0.10827891528606415,-0.04078162461519241,-0.14906054735183716,-0.007420494221150875,-0.057732392102479935,-0.20674248039722443,-0.020206337794661522,-0.2269488126039505,-0.1265001744031906,-0.08498221635818481,-0.25357377529144287,-0.029743775725364685,-0.28331756591796875,0.07836519181728363,0.047034844756126404,-0.20020917057991028,0.01646219566464424,-0.18374697864055634
6.72,0.0,-0.075,0.0,0.09053766800277002,-0.22937693864991138,-0.5078028733090131,0.015976466238498688,0.523964699357748,0.016775289550423622,0.0,0.016775289550423622,0.9844812750816345,0.07456986606121063,0.998440146446228,0.09222089499235153,0.06852035969495773,-0.37916091084480286,0.023982126265764236,-0.3551787734031677,-0.018515877425670624,0.019699761644005775,-0.3793993592262268,0.006894916296005249,-0.37250444293022156,0.08563350886106491,0.044856034219264984,-0.37909793853759766,0.015699611976742744,-0.36339831352233887,-0.09209275990724564,-0.017062056809663773,-0.3792862892150879,-0.005971719976514578,-0.3852580189704895,-0.03653138875961304,-0.08229735493659973,-0.37932097911834717,-0.028804073110222816,-0.40812504291534424,-0.043705105781555176,-0.06779303401708603,-0.3790834844112396,-0.02372756227850914,-0.40281105041503906,-0.04555320367217064,-0.04607894644141197,0.029409948736429214,-0.016127631068229675,0.01328231766819954,-0.09630291908979416,-0.11045412719249725,-0.04635874927043915,-0.03865894302725792,-0.08501769602298737,0.006513071246445179,-0.03845875337719917,-0.14826753735542297,-0.013460563495755196,-0.16172809898853302,-0.10086604952812195,-0.0897473692893982,-0.21358534693717957,-0.03141157701611519,-0.24499692022800446,0.06603879481554031,0.05273602902889252,-0.18899333477020264,0.01845761016011238,-0.17053572833538055
6.74,0.0,-0.075,0.0,0.0654715308347178,-0.22034991945787238,-0.3238788711691063,0.020570721477270126,0.5308560822159052,0.021599257551133632,0.0,0.021599257551133632,0.9659500122070312,0.07512281835079193,0.97108393907547,0.12243668735027313,0.08469526469707489,-0.37913984060287476,0.029643341898918152,-0.3494964838027954,-0.026059726253151894,0.005971914157271385,-0.37940430641174316,0.0020901698153465986,-0.37731415033340454,0.1024790033698082,0.06214292347431183,-0.3791119158267975,0.02175002358853817,-0.35736188292503357,-0.0750003531575203,-0.03444354608654976,-0.37926149368286133,-0.01205524057149887,-0.3913167417049408,-0.019573651254177094,-0.06348024308681488,-0.37934207916259766,-0.02221808396279812,-0.4015601575374603,-0.05842050537467003,-0.06498127430677414,-0.37907838821411133,-0.02274344488978386,-0.4018218219280243,-0.044070370495319366,-0.04547637328505516,0.07344529032707214,-0.01591673120856285,0.05752855911850929,-0.12103306502103806,-0.11362780630588531,0.013842269778251648,-0.0397697314620018,-0.025927461683750153,0.03973234444856644,-0.015001422725617886,-0.0873861163854599,-0.005250497721135616,-0.09263661503791809,-0.08268730342388153,-0.08762934803962708,-0.16768385469913483,-0.030670272186398506,-0.19835412502288818,0.04938928037881851,0.051732003688812256,-0.16987882554531097,0.01810620166361332,-0.1517726182937622
6.76,0.0,-0.075,0.0,0.03755316784568088,-0.21095538638054054,-0.1435902272545532,0.00980987586081028,0.5147148137912154,0.010300369653850793,0.0,0.010300369653850793,0.9565953612327576,0.07584840059280396,0.9566879868507385,0.10779102146625519,0.09162399172782898,-0.37912121415138245,0.0320683978497982,-0.34705281257629395,-0.017771625891327858,-0.0011511482298374176,-0.3794054388999939,-0.00040290187462233007,-0.37980833649635315,0.09696242213249207,0.07258877158164978,-0.37912899255752563,0.025406070053577423,-0.3537229299545288,-0.0682549849152565,-0.04458697885274887,-0.3792361915111542,-0.015605442225933075,-0.39484164118766785,-0.03427431359887123,-0.054718464612960815,-0.3793608248233795,-0.019151462242007256,-0.3985122740268707,-0.08520405739545822,-0.07104811072349548,-0.37907713651657104,-0.02486683800816536,-0.4039439857006073,-0.03025165945291519,-0.04090896248817444,0.11133313179016113,-0.014318136498332024,0.09701499342918396,-0.11437217891216278,-0.11385111510753632,0.07130572199821472,-0.03984788805246353,0.03145783394575119,0.047963596880435944,0.003888084553182125,-0.025128168985247612,0.0013608295703306794,-0.023767339065670967,-0.05684227496385574,-0.07839322835206985,-0.11664578318595886,-0.02743762917816639,-0.1440834105014801,0.045006364583969116,0.049714311957359314,-0.1431889832019806,0.01740000955760479,-0.12578897178173065
6.78,0.0,-0.075,0.0,0.005083975169936225,-0.1996252497554547,0.045627852664032055,0.015882054343819618,0.5238230815157294,0.016676157061010596,0.0,0.016676157061010596,0.9570291638374329,0.07144980132579803,0.954240620136261,0.08296722918748856,0.08902696520090103,-0.37910544872283936,0.03115943819284439,-0.34794601798057556,-0.04218338429927826,-0.013460819609463215,-0.37940263748168945,-0.0047112866304814816,-0.38411393761634827,0.05093029886484146,0.06609123200178146,-0.3791487514972687,0.023131931200623512,-0.3560168147087097,-0.025960126891732216,-0.03899892419576645,-0.3792110085487366,-0.013649622909724712,-0.39286062121391296,-0.015570334158837795,-0.04297402501106262,-0.37937670946121216,-0.015040908940136433,-0.3944176137447357,-0.058864712715148926,-0.06739309430122375,-0.37907981872558594,-0.023587582632899284,-0.40266740322113037,-0.002957749180495739,-0.02952359803020954,0.14243252575397491,-0.010333259589970112,0.13209927082061768,-0.10116195678710938,-0.11004436016082764,0.12505950033664703,-0.03851552680134773,0.0865439772605896,0.03710353374481201,0.013852719217538834,0.03745311126112938,0.004848451819270849,0.04230156168341637,-0.0737019032239914,-0.07698582857847214,-0.06133456528186798,-0.026945039629936218,-0.0882796049118042,0.03996986150741577,0.04679097980260849,-0.10937531292438507,0.016376841813325882,-0.09299847483634949
6.8,0.0,-0.075,0.0,-0.029797056386320034,-0.18617371182374357,0.24588472027874175,0.03995243459939957,0.5599286518990993,0.041950056329369545,0.0,0.041950056329369545,0.9671867489814758,0.06862741708755493,0.961139976978302,0.06314852088689804,0.08126343786716461,-0.37909287214279175,0.028442202135920525,-0.3506506681442261,-0.04276573657989502,-0.022252295166254044,-0.3793960213661194,-0.007788303308188915,-0.3871843218803406,0.038811229169368744,0.05790723115205765,-0.3791707158088684,0.020267531275749207,-0.358903169631958,-0.015049617737531662,-0.03181413188576698,-0.37918663024902344,-0.011134945787489414,-0.3903215825557709,-0.003846488893032074,-0.031235763803124428,-0.3793894052505493,-0.010932517237961292,-0.39032191038131714,-0.029905326664447784,-0.056146763265132904,-0.37908634543418884,-0.019651366397738457,-0.39873769879341125,-0.009715580381453037,-0.023581193760037422,0.1662173867225647,-0.008253417909145355,0.15796396136283875,-0.10605183243751526,-0.10884660482406616,0.17419426143169403,-0.038096312433481216,0.1360979527235031,0.03890353441238403,0.021367963403463364,0.09929902851581573,0.00747878709807992,0.10677781701087952,-0.10066886246204376,-0.08409073948860168,-0.002685878425836563,-0.02943175844848156,-0.032117635011672974,0.07103046774864197,0.054062824696302414,-0.06900984793901443,0.0189219880849123,-0.050087861716747284
6.82,0.0,-0.075,0.0,-0.06314519086274975,-0.17043228841729977,0.44631674035892505,0.0392741784453392,0.5589112676680088,0.04123788736760616,0.0,0.04123788736760616,0.986338198184967,0.06756026297807693,0.9774816632270813,0.030055521056056023,0.06590106338262558,-0.3790838420391083,0.023065371438860893,-0.3560184836387634,-0.039179980754852295,-0.02733060158789158,-0.37938567996025085,-0.009565710090100765,-0.3889513909816742,0.03982703387737274,0.052483171224594116,-0.37919431924819946,0.01836911030113697,-0.36082521080970764,-0.04451155662536621,-0.03562336042523384,-0.3791634440422058,-0.01246817596256733,-0.3916316330432892,0.03268437087535858,-0.012059723027050495,-0.37939852476119995,-0.004220902919769287,-0.38361942768096924,-0.005222692154347897,-0.040869541466236115,-0.37909653782844543,-0.014304338954389095,-0.3934008777141571,-0.027618948370218277,-0.024792520329356194,0.18228530883789062,-0.00867738202214241,0.1736079305410385,-0.10893081873655319,-0.10887187719345093,0.2178788185119629,-0.038105156272649765,0.17977365851402283,0.050451409071683884,0.03009299747645855,0.15936335921287537,0.010532548651099205,0.16989590227603912,-0.12285049259662628,-0.09571866691112518,0.058308109641075134,-0.033501531928777695,0.02480657771229744,0.0792187824845314,0.06160961091518402,-0.022775448858737946,0.021563364192843437,-0.0012120846658945084
6.84,0.0,-0.075,0.0,-0.09404594037015283,-0.15452482887558686,0.6463566284475757,0.030282391235232353,0.5454235868528485,0.03179651079699397,0.0,0.03179651079699397,1.0132113695144653,0.06313665956258774,1.0058902502059937,0.002154158428311348,0.046776991337537766,-0.37907856702804565,0.016371946781873703,-0.36270663142204285,0.006703207269310951,-0.01712045818567276,-0.3793719410896301,-0.005992160178720951,-0.3853641152381897,0.023827621713280678,0.04388650879263878,-0.37921902537345886,0.015360278077423573,-0.36385875940322876,-0.04413324221968651,-0.03817632421851158,-0.3791421353816986,-0.013361712917685509,-0.39250385761260986,-0.0028652120381593704,-0.009301369078457355,-0.3794039189815521,-0.0032554790377616882,-0.3826594054698944,-0.06056394428014755,-0.04677785933017731,-0.3791101574897766,-0.016372250393033028,-0.3954824209213257,-0.01938873529434204,-0.023171383887529373,0.1903645098209381,-0.00810998398810625,0.18225452303886414,-0.12626996636390686,-0.11409130692481995,0.25537410378456116,-0.03993195667862892,0.21544215083122253,0.039918798953294754,0.033040739595890045,0.2166299819946289,0.011564258486032486,0.2281942367553711,-0.04920428991317749,-0.081764355301857,0.12061557173728943,-0.02861752361059189,0.09199804812669754,0.040952540934085846,0.05541248992085457,0.028545737266540527,0.019394371658563614,0.04794010892510414
6.86,0.0,-0.075,0.0,-0.12232629851399751,-0.1415567617833899,0.8312027558705486,0.008063402026891708,0.5120951030403376,0.008466572128236293,0.0,0.008466572128236293,1.046181559562683,0.05410601943731308,1.0447722673416138,-0.023834140971302986,0.025593651458621025,-0.37907713651657104,0.008957778103649616,-0.3701193630695343,0.019228478893637657,-0.006215776316821575,-0.3793551027774811,-0.002175521571189165,-0.38153061270713806,0.010201536118984222,0.0337810181081295,-0.379244327545166,0.01182335615158081,-0.3674209713935852,-0.02625151164829731,-0.034598879516124725,-0.3791232109069824,-0.012109607458114624,-0.39123281836509705,-0.048318274319171906,-0.021006440743803978,-0.37940549850463867,-0.00735225435346365,-0.3867577612400055,-0.0858878344297409,-0.058510854840278625,-0.3791269063949585,-0.02047879807651043,-0.3996056914329529,0.007634561043232679,-0.013929599896073341,0.19031831622123718,-0.004875360056757927,0.1854429543018341,-0.07966481149196625,-0.10376335680484772,0.2860458493232727,-0.03631717339158058,0.24972867965698242,0.009510687552392483,0.02598172426223755,0.27013012766838074,0.009093603119254112,0.2792237401008606,0.005239827558398247,-0.0556630976498127,0.18318244814872742,-0.0194820836186409,0.16370037198066711,0.029401803389191628,0.04760928452014923,0.08408551663160324,0.01666324958205223,0.10074876248836517
6.88,0.0,-0.075,0.0,-0.14541588843143952,-0.12929321067010802,1.0042655650513481,0.009238732978701591,0.5138580994680524,0.00970066962763667,0.0,0.00970066962763667,1.083471655845642,0.05047692358493805,1.0847249031066895,-0.02307308278977871,0.010993631556630135,-0.37907958030700684,0.003847771091386676,-0.3752318024635315,0.00798130314797163,-0.0019566521514207125,-0.37933558225631714,-0.0006848282646387815,-0.380020409822464,0.01039139088243246,0.02676413021981716,-0.37926948070526123,0.009367445483803749,-0.3699020445346832,-0.06294544786214828,-0.043102849274873734,-0.3791070878505707,-0.015085997059941292,-0.3941930830478668,0.004086744040250778,-0.013478485867381096,-0.37940317392349243,-0.004717470146715641,-0.3841206431388855,-0.04710235446691513,-0.05508830398321152,-0.37914639711380005,-0.01928090676665306,-0.3984273076057434,0.012872232124209404,-0.005889050662517548,0.18214744329452515,-0.0020611677318811417,0.18008626997470856,-0.09965896606445312,-0.1025320366024971,0.30937519669532776,-0.035886213183403015,0.27348899841308594,0.008316397666931152,0.02068212628364563,0.31895869970321655,0.007238744292408228,0.32619744539260864,0.0021568462252616882,-0.03831711411476135,0.2449503242969513,-0.013410990126430988,0.23153933882713318,0.05358780175447464,0.04940284043550491,0.14290431141853333,0.01729099452495575,0.16019530594348907
6.9,0.0,-0.075,0.0,-0.16583741108860653,-0.12022671520774686,1.1346426220201655,-0.01037683617323637,0.48443474574014544,0.0,0.0,0.0,1.1233206987380981,0.0475800447165966,1.124855399131775,-0.0017983503639698029,0.007156036794185638,-0.379085898399353,0.002504612784832716,-0.3765812814235687,-0.022403176873922348,-0.008090609684586525,-0.37931379675865173,-0.0028317132964730263,-0.3821455240249634,0.005149633623659611,0.0202797818928957,-0.3792940378189087,0.0070979236625134945,-0.37219610810279846,0.013958336785435677,-0.025984492152929306,-0.37909412384033203,-0.009094571694731712,-0.3881886899471283,0.038782522082328796,0.002199816517531872,-0.3793969452381134,0.0007699357811361551,-0.3786270022392273,-0.03501942381262779,-0.04906763881444931,-0.3791680634021759,-0.01717367395758629,-0.3963417410850525,-0.0351593978703022,-0.014670155011117458,0.1659902036190033,-0.005134554114192724,0.16085565090179443,-0.08056087046861649,-0.09594068676233292,0.3249674439430237,-0.03357924148440361,0.29138821363449097,0.02579479292035103,0.02221592701971531,0.36228975653648376,0.007775574456900358,0.3700653314590454,0.01648084446787834,-0.021877726539969444,0.3048742413520813,-0.0076572042889893055,0.2972170412540436,0.10765872895717621,0.06687960773706436,0.2040071189403534,0.023407861590385437,0.22741498053073883
6.92,0.0,-0.075,0.0,-0.182210896106236,-0.10874021560060744,1.2475101063386784,-0.0354754701256752,0.4467867948114872,0.0,0.0,0.0,1.1641035079956055,0.05027160048484802,1.1675907373428345,-0.02770867757499218,-0.003303377889096737,-0.3790959119796753,-0.001156182261183858,-0.38025209307670593,-0.018772387877106667,-0.011295143514871597,-0.37929028272628784,-0.003953299950808287,-0.383243590593338,0.02477092109620571,0.021627124398946762,-0.37931734323501587,0.007569493260234594,-0.37174785137176514,-0.09608685970306396,-0.04701520502567291,-0.3790847063064575,-0.01645532064139843,-0.3955400288105011,0.05883230268955231,0.019189562648534775,-0.3793870806694031,0.006716346833854914,-0.3726707398891449,0.022476669400930405,-0.027604347094893456,-0.379191517829895,-0.009661521762609482,-0.3888530433177948,-0.007307642139494419,-0.012461401522159576,0.1421198844909668,-0.004361490253359079,0.13775838911533356,-0.09608744829893112,-0.09598471969366074,0.33255887031555176,-0.03359465301036835,0.2989642024040222,-0.005593613721430302,0.013873064890503883,0.39939016103744507,0.004855572711676359,0.4042457342147827,0.010260839015245438,-0.01223615650087595,0.36194050312042236,-0.004282654728740454,0.35765784978866577,0.12229681015014648,0.08350476622581482,0.26636025309562683,0.029226668179035187,0.2955869138240814
6.94,0.0,-0.075,0.0,-0.19519480159453695,-0.09989548776448415,1.3309675139780655,-0.035681240260601044,0.44647813960909843,0.0,0.0,0.0,1.2044013738632202,0.05149499699473381,1.208627700805664,-0.01635410636663437,-0.007218596525490284,-0.37910938262939453,-0.002526508644223213,-0.3816359043121338,-0.019194388762116432,-0.013664916157722473,-0.37926560640335083,-0.004782720468938351,-0.38404831290245056,0.008362897671759129,0.01764785498380661,-0.379338800907135,0.0061767492443323135,-0.37316206097602844,-0.006898204796016216,-0.03498010337352753,-0.3790789842605591,-0.012243036180734634,-0.3913220167160034,0.04972220957279205,0.02834935672581196,-0.379373699426651,0.009922274388372898,-0.3694514334201813,-0.00013597402721643448,-0.01936383545398712,-0.37921616435050964,-0.0067773424088954926,-0.38599351048469543,-0.050445832312107086,-0.02385673113167286,0.11094029992818832,-0.008349855430424213,0.10259044170379639,-0.11183517426252365,-0.10073985904455185,0.33202099800109863,-0.035258948802948,0.29676204919815063,0.006061757914721966,0.011529672890901566,0.42963239550590515,0.004035385325551033,0.43366777896881104,0.0426180325448513,0.004220101051032543,0.4151836931705475,0.0014770353445783257,0.41666072607040405,0.10003544390201569,0.08846396952867508,0.32890886068344116,0.030962388962507248,0.3598712384700775
6.96,0.0,-0.075,0.0,-0.20470113962575967,-0.09017817605537642,1.4015669817052219,-0.05261600762605667,0.421075988560915,0.0,0.0,0.0,1.2430377006530762,0.0553162656724453,1.2479348182678223,-0.06403888761997223,-0.024264683946967125,-0.37912601232528687,-0.008492639288306236,-0.38761866092681885,0.003672465682029724,-0.008463701233267784,-0.37924039363861084,-0.0029622954316437244,-0.382202684879303,-0.002273084595799446,0.011671572923660278,-0.3793579339981079,0.00408505043014884,-0.37527287006378174,-0.03788065165281296,-0.035850267857313156,-0.37907707691192627,-0.01254759356379509,-0.39162465929985046,0.07887119054794312,0.04350590705871582,-0.3793572187423706,0.015227067284286022,-0.3641301393508911,0.022688981145620346,-0.006747990380972624,-0.379241406917572,-0.0023617965634912252,-0.3816032111644745,0.012697065249085426,-0.012890591286122799,0.0729789212346077,-0.004511706996709108,0.06846721470355988,-0.10552132874727249,-0.1021742969751358,0.32336294651031494,-0.03576100245118141,0.28760194778442383,-0.028332319110631943,-0.0004289252683520317,0.45250481367111206,-0.0001501238439232111,0.45235469937324524,-0.010844200849533081,-0.000299189705401659,0.46370309591293335,-0.00010471639689058065,0.463598370552063,0.1327412873506546,0.10174717009067535,0.3905948996543884,0.035611510276794434,0.42620640993118286
6.98,0.0,-0.075,0.0,-0.21240482257157664,-0.08149027868361512,1.4501403724605524,-0.020685436204075813,0.4689718456938863,0.0,0.0,0.0,1.2790888547897339,0.058563604950904846,1.288224220275879,-0.009450739249587059,-0.019820500165224075,-0.3791453242301941,-0.006937175057828426,-0.3860825002193451,0.00046223681420087814,-0.005785919725894928,-0.3792151212692261,-0.0020250717643648386,-0.38124018907546997,0.009062894620001316,0.010888969525694847,-0.37937432527542114,0.0038111393805593252,-0.3755631744861603,-0.020695209503173828,-0.03130374848842621,-0.37907910346984863,-0.010956311598420143,-0.3900354206562042,0.020363299176096916,0.036563124507665634,-0.37933793663978577,0.012797093018889427,-0.3665408492088318,-0.0022979164496064186,-0.005412967875599861,-0.379266619682312,-0.0018945387564599514,-0.3811611533164978,-0.061870113015174866,-0.02758444845676422,0.02887793630361557,-0.009654556401073933,0.019223380833864212,-0.10931728780269623,-0.10431718826293945,0.3067312240600586,-0.03651101514697075,0.27022022008895874,-0.013074743561446667,-0.004222671035677195,0.4676204323768616,-0.0014779348857700825,0.4661425054073334,0.038692351430654526,0.011398272588849068,0.5066779851913452,0.003989395219832659,0.5106673836708069,0.14723697304725647,0.11539411544799805,0.4503747224807739,0.04038793966174126,0.4907626509666443
7.0,0.0,-0.075,0.0,-0.21685279493854803,-0.07545145744071012,1.4602943473718346,-0.050058864057064056,0.4249117039144039,0.0,0.0,0.0,1.311880350112915,0.060183022171258926,1.3253523111343384,-0.03556886315345764,-0.024545010179281235,-0.37916696071624756,-0.008590753190219402,-0.38775771856307983,0.0049206530675292015,-0.002573947422206402,-0.3791905641555786,-0.0009008815977722406,-0.38009145855903625,-0.01251867227256298,0.00386667693965137,-0.3793874979019165,0.001353336963802576,-0.37803417444229126,-0.051588453352451324,-0.037389159202575684,-0.3790850043296814,-0.01308620534837246,-0.3921712040901184,0.05703001469373703,0.042703188955783844,-0.37931638956069946,0.014946116134524345,-0.36437028646469116,0.04729285463690758,0.010398779064416885,-0.37929126620292664,0.0036395725328475237,-0.37565168738365173,0.05684085935354233,-0.0022568535059690475,-0.020616605877876282,-0.0007898987387306988,-0.02140650525689125,-0.06912153959274292,-0.0937584936618805,0.28240716457366943,-0.03281547129154205,0.24959169328212738,-0.043171633034944534,-0.01590736024081707,0.47472357749938965,-0.005567575804889202,0.4691559970378876,0.04997062310576439,0.02296997793018818,0.5433812737464905,0.008039492182433605,0.5514207482337952,0.15287433564662933,0.12663817405700684,0.5072370767593384,0.044323358684778214,0.5515604615211487
7.0200000000000005,0.0,-0.075,0.0,-0.22049667142017748,-0.06627613115377894,1.4766744151896318,-0.04584049433469772,0.4312392584979534,0.0,0.0,0.0,1.2883882522583008,0.06390765309333801,1.300954818725586,-0.06696829199790955,-0.03727199509739876,-0.3790796399116516,-0.013045198284089565,-0.39212483167648315,0.006396325305104256,0.00011713441926985979,-0.3793761134147644,4.0997045289259404e-05,-0.37933510541915894,0.0040373485535383224,0.003917878493666649,-0.37921208143234253,0.001371257472783327,-0.3778408169746399,0.05915340036153793,-0.008426390588283539,-0.37914785742759705,-0.00294923665933311,-0.3820970952510834,0.06622381508350372,0.04975937679409981,-0.3794028162956238,0.017415782436728477,-0.36198702454566956,-0.018834766000509262,0.0016287150792777538,-0.3791060447692871,0.0005700502661056817,-0.3785359859466553,-0.04867028072476387,-0.01618088223040104,0.01582365669310093,-0.005663308780640364,0.010160347446799278,-0.1266559660434723,-0.10362773388624191,0.30081862211227417,-0.03626970574259758,0.2645489275455475,0.01934131234884262,-0.005332757718861103,0.4703703224658966,-0.001866465201601386,0.4685038626194,0.055927131325006485,0.032857123762369156,0.5173830986022949,0.01149999350309372,0.5288830995559692,0.14265772700309753,0.1314440369606018,0.46628138422966003,0.04600541293621063,0.5122867822647095
7.04,0.0,-0.075,0.0,-0.2203133644951759,-0.059368058449687296,1.4667767702260177,-0.050672128796577454,0.4239918068051338,0.0,0.0,0.0,1.320197582244873,0.06223954260349274,1.3400417566299438,-0.10096586495637894,-0.05638015642762184,-0.37907713651657104,-0.01973305456340313,-0.39881017804145813,-0.007060883566737175,-0.0020362711511552334,-0.3793600797653198,-0.0007126948912627995,-0.38007277250289917,-0.004619680345058441,0.0013566107954829931,-0.37923726439476013,0.0004748137725982815,-0.37876245379447937,-0.08064248412847519,-0.030091220512986183,-0.37912821769714355,-0.010531927458941936,-0.38966014981269836,0.07316871732473373,0.056782178580760956,-0.3794054388999939,0.019873762503266335,-0.3595316708087921,0.010141047649085522,0.004182415083050728,-0.37912195920944214,0.0014638452557846904,-0.3776581287384033,0.03821931779384613,0.00013917777687311172,-0.03500565141439438,4.871221972280182e-05,-0.03495693951845169,-0.04834148287773132,-0.08704185485839844,0.2744539976119995,-0.030464649200439453,0.24398934841156006,-0.03099139779806137,-0.01303035020828247,0.47525209188461304,-0.00456062238663435,0.4706914722919464,0.09571769833564758,0.05171529948711395,0.5522555112838745,0.018100354820489883,0.5703558921813965,0.08586815744638443,0.11777127534151077,0.5221743583679199,0.04121994599699974,0.56339430809021
7.0600000000000005,0.0,-0.075,0.0,-0.21670180790402696,-0.055855101431697536,1.417436525449441,-0.0731935054063797,0.39020974189043045,0.0,0.0,0.0,1.348227858543396,0.0637904480099678,1.3655126094818115,-0.03709719330072403,-0.05059526860713959,-0.3790785074234009,-0.017708344385027885,-0.3967868387699127,0.039575397968292236,0.010447230190038681,-0.3793412446975708,0.0036565305199474096,-0.3756847083568573,-0.037060000002384186,-0.01016837265342474,-0.3792625665664673,-0.0035589304752647877,-0.3828215003013611,0.032558999955654144,-0.01129615493118763,-0.37911123037338257,-0.003953654319047928,-0.3830648958683014,0.07452557981014252,0.0621052011847496,-0.3794041872024536,0.02173681929707527,-0.35766735672950745,0.039893459528684616,0.014895728789269924,-0.379140704870224,0.005213505122810602,-0.37392720580101013,0.0012874091044068336,0.0004836471925955266,-0.09014780074357986,0.00016927652177400887,-0.08997852355241776,-0.07064189016819,-0.08212186396121979,0.2409430593252182,-0.028742652386426926,0.21220040321350098,-0.05233463644981384,-0.024821637198328972,0.47199225425720215,-0.008687572553753853,0.46330466866493225,0.012257205322384834,0.03987787291407585,0.580085277557373,0.013957255519926548,0.5940425395965576,0.16348715126514435,0.13148604333400726,0.5739352107048035,0.04602011293172836,0.61995530128479
7.08,0.0,-0.075,0.0,-0.2134620557267686,-0.05293783681520748,1.352035242101883,-0.03369329869747162,0.44946005195379257,0.0,0.0,0.0,1.3723136186599731,0.0649893581867218,1.3963128328323364,-0.03812076896429062,-0.046852920204401016,-0.3790838122367859,-0.01639852114021778,-0.3954823315143585,0.007928989827632904,0.009691758081316948,-0.37932005524635315,0.0033921152353286743,-0.3759279251098633,0.04394947737455368,0.006066982634365559,-0.37928733229637146,0.002123443875461817,-0.3771638870239258,-0.002019885927438736,-0.008513274602591991,-0.3790974020957947,-0.002979645971208811,-0.38207703828811646,0.054002463817596436,0.059674378484487534,-0.37939906120300293,0.020886031910777092,-0.3585130274295807,-0.00027838628739118576,0.010343493893742561,-0.3791618347167969,0.003620222909376025,-0.3755415976047516,-0.07077214121818542,-0.020893091335892677,-0.14866995811462402,-0.00731258187443018,-0.15598253905773163,-0.09261555969715118,-0.0852699726819992,0.20085270702838898,-0.029844490811228752,0.17100821435451508,0.031952764838933945,-0.007789315655827522,0.46064603328704834,-0.0027262603398412466,0.45791977643966675,0.11775340139865875,0.06324053555727005,0.6004016399383545,0.022134186699986458,0.6225358247756958,0.12324506789445877,0.12901374697685242,0.6206883192062378,0.04515480995178223,0.66584312915802
7.1000000000000005,0.0,-0.075,0.0,-0.20979079656963337,-0.0512689066938846,1.2719054377943877,-0.08101111650466919,0.3784833252429962,0.0,0.0,0.0,1.3924777507781982,0.0655624195933342,1.4184046983718872,0.006221411749720573,-0.030930617824196815,-0.3790927827358246,-0.010825715959072113,-0.3899185061454773,0.03148321062326431,0.016229193657636642,-0.3792969584465027,0.005680217873305082,-0.3736167550086975,0.01073579490184784,0.007467626594007015,-0.3793110251426697,0.0026136692613363266,-0.3766973614692688,-0.04510140419006348,-0.01948971301317215,-0.3790869116783142,-0.006821399554610252,-0.385908305644989,0.07434981316328049,0.06407700479030609,-0.379390150308609,0.022426951676607132,-0.356963187456131,0.041201457381248474,0.01960088312625885,-0.37918487191200256,0.006860308814793825,-0.37232455611228943,0.10671888291835785,0.017390502616763115,-0.20958209037780762,0.00608667591586709,-0.20349541306495667,-0.03419897332787514,-0.06994867324829102,0.15486115217208862,-0.024482036009430885,0.1303791105747223,0.003390885889530182,-0.004435254726558924,0.4414052963256836,-0.0015523391775786877,0.4398529529571533,0.1174718588590622,0.0795099288225174,0.6128609776496887,0.027828475460410118,0.6406894326210022,0.1387498378753662,0.13193456828594208,0.6616427898406982,0.04617709666490555,0.7078198790550232
7.12,0.0,-0.075,0.0,-0.20162808543049462,-0.052029889411337855,1.150619967857989,-0.18587251007556915,0.22119123488664627,0.0,0.0,0.0,1.4089045524597168,0.06735186278820038,1.4309018850326538,0.013835117220878601,-0.017500896006822586,-0.3791053295135498,-0.006125313695520163,-0.3852306306362152,0.00595196895301342,0.01314602605998516,-0.3792725205421448,0.004601108841598034,-0.37467139959335327,-0.026417827233672142,-0.0026980098336935043,-0.3793330192565918,-0.00094430340686813,-0.3802773356437683,0.0018959826556965709,-0.013074004091322422,-0.3790801763534546,-0.004575901199132204,-0.3836560845375061,0.11024025082588196,0.07792598009109497,-0.37937772274017334,0.02727409265935421,-0.3521036207675934,0.09390654414892197,0.041892580687999725,-0.3792092204093933,0.014662402682006359,-0.3645468056201935,0.0699300542473793,0.033152367919683456,-0.2718537747859955,0.01160332839936018,-0.260250449180603,-0.08142229169607162,-0.07339075952768326,0.1037464290857315,-0.02568676508963108,0.07805966585874557,0.0243823304772377,0.0042100208811461926,0.4145955443382263,0.0014735072618350387,0.41606906056404114,0.06406763195991516,0.07487723976373672,0.6172524094581604,0.026207033544778824,0.6434594392776489,0.11950162053108215,0.12820467352867126,0.6961058378219604,0.04487163573503494,0.7409774661064148
7.140000000000001,0.0,-0.075,0.0,-0.18100159571010221,-0.045337994840870165,0.9634457334684632,-0.13387948274612427,0.2991807758808136,0.0,0.0,0.0,1.4219095706939697,0.06845155358314514,1.4443919658660889,0.03322894126176834,-0.002281944267451763,-0.3791210651397705,-0.0007986804703250527,-0.37991973757743835,0.03806455433368683,0.020621584728360176,-0.37924742698669434,0.007217554375529289,-0.3720298707485199,0.024414867162704468,0.005435853730887175,-0.379352867603302,0.0019025488290935755,-0.3774503171443939,-0.005132172256708145,-0.010691454634070396,-0.3790772259235382,-0.0037420091684907675,-0.3828192353248596,0.03814496099948883,0.06599166989326477,-0.3793620765209198,0.0230970848351717,-0.35626497864723206,0.006408286280930042,0.031247291713953018,-0.3792344033718109,0.010936551727354527,-0.36829784512519836,0.11613170057535172,0.05804616957902908,-0.334431529045105,0.02031615935266018,-0.31411537528038025,-0.047743476927280426,-0.06569657474756241,0.048373229801654816,-0.022993801161646843,0.025379428640007973,0.011881654150784016,0.006511510815471411,0.38067036867141724,0.0022790287621319294,0.3829494118690491,0.10354506969451904,0.08347758650779724,0.613501787185669,0.029217155650258064,0.6427189707756042,0.14367514848709106,0.13284581899642944,0.7234943509101868,0.046496037393808365,0.7699903845787048
7.16,0.0,-0.075,0.0,-0.17299253113674065,-0.05277494299056404,0.8814743421022874,-0.1519310623407364,0.2721034064888954,0.0,0.0,0.0,1.4319056272506714,0.07289101928472519,1.4525940418243408,0.058452218770980835,0.015938304364681244,-0.3791397213935852,0.005578406620770693,-0.3735613226890564,0.02182338945567608,0.020982125774025917,-0.3792220950126648,0.0073437439277768135,-0.37187835574150085,-0.03941529244184494,-0.008019490167498589,-0.3793700933456421,-0.0028068216051906347,-0.3821769058704376,-0.019198596477508545,-0.013243597000837326,-0.3790781497955322,-0.004635259043425322,-0.38371339440345764,0.10620520263910294,0.0780557319521904,-0.37934350967407227,0.02731950581073761,-0.35202401876449585,0.09539785981178284,0.050492461770772934,-0.3792596459388733,0.017672361806035042,-0.3615872859954834,0.07101503014564514,0.06193682923913002,-0.39625680446624756,0.021677890792489052,-0.37457892298698425,-0.0709596574306488,-0.0672755017876625,-0.010321686044335365,-0.023546425625681877,-0.03386811167001724,0.06296127289533615,0.02344644069671631,0.3402036428451538,0.008206253871321678,0.34840989112854004,0.05429781600832939,0.07472366094589233,0.6016722917556763,0.026153281331062317,0.6278255581855774,0.15311454236507416,0.1389264464378357,0.7433451414108276,0.04862425476312637,0.7919694185256958
7.18,0.0,-0.075,0.0,-0.15258394246169543,-0.05756198636146909,0.7213613716069359,-0.1519252061843872,0.2721121907234192,0.0,0.0,0.0,1.4393666982650757,0.07509759813547134,1.4591255187988281,0.04422882944345474,0.024425461888313293,-0.37916073203086853,0.008548911660909653,-0.3706118166446686,0.05953095853328705,0.03254677355289459,-0.37919729948043823,0.011391370557248592,-0.36780592799186707,0.009922903031110764,-0.0026367721147835255,-0.37938421964645386,-0.0009228702401742339,-0.38030707836151123,-0.04420018941164017,-0.02253057435154915,-0.37908297777175903,-0.007885701023042202,-0.3869686722755432,0.07114430516958237,0.07598230242729187,-0.3793225586414337,0.026593806222081184,-0.3527287542819977,0.045943450182676315,0.04912775754928589,-0.3792845606803894,0.017194714397192,-0.3620898425579071,0.08463187515735626,0.06874534487724304,-0.4562836289405823,0.024060869589447975,-0.43222275376319885,-0.042331576347351074,-0.059792324900627136,-0.07134538888931274,-0.020927313715219498,-0.09227269887924194,0.039662279188632965,0.028311192989349365,0.29387998580932617,0.009908917360007763,0.3037889003753662,0.06062610074877739,0.0704943910241127,0.581964373588562,0.024673037230968475,0.6066374182701111,0.1658337563276291,0.14699864387512207,0.7553222179412842,0.051449526101350784,0.8067717552185059
7.2,0.0,-0.075,0.0,-0.12894446857476258,-0.060860949493752335,0.5593384752907546,-0.1455366164445877,0.28169507533311844,0.0,0.0,0.0,1.4447886943817139,0.07068521529436111,1.4640552997589111,0.039523713290691376,0.028954938054084778,-0.37918370962142944,0.010134228505194187,-0.3690494894981384,0.04042108356952667,0.03490906581282616,-0.3791734576225281,0.012218172661960125,-0.3669552803039551,-0.0471043586730957,-0.015977049246430397,-0.3793949484825134,-0.0055919671431183815,-0.38498690724372864,0.09779910743236542,0.013568330556154251,-0.3790915608406067,0.004748915787786245,-0.3743426501750946,-0.00037408247590065,0.053075388073921204,-0.37929967045783997,0.01857638545334339,-0.3607232868671417,-0.00877053290605545,0.03175826743245125,-0.37930840253829956,0.011115393601357937,-0.36819300055503845,0.06000326946377754,0.06612271815538406,-0.5134965181350708,0.023142950609326363,-0.4903535544872284,-0.059815701097249985,-0.05979933589696884,-0.133665531873703,-0.020929766818881035,-0.1545953005552292,0.03026628866791725,0.0288977213203907,0.242482990026474,0.01011420227587223,0.2525971829891205,0.053500767797231674,0.06539630889892578,0.5547111630439758,0.022888706997036934,0.5775998830795288,0.14468500018119812,0.14630454778671265,0.7592231035232544,0.051206592470407486,0.8104296922683716
7.22,0.0,-0.075,0.0,-0.10206737158598754,-0.06864890372045847,0.3762211052989815,-0.12809966504573822,0.30785050243139267,0.0,0.0,0.0,1.4486494064331055,0.06861162930727005,1.4669283628463745,0.05755217373371124,0.03753411024808884,-0.379207968711853,0.013136938214302063,-0.36607104539871216,0.03863975405693054,0.03602827340364456,-0.37915128469467163,0.012609895318746567,-0.36654138565063477,0.03577727824449539,-0.00045075081288814545,-0.3794019818305969,-0.0001577627845108509,-0.3795597553253174,-0.06122581660747528,-0.008869913406670094,-0.37910372018814087,-0.0031044697389006615,-0.3822081983089447,0.03465212881565094,0.047548409551382065,-0.379275381565094,0.016641942784190178,-0.36263343691825867,0.03517558425664902,0.03278346359729767,-0.3793306052684784,0.01147421170026064,-0.36785638332366943,0.04179420322179794,0.05882416293025017,-0.5669277310371399,0.020588457584381104,-0.5463392734527588,-0.06002980098128319,-0.059868477284908295,-0.19622787833213806,-0.020953966304659843,-0.21718184649944305,0.029678992927074432,0.02913210168480873,0.1868821531534195,0.010196235030889511,0.1970783919095993,0.05151531472802162,0.061232008039951324,0.5203738212585449,0.021431202068924904,0.5418050289154053,0.1378018856048584,0.1437537521123886,0.7549817562103271,0.050313811749219894,0.8052955865859985
7.24,0.0,-0.075,0.0,-0.07412157376268895,-0.07535671742262441,0.20541275455104438,-0.15535059571266174,0.2669741064310074,0.0,0.0,0.0,1.451371431350708,0.06319055706262589,1.4633777141571045,0.09252134710550308,0.05403028428554535,-0.37923312187194824,0.018910599872469902,-0.3603225350379944,-0.0020410316064953804,0.024607481434941292,-0.3791312575340271,0.008612618781626225,-0.37051862478256226,0.004051643423736095,0.0008999675046652555,-0.37940531969070435,0.00031498863245360553,-0.3790903389453888,0.03513297066092491,0.0043309517204761505,-0.3791190981864929,0.0015158330788835883,-0.3776032626628876,0.01450301893055439,0.03763478994369507,-0.37925031781196594,0.013172176666557789,-0.36607813835144043,-0.00398565549403429,0.021752726286649704,-0.3793507218360901,0.0076134540140628815,-0.3717372715473175,0.08354713022708893,0.066241055727005,-0.6156732439994812,0.023184368386864662,-0.5924888849258423,-0.010930568911135197,-0.04518710449337959,-0.2579740285873413,-0.015815487131476402,-0.27378952503204346,0.028868384659290314,0.029052985832095146,0.1280180960893631,0.010168544948101044,0.13818663358688354,0.07053573429584503,0.06402312219142914,0.47953325510025024,0.02240809239447117,0.5019413232803345,0.08342995494604111,0.1256566047668457,0.742669939994812,0.043979812413454056,0.786649763584137
7.26,0.0,-0.075,0.0,-0.043581994012677504,-0.08372338750545945,0.02360326497846721,-0.16340294480323792,0.2548955827951431,0.0,0.0,0.0,1.453287124633789,0.06061246246099472,1.4585108757019043,0.0917874425649643,0.06535743176937103,-0.379258394241333,0.022875100374221802,-0.3563832938671112,-0.011024300009012222,0.013917947188019753,-0.3791138529777527,0.0048712813295423985,-0.3742425739765167,0.03193708509206772,0.010211103595793247,-0.3794046640396118,0.0035738861188292503,-0.3758307695388794,-0.004618899896740913,0.0016459961188957095,-0.37913745641708374,0.0005760986241512001,-0.3785613477230072,0.056215643882751465,0.04320904612541199,-0.379224956035614,0.015123166143894196,-0.3641017973423004,0.0004179636016488075,0.015352297574281693,-0.37936824560165405,0.00537330424413085,-0.37399494647979736,0.08118673413991928,0.07072475552558899,-0.658908486366272,0.024753663688898087,-0.6341547966003418,-0.028737187385559082,-0.04025213047862053,-0.3178594708442688,-0.01408824510872364,-0.3319477140903473,0.04911399632692337,0.03507129102945328,0.06688658893108368,0.012274951674044132,0.07916153967380524,0.07093574106693268,0.06609690934419632,0.4328802824020386,0.02313391864299774,0.4560142159461975,0.05790691822767258,0.10533170402050018,0.7224958539009094,0.036866094917058945,0.7593619227409363
7.28,0.0,-0.075,0.0,-0.009441389438287406,-0.09298650725289802,-0.16695687999388534,-0.15983276069164276,0.26025085896253586,0.0,0.0,0.0,1.4546116590499878,0.059408124536275864,1.4523955583572388,0.11062946915626526,0.0789390429854393,-0.3792833089828491,0.027628663927316666,-0.35165464878082275,-0.0174699779599905,0.0045015690848231316,-0.37909942865371704,0.0015755491331219673,-0.37752386927604675,0.019370591267943382,0.012958949431777,-0.3794001638889313,0.004535632207989693,-0.37486451864242554,0.014804888516664505,0.005593664012849331,-0.37915822863578796,0.0019577823113650084,-0.3772004544734955,0.05206582695245743,0.04586607962846756,-0.3792000710964203,0.016053127124905586,-0.36314693093299866,-0.002787821926176548,0.009910262189805508,-0.3793827295303345,0.003468591719865799,-0.3759141266345978,0.08618573844432831,0.07536304742097855,-0.6959020495414734,0.02637706696987152,-0.6695249676704407,-0.018174435943365097,-0.03362882137298584,-0.3748711049556732,-0.011770087294280529,-0.3866412043571472,0.03548813611268997,0.035196345299482346,0.0045218029990792274,0.012318721041083336,0.016840524971485138,0.08567412197589874,0.07197007536888123,0.381204217672348,0.02518952637910843,0.40639373660087585,0.03169650956988335,0.08324114233255386,0.6948009729385376,0.029134400188922882,0.7239353656768799
7.3,0.0,-0.075,0.0,0.024244141050073897,-0.10336851207483526,-0.35863745615310805,-0.13893233239650726,0.2916015014052391,0.0,0.0,0.0,1.455424427986145,0.05862019956111908,1.446836233139038,0.10719061642885208,0.08741451799869537,-0.37930721044540405,0.03059508092701435,-0.34871211647987366,-0.03677176684141159,-0.007880432531237602,-0.3790884017944336,-0.0027581513859331608,-0.38184654712677,0.02387748658657074,0.016234509646892548,-0.3793918490409851,0.005682078190147877,-0.3737097680568695,-0.032289035618305206,-0.00577114662155509,-0.3791809678077698,-0.002019901294261217,-0.3812008798122406,0.05371696501970291,0.048221342265605927,-0.37917613983154297,0.016877468675374985,-0.3622986674308777,0.019064780324697495,0.012656617909669876,-0.37939390540122986,0.004429816268384457,-0.3749640882015228,0.0943274199962616,0.08105236291885376,-0.7260280847549438,0.028368325904011726,-0.6976597309112549,-0.04371834918856621,-0.03665567934513092,-0.4280444383621216,-0.012829487212002277,-0.440873920917511,0.04658263549208641,0.038612231612205505,-0.058021243661642075,0.013514281250536442,-0.04450696334242821,0.052838075906038284,0.06623047590255737,0.3253791928291321,0.02318066544830799,0.3485598564147949,0.01058497466146946,0.06144429370760918,0.6600536108016968,0.021505502983927727,0.6815590858459473
7.32,0.0,-0.075,0.0,0.055425496676719276,-0.1144715979742356,-0.5573878013084995,-0.10564133524894714,0.3415379971265793,0.0,0.0,0.0,1.4556626081466675,0.05682762339711189,1.4450055360794067,0.09773822873830795,0.09051163494586945,-0.37932953238487244,0.031679071485996246,-0.3476504683494568,0.005884653422981501,-0.003750906791538,-0.37908101081848145,-0.0013128173304721713,-0.3803938329219818,0.03038189187645912,0.02047872543334961,-0.3793799877166748,0.007167553994804621,-0.3722124397754669,0.0057402485981583595,-0.0023177280090749264,-0.3792051672935486,-0.0008112047798931599,-0.38001638650894165,0.027307292446494102,0.041947126388549805,-0.3791537582874298,0.014681493863463402,-0.36447227001190186,-0.006391409784555435,0.006942209787666798,-0.37940141558647156,0.0024297733325511217,-0.37697163224220276,0.07397476583719254,0.07892908155918121,-0.7487770318984985,0.027625178918242455,-0.7211518287658691,-0.07253167033195496,-0.04741847515106201,-0.4764799475669861,-0.016596466302871704,-0.4930764138698578,0.04221959412097931,0.039694443345069885,-0.11968450248241425,0.01389305479824543,-0.10579144954681396,-0.014179852791130543,0.04210737347602844,0.26634958386421204,0.01473758090287447,0.28108716011047363,0.06997251510620117,0.06400275975465775,0.6188416481018066,0.02240096591413021,0.6412426233291626
7.34,0.0,-0.075,0.0,0.08509000855417881,-0.12551762437759714,-0.7584169855791684,-0.09128955006599426,0.3630656749010086,0.0,0.0,0.0,1.4551252126693726,0.05291513353586197,1.4440317153930664,0.0857507660984993,0.08908337354660034,-0.3793497681617737,0.03117918036878109,-0.34817057847976685,-0.0019643374253064394,-0.0032149357721209526,-0.3790774345397949,-0.0011252275435253978,-0.38020265102386475,0.022184818983078003,0.020990554243326187,-0.37936484813690186,0.007346693892031908,-0.37201815843582153,0.00036789977457374334,-0.0015120395692065358,-0.37923020124435425,-0.0005292138666845858,-0.37975940108299255,0.033706143498420715,0.03947483003139496,-0.379133403301239,0.01381618995219469,-0.3653172254562378,-0.023624248802661896,-0.0022277282550930977,-0.37940514087677,-0.0007797048892825842,-0.3801848590373993,0.0537017397582531,0.07136087864637375,-0.7637639045715332,0.024976307526230812,-0.7387875914573669,-0.05793553590774536,-0.050573594868183136,-0.5193583369255066,-0.017700757831335068,-0.5370590686798096,0.011087009683251381,0.03111221268773079,-0.17942483723163605,0.010889274068176746,-0.16853556036949158,0.03347068279981613,0.03951636701822281,0.20511406660079956,0.013830727897584438,0.21894478797912598,0.024676905944943428,0.052205003798007965,0.5718622803688049,0.018271751701831818,0.5901340246200562
7.36,0.0,-0.075,0.0,0.11207348716130607,-0.1342835452208262,-0.9320394057835942,-0.08823022246360779,0.3676546663045883,0.0,0.0,0.0,1.4534891843795776,0.0537240244448185,1.4385395050048828,0.09908381849527359,0.09208350628614426,-0.3793674409389496,0.0322292260825634,-0.3471382260322571,-0.029483390972018242,-0.011095472611486912,-0.3790777623653412,-0.0038834153674542904,-0.3829611837863922,0.029069427400827408,0.023414216935634613,-0.37934672832489014,0.008194975554943085,-0.37115174531936646,-0.01385304145514965,-0.005214340053498745,-0.3792555332183838,-0.0018250190187245607,-0.3810805380344391,0.017464572563767433,0.032871752977371216,-0.37911567091941833,0.01150511298328638,-0.36761054396629333,-0.009949818253517151,-0.004544355440884829,-0.3794049620628357,-0.001590524334460497,-0.3809954822063446,0.10627187043428421,0.08183418214321136,-0.7707353830337524,0.028641963377594948,-0.7420934438705444,-0.07835553586483002,-0.05890817940235138,-0.555954098701477,-0.020617863163352013,-0.5765719413757324,0.026001550257205963,0.02957901358604431,-0.23623162508010864,0.01035265438258648,-0.22587896883487701,0.036225806921720505,0.03852919861674309,0.14270849525928497,0.013485219329595566,0.15619371831417084,-0.030167991295456886,0.027493104338645935,0.5199103355407715,0.009622585959732533,0.5295329093933105
7.38,0.0,-0.075,0.0,0.13490129192786607,-0.13945233173216395,-1.088931254265918,-0.09608251601457596,0.35587622597813606,0.0,0.0,0.0,1.4503345489501953,0.05604229122400284,1.4295601844787598,0.12011644244194031,0.10049338638782501,-0.37938210368156433,0.035172685980796814,-0.3442094326019287,-0.01698228530585766,-0.012861516326665878,-0.3790819048881531,-0.004501530434936285,-0.3835834264755249,0.01550370268523693,0.021041061729192734,-0.3793261647224426,0.007364371325820684,-0.3719618022441864,0.03860616311430931,0.007931811735033989,-0.3792805075645447,0.0027761340606957674,-0.3765043616294861,0.023253800347447395,0.029986366629600525,-0.3791009187698364,0.010495227761566639,-0.36860570311546326,-0.023132769390940666,-0.010120879858732224,-0.3794008791446686,-0.003542307997122407,-0.38294318318367004,0.10901282727718353,0.08998777717351913,-0.7695733308792114,0.03149572014808655,-0.7380776405334473,-0.03928276151418686,-0.05302055552601814,-0.5856482982635498,-0.018557194620370865,-0.6042054891586304,0.004049746785312891,0.021920232102274895,-0.2891438603401184,0.007672081235796213,-0.28147178888320923,0.07513266801834106,0.04951024055480957,0.08018860965967178,0.01732858456671238,0.09751719236373901,-0.04704028367996216,0.005133085884153843,0.4638645350933075,0.0017965800361707807,0.46566110849380493
7.4,0.0,-0.075,0.0,0.15265671392383195,-0.14384246897675673,-1.2198071350310347,-0.05677994340658188,0.4148300848901272,0.0,0.0,0.0,1.4451769590377808,0.05703793466091156,1.4239039421081543,0.0927036851644516,0.09815648198127747,-0.37939339876174927,0.03435476869344711,-0.34503862261772156,0.02373148314654827,-0.0018836157396435738,-0.37908992171287537,-0.0006592654972337186,-0.3797491788864136,-0.014642836526036263,0.010335891507565975,-0.37930357456207275,0.003617561887949705,-0.37568601965904236,0.13943062722682953,0.047381460666656494,-0.37930452823638916,0.016583511605858803,-0.3627210259437561,-0.010082349181175232,0.01796575076878071,-0.3790895342826843,0.0062880124896764755,-0.3728015124797821,-0.06849703192710876,-0.027633726596832275,-0.3793930113315582,-0.009671804495155811,-0.38906481862068176,0.08775858581066132,0.08931902050971985,-0.7602975368499756,0.03126165643334389,-0.7290358543395996,-0.07729801535606384,-0.06030379235744476,-0.6079384684562683,-0.021106326952576637,-0.629044771194458,0.013365191407501698,0.019353719428181648,-0.3372664153575897,0.0067738015204668045,-0.33049261569976807,0.01324312761425972,0.038630105555057526,0.01861204206943512,0.013520536944270134,0.0321325808763504,-0.012287775054574013,-9.317253716289997e-05,0.4046730399131775,-3.261038727941923e-05,0.40464043617248535
7.42,0.0,-0.075,0.0,0.16576959412005274,-0.14834639691516704,-1.3249897898876382,-0.05121292918920517,0.42318060621619225,0.0,0.0,0.0,1.4375052452087402,0.06229354068636894,1.417723298072815,0.10362925380468369,0.09979831427335739,-0.3794010877609253,0.03492940962314606,-0.34447169303894043,0.029086004942655563,0.00740727037191391,-0.3791015148162842,0.002592544537037611,-0.3765089809894562,-0.005116792395710945,0.005700086243450642,-0.3792794644832611,0.001995030092075467,-0.377284437417984,0.1668991893529892,0.08323678374290466,-0.37932705879211426,0.029132874682545662,-0.35019418597221375,-0.010724344290792942,0.009358721785247326,-0.37908169627189636,0.0032755525317043066,-0.37580615282058716,-0.052781086415052414,-0.03517793491482735,-0.37938153743743896,-0.012312277220189571,-0.3916938006877899,0.07413801550865173,0.08476471900939941,-0.7430647611618042,0.029667651280760765,-0.7133970856666565,-0.11140798032283783,-0.07563504576683044,-0.6224475502967834,-0.026472264900803566,-0.6489198207855225,-0.00997390691190958,0.010555431246757507,-0.3797852396965027,0.003694400889798999,-0.3760908246040344,-0.02756761945784092,0.018770787864923477,-0.04097951948642731,0.006569775752723217,-0.034409742802381516,-0.008885212242603302,-0.002730784472078085,0.3433372974395752,-0.0009557745652273297,0.3423815369606018
7.44,0.0,-0.075,0.0,0.17631960811144987,-0.15343302996983196,-1.4037925727390774,-0.10126107186079025,0.3481083922088146,0.0,0.0,0.0,1.426819920539856,0.06066593527793884,1.4114803075790405,0.07839930057525635,0.09337861090898514,-0.37940502166748047,0.03268251195549965,-0.3467225134372711,0.010987619869410992,0.008481374941766262,-0.37911638617515564,0.0029684812761843204,-0.37614789605140686,-0.04743865877389908,-0.010241538286209106,-0.37925446033477783,-0.0035845383536070585,-0.38283899426460266,0.11662043631076813,0.09325188398361206,-0.3793475925922394,0.03263815864920616,-0.3467094302177429,-0.012660046108067036,0.0027530910447239876,-0.37907761335372925,0.0009635818423703313,-0.3781140446662903,-0.04464341327548027,-0.038017578423023224,-0.3793667256832123,-0.013306152075529099,-0.3926728665828705,0.04830397292971611,0.07382649183273315,-0.718166708946228,0.025839271023869514,-0.6923274397850037,-0.05727468430995941,-0.07012693583965302,-0.6289302110671997,-0.024544427171349525,-0.6534746289253235,-0.05767768248915672,-0.009914502501487732,-0.4159810245037079,-0.0034700757823884487,-0.4194510877132416,0.014815166592597961,0.017584102228283882,-0.09757795929908752,0.006154435686767101,-0.09142352640628815,-0.04339092969894409,-0.014928827993571758,0.28089478611946106,-0.005225089844316244,0.2756696939468384
7.46,0.0,-0.075,0.0,0.18403669754683105,-0.16377518597059035,-1.4816411354766494,-0.10642009973526001,0.34036985039711,0.0,0.0,0.0,1.4126719236373901,0.05483178421854973,1.4028557538986206,0.03897912800312042,0.07705876231193542,-0.37940502166748047,0.02697056718170643,-0.3524344563484192,0.006935242563486099,0.00801753532141447,-0.37913426756858826,0.002806137315928936,-0.37632814049720764,-0.046992622315883636,-0.021266864612698555,-0.3792291283607483,-0.007443402428179979,-0.3866725265979767,0.05363769084215164,0.081367626786232,-0.37936556339263916,0.02847866900265217,-0.35088688135147095,-0.008301650173962116,-0.000563331414014101,-0.3790774941444397,-0.00019716599490493536,-0.3792746663093567,-0.05289910361170769,-0.042482033371925354,-0.3793489933013916,-0.014868711121380329,-0.39421769976615906,0.052432864904403687,0.06740839779376984,-0.68602454662323,0.023592939600348473,-0.6624315977096558,-0.03221546486020088,-0.058753494173288345,-0.627276599407196,-0.020563723519444466,-0.6478403210639954,-0.0688735693693161,-0.027602221816778183,-0.44524145126342773,-0.009660777635872364,-0.4549022316932678,0.0243695005774498,0.019619721919298172,-0.15022581815719604,0.006866902578622103,-0.14335891604423523,-0.04117994010448456,-0.02280416339635849,0.21840190887451172,-0.007981456816196442,0.21042045950889587
7.48,0.0,-0.075,0.0,0.18828207299926916,-0.17428978515325233,-1.5368307859208719,-0.10948280990123749,0.33577578514814377,0.0,0.0,0.0,1.394699215888977,0.053713858127593994,1.3866318464279175,0.04071708768606186,0.06615626066923141,-0.37940114736557007,0.023154690861701965,-0.3562464714050293,0.022214991971850395,0.012276772409677505,-0.37915465235710144,0.004296870436519384,-0.3748577833175659,0.023797376081347466,-0.0077475919388234615,-0.3792041540145874,-0.002711657201871276,-0.381915807723999,0.06937425583600998,0.07776961475610733,-0.37938058376312256,0.027219364419579506,-0.3521612286567688,0.014813663437962532,0.004049766808748245,-0.37908124923706055,0.0014174183597788215,-0.37766382098197937,-0.06296397000551224,-0.0486266165971756,-0.3793286383152008,-0.01701931469142437,-0.39634793996810913,0.06625112891197205,0.06706121563911438,-0.6471818685531616,0.023471424356102943,-0.6237104535102844,-0.0790117084980011,-0.0648309588432312,-0.6175148487091064,-0.02269083447754383,-0.6402056813240051,-0.030059557408094406,-0.02833942323923111,-0.467071533203125,-0.009918797761201859,-0.47699034214019775,-0.015503927133977413,0.009082626551389694,-0.1980324536561966,0.0031789191998541355,-0.1948535293340683,-0.0495385080575943,-0.030824467539787292,0.1569158285856247,-0.010788563638925552,0.14612726867198944
7.5,0.0,-0.075,0.0,0.19192405656568842,-0.17759544912995925,-1.5463283063284932,-0.08790446072816849,0.36814330890774727,0.0,0.0,0.0,1.3726602792739868,0.057535320520401,1.3671844005584717,0.041190020740032196,0.05866638943552971,-0.3793935179710388,0.020533235743641853,-0.3588602840900421,0.04881665110588074,0.023238737136125565,-0.37917715311050415,0.008133557625114918,-0.3710435926914215,0.010571126826107502,-0.0022519761696457863,-0.37918001413345337,-0.0007881916244514287,-0.37996819615364075,0.134526789188385,0.09479676187038422,-0.3793922960758209,0.033178865909576416,-0.3462134301662445,0.0004189964383840561,0.0029605356976389885,-0.379088819026947,0.0010361875174567103,-0.37805262207984924,-0.08105999231338501,-0.0583566278219223,-0.37930625677108765,-0.020424818620085716,-0.3997310698032379,0.04257957264780998,0.05971672013401985,-0.602295994758606,0.020900851115584373,-0.581395149230957,-0.08337170630693436,-0.07039318233728409,-0.599810004234314,-0.0246376134455204,-0.6244476437568665,-0.03791847825050354,-0.03121313825249672,-0.481101930141449,-0.010924598202109337,-0.49202653765678406,-0.035064734518527985,-0.004161582328379154,-0.2401891052722931,-0.001456553814932704,-0.2416456639766693,-0.039758116006851196,-0.033504560589790344,0.09747672080993652,-0.011726596392691135,0.08575012534856796
7.5200000000000005,0.0,-0.075,0.0,0.19482122601938842,-0.18540917017310113,-1.5585380431122706,-0.08326265215873718,0.3751060217618942,0.0,0.0,0.0,1.34646475315094,0.060277339071035385,1.3450896739959717,0.043095655739307404,0.05399516969919205,-0.3793821930885315,0.018898308277130127,-0.36048388481140137,0.04507950693368912,0.0297909677028656,-0.37920111417770386,0.010426838882267475,-0.36877426505088806,-0.04288733750581741,-0.014442585408687592,-0.37915730476379395,-0.005054904613643885,-0.3842121958732605,0.13257244229316711,0.1061294674873352,-0.37940043210983276,0.03714531287550926,-0.3422551155090332,-0.01422797329723835,-0.0021960169542580843,-0.37909996509552,-0.0007686059107072651,-0.3798685669898987,-0.08150234818458557,-0.0653003454208374,-0.37928229570388794,-0.022855119779706,-0.40213742852211,0.030776329338550568,0.0510345995426178,-0.5521260499954224,0.0178621094673872,-0.5342639684677124,-0.0573866069316864,-0.06649120897054672,-0.5744616389274597,-0.023271922022104263,-0.5977335572242737,-0.06428271532058716,-0.04113401100039482,-0.48709532618522644,-0.014396904036402702,-0.5014922022819519,-0.013810858130455017,-0.007056365255266428,-0.2759826183319092,-0.0024697277694940567,-0.2784523367881775,-0.04423660784959793,-0.03672417625784874,0.04109010100364685,-0.012853461317718029,0.028236638754606247
7.54,0.0,-0.075,0.0,0.19472761048495757,-0.19251036223107518,-1.5388313016498871,-0.07653243839740753,0.3852013424038887,0.0,0.0,0.0,1.3161996603012085,0.05915718898177147,1.3212380409240723,0.07000793516635895,0.05879899859428406,-0.3793675899505615,0.02057964913547039,-0.3587879538536072,0.026760034263134003,0.02888168767094612,-0.37922602891921997,0.010108590126037598,-0.3691174387931824,-0.027027754113078117,-0.018218135461211205,-0.3791366219520569,-0.006376347504556179,-0.38551297783851624,0.071656234562397,0.09578749537467957,-0.37940478324890137,0.03352562338113785,-0.3458791673183441,-0.021746868267655373,-0.008061273023486137,-0.3791145086288452,-0.0028214454650878906,-0.3819359540939331,-0.04983511194586754,-0.060660772025585175,-0.37925732135772705,-0.02123126946389675,-0.40048858523368835,0.0088629350066185,0.03838310018181801,-0.49752092361450195,0.013434085063636303,-0.4840868413448334,-0.08510089665651321,-0.07207411527633667,-0.5418985486030579,-0.025225939229130745,-0.5671244859695435,-0.0711388885974884,-0.050135474652051926,-0.48495030403137207,-0.01754741556942463,-0.5024977326393127,-0.048162978142499924,-0.01938834972679615,-0.30480754375457764,-0.006785922218114138,-0.3115934729576111,-0.04199031740427017,-0.03830401971936226,-0.01129013579338789,-0.013406407088041306,-0.02469654381275177
7.5600000000000005,0.0,-0.075,0.0,0.19421311079508655,-0.19532383155931,-1.4922213183318604,-0.0852813795208931,0.37207793071866035,0.0,0.0,0.0,1.2821539640426636,0.05551346018910408,1.2907241582870483,0.0941857397556305,0.06941501796245575,-0.3793499171733856,0.024295255541801453,-0.35505467653274536,0.010898380540311337,0.02348669432103634,-0.3792513906955719,0.008220342919230461,-0.3710310459136963,-0.06505000591278076,-0.032267697155475616,-0.3791183829307556,-0.011293693445622921,-0.3904120624065399,0.021214166656136513,0.07341549545526505,-0.3794052004814148,0.025695422664284706,-0.35370978713035583,-0.018329555168747902,-0.011141757480800152,-0.37913209199905396,-0.0038996150251477957,-0.3830316960811615,-0.025435129180550575,-0.05009307712316513,-0.3792320489883423,-0.017532575875520706,-0.3967646360397339,0.009887641295790672,0.029834462329745293,-0.43940430879592896,0.010442061349749565,-0.42896226048469543,-0.029152188450098038,-0.05919753760099411,-0.5026715397834778,-0.02071913704276085,-0.5233906507492065,-0.09694904834032059,-0.06417954713106155,-0.47470325231552124,-0.022462841123342514,-0.49716609716415405,-0.005986975505948067,-0.01536793727427721,-0.32617613673210144,-0.005378778092563152,-0.33155491948127747,-0.05868189036846161,-0.044417381286621094,-0.05877787619829178,-0.015546083450317383,-0.07432395964860916
7.58,0.0,-0.075,0.0,0.1926872287525129,-0.19713368044635235,-1.4244069094761678,-0.06580251455307007,0.4012962281703949,0.0,0.0,0.0,1.2448376417160034,0.05250032618641853,1.2565208673477173,0.10814356058835983,0.08103358000516891,-0.37932971119880676,0.02836175262928009,-0.3509679436683655,0.009211358614265919,0.019204093143343925,-0.37927642464637756,0.0067214323207736015,-0.3725549876689911,-0.07409951090812683,-0.0448172390460968,-0.3791031539440155,-0.01568603329360485,-0.3947891891002655,-0.00725213810801506,0.049215205013751984,-0.3794017732143402,0.017225321382284164,-0.36217644810676575,-0.05339822918176651,-0.02381869964301586,-0.37915217876434326,-0.008336544968187809,-0.3874887228012085,-0.0020848484709858894,-0.03569060564041138,-0.37920695543289185,-0.012491711415350437,-0.3916986584663391,-0.028156079351902008,0.012437298893928528,-0.3787592947483063,0.004353054333478212,-0.37440624833106995,0.008235957473516464,-0.03896748647093773,-0.45744431018829346,-0.013638620264828205,-0.4710829257965088,-0.11833223700523376,-0.08042535185813904,-0.4565274119377136,-0.028148872777819633,-0.4846762716770172,0.018736686557531357,-0.005136549938470125,-0.3397269546985626,-0.0017977925017476082,-0.34152474999427795,-0.008182607591152191,-0.03354695066809654,-0.10056978464126587,-0.01174143236130476,-0.1123112142086029
7.6000000000000005,0.0,-0.075,0.0,0.18782242231419996,-0.19865238707118807,-1.3357701667689492,-0.05815538763999939,0.4127669185400009,0.0,0.0,0.0,1.2049983739852905,0.053268298506736755,1.2201378345489502,0.10009385645389557,0.08675166219472885,-0.3793073892593384,0.03036308102309704,-0.3489443063735962,0.0093704117462039,0.016253989189863205,-0.37930065393447876,0.005688895937055349,-0.3736117482185364,-0.04980282485485077,-0.04631291329860687,-0.37909114360809326,-0.016209518536925316,-0.39530065655708313,-0.008486844599246979,0.031904589384794235,-0.37939453125,0.011166606098413467,-0.36822792887687683,-0.06896507740020752,-0.037362612783908844,-0.37917447090148926,-0.013076914474368095,-0.3922513723373413,-0.008228409104049206,-0.02745194546878338,-0.37918269634246826,-0.009608181193470955,-0.38879087567329407,-0.03728783130645752,-0.002480241470038891,-0.3166118860244751,-0.0008680844912305474,-0.3174799680709839,-0.012934431433677673,-0.031157569959759712,-0.406981885433197,-0.010905149392783642,-0.41788703203201294,-0.12181597948074341,-0.09284254163503647,-0.4307302236557007,-0.032494887709617615,-0.4632251262664795,0.0015114657580852509,-0.0031421452295035124,-0.3452308177947998,-0.0010997508652508259,-0.34633058309555054,0.007220650091767311,-0.02131666988134384,-0.13595885038375854,-0.0074608344584703445,-0.14341968297958374
7.62,0.0,-0.075,0.0,0.177907002316628,-0.19674498447815134,-1.2097624145578754,-0.033749863505363464,0.4493752047419548,0.0,0.0,0.0,1.1636321544647217,0.05425122752785683,1.1820552349090576,0.04878935217857361,0.07536296546459198,-0.37928348779678345,0.026377037167549133,-0.3529064655303955,0.024681376293301582,0.018782205879688263,-0.37932348251342773,0.006573772057890892,-0.3727497160434723,-0.021159673109650612,-0.03876693919301033,-0.37908273935317993,-0.013568428345024586,-0.39265117049217224,0.01747582107782364,0.027575958520174026,-0.3793836832046509,0.00965158548206091,-0.3697321116924286,-0.11329185962677002,-0.060141388326883316,-0.3791983127593994,-0.021049486473202705,-0.40024781227111816,-0.0343628004193306,-0.02952520176768303,-0.3791598081588745,-0.01033382024616003,-0.3894936144351959,-0.058169230818748474,-0.019186940044164658,-0.2540133595466614,-0.00671542901545763,-0.26072877645492554,-0.022512061521410942,-0.02856391668319702,-0.3521379828453064,-0.009997370652854443,-0.3621353507041931,-0.11691033095121384,-0.10006287693977356,-0.3977482318878174,-0.035022005438804626,-0.4327702522277832,0.014799673110246658,0.002240400295704603,-0.3425945043563843,0.0007841400802135468,-0.3418103754520416,0.02863815613090992,-0.006330221891403198,-0.16434642672538757,-0.002215577522292733,-0.1665620058774948
7.640000000000001,0.0,-0.075,0.0,0.1638085283757423,-0.19664050230729677,-1.0750832246201127,0.011571787297725677,0.5173576809465885,0.012150376662611961,0.0,0.012150376662611961,1.121983528137207,0.0575859397649765,1.1444364786148071,0.046690039336681366,0.0667610839009285,-0.3792586326599121,0.023366378620266914,-0.35589224100112915,0.046441324055194855,0.02707994170486927,-0.3793443739414215,0.009477979503571987,-0.36986640095710754,0.04039505124092102,-0.01501834113150835,-0.3790780305862427,-0.005256419535726309,-0.3843344449996948,-0.009814154356718063,0.01635892502963543,-0.3793694078922272,0.005725623574107885,-0.37364378571510315,-0.13167555630207062,-0.08160164207220078,-0.37922316789627075,-0.0285605750977993,-0.40778374671936035,-0.05475591495633125,-0.03709441423416138,-0.37913888692855835,-0.012983044609427452,-0.39212194085121155,-0.07107307761907578,-0.03475278243422508,-0.19202278554439545,-0.012163473293185234,-0.20418626070022583,-0.0955689549446106,-0.048665426671504974,-0.2938404083251953,-0.01703289896249771,-0.3108732998371124,-0.08873633295297623,-0.0966649129986763,-0.3581393361091614,-0.033832717686891556,-0.39197206497192383,-0.06209896504878998,-0.01706141047179699,-0.3318627178668976,-0.005971493665128946,-0.3378342092037201,0.05433832108974457,0.01187034323811531,-0.18525224924087524,0.004154620226472616,-0.1810976266860962
7.66,0.0,-0.075,0.0,0.144350835142214,-0.1946248056671309,-0.9242179358711118,0.016126206144690514,0.5241893092170358,0.016932516451925037,0.0,0.016932516451925037,1.0815305709838867,0.06273705512285233,1.1072288751602173,0.030182702466845512,0.05578756704926491,-0.37923333048820496,0.019525649026036263,-0.35970768332481384,0.04424749314785004,0.032230205833911896,-0.3793627917766571,0.011280572041869164,-0.3680822253227234,0.056010760366916656,0.006290390156209469,-0.3790772557258606,0.002201636554673314,-0.3768756091594696,-0.03887983784079552,-0.00021270476281642914,-0.37935206294059753,-7.44466669857502e-05,-0.379426509141922,-0.1198594868183136,-0.09307900071144104,-0.3792484998703003,-0.032577648758888245,-0.41182613372802734,-0.06972161680459976,-0.04688257724046707,-0.3791203498840332,-0.016408901661634445,-0.39552924036979675,-0.04236646741628647,-0.03703688830137253,-0.13168880343437195,-0.01296291034668684,-0.14465171098709106,-0.11571372300386429,-0.06877991557121277,-0.2330753356218338,-0.02407296933233738,-0.25714829564094543,-0.07825028896331787,-0.09114052355289459,-0.31257352232933044,-0.03189918398857117,-0.3444727063179016,-0.1043778657913208,-0.04325634613633156,-0.3132169544696808,-0.01513972133398056,-0.32835668325424194,0.06644563376903534,0.02824293076992035,-0.19832266867160797,0.009885025210678577,-0.18843764066696167
7.68,0.0,-0.075,0.0,0.12104864785702533,-0.19194772909342447,-0.759843911337511,0.025510510429739952,0.5382657656446099,0.026786035951226948,0.0,0.026786035951226948,1.0439432859420776,0.07296062260866165,1.0695585012435913,0.055577248334884644,0.05572447180747986,-0.37920820713043213,0.01950356550514698,-0.3597046434879303,0.05065517872571945,0.03775769844651222,-0.3793783187866211,0.013215194456279278,-0.36616313457489014,0.039337530732154846,0.016204532235860825,-0.3790804147720337,0.005671586375683546,-0.37340882420539856,0.0420239120721817,0.01245828066021204,-0.37933212518692017,0.004360398277640343,-0.3749717175960541,-0.1190829947590828,-0.1008801981806755,-0.37927359342575073,-0.03530807048082352,-0.41458165645599365,-0.10779988020658493,-0.06515777111053467,-0.37910473346710205,-0.022805219516158104,-0.4019099473953247,-0.04783853888511658,-0.0402773842215538,-0.07403205335140228,-0.014097084291279316,-0.08812914043664932,-0.16447636485099792,-0.09748885035514832,-0.17087072134017944,-0.03412109613418579,-0.20499181747436523,-0.0510406568646431,-0.07911056280136108,-0.2618217468261719,-0.02768869698047638,-0.28951042890548706,-0.13905321061611176,-0.07199540734291077,-0.28697264194488525,-0.02519839257001877,-0.3121710419654846,0.06388413906097412,0.03893529251217842,-0.20333659648895264,0.013627352192997932,-0.18970924615859985
7.7,0.0,-0.075,0.0,0.09496038896617069,-0.1877130032493719,-0.5879378744568667,0.03154849261045456,0.5473227389156818,0.033125917240977285,0.0,0.033125917240977285,1.0110045671463013,0.08065777271986008,1.0304161310195923,0.088351771235466,0.06551266461610794,-0.37918388843536377,0.02292943187057972,-0.3562544584274292,0.03572962433099747,0.037149276584386826,-0.3793905973434448,0.013002246618270874,-0.36638835072517395,0.07003122568130493,0.03235254064202309,-0.37908732891082764,0.011323388665914536,-0.3677639365196228,0.022519554942846298,0.015476662665605545,-0.3793100416660309,0.005416831932961941,-0.37389320135116577,-0.10340119153261185,-0.10163649916648865,-0.37929797172546387,-0.03557277470827103,-0.4148707389831543,-0.09706969559192657,-0.07473134994506836,-0.37909233570098877,-0.026155972853302956,-0.4052483141422272,-0.07585768401622772,-0.05095147341489792,-0.020027942955493927,-0.017833014950156212,-0.03786095976829529,-0.1639060378074646,-0.11741400510072708,-0.10827891528606415,-0.04109490290284157,-0.14937381446361542,-0.003089805133640766,-0.056304335594177246,-0.20674248039722443,-0.019706517457962036,-0.22644899785518646,-0.12915220856666565,-0.08914244920015335,-0.25357377529144287,-0.031199857592582703,-0.28477364778518677,0.08350569754838943,0.052306413650512695,-0.20020917057991028,0.018307244405150414,-0.1819019317626953
7.72,0.0,-0.075,0.0,0.06626825769350013,-0.1821539288873264,-0.4065905736159703,0.025578970089554787,0.5383684551343322,0.026857918594032526,0.0,0.026857918594032526,0.9844812750816345,0.08094986528158188,0.9956961274147034,0.12351253628730774,0.0829126238822937,-0.37916091084480286,0.029019417241215706,-0.3501414954662323,-0.009373152628540993,0.023192547261714935,-0.3793993592262268,0.008117391727864742,-0.3712819814682007,0.09249301254749298,0.050394684076309204,-0.37909793853759766,0.01763813942670822,-0.36145979166030884,-0.047410015016794205,-0.003389340825378895,-0.3792862892150879,-0.00118626921903342,-0.3804725706577301,-0.06088276207447052,-0.08941037952899933,-0.37932097911834717,-0.031293630599975586,-0.41061460971832275,-0.07578125596046448,-0.07504632323980331,-0.3790834844112396,-0.02626621350646019,-0.4053497016429901,-0.06360305100679398,-0.054746948182582855,0.029409948736429214,-0.01916143111884594,0.010248517617583275,-0.1337609589099884,-0.1223180964589119,-0.04635874927043915,-0.04281133413314819,-0.08917008340358734,0.032659340649843216,-0.029615232720971107,-0.14826753735542297,-0.010365331545472145,-0.15863287448883057,-0.09621559083461761,-0.09126439690589905,-0.21358534693717957,-0.03194253891706467,-0.24552789330482483,0.05237225443124771,0.05232616513967514,-0.18899333477020264,0.01831415668129921,-0.17067918181419373
7.74,0.0,-0.075,0.0,0.035713135620237896,-0.17709684193462139,-0.22780308658930645,0.006812570616602898,0.5102188559249043,0.007153199147433042,0.0,0.007153199147433042,0.9659500122070312,0.07729685306549072,0.9699022173881531,0.12896716594696045,0.09672898054122925,-0.37913984060287476,0.033855143934488297,-0.34528470039367676,-0.04481171816587448,0.0027912678197026253,-0.37940430641174316,0.0009769437601789832,-0.3784273564815521,0.10457458347082138,0.06664865463972092,-0.3791119158267975,0.02332702837884426,-0.35578489303588867,-0.0985669195652008,-0.031942613422870636,-0.37926149368286133,-0.011179914698004723,-0.3904414176940918,-0.023915521800518036,-0.06976191699504852,-0.37934207916259766,-0.024416670203208923,-0.4037587642669678,-0.05405925586819649,-0.06875020265579224,-0.37907838821411133,-0.024062570184469223,-0.40314096212387085,-0.04476391524076462,-0.051752038300037384,0.07344529032707214,-0.018113212659955025,0.05533207952976227,-0.08711044490337372,-0.11175580322742462,0.013842269778251648,-0.03911453112959862,-0.02527226135134697,0.02966126799583435,-0.011832281947135925,-0.0873861163854599,-0.004141298588365316,-0.09152741730213165,-0.05671160668134689,-0.08089856058359146,-0.16768385469913483,-0.02831449545919895,-0.19599835574626923,0.044629499316215515,0.050017163157463074,-0.16987882554531097,0.017506007105112076,-0.1523728221654892
7.76,0.0,-0.075,0.0,0.002323531320678381,-0.17065980631588454,-0.04127473786931931,0.0060608871281147,0.509091330692172,0.006363931484520435,0.0,0.006363931484520435,0.9565953612327576,0.07199942320585251,0.955495297908783,0.11215654760599136,0.10135725140571594,-0.37912121415138245,0.03547503799200058,-0.34364616870880127,-0.05178073048591614,-0.013580331578850746,-0.3794054388999939,-0.004753116052597761,-0.38415855169296265,0.0645393431186676,0.06601586192846298,-0.37912899255752563,0.023105550557374954,-0.3560234308242798,-0.07107982784509659,-0.04368377849459648,-0.3792361915111542,-0.015289322473108768,-0.39452552795410156,0.002865070477128029,-0.04797381907701492,-0.3793608248233795,-0.016790837049484253,-0.39615166187286377,-0.041400495916604996,-0.060545288026332855,-0.37907713651657104,-0.02119085006415844,-0.40026798844337463,-0.012443420477211475,-0.03995945304632187,0.11133313179016113,-0.01398580800741911,0.09734732657670975,-0.0792679563164711,-0.10200945287942886,0.07130572199821472,-0.03570330888032913,0.03560241311788559,0.03243182972073555,0.001446952112019062,-0.025128168985247612,0.0005064332508482039,-0.024621736258268356,-0.05727384611964226,-0.07381114363670349,-0.11664578318595886,-0.025833899155259132,-0.14247968792915344,0.038696661591529846,0.046621013432741165,-0.1431889832019806,0.016317354515194893,-0.12687163054943085
7.78,0.0,-0.075,0.0,-0.03361923310042283,-0.16262925536699094,0.15868366991005978,0.011077787727117538,0.5166166815906763,0.011631677113473415,0.0,0.011631677113473415,0.9570291638374329,0.07140932977199554,0.9536911249160767,0.09748035669326782,0.10019418597221375,-0.37910544872283936,0.03506796434521675,-0.3440374732017517,-0.030148088932037354,-0.018550660461187363,-0.37940263748168945,-0.006492731161415577,-0.38589537143707275,0.052409619092941284,0.061933986842632294,-0.3791487514972687,0.021676894277334213,-0.35747185349464417,-0.005838098935782909,-0.03233007341623306,-0.3792110085487366,-0.011315525509417057,-0.39052653312683105,-0.03236830607056618,-0.04329216480255127,-0.37937670946121216,-0.01515225786715746,-0.39452895522117615,-0.09445405751466751,-0.07071791589260101,-0.37907981872558594,-0.024751270189881325,-0.4038310945034027,-0.0062567489221692085,-0.02984864078462124,0.14243252575397491,-0.010447024367749691,0.13198550045490265,-0.12009415030479431,-0.10743486881256104,0.12505950033664703,-0.03760220482945442,0.08745729923248291,0.04232298582792282,0.013709763064980507,0.03745311126112938,0.00479841697961092,0.042251527309417725,-0.06488174200057983,-0.07113231718540192,-0.06133456528186798,-0.02489631064236164,-0.08623087406158447,0.03289905562996864,0.04250442609190941,-0.10937531292438507,0.014876549132168293,-0.09449876099824905
7.8,0.0,-0.075,0.0,-0.0683813879450876,-0.15213629981708446,0.35746834295232244,0.010662518441677094,0.5159937776625156,0.011195644363760948,0.0,0.011195644363760948,0.9671867489814758,0.06395784020423889,0.9631337523460388,0.04411834478378296,0.08337143063545227,-0.37909287214279175,0.029179999604821205,-0.3499128818511963,-0.050856880843639374,-0.028242528438568115,-0.3793960213661194,-0.00988488458096981,-0.38928091526031494,0.014157363213598728,0.04760099947452545,-0.3791707158088684,0.016660349443554878,-0.3625103533267975,-0.004390571732074022,-0.023948222398757935,-0.37918663024902344,-0.008381878025829792,-0.38756850361824036,-0.0073283277451992035,-0.03250301256775856,-0.3793894052505493,-0.011376054026186466,-0.3907654583454132,-0.02657780796289444,-0.05747588351368904,-0.37908634543418884,-0.02011655829846859,-0.3992029130458832,0.011291692964732647,-0.017506539821624756,0.1662173867225647,-0.006127289030700922,0.1600901037454605,-0.07956065982580185,-0.09907260537147522,0.17419426143169403,-0.03467541188001633,0.1395188570022583,0.033888623118400574,0.019763421267271042,0.09929902851581573,0.00691719725728035,0.10621622204780579,-0.08514891564846039,-0.07533729821443558,-0.002685878425836563,-0.026368053629994392,-0.029053932055830956,0.05917581170797348,0.04750584065914154,-0.06900984793901443,0.01662704348564148,-0.052382804453372955
7.82,0.0,-0.075,0.0,-0.10077086691562992,-0.13918189970761083,0.558317041367912,0.06098400056362152,0.5914760008454323,0.06403320059180259,0.0,0.06403320059180259,0.986338198184967,0.06766440719366074,0.9772821664810181,0.030891945585608482,0.06762758642435074,-0.3790838420391083,0.0236696545034647,-0.35541418194770813,0.03577008843421936,-0.009038742631673813,-0.37938567996025085,-0.003163559827953577,-0.3825492262840271,0.06063080579042435,0.05150993913412094,-0.37919431924819946,0.01802847906947136,-0.361165851354599,-0.013661708682775497,-0.020862268283963203,-0.3791634440422058,-0.007301793899387121,-0.38646525144577026,-0.03518293797969818,-0.03330698981881142,-0.37939852476119995,-0.01165744662284851,-0.39105597138404846,-0.0651697963476181,-0.05978405475616455,-0.37909653782844543,-0.020924419164657593,-0.400020956993103,-0.053795523941516876,-0.028393235057592392,0.18228530883789062,-0.009937631897628307,0.17234767973423004,-0.1631433069705963,-0.11829382181167603,0.2178788185119629,-0.04140283539891243,0.17647598683834076,0.027710989117622375,0.02214769273996353,0.15936335921287537,0.0077516925521194935,0.16711504757404327,-0.09491564333438873,-0.08121079951524734,0.058308109641075134,-0.02842377871274948,0.029884330928325653,0.07362768054008484,0.05534239113330841,-0.022775448858737946,0.019369836896657944,-0.003405611962080002
7.84,0.0,-0.075,0.0,-0.1331502405334538,-0.12551708276307824,0.7523658124717496,0.03918956220149994,0.5587843433022499,0.04114904031157493,0.0,0.04114904031157493,1.0132113695144653,0.06407572329044342,1.0039713382720947,-0.016655318439006805,0.042342714965343475,-0.37907856702804565,0.014819949865341187,-0.36425861716270447,0.04314367473125458,0.006615983322262764,-0.3793719410896301,0.0023155941162258387,-0.377056360244751,0.04919882118701935,0.050816603004932404,-0.37921902537345886,0.01778580993413925,-0.361433207988739,-0.036158569157123566,-0.025451159104704857,-0.3791421353816986,-0.008907905779778957,-0.38805004954338074,-0.02917208895087242,-0.03206652030348778,-0.3794039189815521,-0.011223281733691692,-0.3906272053718567,-0.0736418291926384,-0.06394138932228088,-0.3791101574897766,-0.02237948589026928,-0.40148964524269104,-0.03860485181212425,-0.03145672008395195,0.1903645098209381,-0.011009851470589638,0.17935465276241302,-0.1290227174758911,-0.12151248753070831,0.25537410378456116,-0.04252937063574791,0.21284472942352295,0.00036405911669135094,0.015612603165209293,0.2166299819946289,0.005464410874992609,0.22209438681602478,-0.04477338492870331,-0.0702795758843422,0.12061557173728943,-0.024597851559519768,0.09601771831512451,0.03398308902978897,0.04893460124731064,0.028545737266540527,0.017127109691500664,0.04567284882068634
7.86,0.0,-0.075,0.0,-0.16074112331530874,-0.11433205594390815,0.9300459105956044,-0.013205671682953835,0.48019149247556925,0.0,0.0,0.0,1.046181559562683,0.05793077498674393,1.0359721183776855,0.0003007040359079838,0.029730111360549927,-0.37907713651657104,0.010405538603663445,-0.36867159605026245,-0.03250448405742645,-0.005120157729834318,-0.3793551027774811,-0.0017920552054420114,-0.3811471462249756,0.04744920879602432,0.0498063825070858,-0.379244327545166,0.017432233318686485,-0.3618120849132538,-0.05063512176275253,-0.033006347715854645,-0.3791232109069824,-0.011552221141755581,-0.39067542552948,0.07440708577632904,-0.00012443773448467255,-0.37940549850463867,-4.355320561444387e-05,-0.3794490396976471,-0.002568908967077732,-0.045529644936323166,-0.3791269063949585,-0.015935376286506653,-0.39506226778030396,-0.027939796447753906,-0.030401643365621567,0.19031831622123718,-0.010640574619174004,0.17967773973941803,-0.069880411028862,-0.10602286458015442,0.2860458493232727,-0.03710800036787987,0.24893784523010254,0.036242567002773285,0.02180159091949463,0.27013012766838074,0.00763055682182312,0.27776068449020386,-0.05193706601858139,-0.06477682292461395,0.18318244814872742,-0.022671887651085854,0.16051055490970612,0.09679854661226273,0.06329378485679626,0.08408551663160324,0.022152824327349663,0.10623834282159805
7.88,0.0,-0.075,0.0,-0.1860794142534412,-0.1061174717259115,1.0941680750188478,0.0059422217309474945,0.5089133325964212,0.006239332817494869,0.0,0.006239332817494869,1.083471655845642,0.052639108151197433,1.075884461402893,-0.04239374399185181,0.008092953823506832,-0.37907958030700684,0.0028325337916612625,-0.3762470483779907,-0.02428201027214527,-0.010868714191019535,-0.37933558225631714,-0.0038040499202907085,-0.38313964009284973,0.009759979322552681,0.03779245913028717,-0.37926948070526123,0.01322736032307148,-0.3660421073436737,-0.06412488222122192,-0.04234191030263901,-0.3791070878505707,-0.014819668605923653,-0.3939267694950104,0.10284461826086044,0.030766280367970467,-0.37940317392349243,0.010768198408186436,-0.368634968996048,0.003909158520400524,-0.030698005110025406,-0.37914639711380005,-0.010744301602244377,-0.3898907005786896,-0.005014327354729176,-0.022785447537899017,0.18214744329452515,-0.007974906824529171,0.1741725355386734,-0.09124485403299332,-0.10158945620059967,0.30937519669532776,-0.035556308925151825,0.27381888031959534,0.04144902527332306,0.027695821598172188,0.31895869970321655,0.009693537838757038,0.3286522328853607,-0.008400153368711472,-0.04786382243037224,0.2449503242969513,-0.0167523380368948,0.22819799184799194,0.04748206585645676,0.05855026841163635,0.14290431141853333,0.020492592826485634,0.1633969098329544
7.9,0.0,-0.075,0.0,-0.20553602538498264,-0.09792537944160272,1.2199494178811532,-0.017231635749340057,0.4741525463759899,0.0,0.0,0.0,1.1233206987380981,0.048121377825737,1.1231887340545654,-0.013883817940950394,0.001499922014772892,-0.379085898399353,0.0005249726818874478,-0.3785609304904938,-0.01338990405201912,-0.011625071056187153,-0.37931379675865173,-0.00406877463683486,-0.38338255882263184,-0.02432764135301113,0.019156428053975105,-0.3792940378189087,0.0067047495394945145,-0.3725892901420593,-0.06114834174513817,-0.047983840107917786,-0.37909412384033203,-0.016794344410300255,-0.39588847756385803,0.028444955125451088,0.030069883912801743,-0.3793969452381134,0.010524459183216095,-0.3688724935054779,-0.02895410731434822,-0.03017483651638031,-0.3791680634021759,-0.010561192408204079,-0.38972926139831543,0.018996354192495346,-0.010250907391309738,0.1659902036190033,-0.0035878175403922796,0.16240239143371582,-0.07730980217456818,-0.09430555999279022,0.3249674439430237,-0.0330069437623024,0.2919605076313019,0.016762766987085342,0.02441590651869774,0.36228975653648376,0.008545567281544209,0.3708353340625763,0.024829436093568802,-0.026055844500660896,0.3048742413520813,-0.009119545109570026,0.29575470089912415,0.07441755384206772,0.06331045180559158,0.2040071189403534,0.022158658131957054,0.226165771484375
7.92,0.0,-0.075,0.0,-0.2205802890283235,-0.090466210832859,1.32405979356367,-0.03570818901062012,0.4464377164840698,0.0,0.0,0.0,1.1641035079956055,0.05234794318675995,1.1636314392089844,-0.030396563932299614,-0.008069024421274662,-0.3790959119796753,-0.0028241584077477455,-0.38192006945610046,-0.012330370023846626,-0.011836660094559193,-0.37929028272628784,-0.004142831079661846,-0.38343310356140137,0.019580669701099396,0.019283700734376907,-0.37931734323501587,0.00674929516389966,-0.3725680410861969,-0.0011518561514094472,-0.03393424674868584,-0.3790847063064575,-0.011876986362040043,-0.3909617066383362,0.07040319591760635,0.042169876396656036,-0.3793870806694031,0.014759456738829613,-0.3646276295185089,-0.006964405998587608,-0.023211706429719925,-0.379191517829895,-0.008124097250401974,-0.3873156011104584,-0.04373679310083389,-0.020296674221754074,0.1421198844909668,-0.0071038356982171535,0.1350160539150238,-0.1085844337940216,-0.0985892191529274,0.33255887031555176,-0.03450622782111168,0.2980526387691498,0.0064129820093512535,0.019015029072761536,0.39939016103744507,0.0066552599892020226,0.40604540705680847,0.001822587102651596,-0.017692314460873604,0.36194050312042236,-0.006192309781908989,0.3557482063770294,0.1412927508354187,0.08670514822006226,0.26636025309562683,0.03034680150449276,0.29670706391334534
7.94,0.0,-0.075,0.0,-0.23251462465629671,-0.08286798923414798,1.409109502036108,-0.030216502025723457,0.4546752469614148,0.0,0.0,0.0,1.2044013738632202,0.05531841889023781,1.2082749605178833,-0.03760674223303795,-0.016930339857935905,-0.37910938262939453,-0.005925619043409824,-0.3850350081920624,-0.007561626844108105,-0.010554149746894836,-0.37926560640335083,-0.0036939524579793215,-0.3829595446586609,0.012048399075865746,0.017113110050559044,-0.379338800907135,0.0059895883314311504,-0.37334921956062317,-0.058289483189582825,-0.04124081879854202,-0.3790789842605591,-0.014434286393225193,-0.3935132622718811,0.04933649301528931,0.04431986063718796,-0.379373699426651,0.0155119514092803,-0.36386173963546753,0.006736560724675655,-0.014227226376533508,-0.37921616435050964,-0.0049795289523899555,-0.3841956853866577,-0.008422856219112873,-0.016734529286623,0.11094029992818832,-0.005857085343450308,0.10508321225643158,-0.09342370927333832,-0.09703956544399261,0.33202099800109863,-0.033963847905397415,0.2980571389198303,-0.017395224422216415,0.00809195265173912,0.42963239550590515,0.0028321833815425634,0.4324645698070526,0.021462582051753998,-0.005945844575762749,0.4151836931705475,-0.0020810456480830908,0.4131026566028595,0.14127567410469055,0.10307630896568298,0.32890886068344116,0.036076705902814865,0.36498555541038513
7.96,0.0,-0.075,0.0,-0.24187746735474788,-0.07447219959475994,1.4817097759548854,-0.029587717726826668,0.45561842340976,0.0,0.0,0.0,1.2430377006530762,0.05795219913125038,1.2517459392547607,-0.029950866475701332,-0.020836498588323593,-0.37912601232528687,-0.007292774505913258,-0.38641878962516785,-0.00731009803712368,-0.009580934420228004,-0.37924039363861084,-0.0033533270470798016,-0.38259372115135193,0.013553484342992306,0.01604522205889225,-0.3793579339981079,0.00561582762748003,-0.37374210357666016,-0.07114221900701523,-0.050211239606142044,-0.37907707691192627,-0.01757393404841423,-0.3966509997844696,0.04672296345233917,0.0450407937169075,-0.3793572187423706,0.015764277428388596,-0.3635929524898529,0.010094630531966686,-0.006930668838322163,-0.379241406917572,-0.0024257339537143707,-0.3816671371459961,0.016949396580457687,-0.0066293515264987946,0.0729789212346077,-0.002320273080840707,0.07065864652395248,-0.08937430381774902,-0.09473998844623566,0.32336294651031494,-0.03315899521112442,0.2902039587497711,-0.023013487458229065,-0.001239679753780365,0.45250481367111206,-0.00043388790800236166,0.4520709216594696,0.03854788467288017,0.007402274291962385,0.46370309591293335,0.0025907959789037704,0.46629390120506287,0.13894377648830414,0.11383654177188873,0.3905948996543884,0.03984278813004494,0.43043768405914307
7.98,0.0,-0.075,0.0,-0.24816850159273027,-0.06696529729099794,1.5268864480172901,-0.023935776203870773,0.46409633569419384,0.0,0.0,0.0,1.2790888547897339,0.060167476534843445,1.2905915975570679,-0.02328840270638466,-0.021572070196270943,-0.3791453242301941,-0.007550224661827087,-0.3866955637931824,-0.012185763567686081,-0.010362382978200912,-0.3792151212692261,-0.003626833902671933,-0.38284194469451904,0.0033286456018686295,0.012230249121785164,-0.37937432527542114,0.004280587192624807,-0.3750937283039093,-0.03926963359117508,-0.046928759664297104,-0.37907910346984863,-0.01642506569623947,-0.3955041766166687,0.037216395139694214,0.042693473398685455,-0.37933793663978577,0.014942715875804424,-0.36439523100852966,0.008728968910872936,-0.002232777187600732,-0.379266619682312,-0.0007814720156602561,-0.38004809617996216,-0.046705421060323715,-0.0186521727591753,0.02887793630361557,-0.006528260186314583,0.022349676117300987,-0.11923152208328247,-0.10208745300769806,0.3067312240600586,-0.03573060780763626,0.27100062370300293,-0.019024983048439026,-0.006575270555913448,0.4676204323768616,-0.002301344648003578,0.46531909704208374,0.045079946517944336,0.0187055766582489,0.5066779851913452,0.0065469518303871155,0.5132249593734741,0.12363742291927338,0.11677680909633636,0.4503747224807739,0.04087188094854355,0.49124661087989807
8.0,0.0,-0.075,0.0,-0.25115517563325723,-0.06007701880613298,1.5354245503909913,-0.03675973415374756,0.44486039876937866,0.0,0.0,0.0,1.311880350112915,0.06532984226942062,1.3261138200759888,-0.08077485859394073,-0.039332907646894455,-0.37916696071624756,-0.013766517862677574,-0.3929334878921509,0.011218398809432983,-0.0038881481159478426,-0.3791905641555786,-0.0013608518056571484,-0.38055142760276794,0.0004905909299850464,0.008708351291716099,-0.3793874979019165,0.003047922858968377,-0.3763395845890045,0.0005664973286911845,-0.03268018364906311,-0.3790850043296814,-0.011438064277172089,-0.3905230760574341,0.06085868179798126,0.04814303666353226,-0.37931638956069946,0.0168500617146492,-0.36246633529663086,0.01570359244942665,0.0031481338664889336,-0.37929126620292664,0.001101846806704998,-0.37818941473960876,-0.03553619980812073,-0.023717381060123444,-0.020616605877876282,-0.008301082998514175,-0.028917688876390457,-0.13176093995571136,-0.11098949611186981,0.28240716457366943,-0.038846321403980255,0.24356085062026978,-0.006765021942555904,-0.00663219578564167,0.47472357749938965,-0.002321268431842327,0.47240230441093445,0.01974054053425789,0.019016066566109657,0.5433812737464905,0.006655623205006123,0.5500369071960449,0.15595801174640656,0.12853115797042847,0.5072370767593384,0.04498590528964996,0.5522229671478271
8.02,0.0,-0.075,0.0,-0.2544461888900001,-0.05035687252963577,1.5500934235102475,-0.05156085640192032,0.4226587153971195,0.0,0.0,0.0,1.2883882522583008,0.06737565249204636,1.3036326169967651,-0.0532262846827507,-0.04350092262029648,-0.3790796399116516,-0.015225322917103767,-0.39430496096611023,0.007404247298836708,-0.0005004294216632843,-0.3793761134147644,-0.00017515030049253255,-0.3795512616634369,-0.012088200077414513,0.0024693855084478855,-0.37921208143234253,0.0008642849279567599,-0.378347784280777,-0.0121920146048069,-0.026533734053373337,-0.37914785742759705,-0.009286806918680668,-0.38843467831611633,0.062438175082206726,0.05243157595396042,-0.3794028162956238,0.018351051956415176,-0.3610517680644989,0.04045857489109039,0.014341266825795174,-0.3791060447692871,0.005019443109631538,-0.3740865886211395,0.043812096118927,-0.0034585362300276756,0.01582365669310093,-0.0012104876805096865,0.014613169245421886,-0.09104982763528824,-0.1050075888633728,0.30081862211227417,-0.03675265610218048,0.2640659809112549,0.005085933953523636,-0.0031167566776275635,0.4703703224658966,-0.0010908647673204541,0.4692794680595398,0.07092306017875671,0.03458816558122635,0.5173830986022949,0.012105857953429222,0.5294889807701111,0.16263392567634583,0.1387619972229004,0.46628138422966003,0.04856669902801514,0.5148481130599976
8.040000000000001,0.0,-0.075,0.0,-0.26046254940203395,-0.037061047899976954,1.5375158717881074,-0.07068158686161041,0.3939776197075844,0.0,0.0,0.0,1.320197582244873,0.06782449781894684,1.3351868391036987,-0.06414822489023209,-0.04969511181116104,-0.37907713651657104,-0.017393289133906364,-0.39647042751312256,0.006921360269188881,0.0017261075554415584,-0.3793600797653198,0.0006041376618668437,-0.37875595688819885,-0.012972608208656311,-0.0021632127463817596,-0.37923726439476013,-0.0007571244495920837,-0.37999439239501953,0.004364488646388054,-0.017264267429709435,-0.37912821769714355,-0.006042493507266045,-0.38517069816589355,0.07276317477226257,0.058531057089567184,-0.3794054388999939,0.02048587054014206,-0.35891956090927124,0.0229998379945755,0.016938837245106697,-0.37912195920944214,0.005928592756390572,-0.3731933534145355,-0.03569474071264267,-0.013129398226737976,-0.03500565141439438,-0.004595289472490549,-0.03960094228386879,-0.11209230870008469,-0.10713300108909607,0.2744539976119995,-0.037496548146009445,0.23695744574069977,-0.03377944603562355,-0.01231556385755539,0.47525209188461304,-0.004310447257012129,0.4709416329860687,0.02574782818555832,0.03193606436252594,0.5522555112838745,0.011177622713148594,0.5634331107139587,0.12644143402576447,0.13506582379341125,0.5221743583679199,0.04727303609251976,0.56944739818573
8.06,0.0,-0.075,0.0,-0.2531675031707773,-0.034313901050774066,1.4974648003933162,-0.0688970685005188,0.3966543972492218,0.0,0.0,0.0,1.348227858543396,0.06984841078519821,1.3670313358306885,-0.033900029957294464,-0.04495658725500107,-0.3790785074234009,-0.015734804794192314,-0.39481329917907715,0.003411032259464264,0.002231585094705224,-0.3793412446975708,0.0007810547831468284,-0.3785601854324341,-0.0125691257417202,-0.005284986924380064,-0.3792625665664673,-0.001849745400249958,-0.38111230731010437,0.08662842959165573,0.01390354335308075,-0.37911123037338257,0.004866240080446005,-0.3742449879646301,0.05456562340259552,0.057341426610946655,-0.3794041872024536,0.02006949856877327,-0.35933467745780945,0.0048220278695225716,0.013303793966770172,-0.379140704870224,0.00465632788836956,-0.3744843900203705,-0.044475797563791275,-0.022533319890499115,-0.09014780074357986,-0.007886662147939205,-0.09803446382284164,-0.10225522518157959,-0.10566966235637665,0.2409430593252182,-0.03698438033461571,0.2039586752653122,-0.0014164159074425697,-0.009045819751918316,0.47199225425720215,-0.0031660369131714106,0.46882620453834534,0.07208950817584991,0.04398209601640701,0.580085277557373,0.01539373304694891,0.5954790115356445,0.16122767329216003,0.14291438460350037,0.5739352107048035,0.05002003535628319,0.623955249786377
8.08,0.0,-0.075,0.0,-0.25068664717904593,-0.031165497876257536,1.4323849794613226,-0.08285170793533325,0.3757224380970001,0.0,0.0,0.0,1.3723136186599731,0.07137538492679596,1.396016001701355,-0.046860307455062866,-0.04552770406007767,-0.3790838122367859,-0.015934696421027184,-0.3950185179710388,-0.015802927315235138,-0.003178768791258335,-0.37932005524635315,-0.0011125690070912242,-0.3804326355457306,0.010596143081784248,-0.0005206477362662554,-0.37928733229637146,-0.00018222670769318938,-0.3794695734977722,-0.062409959733486176,-0.008990508504211903,-0.3790974020957947,-0.003146677976474166,-0.3822440803050995,0.07873952388763428,0.06376085430383682,-0.37939906120300293,0.022316299378871918,-0.3570827543735504,0.07999580353498459,0.0333113968372345,-0.3791618347167969,0.011658988893032074,-0.3675028383731842,0.04299652948975563,-0.0028743650764226913,-0.14866995811462402,-0.0010060278000310063,-0.14967598021030426,-0.10937299579381943,-0.10678066313266754,0.20085270702838898,-0.03737322986125946,0.16347947716712952,0.017920173704624176,-0.0009560217149555683,0.46064603328704834,-0.00033460758277215064,0.4603114128112793,0.10305945575237274,0.06170530617237091,0.6004016399383545,0.02159685641527176,0.6219984889030457,0.12635678052902222,0.13794711232185364,0.6206883192062378,0.048281487077474594,0.6689698100090027
8.1,0.0,-0.075,0.0,-0.24525927947315274,-0.02726819826007549,1.349819112431434,-0.10745767503976822,0.33881348744034767,0.0,0.0,0.0,1.3924777507781982,0.07175637781620026,1.4196363687515259,-0.013265630230307579,-0.035849083214998245,-0.3790927827358246,-0.012547179125249386,-0.39163994789123535,0.024244416505098343,0.0050481874495744705,-0.3792969584465027,0.0017668656073510647,-0.3775300979614258,0.01807602494955063,0.00505835423246026,-0.3793110251426697,0.0017704239580780268,-0.37754058837890625,0.03587612882256508,0.004469482693821192,-0.3790869116783142,0.0015643188962712884,-0.3775225877761841,0.05092262476682663,0.059909388422966,-0.379390150308609,0.02096828632056713,-0.35842186212539673,0.011820263229310513,0.026864057406783104,-0.37918487191200256,0.009402420371770859,-0.3697824478149414,0.042462125420570374,0.010726583190262318,-0.20958209037780762,0.0037543040234595537,-0.20582778751850128,-0.07975126802921295,-0.09867183864116669,0.15486115217208862,-0.03453514352440834,0.12032601237297058,0.007078946568071842,0.0014544690493494272,0.4414052963256836,0.0005090641789138317,0.4419143497943878,0.1317305862903595,0.08271288871765137,0.6128609776496887,0.02894951030611992,0.6418104767799377,0.14563129842281342,0.14025236666202545,0.6616427898406982,0.04908832907676697,0.7107311487197876
8.120000000000001,0.0,-0.075,0.0,-0.22833288017417747,-0.0172931370565254,1.1752558630576877,-0.0808216854929924,0.3787674717605114,0.0,0.0,0.0,1.4089045524597168,0.07265488058328629,1.4352269172668457,0.007126796990633011,-0.02295631915330887,-0.3791053295135498,-0.008034711703658104,-0.38714003562927246,0.02187761291861534,0.010097015649080276,-0.3792725205421448,0.003533955430611968,-0.37573856115341187,0.005583568476140499,0.005215918645262718,-0.3793330192565918,0.0018255715258419514,-0.37750744819641113,-0.09748490899801254,-0.026116834953427315,-0.3790801763534546,-0.009140891954302788,-0.38822105526924133,0.09063393622636795,0.06912675499916077,-0.37937772274017334,0.02419436350464821,-0.35518336296081543,0.07454390078783035,0.04116801172494888,-0.3792092204093933,0.014408803544938564,-0.36480042338371277,0.11249816417694092,0.041258059442043304,-0.2718537747859955,0.014440320432186127,-0.25741344690322876,-0.0535290353000164,-0.08512900024652481,0.1037464290857315,-0.029795149341225624,0.07395128160715103,0.004382834304124117,0.0023329786490648985,0.4145955443382263,0.0008165425388142467,0.4154120981693268,0.07201844453811646,0.07950455695390701,0.6172524094581604,0.027826594188809395,0.6450790166854858,0.1442026048898697,0.14143744111061096,0.6961058378219604,0.04950310289859772,0.745608925819397
8.14,0.0,-0.075,0.0,-0.22021133424484252,-0.027064256962213845,1.0866621991964076,-0.15206435322761536,0.27190347015857697,0.0,0.0,0.0,1.4219095706939697,0.0756036713719368,1.4487513303756714,0.01678595319390297,-0.011033637449145317,-0.3791210651397705,-0.0038617730606347322,-0.38298285007476807,0.04166395962238312,0.0195670984685421,-0.37924742698669434,0.00684848427772522,-0.3723989427089691,0.003882855176925659,0.004815999418497086,-0.379352867603302,0.00168559979647398,-0.37766727805137634,0.005386460572481155,-0.01666584610939026,-0.3790772259235382,-0.005833046045154333,-0.3849102854728699,0.0768662765622139,0.07144860923290253,-0.3793620765209198,0.025007013231515884,-0.3543550670146942,0.032227303832769394,0.038485798984766006,-0.3792344033718109,0.013470029458403587,-0.3657643795013428,0.08389165997505188,0.05404813960194588,-0.334431529045105,0.018916849046945572,-0.3155146837234497,-0.07716825604438782,-0.08274077624082565,0.048373229801654816,-0.02895927056670189,0.019413959234952927,0.03936950862407684,0.013443938456475735,0.38067036867141724,0.004705378320068121,0.3853757381439209,0.09174622595310211,0.08317705988883972,0.613501787185669,0.029111970216035843,0.6426137685775757,0.168894961476326,0.1496746987104416,0.7234943509101868,0.05238614231348038,0.7758805155754089
8.16,0.0,-0.075,0.0,-0.20155057753239525,-0.02637547898816159,0.9432803941425805,-0.14662007987499237,0.28006988018751144,0.0,0.0,0.0,1.4319056272506714,0.0791068822145462,1.4586461782455444,0.06948345899581909,0.01312149316072464,-0.3791397213935852,0.0045925225131213665,-0.37454721331596375,0.04348532855510712,0.026742566376924515,-0.3792220950126648,0.009359898045659065,-0.3698621988296509,0.009941894561052322,0.006353768054395914,-0.3793700933456421,0.0022238187957555056,-0.37714627385139465,-0.040580958127975464,-0.02384037896990776,-0.3790781497955322,-0.008344132453203201,-0.3874222934246063,0.08578906208276749,0.07575074583292007,-0.37934350967407227,0.026512760668992996,-0.3528307378292084,0.03608384728431702,0.03776521235704422,-0.3792596459388733,0.013217824511229992,-0.36604180932044983,0.07906033843755722,0.06155180186033249,-0.39625680446624756,0.02154313027858734,-0.374713659286499,-0.0567019060254097,-0.0749291181564331,-0.010321686044335365,-0.026225190609693527,-0.03654687851667404,0.042105533182621,0.022042416036128998,0.3402036428451538,0.007714845705777407,0.34791848063468933,0.08516216278076172,0.08377259224653244,0.6016722917556763,0.029320407658815384,0.6309927105903625,0.1832345426082611,0.15974265336990356,0.7433451414108276,0.05590992793440819,0.7992550730705261
8.18,0.0,-0.075,0.0,-0.1781168409217024,-0.02875872350397143,0.7784545166483537,-0.1757110208272934,0.2364334687590599,0.0,0.0,0.0,1.4393666982650757,0.0792093425989151,1.4645968675613403,0.01860668696463108,0.014767050743103027,-0.37916073203086853,0.00516846776008606,-0.37399226427078247,0.0490722581744194,0.03344147279858589,-0.37919729948043823,0.011704515665769577,-0.36749279499053955,-0.004113975912332535,0.0032134447246789932,-0.37938421964645386,0.0011247056536376476,-0.3782595098018646,0.0005114449886605144,-0.01653483137488365,-0.37908297777175903,-0.005787190981209278,-0.38487017154693604,0.07255252450704575,0.07479128241539001,-0.3793225586414337,0.026176948100328445,-0.3531455993652344,0.0332627110183239,0.03641446307301521,-0.3792845606803894,0.01274506188929081,-0.36653950810432434,0.08939442038536072,0.06990458816289902,-0.4562836289405823,0.024466605857014656,-0.43181702494621277,-0.04341565817594528,-0.06547507643699646,-0.07134538888931274,-0.0229162760078907,-0.09426166117191315,0.04227433353662491,0.02811199240386486,0.29387998580932617,0.009839197620749474,0.3037191927433014,0.08833658695220947,0.08514179289340973,0.581964373588562,0.029799627140164375,0.6117640137672424,0.15918593108654022,0.15957564115524292,0.7553222179412842,0.05585147440433502,0.811173677444458
8.2,0.0,-0.075,0.0,-0.15164032553517268,-0.03306517327334071,0.6029018474630549,-0.14789296686649323,0.27816054970026016,0.0,0.0,0.0,1.4447886943817139,0.07513580471277237,1.4673351049423218,0.03445708751678467,0.02067406103014946,-0.37918370962142944,0.007235921453684568,-0.3719477951526642,0.034489378333091736,0.033755846321582794,-0.3791734576225281,0.011814545840024948,-0.367358922958374,-0.038976579904556274,-0.009443563409149647,-0.3793949484825134,-0.00330524705350399,-0.38270020484924316,0.021686270833015442,-0.005068500526249409,-0.3790915608406067,-0.0017739752074703574,-0.38086554408073425,0.016320815309882164,0.057250142097473145,-0.37929967045783997,0.02003754861652851,-0.3592621088027954,0.02735666185617447,0.03369712084531784,-0.37930840253829956,0.011793992482125759,-0.36751440167427063,0.09311745315790176,0.0768684446811676,-0.5134965181350708,0.02690395526587963,-0.486592561006546,-0.05008050054311752,-0.06085670366883278,-0.133665531873703,-0.021299846470355988,-0.1549653708934784,0.01950829103589058,0.02553088217973709,0.242482990026474,0.008935808204114437,0.251418799161911,0.07187625765800476,0.08116213232278824,0.5547111630439758,0.028406746685504913,0.5831179022789001,0.13470257818698883,0.15211372077465057,0.7592231035232544,0.05323980003595352,0.8124629259109497
8.22,0.0,-0.075,0.0,-0.10432121770932064,-0.03308303116527009,0.33555439464618836,-0.15315711498260498,0.27026432752609253,0.0,0.0,0.0,1.4486494064331055,0.07133715599775314,1.4677304029464722,0.06687146425247192,0.03453328460454941,-0.379207968711853,0.012086649425327778,-0.36712130904197693,0.018576422706246376,0.029202017933130264,-0.37915128469467163,0.010220706462860107,-0.3689305782318115,0.009952369146049023,-0.00362478313036263,-0.3794019818305969,-0.0012686740374192595,-0.3806706666946411,0.0012364237336441875,-0.003177023259922862,-0.37910372018814087,-0.0011119581758975983,-0.38021567463874817,0.02202359400689602,0.04668217524886131,-0.379275381565094,0.016338761895895004,-0.3629366159439087,0.013523238711059093,0.02764495648443699,-0.3793306052684784,0.009675734676420689,-0.3696548640727997,0.07636638730764389,0.07671782374382019,-0.5669277310371399,0.026851238682866096,-0.540076494216919,-0.04748629406094551,-0.05684558302164078,-0.19622787833213806,-0.019895954057574272,-0.21612383425235748,0.046922583132982254,0.03194839134812355,0.1868821531534195,0.011181936599314213,0.19806408882141113,0.07700507342815399,0.07991501688957214,0.5203738212585449,0.02797025628387928,0.548344075679779,0.11655046045780182,0.14144474267959595,0.7549817562103271,0.04950565844774246,0.804487407207489
8.24,0.0,-0.075,0.0,-0.09293006741028804,-0.04666347537391583,0.24333657384399357,-0.1626327484846115,0.25605087727308273,0.0,0.0,0.0,1.451371431350708,0.06673680245876312,1.4624289274215698,0.07857084274291992,0.04774455353617668,-0.37923312187194824,0.016710594296455383,-0.36252254247665405,-0.0014428645372390747,0.020008552819490433,-0.3791312575340271,0.0070029934868216515,-0.37212827801704407,0.02084638550877571,0.003716567764058709,-0.37940531969070435,0.0013007987290620804,-0.3781045079231262,-0.0017527343006804585,-0.0027497366536408663,-0.3791190981864929,-0.0009624077938497066,-0.38008150458335876,0.04741455614566803,0.0469018891453743,-0.37925031781196594,0.016415661200881004,-0.3628346621990204,0.011653457768261433,0.022847507148981094,-0.3793507218360901,0.007996627129614353,-0.3713541030883789,0.09785456955432892,0.08305884897708893,-0.6156732439994812,0.029070597141981125,-0.5866026282310486,-0.0146213099360466,-0.044178299605846405,-0.2579740285873413,-0.015462405048310757,-0.27343642711639404,0.04815666005015373,0.036810871213674545,0.1280180960893631,0.012883804738521576,0.14090189337730408,0.087256520986557,0.0821174681186676,0.47953325510025024,0.02874111384153366,0.5082743763923645,0.06416592746973038,0.11826109886169434,0.742669939994812,0.04139138385653496,0.7840613126754761
8.26,0.0,-0.075,0.0,-0.0594595867407162,-0.05475116955642581,0.05277935649641711,-0.14867548644542694,0.2769867703318596,0.0,0.0,0.0,1.453287124633789,0.06356055289506912,1.4575332403182983,0.08615323901176453,0.05926716327667236,-0.379258394241333,0.020743506029248238,-0.3585148751735687,0.003931642044335604,0.015185480006039143,-0.3791138529777527,0.005314917769283056,-0.3737989366054535,0.02081308886408806,0.008845524862408638,-0.3794046640396118,0.0030959337018430233,-0.37630873918533325,0.017162656411528587,0.0032239817082881927,-0.37913745641708374,0.001128393574617803,-0.37800905108451843,0.04081851243972778,0.0450768768787384,-0.379224956035614,0.01577690616250038,-0.36344805359840393,-0.011189782992005348,0.012636318802833557,-0.37936824560165405,0.0044227116741240025,-0.3749455213546753,0.09214384853839874,0.08578434586524963,-0.658908486366272,0.030024521052837372,-0.628883957862854,-0.02413244917988777,-0.038164544850587845,-0.3178594708442688,-0.01335759088397026,-0.33121705055236816,0.04126358404755592,0.03814668580889702,0.06688658893108368,0.013351339846849442,0.08023792505264282,0.05921130254864693,0.07524561882019043,0.4328802824020386,0.02633596584200859,0.45921623706817627,0.07402795553207397,0.10499115288257599,0.7224958539009094,0.036746904253959656,0.7592427730560303
8.28,0.0,-0.075,0.0,-0.02544524034572624,-0.06419915016403545,-0.13560283063041356,-0.1351909190416336,0.2972136214375496,0.0,0.0,0.0,1.4546116590499878,0.05952952057123184,1.4555683135986328,0.08969280868768692,0.06839485466480255,-0.3792833089828491,0.023938199505209923,-0.35534510016441345,-0.022350924089550972,0.003924557939171791,-0.37909942865371704,0.0013735952088609338,-0.37772583961486816,0.013719959184527397,0.010307855904102325,-0.3794001638889313,0.0036077494733035564,-0.37579241394996643,-0.015489445999264717,-0.002390046836808324,-0.37915822863578796,-0.0008365163812413812,-0.3799947500228882,0.06047288328409195,0.04969567805528641,-0.3792000710964203,0.017393486574292183,-0.36180657148361206,0.008364292792975903,0.011354710906744003,-0.3793827295303345,0.003974148537963629,-0.3754085898399353,0.04981137812137604,0.07499245554208755,-0.6959020495414734,0.026247359812259674,-0.6696546673774719,-0.05384768173098564,-0.042869485914707184,-0.3748711049556732,-0.015004320070147514,-0.3898754119873047,0.03385229408740997,0.036858368664979935,0.0045218029990792274,0.012900428846478462,0.017422232776880264,0.04940022900700569,0.06749200075864792,0.381204217672348,0.02362219989299774,0.40482640266418457,0.05593597888946533,0.09027460217475891,0.6948009729385376,0.0315961092710495,0.7263970971107483
8.3,0.0,-0.075,0.0,0.03304430112116951,-0.08489050228327845,-0.4558888382789417,-0.12098782509565353,0.3185182623565197,0.0,0.0,0.0,1.455424427986145,0.05572636052966118,1.4526416063308716,0.058822669088840485,0.06552319973707199,-0.37930721044540405,0.022933119907975197,-0.3563740849494934,-0.007959545589983463,0.0003593266010284424,-0.3790884017944336,0.0001257643016288057,-0.3789626359939575,0.02831891179084778,0.01571117341518402,-0.3793918490409851,0.005498910788446665,-0.3738929331302643,-0.03942757099866867,-0.01350130420178175,-0.3791809678077698,-0.004725456237792969,-0.38390642404556274,0.042067304253578186,0.04740716516971588,-0.37917613983154297,0.01659250818192959,-0.36258363723754883,0.018012095242738724,0.013351925648748875,-0.37939390540122986,0.004673174116760492,-0.3747207224369049,0.07079818844795227,0.07373417913913727,-0.7260280847549438,0.025806961581110954,-0.7002211213111877,-0.0605611726641655,-0.04817699268460274,-0.4280444383621216,-0.016861947253346443,-0.4449063837528229,0.05293307825922966,0.04168078303337097,-0.058021243661642075,0.01458827406167984,-0.043432969599962234,0.011468777433037758,0.050685033202171326,0.3253791928291321,0.017739761620759964,0.34311896562576294,0.05051388591527939,0.078346386551857,0.6600536108016968,0.02742123417556286,0.6874748468399048
8.32,0.0,-0.075,0.0,0.04362768373780738,-0.09116397234162986,-0.5357793964135379,-0.09287062287330627,0.3606940656900406,0.0,0.0,0.0,1.4556626081466675,0.05405932664871216,1.4462816715240479,0.09226536005735397,0.07354585081338882,-0.37932953238487244,0.02574104815721512,-0.3535884916782379,-0.005506348796188831,-0.0014003760879859328,-0.37908101081848145,-0.0004901316133327782,-0.3795711398124695,0.04606955498456955,0.02481868863105774,-0.3793799877166748,0.008686540648341179,-0.3706934452056885,-0.0006735046626999974,-0.00965296383947134,-0.3792051672935486,-0.0033785372506827116,-0.38258370757102966,0.033018097281455994,0.043090447783470154,-0.3791537582874298,0.015081656165421009,-0.36407211422920227,-0.04710988327860832,-0.004786617122590542,-0.37940141558647156,-0.001675316016189754,-0.38107672333717346,0.09905636310577393,0.08133083581924438,-0.7487770318984985,0.028465792536735535,-0.7203112244606018,-0.07077300548553467,-0.05495579540729523,-0.4764799475669861,-0.01923452876508236,-0.4957144856452942,0.04041149839758873,0.04129999876022339,-0.11968450248241425,0.014454999007284641,-0.10522950440645218,0.01210746355354786,0.03911176323890686,0.26634958386421204,0.013689116574823856,0.2800387144088745,-0.0006498480215668678,0.05464751273393631,0.6188416481018066,0.01912662945687771,0.6379683017730713
8.34,0.0,-0.075,0.0,0.0767612259430672,-0.10349741296849414,-0.7329912148663361,-0.10364528000354767,0.3445320799946785,0.0,0.0,0.0,1.4551252126693726,0.05465661361813545,1.4430625438690186,0.0814146026968956,0.07590647786855698,-0.3793497681617737,0.02656726725399494,-0.3527824878692627,-0.03339969366788864,-0.011000172235071659,-0.3790774345397949,-0.0038500602822750807,-0.3829275071620941,0.030136456713080406,0.026414018124341965,-0.37936484813690186,0.009244905784726143,-0.37011992931365967,-0.0690184086561203,-0.02746259793639183,-0.37923020124435425,-0.00961190927773714,-0.3888421058654785,0.06320907920598984,0.049126036465168,-0.379133403301239,0.0171941127628088,-0.36193928122520447,0.04973341152071953,0.011569391936063766,-0.37940514087677,0.004049287177622318,-0.3753558397293091,0.07860312610864639,0.08051252365112305,-0.7637639045715332,0.028179382905364037,-0.7355844974517822,-0.058211199939250946,-0.05593241751194,-0.5193583369255066,-0.01957634650170803,-0.5389347076416016,0.013049124740064144,0.03282473608851433,-0.17942483723163605,0.0114886574447155,-0.16793617606163025,0.0732698142528534,0.04935918003320694,0.20511406660079956,0.01727571338415146,0.22238978743553162,-0.003679105080664158,0.03714952617883682,0.5718622803688049,0.013002334162592888,0.584864616394043
8.36,0.0,-0.075,0.0,0.10497801809510765,-0.11313719422145414,-0.9171353781825365,-0.10874521732330322,0.33688217401504517,0.0,0.0,0.0,1.4534891843795776,0.05111449211835861,1.440505862236023,0.11288958787918091,0.08700141310691833,-0.3793674409389496,0.030450494959950447,-0.3489169478416443,-0.02198612131178379,-0.014295957051217556,-0.3790777623653412,-0.005003585014492273,-0.38408133387565613,0.004523513838648796,0.01984686590731144,-0.37934672832489014,0.006946403067559004,-0.37240031361579895,0.033728595823049545,-0.009105239063501358,-0.3792555332183838,-0.003186833579093218,-0.3824423551559448,-0.016056062653660774,0.029571406543254852,-0.37911567091941833,0.010349991731345654,-0.3687656819820404,0.002560465596616268,0.00886671431362629,-0.3794049620628357,0.00310335005633533,-0.3763016164302826,0.057330019772052765,0.0735577717423439,-0.7707353830337524,0.025745220482349396,-0.7449901700019836,-0.031079288572072983,-0.048476479947566986,-0.555954098701477,-0.016966767609119415,-0.5729208588600159,-2.593640238046646e-05,0.022969534620642662,-0.23623162508010864,0.008039336651563644,-0.2281922847032547,0.06255337595939636,0.053317442536354065,0.14270849525928497,0.018661104142665863,0.16136959195137024,0.01838478073477745,0.03152010217308998,0.5199103355407715,0.011032035574316978,0.5309423804283142
8.38,0.0,-0.075,0.0,0.1401767895677312,-0.13424977584404368,-1.1625006195734724,-0.10737590491771698,0.33893614262342453,0.0,0.0,0.0,1.4503345489501953,0.05460343509912491,1.4316625595092773,0.11688478291034698,0.09596642851829529,-0.37938210368156433,0.03358824923634529,-0.34579384326934814,-0.023485610261559486,-0.017052853479981422,-0.3790819048881531,-0.005968498531728983,-0.3850504159927368,0.004288206808269024,0.015179268084466457,-0.3793261647224426,0.005312743596732616,-0.37401342391967773,0.02563762664794922,0.0013176212087273598,-0.3792805075645447,0.0004611674230545759,-0.3788193464279175,0.049646757543087006,0.03559401258826256,-0.3791009187698364,0.012457904405891895,-0.3666430115699768,-0.0034645935520529747,0.0051673222333192825,-0.3794008791446686,0.0018085627816617489,-0.3775923252105713,0.10778693109750748,0.08382652699947357,-0.7695733308792114,0.02933928370475769,-0.7402340173721313,-0.06658872961997986,-0.05391015484929085,-0.5856482982635498,-0.01886855438351631,-0.604516863822937,-0.0048776124604046345,0.01461538951843977,-0.2891438603401184,0.005115386098623276,-0.28402847051620483,0.061732079833745956,0.0558418333530426,0.08018860965967178,0.01954464055597782,0.09973324835300446,-0.050497472286224365,0.006914828903973103,0.4638645350933075,0.0024201900232583284,0.46628472208976746
8.4,0.0,-0.075,0.0,0.1546866062474301,-0.12906322528468064,-1.2261011495747727,-0.08820901811122894,0.3676864728331566,0.0,0.0,0.0,1.4451769590377808,0.049003418534994125,1.4278144836425781,0.07872537523508072,0.09079411625862122,-0.37939339876174927,0.031777940690517426,-0.34761545062065125,-0.0022586025297641754,-0.012614578008651733,-0.37908992171287537,-0.004415102303028107,-0.3835050165653229,-0.01253029890358448,0.006866397336125374,-0.37930357456207275,0.002403239021077752,-0.3769003450870514,0.026734773069620132,0.008942767977714539,-0.37930452823638916,0.0031299686525017023,-0.37617456912994385,-0.001914675347507,0.024341406300663948,-0.3790895342826843,0.008519492112100124,-0.37057003378868103,-0.01426237728446722,-0.0006615878082811832,-0.3793930113315582,-0.00023155573580879718,-0.3796245753765106,0.06030026823282242,0.0767686516046524,-0.7602975368499756,0.026869026944041252,-0.7334285378456116,-0.04403448477387428,-0.05094745382666588,-0.6079384684562683,-0.017831608653068542,-0.625770092010498,-0.0259835347533226,0.0024357116781175137,-0.3372664153575897,0.000852499098982662,-0.3364139199256897,0.016589626669883728,0.0440661683678627,0.01861204206943512,0.01542315911501646,0.034035202115774155,-0.03802932798862457,-0.006568418350070715,0.4046730399131775,-0.0022989464923739433,0.4023740887641907
8.42,0.0,-0.075,0.0,0.170946591876165,-0.1389410646259973,-1.3431955818965111,-0.08336576819419861,0.3749513477087021,0.0,0.0,0.0,1.4375052452087402,0.05051064491271973,1.4232321977615356,0.07485814392566681,0.0860133245587349,-0.3794010877609253,0.030104663223028183,-0.3492964208126068,0.035190679132938385,0.0017269998788833618,-0.3791015148162842,0.0006044499459676445,-0.37849706411361694,-0.017129382118582726,-0.0003323368728160858,-0.3792794644832611,-0.00011631790403043851,-0.3793957829475403,0.16106022894382477,0.05457800626754761,-0.37932705879211426,0.019102301448583603,-0.36022475361824036,-0.007785327732563019,0.014703385531902313,-0.37908169627189636,0.00514618493616581,-0.3739355206489563,-0.08311347663402557,-0.025397155433893204,-0.37938153743743896,-0.008889004588127136,-0.3882705569267273,0.05226047709584236,0.06941619515419006,-0.7430647611618042,0.024295667186379433,-0.7187690734863281,-0.10116428881883621,-0.06601250171661377,-0.6224475502967834,-0.02310437522828579,-0.6455519199371338,-0.015882767736911774,-0.003059832379221916,-0.3797852396965027,-0.0010709413327276707,-0.3808561861515045,-0.03920944407582283,0.019083485007286072,-0.04097951948642731,0.006679219659417868,-0.0343003012239933,-0.00467282347381115,-0.0059997402131557465,0.3433372974395752,-0.00209990912117064,0.3412373960018158
8.44,0.0,-0.075,0.0,0.18306795242268017,-0.1463022917695076,-1.4242591441318668,-0.10804182291030884,0.33793726563453674,0.0,0.0,0.0,1.426819920539856,0.05219822749495506,1.4142098426818848,0.07182926684617996,0.08175811171531677,-0.37940502166748047,0.02861533872783184,-0.3507896959781647,0.019549725577235222,0.007073817774653435,-0.37911638617515564,0.002475836081430316,-0.37664055824279785,-0.007892431691288948,-0.0026003653183579445,-0.37925446033477783,-0.000910127826500684,-0.38016459345817566,0.11431659758090973,0.0724995881319046,-0.3793475925922394,0.02537485584616661,-0.35397273302078247,0.0010747779160737991,0.010614803060889244,-0.37907761335372925,0.0037151810247451067,-0.37536242604255676,-0.06139366701245308,-0.036196112632751465,-0.3793667256832123,-0.012668639421463013,-0.3920353651046753,0.05401872843503952,0.06479695439338684,-0.718166708946228,0.022678934037685394,-0.6954877972602844,-0.05907175689935684,-0.06393028050661087,-0.6289302110671997,-0.022375598549842834,-0.6513057947158813,-0.043185483664274216,-0.01509752869606018,-0.4159810245037079,-0.005284134764224291,-0.4212651550769806,-0.0001683458685874939,0.013307935558259487,-0.09757795929908752,0.004657777491956949,-0.09292018413543701,-0.024167848750948906,-0.011450173333287239,0.28089478611946106,-0.004007560666650534,0.2768872380256653
8.46,0.0,-0.075,0.0,0.19255026431279906,-0.16511250492163165,-1.5273138323841613,-0.09725722670555115,0.3541141599416733,0.0,0.0,0.0,1.4126719236373901,0.055654704570770264,1.40217125415802,0.047185830771923065,0.0713864266872406,-0.37940502166748047,0.02498524822294712,-0.3544197678565979,0.03139984607696533,0.014371626079082489,-0.37913426756858826,0.005030069034546614,-0.37410420179367065,0.0202317051589489,0.004249256104230881,-0.3792291283607483,0.001487239613197744,-0.37774190306663513,0.1256011575460434,0.08843006193637848,-0.37936556339263916,0.030950522050261497,-0.3484150469303131,-0.004266563802957535,0.0061503928154706955,-0.3790774941444397,0.0021526373457163572,-0.3769248425960541,-0.07390011101961136,-0.04750731214880943,-0.3793489933013916,-0.016627559438347816,-0.39597654342651367,0.05571485683321953,0.06207232549786568,-0.68602454662323,0.021725313737988472,-0.6642992496490479,-0.09383153170347214,-0.07290066033601761,-0.627276599407196,-0.025515230372548103,-0.6527918577194214,-0.02056538686156273,-0.016737885773181915,-0.44524145126342773,-0.005858259741216898,-0.4510997235774994,-0.002567729912698269,0.008545235730707645,-0.15022581815719604,0.0029908325523138046,-0.1472349911928177,-0.03377620875835419,-0.018147984519600868,0.21840190887451172,-0.006351794581860304,0.21205011010169983
8.48,0.0,-0.075,0.0,0.2000521521891935,-0.16054664918714587,-1.537838027321533,-0.09555233269929886,0.3566715009510517,0.0,0.0,0.0,1.394699215888977,0.056375861167907715,1.3871867656707764,0.037238143384456635,0.06114193797111511,-0.37940114736557007,0.02139967866241932,-0.3580014705657959,0.031146036460995674,0.01940394937992096,-0.37915465235710144,0.006791382096707821,-0.37236326932907104,-0.002585390582680702,0.002198861911892891,-0.3792041540145874,0.0007696016691625118,-0.37843453884124756,0.09807885438203812,0.09132470190525055,-0.37938058376312256,0.03196364641189575,-0.3474169373512268,0.006457289680838585,0.0062424615025520325,-0.37908124923706055,0.00218486157245934,-0.37689638137817383,-0.05832060053944588,-0.050751298666000366,-0.3793286383152008,-0.01776295341551304,-0.3970915973186493,0.051655448973178864,0.05894726142287254,-0.6471818685531616,0.020631540566682816,-0.6265503168106079,-0.08381929248571396,-0.0761762484908104,-0.6175148487091064,-0.026661686599254608,-0.6441765427589417,-0.045018307864665985,-0.025222012773156166,-0.467071533203125,-0.00882770400494337,-0.47589924931526184,-0.0005868449807167053,0.005805611610412598,-0.1980324536561966,0.0020319640170782804,-0.19600048661231995,-0.058913156390190125,-0.03037753701210022,0.1569158285856247,-0.010632137767970562,0.14628368616104126
8.5,0.0,-0.075,0.0,0.203983964109813,-0.16450888177621883,-1.540624775296451,-0.08286385238170624,0.37570422142744064,0.0,0.0,0.0,1.3726602792739868,0.05361780896782875,1.369121789932251,0.05201708525419235,0.058404482901096344,-0.3793935179710388,0.02044156938791275,-0.35895195603370667,0.02525079995393753,0.0211580041795969,-0.37917715311050415,0.007405301555991173,-0.37177184224128723,-0.024457843974232674,-0.005798150319606066,-0.37918001413345337,-0.0020293525885790586,-0.3812093734741211,0.08446594327688217,0.0892670750617981,-0.3793922960758209,0.031243475154042244,-0.34814882278442383,-0.009261814877390862,0.0015911785885691643,-0.379088819026947,0.0005569125059992075,-0.37853190302848816,-0.03576734662055969,-0.046256110072135925,-0.37930625677108765,-0.016189638525247574,-0.3954958915710449,0.02976340427994728,0.050192102789878845,-0.602295994758606,0.017567235976457596,-0.5847287774085999,-0.050340436398983,-0.0684255063533783,-0.599810004234314,-0.023948926478624344,-0.6237589120864868,-0.06826857477426529,-0.03813598304986954,-0.481101930141449,-0.013347594067454338,-0.49444952607154846,-0.021127372980117798,-0.002274284139275551,-0.2401891052722931,-0.0007959994254633784,-0.24098511040210724,-0.02365703321993351,-0.028361385688185692,0.09747672080993652,-0.009926484897732735,0.08755023777484894
8.52,0.0,-0.075,0.0,0.20720419869754703,-0.17264343332509197,-1.548278106295699,-0.08432012796401978,0.37351980805397034,0.0,0.0,0.0,1.34646475315094,0.05159178003668785,1.3463283777236938,0.05929606407880783,0.05867195874452591,-0.3793821930885315,0.020535185933113098,-0.3588470220565796,0.022985821589827538,0.02170635014772415,-0.37920111417770386,0.007597222458571196,-0.37160390615463257,-0.04167085140943527,-0.016559960320591927,-0.37915730476379395,-0.005795985925942659,-0.3849532902240753,0.05476883053779602,0.07891760021448135,-0.37940043210983276,0.027621159330010414,-0.3517792820930481,-0.013884667307138443,-0.0030515752732753754,-0.37909996509552,-0.001068051322363317,-0.38016802072525024,-0.02786492183804512,-0.040738753974437714,-0.37928229570388794,-0.01425856351852417,-0.3935408592224121,0.03821364417672157,0.046598564833402634,-0.5521260499954224,0.016309497877955437,-0.5358165502548218,-0.04495300352573395,-0.06138375401496887,-0.5744616389274597,-0.021484313532710075,-0.5959459543228149,-0.07430027425289154,-0.04898527264595032,-0.48709532618522644,-0.01714484579861164,-0.5042401552200317,-0.010325198993086815,-0.004689558409154415,-0.2759826183319092,-0.0016413454432040453,-0.2776239514350891,-0.05320039391517639,-0.035813089460134506,0.04109010100364685,-0.012534581124782562,0.02855551987886429
8.540000000000001,0.0,-0.075,0.0,0.20443814896845275,-0.18267848575179965,-1.5237193120304597,-0.08330287784337997,0.37504568323493004,0.0,0.0,0.0,1.3161996603012085,0.049270451068878174,1.3212522268295288,0.07455980777740479,0.0634383112192154,-0.3793675899505615,0.022203408181667328,-0.3571641743183136,0.008553141728043556,0.017760388553142548,-0.37922602891921997,0.006216135807335377,-0.37300989031791687,-0.07712799310684204,-0.034730371087789536,-0.3791366219520569,-0.012155629694461823,-0.3912922441959381,0.019852910190820694,0.061198193579912186,-0.37940478324890137,0.02141936682164669,-0.35798540711402893,-0.026147905737161636,-0.009980474598705769,-0.3791145086288452,-0.0034931660629808903,-0.38260766863822937,-0.0177568718791008,-0.03384418785572052,-0.37925732135772705,-0.011845465749502182,-0.39110279083251953,0.01275661401450634,0.0364459790289402,-0.49752092361450195,0.012756092473864555,-0.48476484417915344,-0.01936996355652809,-0.04877961426973343,-0.5418985486030579,-0.01707286387681961,-0.5589714050292969,-0.09401184320449829,-0.06249324604868889,-0.48495030403137207,-0.021872635930776596,-0.506822943687439,0.002901064231991768,-0.0024123715702444315,-0.30480754375457764,-0.0008443300612270832,-0.30565187335014343,-0.0523146316409111,-0.040763553231954575,-0.01129013579338789,-0.014267243444919586,-0.02555738016963005
8.56,0.0,-0.075,0.0,0.2043099669334313,-0.1832759609185819,-1.4793226034053257,-0.07691357284784317,0.38462964072823524,0.0,0.0,0.0,1.2821539640426636,0.05051043629646301,1.2913901805877686,0.09743530303239822,0.07363741099834442,-0.3793499171733856,0.025773093104362488,-0.3535768389701843,0.014173000119626522,0.016684170812368393,-0.3792513906955719,0.005839459598064423,-0.3734119236469269,-0.086483433842659,-0.050256289541721344,-0.3791183829307556,-0.01758970133960247,-0.39670807123184204,0.021210726350545883,0.049201950430870056,-0.3794052004814148,0.01722068153321743,-0.3621845245361328,-0.05751674622297287,-0.024241358041763306,-0.37913209199905396,-0.008484475314617157,-0.3876165747642517,-0.02261156588792801,-0.030474402010440826,-0.3792320489883423,-0.01066604070365429,-0.3898980915546417,-0.01332996878772974,0.0215131938457489,-0.43940430879592896,0.007529617752879858,-0.43187469244003296,0.0034352540969848633,-0.03311515226960182,-0.5026715397834778,-0.011590302921831608,-0.5142618417739868,-0.11353515833616257,-0.07780581712722778,-0.47470325231552124,-0.027232035994529724,-0.5019353032112122,0.031545620411634445,0.007775026373565197,-0.32617613673210144,0.0027212591376155615,-0.323454886674881,-0.009747808799147606,-0.03145882859826088,-0.05877787619829178,-0.011010590009391308,-0.06978846341371536
8.58,0.0,-0.075,0.0,0.20160657563723497,-0.18709710864135864,-1.41122386537526,-0.06875063478946686,0.3968740478157997,0.0,0.0,0.0,1.2448376417160034,0.054170068353414536,1.2578121423721313,0.10591581463813782,0.08332093060016632,-0.37932971119880676,0.029162324965000153,-0.3501673936843872,0.020056145265698433,0.01769576221704483,-0.37927642464637756,0.006193516775965691,-0.3730829060077667,-0.08487734198570251,-0.060642607510089874,-0.3791031539440155,-0.021224912256002426,-0.4003280699253082,0.027701813727617264,0.04275190830230713,-0.3794017732143402,0.01496316771954298,-0.36443859338760376,-0.06355707347393036,-0.03603607416152954,-0.37915217876434326,-0.01261262595653534,-0.3917648196220398,-0.032907478511333466,-0.03120432421565056,-0.37920695543289185,-0.01092151366174221,-0.3901284635066986,-0.03309766948223114,0.005129934288561344,-0.3787592947483063,0.0017954770009964705,-0.3769638240337372,-0.003549942746758461,-0.02424558810889721,-0.45744431018829346,-0.008485956117510796,-0.4659302532672882,-0.11182034760713577,-0.08801017701625824,-0.4565274119377136,-0.030803561210632324,-0.48733097314834595,0.013832870870828629,0.009592380374670029,-0.3397269546985626,0.00335733313113451,-0.3363696336746216,0.0011998265981674194,-0.02166123129427433,-0.10056978464126587,-0.0075814309529960155,-0.10815121233463287
8.6,0.0,-0.075,0.0,0.19723179137240474,-0.1910174955545724,-1.3222872501304481,-0.060639820992946625,0.40904026851058006,0.0,0.0,0.0,1.2049983739852905,0.05501023307442665,1.2209404706954956,0.09452951699495316,0.08668350428342819,-0.3793073892593384,0.030339226126670837,-0.34896814823150635,0.024628708139061928,0.019775645807385445,-0.37930065393447876,0.006921475753188133,-0.3723791837692261,-0.02340804971754551,-0.04947223886847496,-0.37909114360809326,-0.01731528341770172,-0.3964064121246338,0.00828634575009346,0.03241223841905594,-0.37939453125,0.011344282887876034,-0.3680502474308014,-0.08030810952186584,-0.04931768774986267,-0.37917447090148926,-0.017261190339922905,-0.3964356482028961,-0.0307968407869339,-0.03108207881450653,-0.37918269634246826,-0.0108787277713418,-0.3900614380836487,-0.04793787747621536,-0.01079040952026844,-0.3166118860244751,-0.003776643192395568,-0.320388525724411,-0.037562452256679535,-0.028240647166967392,-0.406981885433197,-0.009884226135909557,-0.41686612367630005,-0.10777609050273895,-0.09393995255231857,-0.4307302236557007,-0.03287898376584053,-0.4636092185974121,0.001283697783946991,0.007099775597453117,-0.3452308177947998,0.0024849213659763336,-0.34274590015411377,0.015189670026302338,-0.010605961084365845,-0.13595885038375854,-0.0037120862398296595,-0.1396709382534027
8.620000000000001,0.0,-0.075,0.0,0.18712987181736712,-0.18688535309154067,-1.1520073431319515,-0.022856853902339935,0.4657147191464901,0.0,0.0,0.0,1.1636321544647217,0.05513867735862732,1.181971788406372,0.0609310120344162,0.07895775884389877,-0.37928348779678345,0.02763521485030651,-0.3516482710838318,0.03245532512664795,0.02357954904437065,-0.37932348251342773,0.008252842351794243,-0.37107065320014954,0.010213542729616165,-0.03156650438904762,-0.37908273935317993,-0.011048275977373123,-0.39013102650642395,-0.008470977656543255,0.02014727145433426,-0.3793836832046509,0.007051544729620218,-0.3723321259021759,-0.11632245033979416,-0.06941911578178406,-0.3791983127593994,-0.02429668977856636,-0.40349501371383667,-0.027845732867717743,-0.030111175030469894,-0.3791598081588745,-0.010538911446928978,-0.38969871401786804,-0.0661168023943901,-0.027388328686356544,-0.2540133595466614,-0.009585915133357048,-0.2635992765426636,-0.040980350226163864,-0.032062556594610214,-0.3521379828453064,-0.01122189499437809,-0.36335986852645874,-0.09856373071670532,-0.09532708674669266,-0.3977482318878174,-0.03336447849869728,-0.43111270666122437,-1.0039657354354858e-06,0.004969541449099779,-0.3425945043563843,0.0017393394373357296,-0.3408551514148712,0.03534451127052307,0.0031791809014976025,-0.16434642672538757,0.0011127132456749678,-0.1632337123155594
8.64,0.0,-0.075,0.0,0.17585833381831173,-0.19319774212759497,-1.070607787274578,-3.8426369428634644e-05,0.49994236044585705,0.0,0.0,0.0,1.121983528137207,0.05768538638949394,1.1448718309402466,0.024721501395106316,0.06268688291311264,-0.3792586326599121,0.021940408274531364,-0.3573182225227356,0.04435165226459503,0.029811181128025055,-0.3793443739414215,0.010433913208544254,-0.36891046166419983,0.020612601190805435,-0.015912771224975586,-0.3790780305862427,-0.005569469649344683,-0.3846474885940552,-0.010598542168736458,0.010923527181148529,-0.3793694078922272,0.0038232344668358564,-0.3755461871623993,-0.12554363906383514,-0.0862564742565155,-0.37922316789627075,-0.030189765617251396,-0.4094129204750061,-0.06207093223929405,-0.03969910368323326,-0.37913888692855835,-0.013894686475396156,-0.39303356409072876,-0.0530284121632576,-0.035080354660749435,-0.19202278554439545,-0.012278123758733273,-0.2043009102344513,-0.07654416561126709,-0.045407041907310486,-0.2938404083251953,-0.01589246466755867,-0.3097328841686249,-0.0998038798570633,-0.09667012095451355,-0.3581393361091614,-0.0338345430791378,-0.3919738829135895,-0.041398338973522186,-0.008940823376178741,-0.3318627178668976,-0.003129288088530302,-0.334991991519928,0.04417234659194946,0.015477130189538002,-0.18525224924087524,0.005416995380073786,-0.1798352599143982
8.66,0.0,-0.075,0.0,0.15765402096288295,-0.19456424695445443,-0.9290905070079999,0.015883171930909157,0.5238247578963637,0.016677330527454612,0.0,0.016677330527454612,1.0815305709838867,0.06653951108455658,1.107295274734497,0.04460008442401886,0.05726084113121033,-0.37923333048820496,0.020041294395923615,-0.35919204354286194,0.05130752921104431,0.03626008704304695,-0.3793627917766571,0.012691030278801918,-0.36667177081108093,0.0323990173637867,-0.0014192340895533562,-0.3790772557258606,-0.0004967318964190781,-0.3795740008354187,0.043907251209020615,0.020818645134568214,-0.37935206294059753,0.007286525797098875,-0.37206554412841797,-0.13821353018283844,-0.10184359550476074,-0.3792484998703003,-0.0356452576816082,-0.4148937463760376,-0.10466255247592926,-0.05918813869357109,-0.3791203498840332,-0.020715847611427307,-0.3998361825942993,-0.05397070199251175,-0.04074745625257492,-0.13168880343437195,-0.014261609874665737,-0.14595040678977966,-0.14087864756584167,-0.07404852658510208,-0.2330753356218338,-0.02591698430478573,-0.2589923143386841,-0.06521241366863251,-0.0872328132390976,-0.31257352232933044,-0.03053148463368416,-0.3431050181388855,-0.10947833955287933,-0.03910208120942116,-0.3132169544696808,-0.013685728423297405,-0.32690268754959106,0.06697528064250946,0.030926574021577835,-0.19832266867160797,0.010824300348758698,-0.18749836087226868
8.68,0.0,-0.075,0.0,0.13607546455766412,-0.19217638942400575,-0.7622071063861279,0.04311971366405487,0.5646795704960823,0.045275699347257614,0.0,0.045275699347257614,1.0439432859420776,0.07601343840360641,1.0684162378311157,0.08124800026416779,0.0644569918513298,-0.37920820713043213,0.02255994640290737,-0.3566482663154602,0.03714018315076828,0.03652411699295044,-0.3793783187866211,0.012783440761268139,-0.3665948808193207,0.07372361421585083,0.021123621612787247,-0.3790804147720337,0.007393267471343279,-0.3716871440410614,-0.0022749677300453186,0.013890561647713184,-0.37933212518692017,0.004861696623265743,-0.37447044253349304,-0.12206672877073288,-0.10791053622961044,-0.37927359342575073,-0.037768688052892685,-0.4170422852039337,-0.08973783254623413,-0.06835304200649261,-0.37910473346710205,-0.023923564702272415,-0.40302830934524536,-0.07096944004297256,-0.04981405287981033,-0.07403205335140228,-0.017434917390346527,-0.09146697074174881,-0.16420209407806396,-0.10109460353851318,-0.17087072134017944,-0.035383109003305435,-0.20625382661819458,-0.025458257645368576,-0.06870044767856598,-0.2618217468261719,-0.024045156314969063,-0.285866916179657,-0.14918875694274902,-0.07212808728218079,-0.28697264194488525,-0.025244830176234245,-0.31221747398376465,0.08056258410215378,0.04581737518310547,-0.20333659648895264,0.016036080196499825,-0.18730051815509796
8.700000000000001,0.0,-0.075,0.0,0.10630175129195865,-0.1787225665557063,-0.5114210703087777,0.02096373774111271,0.5314456066116691,0.022011924628168342,0.0,0.022011924628168342,1.0110045671463013,0.07770559936761856,1.0297865867614746,0.09844926744699478,0.07465467602014542,-0.37918388843536377,0.026129135861992836,-0.3530547618865967,0.001694078091531992,0.026075104251503944,-0.3793905973434448,0.009126286022365093,-0.37026432156562805,0.08550345152616501,0.040437571704387665,-0.37908732891082764,0.014153149910271168,-0.36493417620658875,-0.04952041804790497,-0.005132732912898064,-0.3793100416660309,-0.0017964565195143223,-0.38110649585723877,-0.06943114846944809,-0.09636671841144562,-0.37929797172546387,-0.03372834995388985,-0.4130263328552246,-0.07699088007211685,-0.0709443986415863,-0.37909233570098877,-0.024830538779497147,-0.4039228856563568,-0.060743071138858795,-0.05309275537729263,-0.020027942955493927,-0.018582463264465332,-0.03861040621995926,-0.13188353180885315,-0.11033128201961517,-0.10827891528606415,-0.03861594945192337,-0.14689487218856812,-0.005066827870905399,-0.04961036145687103,-0.20674248039722443,-0.01736362650990486,-0.224106103181839,-0.11060118675231934,-0.08367002010345459,-0.25357377529144287,-0.029284507036209106,-0.282858282327652,0.0631578341126442,0.05101951211690903,-0.20020917057991028,0.01785682886838913,-0.18235233426094055
8.72,0.0,-0.075,0.0,0.07949634706168882,-0.17507025132978962,-0.33616023184473437,0.0055608563125133514,0.50834128446877,0.005838899128139018,0.0,0.005838899128139018,0.9844812750816345,0.07754381746053696,0.9948752522468567,0.1271418333053589,0.0904008224606514,-0.37916091084480286,0.03164028748869896,-0.3475206196308136,-0.01906971074640751,0.012531658634543419,-0.3793993592262268,0.004386080428957939,-0.3750132918357849,0.09940115362405777,0.058126647025346756,-0.37909793853759766,0.02034432627260685,-0.35875362157821655,-0.06873714178800583,-0.02421405538916588,-0.3792862892150879,-0.008474919013679028,-0.3877612054347992,-0.03697507083415985,-0.07854922115802765,-0.37932097911834717,-0.027492227032780647,-0.40681320428848267,-0.07382886111736298,-0.07180973887443542,-0.3790834844112396,-0.0251334086060524,-0.4042168855667114,-0.05169106274843216,-0.05267224460840225,0.029409948736429214,-0.0184352844953537,0.010974664241075516,-0.11485549062490463,-0.11168854683637619,-0.04635874927043915,-0.03909099102020264,-0.08544974029064178,0.024905171245336533,-0.027255700901150703,-0.14826753735542297,-0.009539495222270489,-0.15780703723430634,-0.0806455910205841,-0.0827626883983612,-0.21358534693717957,-0.028966940939426422,-0.2425522804260254,0.051699236035346985,0.051223427057266235,-0.18899333477020264,0.017928199842572212,-0.17106513679027557
8.74,0.0,-0.075,0.0,0.058353487197899574,-0.1803516545588529,-0.23755654991080485,-0.004444284364581108,0.49333357345312834,0.0,0.0,0.0,0.9659500122070312,0.07469431310892105,0.9699320197105408,0.12784795463085175,0.10163496434688568,-0.37913984060287476,0.03557223826646805,-0.3435676097869873,-0.04165211319923401,-0.0037234732881188393,-0.37940430641174316,-0.0013032156275585294,-0.3807075321674347,0.08854085952043533,0.06725090742111206,-0.3791119158267975,0.02353781647980213,-0.3555741012096405,-0.07911993563175201,-0.04068581759929657,-0.37926149368286133,-0.01424003578722477,-0.39350152015686035,-0.02532937377691269,-0.06258326768875122,-0.37934207916259766,-0.021904142573475838,-0.40124621987342834,-0.06487009674310684,-0.06972784548997879,-0.37907838821411133,-0.024404745548963547,-0.403483122587204,-0.03255288675427437,-0.0466364361345768,0.07344529032707214,-0.016322752460837364,0.05712253600358963,-0.08186343312263489,-0.10274101048707962,0.013842269778251648,-0.03595935180783272,-0.02211708202958107,0.02659526839852333,-0.011100409552454948,-0.0873861163854599,-0.0038851432036608458,-0.09127125889062881,-0.04563349857926369,-0.07162392884492874,-0.16768385469913483,-0.025068374350667,-0.19275222718715668,0.038969870656728745,0.0475473627448082,-0.16987882554531097,0.01664157584309578,-0.1532372534275055
8.76,0.0,-0.075,0.0,0.02609476779669762,-0.1721585635357877,-0.047986647060441236,0.005667222663760185,0.5085008339956403,0.005950583796948194,0.0,0.005950583796948194,0.9565953612327576,0.06913415342569351,0.957704484462738,0.09719956666231155,0.10030435025691986,-0.37912121415138245,0.03510652109980583,-0.3440147042274475,-0.04626208543777466,-0.016485057771205902,-0.3794054388999939,-0.005769770126789808,-0.3851751983165741,0.04094274342060089,0.05935845524072647,-0.37912899255752563,0.020775459706783295,-0.35835352540016174,-0.03646847605705261,-0.03942061588168144,-0.3792361915111542,-0.013797215186059475,-0.3930334150791168,-0.02686321549117565,-0.051867250353097916,-0.3793608248233795,-0.018153537064790726,-0.39751437306404114,-0.06047893688082695,-0.06695317476987839,-0.37907713651657104,-0.023433610796928406,-0.40251076221466064,0.00020601507276296616,-0.03258369863033295,0.11133313179016113,-0.011404294520616531,0.0999288409948349,-0.07656645774841309,-0.09488864243030548,0.07130572199821472,-0.03321102261543274,0.03809469938278198,0.02163783460855484,-0.001278935931622982,-0.025128168985247612,-0.0004476275644265115,-0.025575796142220497,-0.04829738661646843,-0.06462596356868744,-0.11664578318595886,-0.022619087249040604,-0.13926486670970917,0.04504096508026123,0.04679544270038605,-0.1431889832019806,0.016378404572606087,-0.12681058049201965
8.78,0.0,-0.075,0.0,-0.008399498903605555,-0.16171703560507333,0.14639938257842444,0.026797747239470482,0.5401966208592057,0.028137634601444004,0.0,0.028137634601444004,0.9570291638374329,0.0665694996714592,0.955944836139679,0.06667866557836533,0.09021664410829544,-0.37910544872283936,0.031575825065374374,-0.3475296199321747,-0.03970540314912796,-0.02345116063952446,-0.37940263748168945,-0.008207906037569046,-0.3876105546951294,0.04106985777616501,0.05387187749147415,-0.3791487514972687,0.018855156376957893,-0.36029359698295593,-0.05471526086330414,-0.0440090075135231,-0.3792110085487366,-0.01540315244346857,-0.39461416006088257,-0.0024201739579439163,-0.03703312575817108,-0.37937670946121216,-0.012961593456566334,-0.3923383057117462,-0.032654110342264175,-0.056663453578948975,-0.37907981872558594,-0.01983220875263214,-0.3989120125770569,-0.0018316609784960747,-0.023358087986707687,0.14243252575397491,-0.008175330236554146,0.13425719738006592,-0.09956031292676926,-0.09629014134407043,0.12505950033664703,-0.03370155021548271,0.09135794639587402,0.04227525740861893,0.011787322349846363,0.03745311126112938,0.004125562962144613,0.04157867282629013,-0.09914830327033997,-0.0749826654791832,-0.06133456528186798,-0.02624393254518509,-0.08757849782705307,0.05702976882457733,0.04986574128270149,-0.10937531292438507,0.017453009262681007,-0.09192230552434921
8.8,0.0,-0.075,0.0,-0.055154070555552485,-0.144766565135696,0.4454754912769601,0.056671686470508575,0.5850075297057629,0.059505270794034,0.0,0.059505270794034,0.9671867489814758,0.07195530831813812,0.9593909978866577,0.08814319968223572,0.08959461003541946,-0.37909287214279175,0.03135811164975166,-0.3477347493171692,0.013874908909201622,-0.012253339402377605,-0.3793960213661194,-0.004288668744266033,-0.3836846947669983,0.06549187004566193,0.057357873767614365,-0.3791707158088684,0.020075256004929543,-0.3590954542160034,-0.028812801465392113,-0.03945014625787735,-0.37918663024902344,-0.013807551003992558,-0.3929941952228546,-0.014346018433570862,-0.030226992443203926,-0.3793894052505493,-0.010579447261989117,-0.3899688422679901,-0.055185794830322266,-0.0562201589345932,-0.37908634543418884,-0.01967705599963665,-0.39876338839530945,-0.04277174174785614,-0.029182184487581253,0.1662173867225647,-0.010213764384388924,0.15600362420082092,-0.153335839509964,-0.11340385675430298,0.17419426143169403,-0.03969134762883186,0.13450291752815247,0.05534809082746506,0.02485555410385132,0.09929902851581573,0.008699444122612476,0.10799847543239594,-0.12445880472660065,-0.08982551097869873,-0.002685878425836563,-0.031438928097486496,-0.03412480652332306,0.05906499922275543,0.052625518292188644,-0.06900984793901443,0.01841893047094345,-0.050590917468070984
8.82,0.0,-0.075,0.0,-0.07425494726476034,-0.13680965494480976,0.5446962559137137,0.04781594127416611,0.5717239119112492,0.05020673833787441,0.0,0.05020673833787441,0.986338198184967,0.07276377081871033,0.9749335050582886,0.06137161701917648,0.08112771064043045,-0.3790838420391083,0.028394699096679688,-0.3506891429424286,-0.004740183241665363,-0.009999392554163933,-0.37938567996025085,-0.003499787300825119,-0.3828854560852051,0.015824882313609123,0.04489797726273537,-0.37919431924819946,0.015714291483163834,-0.3634800314903259,0.017303328961133957,-0.022424103692173958,-0.3791634440422058,-0.007848436012864113,-0.38701188564300537,-0.015170864760875702,-0.025710154324769974,-0.37939852476119995,-0.008998554199934006,-0.38839706778526306,-0.04741707816720009,-0.053579237312078476,-0.37909653782844543,-0.01875273324549198,-0.39784926176071167,-0.039125122129917145,-0.03216506540775299,0.18228530883789062,-0.011257772333920002,0.1710275411605835,-0.13461078703403473,-0.11976593732833862,0.2178788185119629,-0.0419180765748024,0.1759607493877411,0.049474507570266724,0.03224124014377594,0.15936335921287537,0.011284434236586094,0.17064779996871948,-0.12327471375465393,-0.09986027330160141,0.058308109641075134,-0.034951094537973404,0.02335701510310173,0.09061340987682343,0.06402188539505005,-0.022775448858737946,0.022407660260796547,-0.0003677885979413986
8.84,0.0,-0.075,0.0,-0.10253519671162153,-0.12594326404832593,0.7370341185022168,-0.03226963430643082,0.4515955485403538,0.0,0.0,0.0,1.0132113695144653,0.06137264147400856,1.0025511980056763,-0.015844104811549187,0.052036166191101074,-0.37907856702804565,0.018212657421827316,-0.36086592078208923,-0.0698627457022667,-0.027958398684859276,-0.3793719410896301,-0.009785439819097519,-0.38915738463401794,0.046775028109550476,0.04546109214425087,-0.37921902537345886,0.01591138169169426,-0.3633076548576355,-0.034805793315172195,-0.026138611137866974,-0.3791421353816986,-0.00914851389825344,-0.3882906436920166,0.05180329829454422,-0.0024561183527112007,-0.3794039189815521,-0.0008596414118073881,-0.3802635669708252,0.037597738206386566,-0.026226144284009933,-0.3791101574897766,-0.009179150685667992,-0.38828930258750916,-0.015273683704435825,-0.02709764987230301,0.1903645098209381,-0.009484177455306053,0.1808803379535675,-0.03853418678045273,-0.09539640694856644,0.25537410378456116,-0.03338874131441116,0.2219853699207306,0.04873521625995636,0.037189435213804245,0.2166299819946289,0.01301630213856697,0.22964628040790558,-0.06907875835895538,-0.0906258150935173,0.12061557173728943,-0.031719036400318146,0.08889653533697128,0.07131396234035492,0.06620950996875763,0.028545737266540527,0.02317332848906517,0.0517190657556057
8.86,0.0,-0.075,0.0,-0.12951944878522934,-0.11684738848718482,0.9169415236381264,-0.029674120247364044,0.45548881962895393,0.0,0.0,0.0,1.046181559562683,0.057242173701524734,1.0345749855041504,-0.0018268870189785957,0.035877250134944916,-0.37907713651657104,0.01255703717470169,-0.36652010679244995,-0.06403297930955887,-0.03878077492117882,-0.3793551027774811,-0.013573271222412586,-0.3929283618927002,0.06246893107891083,0.05056344345211983,-0.379244327545166,0.017697205767035484,-0.3615471124649048,-0.06187043339014053,-0.03685815632343292,-0.3791232109069824,-0.012900354340672493,-0.39202356338500977,0.0844002291560173,0.023600786924362183,-0.37940549850463867,0.008260275237262249,-0.37114521861076355,0.03647606074810028,-0.007415482774376869,-0.3791269063949585,-0.002595418831333518,-0.3817223310470581,-0.022481530904769897,-0.025712814182043076,0.19031831622123718,-0.008999484591186047,0.18131883442401886,-0.04676935821771622,-0.08080828934907913,0.2860458493232727,-0.028282901272177696,0.25776293873786926,0.02573831006884575,0.033754099160432816,0.27013012766838074,0.011813934892416,0.28194406628608704,-0.06873505562543869,-0.08405859023332596,0.18318244814872742,-0.029420506209135056,0.15376193821430206,0.057215504348278046,0.06351131200790405,0.08408551663160324,0.02222895808517933,0.10631447285413742
8.88,0.0,-0.075,0.0,-0.16801037728582172,-0.1147806106773022,1.1644810700317436,-0.007984049618244171,0.48802392557263374,0.0,0.0,0.0,1.083471655845642,0.05043042078614235,1.0766702890396118,-0.015948373824357986,0.020329561084508896,-0.37907958030700684,0.0071153463795781136,-0.3719642460346222,-0.0023163584992289543,-0.02784145064651966,-0.37933558225631714,-0.009744507260620594,-0.38908007740974426,0.0042358702048659325,0.0366651713848114,-0.37926948070526123,0.012832810170948505,-0.3664366602897644,-0.048919908702373505,-0.04047667980194092,-0.3791070878505707,-0.014166837558150291,-0.3932739198207855,0.03235166519880295,0.026226051151752472,-0.37940317392349243,0.00917911808937788,-0.3702240586280823,-0.04090716317296028,-0.017462987452745438,-0.37914639711380005,-0.006112045608460903,-0.38525843620300293,0.008171211928129196,-0.015547605231404305,0.18214744329452515,-0.005441661924123764,0.17670577764511108,-0.08586323261260986,-0.08232477307319641,0.30937519669532776,-0.028813669458031654,0.28056153655052185,0.010996040888130665,0.026926681399345398,0.31895869970321655,0.00942433811724186,0.32838302850723267,-0.008222544565796852,-0.06130777671933174,0.2449503242969513,-0.021457722410559654,0.2234926074743271,0.06509757786989212,0.06398718804121017,0.14290431141853333,0.02239551581442356,0.16529983282089233
8.9,0.0,-0.075,0.0,-0.17249715687935988,-0.10003160020951413,1.2106276783311885,-0.043784432113170624,0.43432335183024406,0.0,0.0,0.0,1.1233206987380981,0.05070418119430542,1.1174739599227905,-0.0053100064396858215,0.012637690640985966,-0.379085898399353,0.004423191770911217,-0.37466269731521606,-0.017714394256472588,-0.02480333298444748,-0.37931379675865173,-0.008681165985763073,-0.3879949748516083,0.004437623545527458,0.026996906846761703,-0.3792940378189087,0.009448917582631111,-0.36984512209892273,-0.004742269404232502,-0.02975635603070259,-0.37909412384033203,-0.010414724238216877,-0.38950884342193604,0.0615575835108757,0.0368255116045475,-0.3793969452381134,0.01288892887532711,-0.36650800704956055,-0.007025411352515221,-0.014331715181469917,-0.3791680634021759,-0.005016100127249956,-0.3841841518878937,-0.02262551710009575,-0.017670979723334312,0.1659902036190033,-0.006184842903167009,0.15980535745620728,-0.08998934179544449,-0.08462414145469666,0.3249674439430237,-0.02961844950914383,0.29534900188446045,0.012290776707231998,0.022535908967256546,0.36228975653648376,0.007887568324804306,0.37017732858657837,-0.011962915770709515,-0.046504318714141846,0.3048742413520813,-0.016276510432362556,0.2885977327823639,0.12742985785007477,0.08301998674869537,0.2040071189403534,0.02905699424445629,0.23306411504745483
8.92,0.0,-0.075,0.0,-0.18786681277690734,-0.09208085867662069,1.311091197776064,-0.02196866273880005,0.4670470058917999,0.0,0.0,0.0,1.1641035079956055,0.052495766431093216,1.161901593208313,-0.02099558711051941,0.0025477069430053234,-0.3790959119796753,0.000891697418410331,-0.37820422649383545,-0.009360629133880138,-0.02017052099108696,-0.37929028272628784,-0.007059682160615921,-0.38634997606277466,-0.004295671358704567,0.017609134316444397,-0.37931734323501587,0.006163197103887796,-0.3731541335582733,-0.029436828568577766,-0.02966049686074257,-0.3790847063064575,-0.010381173342466354,-0.389465868473053,0.04481211304664612,0.039221491664648056,-0.3793870806694031,0.013727521523833275,-0.36565956473350525,-2.4867244064807892e-05,-0.010039660148322582,-0.379191517829895,-0.003513881005346775,-0.3827053904533386,-0.03793147951364517,-0.023749129846692085,0.1421198844909668,-0.008312195539474487,0.1338076889514923,-0.09970010817050934,-0.0891469344496727,0.33255887031555176,-0.031201425939798355,0.3013574481010437,-0.0014276579022407532,0.015346839092671871,0.39939016103744507,0.005371393635869026,0.40476155281066895,0.010115418583154678,-0.02951839566230774,0.36194050312042236,-0.010331437923014164,0.3516090512275696,0.13349764049053192,0.09816327691078186,0.26636025309562683,0.03435714542865753,0.30071741342544556
8.94,0.0,-0.075,0.0,-0.20086945336236756,-0.0845086332315867,1.3969945438308324,-0.05308657884597778,0.4203701317310333,0.0,0.0,0.0,1.2044013738632202,0.05474327132105827,1.2071118354797363,-0.028649969026446342,-0.0068115959875285625,-0.37910938262939453,-0.00238405866548419,-0.3814934492111206,-0.0014126971364021301,-0.014543173834681511,-0.37926560640335083,-0.005090110935270786,-0.38435572385787964,0.0183371901512146,0.017827551811933517,-0.379338800907135,0.006239642854779959,-0.373099148273468,-0.041780710220336914,-0.03329655900597572,-0.3790789842605591,-0.011653795838356018,-0.3907327651977539,0.05162082612514496,0.04294129088521004,-0.379373699426651,0.015029451809823513,-0.3643442392349243,-0.0012442180886864662,-0.007401027251034975,-0.37921616435050964,-0.0025903594214469194,-0.38180652260780334,0.01714005507528782,-0.011482374742627144,0.11094029992818832,-0.004018831066787243,0.1069214716553688,-0.08892177790403366,-0.08907938748598099,0.33202099800109863,-0.031177785247564316,0.300843209028244,-0.023726824671030045,0.0036247395910322666,0.42963239550590515,0.0012686587870121002,0.43090105056762695,0.04280281439423561,-0.007822031155228615,0.4151836931705475,-0.002737710950896144,0.412445992231369,0.1471831500530243,0.11286923289299011,0.32890886068344116,0.03950423002243042,0.3684130907058716
8.96,0.0,-0.075,0.0,-0.2235922685826309,-0.07988869955585472,1.5176270521218296,-0.02806956134736538,0.45789565797895193,0.0,0.0,0.0,1.2430377006530762,0.05917385220527649,1.2484122514724731,-0.0307183675467968,-0.013983627781271935,-0.37912601232528687,-0.00489426963031292,-0.38402026891708374,0.00612138444557786,-0.008343806490302086,-0.37924039363861084,-0.002920332131907344,-0.3821607232093811,0.0115194795653224,0.015935130417346954,-0.3793579339981079,0.0055772955529391766,-0.37378063797950745,-0.061438314616680145,-0.0417390875518322,-0.37907707691192627,-0.01460868027061224,-0.3936857581138611,0.04722939431667328,0.0442277230322361,-0.3793572187423706,0.01547970250248909,-0.3638775050640106,0.018105398863554,0.00025090109556913376,-0.379241406917572,8.781538053881377e-05,-0.3791535794734955,-0.028020553290843964,-0.016443828120827675,0.0729789212346077,-0.005755339749157429,0.06722357869148254,-0.10465357452630997,-0.09375163912773132,0.32336294651031494,-0.032813072204589844,0.2905498743057251,-0.02149948850274086,-0.003912529442459345,0.45250481367111206,-0.0013693852815777063,0.45113542675971985,0.0022868234664201736,-0.004789374768733978,0.46370309591293335,-0.0016762810992076993,0.46202680468559265,0.1485261172056198,0.12356629967689514,0.3905948996543884,0.04324820265173912,0.43384310603141785
8.98,0.0,-0.075,0.0,-0.2188609106242889,-0.06754971843445415,1.5222251236106166,-0.03400447592139244,0.44899328611791134,0.0,0.0,0.0,1.2790888547897339,0.05706089362502098,1.2939451932907104,-0.03392995148897171,-0.01996752619743347,-0.3791453242301941,-0.006988633889704943,-0.38613396883010864,-0.014405598863959312,-0.010162344202399254,-0.3792151212692261,-0.0035568203311413527,-0.38277193903923035,-0.015506831929087639,0.006502541247755289,-0.37937432527542114,0.0022758895065635443,-0.3770984411239624,-0.09315141290426254,-0.05716278403997421,-0.37907910346984863,-0.020006973296403885,-0.3990860879421234,0.04249417036771774,0.04370765760540962,-0.37933793663978577,0.015297680161893368,-0.3640402555465698,-0.0012492900714278221,-0.00019915628945454955,-0.379266619682312,-6.970469985390082e-05,-0.37933632731437683,0.07050132006406784,0.009639717638492584,0.02887793630361557,0.0033739011269062757,0.032251838594675064,-0.046114128082990646,-0.07946038246154785,0.3067312240600586,-0.027811134234070778,0.27892008423805237,-0.03426921367645264,-0.013019535690546036,0.4676204323768616,-0.0045568374916911125,0.4630635976791382,0.10041980445384979,0.026773380115628242,0.5066779851913452,0.009370682761073112,0.5160486698150635,0.09988978505134583,0.11646334081888199,0.4503747224807739,0.04076216742396355,0.4911368787288666
9.0,0.0,-0.075,0.0,-0.22269098164039366,-0.06146727484690593,1.5328147626431898,-0.037617482244968414,0.4435737766325474,0.0,0.0,0.0,1.311880350112915,0.061006709933280945,1.3260231018066406,-0.05468223989009857,-0.030381940305233,-0.37916696071624756,-0.01063367910683155,-0.38980063796043396,0.04135504364967346,0.005292873363941908,-0.3791905641555786,0.0018525056075304747,-0.3773380517959595,-0.0007424373179674149,0.004329047631472349,-0.3793874979019165,0.0015151666011661291,-0.3778723180294037,0.03450506925582886,-0.029662426561117172,-0.3790850043296814,-0.010381849482655525,-0.3894668519496918,0.04287181794643402,0.04345690459012985,-0.37931638956069946,0.015209916047751904,-0.3641064763069153,-0.0024171648547053337,-0.0008645588532090187,-0.37929126620292664,-0.0003025955811608583,-0.3795938491821289,-0.04625452309846878,-0.007128554861992598,-0.020616605877876282,-0.0024949940852820873,-0.023111600428819656,-0.10431315749883652,-0.08691621571779251,0.28240716457366943,-0.03042067587375641,0.2519865036010742,-0.02764851599931717,-0.017408229410648346,0.47472357749938965,-0.0060928803868591785,0.46863070130348206,-0.008887244388461113,0.016075192019343376,0.5433812737464905,0.005626317113637924,0.5490075945854187,0.1813473105430603,0.13592852652072906,0.5072370767593384,0.047574982047080994,0.5548120737075806
9.02,0.0,-0.075,0.0,-0.22534378162535504,-0.05313342859571334,1.5460550191443103,-0.05978032201528549,0.41032951697707176,0.0,0.0,0.0,1.2883882522583008,0.06333588808774948,1.3090870380401611,-0.08856146782636642,-0.04783579707145691,-0.3790796399116516,-0.016742529347538948,-0.3958221673965454,-0.006605997681617737,0.0017232117243111134,-0.3793761134147644,0.0006031240918673575,-0.3787730038166046,-0.006534036248922348,0.0010701222345232964,-0.37921208143234253,0.0003745427820831537,-0.378837525844574,-0.005612023174762726,-0.022447306662797928,-0.37914785742759705,-0.00785655714571476,-0.38700440526008606,0.03910300135612488,0.04215073212981224,-0.3794028162956238,0.014752755872905254,-0.36465007066726685,0.013307246379554272,0.0033869831822812557,-0.3791060447692871,0.0011854440672323108,-0.37792059779167175,0.03380356729030609,0.005151082761585712,0.01582365669310093,0.0018028789199888706,0.017626535147428513,-0.08078823983669281,-0.08507782220840454,0.30081862211227417,-0.02977723814547062,0.2710413932800293,0.019166097044944763,-0.006435931660234928,0.4703703224658966,-0.0022525759413838387,0.46811774373054504,0.1518983393907547,0.05682213604450226,0.5173830986022949,0.01988774724304676,0.5372708439826965,0.1253896951675415,0.13276687264442444,0.46628138422966003,0.046468403190374374,0.5127497911453247
9.040000000000001,0.0,-0.075,0.0,-0.22926707572683008,-0.04073384651889296,1.536105521603094,-0.04730764776468277,0.42903852835297585,0.0,0.0,0.0,1.320197582244873,0.061960767954587936,1.337895393371582,-0.04807453602552414,-0.04790741950273514,-0.37907713651657104,-0.0167675968259573,-0.3958447277545929,0.02359829656779766,0.008285737596452236,-0.3793600797653198,0.002900008112192154,-0.37646007537841797,-0.041814468801021576,-0.011795256286859512,-0.37923726439476013,-0.004128339700400829,-0.38336560130119324,-0.020285647362470627,-0.021798808127641678,-0.37912821769714355,-0.007629582658410072,-0.3867577910423279,0.06062384694814682,0.047692663967609406,-0.3794054388999939,0.016692431643605232,-0.3627130091190338,0.03394027426838875,0.01255297102034092,-0.37912195920944214,0.004393539857119322,-0.37472841143608093,0.04879498854279518,0.01824425533413887,-0.03500565141439438,0.006385489366948605,-0.0286201611161232,-0.07636883854866028,-0.08246512711048126,0.2744539976119995,-0.02886279486119747,0.2455912083387375,-0.0673164427280426,-0.024700084701180458,0.47525209188461304,-0.008645029738545418,0.46660706400871277,0.022860873490571976,0.0466337576508522,0.5522555112838745,0.0163218155503273,0.5685773491859436,0.11199894547462463,0.12653648853302002,0.5221743583679199,0.04428777098655701,0.5664621591567993
9.06,0.0,-0.075,0.0,-0.2209735739343821,-0.036287756525183776,1.4923765655829822,-0.030199797824025154,0.45470030326396227,0.0,0.0,0.0,1.348227858543396,0.06467484682798386,1.3675473928451538,-0.0707172155380249,-0.054750360548496246,-0.3790785074234009,-0.019162625074386597,-0.3982411324977875,0.021453721448779106,0.012236133217811584,-0.3793412446975708,0.004282646346837282,-0.3750585913658142,0.028022009879350662,0.00014992430806159973,-0.3792625665664673,5.2473507821559906e-05,-0.37921008467674255,0.07244937866926193,0.0064756497740745544,-0.37911123037338257,0.0022664773277938366,-0.37684476375579834,0.07431112229824066,0.05567819997668266,-0.3794041872024536,0.019487369805574417,-0.3599168062210083,-0.03244747966527939,-0.0009471643716096878,-0.379140704870224,-0.00033150753006339073,-0.3794722259044647,-0.10525533556938171,-0.018805624917149544,-0.09014780074357986,-0.006581968627870083,-0.09672977030277252,-0.11997661739587784,-0.09371857345104218,0.2409430593252182,-0.03280150145292282,0.20814156532287598,0.039328306913375854,-0.0054915668442845345,0.47199225425720215,-0.001922048395499587,0.4700702130794525,0.03622366115450859,0.04351072758436203,0.580085277557373,0.015228754840791225,0.5953140258789062,0.13673576712608337,0.1295962780714035,0.5739352107048035,0.04535869508981705,0.6192939281463623
9.08,0.0,-0.075,0.0,-0.2165214957292075,-0.03138989634405216,1.4317605132626747,-0.049913354218006134,0.4251299686729908,0.0,0.0,0.0,1.3723136186599731,0.06419259309768677,1.3952877521514893,-0.032336656004190445,-0.048026248812675476,-0.3790838122367859,-0.016809185966849327,-0.39589300751686096,0.020188478752970695,0.014621837064623833,-0.37932005524635315,0.005117642693221569,-0.3742024004459381,-0.009768156334757805,-0.002825499977916479,-0.37928733229637146,-0.0009889249922707677,-0.38027626276016235,-0.06549877673387527,-0.015116679482161999,-0.3790974020957947,-0.005290837958455086,-0.3843882381916046,0.062283068895339966,0.05765966325998306,-0.37939906120300293,0.020180881023406982,-0.35921818017959595,0.07172501087188721,0.020854488015174866,-0.3791618347167969,0.0072990707121789455,-0.3718627691268921,0.09888775646686554,0.016502391546964645,-0.14866995811462402,0.0057758367620408535,-0.14289411902427673,-0.03621312230825424,-0.07646694034337997,0.20085270702838898,-0.0267634280025959,0.17408928275108337,-0.020902976393699646,-0.010114990174770355,0.46064603328704834,-0.0035402465146034956,0.4571057856082916,0.0992736965417862,0.06023962050676346,0.6004016399383545,0.02108386717736721,0.6214855313301086,0.1356760412454605,0.13142019510269165,0.6206883192062378,0.04599706828594208,0.6666854023933411
9.1,0.0,-0.075,0.0,-0.21099906266322213,-0.028257109049553274,1.3478433964454104,-0.07924158126115799,0.381137628108263,0.0,0.0,0.0,1.3924777507781982,0.06778208911418915,1.4198760986328125,-0.002705048769712448,-0.0344298854470253,-0.3790927827358246,-0.01205046009272337,-0.39114323258399963,0.02401069551706314,0.01743849366903305,-0.3792969584465027,0.006103472784161568,-0.3731934726238251,0.02926260605454445,0.006800932809710503,-0.3793110251426697,0.0023803263902664185,-0.37693071365356445,-0.018019668757915497,-0.01598757691681385,-0.3790869116783142,-0.005595651920884848,-0.3846825659275055,0.06400438398122787,0.05956307798624039,-0.379390150308609,0.020847076550126076,-0.3585430681705475,0.03848881646990776,0.026144787669181824,-0.37918487191200256,0.009150675497949123,-0.37003418803215027,0.002848389558494091,0.012406190857291222,-0.20958209037780762,0.00434216670691967,-0.2052399218082428,-0.08358299732208252,-0.07860175520181656,0.15486115217208862,-0.027510613203048706,0.12735053896903992,0.03794842213392258,0.004304034169763327,0.4414052963256836,0.0015064119361341,0.44291171431541443,0.11749275028705597,0.07741555571556091,0.6128609776496887,0.02709544450044632,0.6399564146995544,0.15449729561805725,0.13834333419799805,0.6616427898406982,0.04842016473412514,0.7100629806518555
9.120000000000001,0.0,-0.075,0.0,-0.19577169509420944,-0.019442637257239583,1.1783438045073578,-0.1291513741016388,0.3062729388475418,0.0,0.0,0.0,1.4089045524597168,0.07163425534963608,1.4347723722457886,0.04275017976760864,-0.011275866068899632,-0.3791053295135498,-0.003946552984416485,-0.38305187225341797,0.008724963292479515,0.014824435114860535,-0.3792725205421448,0.00518855219706893,-0.3740839660167694,-0.01077527366578579,0.0015280705410987139,-0.3793330192565918,0.0005348246777430177,-0.3787981867790222,-0.03045031428337097,-0.0203263983130455,-0.3790801763534546,-0.007114239502698183,-0.3861944079399109,0.07296916097402573,0.06358490139245987,-0.37937772274017334,0.022254714742302895,-0.3571230173110962,0.0801173523068428,0.04233655706048012,-0.3792092204093933,0.014817794784903526,-0.36439141631126404,0.11939876526594162,0.044503964483737946,-0.2718537747859955,0.015576387755572796,-0.2562773823738098,-0.07565535604953766,-0.07771783322095871,0.1037464290857315,-0.02720124088227749,0.07654518634080887,0.010558738373219967,0.006180445663630962,0.4145955443382263,0.002163155935704708,0.4167586863040924,0.08459736406803131,0.07957009971141815,0.6172524094581604,0.027849534526467323,0.6451019644737244,0.15910974144935608,0.14457325637340546,0.6961058378219604,0.05060064047574997,0.746706485748291
9.14,0.0,-0.075,0.0,-0.1891631635313955,-0.027113303882804436,1.0976534735007526,-0.13198374211788177,0.30202438682317734,0.0,0.0,0.0,1.4219095706939697,0.07447918504476547,1.448426365852356,0.010064639151096344,-0.004873714409768581,-0.3791210651397705,-0.0017058000667020679,-0.380826860666275,0.04108864814043045,0.02270369976758957,-0.37924742698669434,0.007946294732391834,-0.37130114436149597,-0.0015788432210683823,0.0005959963891655207,-0.379352867603302,0.00020859873620793223,-0.3791442811489105,-0.017384741455316544,-0.019443901255726814,-0.3790772259235382,-0.006805365439504385,-0.38588258624076843,0.05868270993232727,0.06211424246430397,-0.3793620765209198,0.021739983931183815,-0.35762208700180054,0.017380494624376297,0.03484973683953285,-0.3792344033718109,0.012197407893836498,-0.36703699827194214,0.11813272535800934,0.06659259647130966,-0.334431529045105,0.02330740913748741,-0.31112411618232727,-0.05769568309187889,-0.07171119004487991,0.048373229801654816,-0.02509891614317894,0.023274313658475876,0.013951102271676064,0.008511642925441265,0.38067036867141724,0.0029790750704705715,0.38364943861961365,0.08569420874118805,0.081407330930233,0.613501787185669,0.02849256619811058,0.6419943571090698,0.16836175322532654,0.15170980989933014,0.7234943509101868,0.05309843271970749,0.7765927910804749
9.16,0.0,-0.075,0.0,-0.1706358994210209,-0.02846537119392087,0.9491295427798511,-0.15291467308998108,0.2706279903650284,0.0,0.0,0.0,1.4319056272506714,0.07746416330337524,1.459537386894226,0.027735142037272453,0.0049089426174759865,-0.3791397213935852,0.0017181298462674022,-0.3774215877056122,0.04537919908761978,0.029506349936127663,-0.3792220950126648,0.010327222757041454,-0.36889487504959106,0.016974806785583496,0.005509639624506235,-0.3793700933456421,0.0019283738220110536,-0.37744173407554626,-0.026293374598026276,-0.021498743444681168,-0.3790781497955322,-0.007524560205638409,-0.3866026997566223,0.07339052855968475,0.06549713015556335,-0.37934350967407227,0.022923994809389114,-0.35641950368881226,0.01846037432551384,0.02993292734026909,-0.3792596459388733,0.010476524010300636,-0.3687831163406372,0.07520390301942825,0.06917598843574524,-0.39625680446624756,0.024211594834923744,-0.37204521894454956,-0.05774475261569023,-0.06752125918865204,-0.010321686044335365,-0.023632440716028214,-0.03395412862300873,0.039798203855752945,0.01789761148393154,0.3402036428451538,0.006264164112508297,0.3464677929878235,0.08530153334140778,0.08257558941841125,0.6016722917556763,0.02890145592391491,0.6305737495422363,0.18275637924671173,0.16102378070354462,0.7433451414108276,0.056358322501182556,0.7997034788131714
9.18,0.0,-0.075,0.0,-0.14765456978617375,-0.03344230828458597,0.780834434839694,-0.1724482923746109,0.24132756143808365,0.0,0.0,0.0,1.4393666982650757,0.07902151346206665,1.4662649631500244,0.02212529443204403,0.010073848068714142,-0.37916073203086853,0.0035258468706160784,-0.3756348788738251,0.05268634110689163,0.03646034747362137,-0.37919729948043823,0.012761121615767479,-0.3664361834526062,-0.003344457596540451,0.002853410318493843,-0.37938421964645386,0.0009986936347559094,-0.3783855140209198,-0.021589770913124084,-0.021526051685214043,-0.37908297777175903,-0.0075341179035604,-0.38661709427833557,0.09342561662197113,0.07387567311525345,-0.3793225586414337,0.025856485590338707,-0.35346606373786926,0.03449556604027748,0.03130171820521355,-0.3792845606803894,0.010955600999295712,-0.3683289587497711,0.06092718988656998,0.06670134514570236,-0.4562836289405823,0.023345470428466797,-0.4329381585121155,-0.041407763957977295,-0.059687212109565735,-0.07134538888931274,-0.020890524610877037,-0.09223591536283493,0.0396876335144043,0.024434618651866913,0.29387998580932617,0.008552116341888905,0.3024320900440216,0.07535651326179504,0.08040986955165863,0.581964373588562,0.02814345434308052,0.6101078391075134,0.17765633761882782,0.16601355373859406,0.7553222179412842,0.0581047423183918,0.8134269714355469
9.200000000000001,0.0,-0.075,0.0,-0.10359944597105732,-0.030390195195498407,0.5213085699958773,-0.18401788175106049,0.22397317737340927,0.0,0.0,0.0,1.4447886943817139,0.07553516328334808,1.4697901010513306,0.016224486753344536,0.011919040232896805,-0.37918370962142944,0.004171663895249367,-0.37501204013824463,0.03662189841270447,0.03650881350040436,-0.3791734576225281,0.012778084725141525,-0.36639538407325745,-0.024746576324105263,-0.005426585674285889,-0.3793949484825134,-0.001899304916150868,-0.38129425048828125,0.0187436044216156,-0.00944515410810709,-0.3790915608406067,-0.0033058039844036102,-0.3823973536491394,0.060208141803741455,0.06977541744709015,-0.37929967045783997,0.024421395733952522,-0.3548782765865326,0.028699561953544617,0.030521070584654808,-0.37930840253829956,0.010682374238967896,-0.36862602829933167,0.05263976752758026,0.06248287111520767,-0.5134965181350708,0.021869003772735596,-0.4916275143623352,-0.0412420853972435,-0.054153673350811005,-0.133665531873703,-0.018953785300254822,-0.15261931717395782,0.03546149283647537,0.02774268016219139,0.242482990026474,0.009709937497973442,0.2521929144859314,0.07885318994522095,0.07994286715984344,0.5547111630439758,0.027980003505945206,0.5826911926269531,0.14162778854370117,0.15869781374931335,0.7592231035232544,0.055544234812259674,0.8147673606872559
9.22,0.0,-0.075,0.0,-0.07303506545863642,-0.03782069732283173,0.33647459008462444,-0.164750874042511,0.2528736889362335,0.0,0.0,0.0,1.4486494064331055,0.0706777274608612,1.4688407182693481,0.04940447211265564,0.023164670914411545,-0.379207968711853,0.008107634261250496,-0.3711003363132477,0.02433427795767784,0.03285645321011543,-0.37915128469467163,0.011499758809804916,-0.3676515221595764,0.014293050393462181,0.0004893054720014334,-0.3794019818305969,0.00017125690646935254,-0.3792307376861572,0.01770029217004776,-0.00130152003839612,-0.37910372018814087,-0.0004555320192594081,-0.3795592486858368,0.043296463787555695,0.06183173134922981,-0.379275381565094,0.02164110541343689,-0.3576342761516571,-0.0015844963490962982,0.0208893995732069,-0.3793306052684784,0.007311289664357901,-0.37201932072639465,0.06980424374341965,0.06467927992343903,-0.5669277310371399,0.0226377472281456,-0.5442900061607361,-0.042959243059158325,-0.05079534277319908,-0.19622787833213806,-0.017778370529413223,-0.214006245136261,0.048151757568120956,0.03386540338397026,0.1868821531534195,0.011852891184389591,0.1987350434064865,0.07194699347019196,0.07754410803318024,0.5203738212585449,0.027140436694025993,0.5475142598152161,0.11248819530010223,0.14483493566513062,0.7549817562103271,0.050692226737737656,0.8056739568710327
9.24,0.0,-0.075,0.0,-0.06071341068680528,-0.052125122548473235,0.2433641514077675,-0.16513502597808838,0.25229746103286743,0.0,0.0,0.0,1.451371431350708,0.06655073910951614,1.463161826133728,0.09727572649717331,0.04539798945188522,-0.37923312187194824,0.015889296308159828,-0.36334383487701416,-0.01108531653881073,0.019673923030495644,-0.3791312575340271,0.006885873153805733,-0.3722453713417053,0.012035053223371506,0.003953029867261648,-0.37940531969070435,0.0013835604768246412,-0.3780217468738556,0.008453954011201859,0.001625122269615531,-0.3791190981864929,0.000568792806006968,-0.37855029106140137,0.05871570110321045,0.060896921902894974,-0.37925031781196594,0.021313922479748726,-0.35793638229370117,0.02883012220263481,0.02327161654829979,-0.3793507218360901,0.008145065978169441,-0.3712056577205658,0.08203309029340744,0.06988542526960373,-0.6156732439994812,0.024459898471832275,-0.5912133455276489,-0.019359499216079712,-0.04136459156870842,-0.2579740285873413,-0.014477606862783432,-0.27245163917541504,0.055860500782728195,0.04046393185853958,0.1280180960893631,0.014162375591695309,0.14218047261238098,0.09687379002571106,0.0833430141210556,0.47953325510025024,0.02917005494236946,0.5087032914161682,0.060108304023742676,0.11941694468259811,0.742669939994812,0.04179593175649643,0.7844658493995667
9.26,0.0,-0.075,0.0,-0.025763813905060898,-0.05898518426965898,0.053901868219157656,-0.13824297487735748,0.2926355376839638,0.0,0.0,0.0,1.453287124633789,0.06417807936668396,1.4554295539855957,0.11491847783327103,0.0662541389465332,-0.379258394241333,0.02318894863128662,-0.3560694456100464,-0.013429682701826096,0.009742841124534607,-0.3791138529777527,0.003409994300454855,-0.3757038712501526,0.03254207223653793,0.01252974383533001,-0.3794046640396118,0.004385410342365503,-0.37501925230026245,-0.02144952490925789,-0.005297272466123104,-0.37913745641708374,-0.0018540453165769577,-0.38099148869514465,0.047825343906879425,0.05697544664144516,-0.379224956035614,0.019941406324505806,-0.35928353667259216,0.015006749890744686,0.020792156457901,-0.37936824560165405,0.007277254480868578,-0.37209099531173706,0.10633251816034317,0.08081955462694168,-0.658908486366272,0.028286844491958618,-0.6306216716766357,-0.012239780277013779,-0.03262714669108391,-0.3178594708442688,-0.011419501155614853,-0.32927897572517395,0.050375018268823624,0.043437257409095764,0.06688658893108368,0.015203040093183517,0.0820896327495575,0.08292496204376221,0.08321759849786758,0.4328802824020386,0.029126159846782684,0.46200644969940186,0.035237088799476624,0.09416299313306808,0.7224958539009094,0.0329570472240448,0.7554528713226318
9.28,0.0,-0.075,0.0,0.010993886347387337,-0.06741688360265016,-0.14528759274554548,-0.11006445437669754,0.3349033184349537,0.0,0.0,0.0,1.4546116590499878,0.06366941332817078,1.4507509469985962,0.12196856737136841,0.08296847343444824,-0.3792833089828491,0.029038965702056885,-0.35024434328079224,0.012716066092252731,0.01063480880111456,-0.37909942865371704,0.0037221829406917095,-0.37537723779678345,0.03815610706806183,0.0202176533639431,-0.3794001638889313,0.007076178677380085,-0.37232398986816406,-0.014502465724945068,-0.008058831095695496,-0.37915822863578796,-0.0028205907437950373,-0.3819788098335266,0.040564000606536865,0.05205201357603073,-0.3792000710964203,0.018218204379081726,-0.36098188161849976,-7.782783359289169e-05,0.014531160704791546,-0.3793827295303345,0.005085906013846397,-0.37429681420326233,0.09093023091554642,0.08385276049375534,-0.6959020495414734,0.0293484665453434,-0.6665535569190979,-0.04902452230453491,-0.03754635900259018,-0.3748711049556732,-0.013141225092113018,-0.3880123198032379,0.046429798007011414,0.0443350188434124,0.0045218029990792274,0.01551725622266531,0.020039059221744537,0.007250377908349037,0.060427434742450714,0.381204217672348,0.02114960178732872,0.40235382318496704,0.09017844498157501,0.09296762943267822,0.6948009729385376,0.03253867104649544,0.7273396253585815
9.3,0.0,-0.075,0.0,0.06993889665605858,-0.08655355536542883,-0.462350338924082,-0.12480498850345612,0.3127925172448158,0.0,0.0,0.0,1.455424427986145,0.06141715869307518,1.4476381540298462,0.1126725822687149,0.0918797105550766,-0.37930721044540405,0.03215789794921875,-0.3471493124961853,0.004304275382310152,0.008735648356378078,-0.3790884017944336,0.00305747683160007,-0.37603092193603516,0.035555511713027954,0.024819010868668556,-0.3793918490409851,0.008686653338372707,-0.37070518732070923,-0.010556478053331375,-0.00880812481045723,-0.3791809678077698,-0.003082843730226159,-0.38226380944252014,0.03676692396402359,0.04746648669242859,-0.37917613983154297,0.016613269224762917,-0.3625628650188446,-0.009773451834917068,0.007239776663482189,-0.37939390540122986,0.0025339217390865088,-0.37685999274253845,0.07508830726146698,0.08122342824935913,-0.7260280847549438,0.028428198769688606,-0.6975998878479004,-0.05024716258049011,-0.04135660082101822,-0.4280444383621216,-0.014474810101091862,-0.44251924753189087,0.032628510147333145,0.040823064744472504,-0.058021243661642075,0.014288072474300861,-0.04373317211866379,0.009675785899162292,0.04520193859934807,0.3253791928291321,0.01582067832350731,0.3411998748779297,0.0670512244105339,0.0851927101612091,0.6600536108016968,0.029817448928952217,0.689871072769165
9.32,0.0,-0.075,0.0,0.08096632519764972,-0.09372407257021782,-0.5497376448904129,-0.10243840515613556,0.34634239226579666,0.0,0.0,0.0,1.4556626081466675,0.05768405646085739,1.4436880350112915,0.08249048888683319,0.08906294405460358,-0.37932953238487244,0.031172029674053192,-0.34815749526023865,0.010584065690636635,0.009290173649787903,-0.37908101081848145,0.0032515607308596373,-0.37582945823669434,0.03954533115029335,0.02923690527677536,-0.3793799877166748,0.010232917033135891,-0.36914706230163574,0.011540720239281654,-0.002703471342101693,-0.3792051672935486,-0.0009462149464525282,-0.3801513910293579,0.03564276546239853,0.04391936957836151,-0.3791537582874298,0.015371778979897499,-0.36378198862075806,-0.06240730360150337,-0.013654347509145737,-0.37940141558647156,-0.004779021721333265,-0.3841804265975952,0.08988140523433685,0.08382081985473633,-0.7487770318984985,0.029337286949157715,-0.7194397449493408,-0.06846621632575989,-0.04948948323726654,-0.4764799475669861,-0.01732131838798523,-0.4938012659549713,0.035129472613334656,0.03911498934030533,-0.11968450248241425,0.013690246269106865,-0.10599425435066223,-0.02061852253973484,0.02545579895377159,0.26634958386421204,0.008909529075026512,0.2752591073513031,0.025165628641843796,0.06718458980321884,0.6188416481018066,0.023514606058597565,0.642356276512146
9.34,0.0,-0.075,0.0,0.11361000898715645,-0.10891479303495365,-0.7486909168919619,-0.09890571236610413,0.3516414314508438,0.0,0.0,0.0,1.4551252126693726,0.05739353224635124,1.4389405250549316,0.08672551810741425,0.0883617177605629,-0.3793497681617737,0.030926600098609924,-0.34842318296432495,0.007359156385064125,0.008710868656635284,-0.3790774345397949,0.0030488038901239634,-0.3760286271572113,0.03274364769458771,0.030288929119706154,-0.37936484813690186,0.010601124726235867,-0.3687637150287628,0.06404588371515274,0.017321335151791573,-0.37923020124435425,0.0060624671168625355,-0.3731677234172821,0.022852981463074684,0.03759945183992386,-0.379133403301239,0.01315980777144432,-0.3659735918045044,-0.06062552332878113,-0.027745701372623444,-0.37940514087677,-0.009710995480418205,-0.3891161382198334,0.10616318881511688,0.09052353352308273,-0.7637639045715332,0.03168323636054993,-0.7320806980133057,-0.058989107608795166,-0.05233936756849289,-0.5193583369255066,-0.01831877790391445,-0.5376771092414856,0.027983132749795914,0.035775430500507355,-0.17942483723163605,0.01252140011638403,-0.16690343618392944,0.01157011091709137,0.021290091797709465,0.20511406660079956,0.007451531942933798,0.2125656008720398,0.02392008528113365,0.054205238819122314,0.5718622803688049,0.01897183246910572,0.5908341407775879
9.36,0.0,-0.075,0.0,0.1443900608530294,-0.12200699361841723,-0.9312031852644852,-0.10290630161762238,0.34564054757356644,0.0,0.0,0.0,1.4534891843795776,0.05914299190044403,1.4313106536865234,0.0955500528216362,0.09051822125911713,-0.3793674409389496,0.031681377440690994,-0.3476860523223877,-0.01452447846531868,0.0017402642406523228,-0.3790777623653412,0.0006090924725867808,-0.37846866250038147,0.01481606811285019,0.02564707025885582,-0.37934672832489014,0.008976474404335022,-0.3703702688217163,0.08698736131191254,0.03822114318609238,-0.3792555332183838,0.013377400115132332,-0.3658781349658966,0.029029415920376778,0.03502844274044037,-0.37911567091941833,0.0122599545866251,-0.3668557107448578,-0.06048773601651192,-0.037568312138319016,-0.3794049620628357,-0.01314890943467617,-0.3925538659095764,0.12707872688770294,0.1014900952577591,-0.7707353830337524,0.03552153334021568,-0.7352138757705688,-0.05295983701944351,-0.05252550542354584,-0.555954098701477,-0.018383925780653954,-0.5743380188941956,0.007338290102779865,0.027244286611676216,-0.23623162508010864,0.009535499848425388,-0.22669611871242523,0.06776326894760132,0.035232044756412506,0.14270849525928497,0.012331215664744377,0.1550397127866745,-0.04774291813373566,0.023620788007974625,0.5199103355407715,0.008267275989055634,0.5281776189804077
9.38,0.0,-0.075,0.0,0.1782969576796599,-0.1436099052790413,-1.1647177673368088,-0.09720005840063095,0.3541999123990536,0.0,0.0,0.0,1.4503345489501953,0.05856158584356308,1.4280742406845093,0.10959643870592117,0.09624168276786804,-0.37938210368156433,0.033684588968753815,-0.3456975221633911,-0.016527030616998672,-0.0037399246357381344,-0.3790819048881531,-0.0013089736457914114,-0.38039088249206543,-0.010497480630874634,0.014803704805672169,-0.3793261647224426,0.005181296728551388,-0.37414488196372986,0.07242420315742493,0.04848206043243408,-0.3792805075645447,0.01696872152388096,-0.36231178045272827,0.02044421248137951,0.030653173103928566,-0.3791009187698364,0.010728610679507256,-0.3683723211288452,-0.03406740352511406,-0.03651804104447365,-0.3794008791446686,-0.012781314551830292,-0.39218220114707947,0.08453545719385147,0.09640370309352875,-0.7695733308792114,0.033741295337677,-0.7358320355415344,-0.052216775715351105,-0.05243288725614548,-0.5856482982635498,-0.018351510167121887,-0.6039997935295105,-0.008766376413404942,0.016441086307168007,-0.2891438603401184,0.0057543800212442875,-0.28338947892189026,0.043167248368263245,0.03761260583996773,0.08018860965967178,0.01316441223025322,0.0933530181646347,-0.014509381726384163,0.012181737460196018,0.4638645350933075,0.004263608250766993,0.46812814474105835
9.4,0.0,-0.075,0.0,0.1879292437414446,-0.1393147854926894,-1.2179982557657942,-0.04266807436943054,0.4359978884458542,0.0,0.0,0.0,1.4451769590377808,0.06114717945456505,1.4235936403274536,0.0861387550830841,0.09321080148220062,-0.37939339876174927,0.0326237790286541,-0.34676963090896606,0.03610866516828537,0.00821465253829956,-0.37908992171287537,0.0028751282952725887,-0.37621480226516724,0.010308349505066872,0.013455098494887352,-0.37930357456207275,0.004709284286946058,-0.3745943009853363,0.13504959642887115,0.07445232570171356,-0.37930452823638916,0.026058314368128777,-0.35324621200561523,-0.005407162010669708,0.01983507350087166,-0.3790895342826843,0.006942275445908308,-0.37214726209640503,-0.06678760796785355,-0.04559891298413277,-0.3793930113315582,-0.015959618613123894,-0.39535263180732727,0.0778370201587677,0.09083369374275208,-0.7602975368499756,0.03179179131984711,-0.7285057306289673,-0.08758876472711563,-0.06297965347766876,-0.6079384684562683,-0.022042877972126007,-0.6299813389778137,0.02487572655081749,0.018971478566527367,-0.3372664153575897,0.006640017498284578,-0.33062639832496643,0.009270692244172096,0.029110033065080643,0.01861204206943512,0.010188511572778225,0.02880055457353592,0.011735094711184502,0.012047745287418365,0.4046730399131775,0.0042167105711996555,0.4088897407054901
9.42,0.0,-0.075,0.0,0.20248851047681093,-0.14828847036995,-1.3197036997349985,-0.07346060127019882,0.38980909809470177,0.0,0.0,0.0,1.4375052452087402,0.057408738881349564,1.4190610647201538,0.08533656597137451,0.09084852784872055,-0.3794010877609253,0.03179698437452316,-0.34760409593582153,0.018569471314549446,0.011321097612380981,-0.3791015148162842,0.003962384071201086,-0.37513911724090576,-0.04479049891233444,-0.004018581472337246,-0.3792794644832611,-0.0014065034920349717,-0.380685955286026,0.09736572951078415,0.08132635056972504,-0.37932705879211426,0.028464222326874733,-0.3508628308773041,-0.008967552334070206,0.01119428500533104,-0.37908169627189636,0.003917999565601349,-0.3751637041568756,-0.03184846043586731,-0.04147377610206604,-0.37938153743743896,-0.014515821821987629,-0.3938973546028137,0.04508557915687561,0.07710925489664078,-0.7430647611618042,0.026988238096237183,-0.7160764932632446,-0.04713772237300873,-0.05822707340121269,-0.6224475502967834,-0.020379476249217987,-0.642827033996582,-0.039648059755563736,0.0013856161385774612,-0.3797852396965027,0.0004849656543228775,-0.3793002665042877,0.020557429641485214,0.026544252410531044,-0.04097951948642731,0.009290488436818123,-0.031689032912254333,-0.03503263741731644,-0.0020763706415891647,0.3433372974395752,-0.0007267296896316111,0.34261056780815125
9.44,0.0,-0.075,0.0,0.21396699419488743,-0.15723231320840028,-1.403533287253223,-0.08066147565841675,0.3790077865123749,0.0,0.0,0.0,1.426819920539856,0.05159382149577141,1.4122637510299683,0.08218010514974594,0.08824799954891205,-0.37940502166748047,0.030886799097061157,-0.3485182225704193,0.020523840561509132,0.014081920497119427,-0.37911638617515564,0.004928672220557928,-0.374187707901001,-0.015496904030442238,-0.007462078705430031,-0.37925446033477783,-0.0026117274537682533,-0.3818661868572235,0.029111921787261963,0.06566201895475388,-0.3793475925922394,0.022981707006692886,-0.3563658893108368,-0.0025296825915575027,0.007077094167470932,-0.37907761335372925,0.002476983005180955,-0.37660062313079834,-0.0014863042160868645,-0.02947753481566906,-0.3793667256832123,-0.010317137464880943,-0.38968387246131897,0.04097821190953255,0.06626994162797928,-0.718166708946228,0.023194478824734688,-0.6949722170829773,-0.053373292088508606,-0.056770943105220795,-0.6289302110671997,-0.019869830459356308,-0.6488000154495239,-0.05315738916397095,-0.014977285638451576,-0.4159810245037079,-0.005242049694061279,-0.42122307419776917,0.015405427664518356,0.023202605545520782,-0.09757795929908752,0.008120912127196789,-0.08945704996585846,-0.025052862241864204,-0.008969318121671677,0.28089478611946106,-0.0031392613891512156,0.2777555286884308
9.46,0.0,-0.075,0.0,0.22412714407532358,-0.179598222444148,-1.5092661659439535,-0.10293740034103394,0.3455938994884491,0.0,0.0,0.0,1.4126719236373901,0.05069215968251228,1.4026442766189575,0.04416316747665405,0.07502254843711853,-0.37940502166748047,0.026257891207933426,-0.35314711928367615,0.01692269928753376,0.014934154227375984,-0.37913426756858826,0.005226953886449337,-0.37390732765197754,-0.021733665838837624,-0.011743554845452309,-0.3792291283607483,-0.004110244102776051,-0.38333937525749207,0.0893915593624115,0.07278088480234146,-0.37936556339263916,0.02547330968081951,-0.3538922667503357,0.009279629215598106,0.007737854961305857,-0.3790774941444397,0.002708249259740114,-0.3763692378997803,-0.04634438827633858,-0.03453759104013443,-0.3793489933013916,-0.012088156305253506,-0.3914371430873871,0.045079555362463,0.059912823140621185,-0.68602454662323,0.020969487726688385,-0.6650550365447998,-0.06833741813898087,-0.060240887105464935,-0.627276599407196,-0.021084310486912727,-0.6483609080314636,-0.05619784817099571,-0.027343453839421272,-0.44524145126342773,-0.009570208378136158,-0.4548116624355316,-0.016809552907943726,0.01119895838201046,-0.15022581815719604,0.003919635433703661,-0.14630618691444397,-0.04111223667860031,-0.018612194806337357,0.21840190887451172,-0.00651426799595356,0.2118876427412033
9.48,0.0,-0.075,0.0,0.2306203756534377,-0.1762015959431744,-1.5193196976297842,-0.10208737850189209,0.34686893224716187,0.0,0.0,0.0,1.394699215888977,0.054428789764642715,1.3860158920288086,0.0382826030254364,0.06400056183338165,-0.37940114736557007,0.02240019664168358,-0.3570009469985962,0.028838103637099266,0.019105339422822,-0.37915465235710144,0.006686868611723185,-0.3724677860736847,-0.011204427108168602,-0.011581816710531712,-0.3792041540145874,-0.004053635988384485,-0.38325777649879456,0.10192409157752991,0.0815238505601883,-0.37938058376312256,0.028533346951007843,-0.3508472442626953,0.0016147103160619736,0.005900911521166563,-0.37908124923706055,0.00206531910225749,-0.3770159184932709,-0.0841391384601593,-0.04941805452108383,-0.3793286383152008,-0.01729631796479225,-0.39662495255470276,0.071453757584095,0.06337510049343109,-0.6471818685531616,0.022181285545229912,-0.6250005960464478,-0.0675404816865921,-0.062430765479803085,-0.6175148487091064,-0.021850768476724625,-0.6393656134605408,-0.03856075555086136,-0.030708644539117813,-0.467071533203125,-0.01074802502989769,-0.477819561958313,0.030175287276506424,0.016891857609152794,-0.1980324536561966,0.005912150256335735,-0.19212029874324799,-0.07781197875738144,-0.03637213259935379,0.1569158285856247,-0.012730246409773827,0.14418558776378632
9.5,0.0,-0.075,0.0,0.23417449572980378,-0.18454057694170523,-1.5282037362667429,-0.09266074746847153,0.3610088787972927,0.0,0.0,0.0,1.3726602792739868,0.0563000813126564,1.3669517040252686,0.04239942133426666,0.057520218193531036,-0.3793935179710388,0.020132075995206833,-0.3592614531517029,0.035197481513023376,0.023932982236146927,-0.37917715311050415,0.008376543410122395,-0.37080061435699463,-0.01569545827805996,-0.012815909460186958,-0.37918001413345337,-0.004485568031668663,-0.3836655914783478,0.11337491124868393,0.09107916802167892,-0.3793922960758209,0.031877707690000534,-0.3475145995616913,-0.000722002238035202,0.003914037719368935,-0.379088819026947,0.0013699132250621915,-0.37771889567375183,-0.07323989272117615,-0.056564606726169586,-0.37930625677108765,-0.019797611981630325,-0.39910387992858887,0.046522919088602066,0.05831944942474365,-0.602295994758606,0.02041180618107319,-0.5818842053413391,-0.06036701798439026,-0.06181164085865021,-0.599810004234314,-0.021634073927998543,-0.6214441061019897,-0.051735132932662964,-0.03701658919453621,-0.481101930141449,-0.012955806218087673,-0.4940577447414398,-0.011071279644966125,0.008502916432917118,-0.2401891052722931,0.00297602079808712,-0.23721309006214142,-0.050730444490909576,-0.040679626166820526,0.09747672080993652,-0.01423786859959364,0.08323885500431061
9.52,0.0,-0.075,0.0,0.23654439647429573,-0.19481301562580033,-1.5439695454111246,-0.07895299047231674,0.3815705142915249,0.0,0.0,0.0,1.34646475315094,0.05702400952577591,1.3460628986358643,0.03200508654117584,0.04986567795276642,-0.3793821930885315,0.017452986910939217,-0.3619292080402374,0.039696261286735535,0.02866196632385254,-0.37920111417770386,0.010031688027083874,-0.3691694140434265,-0.011037643998861313,-0.01228242926299572,-0.37915730476379395,-0.00429884996265173,-0.38345614075660706,0.09701204299926758,0.09285902976989746,-0.37940043210983276,0.03250065818428993,-0.34689977765083313,-0.016854073852300644,-0.0023163959849625826,-0.37909996509552,-0.0008107385947369039,-0.3799107074737549,-0.07116851955652237,-0.0609457790851593,-0.37928229570388794,-0.021331021562218666,-0.40061330795288086,0.030972257256507874,0.05011529102921486,-0.5521260499954224,0.017540352419018745,-0.53458571434021,-0.08055634051561356,-0.06743504852056503,-0.5744616389274597,-0.023602265864610672,-0.5980638861656189,-0.05008883774280548,-0.04093826562166214,-0.48709532618522644,-0.014328393153846264,-0.501423716545105,-0.03194180130958557,-0.003630499355494976,-0.2759826183319092,-0.0012706747511401772,-0.27725329995155334,-0.05397102236747742,-0.044667042791843414,0.04109010100364685,-0.015633463859558105,0.025456637144088745
9.540000000000001,0.0,-0.075,0.0,0.23639668302865288,-0.2056332920568332,-1.5359366762286102,-0.07539401948451996,0.38690897077322006,0.0,0.0,0.0,1.3161996603012085,0.05389610677957535,1.3207048177719116,0.06358534842729568,0.05398157984018326,-0.3793675899505615,0.01889355294406414,-0.3604740500450134,0.01351945474743843,0.024119213223457336,-0.37922602891921997,0.008441724814474583,-0.37078431248664856,-0.07124900072813034,-0.02997240051627159,-0.3791366219520569,-0.010490340180695057,-0.38962695002555847,0.05519621819257736,0.0815601795911789,-0.37940478324890137,0.028546063229441643,-0.3508587181568146,-0.03424398973584175,-0.011894674971699715,-0.3791145086288452,-0.0041631362400949,-0.38327765464782715,-0.033099330961704254,-0.05259184166789055,-0.37925732135772705,-0.018407143652439117,-0.39766445755958557,0.015126035548746586,0.039618514478206635,-0.49752092361450195,0.013866479508578777,-0.4836544394493103,-0.023599598556756973,-0.054284412413835526,-0.5418985486030579,-0.01899954490363598,-0.5608980655670166,-0.09670228511095047,-0.05766747146844864,-0.48495030403137207,-0.020183615386486053,-0.5051339268684387,0.014958836138248444,0.001946301432326436,-0.30480754375457764,0.0006812054780311882,-0.3041263520717621,-0.04158061742782593,-0.04374111443758011,-0.01129013579338789,-0.015309389680624008,-0.026599526405334473
9.56,0.0,-0.075,0.0,0.2351344147608622,-0.21076913139130848,-1.4927955490498375,-0.07855814695358276,0.38216277956962585,0.0,0.0,0.0,1.2821539640426636,0.05185876786708832,1.29029381275177,0.08716262131929398,0.06393589079380035,-0.3793499171733856,0.022377561777830124,-0.3569723665714264,0.00991051271557808,0.01985660381615162,-0.3792513906955719,0.006949811242520809,-0.3723015785217285,-0.07881879061460495,-0.04462631791830063,-0.3791183829307556,-0.01561921089887619,-0.3947376012802124,0.026562988758087158,0.06506102532148361,-0.3794052004814148,0.022771358489990234,-0.35663384199142456,-0.053415216505527496,-0.024350836873054504,-0.37913209199905396,-0.008522792719304562,-0.3876548707485199,-0.020894885063171387,-0.04308275133371353,-0.3792320489883423,-0.015078962780535221,-0.39431101083755493,-0.015574893914163113,0.023060491308569908,-0.43940430879592896,0.008071172051131725,-0.43133312463760376,0.0052967369556427,-0.03641006723046303,-0.5026715397834778,-0.012743523344397545,-0.5154150724411011,-0.10728742927312851,-0.07255345582962036,-0.47470325231552124,-0.025393709540367126,-0.5000969767570496,0.04456528648734093,0.01473199762403965,-0.32617613673210144,0.0051561989821493626,-0.3210199475288391,-0.02528645284473896,-0.03820471465587616,-0.05877787619829178,-0.013371650129556656,-0.07214953005313873
9.58,0.0,-0.075,0.0,0.23191192698901272,-0.21538631430495922,-1.422598811471821,-0.06800086051225662,0.39799870923161507,0.0,0.0,0.0,1.2448376417160034,0.05685160309076309,1.256664514541626,0.10542881488800049,0.07638376951217651,-0.37932971119880676,0.02673431858420372,-0.35259538888931274,0.011200495064258575,0.01725977100431919,-0.37927642464637756,0.0060409195721149445,-0.3732354938983917,-0.09624843299388885,-0.060112953186035156,-0.3791031539440155,-0.021039532497525215,-0.40014269948005676,0.056625813245773315,0.06253045797348022,-0.3794017732143402,0.02188565954566002,-0.3575161099433899,-0.038155995309352875,-0.028492383658885956,-0.37915217876434326,-0.009972333908081055,-0.3891245126724243,-0.045030876994132996,-0.04366718977689743,-0.37920695543289185,-0.015283516608178616,-0.39449048042297363,-0.00011077243834733963,0.01610911265015602,-0.3787592947483063,0.005638189148157835,-0.37312111258506775,-0.021933123469352722,-0.032066985964775085,-0.45744431018829346,-0.01122344471514225,-0.46866774559020996,-0.10751259326934814,-0.08304119855165482,-0.4565274119377136,-0.029064418748021126,-0.4855918288230896,0.003680473193526268,0.011416539549827576,-0.3397269546985626,0.003995788749307394,-0.33573117852211,-0.048127248883247375,-0.041181474924087524,-0.10056978464126587,-0.014413516037166119,-0.11498329788446426
9.6,0.0,-0.075,0.0,0.22713970615255893,-0.2187318464698914,-1.342243725603067,-0.038061171770095825,0.44290824234485626,0.0,0.0,0.0,1.2049983739852905,0.053351372480392456,1.2218124866485596,0.10059432685375214,0.08364693820476532,-0.3793073892593384,0.029276428744196892,-0.35003095865249634,0.01472630724310875,0.016499731689691544,-0.37930065393447876,0.005774905905127525,-0.3735257387161255,-0.021054236218333244,-0.04839533567428589,-0.37909114360809326,-0.01693836785852909,-0.3960295021533966,-0.0406777486205101,0.03156799450516701,-0.37939453125,0.011048797518014908,-0.3683457374572754,-0.08496773988008499,-0.04543498903512955,-0.37917447090148926,-0.015902245417237282,-0.395076721906662,-0.0076173050329089165,-0.03285222500562668,-0.37918269634246826,-0.011498278938233852,-0.3906809687614441,-0.057953841984272,-0.006109775044023991,-0.3166118860244751,-0.0021384211722761393,-0.3187503218650818,-0.03534962609410286,-0.03305177763104439,-0.406981885433197,-0.011568121612071991,-0.4185500144958496,-0.1021466925740242,-0.08877284824848175,-0.4307302236557007,-0.031070496886968613,-0.4618007242679596,-0.02258056029677391,0.001217409037053585,-0.3452308177947998,0.0004260931455064565,-0.3448047339916229,0.023632589727640152,-0.02173725515604019,-0.13595885038375854,-0.007608039304614067,-0.14356689155101776
9.620000000000001,0.0,-0.075,0.0,0.2172652423335477,-0.21963073133294253,-1.2213212081004954,-0.036141447722911835,0.44578782841563225,0.0,0.0,0.0,1.1636321544647217,0.05555117502808571,1.1829947233200073,0.0793396532535553,0.08235475420951843,-0.37928348779678345,0.02882416360080242,-0.35045933723449707,0.013302881270647049,0.015540676191449165,-0.37932348251342773,0.005439236760139465,-0.37388426065444946,-0.044578418135643005,-0.04725026339292526,-0.37908273935317993,-0.016537591814994812,-0.39562034606933594,0.010994267649948597,0.025395875796675682,-0.3793836832046509,0.008888556621968746,-0.37049514055252075,-0.08348291367292404,-0.056849367916584015,-0.3791983127593994,-0.019897278398275375,-0.3990955948829651,-0.032989803701639175,-0.032893501222133636,-0.3791598081588745,-0.011512725614011288,-0.3906725347042084,-0.03920809552073479,-0.016039270907640457,-0.2540133595466614,-0.0056137447245419025,-0.259627103805542,-0.029065929353237152,-0.03185602277517319,-0.3521379828453064,-0.011149607598781586,-0.3632875978946686,-0.11846810579299927,-0.097681425511837,-0.3977482318878174,-0.03418849781155586,-0.43193674087524414,0.005632176995277405,0.0025418393779546022,-0.3425945043563843,0.000889643793925643,-0.3417048752307892,0.009098250418901443,-0.012486603111028671,-0.16434642672538757,-0.0043703108094632626,-0.16871674358844757
9.64,0.0,-0.075,0.0,0.20337080674028377,-0.2190714640724891,-1.078571366489423,-0.004699906799942255,0.4929501398000866,0.0,0.0,0.0,1.121983528137207,0.05519668757915497,1.147193431854248,0.008854340761899948,0.06030463054776192,-0.3792586326599121,0.021106621250510216,-0.35815200209617615,0.031049979850649834,0.020193468779325485,-0.3793443739414215,0.007067713886499405,-0.3722766637802124,0.012674535624682903,-0.02927282266318798,-0.3790780305862427,-0.01024548802524805,-0.38932353258132935,-0.03412190079689026,0.007540542632341385,-0.3793694078922272,0.0026391898281872272,-0.37673020362854004,-0.11818864196538925,-0.07525114715099335,-0.37922316789627075,-0.02633790113031864,-0.40556105971336365,-0.042295750230550766,-0.035714175552129745,-0.37913888692855835,-0.012499961070716381,-0.391638845205307,-0.060302235186100006,-0.02931816130876541,-0.19202278554439545,-0.01026135589927435,-0.20228414237499237,-0.06431002914905548,-0.041592225432395935,-0.2938404083251953,-0.014557278715074062,-0.30839768052101135,-0.10699929296970367,-0.10047678649425507,-0.3581393361091614,-0.03516687452793121,-0.3933061957359314,-0.057169582694768906,-0.015371587127447128,-0.3318627178668976,-0.0053800554014742374,-0.3372427821159363,0.05341484397649765,0.0072838319465518,-0.18525224924087524,0.00254934118129313,-0.1827029138803482
9.66,0.0,-0.075,0.0,0.18484563801583279,-0.21992629141155273,-0.9355827368383745,0.01543131098151207,0.5231469664722681,0.016202876530587672,0.0,0.016202876530587672,1.0815305709838867,0.06034068763256073,1.1072312593460083,0.05051529407501221,0.05736783146858215,-0.37923333048820496,0.020078741014003754,-0.3591545820236206,0.049923062324523926,0.029112346470355988,-0.3793627917766571,0.010189320892095566,-0.36917346715927124,0.08012136816978455,0.003545435145497322,-0.3790772557258606,0.0012409022310748696,-0.37783634662628174,-0.02768472582101822,-0.003027038648724556,-0.37935206294059753,-0.0010594634804874659,-0.3804115355014801,-0.1154339462518692,-0.08730599284172058,-0.3792484998703003,-0.030557097867131233,-0.4098055958747864,-0.0938398689031601,-0.05315188318490982,-0.3791203498840332,-0.018603159114718437,-0.3977234959602356,-0.05864871293306351,-0.03811732679605484,-0.13168880343437195,-0.013341064564883709,-0.14502987265586853,-0.1305202841758728,-0.06827064603567123,-0.2330753356218338,-0.023894725367426872,-0.25697004795074463,-0.06409835815429688,-0.08956325799226761,-0.31257352232933044,-0.03134714066982269,-0.34392064809799194,-0.057314857840538025,-0.027954567223787308,-0.3132169544696808,-0.009784098714590073,-0.32300105690956116,0.02988518960773945,0.014064239338040352,-0.19832266867160797,0.004922483582049608,-0.19340018928050995
9.68,0.0,-0.075,0.0,0.16155398783191963,-0.21783653579767756,-0.7715211082530177,0.028681514784693718,0.5430222721770406,0.030115590523928402,0.0,0.030115590523928402,1.0439432859420776,0.06969542801380157,1.0713053941726685,0.047806769609451294,0.054499514400959015,-0.37920820713043213,0.019074829295277596,-0.3601333796977997,0.03794538229703903,0.0317622572183609,-0.3793783187866211,0.011116789653897285,-0.36826151609420776,0.01495654322206974,0.006968767382204533,-0.3790804147720337,0.002439068630337715,-0.37664133310317993,0.03774912655353546,0.009205810725688934,-0.37933212518692017,0.003222033614292741,-0.3761100769042969,-0.12760372459888458,-0.09939531981945038,-0.37927359342575073,-0.03478836268186569,-0.414061963558197,-0.09735424071550369,-0.06641259044408798,-0.37910473346710205,-0.023244407027959824,-0.4023491442203522,-0.033561885356903076,-0.03675069659948349,-0.07403205335140228,-0.012862743809819221,-0.08689479529857635,-0.13759365677833557,-0.08906754851341248,-0.17087072134017944,-0.031173640862107277,-0.20204436779022217,-0.06116439402103424,-0.08104360103607178,-0.2618217468261719,-0.028365259990096092,-0.2901870012283325,-0.15564368665218353,-0.06626130640506744,-0.28697264194488525,-0.023191457614302635,-0.31016409397125244,0.07301320135593414,0.031748928129673004,-0.20333659648895264,0.011112124659121037,-0.19222447276115417
9.700000000000001,0.0,-0.075,0.0,0.12685541363051558,-0.20213871283264243,-0.5200269729814435,0.04477986693382263,0.567169800400734,0.04701886028051376,0.0,0.04701886028051376,1.0110045671463013,0.08081366121768951,1.0307308435440063,0.09259121865034103,0.06592702865600586,-0.37918388843536377,0.02307445928454399,-0.3561094403266907,0.05385131388902664,0.03838897496461868,-0.3793905973434448,0.013436141423881054,-0.3659544587135315,0.08705294877290726,0.030994022265076637,-0.37908732891082764,0.01084790751338005,-0.3682394325733185,0.030160177499055862,0.015492120757699013,-0.3793100416660309,0.005422241985797882,-0.3738878071308136,-0.11551178246736526,-0.10423026233911514,-0.37929797172546387,-0.03648059070110321,-0.41577857732772827,-0.1032915860414505,-0.07747629284858704,-0.37909233570098877,-0.027116702869534492,-0.4062090516090393,-0.09983576089143753,-0.05567621439695358,-0.020027942955493927,-0.019486675038933754,-0.03951461613178253,-0.1817498505115509,-0.11687223613262177,-0.10827891528606415,-0.04090528190135956,-0.1491841971874237,0.018504373729228973,-0.05117920786142349,-0.20674248039722443,-0.017912723124027252,-0.22465521097183228,-0.13564778864383698,-0.08707725256681442,-0.25357377529144287,-0.030477037653326988,-0.2840508222579956,0.09141763299703598,0.04964954033493996,-0.20020917057991028,0.0173773393034935,-0.18283182382583618
9.72,0.0,-0.075,0.0,0.10618195361255212,-0.20870562206212165,-0.42832338848628115,0.022937243804335594,0.5344058657065034,0.024084105994552372,0.0,0.024084105994552372,0.9844812750816345,0.08352041244506836,0.9970056414604187,0.09097536653280258,0.0734415277838707,-0.37916091084480286,0.025704534724354744,-0.35345637798309326,0.004532115999609232,0.028231916949152946,-0.3793993592262268,0.009881170466542244,-0.3695181906223297,0.10538960248231888,0.053312696516513824,-0.37909793853759766,0.01865944266319275,-0.3604384958744049,-0.024767447263002396,0.003414249513298273,-0.3792862892150879,0.0011949873296543956,-0.37809130549430847,-0.0825689360499382,-0.09773186594247818,-0.37932097911834717,-0.03420615196228027,-0.41352713108062744,-0.09867537766695023,-0.08383601903915405,-0.3790834844112396,-0.02934260666370392,-0.40842610597610474,-0.06074180454015732,-0.05719589442014694,0.029409948736429214,-0.0200185626745224,0.009391386061906815,-0.14218786358833313,-0.1244669258594513,-0.04635874927043915,-0.043563421815633774,-0.08992217481136322,0.022513702511787415,-0.02907133474946022,-0.14826753735542297,-0.010174967348575592,-0.15844249725341797,-0.0997045487165451,-0.09086544066667557,-0.21358534693717957,-0.03180290386080742,-0.24538825452327728,0.08006799221038818,0.058775074779987335,-0.18899333477020264,0.020571276545524597,-0.16842205822467804
9.74,0.0,-0.075,0.0,0.07494627509188903,-0.20322626015930623,-0.24929658031455748,0.017227891832590103,0.5258418377488852,0.018089286424219607,0.0,0.018089286424219607,0.9659500122070312,0.08384519070386887,0.9696450233459473,0.11601678282022476,0.0862141102552414,-0.37913984060287476,0.030174938961863518,-0.3489648997783661,-0.004108802881091833,0.018529700115323067,-0.37940430641174316,0.006485395133495331,-0.37291890382766724,0.11379388719797134,0.07145705819129944,-0.3791119158267975,0.025009969249367714,-0.3541019558906555,-0.03912826627492905,-0.009348505176603794,-0.37926149368286133,-0.0032719767186790705,-0.382533460855484,-0.032411061227321625,-0.07813562452793121,-0.37934207916259766,-0.027347467839717865,-0.4066895544528961,-0.09407348930835724,-0.08690726011991501,-0.37907838821411133,-0.030417541041970253,-0.40949591994285583,-0.05091766268014908,-0.05531242489814758,0.07344529032707214,-0.019359348341822624,0.05408594012260437,-0.14461582899093628,-0.1305115967988968,0.013842269778251648,-0.045679058879613876,-0.03183678910136223,0.03872593492269516,-0.008732154034078121,-0.0873861163854599,-0.0030562537722289562,-0.09044236689805984,-0.08327747881412506,-0.08858904987573624,-0.16768385469913483,-0.031006166711449623,-0.1986900269985199,0.03744029253721237,0.052374642342329025,-0.16987882554531097,0.018331125378608704,-0.15154770016670227
9.76,0.0,-0.075,0.0,0.04147091420785524,-0.19575644700833786,-0.06146730872347058,-0.005772599950432777,0.49134110007435083,0.0,0.0,0.0,0.9565953612327576,0.08049425482749939,0.9549884796142578,0.10784101486206055,0.09270218014717102,-0.37912121415138245,0.0324457623064518,-0.34667545557022095,-0.025065889582037926,0.0054510231129825115,-0.3794054388999939,0.0019078580662608147,-0.3774975836277008,0.08979106694459915,0.07695725560188293,-0.37912899255752563,0.026935039088129997,-0.3521939516067505,-0.02606084570288658,-0.014362206682562828,-0.3792361915111542,-0.005026772152632475,-0.38426294922828674,-0.026157528162002563,-0.06254219263792038,-0.3793608248233795,-0.021889766678214073,-0.40125060081481934,-0.10252971202135086,-0.09159399569034576,-0.37907713651657104,-0.03205789625644684,-0.4111350178718567,-0.024224277585744858,-0.045985981822013855,0.11133313179016113,-0.01609509252011776,0.09523803740739822,-0.12084978073835373,-0.12761305272579193,0.07130572199821472,-0.044664569199085236,0.026641152799129486,0.04219689965248108,0.006546562537550926,-0.025128168985247612,0.0022912968415766954,-0.022836871445178986,-0.04778198525309563,-0.07634692639112473,-0.11664578318595886,-0.026721423491835594,-0.143367201089859,0.009779490530490875,0.03959609940648079,-0.1431889832019806,0.013858634978532791,-0.1293303519487381
9.78,0.0,-0.075,0.0,0.007911177865644237,-0.18597733595557553,0.1270188587947517,-0.004573587328195572,0.49313961900770664,0.0,0.0,0.0,0.9570291638374329,0.07630954682826996,0.953041672706604,0.09741515666246414,0.09411607682704926,-0.37910544872283936,0.03294062614440918,-0.3461648225784302,-0.033072568476200104,-0.006106054410338402,-0.37940263748168945,-0.002137118950486183,-0.3815397620201111,0.05842345952987671,0.07139711827039719,-0.3791487514972687,0.024988990277051926,-0.35415977239608765,-0.011478541418910027,-0.013497106730937958,-0.3792110085487366,-0.004723987076431513,-0.38393500447273254,-0.026622824370861053,-0.05176638066768646,-0.37937670946121216,-0.018118232488632202,-0.39749494194984436,-0.09661180526018143,-0.09309933334589005,-0.37907981872558594,-0.032584767788648605,-0.41166457533836365,-0.003169114701449871,-0.03314092010259628,0.14243252575397491,-0.011599321849644184,0.1308332085609436,-0.11112995445728302,-0.12266812473535538,0.12505950033664703,-0.04293384402990341,0.08212565630674362,0.04226218909025192,0.01726125180721283,0.03745311126112938,0.006041437853127718,0.04349454864859581,-0.046193886548280716,-0.06730101257562637,-0.06133456528186798,-0.02355535328388214,-0.08488991856575012,0.015139076858758926,0.03225899487733841,-0.10937531292438507,0.011290648020803928,-0.09808466583490372
9.8,0.0,-0.075,0.0,-0.027523043780963163,-0.1723821009384766,0.3363440952034568,0.02083376981317997,0.53125065471977,0.02187545830383897,0.0,0.02187545830383897,0.9671867489814758,0.07573515921831131,0.9610776901245117,0.07839612662792206,0.08940009027719498,-0.37909287214279175,0.03129003196954727,-0.3478028476238251,-0.0018001897260546684,-0.004814295098185539,-0.3793960213661194,-0.0016850032843649387,-0.3810810148715973,0.043748870491981506,0.06310264021158218,-0.3791707158088684,0.022085923701524734,-0.3570847809314728,0.002129655797034502,-0.008809077553451061,-0.37918663024902344,-0.0030831771437078714,-0.38226979970932007,-0.04474487900733948,-0.04965993016958237,-0.3793894052505493,-0.0173809751868248,-0.3967703878879547,-0.09500248730182648,-0.09367027878761292,-0.37908634543418884,-0.0327845960855484,-0.41187095642089844,-0.024515964090824127,-0.030553434044122696,0.1662173867225647,-0.010693701915442944,0.15552368760108948,-0.13564710319042206,-0.12656182050704956,0.17419426143169403,-0.044296637177467346,0.12989762425422668,0.04960665851831436,0.02696487307548523,0.09929902851581573,0.009437705390155315,0.10873673111200333,-0.06813482940196991,-0.0675511583685875,-0.002685878425836563,-0.023642905056476593,-0.026328783482313156,0.04333104193210602,0.03558060899376869,-0.06900984793901443,0.012453213334083557,-0.05655663460493088
9.82,0.0,-0.075,0.0,-0.061875816536106486,-0.15793542624315737,0.5342988463096706,0.0533500611782074,0.5800250917673111,0.05601756423711776,0.0,0.05601756423711776,0.986338198184967,0.07682742178440094,0.9763529300689697,0.05254773795604706,0.07834438979625702,-0.3790838420391083,0.027420535683631897,-0.3516632914543152,0.011258902959525585,7.664551958441734e-06,-0.37938567996025085,2.6825930490304017e-06,-0.37938299775123596,0.044829271733760834,0.05762062966823578,-0.37919431924819946,0.020167220383882523,-0.35902708768844604,0.0038995062932372093,-0.004996502306312323,-0.3791634440422058,-0.0017487758304923773,-0.3809122145175934,-0.04571273922920227,-0.04847577214241028,-0.37939852476119995,-0.016966519877314568,-0.39636504650115967,-0.06363337486982346,-0.08465920388698578,-0.37909653782844543,-0.029630720615386963,-0.4087272584438324,-0.04714541509747505,-0.03553102910518646,0.18228530883789062,-0.012435860000550747,0.1698494553565979,-0.15715312957763672,-0.13573920726776123,0.2178788185119629,-0.04750872030854225,0.17037010192871094,0.03144665062427521,0.028309406712651253,0.15936335921287537,0.009908292442560196,0.16927164793014526,-0.10327823460102081,-0.07826928049325943,0.058308109641075134,-0.0273942481726408,0.030913861468434334,0.08590245991945267,0.050677165389060974,-0.022775448858737946,0.01773700676858425,-0.005038442090153694
9.84,0.0,-0.075,0.0,-0.09684269126133598,-0.1443816953352395,0.7363040601435303,0.030476873740553856,0.5457153106108308,0.032000717427581545,0.0,0.032000717427581545,1.0132113695144653,0.07277306914329529,1.0013474225997925,0.0074720000848174095,0.05708267167210579,-0.37907856702804565,0.01997893489897251,-0.3590996265411377,-0.007689709309488535,-0.0023015476763248444,-0.3793719410896301,-0.0008055416983552277,-0.38017746806144714,0.04637124389410019,0.05424581468105316,-0.37921902537345886,0.018986035138368607,-0.36023297905921936,-0.02911090850830078,-0.012230824679136276,-0.3791421353816986,-0.004280788358300924,-0.3834229111671448,0.0020134206861257553,-0.03332901373505592,-0.3794039189815521,-0.011665154248476028,-0.39106908440589905,-0.025320373475551605,-0.06685755401849747,-0.3791101574897766,-0.023400142788887024,-0.40251028537750244,-0.035691339522600174,-0.035579122602939606,0.1903645098209381,-0.012452692724764347,0.17791181802749634,-0.12239600718021393,-0.13173624873161316,0.25537410378456116,-0.046107687056064606,0.20926642417907715,0.02474101632833481,0.027238890528678894,0.2166299819946289,0.009533611126244068,0.2261635959148407,-0.1048247218132019,-0.086235910654068,0.12061557173728943,-0.030182568356394768,0.09043300151824951,0.10527083277702332,0.06705527007579803,0.028545737266540527,0.023469343781471252,0.05201508104801178
9.86,0.0,-0.075,0.0,-0.1291385323156015,-0.13152047471256642,0.926008262382601,0.026947563514113426,0.5404213452711701,0.028294941689819095,0.0,0.028294941689819095,1.046181559562683,0.06749194860458374,1.0358562469482422,-0.019719045609235764,0.03404215723276138,-0.37907713651657104,0.011914755217730999,-0.3671623766422272,0.000955602154135704,-0.0013244027504697442,-0.3793551027774811,-0.0004635409568436444,-0.3798186480998993,0.02682947739958763,0.04602091386914253,-0.379244327545166,0.01610731892287731,-0.36313700675964355,-0.03539172187447548,-0.019179094582796097,-0.3791232109069824,-0.006712683010846376,-0.3858358860015869,0.022048315033316612,-0.01671581342816353,-0.37940549850463867,-0.005850534420460463,-0.3852560222148895,-0.0400901660323143,-0.05882733687758446,-0.3791269063949585,-0.020589567720890045,-0.39971646666526794,-0.028742525726556778,-0.03352814167737961,0.19031831622123718,-0.011734849773347378,0.17858347296714783,-0.1198304295539856,-0.12816449999809265,0.2860458493232727,-0.04485757276415825,0.24118827283382416,0.03278805688023567,0.028903640806674957,0.27013012766838074,0.01011627446860075,0.28024640679359436,-0.05749816074967384,-0.07761458307504654,0.18318244814872742,-0.02716510370373726,0.15601734817028046,0.08823321759700775,0.07340865582227707,0.08408551663160324,0.025693029165267944,0.10977854579687119
9.88,0.0,-0.075,0.0,-0.15909077562417345,-0.12099797157513235,1.0914813861386419,0.006678275763988495,0.5100174136459827,0.007012189552187919,0.0,0.007012189552187919,1.083471655845642,0.05983693525195122,1.0784194469451904,-0.021328454837203026,0.017430974170565605,-0.37907958030700684,0.006100840866565704,-0.37297874689102173,0.000730474479496479,-0.0007079395581968129,-0.37933558225631714,-0.00024777883663773537,-0.37958335876464844,0.012216893956065178,0.0358797051012516,-0.37926948070526123,0.01255789678543806,-0.3667115867137909,-0.07902001589536667,-0.03713137283921242,-0.3791070878505707,-0.012995980679988861,-0.39210307598114014,0.028602877631783485,-0.0031202053651213646,-0.37940317392349243,-0.0010920718777924776,-0.38049525022506714,-0.03442709892988205,-0.051507264375686646,-0.37914639711380005,-0.018027542158961296,-0.3971739411354065,0.009239879436790943,-0.020697735249996185,0.18214744329452515,-0.007244207430630922,0.17490322887897491,-0.0995674803853035,-0.11958539485931396,0.30937519669532776,-0.04185488820075989,0.26752030849456787,0.02488340437412262,0.027697570621967316,0.31895869970321655,0.00969414971768856,0.32865285873413086,-0.005361983552575111,-0.055938802659511566,0.2449503242969513,-0.01957857981324196,0.22537174820899963,0.06370016187429428,0.07049611210823059,0.14290431141853333,0.024673638865351677,0.16757795214653015
9.9,0.0,-0.075,0.0,-0.18371891269021734,-0.11363702002979297,1.2282086880938374,-0.014394079335033894,0.47840888099744916,0.0,0.0,0.0,1.1233206987380981,0.05575750768184662,1.1207572221755981,-0.011133999563753605,0.0088614821434021,-0.379085898399353,0.0031015186104923487,-0.3759843707084656,-0.02294982224702835,-0.007380504626780748,-0.37931379675865173,-0.0025831765960901976,-0.38189697265625,-0.0026036351919174194,0.024334702640771866,-0.3792940378189087,0.008517146110534668,-0.370776891708374,-0.0494251474738121,-0.04081950709223747,-0.37909412384033203,-0.0142868272960186,-0.39338093996047974,0.06263403594493866,0.01660606823861599,-0.3793969452381134,0.005812123883515596,-0.3735848069190979,-0.005779614672064781,-0.03778896853327751,-0.3791680634021759,-0.013226138427853584,-0.39239421486854553,-0.005110149271786213,-0.01602146029472351,0.1659902036190033,-0.005607510916888714,0.1603826880455017,-0.09909769147634506,-0.11343908309936523,0.3249674439430237,-0.03970367833971977,0.2852637767791748,0.027766704559326172,0.027718311175704002,0.36228975653648376,0.009701408445835114,0.3719911575317383,-0.004580128937959671,-0.04053119942545891,0.3048742413520813,-0.014185919426381588,0.29068833589553833,0.08821447938680649,0.07581162452697754,0.2040071189403534,0.02653406746685505,0.2305411845445633
9.92,0.0,-0.075,0.0,-0.20039761937507983,-0.10749104509080147,1.3354052687758042,-0.02171359583735466,0.467429606243968,0.0,0.0,0.0,1.1641035079956055,0.05444910377264023,1.165321946144104,0.01181618869304657,0.00974789448082447,-0.3790959119796753,0.0034117631148546934,-0.37568414211273193,-0.028228463605046272,-0.01363489218056202,-0.37929028272628784,-0.004772212356328964,-0.3840624988079071,0.016826625913381577,0.02208228036761284,-0.37931734323501587,0.007728797849267721,-0.3715885579586029,-0.08520039170980453,-0.05413377285003662,-0.3790847063064575,-0.018946820870041847,-0.3980315327644348,0.062083370983600616,0.030249260365962982,-0.3793870806694031,0.010587240569293499,-0.3687998354434967,0.0046308645978569984,-0.02506301738321781,-0.379191517829895,-0.008772055618464947,-0.38796356320381165,-0.007102602161467075,-0.013345802202820778,0.1421198844909668,-0.004671030677855015,0.13744884729385376,-0.0800914615392685,-0.10343479365110397,0.33255887031555176,-0.03620217740535736,0.2963566780090332,0.005011643283069134,0.02090631052851677,0.39939016103744507,0.007317208684980869,0.40670737624168396,0.033292219042778015,-0.0183841735124588,0.36194050312042236,-0.006434460636228323,0.355506032705307,0.10805374383926392,0.08548425883054733,0.26636025309562683,0.029919490218162537,0.2962797284126282
9.94,0.0,-0.075,0.0,-0.21289307801289423,-0.10242964525937091,1.4170619573168517,-0.06034660339355469,0.40948009490966797,0.0,0.0,0.0,1.2044013738632202,0.05535219982266426,1.208428978919983,-0.04449249804019928,-0.006524223368614912,-0.37910938262939453,-0.002283478155732155,-0.38139286637306213,-0.014568014070391655,-0.01391482912003994,-0.37926560640335083,-0.004870190285146236,-0.38413578271865845,0.007746649906039238,0.017781591042876244,-0.379338800907135,0.006223556585609913,-0.3731152415275574,-0.02706286311149597,-0.046012502163648605,-0.3790789842605591,-0.016104375943541527,-0.39518335461616516,0.08402933180332184,0.04638328403234482,-0.379373699426651,0.016234148293733597,-0.3631395399570465,-0.009637021459639072,-0.020435217767953873,-0.37921616435050964,-0.007152325939387083,-0.3863684833049774,-0.015794001519680023,-0.014080261811614037,0.11094029992818832,-0.004928091540932655,0.10601221024990082,-0.09132102131843567,-0.09980066120624542,0.33202099800109863,-0.03493022918701172,0.2970907688140869,-0.011988146230578423,0.011037973687052727,0.42963239550590515,0.003863290650770068,0.4334957003593445,0.03349689394235611,-0.002819852903485298,0.4151836931705475,-0.00098694849293679,0.41419675946235657,0.12516318261623383,0.09738793969154358,0.32890886068344116,0.034085776656866074,0.36299464106559753
9.96,0.0,-0.075,0.0,-0.22199195702756447,-0.09630699254580122,1.4840234322661623,-0.05137702822685242,0.4229344576597214,0.0,0.0,0.0,1.2430377006530762,0.059260640293359756,1.2480790615081787,-0.04365760087966919,-0.017664236947894096,-0.37912601232528687,-0.006182482931762934,-0.38530850410461426,-0.007586670108139515,-0.012016382068395615,-0.37924039363861084,-0.00420573353767395,-0.3834461271762848,0.010365834459662437,0.015556863509118557,-0.3793579339981079,0.005444901995360851,-0.3739130198955536,-0.03601397946476936,-0.04301294684410095,-0.37907707691192627,-0.015054531395435333,-0.394131600856781,0.08893682062625885,0.05914934352040291,-0.3793572187423706,0.020702270790934563,-0.3586549460887909,0.006076582707464695,-0.01248167734593153,-0.379241406917572,-0.004368586931377649,-0.38360998034477234,-0.026452653110027313,-0.017791979014873505,0.0729789212346077,-0.006227192468941212,0.06675172597169876,-0.11128752678632736,-0.10324671864509583,0.32336294651031494,-0.03613635152578354,0.2872265875339508,-0.017574861645698547,0.0024541225284337997,0.45250481367111206,0.0008589428616687655,0.4533637464046478,0.011576849967241287,0.0014991580974310637,0.46370309591293335,0.0005247053341008723,0.4642277956008911,0.12991461157798767,0.10714593529701233,0.3905948996543884,0.037501078099012375,0.4280959665775299
9.98,0.0,-0.075,0.0,-0.228336014542276,-0.09093414333749157,1.5224185399820287,-0.045951977372169495,0.43107203394174576,0.0,0.0,0.0,1.2790888547897339,0.06168336421251297,1.2866874933242798,-0.055036962032318115,-0.028876055032014847,-0.3791453242301941,-0.010106619447469711,-0.3892519474029541,0.012308444827795029,-0.004718933254480362,-0.3792151212692261,-0.001651626662351191,-0.38086673617362976,-0.01981421746313572,0.004945538472384214,-0.37937432527542114,0.0017309384420514107,-0.3776433765888214,-0.01376824826002121,-0.03423953801393509,-0.37907910346984863,-0.011983837932348251,-0.3910629451274872,0.07144691050052643,0.062838613986969,-0.37933793663978577,0.021993514150381088,-0.3573444187641144,0.0024229837581515312,-0.008010278455913067,-0.379266619682312,-0.002803597366437316,-0.3820702135562897,-0.008714052848517895,-0.01506860088557005,0.02887793630361557,-0.005274010356515646,0.023603925481438637,-0.09729140996932983,-0.10146012902259827,0.3067312240600586,-0.035511042922735214,0.2712201774120331,-0.03887249529361725,-0.00994386337697506,0.4676204323768616,-0.0034803522285073996,0.4641400873661041,0.0070488341152668,0.00316406087949872,0.5066779851913452,0.001107421237975359,0.5077853798866272,0.14949294924736023,0.1198500394821167,0.4503747224807739,0.041947513818740845,0.49232223629951477
10.0,0.0,-0.075,0.0,-0.23115050754130692,-0.08633265225244148,1.5255252495963683,-0.022946631535887718,0.4655800526961684,0.0,0.0,0.0,1.311880350112915,0.06117580831050873,1.3280003070831299,-0.04930605739355087,-0.035005055367946625,-0.37916696071624756,-0.012251769192516804,-0.3914187252521515,-0.0007080705836415291,-0.003515674499794841,-0.3791905641555786,-0.0012304860865697265,-0.3804210424423218,-0.02352970279753208,-0.003597034141421318,-0.3793874979019165,-0.0012589619727805257,-0.3806464672088623,-0.024668730795383453,-0.03136829659342766,-0.3790850043296814,-0.010978903621435165,-0.39006391167640686,0.04042544960975647,0.05611466243863106,-0.37931638956069946,0.019640130922198296,-0.3596762716770172,0.008391897194087505,-0.0030896253883838654,-0.37929126620292664,-0.0010813688859343529,-0.38037264347076416,-0.010845654644072056,-0.013801717199385166,-0.020616605877876282,-0.004830601159483194,-0.02544720657169819,-0.07568033039569855,-0.09372618794441223,0.28240716457366943,-0.03280416503548622,0.2496030032634735,-0.013086550869047642,-0.010886670090258121,0.47472357749938965,-0.003810334485024214,0.47091323137283325,0.09489524364471436,0.03068341687321663,0.5433812737464905,0.010739196091890335,0.5541204810142517,0.1302652209997177,0.12297459691762924,0.5072370767593384,0.043041110038757324,0.5502781867980957
10.02,0.0,-0.075,0.0,-0.2337342380133761,-0.07611619791357599,1.5404449990744025,-0.05094575136899948,0.4235813729465008,0.0,0.0,0.0,1.2883882522583008,0.06452780961990356,1.3020122051239014,-0.04780835658311844,-0.03884604573249817,-0.3790796399116516,-0.01359611563384533,-0.3926757574081421,0.019787581637501717,0.0034753025975078344,-0.3793761134147644,0.0012163559440523386,-0.378159761428833,-0.03445573151111603,-0.012854643166065216,-0.37921208143234253,-0.004499124828726053,-0.38371121883392334,0.04057508707046509,-0.00978528056293726,-0.37914785742759705,-0.003424848197028041,-0.3825727105140686,0.06621947139501572,0.059146106243133545,-0.3794028162956238,0.02070113644003868,-0.3587016761302948,0.02449307218194008,0.005185184068977833,-0.3791060447692871,0.0018148144008591771,-0.3772912323474884,-0.0019545136019587517,-0.010247556492686272,0.01582365669310093,-0.003586644772440195,0.012237012386322021,-0.09284072369337082,-0.09346054494380951,0.30081862211227417,-0.03271118924021721,0.26810744404792786,-0.018064316362142563,-0.013039964251220226,0.4703703224658966,-0.0045639872550964355,0.46580633521080017,0.043824609369039536,0.03462577611207962,0.5173830986022949,0.012119021266698837,0.5295020937919617,0.16612796485424042,0.13592061400413513,0.46628138422966003,0.047572214156389236,0.5138536095619202
10.040000000000001,0.0,-0.075,0.0,-0.23403330642199158,-0.06810491393452144,1.519606531254407,-0.06085281819105148,0.4087207727134228,0.0,0.0,0.0,1.320197582244873,0.06693241000175476,1.3357638120651245,-0.05798356980085373,-0.04458730295300484,-0.37907713651657104,-0.015605555847287178,-0.39468270540237427,0.0020967405289411545,0.003061734139919281,-0.3793600797653198,0.0010716068791225553,-0.37828847765922546,-0.0005770865827798843,-0.009171376004815102,-0.37923726439476013,-0.0032099816016852856,-0.3824472427368164,0.011613442562520504,-0.003365663578733802,-0.37912821769714355,-0.0011779821943491697,-0.380306214094162,0.06281403452157974,0.060246482491493225,-0.3794054388999939,0.02108626812696457,-0.35831916332244873,0.018573440611362457,0.009201660752296448,-0.37912195920944214,0.003220581216737628,-0.37590137124061584,-0.06381257623434067,-0.026317063719034195,-0.03500565141439438,-0.009210972115397453,-0.04421662539243698,-0.12186142057180405,-0.10198080539703369,0.2744539976119995,-0.03569328039884567,0.23876070976257324,-0.002108556218445301,-0.009760541841387749,0.47525209188461304,-0.0034161896910518408,0.4718359112739563,0.03710930794477463,0.035370834171772,0.5522555112838745,0.012379791587591171,0.5646352767944336,0.13408242166042328,0.13536915183067322,0.5221743583679199,0.047379203140735626,0.569553554058075
10.06,0.0,-0.075,0.0,-0.23378439207695476,-0.06437137306876974,1.4674240063142407,-0.09824686497449875,0.3526297025382519,0.0,0.0,0.0,1.348227858543396,0.06833253800868988,1.3666644096374512,-0.024124182760715485,-0.03844836726784706,-0.3790785074234009,-0.013456928543746471,-0.3925354480743408,0.002654113806784153,0.002939447993412614,-0.3793412446975708,0.0010288067860528827,-0.37831243872642517,-0.051023371517658234,-0.021726975217461586,-0.3792625665664673,-0.00760444113984704,-0.3868670165538788,0.06906230747699738,0.018362728878855705,-0.37911123037338257,0.006426955107599497,-0.3726842701435089,0.06777366250753403,0.06250463426113129,-0.3794041872024536,0.02187662199139595,-0.35752755403518677,0.027752820402383804,0.014767009764909744,-0.379140704870224,0.005168453324586153,-0.37397223711013794,0.03348807990550995,-0.008375519886612892,-0.09014780074357986,-0.002931431867182255,-0.09307923167943954,-0.07741744816303253,-0.09461179375648499,0.2409430593252182,-0.033114127814769745,0.20782893896102905,-0.03150210157036781,-0.016283011063933372,0.47199225425720215,-0.00569905387237668,0.46629318594932556,0.07670196890830994,0.047770172357559204,0.580085277557373,0.016719559207558632,0.5968048572540283,0.15704099833965302,0.14187070727348328,0.5739352107048035,0.049654748290777206,0.6235899329185486
10.08,0.0,-0.075,0.0,-0.23262700591408655,-0.06001466761036311,1.4046431316304024,-0.0771242305636406,0.3843136541545391,0.0,0.0,0.0,1.3723136186599731,0.06883945316076279,1.3976517915725708,-0.03019094653427601,-0.03597114235162735,-0.3790838122367859,-0.012589899823069572,-0.3916737139225006,-0.003337385132908821,0.001056398032233119,-0.37932005524635315,0.00036973931128159165,-0.3789503276348114,0.03687431663274765,-0.00414658710360527,-0.37928733229637146,-0.0014513054629787803,-0.38073864579200745,-0.06950325518846512,-0.007997066713869572,-0.3790974020957947,-0.00279897334985435,-0.38189637660980225,0.05647335946559906,0.06069525331258774,-0.37939906120300293,0.02124333754181862,-0.3581557273864746,0.039750128984451294,0.02226194553077221,-0.3791618347167969,0.007791680749505758,-0.3713701665401459,0.0357164666056633,0.00485207699239254,-0.14866995811462402,0.0016982269007712603,-0.14697173237800598,-0.08492346107959747,-0.09170529246330261,0.20085270702838898,-0.032096851617097855,0.16875585913658142,0.011792962439358234,-0.007860219106078148,0.46064603328704834,-0.0027510765939950943,0.4578949511051178,0.12966234982013702,0.07233782112598419,0.6004016399383545,0.025318237021565437,0.6257199048995972,0.133260115981102,0.139287531375885,0.6206883192062378,0.048750635236501694,0.6694389581680298
10.1,0.0,-0.075,0.0,-0.22815308146432545,-0.05707623961729999,1.3145731038617303,-0.11193349957466125,0.3320997506380081,0.0,0.0,0.0,1.3924777507781982,0.07123743742704391,1.4180935621261597,-0.003013134002685547,-0.02608373947441578,-0.3790927827358246,-0.009129309095442295,-0.3882220983505249,0.008320635184645653,0.0032356693409383297,-0.3792969584465027,0.0011324842926114798,-0.37816447019577026,-0.02035132609307766,-0.009008008986711502,-0.3793110251426697,-0.0031528030522167683,-0.38246384263038635,0.03768588602542877,0.005707819480448961,-0.3790869116783142,0.0019977367483079433,-0.37708917260169983,0.07948853075504303,0.06633323431015015,-0.379390150308609,0.02321663126349449,-0.3561735153198242,0.044506773352622986,0.028935395181179047,-0.37918487191200256,0.010127387940883636,-0.36905747652053833,0.04584822803735733,0.01715092360973358,-0.20958209037780762,0.006002823356539011,-0.20357926189899445,-0.09139025956392288,-0.09161078184843063,0.15486115217208862,-0.03206377476453781,0.12279737740755081,0.006721056066453457,-0.003485836321488023,0.4414052963256836,-0.0012200427008792758,0.4401852488517761,0.0711861103773117,0.07199230790138245,0.6128609776496887,0.025197306647896767,0.6380583047866821,0.16379334032535553,0.14663927257061005,0.6616427898406982,0.051323745399713516,0.7129665613174438
10.120000000000001,0.0,-0.075,0.0,-0.2193877859725999,-0.05451847274593467,1.1977750766835695,-0.10991565883159637,0.33512651175260544,0.0,0.0,0.0,1.4089045524597168,0.07521139830350876,1.440110683441162,-0.011500069871544838,-0.021708639338612556,-0.3791053295135498,-0.007598023861646652,-0.38670334219932556,0.03952126204967499,0.014121348038315773,-0.3792725205421448,0.004942471627146006,-0.3743300437927246,0.011684313416481018,-0.002800311893224716,-0.3793330192565918,-0.0009801090927794576,-0.38031312823295593,-0.033705778419971466,-0.006116260774433613,-0.3790801763534546,-0.0021406912710517645,-0.38122087717056274,0.06053442507982254,0.0645935907959938,-0.37937772274017334,0.02260775677859783,-0.35676997900009155,0.038520392030477524,0.03181089460849762,-0.3792092204093933,0.011133813299238682,-0.3680754005908966,0.05651133134961128,0.02895904704928398,-0.2718537747859955,0.010135666467249393,-0.26171809434890747,-0.07568635046482086,-0.08683345466852188,0.1037464290857315,-0.03039170801639557,0.07335472106933594,0.03708238527178764,0.008684630505740643,0.4145955443382263,0.0030396205838769674,0.4176351726055145,0.1281764954328537,0.0888475626707077,0.6172524094581604,0.031096646562218666,0.6483490467071533,0.17347946763038635,0.15469133853912354,0.6961058378219604,0.05414196848869324,0.7502478361129761
10.14,0.0,-0.075,0.0,-0.20629579834728018,-0.054058754782230746,1.0652072094271834,-0.15605947375297546,0.2659107893705368,0.0,0.0,0.0,1.4219095706939697,0.07957115769386292,1.4516977071762085,0.025574827566742897,-0.0075235990807414055,-0.3791210651397705,-0.002633259631693363,-0.3817543387413025,0.035234205424785614,0.02045520395040512,-0.37924742698669434,0.00715932110324502,-0.37208810448646545,-0.005981555208563805,-0.003754684701561928,-0.379352867603302,-0.0013141395756974816,-0.3806670010089874,-0.05236566811800003,-0.019991084933280945,-0.3790772259235382,-0.006996879819780588,-0.38607409596443176,0.09669338166713715,0.07422353327274323,-0.3793620765209198,0.02597823552787304,-0.3533838391304016,0.08005444705486298,0.04628396034240723,-0.3792344033718109,0.0161993857473135,-0.36303502321243286,0.09690982848405838,0.04934428259730339,-0.334431529045105,0.017270497977733612,-0.31716102361679077,-0.08798450231552124,-0.08717876672744751,0.048373229801654816,-0.03051256760954857,0.017860662192106247,0.041977956891059875,0.018672628328204155,0.38067036867141724,0.006535419728606939,0.3872057795524597,0.0866372287273407,0.08818446099758148,0.613501787185669,0.03086456097662449,0.6443663239479065,0.16595244407653809,0.1580696702003479,0.7234943509101868,0.055324383080005646,0.7788187265396118
10.16,0.0,-0.075,0.0,-0.18932179966443405,-0.05369355296933512,0.9210957830295037,-0.12719814479351044,0.30920278280973434,0.0,0.0,0.0,1.4319056272506714,0.08048710972070694,1.4604847431182861,0.010152462869882584,-0.0022207803558558226,-0.3791397213935852,-0.0007772730896249413,-0.3799169957637787,0.05449245125055313,0.030666377395391464,-0.3792220950126648,0.010733231902122498,-0.3684888482093811,-0.01154690608382225,-0.00609235092997551,-0.3793700933456421,-0.002132322872057557,-0.3815024197101593,-0.022188737988471985,-0.020650381222367287,-0.3790781497955322,-0.007227633148431778,-0.3863057792186737,0.0683118999004364,0.07245004177093506,-0.37934350967407227,0.02535751461982727,-0.353985995054245,0.016208559274673462,0.03726134076714516,-0.3792596459388733,0.013041469268500805,-0.3662181794643402,0.12063508480787277,0.070731520652771,-0.39625680446624756,0.02475603111088276,-0.37150076031684875,-0.05397960543632507,-0.07721901684999466,-0.010321686044335365,-0.02702665515244007,-0.037348341196775436,0.02864900603890419,0.02166554145514965,0.3402036428451538,0.007582939229905605,0.3477865755558014,0.07063226401805878,0.08291880041360855,0.6016722917556763,0.029021579772233963,0.6306938529014587,0.17406508326530457,0.16286829113960266,0.7433451414108276,0.05700390040874481,0.8003490567207336
10.18,0.0,-0.075,0.0,-0.16802873347686687,-0.05752076989751236,0.7561203552420551,-0.18877671658992767,0.2168349251151085,0.0,0.0,0.0,1.4393666982650757,0.0796339139342308,1.4664232730865479,0.04282902181148529,0.011294160969555378,-0.37916073203086853,0.0039529562927782536,-0.375207781791687,0.017668073996901512,0.026766885071992874,-0.37919729948043823,0.009368409402668476,-0.36982887983322144,-0.01599215529859066,-0.00906229205429554,-0.37938421964645386,-0.0031718022655695677,-0.3825560212135315,-0.010147735476493835,-0.017499586567282677,-0.37908297777175903,-0.0061248550191521645,-0.3852078318595886,0.09862913936376572,0.08030377328395844,-0.3793225586414337,0.028106320649385452,-0.35121622681617737,0.07031182199716568,0.04717648774385452,-0.3792845606803894,0.016511769965291023,-0.36277279257774353,0.039510179311037064,0.06136511638760567,-0.4562836289405823,0.02147779054939747,-0.43480584025382996,-0.04015553742647171,-0.06609997153282166,-0.07134538888931274,-0.02313498966395855,-0.09448038041591644,0.06149870529770851,0.03361549228429794,0.29387998580932617,0.01176542229950428,0.3056454062461853,0.08263419568538666,0.0828334167599678,0.581964373588562,0.0289916954934597,0.610956072807312,0.15471050143241882,0.1604209542274475,0.7553222179412842,0.05614733323454857,0.811469554901123
10.200000000000001,0.0,-0.075,0.0,-0.14496204031557694,-0.06220563883204311,0.5867259499419601,-0.15861400961875916,0.26207898557186127,0.0,0.0,0.0,1.4447886943817139,0.07489429414272308,1.4685598611831665,0.02804524265229702,0.016319485381245613,-0.37918370962142944,0.005711819976568222,-0.3734718859195709,0.06552097201347351,0.038393110036849976,-0.3791734576225281,0.013437588699162006,-0.36573585867881775,0.006177376955747604,-0.004490391351282597,-0.3793949484825134,-0.0015716369962319732,-0.38096657395362854,0.06370796263217926,0.006862679496407509,-0.3790915608406067,0.0024019377306103706,-0.376689612865448,0.017775287851691246,0.061545226722955704,-0.37929967045783997,0.02154082991182804,-0.35775884985923767,-0.029178980737924576,0.024269845336675644,-0.37930840253829956,0.00849444605410099,-0.3708139657974243,0.07027313113212585,0.0640375167131424,-0.5134965181350708,0.022413130849599838,-0.49108338356018066,-0.04333369806408882,-0.059270091354846954,-0.133665531873703,-0.020744532346725464,-0.15441006422042847,0.021623220294713974,0.030017811805009842,0.242482990026474,0.010506234131753445,0.2529892325401306,0.05738168582320213,0.07519789785146713,0.5547111630439758,0.026319263502955437,0.5810304284095764,0.15729659795761108,0.1594836413860321,0.7592231035232544,0.05581927299499512,0.8150423765182495
10.22,0.0,-0.075,0.0,-0.1172940280534145,-0.07016960519827412,0.40101752279967534,-0.144273042678833,0.2835904359817505,0.0,0.0,0.0,1.4486494064331055,0.06952299177646637,1.4689960479736328,0.015062021091580391,0.015942245721817017,-0.379207968711853,0.005579785909503698,-0.373628169298172,0.02799900807440281,0.03527487814426422,-0.37915128469467163,0.012346207164227962,-0.3668050765991211,-0.002736048772931099,-0.00396408885717392,-0.3794019818305969,-0.0013874310534447432,-0.3807893991470337,0.0368245393037796,0.015851236879825592,-0.37910372018814087,0.0055479328148067,-0.3735557794570923,0.0066192373633384705,0.045067429542541504,-0.379275381565094,0.015773599967360497,-0.36350178718566895,-0.026108209043741226,0.009156429208815098,-0.3793306052684784,0.0032047501299530268,-0.37612584233283997,0.09251510351896286,0.07258079200983047,-0.5669277310371399,0.025403276085853577,-0.5415244698524475,-0.04312380403280258,-0.05442620813846588,-0.19622787833213806,-0.01904917322099209,-0.2152770459651947,0.024414606392383575,0.02833685092628002,0.1868821531534195,0.00991789810359478,0.19680005311965942,0.059312622994184494,0.07043231278657913,0.5203738212585449,0.024651309475302696,0.545025110244751,0.11757058650255203,0.14690972864627838,0.7549817562103271,0.051418405026197433,0.8064001798629761
10.24,0.0,-0.075,0.0,-0.0883325446306218,-0.07450615455909802,0.22851780153634257,-0.11467458307743073,0.3279881253838539,0.0,0.0,0.0,1.451371431350708,0.06103582680225372,1.4667463302612305,0.0750078335404396,0.03366192430257797,-0.37923312187194824,0.011781672947108746,-0.3674514591693878,-0.01733931340277195,0.019490620121359825,-0.3791312575340271,0.006821717135608196,-0.37230953574180603,-0.0015941411256790161,-0.0032531043980270624,-0.37940531969070435,-0.001138586550951004,-0.38054391741752625,0.04558257386088371,0.024770637974143028,-0.3791190981864929,0.008669722825288773,-0.37044936418533325,0.04460799694061279,0.04492960125207901,-0.37925031781196594,0.015725359320640564,-0.3635249733924866,-0.00894932821393013,0.003724701702594757,-0.3793507218360901,0.0013036455493420362,-0.37804707884788513,0.019319240003824234,0.05660232529044151,-0.6156732439994812,0.019810814410448074,-0.5958624482154846,-0.03910277783870697,-0.04982918128371239,-0.2579740285873413,-0.01744021289050579,-0.27541422843933105,0.04302714020013809,0.03274393826723099,0.1280180960893631,0.011460377834737301,0.13947847485542297,0.0762534886598587,0.0721786618232727,0.47953325510025024,0.025262530893087387,0.5047957897186279,0.05543985962867737,0.11946877092123032,0.742669939994812,0.04181407019495964,0.7844840288162231
10.26,0.0,-0.075,0.0,-0.05395249158933376,-0.08218313118977268,0.032855014697335726,-0.10395899415016174,0.3440615087747574,0.0,0.0,0.0,1.453287124633789,0.05985343083739281,1.4623507261276245,0.08809423446655273,0.04999161511659622,-0.379258394241333,0.017497064545750618,-0.36176133155822754,0.01638425700366497,0.01855871081352234,-0.3791138529777527,0.006495548877865076,-0.37261831760406494,0.049148280173540115,0.012467311695218086,-0.3794046640396118,0.004363559186458588,-0.37504109740257263,-0.10687265545129776,-0.014722350984811783,-0.37913745641708374,-0.0051528229378163815,-0.38429027795791626,0.05482780933380127,0.04789905995130539,-0.379224956035614,0.016764670610427856,-0.36246028542518616,0.046188659965991974,0.016463888809084892,-0.37936824560165405,0.005762360990047455,-0.373605877161026,0.07773470133543015,0.06294204294681549,-0.658908486366272,0.022029714658856392,-0.6368787884712219,-0.060085445642471313,-0.052906058728694916,-0.3178594708442688,-0.01851711980998516,-0.3363765776157379,0.0453859381377697,0.03653653711080551,0.06688658893108368,0.012787788175046444,0.0796743780374527,0.0487532801926136,0.06515104323625565,0.4328802824020386,0.022802865132689476,0.4556831419467926,0.07278970628976822,0.10546505451202393,0.7224958539009094,0.036912769079208374,0.7594085931777954
10.28,0.0,-0.075,0.0,-0.02088413243684832,-0.09178606619656704,-0.15322763673073472,-0.1372867375612259,0.29406989365816116,0.0,0.0,0.0,1.4546116590499878,0.058751001954078674,1.4532289505004883,0.12450240552425385,0.07234485447406769,-0.3792833089828491,0.02532069943845272,-0.35396260023117065,-0.02817372791469097,0.004538979381322861,-0.37909942865371704,0.0015886427136138082,-0.37751078605651855,0.03981054946780205,0.02067028358578682,-0.3794001638889313,0.007234598975628614,-0.3721655607223511,-0.022660257294774055,-0.01710372418165207,-0.37915822863578796,-0.005986303556710482,-0.38514453172683716,0.05082518607378006,0.04877689853310585,-0.3792000710964203,0.017071913927793503,-0.3621281683444977,0.015591130591928959,0.016202062368392944,-0.3793827295303345,0.005670721642673016,-0.3737120032310486,0.10087810456752777,0.07432286441326141,-0.6959020495414734,0.026013001799583435,-0.6698890328407288,-0.02578570693731308,-0.044769950211048126,-0.3748711049556732,-0.015669481828808784,-0.39054059982299805,0.051081351935863495,0.040899984538555145,0.0045218029990792274,0.014314994215965271,0.018836796283721924,0.0639764815568924,0.06479867547750473,0.381204217672348,0.022679535672068596,0.40388375520706177,0.015559227205812931,0.07849330455064774,0.6948009729385376,0.027472656220197678,0.7222736477851868
10.3,0.0,-0.075,0.0,0.014226312974740687,-0.10349200180566133,-0.35443539758106396,-0.14538410305976868,0.281923845410347,0.0,0.0,0.0,1.455424427986145,0.060774486511945724,1.4458330869674683,0.12593905627727509,0.08842311799526215,-0.37930721044540405,0.03094809129834175,-0.3483591079711914,-0.028757229447364807,-0.0054498836398124695,-0.3790884017944336,-0.0019074592273682356,-0.38099586963653564,0.025506846606731415,0.022121252492070198,-0.3793918490409851,0.007742438465356827,-0.3716494143009186,-0.011782700195908546,-0.015507416799664497,-0.3791809678077698,-0.005427595693618059,-0.38460856676101685,0.05521804094314575,0.05070924013853073,-0.37917613983154297,0.017748232930898666,-0.361427903175354,0.0334780216217041,0.02138485014438629,-0.37939390540122986,0.00748469727113843,-0.3719092011451721,0.10247734934091568,0.08276920765638351,-0.7260280847549438,0.02896922267973423,-0.6970588564872742,-0.01598399132490158,-0.03613416105508804,-0.4280444383621216,-0.012646956369280815,-0.44069138169288635,0.038607075810432434,0.04021210968494415,-0.058021243661642075,0.014074238017201424,-0.0439470037817955,0.08664104342460632,0.07135138660669327,0.3253791928291321,0.024972984567284584,0.3503521680831909,0.019057895988225937,0.06066267937421799,0.6600536108016968,0.021231938153505325,0.681285560131073
10.32,0.0,-0.075,0.0,0.0445926310750448,-0.11560722056198208,-0.5520698090668695,-0.12094300240278244,0.31858549639582634,0.0,0.0,0.0,1.4556626081466675,0.057647932320833206,1.442375898361206,0.13388018310070038,0.1020602434873581,-0.37932953238487244,0.03572108596563339,-0.34360843896865845,-0.008636362850666046,-0.006405827589333057,-0.37908101081848145,-0.00224203965626657,-0.38132303953170776,0.025261221453547478,0.02306324429810047,-0.3793799877166748,0.008072135038673878,-0.3713078498840332,0.035136908292770386,-0.0003141183406114578,-0.3792051672935486,-0.00010994141484843567,-0.3793151080608368,0.016109364107251167,0.04032927379012108,-0.3791537582874298,0.014115246012806892,-0.36503851413726807,-0.01727120205760002,0.009788033552467823,-0.37940141558647156,0.0034258116502314806,-0.3759756088256836,0.06749680638313293,0.0781874880194664,-0.7487770318984985,0.02736562117934227,-0.721411406993866,-0.04294503852725029,-0.03817742317914963,-0.4764799475669861,-0.013362097553908825,-0.4898420572280884,0.021443363279104233,0.03458148613572121,-0.11968450248241425,0.012103520333766937,-0.10758098214864731,-0.0075016748160123825,0.04769546538591385,0.26634958386421204,0.016693413257598877,0.2830429971218109,0.0521235466003418,0.05810093879699707,0.6188416481018066,0.020335327833890915,0.6391769647598267
10.34,0.0,-0.075,0.0,0.07217168753295197,-0.12717767302793412,-0.7525977789695159,-0.09923762083053589,0.35114356875419617,0.0,0.0,0.0,1.4551252126693726,0.054906200617551804,1.442025065422058,0.09161166846752167,0.09892567247152328,-0.3793497681617737,0.03462398424744606,-0.3447257876396179,0.019868461415171623,0.0014764592051506042,-0.3790774345397949,0.0005167606868781149,-0.3785606622695923,-0.006609693169593811,0.014161362312734127,-0.37936484813690186,0.004956476856023073,-0.3744083642959595,0.10721167176961899,0.03194362297654152,-0.37923020124435425,0.011180267669260502,-0.3680499196052551,0.006178988143801689,0.030084189027547836,-0.379133403301239,0.010529465973377228,-0.3686039447784424,-0.07030267268419266,-0.014239178970456123,-0.37940514087677,-0.004983712453395128,-0.38438886404037476,0.05869690701365471,0.07234031707048416,-0.7637639045715332,0.025319110602140427,-0.7384448051452637,-0.06108689680695534,-0.04505026340484619,-0.5193583369255066,-0.015767591074109077,-0.5351259112358093,0.01678016036748886,0.029241088777780533,-0.17942483723163605,0.010234381072223186,-0.1691904515028,-0.02860596403479576,0.024805037304759026,0.20511406660079956,0.008681762963533401,0.21379582583904266,0.06881434470415115,0.061314959079027176,0.5718622803688049,0.021460235118865967,0.5933225154876709
10.36,0.0,-0.075,0.0,0.09655291254464633,-0.13685044221551185,-0.9318418190022776,-0.1036490723490715,0.34452639147639275,0.0,0.0,0.0,1.4534891843795776,0.05134154111146927,1.4412950277328491,0.06610065698623657,0.08907816559076309,-0.3793674409389496,0.031177356839179993,-0.3481900691986084,-0.009719138965010643,-0.001882220502011478,-0.3790777623653412,-0.0006587771931663156,-0.3797365427017212,-0.002671971917152405,0.009111362509429455,-0.37934672832489014,0.0031889767851680517,-0.3761577606201172,0.05332206189632416,0.03835715353488922,-0.3792555332183838,0.013425003737211227,-0.36583054065704346,0.017385972663760185,0.026274723932147026,-0.37911567091941833,0.009196152910590172,-0.3699195086956024,-0.048236094415187836,-0.02443825453519821,-0.3794049620628357,-0.00855338852852583,-0.3879583477973938,0.06342079490423203,0.06966446340084076,-0.7707353830337524,0.024382561445236206,-0.7463527917861938,-0.06815170496702194,-0.051980696618556976,-0.555954098701477,-0.018193243071436882,-0.5741473436355591,0.00478202011436224,0.021903367713093758,-0.23623162508010864,0.0076661785133183,-0.22856543958187103,0.018055777996778488,0.02278026007115841,0.14270849525928497,0.00797309074550867,0.15068158507347107,0.012703148648142815,0.04673141613602638,0.5199103355407715,0.01635599508881569,0.5362663269042969
10.38,0.0,-0.075,0.0,0.11918642093088448,-0.14434945778363767,-1.0928187705468642,-0.10057694464921951,0.34913458302617073,0.0,0.0,0.0,1.4503345489501953,0.05111316964030266,1.4337843656539917,0.10029064863920212,0.09244190901517868,-0.37938210368156433,0.03235466778278351,-0.34702742099761963,-0.03226793557405472,-0.010997935198247433,-0.3790819048881531,-0.0038492772728204727,-0.3829311728477478,0.013385539874434471,0.010393615812063217,-0.3793261647224426,0.003637765534222126,-0.3756884038448334,0.00017475418280810118,0.02690243348479271,-0.3792805075645447,0.009415851905941963,-0.36986464262008667,0.03020908124744892,0.027455031871795654,-0.3791009187698364,0.009609260596334934,-0.36949166655540466,-0.013463092036545277,-0.02114570513367653,-0.3794008791446686,-0.007400996517390013,-0.3868018686771393,0.0961076095700264,0.07759740948677063,-0.7695733308792114,0.02715909294784069,-0.7424142360687256,-0.04882625490427017,-0.051034361124038696,-0.5856482982635498,-0.017862025648355484,-0.603510320186615,-0.005818841978907585,0.01358670461922884,-0.2891438603401184,0.004755346570163965,-0.2843885123729706,0.08222192525863647,0.04061276093125343,0.08018860965967178,0.014214466325938702,0.09440307319164276,-0.0658373013138771,0.012960799038410187,0.4638645350933075,0.0045362794771790504,0.4684008061885834
10.4,0.0,-0.075,0.0,0.13831998240675342,-0.1532445849491836,-1.2269680644265188,-0.07485595345497131,0.38771606981754303,0.0,0.0,0.0,1.4451769590377808,0.05429283529520035,1.4256213903427124,0.10343939065933228,0.0957411527633667,-0.37939339876174927,0.033509403467178345,-0.3458839952945709,0.005017138086259365,-0.006193412933498621,-0.37908992171287537,-0.002167694503441453,-0.3812576234340668,-0.002948978915810585,0.006390837486833334,-0.37930357456207275,0.002236793050542474,-0.37706679105758667,0.08705899864435196,0.044949404895305634,-0.37930452823638916,0.015732292085886,-0.36357223987579346,-0.005609175190329552,0.017535768449306488,-0.3790895342826843,0.006137518677860498,-0.37295201420783997,-0.044021815061569214,-0.028008539229631424,-0.3793930113315582,-0.009802988730370998,-0.3891960084438324,0.09339209645986557,0.08233581483364105,-0.7602975368499756,0.02881753444671631,-0.7314800024032593,-0.05011023208498955,-0.05075712129473686,-0.6079384684562683,-0.017764993011951447,-0.6257034540176392,0.0020584999583661556,0.010128242895007133,-0.3372664153575897,0.003544884966686368,-0.3337215185165405,0.06314724683761597,0.04737310856580734,0.01861204206943512,0.01658058725297451,0.03519263118505478,-0.0357106477022171,-0.0016406355425715446,0.4046730399131775,-0.0005742224166169763,0.4040988087654114
10.42,0.0,-0.075,0.0,0.15323955973096598,-0.16019877232389992,-1.3272536042654532,-0.07124705612659454,0.3931294158101082,0.0,0.0,0.0,1.4375052452087402,0.05323340743780136,1.4178738594055176,0.06702259182929993,0.08712558448314667,-0.3794010877609253,0.030493954196572304,-0.34890714287757874,0.0198044516146183,0.001605946570634842,-0.3791015148162842,0.0005620812880806625,-0.37853944301605225,0.01503841020166874,0.008985109627246857,-0.3792794644832611,0.003144788322970271,-0.3761346638202667,0.04441973939538002,0.04479050636291504,-0.37932705879211426,0.015676677227020264,-0.363650381565094,0.01701553352177143,0.017379697412252426,-0.37908169627189636,0.006082893814891577,-0.37299880385398865,-0.009776115417480469,-0.022538812831044197,-0.37938153743743896,-0.007888584397733212,-0.38727012276649475,0.08183174580335617,0.08218459784984589,-0.7430647611618042,0.02876460924744606,-0.7143001556396484,-0.09758087992668152,-0.06480424851179123,-0.6224475502967834,-0.02268148586153984,-0.6451290249824524,0.0033336696214973927,0.008089871145784855,-0.3797852396965027,0.0028314548544585705,-0.37695378065109253,0.006500570103526115,0.03511134535074234,-0.04097951948642731,0.012288970872759819,-0.028690548613667488,-0.062038399279117584,-0.01975996606051922,0.3433372974395752,-0.0069159879349172115,0.33642131090164185
10.44,0.0,-0.075,0.0,0.16773827068559735,-0.16664275689206456,-1.4163434513599016,-0.08069989830255508,0.3789501525461674,0.0,0.0,0.0,1.426819920539856,0.04967373237013817,1.4114937782287598,0.06115105003118515,0.07933322340250015,-0.37940502166748047,0.027766628190875053,-0.35163840651512146,0.02941598929464817,0.009948959574103355,-0.37911638617515564,0.003482135711237788,-0.37563425302505493,-0.03719270974397659,-0.0048682368360459805,-0.37925446033477783,-0.0017038828227669,-0.38095834851264954,0.0710325762629509,0.052663128823041916,-0.3793475925922394,0.018432095646858215,-0.36091548204421997,0.015350261703133583,0.0167708657681942,-0.37907761335372925,0.0058698030188679695,-0.37320780754089355,-0.016320057213306427,-0.02067318558692932,-0.3793667256832123,-0.00723561504855752,-0.38660234212875366,0.04587976261973381,0.07129314541816711,-0.718166708946228,0.0249525997787714,-0.6932141184806824,-0.05538283661007881,-0.061977826058864594,-0.6289302110671997,-0.021692238748073578,-0.6506224274635315,-0.06778260320425034,-0.01467187236994505,-0.4159810245037079,-0.0051351552829146385,-0.4211161732673645,-0.006208712235093117,0.022715328261256218,-0.09757795929908752,0.007950364612042904,-0.08962759375572205,-0.034790411591529846,-0.02426910027861595,0.28089478611946106,-0.008494185283780098,0.2724005877971649
10.46,0.0,-0.075,0.0,0.17903455659984882,-0.17458333976590967,-1.4832473631239547,-0.10183866322040558,0.34724200516939163,0.0,0.0,0.0,1.4126719236373901,0.04860205575823784,1.4020787477493286,0.06721371412277222,0.07569736987352371,-0.37940502166748047,0.02649407833814621,-0.35291093587875366,0.02517993189394474,0.0145182516425848,-0.37913426756858826,0.005081388168036938,-0.37405288219451904,-0.05553187429904938,-0.020067328587174416,-0.3792291283607483,-0.0070235650055110455,-0.3862527012825012,0.10031421482563019,0.0669584572315216,-0.37936556339263916,0.023435460403561592,-0.3559300899505615,-0.02360985428094864,0.00465664966031909,-0.3790774941444397,0.0016298273112624884,-0.3774476647377014,-0.03535696119070053,-0.025078319013118744,-0.3793489933013916,-0.00877741165459156,-0.388126403093338,0.029335688799619675,0.05870590731501579,-0.68602454662323,0.020547067746520042,-0.665477454662323,-0.01724693924188614,-0.048558559268713,-0.627276599407196,-0.016995495185256004,-0.6442720890045166,-0.08030420541763306,-0.034361571073532104,-0.44524145126342773,-0.012026549316942692,-0.45726799964904785,0.02354259416460991,0.02296350710093975,-0.15022581815719604,0.00803722720593214,-0.14218859374523163,-0.0004266137257218361,-0.017116354778409004,0.21840190887451172,-0.005990724079310894,0.21241118013858795
10.48,0.0,-0.075,0.0,0.18835836969567724,-0.1839344478987046,-1.5472501501173763,-0.125854030251503,0.3112189546227455,0.0,0.0,0.0,1.394699215888977,0.05310589820146561,1.3879424333572388,0.04968215525150299,0.06789280474185944,-0.37940114736557007,0.023762481287121773,-0.35563865303993225,0.021184749901294708,0.016518201678991318,-0.37915465235710144,0.005781370680779219,-0.37337327003479004,-0.04220202565193176,-0.026707738637924194,-0.3792041540145874,-0.009347707964479923,-0.38855186104774475,0.15012700855731964,0.0919090211391449,-0.37938058376312256,0.032168157398700714,-0.34721243381500244,-0.005989949218928814,0.0014626698102802038,-0.37908124923706055,0.0005119343986734748,-0.3785693049430847,-0.08406409621238708,-0.042774051427841187,-0.3793286383152008,-0.01497091818600893,-0.39429956674575806,0.03648495301604271,0.05203962326049805,-0.6471818685531616,0.018213868141174316,-0.6289680004119873,-0.04926730692386627,-0.04877118393778801,-0.6175148487091064,-0.01706991344690323,-0.6345847845077515,-0.054044194519519806,-0.040266357362270355,-0.467071533203125,-0.01409322489053011,-0.48116475343704224,-0.014750149101018906,0.01164940930902958,-0.1980324536561966,0.00407729297876358,-0.19395515322685242,-0.01816973276436329,-0.01743236929178238,0.1569158285856247,-0.00610132934525609,0.1508145034313202
10.5,0.0,-0.075,0.0,0.19348346035425476,-0.1907154146800619,-1.5644492627405706,-0.09540479630231857,0.35689280554652214,0.0,0.0,0.0,1.3726602792739868,0.05423053726553917,1.3692036867141724,0.04269127547740936,0.060332346707582474,-0.3793935179710388,0.02111632190644741,-0.35827720165252686,0.03838350623846054,0.023077793419361115,-0.37917715311050415,0.008077227510511875,-0.37109991908073425,0.029024554416537285,-0.009988049045205116,-0.37918001413345337,-0.0034958170726895332,-0.38267582654953003,0.08484181016683578,0.08978886157274246,-0.3793922960758209,0.03142610192298889,-0.34796619415283203,0.019480673596262932,0.006868070922791958,-0.379088819026947,0.0024038248229771852,-0.3766849935054779,-0.05991511419415474,-0.04791637137532234,-0.37930625677108765,-0.016770729795098305,-0.3960769772529602,0.045818015933036804,0.050173141062259674,-0.602295994758606,0.017560599371790886,-0.5847353935241699,-0.11614178866147995,-0.06898236274719238,-0.599810004234314,-0.024143826216459274,-0.6239538192749023,-0.01684098318219185,-0.03323874622583389,-0.481101930141449,-0.011633560992777348,-0.49273550510406494,-0.08252349495887756,-0.016602464020252228,-0.2401891052722931,-0.00581086240708828,-0.24599996209144592,-0.04585467278957367,-0.025959061458706856,0.09747672080993652,-0.009085671044886112,0.08839105069637299
10.52,0.0,-0.075,0.0,0.19729070003194313,-0.19847502509774648,-1.5832558823149352,-0.08995384722948074,0.3650692291557789,0.0,0.0,0.0,1.34646475315094,0.054707784205675125,1.346533179283142,0.05725514888763428,0.059409189969301224,-0.3793821930885315,0.020793216302990913,-0.35858896374702454,0.02633265219628811,0.024054251611232758,-0.37920111417770386,0.00841898750513792,-0.37078213691711426,-0.026498572900891304,-0.014941206201910973,-0.37915730476379395,-0.005229421891272068,-0.38438671827316284,0.06888926774263382,0.08351898193359375,-0.37940043210983276,0.029231643304228783,-0.35016879439353943,0.007800096645951271,0.007147678639739752,-0.37909996509552,0.0025016875006258488,-0.3765982687473297,-0.060006722807884216,-0.051543477922677994,-0.37928229570388794,-0.018040217459201813,-0.39732250571250916,0.04740503802895546,0.04934271052479744,-0.5521260499954224,0.01726994849741459,-0.5348560810089111,-0.06006424129009247,-0.06630692631006241,-0.5744616389274597,-0.023207424208521843,-0.5976690649986267,-0.06249905377626419,-0.04201684147119522,-0.48709532618522644,-0.014705894514918327,-0.5018011927604675,-0.04500848799943924,-0.02512427046895027,-0.2759826183319092,-0.008793494664132595,-0.28477612137794495,-0.054401472210884094,-0.03449178487062454,0.04109010100364685,-0.012072124518454075,0.02901797741651535
10.540000000000001,0.0,-0.075,0.0,0.19711229770931274,-0.2090972666503278,-1.5763788198514004,-0.07424803078174591,0.38862795382738113,0.0,0.0,0.0,1.3161996603012085,0.04936717823147774,1.322557806968689,0.06919367611408234,0.06234453618526459,-0.3793675899505615,0.021820588037371635,-0.35754701495170593,0.01189702283591032,0.02040708251297474,-0.37922602891921997,0.007142478600144386,-0.37208354473114014,-0.05381768196821213,-0.026604149490594864,-0.3791366219520569,-0.009311452507972717,-0.3884480595588684,0.017225932329893112,0.06363106518983841,-0.37940478324890137,0.022270873188972473,-0.3571339249610901,-0.030659817159175873,-0.004194570705294609,-0.3791145086288452,-0.0014680997701361775,-0.3805826008319855,-0.02578365057706833,-0.043815530836582184,-0.37925732135772705,-0.01533543597906828,-0.3945927619934082,-0.0059167975559830666,0.03276485949754715,-0.49752092361450195,0.011467700824141502,-0.4860532283782959,-0.03331974148750305,-0.0564107708632946,-0.5418985486030579,-0.019743770360946655,-0.5616422891616821,-0.08620932698249817,-0.055274590849876404,-0.48495030403137207,-0.01934610679745674,-0.5042964220046997,-0.009903385303914547,-0.020558005198836327,-0.30480754375457764,-0.007195301819592714,-0.31200283765792847,-0.03323615342378616,-0.03411509469151497,-0.01129013579338789,-0.01194028276950121,-0.0232304185628891
10.56,0.0,-0.075,0.0,0.19466282222999995,-0.21593860667935175,-1.5296721603950516,-0.07840976119041443,0.38238535821437836,0.0,0.0,0.0,1.2821539640426636,0.05386688932776451,1.2929630279541016,0.07828506827354431,0.06712669879198074,-0.3793499171733856,0.02349434420466423,-0.3558555841445923,0.00952860340476036,0.01714353822171688,-0.3792513906955719,0.006000238470733166,-0.37325114011764526,-0.11238779127597809,-0.05233924463391304,-0.3791183829307556,-0.01831873506307602,-0.39743712544441223,0.08326263725757599,0.06952054053544998,-0.3794052004814148,0.024332188069820404,-0.3550730049610138,-0.033887527883052826,-0.013102457858622074,-0.37913209199905396,-0.004585860297083855,-0.38371795415878296,-0.053113069385290146,-0.04660479351878166,-0.3792320489883423,-0.016311677172780037,-0.3955437242984772,-0.00103024672716856,0.022626327350735664,-0.43940430879592896,0.00791921466588974,-0.4314850866794586,-0.010757267475128174,-0.04271472245454788,-0.5026715397834778,-0.014950152486562729,-0.5176216959953308,-0.11253183335065842,-0.07245177030563354,-0.47470325231552124,-0.02535811997950077,-0.5000613927841187,0.012633755803108215,-0.010600476525723934,-0.32617613673210144,-0.003710166784003377,-0.3298863172531128,-0.03931308537721634,-0.03567449003458023,-0.05877787619829178,-0.012486071325838566,-0.07126394659280777
10.58,0.0,-0.075,0.0,0.19102858308865045,-0.2207796154677524,-1.469091357484685,-0.07781408727169037,0.38327886909246445,0.0,0.0,0.0,1.2448376417160034,0.05162617191672325,1.2590080499649048,0.07877800613641739,0.07062209397554398,-0.37932971119880676,0.02471773326396942,-0.35461199283599854,0.022800667211413383,0.01884067803621292,-0.37927642464637756,0.00659423740580678,-0.3726821839809418,-0.03653469681739807,-0.04759787768125534,-0.3791031539440155,-0.01665925607085228,-0.3957624137401581,0.018527565523982048,0.05422264710068703,-0.3794017732143402,0.018977927044034004,-0.36042383313179016,-0.05762375146150589,-0.026458846405148506,-0.37915217876434326,-0.00926059577614069,-0.3884127736091614,-0.05198020860552788,-0.04821741580963135,-0.37920695543289185,-0.0168760959059,-0.3960830569267273,-0.059754349291324615,-0.0020878762006759644,-0.3787592947483063,-0.0007307566702365875,-0.37949004769325256,-0.01918300800025463,-0.03565520793199539,-0.45744431018829346,-0.012479322962462902,-0.46992364525794983,-0.09249046444892883,-0.07846338301897049,-0.4565274119377136,-0.0274621844291687,-0.4839895963668823,0.03108922764658928,0.0019064354710280895,-0.3397269546985626,0.0006672524032182992,-0.3390597105026245,-0.007946271449327469,-0.027356024831533432,-0.10056978464126587,-0.009574608877301216,-0.11014439165592194
10.6,0.0,-0.075,0.0,0.18780229117750316,-0.22310605916998263,-1.396607593984161,-0.03923915699124336,0.44114126451313496,0.0,0.0,0.0,1.2049983739852905,0.05020995810627937,1.2224901914596558,0.09849561005830765,0.07898414880037308,-0.3793073892593384,0.027644451707601547,-0.35166293382644653,0.010745679959654808,0.01641217991709709,-0.37930065393447876,0.0057442630641162395,-0.3735564053058624,-0.058132536709308624,-0.05075827240943909,-0.37909114360809326,-0.01776539534330368,-0.39685654640197754,-0.09348766505718231,0.009909553453326225,-0.37939453125,0.0034683437552303076,-0.3759261965751648,-0.05178059637546539,-0.03405537083745003,-0.37917447090148926,-0.011919379234313965,-0.3910938501358032,0.025676194578409195,-0.026049332693219185,-0.37918269634246826,-0.009117266163229942,-0.38829997181892395,-0.04491223767399788,-0.014935185201466084,-0.3166118860244751,-0.0052273147739470005,-0.32183921337127686,0.012989213690161705,-0.021061882376670837,-0.406981885433197,-0.0073716589249670506,-0.41435354948043823,-0.12625259160995483,-0.09280014783143997,-0.4307302236557007,-0.03248004987835884,-0.4632102847099304,0.0010527372360229492,0.0016503259539604187,-0.3452308177947998,0.0005776140606030822,-0.3446531891822815,0.008265770971775055,-0.016669485718011856,-0.13595885038375854,-0.005834320094436407,-0.1417931765317917
10.620000000000001,0.0,-0.075,0.0,0.18124257628643284,-0.22525102886084794,-1.2803422862591385,-0.05445414036512375,0.4183187894523144,0.0,0.0,0.0,1.1636321544647217,0.052362941205501556,1.1811245679855347,0.07428622245788574,0.07757477462291718,-0.37928348779678345,0.02715117111802101,-0.35213232040405273,0.03394174575805664,0.021671049296855927,-0.37932348251342773,0.007584867067635059,-0.37173861265182495,-0.005826693028211594,-0.03727879747748375,-0.37908273935317993,-0.013047578744590282,-0.3921303153038025,0.05444548279047012,0.02327033318579197,-0.3793836832046509,0.008144616149365902,-0.3712390661239624,-0.07432045042514801,-0.04613489657640457,-0.3791983127593994,-0.01614721305668354,-0.395345538854599,-0.060865867882966995,-0.03649429231882095,-0.3791598081588745,-0.012773002497851849,-0.39193281531333923,-0.06178802251815796,-0.028991036117076874,-0.2540133595466614,-0.01014686282724142,-0.2641602158546448,-0.05175681412220001,-0.03027036227285862,-0.3521379828453064,-0.010594626888632774,-0.3627326190471649,-0.09346099942922592,-0.09299840033054352,-0.3977482318878174,-0.03254944086074829,-0.4302976727485657,0.00490078330039978,0.0026254630647599697,-0.3425945043563843,0.0009189120610244572,-0.3416755795478821,0.00703782495111227,-0.00955729279667139,-0.16434642672538757,-0.0033450524788349867,-0.16769148409366608
10.64,0.0,-0.075,0.0,0.17152508336263475,-0.2261428412421278,-1.1548593039905286,-0.006775496061891317,0.489836755907163,0.0,0.0,0.0,1.121983528137207,0.05190147086977959,1.1450648307800293,0.009363850578665733,0.05711149796843529,-0.3792586326599121,0.019989024847745895,-0.3592696189880371,0.017689067870378494,0.020476454868912697,-0.3793443739414215,0.007166759110987186,-0.3721776008605957,-0.005939178168773651,-0.02787691168487072,-0.3790780305862427,-0.009756918996572495,-0.38883495330810547,-0.04355848580598831,0.0032216859981417656,-0.3793694078922272,0.0011275900760665536,-0.37824180722236633,-0.10089811682701111,-0.06256386637687683,-0.37922316789627075,-0.02189735323190689,-0.40112051367759705,-0.02674015611410141,-0.03356805443763733,-0.37913888692855835,-0.011748818680644035,-0.39088770747184753,-0.046237628906965256,-0.03416501358151436,-0.19202278554439545,-0.011957754381000996,-0.20398053526878357,-0.03663886711001396,-0.03218091279268265,-0.2938404083251953,-0.011263319291174412,-0.30510371923446655,-0.11709031462669373,-0.10022597759962082,-0.3581393361091614,-0.03507909178733826,-0.39321842789649963,-0.048284389078617096,-0.012647492811083794,-0.3318627178668976,-0.004426622297614813,-0.33628934621810913,0.0506381094455719,0.008501328527927399,-0.18525224924087524,0.0029754650313407183,-0.18227678537368774
10.66,0.0,-0.075,0.0,0.1560163893662327,-0.22587981464990278,-1.0087203683203605,0.0012048818171024323,0.5018073227256536,0.0012651259079575537,0.0,0.0012651259079575537,1.0815305709838867,0.057162195444107056,1.1070500612258911,0.025083987042307854,0.04750324785709381,-0.37923333048820496,0.016626136377453804,-0.3626071810722351,0.049118854105472565,0.029069174081087112,-0.3793627917766571,0.010174211114645004,-0.3691885769367218,0.04337860643863678,-0.006500255316495895,-0.3790772557258606,-0.002275089267641306,-0.38135233521461487,0.003813388291746378,0.003399196546524763,-0.37935206294059753,0.001189718721434474,-0.37816235423088074,-0.0998184084892273,-0.07374022901058197,-0.3792484998703003,-0.02580907940864563,-0.4050575792789459,-0.09835024923086166,-0.05300271511077881,-0.3791203498840332,-0.018550949171185493,-0.39767131209373474,-0.03773503750562668,-0.035236019641160965,-0.13168880343437195,-0.012332607060670853,-0.1440214067697525,-0.12248669564723969,-0.0592726469039917,-0.2330753356218338,-0.020745426416397095,-0.2538207769393921,-0.08930832147598267,-0.09695068001747131,-0.31257352232933044,-0.03393273800611496,-0.346506267786026,-0.06903532147407532,-0.029563840478658676,-0.3132169544696808,-0.010347343981266022,-0.3235642910003662,0.03212879225611687,0.015589568763971329,-0.19832266867160797,0.00545634888112545,-0.19286632537841797
10.68,0.0,-0.075,0.0,0.13451731857451796,-0.22253215792400102,-0.842636715253238,0.018661385402083397,0.5279920781031251,0.019594454672187567,0.0,0.019594454672187567,1.0439432859420776,0.0670614019036293,1.0695253610610962,0.05097737908363342,0.048545487225055695,-0.37920820713043213,0.016990920528769493,-0.3622172772884369,0.04888395965099335,0.03501360863447189,-0.3793783187866211,0.012254762463271618,-0.367123544216156,0.04568798840045929,0.009156218729913235,-0.3790804147720337,0.003204676555469632,-0.3758757412433624,0.03136909380555153,0.011790165677666664,-0.37933212518692017,0.00412655808031559,-0.3752055764198303,-0.11940238624811172,-0.08743888139724731,-0.37927359342575073,-0.03060360811650753,-0.409877210855484,-0.11500862240791321,-0.07160449028015137,-0.37910473346710205,-0.02506157197058201,-0.4041663110256195,-0.04667122662067413,-0.038666583597660065,-0.07403205335140228,-0.013533304445445538,-0.0875653550028801,-0.15123790502548218,-0.0868622213602066,-0.17087072134017944,-0.03040177747607231,-0.20127250254154205,-0.05721835419535637,-0.08503098040819168,-0.2618217468261719,-0.02976084314286709,-0.2915825843811035,-0.11570897698402405,-0.05540738254785538,-0.28697264194488525,-0.019392583519220352,-0.3063652217388153,0.057520076632499695,0.02816872112452984,-0.20333659648895264,0.009859052486717701,-0.1934775412082672
10.700000000000001,0.0,-0.075,0.0,0.10976901167969831,-0.2183453542407887,-0.6720357645009282,0.024687202647328377,0.5370308039709926,0.025921562779694794,0.0,0.025921562779694794,1.0110045671463013,0.07583095878362656,1.0307711362838745,0.08659127354621887,0.05995922535657883,-0.37918388843536377,0.02098572812974453,-0.3581981658935547,0.036069855093955994,0.035330481827259064,-0.3793905973434448,0.012365668080747128,-0.3670249283313751,0.07157803326845169,0.027882764115929604,-0.37908732891082764,0.009758966974914074,-0.3693283498287201,0.017243826761841774,0.013426264747977257,-0.3793100416660309,0.004699192475527525,-0.3746108412742615,-0.09956451505422592,-0.0910765677690506,-0.37929797172546387,-0.03187679871916771,-0.4111747741699219,-0.08936014026403427,-0.0769311860203743,-0.37909233570098877,-0.026925913989543915,-0.4060182571411133,-0.0575605183839798,-0.044334765523672104,-0.020027942955493927,-0.015517167747020721,-0.03554511070251465,-0.1605420708656311,-0.10896617919206619,-0.10827891528606415,-0.03813816234469414,-0.14641708135604858,-0.013595311902463436,-0.06360027939081192,-0.20674248039722443,-0.022260097786784172,-0.22900258004665375,-0.14707471430301666,-0.08290758728981018,-0.25357377529144287,-0.029017655178904533,-0.28259143233299255,0.08952285349369049,0.04657496139407158,-0.20020917057991028,0.016301237046718597,-0.18390792608261108
10.72,0.0,-0.075,0.0,0.08139607868443183,-0.21395315228617448,-0.492791080056494,0.025005808100104332,0.5375087121501565,0.026256098505109546,0.0,0.026256098505109546,0.9844812750816345,0.07584097981452942,0.9985090494155884,0.0889512225985527,0.06865682452917099,-0.37916091084480286,0.024029888212680817,-0.35513103008270264,-0.01275726594030857,0.02090415544807911,-0.3793993592262268,0.007316454313695431,-0.37208291888237,0.08453754335641861,0.04487919807434082,-0.37909793853759766,0.015707718208432198,-0.3633902072906494,-0.06958826631307602,-0.011478095315396786,-0.3792862892150879,-0.004017333500087261,-0.38330361247062683,-0.06823516637086868,-0.0842241495847702,-0.37932097911834717,-0.02947845123708248,-0.4087994396686554,-0.06748256832361221,-0.07409659773111343,-0.3790834844112396,-0.02593380957841873,-0.40501728653907776,-0.049456801265478134,-0.04587137699127197,0.029409948736429214,-0.01605498231947422,0.013354966416954994,-0.11379559338092804,-0.1104150041937828,-0.04635874927043915,-0.03864525258541107,-0.08500400185585022,0.01298309676349163,-0.04062526673078537,-0.14826753735542297,-0.014218843542039394,-0.16248637437820435,-0.10326185822486877,-0.08901386708021164,-0.21358534693717957,-0.031154852360486984,-0.24474020302295685,0.07999670505523682,0.05660148710012436,-0.18899333477020264,0.019810520112514496,-0.16918280720710754
10.74,0.0,-0.075,0.0,0.049655482423239555,-0.2089825480028583,-0.3109842105654946,0.009619327262043953,0.5144289908930659,0.01010029362514615,0.0,0.01010029362514615,0.9659500122070312,0.07419143617153168,0.9727604389190674,0.11503935605287552,0.08257158100605011,-0.37913984060287476,0.02890005335211754,-0.3502397835254669,-0.027237599715590477,0.006461628712713718,-0.37940430641174316,0.002261569956317544,-0.3771427273750305,0.09932444244623184,0.06121277064085007,-0.3791119158267975,0.021424468606710434,-0.35768744349479675,-0.08309387415647507,-0.03296282887458801,-0.37926149368286133,-0.01153699029237032,-0.3907984793186188,-0.01910465583205223,-0.0646883025765419,-0.37934207916259766,-0.022640906274318695,-0.40198299288749695,-0.0712360143661499,-0.07323842495679855,-0.37907838821411133,-0.025633448734879494,-0.40471184253692627,-0.03530376777052879,-0.04270109534263611,0.07344529032707214,-0.014945383183658123,0.058499906212091446,-0.11134008318185806,-0.11069253087043762,0.013842269778251648,-0.03874238580465317,-0.02490011602640152,0.03498955816030502,-0.017940819263458252,-0.0873861163854599,-0.006279286462813616,-0.09366540610790253,-0.07378561794757843,-0.08444538712501526,-0.16768385469913483,-0.02955588512122631,-0.1972397416830063,0.022945724427700043,0.046504758298397064,-0.16987882554531097,0.016276665031909943,-0.15360215306282043
10.76,0.0,-0.075,0.0,0.014663033621130785,-0.2027569475139466,-0.12154062358709794,0.0006604306399822235,0.5009906459599733,0.0006934521719813347,0.0,0.0006934521719813347,0.9565953612327576,0.06857329607009888,0.9585645198822021,0.10214239358901978,0.08844282478094101,-0.37912121415138245,0.030954988673329353,-0.34816622734069824,-0.04547379910945892,-0.009119000285863876,-0.3794054388999939,-0.0031916501466184855,-0.38259708881378174,0.05751298367977142,0.060102835297584534,-0.37912899255752563,0.021035991609096527,-0.3580929934978485,-0.0862288847565651,-0.048942647874355316,-0.3792361915111542,-0.0171299260109663,-0.3963661193847656,0.011978754773736,-0.041688185185194016,-0.3793608248233795,-0.01459086500108242,-0.3939516842365265,-0.04080420359969139,-0.06350816041231155,-0.37907713651657104,-0.022227855399250984,-0.4013049900531769,-0.0016086967661976814,-0.030373375862836838,0.11133313179016113,-0.010630681179463863,0.1007024496793747,-0.08090589940547943,-0.10175654292106628,0.07130572199821472,-0.03561478853225708,0.03569093346595764,0.044046685099601746,0.0006554331630468369,-0.025128168985247612,0.0002294016012456268,-0.024898767471313477,-0.061968058347702026,-0.07770218700170517,-0.11664578318595886,-0.02719576470553875,-0.14384154975414276,0.015625255182385445,0.03724090754985809,-0.1431889832019806,0.013034317642450333,-0.13015466928482056
10.78,0.0,-0.075,0.0,-0.022145725847627206,-0.19516611044012547,0.07729091983700916,0.01821303553879261,0.5273195533081889,0.01912368731573224,0.0,0.01912368731573224,0.9570291638374329,0.07130551338195801,0.9557560682296753,0.09794418513774872,0.09129323065280914,-0.37910544872283936,0.0319526307284832,-0.34715282917022705,-0.017721736803650856,-0.011699821799993515,-0.37940263748168945,-0.004094937350600958,-0.38349756598472595,0.062366701662540436,0.060781992971897125,-0.3791487514972687,0.021273696795105934,-0.3578750491142273,-0.03141316398978233,-0.04368380084633827,-0.3792110085487366,-0.015289329923689365,-0.39450034499168396,-0.04286140576004982,-0.042040154337882996,-0.37937670946121216,-0.014714053831994534,-0.39409077167510986,-0.08699478209018707,-0.07055414468050003,-0.37907981872558594,-0.02469395101070404,-0.40377378463745117,-0.017570264637470245,-0.02653244137763977,0.14243252575397491,-0.009286354295909405,0.13314616680145264,-0.13010898232460022,-0.11026227474212646,0.12505950033664703,-0.03859179466962814,0.08646770566701889,0.05393258482217789,0.016638578847050667,0.03745311126112938,0.005823502317070961,0.04327661544084549,-0.07332830131053925,-0.07639002054929733,-0.06133456528186798,-0.026736507192254066,-0.0880710706114769,0.051049090921878815,0.04138336330652237,-0.10937531292438507,0.014484177343547344,-0.09489113837480545
10.8,0.0,-0.075,0.0,-0.059970040573935623,-0.184889425525155,0.2805474614312177,0.02400272525846958,0.5360040878877044,0.02520286152139306,0.0,0.02520286152139306,0.9671867489814758,0.06754858046770096,0.9627442955970764,0.05425061285495758,0.08018044382333755,-0.37909287214279175,0.028063155710697174,-0.35102972388267517,-0.033687517046928406,-0.018296130001544952,-0.3793960213661194,-0.006403645500540733,-0.38579967617988586,0.038308270275592804,0.05403987318277359,-0.3791707158088684,0.018913954496383667,-0.36025676131248474,-0.01561647281050682,-0.03526360169053078,-0.37918663024902344,-0.012342260219156742,-0.3915289044380188,-0.01780300959944725,-0.03476900979876518,-0.3793894052505493,-0.012169153429567814,-0.39155855774879456,-0.0297902449965477,-0.05832497775554657,-0.37908634543418884,-0.02041374146938324,-0.3995000720024109,-0.01038359384983778,-0.021687787026166916,0.1662173867225647,-0.007590725552290678,0.15862666070461273,-0.09112805128097534,-0.10452200472354889,0.17419426143169403,-0.03658270090818405,0.13761156797409058,0.028829067945480347,0.020295724272727966,0.09929902851581573,0.007103503216058016,0.10640253126621246,-0.09419748187065125,-0.08173225820064545,-0.002685878425836563,-0.028606289997696877,-0.03129217028617859,0.09264720231294632,0.056762516498565674,-0.06900984793901443,0.019866880029439926,-0.04914296790957451
10.82,0.0,-0.075,0.0,-0.09517316227700744,-0.17424026520236877,0.4824976903155675,0.05544675141572952,0.5831701271235943,0.058219088986515996,0.0,0.058219088986515996,0.986338198184967,0.0709424540400505,0.9770157933235168,0.025007514283061028,0.06362856924533844,-0.3790838420391083,0.022269999608397484,-0.35681384801864624,-0.003974452614784241,-0.013999626971781254,-0.37938567996025085,-0.004899869207292795,-0.3842855393886566,0.058637119829654694,0.05541904643177986,-0.37919431924819946,0.019396666437387466,-0.3597976565361023,-0.04549071192741394,-0.038331735879182816,-0.3791634440422058,-0.0134161077439785,-0.3925795555114746,0.01434975117444992,-0.02003338187932968,-0.37939852476119995,-0.0070116836577653885,-0.3864102065563202,-0.020719006657600403,-0.04704318568110466,-0.37909653782844543,-0.016465114429593086,-0.39556166529655457,-0.04369007796049118,-0.028288476169109344,0.18228530883789062,-0.00990096665918827,0.1723843365907669,-0.15249666571617126,-0.1189144030213356,0.2178788185119629,-0.04162004217505455,0.17625877261161804,0.05281819775700569,0.030052468180656433,0.15936335921287537,0.010518363676965237,0.16988171637058258,-0.13722370564937592,-0.0983796939253807,0.058308109641075134,-0.03443289175629616,0.023875217884778976,0.0826040655374527,0.06451497972011566,-0.022775448858737946,0.022580241784453392,-0.00019520707428455353
10.84,0.0,-0.075,0.0,-0.12956323286701735,-0.1627648618090081,0.6812584605381969,0.04807986319065094,0.5721197947859764,0.05048385635018349,0.0,0.05048385635018349,1.0132113695144653,0.07023794203996658,1.00187349319458,0.01686490885913372,0.04959947243332863,-0.37907856702804565,0.017359815537929535,-0.3617187440395355,0.02671273797750473,-0.0017859162762761116,-0.3793719410896301,-0.0006250707083381712,-0.37999701499938965,0.04710155352950096,0.05292379856109619,-0.37921902537345886,0.018523329868912697,-0.3606956899166107,-0.037032876163721085,-0.037942077964544296,-0.3791421353816986,-0.013279726728796959,-0.3924218714237213,-0.008135596290230751,-0.016464047133922577,-0.3794039189815521,-0.0057624164037406445,-0.38516634702682495,-0.05474838986992836,-0.04935474693775177,-0.3791101574897766,-0.01727416180074215,-0.3963843286037445,-0.03857051581144333,-0.03137308731675148,0.1903645098209381,-0.010980580002069473,0.17938393354415894,-0.14498069882392883,-0.12673428654670715,0.25537410378456116,-0.044356998056173325,0.21101710200309753,0.03545289486646652,0.03167259693145752,0.2166299819946289,0.011085408739745617,0.2277153879404068,-0.08010843396186829,-0.09289831668138504,0.12061557173728943,-0.032514411956071854,0.08810116350650787,0.06503963470458984,0.06467237323522568,0.028545737266540527,0.022635329514741898,0.051181066781282425
10.86,0.0,-0.075,0.0,-0.1620050088647809,-0.15312803609828407,0.8686181323014944,-0.02796291746199131,0.45805562380701303,0.0,0.0,0.0,1.046181559562683,0.06248917430639267,1.0338600873947144,-0.0017146263271570206,0.03420524299144745,-0.37907713651657104,0.011971835047006607,-0.36710530519485474,-0.05535779893398285,-0.01785748265683651,-0.3793551027774811,-0.006250118836760521,-0.38560521602630615,0.03138871490955353,0.04646327346563339,-0.379244327545166,0.016262145712971687,-0.3629821836948395,0.014284439384937286,-0.022274121642112732,-0.3791232109069824,-0.007795942481607199,-0.38691914081573486,0.08393988013267517,0.013657133094966412,-0.37940549850463867,0.0047799963504076,-0.3746255040168762,-0.0007174508646130562,-0.03476355969905853,-0.3791269063949585,-0.012167246080935001,-0.3912941515445709,-0.015030828304588795,-0.026470407843589783,0.19031831622123718,-0.009264642372727394,0.18105366826057434,-0.06495866179466248,-0.10820159316062927,0.2860458493232727,-0.037870556116104126,0.24817529320716858,0.06206490099430084,0.040790289640426636,0.27013012766838074,0.014276601374149323,0.28440672159194946,-0.06950563192367554,-0.08588051795959473,0.18318244814872742,-0.030058180913329124,0.15312427282333374,0.08219882845878601,0.0699303075671196,0.08408551663160324,0.02447560802102089,0.10856112837791443
10.88,0.0,-0.075,0.0,-0.18696149076856997,-0.14785552040587208,1.0245908848535352,-0.004625306464731693,0.49306204030290246,0.0,0.0,0.0,1.083471655845642,0.05384683981537819,1.0783849954605103,0.0200852919369936,0.02996925823390484,-0.37907958030700684,0.010489240288734436,-0.3685903549194336,-0.0156879685819149,-0.017206627875566483,-0.37933558225631714,-0.006022319663316011,-0.38535791635513306,-0.0038487184792757034,0.03136967495083809,-0.37926948070526123,0.010979386046528816,-0.36829009652137756,-0.05722406134009361,-0.032759103924036026,-0.3791070878505707,-0.011465686373412609,-0.39057278633117676,0.020052744075655937,0.015575816854834557,-0.37940317392349243,0.005451535806059837,-0.37395164370536804,-0.04310764744877815,-0.03726678714156151,-0.37914639711380005,-0.013043375685811043,-0.39218977093696594,0.0056077297776937485,-0.01684696599841118,0.18214744329452515,-0.005896437913179398,0.17625100910663605,-0.06658553332090378,-0.09571677446365356,0.30937519669532776,-0.03350086882710457,0.2758743166923523,0.02809842675924301,0.03698273003101349,0.31895869970321655,0.012943955138325691,0.3319026529788971,0.02218623459339142,-0.053460489958524704,0.2449503242969513,-0.01871117204427719,0.2262391448020935,0.07522942870855331,0.07152004539966583,0.14290431141853333,0.02503201551735401,0.1679363250732422
10.9,0.0,-0.075,0.0,-0.20631785452969212,-0.14256372033193634,1.15212329508328,-0.009191487915813923,0.4862127681262791,0.0,0.0,0.0,1.1233206987380981,0.051171623170375824,1.1225718259811401,0.025899184867739677,0.02874823659658432,-0.379085898399353,0.010061882436275482,-0.36902400851249695,-0.021174723282456398,-0.018397055566310883,-0.37931379675865173,-0.0064389691688120365,-0.38575276732444763,0.0024223364889621735,0.022685473784804344,-0.3792940378189087,0.007939916104078293,-0.3713541328907013,-0.07542087882757187,-0.04555763676762581,-0.37909412384033203,-0.01594517193734646,-0.39503929018974304,0.037565380334854126,0.022172685712575912,-0.3793969452381134,0.007760439999401569,-0.3716365098953247,-0.018677476793527603,-0.03168999403715134,-0.3791680634021759,-0.011091497726738453,-0.3902595639228821,-0.0002552838996052742,-0.01186946127563715,0.1659902036190033,-0.004154311493039131,0.16183589398860931,-0.07834675908088684,-0.09050576388835907,0.3249674439430237,-0.031677015125751495,0.2932904362678528,0.018997590988874435,0.03158718720078468,0.36228975653648376,0.01105551514774561,0.373345285654068,0.01554526761174202,-0.032758764922618866,0.3048742413520813,-0.011465567164123058,0.29340866208076477,0.0852620005607605,0.07564263045787811,0.2040071189403534,0.02647492103278637,0.2304820418357849
10.92,0.0,-0.075,0.0,-0.22204526895247093,-0.13541422894477964,1.256451959819637,-0.04175855964422226,0.4373621605336666,0.0,0.0,0.0,1.1641035079956055,0.053206801414489746,1.164341688156128,-0.012702379375696182,0.01631304994225502,-0.3790959119796753,0.0057095675729215145,-0.37338635325431824,-0.02319159172475338,-0.019835416227579117,-0.37929028272628784,-0.006942395586520433,-0.3862326741218567,0.01688522845506668,0.02094539999961853,-0.37931734323501587,0.007330889813601971,-0.371986448764801,-0.050555068999528885,-0.04705686494708061,-0.3790847063064575,-0.01646990329027176,-0.3955546021461487,0.0852075144648552,0.04108313471078873,-0.3793870806694031,0.014379097148776054,-0.36500799655914307,0.008910699747502804,-0.019509784877300262,-0.379191517829895,-0.006828424520790577,-0.3860199451446533,-0.021277226507663727,-0.01469179056584835,0.1421198844909668,-0.005142126698046923,0.13697776198387146,-0.09485987573862076,-0.09181199222803116,0.33255887031555176,-0.032134197652339935,0.3004246652126312,0.008219272829592228,0.024576812982559204,0.39939016103744507,0.008601884357631207,0.40799203515052795,0.008234664797782898,-0.020460734143853188,0.36194050312042236,-0.007161256857216358,0.3547792434692383,0.12277524918317795,0.08978241682052612,0.26636025309562683,0.031423844397068024,0.29778409004211426
10.94,0.0,-0.075,0.0,-0.23447201729495085,-0.1281407916218559,1.3409421821279153,-0.04956057667732239,0.4256591349840164,0.0,0.0,0.0,1.2044013738632202,0.05232410132884979,1.2121622562408447,-0.025973213836550713,0.0036271708086133003,-0.37910938262939453,0.0012695097830146551,-0.3778398633003235,-0.003447301685810089,-0.014918982051312923,-0.37926560640335083,-0.0052216434851288795,-0.38448724150657654,-0.002285374328494072,0.01397616695612669,-0.379338800907135,0.004891658201813698,-0.37444713711738586,-0.03749707341194153,-0.04418892785906792,-0.3790789842605591,-0.015466124750673771,-0.3945451080799103,0.031031964346766472,0.038067784160375595,-0.379373699426651,0.013323724269866943,-0.36604997515678406,-0.03345385566353798,-0.023693006485700607,-0.37921616435050964,-0.008292552083730698,-0.38750872015953064,0.016424449160695076,-0.005356918554753065,0.11094029992818832,-0.0018749214941635728,0.10906537622213364,-0.06480874121189117,-0.08371102064847946,0.33202099800109863,-0.029298856854438782,0.30272215604782104,-0.020308881998062134,0.011111103929579258,0.42963239550590515,0.003888886421918869,0.4335212707519531,0.06448957324028015,0.005024358630180359,0.4151836931705475,0.0017585254972800612,0.41694220900535583,0.13644137978553772,0.1037801057100296,0.32890886068344116,0.03632303699851036,0.3652319014072418
10.96,0.0,-0.075,0.0,-0.24598902529485903,-0.11921904373560453,1.4104852067097788,-0.030959634110331535,0.4535605488345027,0.0,0.0,0.0,1.2430377006530762,0.0551346093416214,1.255368709564209,-0.02565990947186947,-0.005158953368663788,-0.37912601232528687,-0.0018056336557492614,-0.38093164563179016,-0.007213754579424858,-0.012607413344085217,-0.37924039363861084,-0.0044125947169959545,-0.3836529850959778,-0.00039249099791049957,0.00966556929051876,-0.3793579339981079,0.0033829491585493088,-0.37597498297691345,-0.05047830194234848,-0.046075738966464996,-0.37907707691192627,-0.01612650789320469,-0.3952035903930664,0.029076358303427696,0.0353703573346138,-0.3793572187423706,0.012379624880850315,-0.36697760224342346,-0.00817694142460823,-0.019038187339901924,-0.379241406917572,-0.006663365289568901,-0.3859047591686249,-0.013997825793921947,-0.007949191145598888,0.0729789212346077,-0.0027822167612612247,0.07019670307636261,-0.0912037193775177,-0.08595883101224899,0.32336294651031494,-0.030085589736700058,0.2932773530483246,-0.020901989191770554,0.0015071756206452847,0.45250481367111206,0.0005275114672258496,0.45303231477737427,0.04916015639901161,0.018265098333358765,0.46370309591293335,0.006392784416675568,0.4700958728790283,0.1380719542503357,0.11406765878200531,0.3905948996543884,0.03992367908358574,0.43051856756210327
10.98,0.0,-0.075,0.0,-0.2547173500279287,-0.10899763790243949,1.459420141098865,-0.041364483535289764,0.43795327469706535,0.0,0.0,0.0,1.2790888547897339,0.05781549587845802,1.2930893898010254,-0.026886718347668648,-0.01167728379368782,-0.3791453242301941,-0.004087049048393965,-0.38323238492012024,0.004224307835102081,-0.00755789689719677,-0.3792151212692261,-0.0026452639140188694,-0.3818603754043579,-0.009124992415308952,0.004028400406241417,-0.37937432527542114,0.0014099400723353028,-0.3779643774032593,-0.028216887265443802,-0.04071808233857155,-0.37907910346984863,-0.014251329004764557,-0.3933304250240326,0.039116837084293365,0.03649429976940155,-0.37933793663978577,0.012773004360496998,-0.36656492948532104,0.005136928521096706,-0.011785651557147503,-0.379266619682312,-0.004124978091567755,-0.3833915889263153,-0.008285176940262318,-0.008049987256526947,0.02887793630361557,-0.0028174954932183027,0.0260604415088892,-0.10280924290418625,-0.09101395308971405,0.3067312240600586,-0.03185488283634186,0.27487635612487793,-0.0306101031601429,-0.008128008805215359,0.4676204323768616,-0.002844803035259247,0.46477562189102173,0.03382120653986931,0.022931931540369987,0.5066779851913452,0.008026176132261753,0.514704167842865,0.14220070838928223,0.12250757217407227,0.4503747224807739,0.042877648025751114,0.49325236678123474
11.0,0.0,-0.075,0.0,-0.2608949136903535,-0.10138694193641089,1.470415772780653,-0.05993880331516266,0.410091795027256,0.0,0.0,0.0,1.311880350112915,0.06077482923865318,1.3304864168167114,-0.07739932835102081,-0.03139389678835869,-0.37916696071624756,-0.010987863875925541,-0.3901548385620117,-0.010441463440656662,-0.008422967046499252,-0.3791905641555786,-0.002948038512840867,-0.38213860988616943,-0.02072742022573948,-0.0033983460161834955,-0.3793874979019165,-0.0011894210474565625,-0.3805769085884094,0.0011124162701889873,-0.02816893346607685,-0.3790850043296814,-0.00985912699252367,-0.3889441192150116,0.06505308300256729,0.04506193473935127,-0.37931638956069946,0.01577167771756649,-0.3635447025299072,0.017304085195064545,-0.003058730624616146,-0.37929126620292664,-0.001070555648766458,-0.3803618252277374,-0.004989289678633213,-0.0071317777037620544,-0.020616605877876282,-0.0024961221497505903,-0.02311272732913494,-0.10201813280582428,-0.09431520849466324,0.28240716457366943,-0.033010322600603104,0.24939684569835663,-0.005951651372015476,-0.007475101388990879,0.47472357749938965,-0.0026162853464484215,0.47210729122161865,0.06846567988395691,0.03659205883741379,0.5433812737464905,0.012807220220565796,0.5561884641647339,0.13458660244941711,0.12613128125667572,0.5072370767593384,0.04414594918489456,0.5513830184936523
11.02,0.0,-0.075,0.0,-0.26429883882811295,-0.09158069238755377,1.4796636839311044,-0.03182139992713928,0.4522679001092911,0.0,0.0,0.0,1.2883882522583008,0.06512515991926193,1.304238200187683,-0.03431754931807518,-0.032270994037389755,-0.3790796399116516,-0.01129484735429287,-0.39037448167800903,0.01912664622068405,-0.00015808315947651863,-0.3793761134147644,-5.532910654437728e-05,-0.37943145632743835,-0.0007219575345516205,-0.0025954293087124825,-0.37921208143234253,-0.0009084002231247723,-0.38012048602104187,0.03999939560890198,-0.0077184345573186874,-0.37914785742759705,-0.002701452001929283,-0.3818493187427521,0.043714165687561035,0.04465760663151741,-0.3794028162956238,0.01563016138970852,-0.3637726604938507,0.010956781916320324,0.0011459235101938248,-0.3791060447692871,0.0004010732227470726,-0.3787049651145935,-0.0361756756901741,-0.01584494672715664,0.01582365669310093,-0.005545731168240309,0.010277925059199333,-0.10886598378419876,-0.09868043661117554,0.30081862211227417,-0.0345381535589695,0.26628047227859497,-0.008248834870755672,-0.007707221433520317,0.4703703224658966,-0.0026975274085998535,0.46767279505729675,0.05631614848971367,0.0425092875957489,0.5173830986022949,0.014878250658512115,0.5322613716125488,0.17312222719192505,0.14022856950759888,0.46628138422966003,0.04907999932765961,0.5153613686561584
11.040000000000001,0.0,-0.075,0.0,-0.2650631208789172,-0.0842024413601065,1.458361988145248,-0.06955067813396454,0.3956739827990532,0.0,0.0,0.0,1.320197582244873,0.06941471248865128,1.3380136489868164,-0.09886214137077332,-0.052248336374759674,-0.37907713651657104,-0.018286917358636856,-0.3973640501499176,0.0004547969438135624,2.578087878646329e-05,-0.3793600797653198,9.02330702956533e-06,-0.37935104966163635,0.014217138290405273,0.002448341343551874,-0.37923726439476013,0.0008569194469600916,-0.37838035821914673,-0.009798554703593254,-0.008342470973730087,-0.37912821769714355,-0.0029198648408055305,-0.3820480704307556,0.08757119625806808,0.0575316846370697,-0.3794054388999939,0.020136089995503426,-0.3592693507671356,0.019515540450811386,0.006656808778643608,-0.37912195920944214,0.0023298829328268766,-0.3767920732498169,-0.05480886250734329,-0.0275341235101223,-0.03500565141439438,-0.009636943228542805,-0.04464259371161461,-0.12442782521247864,-0.10640465468168259,0.2744539976119995,-0.037241630256175995,0.23721235990524292,-0.003907470032572746,-0.006567295640707016,0.47525209188461304,-0.0022985534742474556,0.47295352816581726,0.03033299744129181,0.03885640203952789,0.5522555112838745,0.013599740341305733,0.5658552646636963,0.13876596093177795,0.13978978991508484,0.5221743583679199,0.048926424235105515,0.5711007714271545
11.06,0.0,-0.075,0.0,-0.26484124536358206,-0.08061280433899441,1.4096047159629996,-0.07691367715597153,0.3846294842660427,0.0,0.0,0.0,1.348227858543396,0.07014802098274231,1.3677486181259155,-0.030236756429076195,-0.045644860714673996,-0.3790785074234009,-0.015975700691342354,-0.3950542211532593,0.020794644951820374,0.006256440654397011,-0.3793412446975708,0.0021897542756050825,-0.3771514892578125,-0.04032721370458603,-0.010384324938058853,-0.3792625665664673,-0.0036345135886222124,-0.3828970789909363,0.08707186579704285,0.020281830802559853,-0.37911123037338257,0.007098640780895948,-0.37201258540153503,0.0612839013338089,0.05865735188126564,-0.3794041872024536,0.02053007297217846,-0.35887411236763,0.004541873000562191,0.006022327579557896,-0.379140704870224,0.0021078146528452635,-0.3770328760147095,-0.0019993875175714493,-0.01987370289862156,-0.09014780074357986,-0.006955795921385288,-0.09710359573364258,-0.07800495624542236,-0.09788474440574646,0.2409430593252182,-0.03425965830683708,0.20668339729309082,-0.02783484384417534,-0.012947560288012028,0.47199225425720215,-0.0045316461473703384,0.46746060252189636,0.050983648747205734,0.042494576424360275,0.580085277557373,0.014873101375997066,0.5949583649635315,0.16936835646629333,0.14866335690021515,0.5739352107048035,0.05203217267990112,0.6259673833847046
11.08,0.0,-0.075,0.0,-0.26230869051431793,-0.07658020467394662,1.3374224056734263,-0.06672472506761551,0.39991291239857674,0.0,0.0,0.0,1.3723136186599731,0.07181120663881302,1.3987520933151245,-0.05605165660381317,-0.04876689985394478,-0.3790838122367859,-0.017068414017558098,-0.39615222811698914,-0.017521675676107407,-0.0008769943378865719,-0.37932005524635315,-0.0003069480007980019,-0.379626989364624,0.04389070346951485,0.005898184608668089,-0.37928733229637146,0.0020643644966185093,-0.3772229552268982,-0.06570034474134445,-0.005512823350727558,-0.3790974020957947,-0.001929488149471581,-0.38102689385414124,0.07670128345489502,0.06407053023576736,-0.37939906120300293,0.022424684837460518,-0.35697436332702637,0.045454367995262146,0.0178519394248724,-0.3791618347167969,0.006248178891837597,-0.372913658618927,-0.01923191547393799,-0.019681166857481003,-0.14866995811462402,-0.006888408213853836,-0.15555836260318756,-0.12153725326061249,-0.10498049855232239,0.20085270702838898,-0.036743175238370895,0.16410952806472778,0.04649963602423668,0.0048865992575883865,0.46064603328704834,0.0017103097634389997,0.4623563289642334,0.11483767628669739,0.06419751048088074,0.6004016399383545,0.02246912755072117,0.6228707432746887,0.12068221718072891,0.14026901125907898,0.6206883192062378,0.049094151705503464,0.6697824597358704
11.1,0.0,-0.075,0.0,-0.2575160946282544,-0.07331657177771754,1.2525131152677,-0.09285977482795715,0.36071033775806427,0.0,0.0,0.0,1.3924777507781982,0.07314711809158325,1.4236468076705933,-0.035619016736745834,-0.044822532683610916,-0.3790927827358246,-0.015687886625528336,-0.3947806656360626,0.013107669539749622,0.0033184050116688013,-0.3792969584465027,0.001161441789008677,-0.3781355023384094,0.03739107772707939,0.015346053056418896,-0.3793110251426697,0.005371118430048227,-0.3739399015903473,-0.087320975959301,-0.030055269598960876,-0.3790869116783142,-0.010519344359636307,-0.3896062672138214,0.07449479401111603,0.06719780713319778,-0.379390150308609,0.023519232869148254,-0.35587090253829956,0.050326768308877945,0.027594387531280518,-0.37918487191200256,0.009658035822212696,-0.36952683329582214,0.07814386487007141,0.00966634415090084,-0.20958209037780762,0.0033832204062491655,-0.20619887113571167,-0.06074758246541023,-0.09171062707901001,0.15486115217208862,-0.032098717987537384,0.12276243418455124,0.01697710156440735,0.00851375050842762,0.4414052963256836,0.002979812677949667,0.4443851113319397,0.14230775833129883,0.08763058483600616,0.6128609776496887,0.030670704320073128,0.6435316801071167,0.13200214505195618,0.13778895139694214,0.6616427898406982,0.04822613298892975,0.7098689079284668
11.120000000000001,0.0,-0.075,0.0,-0.24804287653282006,-0.07002401149448305,1.139748379316928,-0.12700359523296356,0.30949460715055466,0.0,0.0,0.0,1.4089045524597168,0.07471805065870285,1.4379968643188477,0.0483088493347168,-0.016883118078112602,-0.3791053295135498,-0.005909091327339411,-0.3850144147872925,0.02136695384979248,0.008732969872653484,-0.3792725205421448,0.0030565394554287195,-0.37621599435806274,-0.016918396577239037,0.005666717886924744,-0.3793330192565918,0.001983351306989789,-0.3773496747016907,0.013871714472770691,-0.016877174377441406,-0.3790801763534546,-0.00590701075270772,-0.3849871754646301,0.08627969026565552,0.07292237132787704,-0.37937772274017334,0.025522829964756966,-0.3538548946380615,0.0647871345281601,0.03875221312046051,-0.3792092204093933,0.013563274405896664,-0.3656459450721741,0.0640174075961113,0.025971664115786552,-0.2718537747859955,0.009090082719922066,-0.2627636790275574,-0.08210491389036179,-0.0888289138674736,0.1037464290857315,-0.03109011985361576,0.0726563110947609,0.029847249388694763,0.014913800172507763,0.4145955443382263,0.005219830200076103,0.4198153614997864,0.07284475862979889,0.08319483697414398,0.6172524094581604,0.029118193313479424,0.6463705897331238,0.1770147681236267,0.1495566964149475,0.6961058378219604,0.05234484374523163,0.7484506964683533
11.14,0.0,-0.075,0.0,-0.23347708253453292,-0.06919720318847952,0.9946741643638175,-0.14995308220386505,0.2750703766942024,0.0,0.0,0.0,1.4219095706939697,0.07794716954231262,1.4524883031845093,-0.0032631605863571167,-0.012797131203114986,-0.3791210651397705,-0.004478995688259602,-0.38360005617141724,0.015554219484329224,0.010779345408082008,-0.37924742698669434,0.0037727707531303167,-0.3754746615886688,0.0029645729809999466,0.004856074694544077,-0.379352867603302,0.0016996260965242982,-0.37765324115753174,-0.03971735015511513,-0.023729227483272552,-0.3790772259235382,-0.008305229246616364,-0.387382447719574,0.08544919639825821,0.07668042182922363,-0.3793620765209198,0.0268381480127573,-0.35252392292022705,0.05190557613968849,0.042698223143815994,-0.3792344033718109,0.014944378286600113,-0.3642900288105011,0.09735862910747528,0.047387756407260895,-0.334431529045105,0.016585715115070343,-0.31784582138061523,-0.0773763656616211,-0.08539314568042755,0.048373229801654816,-0.029887599870562553,0.018485629931092262,0.03998379036784172,0.022434797137975693,0.38067036867141724,0.007852178998291492,0.38852253556251526,0.12683823704719543,0.09628786146640778,0.613501787185669,0.03370074927806854,0.6472025513648987,0.14224767684936523,0.14736399054527283,0.7234943509101868,0.05157739669084549,0.7750717401504517
11.16,0.0,-0.075,0.0,-0.2148087391571796,-0.06702281893533228,0.854326286460342,-0.13135214149951935,0.302971787750721,0.0,0.0,0.0,1.4319056272506714,0.0790746882557869,1.4590836763381958,0.06252402067184448,0.009799215942621231,-0.3791397213935852,0.003429725533351302,-0.37571001052856445,0.0487995371222496,0.02218540385365486,-0.3792220950126648,0.007764891255646944,-0.37145718932151794,0.016217708587646484,0.008264564909040928,-0.3793700933456421,0.0028925975784659386,-0.37647750973701477,-0.0284358412027359,-0.025141211226582527,-0.3790781497955322,-0.008799423463642597,-0.38787758350372314,0.076606385409832,0.0766582116484642,-0.37934350967407227,0.02683037333190441,-0.3525131344795227,0.029943276196718216,0.03887173905968666,-0.3792596459388733,0.013605108484625816,-0.36565452814102173,0.10308659076690674,0.06409740447998047,-0.39625680446624756,0.022434091195464134,-0.37382271885871887,-0.06183598190546036,-0.07832599431276321,-0.010321686044335365,-0.027414098381996155,-0.03773578256368637,0.04126987233757973,0.028085321187973022,0.3402036428451538,0.009829862043261528,0.3500334918498993,0.08501361310482025,0.09290558099746704,0.6016722917556763,0.032516952604055405,0.634189248085022,0.1584072858095169,0.15067698061466217,0.7433451414108276,0.05273694172501564,0.796082079410553
11.18,0.0,-0.075,0.0,-0.19085876488618728,-0.06564401577967287,0.6938969371794407,-0.148433655500412,0.277349516749382,0.0,0.0,0.0,1.4393666982650757,0.07767815887928009,1.4649444818496704,-0.006754825823009014,0.004833003506064415,-0.37916073203086853,0.0016915511805564165,-0.37746918201446533,0.04635640233755112,0.029436703771352768,-0.37919729948043823,0.010302846319973469,-0.36889445781707764,-0.053303055465221405,-0.010205721482634544,-0.37938421964645386,-0.0035720025189220905,-0.38295623660087585,0.02535933256149292,-0.009991046972572803,-0.37908297777175903,-0.0034968664404004812,-0.38257983326911926,0.0542670413851738,0.06994085758924484,-0.3793225586414337,0.024479299783706665,-0.35484325885772705,0.04430358111858368,0.040501292794942856,-0.3792845606803894,0.014175452291965485,-0.3651091158390045,0.0906580314040184,0.07206559181213379,-0.4562836289405823,0.025222957134246826,-0.43106067180633545,-0.05428580939769745,-0.0711139440536499,-0.07134538888931274,-0.024889880791306496,-0.09623526781797409,0.008455757983028889,0.02219645120203495,0.29387998580932617,0.00776875764131546,0.30164873600006104,0.07421500980854034,0.08729840815067291,0.581964373588562,0.03055444173514843,0.6125187873840332,0.1568605750799179,0.15253205597400665,0.7553222179412842,0.05338621884584427,0.8087084293365479
11.200000000000001,0.0,-0.075,0.0,-0.1636014442923183,-0.06747238893073206,0.5213510811101972,-0.13519787788391113,0.2972031831741333,0.0,0.0,0.0,1.4447886943817139,0.07471214234828949,1.4690675735473633,0.015295613557100296,0.007971785962581635,-0.37918370962142944,0.002790125086903572,-0.376393586397171,0.0637233778834343,0.039722707122564316,-0.3791734576225281,0.013902947306632996,-0.3652704954147339,0.012970383279025555,-0.003252889961004257,-0.3793949484825134,-0.0011385114630684257,-0.38053345680236816,-0.03339202702045441,-0.017011340707540512,-0.3790915608406067,-0.005953968968242407,-0.38504552841186523,0.015820572152733803,0.053704772144556046,-0.37929967045783997,0.01879666931927204,-0.3605029881000519,0.010623491369187832,0.03153795376420021,-0.37930840253829956,0.011038283817470074,-0.3682701289653778,0.07455136626958847,0.0728113204240799,-0.5134965181350708,0.025483962148427963,-0.48801255226135254,-0.06370969116687775,-0.06889267265796661,-0.133665531873703,-0.024112435057759285,-0.15777796506881714,0.029197074472904205,0.024296637624502182,0.242482990026474,0.008503822609782219,0.25098681449890137,0.04934972897171974,0.07591380178928375,0.5547111630439758,0.026569830253720284,0.5812810063362122,0.1533985137939453,0.15279199182987213,0.7592231035232544,0.053477197885513306,0.8127002716064453
11.22,0.0,-0.075,0.0,-0.13709053407059038,-0.06720677823363065,0.3600304184599077,-0.1509428471326828,0.2735857293009758,0.0,0.0,0.0,1.4486494064331055,0.06930582225322723,1.4701241254806519,0.07359886169433594,0.027659909799695015,-0.379207968711853,0.009680968709290028,-0.36952701210975647,0.01691347174346447,0.03287993744015694,-0.37915128469467163,0.011507977731525898,-0.3676432967185974,-0.028532849624753,-0.010836878791451454,-0.3794019818305969,-0.003792907577008009,-0.3831948935985565,0.06485002487897873,0.007547070272266865,-0.37910372018814087,0.0026414745952934027,-0.37646225094795227,-0.0004334244877099991,0.03746331110596657,-0.379275381565094,0.013112158514559269,-0.3661632239818573,0.013074121437966824,0.025998804718255997,-0.3793306052684784,0.009099581278860569,-0.370231032371521,0.04620378091931343,0.06482905894517899,-0.5669277310371399,0.022690169513225555,-0.5442375540733337,-0.037627846002578735,-0.05951322615146637,-0.19622787833213806,-0.02082962915301323,-0.2170575112104416,0.026733234524726868,0.025027615949511528,0.1868821531534195,0.008759665302932262,0.19564181566238403,0.07603982090950012,0.07595160603523254,0.5203738212585449,0.02658306248486042,0.5469568967819214,0.12619677186012268,0.1448134332895279,0.7549817562103271,0.05068470165133476,0.805666446685791
11.24,0.0,-0.075,0.0,-0.10659862303578323,-0.0702871653906877,0.17792260593538392,-0.12669914960861206,0.3099512755870819,0.0,0.0,0.0,1.451371431350708,0.06527258455753326,1.4665583372116089,0.069097138941288,0.04009108245372772,-0.37923312187194824,0.014031878672540188,-0.3652012348175049,0.018370935693383217,0.028527237474918365,-0.3791312575340271,0.009984533302485943,-0.3691467344760895,0.03949151933193207,0.004261640831828117,-0.37940531969070435,0.001491574221290648,-0.3779137432575226,-0.08318065106868744,-0.0196712464094162,-0.3791190981864929,-0.0068849362432956696,-0.3860040307044983,0.042723216116428375,0.03904128074645996,-0.37925031781196594,0.013664447702467442,-0.3655858635902405,0.030385654419660568,0.027314860373735428,-0.3793507218360901,0.009560201317071915,-0.36979052424430847,0.07937285304069519,0.06919219344854355,-0.6156732439994812,0.024217266589403152,-0.5914559960365295,-0.05982865393161774,-0.0596078559756279,-0.2579740285873413,-0.020862748846411705,-0.27883678674697876,0.04273153096437454,0.030338790267705917,0.1280180960893631,0.010618576779961586,0.13863667845726013,0.04737376049160957,0.06737825274467468,0.47953325510025024,0.02358238771557808,0.5031156539916992,0.08218416571617126,0.12602464854717255,0.742669939994812,0.04410862550139427,0.7867785692214966
11.26,0.0,-0.075,0.0,-0.07476419296704424,-0.07451556782853276,0.0007469003716874904,-0.14732150733470917,0.27901773899793625,0.0,0.0,0.0,1.453287124633789,0.06042788550257683,1.4603949785232544,0.1178598701953888,0.06342171877622604,-0.379258394241333,0.022197600454092026,-0.3570607900619507,-0.0257960706949234,0.012230245396494865,-0.3791138529777527,0.0042805857956409454,-0.37483325600624084,0.011930074542760849,0.006562171038240194,-0.3794046640396118,0.002296759746968746,-0.3771079182624817,0.028434913605451584,-0.005239398218691349,-0.37913745641708374,-0.0018337893998250365,-0.3809712529182434,0.0253054890781641,0.03492054343223572,-0.379224956035614,0.012222190387547016,-0.3670027554035187,-0.004868981894105673,0.017659708857536316,-0.37936824560165405,0.006180897820740938,-0.3731873333454132,0.0813324898481369,0.07283428311347961,-0.658908486366272,0.025491999462246895,-0.633416473865509,-0.01952543295919895,-0.04758312925696373,-0.3178594708442688,-0.01665409468114376,-0.3345135748386383,0.038858477026224136,0.03289469704031944,0.06688658893108368,0.01151314377784729,0.07839973270893097,0.08126579225063324,0.07154451310634613,0.4328802824020386,0.025040579959750175,0.4579208493232727,0.04366399347782135,0.10131645202636719,0.7224958539009094,0.035460758954286575,0.7579566240310669
11.28,0.0,-0.075,0.0,-0.03970329119009013,-0.0821281288600741,-0.19162507736272172,-0.1276826113462448,0.3084760829806328,0.0,0.0,0.0,1.4546116590499878,0.05780833587050438,1.4572081565856934,0.10777217894792557,0.07672685384750366,-0.3792833089828491,0.026854397729039192,-0.3524289131164551,-0.029592862352728844,-0.00031668785959482193,-0.37909942865371704,-0.0001108407523133792,-0.3792102634906769,0.03212010860443115,0.014229552820324898,-0.3794001638889313,0.004980343393981457,-0.37441980838775635,-0.03776053339242935,-0.014995739795267582,-0.37915822863578796,-0.005248508881777525,-0.3844067454338074,0.04839029163122177,0.03896147012710571,-0.3792000710964203,0.013636514544487,-0.3655635714530945,0.022513173520565033,0.0191157478839159,-0.3793827295303345,0.006690511479973793,-0.3726922273635864,0.04855259135365486,0.06554977595806122,-0.6959020495414734,0.022942421957850456,-0.6729596257209778,-0.0369236096739769,-0.04438527300953865,-0.3748711049556732,-0.015534845180809498,-0.39040595293045044,0.0175202414393425,0.02828235924243927,0.0045218029990792274,0.00989882554858923,0.014420628547668457,0.060897406190633774,0.06835038214921951,0.381204217672348,0.0239226333796978,0.4051268398761749,0.04924563318490982,0.08569520711898804,0.6948009729385376,0.029993321746587753,0.7247942686080933
11.3,0.0,-0.075,0.0,-0.0026310328071792546,-0.09262295277693329,-0.3949962260875761,-0.14138665795326233,0.2879200130701065,0.0,0.0,0.0,1.455424427986145,0.05864427611231804,1.449898362159729,0.10624793916940689,0.08558318018913269,-0.37930721044540405,0.02995411306619644,-0.3493531048297882,-0.014864176511764526,-0.004680934362113476,-0.3790884017944336,-0.0016383270267397165,-0.38072672486305237,0.037489891052246094,0.0212076548486948,-0.3793918490409851,0.007422679103910923,-0.37196916341781616,-0.02801799401640892,-0.01890241727232933,-0.3791809678077698,-0.006615845952183008,-0.38579681515693665,0.045441098511219025,0.040905360132455826,-0.37917613983154297,0.014316875487565994,-0.3648592531681061,0.012849084101617336,0.01723574846982956,-0.37939390540122986,0.006032512057572603,-0.37336137890815735,0.10992521792650223,0.07886241376399994,-0.7260280847549438,0.02760184369981289,-0.6984262466430664,-0.04164640232920647,-0.043563611805438995,-0.4280444383621216,-0.015247263945639133,-0.44329169392585754,0.04599413275718689,0.033595889806747437,-0.058021243661642075,0.011758561246097088,-0.04626268148422241,0.04547528550028801,0.06148785352706909,0.3253791928291321,0.021520748734474182,0.34689992666244507,0.03395849093794823,0.0701741874217987,0.6600536108016968,0.024560965597629547,0.6846145987510681
11.32,0.0,-0.075,0.0,0.034769191721719196,-0.10473671580486983,-0.6052491001767878,-0.13414117693901062,0.29878823459148407,0.0,0.0,0.0,1.4556626081466675,0.05915466696023941,1.4423927068710327,0.11963015794754028,0.09579727053642273,-0.37932953238487244,0.033529043197631836,-0.3458004891872406,-0.0010975844925269485,-0.003605929436162114,-0.37908101081848145,-0.0012620752677321434,-0.38034307956695557,0.031946320086717606,0.024429254233837128,-0.3793799877166748,0.00855023879557848,-0.3708297610282898,0.035867031663656235,-0.002471582032740116,-0.3792051672935486,-0.0008650536765344441,-0.38007020950317383,0.03724093735218048,0.03980603069067001,-0.3791537582874298,0.013932110741734505,-0.36522164940834045,-0.020828794687986374,0.005816385615617037,-0.37940141558647156,0.0020357349421828985,-0.37736567854881287,0.11513001471757889,0.08974269032478333,-0.7487770318984985,0.031409941613674164,-0.7173671126365662,-0.03273645043373108,-0.04031546413898468,-0.4764799475669861,-0.014110412448644638,-0.490590363740921,0.025294721126556396,0.031105538830161095,-0.11968450248241425,0.01088693831115961,-0.10879756510257721,0.02493353560566902,0.05052156001329422,0.26634958386421204,0.017682544887065887,0.2840321362018585,0.04589144140481949,0.06288936734199524,0.6188416481018066,0.022011278197169304,0.6408529281616211
11.34,0.0,-0.075,0.0,0.0708206468863422,-0.11744460852135176,-0.8112808127660172,-0.12111292034387589,0.3183306194841862,0.0,0.0,0.0,1.4551252126693726,0.05488889664411545,1.4405014514923096,0.10329489409923553,0.09804655611515045,-0.3793497681617737,0.0343162938952446,-0.3450334668159485,-0.005827371962368488,-0.004272362217307091,-0.3790774345397949,-0.0014953267527744174,-0.38057276606559753,0.017428580671548843,0.022329051047563553,-0.37936484813690186,0.007815167307853699,-0.37154966592788696,0.018331319093704224,0.003769288770854473,-0.37923020124435425,0.0013192510232329369,-0.37791094183921814,0.0347566157579422,0.03829120844602585,-0.379133403301239,0.013401922769844532,-0.36573147773742676,-0.0316183865070343,-0.005414046812802553,-0.37940514087677,-0.001894916407763958,-0.38130006194114685,0.0600743405520916,0.08084218204021454,-0.7637639045715332,0.028294762596488,-0.7354691624641418,-0.03879246860742569,-0.03985856473445892,-0.5193583369255066,-0.013950497843325138,-0.5333088636398315,-0.006459501571953297,0.019836025312542915,-0.17942483723163605,0.00694260885939002,-0.1724822223186493,0.027417846024036407,0.043590445071458817,0.20511406660079956,0.015256655402481556,0.22037072479724884,0.021145349368453026,0.05036616325378418,0.5718622803688049,0.017628157511353493,0.5894904136657715
11.36,0.0,-0.075,0.0,0.10288464260450747,-0.1289745616726186,-0.9988125068773543,-0.11642950773239136,0.32535573840141296,0.0,0.0,0.0,1.4534891843795776,0.05464582145214081,1.4373033046722412,0.10174546390771866,0.09915623068809509,-0.3793674409389496,0.03470468148589134,-0.34466275572776794,-0.0053472924046218395,-0.004594841040670872,-0.3790777623653412,-0.0016081943176686764,-0.380685955286026,-0.006706597283482552,0.013618355616927147,-0.37934672832489014,0.004766424186527729,-0.3745802938938141,0.10127829760313034,0.033021993935108185,-0.3792555332183838,0.01155769731849432,-0.3676978349685669,0.008691465482115746,0.029411286115646362,-0.37911567091941833,0.010293950326740742,-0.3688217103481293,-0.059025153517723083,-0.02149737998843193,-0.3794049620628357,-0.007524082902818918,-0.3869290351867676,0.082347072660923,0.08129364997148514,-0.7707353830337524,0.02845277637243271,-0.7422826290130615,-0.06293937563896179,-0.046782806515693665,-0.555954098701477,-0.016373982653021812,-0.5723280906677246,0.017384987324476242,0.019100714474916458,-0.23623162508010864,0.006685249973088503,-0.22954636812210083,-0.0004135221242904663,0.03038925491273403,0.14270849525928497,0.010636239312589169,0.15334473550319672,0.025271998718380928,0.04283791407942772,0.5199103355407715,0.014993269927799702,0.5349035859107971
11.38,0.0,-0.075,0.0,0.1325937078443219,-0.13738285406119638,-1.1675219225494828,-0.09201393276453018,0.3619791008532047,0.0,0.0,0.0,1.4503345489501953,0.05313785374164581,1.4336693286895752,0.07798317074775696,0.09280431270599365,-0.37938210368156433,0.03248151019215584,-0.3469005823135376,-0.012162663042545319,-0.006865187548100948,-0.3790819048881531,-0.0024028155021369457,-0.381484717130661,0.011185777373611927,0.012888581492006779,-0.3793261647224426,0.004511003382503986,-0.3748151659965515,0.018728313967585564,0.028733888640999794,-0.3792805075645447,0.010056860744953156,-0.3692236542701721,0.04850734770298004,0.035140104591846466,-0.3791009187698364,0.012299036607146263,-0.3668018877506256,-0.007827864959836006,-0.01739652454853058,-0.3794008791446686,-0.006088783498853445,-0.38548967242240906,0.07947125285863876,0.08074693381786346,-0.7695733308792114,0.028261426836252213,-0.7413119077682495,-0.08811618387699127,-0.059182822704315186,-0.5856482982635498,-0.020713986828923225,-0.6063622832298279,-0.0005967402830719948,0.013191478326916695,-0.2891438603401184,0.004617017228156328,-0.28452685475349426,0.03943720459938049,0.033103641122579575,0.08018860965967178,0.011586274020373821,0.09177488088607788,-0.020476030185818672,0.023843729868531227,0.4638645350933075,0.008345304988324642,0.4722098410129547
11.4,0.0,-0.075,0.0,0.15614439946571437,-0.14303982663953024,-1.3063373972250993,-0.07955706864595413,0.3806643970310688,0.0,0.0,0.0,1.4451769590377808,0.04636033624410629,1.4320448637008667,0.0831877812743187,0.08991935849189758,-0.37939339876174927,0.031471773982048035,-0.34792160987854004,-0.00904761254787445,-0.007519914768636227,-0.37908992171287537,-0.002631970215588808,-0.3817218840122223,-0.007311033084988594,0.006828696466982365,-0.37930357456207275,0.0023900438100099564,-0.37691351771354675,-0.0026299874298274517,0.01932472549378872,-0.37930452823638916,0.006763653829693794,-0.3725408613681793,-0.0222704466432333,0.017916938289999962,-0.3790895342826843,0.006270928308367729,-0.37281861901283264,-0.00026874709874391556,-0.012258190661668777,-0.3793930113315582,-0.004290366545319557,-0.38368338346481323,0.03556858003139496,0.0671934261918068,-0.7602975368499756,0.023517698049545288,-0.7367798089981079,-0.04164008051156998,-0.053919997066259384,-0.6079384684562683,-0.01887199841439724,-0.6268104910850525,-0.020898815244436264,0.0029643895104527473,-0.3372664153575897,0.0010375363053753972,-0.3362288773059845,0.024240165948867798,0.030444597825407982,0.01861204206943512,0.010655608959496021,0.029267650097608566,-0.014300400391221046,0.012400489300489426,0.4046730399131775,0.0043401713483035564,0.40901321172714233
11.42,0.0,-0.075,0.0,0.1738338203801373,-0.14832834592800467,-1.4138141700571143,-0.09778646379709244,0.35332030430436134,0.0,0.0,0.0,1.4375052452087402,0.051670704036951065,1.421257734298706,0.1015687957406044,0.09341418743133545,-0.3794010877609253,0.03269496560096741,-0.3467061221599579,0.004006503149867058,-0.004061989486217499,-0.3791015148162842,-0.0014216962736099958,-0.3805232048034668,0.005439146421849728,0.006411831825971603,-0.3792794644832611,0.00224414118565619,-0.37703531980514526,0.0898158848285675,0.04047207534313202,-0.37932705879211426,0.014165226370096207,-0.36516183614730835,0.027555866166949272,0.020808616653084755,-0.37908169627189636,0.007283015642315149,-0.37179869413375854,-0.04647911712527275,-0.02252446860074997,-0.37938153743743896,-0.00788356363773346,-0.38726508617401123,0.09283377230167389,0.0748855322599411,-0.7430647611618042,0.026209935545921326,-0.7168548107147217,-0.09449891000986099,-0.06609366834163666,-0.6224475502967834,-0.02313278429210186,-0.6455803513526917,-0.007000776473432779,-2.5160377845168114e-05,-0.3797852396965027,-8.80613242770778e-06,-0.37979403138160706,-0.010743469931185246,0.01808817684650421,-0.04097951948642731,0.006330861710011959,-0.03464865684509277,-0.06682734936475754,-0.011367862112820148,0.3433372974395752,-0.003978751599788666,0.33935853838920593
11.44,0.0,-0.075,0.0,0.188227427078026,-0.15200659642921452,-1.5038713043930203,-0.1108013242483139,0.33379801362752914,0.0,0.0,0.0,1.426819920539856,0.04936464875936508,1.41380774974823,0.06979911774396896,0.08632966876029968,-0.37940502166748047,0.03021538443863392,-0.3491896390914917,0.016780773177742958,0.002190839499235153,-0.37911638617515564,0.0007667937898077071,-0.3783496022224426,0.002116294577717781,0.0051231710240244865,-0.37925446033477783,0.0017931098118424416,-0.37746134400367737,0.0819082036614418,0.052902914583683014,-0.3793475925922394,0.018516018986701965,-0.3608315587043762,0.004005970433354378,0.015767822042107582,-0.37907761335372925,0.005518737714737654,-0.3735588788986206,-0.0457177497446537,-0.02948245406150818,-0.3793667256832123,-0.010318858548998833,-0.38968557119369507,0.037591367959976196,0.06369727849960327,-0.718166708946228,0.022294046357274055,-0.6958726644515991,-0.056517984718084335,-0.06322096288204193,-0.6289302110671997,-0.022127335891127586,-0.6510575413703918,-0.03946040943264961,-0.011855735443532467,-0.4159810245037079,-0.004149507265537977,-0.42013052105903625,-0.006529661826789379,0.010702824220061302,-0.09757795929908752,0.0037459884770214558,-0.09383197128772736,-0.018573086708784103,-0.013529429212212563,0.28089478611946106,-0.004735300317406654,0.27615949511528015
11.46,0.0,-0.075,0.0,0.19774976122160362,-0.15760872022447234,-1.570854252780454,-0.09509089589118958,0.35736365616321564,0.0,0.0,0.0,1.4126719236373901,0.05013367906212807,1.4034184217453003,0.057933032512664795,0.07781067490577698,-0.37940502166748047,0.027233736589550972,-0.35217127203941345,0.026558006182312965,0.009500989690423012,-0.37913426756858826,0.003325346391648054,-0.3758089244365692,-0.03137267380952835,-0.005825582891702652,-0.3792291283607483,-0.002038954058662057,-0.38126808404922485,0.09213533252477646,0.06467264145612717,-0.37936556339263916,0.02263542450964451,-0.3567301332950592,0.022561943158507347,0.01780605874955654,-0.3790774941444397,0.0062321205623447895,-0.3728453814983368,-0.05840468779206276,-0.03815912455320358,-0.3793489933013916,-0.013355693779885769,-0.39270469546318054,0.04500288516283035,0.05808895826339722,-0.68602454662323,0.020331135019659996,-0.6656934022903442,-0.053756654262542725,-0.06038166955113411,-0.627276599407196,-0.021133584901690483,-0.6484102010726929,-0.07394295185804367,-0.03048190101981163,-0.44524145126342773,-0.010668665170669556,-0.4559101164340973,-0.021675843745470047,0.0009892233647406101,-0.15022581815719604,0.00034622816019691527,-0.149879589676857,-0.03776169568300247,-0.02079910971224308,0.21840190887451172,-0.0072796884924173355,0.21112221479415894
11.48,0.0,-0.075,0.0,0.20487075399416424,-0.16075126884864582,-1.6170181403008996,-0.11657420545816422,0.3251386918127537,0.0,0.0,0.0,1.394699215888977,0.05644902586936951,1.3861488103866577,0.04497537761926651,0.06796008348464966,-0.37940114736557007,0.02378602884709835,-0.35561510920524597,0.01898440159857273,0.012346013449132442,-0.37915465235710144,0.004321104846894741,-0.3748335540294647,-0.005762230604887009,-0.005806577391922474,-0.3792041540145874,-0.002032302087172866,-0.3812364637851715,0.16361911594867706,0.09435658156871796,-0.37938058376312256,0.033024802803993225,-0.3463557958602905,0.003782929852604866,0.013599120080471039,-0.37908124923706055,0.004759692121297121,-0.3743215501308441,-0.09825742244720459,-0.056188613176345825,-0.3793286383152008,-0.01966601423919201,-0.39899465441703796,0.05595573037862778,0.057448990643024445,-0.6471818685531616,0.020107146352529526,-0.6270747184753418,-0.06331895291805267,-0.06126285716891289,-0.6175148487091064,-0.021441999822854996,-0.6389568448066711,-0.03286132588982582,-0.031195728108286858,-0.467071533203125,-0.010918504558503628,-0.4779900312423706,0.016600586473941803,0.0056726327165961266,-0.1980324536561966,0.0019854214042425156,-0.19604703783988953,-0.05165388435125351,-0.030055541545152664,0.1569158285856247,-0.010519439354538918,0.14639638364315033
11.5,0.0,-0.075,0.0,0.2089103904026679,-0.1641988201422136,-1.620726329701,-0.09649818390607834,0.3552527241408825,0.0,0.0,0.0,1.3726602792739868,0.05509809032082558,1.3657892942428589,0.04774382710456848,0.061895206570625305,-0.3793935179710388,0.021663321182131767,-0.3577302098274231,0.027037836611270905,0.016753561794757843,-0.37917715311050415,0.005863746628165245,-0.37331339716911316,-0.028919337317347527,-0.012740405276417732,-0.37918001413345337,-0.004459141753613949,-0.3836391568183899,0.06742074340581894,0.08627583086490631,-0.3793922960758209,0.03019654005765915,-0.3491957485675812,0.036169931292533875,0.02037036418914795,-0.379088819026947,0.007129627279937267,-0.3719591796398163,-0.033270981162786484,-0.049313321709632874,-0.37930625677108765,-0.017259662970900536,-0.39656591415405273,0.059359364211559296,0.05802210420370102,-0.602295994758606,0.020307736471295357,-0.5819882750511169,-0.044732291251420975,-0.056303687393665314,-0.599810004234314,-0.01970629021525383,-0.6195163130760193,-0.07209599018096924,-0.043465808033943176,-0.481101930141449,-0.015213032253086567,-0.49631497263908386,-0.01221595611423254,0.00030605588108301163,-0.2401891052722931,0.00010711955837905407,-0.24008198082447052,-0.07096561789512634,-0.04232856631278992,0.09747672080993652,-0.014814998023211956,0.08266172558069229
11.52,0.0,-0.075,0.0,0.21288827099635707,-0.17297253988055292,-1.64356504751621,-0.07762373238801956,0.38356440141797066,0.0,0.0,0.0,1.34646475315094,0.050003718584775925,1.3447203636169434,0.05815209448337555,0.06077226996421814,-0.3793821930885315,0.02127029374241829,-0.3581118881702423,0.010523661971092224,0.014884592033922672,-0.37920111417770386,0.005209607072174549,-0.3739915192127228,-0.09583309292793274,-0.03766821324825287,-0.37915730476379395,-0.01318387407809496,-0.39234116673469543,0.041782479733228683,0.07292782515287399,-0.37940043210983276,0.025524739176034927,-0.35387569665908813,-0.026362219825387,0.0063505880534648895,-0.37909996509552,0.00222270586527884,-0.3768772482872009,-0.01161621417850256,-0.03800418972969055,-0.37928229570388794,-0.013301466591656208,-0.3925837576389313,0.006340292282402515,0.042517561465501785,-0.5521260499954224,0.014881146140396595,-0.5372449159622192,0.01785968616604805,-0.034054674208164215,-0.5744616389274597,-0.01191913615912199,-0.5863807797431946,-0.0949527844786644,-0.05891190096735954,-0.48709532618522644,-0.020619165152311325,-0.5077145099639893,0.03902918100357056,0.011922994628548622,-0.2759826183319092,0.004173047840595245,-0.27180957794189453,-0.03843297064304352,-0.04115988686680794,0.04109010100364685,-0.014405960217118263,0.026684140786528587
11.540000000000001,0.0,-0.075,0.0,0.21475749758025697,-0.17987765225770638,-1.6304555562502883,-0.09822601824998856,0.35266097262501717,0.0,0.0,0.0,1.3161996603012085,0.05253893882036209,1.3178075551986694,0.09463772177696228,0.07093190401792526,-0.3793675899505615,0.024826165288686752,-0.3545414209365845,0.02953026257455349,0.01927829347550869,-0.37922602891921997,0.0067474027164280415,-0.3724786341190338,-0.05925241857767105,-0.04414347559213638,-0.3791366219520569,-0.01545021589845419,-0.39458683133125305,0.04936408996582031,0.06585870683193207,-0.37940478324890137,0.023050546646118164,-0.3563542366027832,0.00024911947548389435,0.0045201475732028484,-0.3791145086288452,0.0015820516273379326,-0.3775324523448944,-0.021862201392650604,-0.03316159546375275,-0.37925732135772705,-0.011606558226048946,-0.3908638656139374,0.02352014183998108,0.03681833669543266,-0.49752092361450195,0.012886418029665947,-0.48463451862335205,-0.03456757217645645,-0.034208543598651886,-0.5418985486030579,-0.01197298988699913,-0.5538715124130249,-0.09665650874376297,-0.07023528218269348,-0.48495030403137207,-0.02458234876394272,-0.509532630443573,-0.01577085815370083,0.003614838235080242,-0.30480754375457764,0.001265193335711956,-0.3035423457622528,-0.062158018350601196,-0.047459326684474945,-0.01129013579338789,-0.0166107639670372,-0.027900900691747665
11.56,0.0,-0.075,0.0,0.21539131067446707,-0.18241797956087533,-1.582711329958201,-0.07292154431343079,0.3906176835298538,0.0,0.0,0.0,1.2821539640426636,0.05268329381942749,1.2890455722808838,0.09398503601551056,0.07784783840179443,-0.3793499171733856,0.027246743440628052,-0.35210317373275757,0.009362324140965939,0.016303502023220062,-0.3792513906955719,0.005706225521862507,-0.37354516983032227,-0.10296004265546799,-0.061788447201251984,-0.3791183829307556,-0.021625956520438194,-0.40074434876441956,0.020797530189156532,0.05234035104513168,-0.3794052004814148,0.01831912249326706,-0.36108607053756714,-0.042857274413108826,-0.009693079628050327,-0.37913209199905396,-0.0033925778698176146,-0.38252466917037964,-0.022712115198373795,-0.030026750639081,-0.3792320489883423,-0.010509362444281578,-0.3897414207458496,-0.03551295027136803,0.015118950977921486,-0.43940430879592896,0.00529163284227252,-0.43411266803741455,0.027936898171901703,-0.015564910136163235,-0.5026715397834778,-0.0054477183148264885,-0.5081192851066589,-0.11337997019290924,-0.08317869156599045,-0.47470325231552124,-0.029112542048096657,-0.503815770149231,0.03532213717699051,0.01312702801078558,-0.32617613673210144,0.004594459664076567,-0.3215816915035248,-0.005524924024939537,-0.03487900644540787,-0.05877787619829178,-0.012207652442157269,-0.07098552584648132
11.58,0.0,-0.075,0.0,0.2156762811531773,-0.1858931806781653,-1.524163312157526,-0.07355212420225143,0.38967181369662285,0.0,0.0,0.0,1.2448376417160034,0.05485348030924797,1.2575222253799438,0.11224132031202316,0.08816587924957275,-0.37932971119880676,0.030858056619763374,-0.34847164154052734,0.02497713640332222,0.01890559121966362,-0.37927642464637756,0.0066169570200145245,-0.37265947461128235,-0.06686918437480927,-0.06331266462802887,-0.3791031539440155,-0.022159432992339134,-0.4012625813484192,0.004547297954559326,0.038002435117959976,-0.3794017732143402,0.013300851918756962,-0.36610090732574463,-0.03273247927427292,-0.016604900360107422,-0.37915217876434326,-0.00581171503290534,-0.38496389985084534,-0.018002688884735107,-0.02641953155398369,-0.37920695543289185,-0.009246835485100746,-0.38845378160476685,-0.021033812314271927,0.00427312171086669,-0.3787592947483063,0.0014955925289541483,-0.3772636950016022,-0.029911350458860397,-0.019868843257427216,-0.45744431018829346,-0.006954094860702753,-0.46439841389656067,-0.11897996813058853,-0.09391907602548599,-0.4565274119377136,-0.03287167474627495,-0.4893990755081177,-0.0575416125357151,-0.008073565550148487,-0.3397269546985626,-0.0028257479425519705,-0.34255269169807434,-0.007212389260530472,-0.02657902240753174,-0.10056978464126587,-0.009302658028900623,-0.10987244546413422
11.6,0.0,-0.075,0.0,0.21437754310391263,-0.18693452185446982,-1.443610150140367,-0.06038759648799896,0.40941860526800156,0.0,0.0,0.0,1.2049983739852905,0.056334175169467926,1.2207094430923462,0.10028906911611557,0.09180283546447754,-0.3793073892593384,0.03213099017739296,-0.3471764028072357,0.005993762984871864,0.015032042749226093,-0.37930065393447876,0.005261214915663004,-0.3740394413471222,-0.06801170110702515,-0.06472237408161163,-0.37909114360809326,-0.02265283092856407,-0.40174397826194763,-0.01646747812628746,0.021661460399627686,-0.37939453125,0.0075815110467374325,-0.371813029050827,-0.07147832959890366,-0.03306692838668823,-0.37917447090148926,-0.011573424562811852,-0.39074790477752686,-0.011657766066491604,-0.021991001442074776,-0.37918269634246826,-0.007696850225329399,-0.3868795335292816,-0.051246143877506256,-0.012382658198475838,-0.3166118860244751,-0.004333930090069771,-0.3209458291530609,0.0099724642932415,-0.010916450060904026,-0.406981885433197,-0.003820757381618023,-0.4108026325702667,-0.12439599633216858,-0.10306215286254883,-0.4307302236557007,-0.03607175126671791,-0.4668019711971283,0.028259284794330597,0.002826289739459753,-0.3452308177947998,0.0009892013622447848,-0.3442416191101074,0.026240842416882515,-0.010733063332736492,-0.13595885038375854,-0.003756572026759386,-0.13971541821956635
11.620000000000001,0.0,-0.075,0.0,0.20888405722197514,-0.1904169377967034,-1.3265791844821633,-0.05888570100069046,0.4116714484989643,0.0,0.0,0.0,1.1636321544647217,0.05744139105081558,1.1826804876327515,0.05882706493139267,0.08191010355949402,-0.37928348779678345,0.028668535873293877,-0.3506149649620056,0.039094477891922,0.022250773385167122,-0.37932348251342773,0.007787770591676235,-0.3715357184410095,-0.008147835731506348,-0.04775001108646393,-0.37908273935317993,-0.016712503507733345,-0.3957952558994293,0.07581917196512222,0.03790877386927605,-0.3793836832046509,0.013268070295453072,-0.36611559987068176,-0.060253649950027466,-0.04122294485569,-0.3791983127593994,-0.0144280306994915,-0.39362633228302,-0.06718157231807709,-0.035548172891139984,-0.3791598081588745,-0.012441860511898994,-0.39160168170928955,-0.051974378526210785,-0.024260174483060837,-0.2540133595466614,-0.008491060696542263,-0.2625044286251068,-0.0849706381559372,-0.03313270956277847,-0.3521379828453064,-0.01159644778817892,-0.3637344241142273,-0.11055680364370346,-0.10531054437160492,-0.3977482318878174,-0.0368586890399456,-0.4346069097518921,-0.060633040964603424,-0.016211509704589844,-0.3425945043563843,-0.005674028303474188,-0.3482685387134552,0.014067165553569794,-0.0032929941080510616,-0.16434642672538757,-0.0011525478912517428,-0.16549897193908691
11.64,0.0,-0.075,0.0,0.20030852272670088,-0.19138142878375022,-1.1993985204783415,-0.010148760862648487,0.48477685870602727,0.0,0.0,0.0,1.121983528137207,0.05556575953960419,1.1462482213974,0.009370693936944008,0.06014828011393547,-0.3792586326599121,0.02105189859867096,-0.35820674896240234,0.008382974192500114,0.01809043437242508,-0.3793443739414215,0.00633165193721652,-0.3730127215385437,-0.0056985896080732346,-0.035134583711624146,-0.3790780305862427,-0.012297104112803936,-0.3913751244544983,-0.061545729637145996,0.008072420954704285,-0.3793694078922272,0.002825347241014242,-0.3765440583229065,-0.11325187981128693,-0.06283162534236908,-0.37922316789627075,-0.021991068497300148,-0.40121424198150635,-0.018779153004288673,-0.030517466366291046,-0.37913888692855835,-0.010681113228201866,-0.38982000946998596,-0.0626688078045845,-0.03578276187181473,-0.19202278554439545,-0.01252396684139967,-0.2045467495918274,-0.012379297986626625,-0.026906685903668404,-0.2938404083251953,-0.009417340159416199,-0.3032577633857727,-0.1294623166322708,-0.11255607008934021,-0.3581393361091614,-0.039394624531269073,-0.39753395318984985,-0.01618408039212227,-0.01620328053832054,-0.3318627178668976,-0.0056711481884121895,-0.3375338613986969,0.04781072586774826,0.012038121931254864,-0.18525224924087524,0.004213342443108559,-0.18103890120983124
11.66,0.0,-0.075,0.0,0.18696530643099404,-0.19366280776056843,-1.0540296706744254,-0.000211264006793499,0.49968310398980975,0.0,0.0,0.0,1.0815305709838867,0.0621691569685936,1.1077556610107422,0.02789905108511448,0.05047351121902466,-0.37923333048820496,0.01766572892665863,-0.3615676164627075,0.06388396769762039,0.03182849660515785,-0.3793627917766571,0.011139973998069763,-0.36822283267974854,0.06915934383869171,-0.0038464050740003586,-0.3790772557258606,-0.0013462417991831899,-0.38042348623275757,0.016224663704633713,0.010518093593418598,-0.37935206294059753,0.003681332804262638,-0.37567073106765747,-0.10681970417499542,-0.07602804899215698,-0.3792484998703003,-0.026609817519783974,-0.4058583080768585,-0.11687853932380676,-0.056425791233778,-0.3791203498840332,-0.019749026745557785,-0.3988693654537201,-0.07873228192329407,-0.04866761714220047,-0.13168880343437195,-0.017033666372299194,-0.14872246980667114,-0.15946736931800842,-0.06667488813400269,-0.2330753356218338,-0.02333621121942997,-0.2564115524291992,-0.07286249101161957,-0.10064800083637238,-0.31257352232933044,-0.03522679954767227,-0.3478003144264221,-0.08460627496242523,-0.03672417998313904,-0.3132169544696808,-0.012853463180363178,-0.3260704278945923,0.05411021411418915,0.02465974912047386,-0.19832266867160797,0.008630911819636822,-0.18969175219535828
11.68,0.0,-0.075,0.0,0.1688982163040017,-0.1911129677090182,-0.8934178535274254,0.017413632944226265,0.5261204494163394,0.018284314591437575,0.0,0.018284314591437575,1.0439432859420776,0.07020051032304764,1.0707321166992188,0.02438306249678135,0.0426463782787323,-0.37920820713043213,0.014926232397556305,-0.3642819821834564,0.04947128891944885,0.03712133318185806,-0.3793783187866211,0.012992466799914837,-0.3663858473300934,0.06661619246006012,0.01729237474501133,-0.3790804147720337,0.006052331067621708,-0.37302806973457336,0.0013072037836536765,0.007754826918244362,-0.37933212518692017,0.0027141894679516554,-0.3766179382801056,-0.11231333017349243,-0.08691363036632538,-0.37927359342575073,-0.030419770628213882,-0.4096933603286743,-0.11815279722213745,-0.0749438926577568,-0.37910473346710205,-0.026230361312627792,-0.40533509850502014,-0.057590775191783905,-0.05134456604719162,-0.07403205335140228,-0.017970597371459007,-0.09200265258550644,-0.1558845043182373,-0.09343777596950531,-0.17087072134017944,-0.0327032208442688,-0.20357394218444824,-0.06455275416374207,-0.08981942385435104,-0.2618217468261719,-0.031436797231435776,-0.29325854778289795,-0.09640063345432281,-0.05462711676955223,-0.28697264194488525,-0.019119489938020706,-0.30609214305877686,0.05223400145769119,0.03293202444911003,-0.20333659648895264,0.011526208370923996,-0.19181038439273834
11.700000000000001,0.0,-0.075,0.0,0.14743563165705628,-0.18769005607205005,-0.7253250433191706,0.029445884749293327,0.54416882712394,0.030918178986757992,0.0,0.030918178986757992,1.0110045671463013,0.0758678987622261,1.0337789058685303,0.06335985660552979,0.048860423266887665,-0.37918388843536377,0.017101148143410683,-0.36208274960517883,0.02949485369026661,0.0348333902657032,-0.3793905973434448,0.012191686779260635,-0.3671989142894745,0.05275527387857437,0.027931245043873787,-0.37908732891082764,0.009775935672223568,-0.3693113923072815,0.005451269447803497,0.007063759956508875,-0.3793100416660309,0.002472315914928913,-0.37683773040771484,-0.09671922028064728,-0.08985530585050583,-0.37929797172546387,-0.03144935518503189,-0.41074731945991516,-0.10327978432178497,-0.08344465494155884,-0.37909233570098877,-0.029205629602074623,-0.40829795598983765,-0.060283906757831573,-0.05402636528015137,-0.020027942955493927,-0.01890922710299492,-0.038937170058488846,-0.1501891016960144,-0.11046317219734192,-0.10827891528606415,-0.03866210952401161,-0.14694102108478546,-0.016874533146619797,-0.06793595850467682,-0.20674248039722443,-0.023777585476636887,-0.2305200695991516,-0.12703830003738403,-0.07635047286748886,-0.25357377529144287,-0.02672266587615013,-0.2802964448928833,0.07050015032291412,0.04420246183872223,-0.20020917057991028,0.015470861457288265,-0.18473830819129944
11.72,0.0,-0.075,0.0,0.12086839885788614,-0.18089219269395926,-0.5406349679481872,0.03151033818721771,0.5472655072808266,0.0330858550965786,0.0,0.0330858550965786,0.9844812750816345,0.07686350494623184,0.9980941414833069,0.11112062633037567,0.06753848493099213,-0.37916091084480286,0.023638470098376274,-0.3555224537849426,0.009100791998207569,0.02711361087858677,-0.3793993592262268,0.009489763528108597,-0.3699095845222473,0.06985969096422195,0.04050977900624275,-0.37909793853759766,0.014178422279655933,-0.364919513463974,-0.025777023285627365,-0.0027884752489626408,-0.3792862892150879,-0.0009759663371369243,-0.38026225566864014,-0.04472708702087402,-0.07631683349609375,-0.37932097911834717,-0.026710892096161842,-0.40603187680244446,-0.07472551614046097,-0.08082891255617142,-0.3790834844112396,-0.028290119022130966,-0.4073736071586609,-0.052785225212574005,-0.0536540225148201,0.029409948736429214,-0.018778907135128975,0.01063104160130024,-0.14074301719665527,-0.11954712867736816,-0.04635874927043915,-0.04184149578213692,-0.08820024132728577,0.020417235791683197,-0.041430000215768814,-0.14826753735542297,-0.014500499702990055,-0.16276803612709045,-0.1202353835105896,-0.08951594680547714,-0.21358534693717957,-0.03133058175444603,-0.2449159324169159,0.04688864201307297,0.04500831663608551,-0.18899333477020264,0.01575290970504284,-0.17324042320251465
11.74,0.0,-0.075,0.0,0.09351702186948724,-0.17868547981410957,-0.3704150388311532,0.019240425899624825,0.5288606388494372,0.020202447194606066,0.0,0.020202447194606066,0.9659500122070312,0.07777250558137894,0.9702329039573669,0.1310543417930603,0.08659324049949646,-0.37913984060287476,0.03030763380229473,-0.34883221983909607,-0.010734030976891518,0.015759317204356194,-0.37940430641174316,0.005515760742127895,-0.3738885521888733,0.08160112798213959,0.05283718556165695,-0.3791119158267975,0.018493015319108963,-0.3606188893318176,-0.03889012336730957,-0.013618970289826393,-0.37926149368286133,-0.004766639322042465,-0.3840281367301941,-0.04260937124490738,-0.06620459258556366,-0.37934207916259766,-0.02317160740494728,-0.40251368284225464,-0.06896190345287323,-0.0772688090801239,-0.37907838821411133,-0.027044082060456276,-0.40612247586250305,-0.05737254023551941,-0.05476957559585571,0.07344529032707214,-0.01916935108602047,0.054275937378406525,-0.1221662312746048,-0.12033286690711975,0.013842269778251648,-0.04211650416254997,-0.028274234384298325,0.03969397768378258,-0.017092805355787277,-0.0873861163854599,-0.005982481874525547,-0.09336859732866287,-0.09076544642448425,-0.08989080041646957,-0.16768385469913483,-0.03146177902817726,-0.1991456300020218,0.0598471537232399,0.04945996403694153,-0.16987882554531097,0.017310986295342445,-0.15256783366203308
11.76,0.0,-0.075,0.0,0.061021244723682234,-0.17538054853413867,-0.17948843744319554,0.010424979031085968,0.515637468546629,0.010946227982640265,0.0,0.010946227982640265,0.9565953612327576,0.07880840450525284,0.9520303606987,0.11831112205982208,0.09610860049724579,-0.37912121415138245,0.03363800793886185,-0.3454832136631012,-0.02293453738093376,0.004151159897446632,-0.3794054388999939,0.001452905940823257,-0.37795254588127136,0.12095193564891815,0.07327161729335785,-0.37912899255752563,0.025645066052675247,-0.3534839153289795,-0.08438653498888016,-0.03484924137592316,-0.3792361915111542,-0.01219723466783762,-0.3914334177970886,0.0013354867696762085,-0.04594256728887558,-0.3793608248233795,-0.016079898923635483,-0.3954407274723053,-0.044479094445705414,-0.06743189692497253,-0.37907713651657104,-0.023601163178682327,-0.40267831087112427,-0.051445089280605316,-0.053772229701280594,0.11133313179016113,-0.018820280209183693,0.09251285344362259,-0.11674497276544571,-0.11925649642944336,0.07130572199821472,-0.041739773005247116,0.029565948992967606,0.040608569979667664,0.00021760817617177963,-0.025128168985247612,7.616286166012287e-05,-0.025052005425095558,-0.09114228188991547,-0.09026624262332916,-0.11664578318595886,-0.03159318491816521,-0.14823897182941437,0.0654384195804596,0.05425349995493889,-0.1431889832019806,0.018988724797964096,-0.1242002546787262
11.78,0.0,-0.075,0.0,0.030041872834138183,-0.17168123414310252,-0.0012553860965578423,0.020930347964167595,0.5313955219462514,0.021976865362375975,0.0,0.021976865362375975,0.9570291638374329,0.08041036874055862,0.9482952952384949,0.10935965180397034,0.10008391737937927,-0.37910544872283936,0.035029370337724686,-0.3440760672092438,-0.005234443582594395,0.0013354787370190024,-0.37940263748168945,0.00046741755795665085,-0.37893521785736084,0.09042216092348099,0.07841677963733673,-0.3791487514972687,0.027445873245596886,-0.35170286893844604,-0.031045611947774887,-0.033708155155181885,-0.3792110085487366,-0.011797853745520115,-0.3910088539123535,-0.03992356359958649,-0.04413686692714691,-0.37937670946121216,-0.015447903424501419,-0.3948246240615845,-0.09167115390300751,-0.07470367103815079,-0.37907981872558594,-0.026146285235881805,-0.40522611141204834,-0.04031065106391907,-0.049733757972717285,0.14243252575397491,-0.01740681566298008,0.1250257045030594,-0.13211557269096375,-0.1231142207980156,0.12505950033664703,-0.04308997839689255,0.08196952193975449,0.055644989013671875,0.01684582233428955,0.03745311126112938,0.0058960379101336,0.04334915056824684,-0.06927396357059479,-0.08396855741739273,-0.06133456528186798,-0.029388993978500366,-0.09072355926036835,0.055510424077510834,0.0546305775642395,-0.10937531292438507,0.019120702520012856,-0.09025461226701736
11.8,0.0,-0.075,0.0,-0.0044597221506583766,-0.1676260485068005,0.19702020637310844,0.011275829747319221,0.5169137446209788,0.011839621234685183,0.0,0.011839621234685183,0.9671867489814758,0.07999879121780396,0.9555571675300598,0.08449127525091171,0.09540612250566483,-0.37909287214279175,0.03339214250445366,-0.345700740814209,0.014978278428316116,0.005428318865597248,-0.3793960213661194,0.001899911556392908,-0.3774961233139038,0.07385773211717606,0.07704906910657883,-0.3791707158088684,0.02696717344224453,-0.3522035479545593,-0.001371001242659986,-0.024007007479667664,-0.37918663024902344,-0.008402452804148197,-0.38758909702301025,-0.04993785172700882,-0.045877162367105484,-0.3793894052505493,-0.016057007014751434,-0.39544641971588135,-0.10026607662439346,-0.08237239718437195,-0.37908634543418884,-0.028830338269472122,-0.40791669487953186,-0.051112569868564606,-0.0501474030315876,0.1662173867225647,-0.017551591619849205,0.14866580069065094,-0.13624311983585358,-0.127052903175354,0.17419426143169403,-0.04446851462125778,0.12972575426101685,0.0428769625723362,0.024655165150761604,0.09929902851581573,0.008629308082163334,0.1079283356666565,-0.057406116276979446,-0.07599982619285583,-0.002685878425836563,-0.026599938049912453,-0.029285816475749016,0.04469294100999832,0.05164928734302521,-0.06900984793901443,0.018077250570058823,-0.05093259736895561
11.82,0.0,-0.075,0.0,-0.03605466855650063,-0.16404778421508803,0.39141905602353927,0.024035679176449776,0.5360535187646747,0.025237463135272264,0.0,0.025237463135272264,0.986338198184967,0.07708049565553665,0.9709551334381104,0.028625695034861565,0.07537199556827545,-0.3790838420391083,0.026380198076367378,-0.35270363092422485,0.04419057071208954,0.017056994140148163,-0.37938567996025085,0.005969947669655085,-0.3734157383441925,0.08756367117166519,0.08020345121622086,-0.37919431924819946,0.0280712079256773,-0.3511231243610382,-0.005180979613214731,-0.018359199166297913,-0.3791634440422058,-0.006425719708204269,-0.3855891525745392,-0.028121497482061386,-0.040550462901592255,-0.37939852476119995,-0.014192662201821804,-0.3935911953449249,-0.09229406714439392,-0.08534889668226242,-0.37909653782844543,-0.029872113838791847,-0.40896865725517273,-0.05353698134422302,-0.05116427689790726,0.18228530883789062,-0.01790749654173851,0.16437780857086182,-0.13873368501663208,-0.1305571347475052,0.2178788185119629,-0.045694995671510696,0.1721838265657425,-0.012914166785776615,0.013384366407990456,0.15936335921287537,0.004684528335928917,0.16404788196086884,-0.05382835492491722,-0.06934837996959686,0.058308109641075134,-0.024271933361887932,0.03403617441654205,0.03510764241218567,0.046686794608831406,-0.022775448858737946,0.016340378671884537,-0.006435070186853409
11.84,0.0,-0.075,0.0,-0.06569761164546142,-0.15774595864432275,0.5908814508556451,0.022305751219391823,0.5334586268290877,0.023421038780361413,0.0,0.023421038780361413,1.0132113695144653,0.07292205095291138,0.9941434860229492,0.022047262638807297,0.059374574571847916,-0.37907856702804565,0.020781101658940315,-0.3582974672317505,-0.017149876803159714,0.006794932298362255,-0.3793719410896301,0.0023782262578606606,-0.37699371576309204,0.04573923721909523,0.0698641836643219,-0.37921902537345886,0.024452464655041695,-0.3547665476799011,0.0001902192598208785,-0.01279437355697155,-0.3791421353816986,-0.0044780308380723,-0.38362017273902893,0.0421142578125,-0.01575104519724846,-0.3794039189815521,-0.005512865725904703,-0.3849167823791504,-0.022802989929914474,-0.06658512353897095,-0.3791101574897766,-0.023304792121052742,-0.4024149477481842,-0.033620450645685196,-0.04590112715959549,0.1903645098209381,-0.01606539450585842,0.17429912090301514,-0.12685143947601318,-0.12944543361663818,0.25537410378456116,-0.045305900275707245,0.21006819605827332,0.021718408912420273,0.015884580090641975,0.2166299819946289,0.005559602752327919,0.22218959033489227,-0.11973138153553009,-0.08446328341960907,0.12061557173728943,-0.029562149196863174,0.09105342626571655,0.09821156412363052,0.06214422732591629,0.028545737266540527,0.02175047993659973,0.05029621720314026
11.86,0.0,-0.075,0.0,-0.08990507545760028,-0.15196156250915563,0.7599435760276524,-0.009579590521752834,0.48563061421737075,0.0,0.0,0.0,1.046181559562683,0.0654071792960167,1.0293034315109253,-0.01172065269201994,0.03804600611329079,-0.37907713651657104,0.01331610232591629,-0.36576104164123535,-0.02195018157362938,-0.0018286020494997501,-0.3793551027774811,-0.0006400106940418482,-0.37999510765075684,0.027156565338373184,0.057051897048950195,-0.379244327545166,0.01996816322207451,-0.3592761754989624,-0.015203149989247322,-0.013517007231712341,-0.3791232109069824,-0.004730952437967062,-0.3838541507720947,0.06418745219707489,0.00823050457984209,-0.37940549850463867,0.0028806766495108604,-0.37652483582496643,-0.01987801492214203,-0.05257298797369003,-0.3791269063949585,-0.01840054616332054,-0.39752745628356934,-0.022739965468645096,-0.0389527790248394,0.19031831622123718,-0.013633472844958305,0.17668484151363373,-0.08769389986991882,-0.11691997200250626,0.2860458493232727,-0.04092198982834816,0.24512386322021484,0.05443284660577774,0.02744906023144722,0.27013012766838074,0.009607170708477497,0.27973729372024536,-0.07536017149686813,-0.08173234760761261,0.18318244814872742,-0.028606321662664413,0.1545761227607727,0.08062927424907684,0.06768974661827087,0.08408551663160324,0.023691410198807716,0.10777692496776581
11.88,0.0,-0.075,0.0,-0.1117800214372508,-0.15106936172431396,0.9058324548234623,-0.008261119946837425,0.48760832007974386,0.0,0.0,0.0,1.083471655845642,0.05647274851799011,1.0719614028930664,-0.0034608077257871628,0.025593962520360947,-0.37907958030700684,0.008957887068390846,-0.37012168765068054,-0.02329484187066555,-0.008268473669886589,-0.37933558225631714,-0.0028939656913280487,-0.3822295367717743,0.0261155404150486,0.04777098819613457,-0.37926948070526123,0.016719846054911613,-0.36254963278770447,-0.025383369997143745,-0.017076916992664337,-0.3791070878505707,-0.005976920947432518,-0.38508400321006775,0.06404916942119598,0.024976104497909546,-0.37940317392349243,0.008741636760532856,-0.37066152691841125,-0.025832001119852066,-0.04455069452524185,-0.37914639711380005,-0.015592742711305618,-0.39473915100097656,-0.017406780272722244,-0.032488979399204254,0.18214744329452515,-0.011371142230927944,0.17077630758285522,-0.05475892499089241,-0.09827166050672531,0.30937519669532776,-0.03439508005976677,0.2749801278114319,0.04940338060259819,0.03403535485267639,0.31895869970321655,0.011912373825907707,0.3308710753917694,0.0017329230904579163,-0.05669276788830757,0.2449503242969513,-0.019842468202114105,0.2251078486442566,0.07877199351787567,0.0710144191980362,0.14290431141853333,0.02485504560172558,0.16775935888290405
11.9,0.0,-0.075,0.0,-0.13067443363267664,-0.15036641934941006,1.039683190804835,-0.007791955955326557,0.48831206606701016,0.0,0.0,0.0,1.1233206987380981,0.046792104840278625,1.1182987689971924,-0.010536066256463528,0.014754953794181347,-0.379085898399353,0.005164233967661858,-0.373921662569046,-0.02569413185119629,-0.013496171683073044,-0.37931379675865173,-0.004723660182207823,-0.38403746485710144,-0.004031427204608917,0.03223026543855667,-0.3792940378189087,0.011280592530965805,-0.3680134415626526,-0.039652884006500244,-0.02384970709681511,-0.37909412384033203,-0.008347397670149803,-0.3874415159225464,0.07395493984222412,0.03966975584626198,-0.3793969452381134,0.013884413987398148,-0.36551252007484436,-0.021586965769529343,-0.03766157478094101,-0.3791680634021759,-0.013181551359593868,-0.39234960079193115,0.021950874477624893,-0.01615702174603939,0.1659902036190033,-0.005654957611113787,0.1603352427482605,-0.05808474123477936,-0.08621558547019958,0.3249674439430237,-0.030175454914569855,0.2947919964790344,0.01875627040863037,0.029451629146933556,0.36228975653648376,0.010308070108294487,0.3725978136062622,0.05310237035155296,-0.023754224181175232,0.3048742413520813,-0.008313978090882301,0.29656025767326355,0.03837216645479202,0.06122174113988876,0.2040071189403534,0.021427609026432037,0.22543472051620483
11.92,0.0,-0.075,0.0,-0.14526683916190425,-0.14841248871777488,1.1447828060126335,-0.03879804164171219,0.4418029375374317,0.0,0.0,0.0,1.1641035079956055,0.04070931300520897,1.1716779470443726,-0.048320211470127106,-0.004167595878243446,-0.3790959119796753,-0.0014586584875360131,-0.38055455684661865,-0.01062257494777441,-0.012634092941880226,-0.37929028272628784,-0.004421932622790337,-0.38371220231056213,-0.040099136531353,0.010531443171203136,-0.37931734323501587,0.0036860050167888403,-0.37563133239746094,-0.020640520378947258,-0.02288695238530636,-0.3790847063064575,-0.008010433055460453,-0.3870951533317566,0.010679421946406364,0.03097265399992466,-0.3793870806694031,0.010840428993105888,-0.36854666471481323,-0.06765387207269669,-0.04665926471352577,-0.379191517829895,-0.016330743208527565,-0.39552226662635803,0.03146382048726082,-0.0018707690760493279,0.1421198844909668,-0.0006547691882587969,0.14146511256694794,-0.03590640798211098,-0.07112283259630203,0.33255887031555176,-0.02489299140870571,0.3076658844947815,-0.0025894255377352238,0.019839312881231308,0.39939016103744507,0.006943759508430958,0.40633392333984375,0.10368157923221588,0.014476519078016281,0.36194050312042236,0.005066781770437956,0.3670072853565216,0.06572447717189789,0.06257256120443344,0.26636025309562683,0.021900396794080734,0.28826063871383667
11.94,0.0,-0.075,0.0,-0.15889718152085452,-0.1423809000224194,1.2309119030204523,-0.04116372764110565,0.4382544085383415,0.0,0.0,0.0,1.2044013738632202,0.04257022589445114,1.2129391431808472,-0.05905113369226456,-0.020632658153772354,-0.37910938262939453,-0.0072214300744235516,-0.38633081316947937,0.006907818838953972,-0.006771519780158997,-0.37926560640335083,-0.0023700317833572626,-0.3816356360912323,-0.0016713012009859085,0.006870619487017393,-0.379338800907135,0.0024047167971730232,-0.37693408131599426,-0.0618550106883049,-0.034577369689941406,-0.3790789842605591,-0.012102079577744007,-0.3911810517311096,0.041567713022232056,0.03415117412805557,-0.379373699426651,0.01195291057229042,-0.3674207925796509,0.025578279048204422,-0.024988003075122833,-0.37921616435050964,-0.008745800703763962,-0.3879619538784027,0.05058842524886131,0.013866989873349667,0.11094029992818832,0.004853446502238512,0.11579374969005585,-0.07140389084815979,-0.07120715081691742,0.33202099800109863,-0.024922503158450127,0.30709850788116455,-0.042224861681461334,0.0012200595811009407,0.42963239550590515,0.00042702085920609534,0.43005940318107605,0.014211893081665039,0.014397131279110909,0.4151836931705475,0.005038995761424303,0.4202226996421814,0.10823012888431549,0.07626983523368835,0.32890886068344116,0.026694441214203835,0.35560330748558044
11.96,0.0,-0.075,0.0,-0.1702037513690282,-0.13021921698173994,1.311896162518786,0.00549788773059845,0.5082468315958977,0.005772782117128372,0.0,0.005772782117128372,1.2430377006530762,0.05223827809095383,1.249746322631836,-0.03879151493310928,-0.026080314069986343,-0.37912601232528687,-0.00912810955196619,-0.3882541358470917,0.01837712712585926,0.0007730745710432529,-0.37924039363861084,0.00027057609986513853,-0.37896981835365295,0.03083735518157482,0.014060640707612038,-0.3793579339981079,0.004921223968267441,-0.37443670630455017,-0.0783088430762291,-0.04769681394100189,-0.37907707691192627,-0.016693884506821632,-0.39577096700668335,0.026010336354374886,0.03170892223715782,-0.3793572187423706,0.011098122224211693,-0.36825910210609436,0.0356328971683979,-0.006801731884479523,-0.379241406917572,-0.0023806060198694468,-0.3816220164299011,-0.05938448756933212,-0.008108454756438732,0.0729789212346077,-0.002837959211319685,0.07014096528291702,-0.13343395292758942,-0.08987519145011902,0.32336294651031494,-0.031456317752599716,0.2919066250324249,-0.02054479718208313,-0.005309397354722023,0.45250481367111206,-0.001858289004303515,0.4506465196609497,-0.031474530696868896,0.0006356323137879372,0.46370309591293335,0.000222471309825778,0.4639255702495575,0.15368525683879852,0.09949445724487305,0.3905948996543884,0.034823060035705566,0.425417959690094
11.98,0.0,-0.075,0.0,-0.18013282016213183,-0.11944442109032237,1.3683974647778083,-0.023821353912353516,0.4642679691314697,0.0,0.0,0.0,1.2790888547897339,0.05634025111794472,1.2905014753341675,-0.06152676045894623,-0.03671424835920334,-0.3791453242301941,-0.012849986553192139,-0.39199531078338623,0.004323713481426239,0.0018382662674412131,-0.3792151212692261,0.0006433931994251907,-0.3785717189311981,-0.027512921020388603,0.001588570885360241,-0.37937432527542114,0.0005559998098760843,-0.3788183331489563,-0.0024828966706991196,-0.034132637083530426,-0.37907910346984863,-0.011946422979235649,-0.39102551341056824,0.027615224942564964,0.03048081323504448,-0.37933793663978577,0.010668284259736538,-0.36866965889930725,0.002481321804225445,-0.004016815684735775,-0.379266619682312,-0.0014058854430913925,-0.38067251443862915,-0.06844454258680344,-0.026209283620119095,0.02887793630361557,-0.009173248894512653,0.01970468834042549,-0.11008655279874802,-0.09593860805034637,0.3067312240600586,-0.03357851132750511,0.2731527090072632,-0.022343654185533524,-0.010419674217700958,0.4676204323768616,-0.0036468859761953354,0.4639735519886017,0.04481566324830055,0.013889642432332039,0.5066779851913452,0.004861374851316214,0.5115393400192261,0.13685853779315948,0.11070368438959122,0.4503747224807739,0.038746289908885956,0.4891210198402405
12.0,0.0,-0.075,0.0,-0.18637288591703852,-0.11588489975023088,1.3786809458181404,-0.05773182958364487,0.4134022556245327,0.0,0.0,0.0,1.311880350112915,0.055197082459926605,1.3336557149887085,-0.04697827994823456,-0.039793457835912704,-0.37916696071624756,-0.013927710242569447,-0.39309465885162354,0.025433026254177094,0.008916694670915604,-0.3791905641555786,0.0031208430882543325,-0.37606972455978394,-0.050336189568042755,-0.013988858088850975,-0.3793874979019165,-0.004896100144833326,-0.3842836022377014,-0.026963980868458748,-0.03198204189538956,-0.3790850043296814,-0.0111937141045928,-0.39027872681617737,-0.004139336757361889,0.020094767212867737,-0.37931638956069946,0.007033168338239193,-0.3722832202911377,0.015986010432243347,0.0019840323366224766,-0.37929126620292664,0.0006944112828932703,-0.37859684228897095,0.09848261624574661,0.011198287829756737,-0.020616605877876282,0.003919400740414858,-0.01669720560312271,-0.011797559447586536,-0.07069629430770874,0.28240716457366943,-0.02474370226264,0.25766345858573914,-0.03648935258388519,-0.01824057847261429,0.47472357749938965,-0.006384202279150486,0.46833938360214233,0.13077720999717712,0.04895591363310814,0.5433812737464905,0.017134569585323334,0.560515820980072,0.13226214051246643,0.11717122793197632,0.5072370767593384,0.04100992903113365,0.5482469797134399
