time_s,cmd_vx_m_s,cmd_vy_m_s,cmd_yaw_rad_s,body_vx_m_s,body_vy_m_s,body_yaw_rate_rad_s,raw_gait_gate_action,learned_gait_blend,gait_blend,desired_gait_blend,gait_gate_error,prior_component_l2,residual_component_l2,applied_action_l2,policy_residual_0,ema_residual_0,prior_component_0,residual_component_0,applied_action_0,policy_residual_1,ema_residual_1,prior_component_1,residual_component_1,applied_action_1,policy_residual_2,ema_residual_2,prior_component_2,residual_component_2,applied_action_2,policy_residual_3,ema_residual_3,prior_component_3,residual_component_3,applied_action_3,policy_residual_4,ema_residual_4,prior_component_4,residual_component_4,applied_action_4,policy_residual_5,ema_residual_5,prior_component_5,residual_component_5,applied_action_5,policy_residual_6,ema_residual_6,prior_component_6,residual_component_6,applied_action_6,policy_residual_7,ema_residual_7,prior_component_7,residual_component_7,applied_action_7,policy_residual_8,ema_residual_8,prior_component_8,residual_component_8,applied_action_8,policy_residual_9,ema_residual_9,prior_component_9,residual_component_9,applied_action_9,policy_residual_10,ema_residual_10,prior_component_10,residual_component_10,applied_action_10
0.02,0.0,0.075,0.0,0.0,0.0,0.0,0.08092891424894333,0.621393371373415,0.0849753599613905,0.0,0.0849753599613905,0.8589937686920166,0.01884775422513485,0.8651352524757385,-0.08044183254241943,-0.02413255162537098,-0.2104874700307846,-0.008446392603218555,-0.2189338654279709,-0.0373426117002964,-0.01120278425514698,-0.2700388431549072,-0.003920974209904671,-0.27395981550216675,-0.032739609479904175,-0.009821883402764797,-0.3307926058769226,-0.0034376592375338078,-0.3342302739620209,0.0581299364566803,0.01743898168206215,-0.37378913164138794,0.00610364368185401,-0.3676854968070984,-0.058577727526426315,-0.017573319375514984,-0.38561034202575684,-0.006150661502033472,-0.39176100492477417,-0.01969190314412117,-0.005907571408897638,-0.3625671863555908,-0.002067649969831109,-0.36463484168052673,0.024739541113376617,0.0074218627996742725,0.09934528917074203,0.0025976519100368023,0.10194294154644012,0.06053164601325989,0.018159493803977966,0.19806495308876038,0.006355822551995516,0.2044207751750946,-0.0028201646637171507,-0.0008460494573228061,0.1177990511059761,-0.000296117301331833,0.11750293523073196,0.06426157057285309,0.019278472289443016,0.046093348413705826,0.006747465115040541,0.052840813994407654,-0.08759016543626785,-0.026277050375938416,0.16202345490455627,-0.00919696781784296,0.1528264880180359
0.04,0.0,0.075,0.0,0.4009069045055934,1.1605736331998096,6.11611119278781,0.10307633876800537,0.6546145081520081,0.10823015570640564,0.0,0.10823015570640564,0.8501384258270264,0.02686808630824089,0.8616110682487488,-0.1359909474849701,-0.05769006907939911,-0.19852861762046814,-0.020191524177789688,-0.21872013807296753,0.009973183274269104,-0.004849993623793125,-0.2548799216747284,-0.0016974977916106582,-0.25657743215560913,-0.015205759555101395,-0.011437046341598034,-0.3171643018722534,-0.004002965986728668,-0.3211672604084015,-0.04593615606427193,-0.0015735598281025887,-0.36594444513320923,-0.0005507459281943738,-0.36649519205093384,-0.040668588131666183,-0.024501901119947433,-0.3859974145889282,-0.008575664833188057,-0.3945730924606323,-0.012274559587240219,-0.007817667908966541,-0.3710651993751526,-0.002736183814704418,-0.3738013803958893,-0.07711795717477798,-0.017940085381269455,0.08853752911090851,-0.006279029883444309,0.08225850015878677,0.04144009202718735,0.02514367364346981,0.20883165299892426,0.008800285868346691,0.21763193607330322,-0.05157974734902382,-0.016066160053014755,0.13948678970336914,-0.005623155739158392,0.133863627910614,-0.05519493669271469,-0.003063551150262356,0.05724256858229637,-0.0010722428560256958,0.056170325726270676,-0.015066592954099178,-0.022913914173841476,0.15160223841667175,-0.008019870147109032,0.14358237385749817
0.06,0.0,0.075,0.0,0.47067502083057083,1.1285137129774687,5.1608350691799485,0.0361921489238739,0.5542882233858109,0.03800175637006759,0.0,0.03800175637006759,0.8405541181564331,0.03489610552787781,0.8471525311470032,-0.12882278859615326,-0.07902988791465759,-0.18795974552631378,-0.027660461142659187,-0.21562020480632782,-0.007797588594257832,-0.005734272301197052,-0.24007165431976318,-0.0020069952588528395,-0.24207864701747894,0.009980825707316399,-0.005011684261262417,-0.30273786187171936,-0.001754089491441846,-0.30449193716049194,-0.007630031555891037,-0.0033905012533068657,-0.3564019799232483,-0.0011866753920912743,-0.35758864879608154,-0.0005231685936450958,-0.017308279871940613,-0.3843168318271637,-0.006057898048311472,-0.39037472009658813,0.04531347379088402,0.008121674880385399,-0.3777709901332855,0.0028425862547010183,-0.37492841482162476,-0.10085036605596542,-0.042813170701265335,0.07588900625705719,-0.014984609559178352,0.06090439856052399,-0.04773249477148056,0.0032808231189846992,0.2176453024148941,0.0011482880217954516,0.218793585896492,-0.00223820679821074,-0.011917773634195328,0.16104169189929962,-0.00417122058570385,0.15687046945095062,-0.10641668736934662,-0.0340694934129715,0.07021060585975647,-0.011924322694540024,0.058286283165216446,0.01795857399702072,-0.010652167722582817,0.14315181970596313,-0.0037282586563378572,0.13942356407642365
0.08,0.0,0.075,0.0,0.47230721592464003,0.9945007477650305,4.4904935572536315,0.11486698687076569,0.6723004803061485,0.12061033621430396,0.0,0.12061033621430396,0.8304261565208435,0.04092312231659889,0.8418869972229004,-0.11189807951450348,-0.08889034390449524,-0.17897579073905945,-0.031111620366573334,-0.21008741855621338,-0.030064275488257408,-0.013033272698521614,-0.22588713467121124,-0.004561645444482565,-0.23044878244400024,0.0014148708432912827,-0.0030837177764624357,-0.28777942061424255,-0.0010793012334033847,-0.28885871171951294,-0.03107401728630066,-0.011695556342601776,-0.3453376889228821,-0.004093444440513849,-0.3494311273097992,-0.07152380794286728,-0.03357293829321861,-0.38059961795806885,-0.01175052858889103,-0.39235013723373413,-0.0010778838768601418,0.005361807532608509,-0.3825608789920807,0.001876632566563785,-0.3806842565536499,-0.10210994631052017,-0.060602203011512756,0.06152861565351486,-0.021210771054029465,0.0403178445994854,-0.015419669449329376,-0.002329325070604682,0.22441606223583221,-0.0008152637747116387,0.22360080480575562,-0.010792678222060204,-0.01158024463802576,0.18224407732486725,-0.0040530855767428875,0.17819099128246307,0.01660236157476902,-0.018867935985326767,0.08486530184745789,-0.0066037774085998535,0.07826152443885803,-0.013053844682872295,-0.011372670531272888,0.13675831258296967,-0.003980434499680996,0.1327778846025467
0.1,0.0,0.075,0.0,0.4699858961694647,0.8856171881204146,3.9800037395867625,0.06227908283472061,0.5934186242520809,0.06539303697645664,0.0,0.06539303697645664,0.8199833035469055,0.049099188297986984,0.8356133699417114,-0.13994021713733673,-0.10420531034469604,-0.17174240946769714,-0.036471858620643616,-0.20821426808834076,-0.024122707545757294,-0.016360104084014893,-0.21258799731731415,-0.00572603615000844,-0.2183140367269516,-0.01259419322013855,-0.0059368605725467205,-0.2725648283958435,-0.0020779012702405453,-0.2746427357196808,-0.06210057809948921,-0.026817064732313156,-0.3329557180404663,-0.009385972283780575,-0.34234169125556946,-0.06652574241161346,-0.04345878213644028,-0.3749143183231354,-0.015210573561489582,-0.3901248872280121,-0.0020921509712934494,0.0031256198417395353,-0.38534650206565857,0.0010939668864011765,-0.38425254821777344,-0.091790109872818,-0.06995857506990433,0.045602697879076004,-0.024485500529408455,0.02111719734966755,-0.03674078732728958,-0.012652764096856117,0.22907495498657227,-0.004428467247635126,0.22464649379253387,-0.031057069078087807,-0.017423292621970177,0.20287790894508362,-0.0060981521382927895,0.1967797577381134,0.002912316471338272,-0.01233385968953371,0.10105733573436737,-0.004316851031035185,0.0967404842376709,-0.03930903598666191,-0.019753579050302505,0.13248687982559204,-0.006913752760738134,0.12557312846183777
0.12,0.0,0.075,0.0,0.45084732342719214,0.7636783775290598,3.3668413575833482,0.06503907591104507,0.5975586138665676,0.06829102970659733,0.0,0.06829102970659733,0.8094971776008606,0.05248023942112923,0.8256440162658691,-0.11045590043067932,-0.10608048737049103,-0.16639305651187897,-0.03712816908955574,-0.2035212218761444,-1.371186226606369e-05,-0.011456185951828957,-0.20041953027248383,-0.004009664990007877,-0.20442919433116913,-0.0013764575123786926,-0.004568739794194698,-0.25737470388412476,-0.0015990588581189513,-0.25897377729415894,-0.03549634665250778,-0.029420848935842514,-0.3194843530654907,-0.010297296568751335,-0.3297816514968872,-0.08761224150657654,-0.056704819202423096,-0.3673657774925232,-0.019846687093377113,-0.38721245527267456,0.006651639938354492,0.004183425568044186,-0.3860764801502228,0.0014641989255324006,-0.3846122920513153,-0.08044571429491043,-0.07310471683740616,0.02827354706823826,-0.025586649775505066,0.0026868972927331924,-0.06792865693569183,-0.029235530644655228,0.23157449066638947,-0.010232435539364815,0.2213420569896698,-0.0013437403831630945,-0.012599426321685314,0.22273290157318115,-0.004409799352288246,0.21832309663295746,-0.01425301656126976,-0.012909607030451298,0.11862168461084366,-0.0045183622278273106,0.11410332471132278,-0.025005657225847244,-0.021329203620553017,0.1303810328245163,-0.0074652209877967834,0.12291581183671951
0.14,0.0,0.075,0.0,0.4276536917109893,0.6617392160704179,2.825734340764707,0.07390771061182022,0.6108615659177303,0.07760309614241123,0.0,0.07760309614241123,0.7992790937423706,0.05680865794420242,0.812400758266449,-0.11415483057498932,-0.10850279033184052,-0.163026362657547,-0.03797597438097,-0.2010023295879364,-0.03886902332305908,-0.01968003809452057,-0.18960615992546082,-0.006888013333082199,-0.1964941769838333,0.03266674280166626,0.006601905450224876,-0.24248920381069183,0.0023106669541448355,-0.24017854034900665,0.008165186271071434,-0.018145037814974785,-0.3051721155643463,-0.006350763142108917,-0.31152287125587463,-0.03186493366956711,-0.04925285279750824,-0.3580932319164276,-0.017238497734069824,-0.37533172965049744,-0.007216408383101225,0.0007634751964360476,-0.3847373425960541,0.00026721632457338274,-0.384470134973526,-0.11557743698358536,-0.08584652841091156,0.009717750363051891,-0.030046284198760986,-0.02032853290438652,-0.11456440389156342,-0.05483419448137283,0.23188920319080353,-0.019191967323422432,0.21269723773002625,0.052676524966955185,0.0069833602756261826,0.2416067272424698,0.0024441760033369064,0.24405090510845184,-0.004541141912341118,-0.010399066843092442,0.13737936317920685,-0.003639673348516226,0.13373969495296478,-0.047525566071271896,-0.029188111424446106,0.13046224415302277,-0.010215838439762592,0.12024640291929245
0.16,0.0,0.075,0.0,0.38366296935412053,0.56650337220294,2.3550652527816847,0.1007436066865921,0.6511154100298882,0.1057807870209217,0.0,0.1057807870209217,0.7896743416786194,0.053300902247428894,0.8064789772033691,-0.05465695261955261,-0.09234903752803802,-0.1617044359445572,-0.03232216089963913,-0.19402658939361572,-0.02581748180091381,-0.021521272137761116,-0.18034732341766357,-0.007532445248216391,-0.1878797709941864,0.022194109857082367,0.011279567144811153,-0.22818289697170258,0.003947848454117775,-0.22423504292964935,-0.048760052770376205,-0.027329541742801666,-0.2902829349040985,-0.009565339423716068,-0.2998482882976532,-0.09393306076526642,-0.06265691667795181,-0.3472677171230316,-0.021929919719696045,-0.36919763684272766,0.017867006361484528,0.005894534755498171,-0.38135382533073425,0.002063087187707424,-0.37929072976112366,-0.02438238635659218,-0.0674072876572609,-0.00987559650093317,-0.023592550307512283,-0.03346814587712288,-0.05555110424757004,-0.055049266666173935,0.23001588881015778,-0.019267242401838303,0.21074864268302917,0.0571436733007431,0.022031454369425774,0.25930705666542053,0.007711009122431278,0.26701807975769043,0.055815353989601135,0.009465259499847889,0.15713922679424286,0.003312840824946761,0.16045206785202026,-0.048146482557058334,-0.034875623881816864,0.1327296793460846,-0.012206467799842358,0.12052321434020996
0.18,0.0,0.075,0.0,0.34263715904862574,0.4896731828016606,1.96569599704772,0.0759466290473938,0.6139199435710907,0.07974396049976348,0.0,0.07974396049976348,0.781053364276886,0.05566482990980148,0.7938962578773499,-0.0714830607175827,-0.08608923852443695,-0.16245165467262268,-0.030131233856081963,-0.1925828903913498,-0.03337759152054787,-0.025078168138861656,-0.1728138029575348,-0.008777358569204807,-0.18159116804599762,0.036598388105630875,0.018875213339924812,-0.21471962332725525,0.006606324575841427,-0.20811329782009125,0.0026777286548167467,-0.018327360972762108,-0.2750914394855499,-0.006414576433598995,-0.2815060019493103,-0.02603166550397873,-0.05166934058070183,-0.3350888788700104,-0.018084269016981125,-0.3531731367111206,0.018932316452264786,0.009805869311094284,-0.37598830461502075,0.003432054305449128,-0.37255623936653137,-0.08400706201791763,-0.0723872184753418,-0.030306827276945114,-0.0253355260938406,-0.055642351508140564,-0.11469880491495132,-0.07294412702322006,0.22597363591194153,-0.025530444458127022,0.20044319331645966,0.08350203186273575,0.04047262668609619,0.2756534814834595,0.014165419153869152,0.2898189127445221,-0.01930810511112213,0.0008332501165568829,0.17769992351531982,0.0002916375233326107,0.17799155414104462,-0.051818523555994034,-0.039958491921424866,0.13716024160385132,-0.013985471799969673,0.1231747716665268
0.2,0.0,0.075,0.0,0.3074914701710051,0.4317564296350907,1.6829177292370394,0.11160828918218613,0.6674124337732792,0.11718870364129542,0.0,0.11718870364129542,0.7737987041473389,0.053214576095342636,0.7901458740234375,-0.027990685775876045,-0.06865967065095901,-0.16525423526763916,-0.024030884727835655,-0.18928511440753937,-0.04473894089460373,-0.030976399779319763,-0.1671445071697235,-0.010841739363968372,-0.1779862493276596,0.01977260410785675,0.01914443075656891,-0.20234769582748413,0.006700550671666861,-0.19564715027809143,-0.015044914558529854,-0.01734262704849243,-0.2598778307437897,-0.0060699195601046085,-0.26594775915145874,-0.08584943413734436,-0.06192336976528168,-0.32178130745887756,-0.021673178300261497,-0.3434544801712036,-0.0005389181897044182,0.006702433340251446,-0.3687397241592407,0.0023458516225218773,-0.3663938641548157,-0.02585550770163536,-0.058427706360816956,-0.05136774107813835,-0.020449696108698845,-0.07181743532419205,-0.06430871039628983,-0.07035350054502487,0.21980364620685577,-0.024623725563287735,0.19517992436885834,0.070079505443573,0.04935469105839729,0.29047948122024536,0.017274141311645508,0.30775362253189087,0.03745172917842865,0.011818794533610344,0.19885189831256866,0.004136578179895878,0.20298847556114197,-0.05423448607325554,-0.0442412905395031,0.14370878040790558,-0.015484451316297054,0.12822432816028595
0.22,0.0,0.075,0.0,0.2757888554777258,0.38424175957989015,1.4371576346249793,0.0843125507235527,0.6264688260853291,0.08852817825973033,0.0,0.08852817825973033,0.7682889103889465,0.0551505945622921,0.7848108410835266,-0.05371057614684105,-0.06417494267225266,-0.17006050050258636,-0.02246122993528843,-0.19252173602581024,-0.05067886784672737,-0.036887139081954956,-0.16344404220581055,-0.012910498306155205,-0.1763545423746109,0.029054783284664154,0.022117536514997482,-0.1912953108549118,0.007741137873381376,-0.18355417251586914,-0.04484434798359871,-0.025593142956495285,-0.2449226826429367,-0.008957600221037865,-0.2538802921772003,-0.03513127565383911,-0.05388573929667473,-0.307590514421463,-0.01886000856757164,-0.32645052671432495,0.02333701029419899,0.011692807078361511,-0.35974183678627014,0.0040924823842942715,-0.35564935207366943,-0.0632820650935173,-0.05988401174545288,-0.07284370809793472,-0.02095940336585045,-0.09380310773849487,-0.0848797857761383,-0.0747113898396492,0.21156875789165497,-0.02614898607134819,0.18541976809501648,0.08004005998373032,0.05856030434370041,0.3036339581012726,0.020496105775237083,0.3241300582885742,0.005635015666484833,0.009963661432266235,0.22037963569164276,0.0034872815012931824,0.22386690974235535,-0.06240539625287056,-0.049690522253513336,0.15230855345726013,-0.017391681671142578,0.13491687178611755
0.24,0.0,0.075,0.0,0.24654555342022327,0.34072872986226077,1.215494548296838,0.07806102931499481,0.6170915439724922,0.08196408078074455,0.0,0.08196408078074455,0.7648787498474121,0.05751302093267441,0.7837350964546204,-0.0357762835919857,-0.0556553453207016,-0.1767817884683609,-0.01947936974465847,-0.19626115262508392,-0.05836626887321472,-0.043330878019332886,-0.16178062558174133,-0.015165806747972965,-0.17694643139839172,0.05736296996474266,0.032691165804862976,-0.1817663013935089,0.011441907845437527,-0.1703244000673294,-0.08229751139879227,-0.04260445386171341,-0.23050183057785034,-0.014911558479070663,-0.2454133927822113,-0.04620085656642914,-0.0515802726149559,-0.2927781641483307,-0.018053095787763596,-0.3108312487602234,0.03360993042588234,0.01826794445514679,-0.3491605222225189,0.006393780466169119,-0.34276673197746277,-0.054875221103429794,-0.058381371200084686,-0.09451588988304138,-0.02043347992002964,-0.11494936794042587,-0.07193572074174881,-0.0738786906003952,0.20135293900966644,-0.02585754171013832,0.17549540102481842,0.08642919361591339,0.06692097336053848,0.3149828016757965,0.02342233993113041,0.33840513229370117,0.031978510320186615,0.01656811684370041,0.2420637309551239,0.005798840895295143,0.2478625774383545,-0.051701873540878296,-0.050293926149606705,0.16287192702293396,-0.01760287396609783,0.14526905119419098
0.26,0.0,0.075,0.0,0.2199504378572598,0.30216635085785587,1.0088760956935245,0.06505057215690613,0.5975758582353592,0.06830310076475143,0.0,0.06830310076475143,0.7638781666755676,0.05739130824804306,0.7833749651908875,-0.014079168438911438,-0.04318249225616455,-0.18529413640499115,-0.015113872475922108,-0.20040801167488098,-0.06044170632958412,-0.048464126884937286,-0.1621849536895752,-0.01696244440972805,-0.1791473925113678,0.030319400131702423,0.03197963535785675,-0.17393642663955688,0.011192872188985348,-0.16274355351924896,-0.06789778918027878,-0.0501924529671669,-0.21688124537467957,-0.017567358911037445,-0.2344486117362976,-0.04274561628699303,-0.04892987757921219,-0.277617484331131,-0.017125457525253296,-0.2947429418563843,0.05127335712313652,0.02816956862807274,-0.33719098567962646,0.009859348647296429,-0.32733163237571716,-0.03892984241247177,-0.05254591256380081,-0.11616343259811401,-0.018391069024801254,-0.13455450534820557,-0.05732925236225128,-0.06891386210918427,0.18926025927066803,-0.024119852110743523,0.16514040529727936,0.08299247175455093,0.07174242287874222,0.32441043853759766,0.025109848007559776,0.3495202958583832,0.03728305548429489,0.022782597690820694,0.2636832296848297,0.007973909378051758,0.27165713906288147,-0.05803605541586876,-0.05261656641960144,0.1752912700176239,-0.018415797501802444,0.15687547624111176
0.28,0.0,0.075,0.0,0.1979973793204148,0.27191810019382034,0.8539485745186849,0.07969783991575241,0.6195467598736286,0.08368273191154002,0.0,0.08368273191154002,0.7655310034751892,0.058043595403432846,0.7881017327308655,-0.02105453796684742,-0.036544106900691986,-0.19544054567813873,-0.01279043685644865,-0.20823098719120026,-0.056921813637018204,-0.05100143328309059,-0.16464956104755402,-0.017850501462817192,-0.18250006437301636,0.03315487504005432,0.03233220800757408,-0.1679501086473465,0.011316272430121899,-0.15663383901119232,-0.11361244320869446,-0.0692184567451477,-0.20431214570999146,-0.024226458743214607,-0.2285386025905609,-0.0656173974275589,-0.05393613502383232,-0.26238808035850525,-0.018877647817134857,-0.2812657356262207,0.04577546566724777,0.03345133736729622,-0.3240540027618408,0.011707968078553677,-0.31234604120254517,-0.00040163565427064896,-0.03690262883901596,-0.1375657320022583,-0.012915919534862041,-0.15048165619373322,-0.026836592704057693,-0.05629068240523338,0.17541395127773285,-0.01970173791050911,0.15571221709251404,0.07477883249521255,0.07265334576368332,0.3318207561969757,0.02542867138981819,0.3572494387626648,0.048722535371780396,0.030564580112695694,0.28501781821250916,0.010697603225708008,0.29571542143821716,-0.058522533625364304,-0.05438835546374321,0.18943999707698822,-0.01903592422604561,0.1704040765762329
0.3,0.0,0.075,0.0,0.17842565001442123,0.24239142655249288,0.6997270320076894,0.03935696929693222,0.5590354539453983,0.04132481776177883,0.0,0.04132481776177883,0.7699969410896301,0.05782670900225639,0.7930808067321777,-0.008286730386316776,-0.02806689217686653,-0.2070339024066925,-0.009823411703109741,-0.21685731410980225,-0.07190890610218048,-0.05727367475628853,-0.16912899911403656,-0.02004578523337841,-0.18917478621006012,0.02051660791039467,0.028787527233362198,-0.16391772031784058,0.010075634345412254,-0.15384209156036377,-0.0641491711139679,-0.067697674036026,-0.1930263489484787,-0.02369418554008007,-0.21672053635120392,-0.041139066219329834,-0.050097014755010605,-0.2473708540201187,-0.017533954232931137,-0.26490479707717896,0.04735328257083893,0.03762192279100418,-0.3099918067455292,0.013167672790586948,-0.2968241274356842,-0.04478614777326584,-0.039267685264348984,-0.1585046797990799,-0.0137436892837286,-0.17224836349487305,-0.036960259079933167,-0.05049155279994011,0.15995512902736664,-0.017672043293714523,0.14228308200836182,0.08528556674718857,0.07644301652908325,0.33713826537132263,0.02675505541265011,0.3638933300971985,0.032197482883930206,0.031054452061653137,0.305850088596344,0.010869057849049568,0.3167191445827484,-0.05546316131949425,-0.05471079796552658,0.20517393946647644,-0.019148778170347214,0.18602515757083893
0.32,0.0,0.075,0.0,0.16245802323086483,0.2183646846284303,0.5665134976396565,0.03564250469207764,0.5534637570381165,0.03742462992668152,0.0,0.03742462992668152,0.7773383259773254,0.05573078244924545,0.8008184432983398,-0.015393367037177086,-0.024264834821224213,-0.21986034512519836,-0.00849269237369299,-0.22835303843021393,-0.057882897555828094,-0.05745644122362137,-0.17554065585136414,-0.02010975405573845,-0.19565041363239288,-0.006953863427042961,0.018065109848976135,-0.16191366314888,0.006322788540273905,-0.15559087693691254,-0.04393215849995613,-0.06056801974773407,-0.18323199450969696,-0.021198807284235954,-0.20443080365657806,-0.059602972120046616,-0.05294880270957947,-0.23284277319908142,-0.018532080575823784,-0.25137484073638916,0.044994354248046875,0.03983365371823311,-0.29526379704475403,0.013941778801381588,-0.28132203221321106,-0.027378153055906296,-0.03570082411170006,-0.17876692116260529,-0.012495288625359535,-0.19126221537590027,-0.031549420207738876,-0.04480891302227974,0.14304132759571075,-0.015683120116591454,0.12735821306705475,0.07861356437206268,0.0770941823720932,0.3403087258338928,0.02698296308517456,0.3672916889190674,0.03074045665562153,0.03096025437116623,0.3259677290916443,0.01083608902990818,0.3368038237094879,-0.051687758415937424,-0.053803883492946625,0.22233277559280396,-0.01883135922253132,0.20350141823291779
0.34,0.0,0.075,0.0,0.14891909001861037,0.19715027204380398,0.45233044133975164,0.04813201725482941,0.5721980258822441,0.05053861811757088,0.0,0.05053861811757088,0.7875141501426697,0.057209935039281845,0.812762975692749,-0.03218279778957367,-0.02664022520184517,-0.23368333280086517,-0.00932407844811678,-0.24300740659236908,-0.04685469716787338,-0.05427591875195503,-0.18376626074314117,-0.018996572121977806,-0.20276282727718353,0.008331166580319405,0.01514492742717266,-0.16197489202022552,0.005300724413245916,-0.15667416155338287,-0.1151997298002243,-0.07695753872394562,-0.17510974407196045,-0.026935137808322906,-0.20204487442970276,-0.0721173882484436,-0.05869937688112259,-0.21907177567481995,-0.020544782280921936,-0.23961655795574188,0.05090508237481117,0.04315508157014847,-0.2801416218280792,0.015104277990758419,-0.2650373578071594,0.012918037362396717,-0.021115165203809738,-0.19814597070217133,-0.007390307728201151,-0.20553627610206604,-0.011013098061084747,-0.03467017039656639,0.12484489381313324,-0.012134559452533722,0.11271033436059952,0.07253408432006836,0.07572615146636963,0.3412998914718628,0.0265041533857584,0.36780405044555664,0.04740159213542938,0.035892657935619354,0.3451657295227051,0.012562430463731289,0.35772815346717834,-0.054956454783678055,-0.05414965748786926,0.24074162542819977,-0.018952379003167152,0.22178924083709717
0.36,0.0,0.075,0.0,0.1370697675348456,0.17597261511904233,0.3380326782257258,0.023847995325922966,0.5357719929888844,0.025040395092219114,0.0,0.025040395092219114,0.8003823161125183,0.059992462396621704,0.8261466026306152,-0.01826736144721508,-0.024128366261720657,-0.2482479065656662,-0.008444927632808685,-0.2566928267478943,-0.056268710643053055,-0.0548737570643425,-0.1936541050672531,-0.019205814227461815,-0.21285991370677948,0.007463047280907631,0.012840363197028637,-0.1641002893447876,0.004494126886129379,-0.15960615873336792,-0.11838696151971817,-0.08938636630773544,-0.16880939900875092,-0.031285226345062256,-0.20009462535381317,-0.06171797960996628,-0.059604957699775696,-0.20631186664104462,-0.020861735567450523,-0.2271735966205597,0.0769944041967392,0.05330687761306763,-0.2649041712284088,0.01865740679204464,-0.24624677002429962,-0.01213414128869772,-0.018420858308672905,-0.21644432842731476,-0.006447300314903259,-0.22289162874221802,-0.014074569568037987,-0.028491489589214325,0.10555126518011093,-0.009972020983695984,0.09557924419641495,0.08356432616710663,0.07807760685682297,0.3401016294956207,0.02732716128230095,0.3674287796020508,0.03531074523925781,0.03571808338165283,0.3632484972476959,0.012501329183578491,0.3757498264312744,-0.047333329916000366,-0.052104756236076355,0.26021289825439453,-0.018236665055155754,0.24197623133659363
0.38,0.0,0.075,0.0,0.12733310574710316,0.1574940134985012,0.2379308691979344,0.011251140385866165,0.5168767105787992,0.011813697405159473,0.0,0.011813697405159473,0.8157080411911011,0.058890052139759064,0.8410002589225769,-0.030144833028316498,-0.02593330666422844,-0.26328545808792114,-0.009076656773686409,-0.2723621129989624,-0.03727211803197861,-0.04959326237440109,-0.20502182841300964,-0.017357641831040382,-0.22237947583198547,-0.018430735915899277,0.0034590326249599457,-0.16825063526630402,0.0012106613721698523,-0.16703997552394867,-0.08384958654642105,-0.08772532641887665,-0.16444715857505798,-0.030703863129019737,-0.19515101611614227,-0.07364010810852051,-0.06381550431251526,-0.19479838013648987,-0.02233542688190937,-0.2171338051557541,0.06122468039393425,0.0556822195649147,-0.24983248114585876,0.019488776102662086,-0.23034369945526123,0.00674813287332654,-0.010870160534977913,-0.23347553610801697,-0.003804556094110012,-0.23728008568286896,-0.0027012377977371216,-0.020754413679242134,0.08535704761743546,-0.007264044601470232,0.07809299975633621,0.07469203323125839,0.07706193625926971,0.3367261588573456,0.02697167731821537,0.3636978268623352,0.032127127051353455,0.03464079648256302,0.3800317347049713,0.012124278582632542,0.3921560049057007,-0.04873010516166687,-0.05109236389398575,0.28054818511009216,-0.017882326617836952,0.26266586780548096
0.4,0.0,0.075,0.0,0.11916649704463955,0.14025203800014185,0.1497132869949487,0.01755991391837597,0.526339870877564,0.018437909614294767,0.0,0.018437909614294767,0.8331790566444397,0.06115732714533806,0.8581307530403137,-0.02344422973692417,-0.025186583399772644,-0.27851858735084534,-0.00881530437618494,-0.2873339056968689,-0.03421001508831978,-0.04497829079627991,-0.21765977144241333,-0.015742400661110878,-0.23340217769145966,-0.01073102094233036,-0.0007979837246239185,-0.17434939742088318,-0.0002792942977976054,-0.17462868988513947,-0.12907344102859497,-0.10012976080179214,-0.16210348904132843,-0.03504541516304016,-0.1971489042043686,-0.07453890144824982,-0.06703252345323563,-0.18474365770816803,-0.02346138283610344,-0.20820504426956177,0.0657084584236145,0.058690089732408524,-0.2352045178413391,0.020541531965136528,-0.21466298401355743,0.030641447752714157,0.0015833228826522827,-0.24906602501869202,0.000554163008928299,-0.24851186573505402,0.011513296514749527,-0.011074099689722061,0.06446804106235504,-0.003875934751704335,0.060592107474803925,0.07751289755105972,0.07719722390174866,0.33120784163475037,0.02701902762055397,0.35822686553001404,0.03732895106077194,0.035447243601083755,0.3953443765640259,0.01240653544664383,0.4077509045600891,-0.049749720841646194,-0.05068957060575485,0.30154022574424744,-0.01774134859442711,0.28379887342453003
0.42,0.0,0.075,0.0,0.11208220237837135,0.12501009402037452,0.07287494785261472,-0.004858987871557474,0.4927115181926638,0.0,0.0,0.0,0.8524237275123596,0.06252460181713104,0.8771035075187683,-0.0046321917325258255,-0.019020266830921173,-0.29366642236709595,-0.006657093297690153,-0.3003235161304474,-0.043085820972919464,-0.044410549104213715,-0.23133482038974762,-0.01554369181394577,-0.2468785047531128,-0.025591734796762466,-0.008236109279096127,-0.18228407204151154,-0.0028826382476836443,-0.18516671657562256,-0.10369880497455597,-0.10120047628879547,-0.16182158887386322,-0.035420164465904236,-0.19724175333976746,-0.07179726660251617,-0.06846194714307785,-0.17633315920829773,-0.023961681872606277,-0.2002948373556137,0.07005693018436432,0.06210014224052429,-0.22129011154174805,0.021735049784183502,-0.19955506920814514,0.024921651929616928,0.008584821596741676,-0.2630569338798523,0.0030046876054257154,-0.26005223393440247,0.024533318355679512,-0.0003918735310435295,0.04309710115194321,-0.00013715573004446924,0.042959947139024734,0.08518870174884796,0.07959466427564621,0.32360297441482544,0.027858132496476173,0.35146111249923706,0.05222724378108978,0.04048124700784683,0.4090304374694824,0.014168436639010906,0.4231988787651062,-0.05422458425164223,-0.051750071346759796,0.32297515869140625,-0.01811252534389496,0.3048626184463501
0.44,0.0,0.075,0.0,0.1056813634673496,0.11129842799705109,0.002209587764278624,-0.024324078112840652,0.463513882830739,0.0,0.0,0.0,0.8730297088623047,0.0637834370136261,0.8970398306846619,-0.001998445950448513,-0.013913720846176147,-0.30844953656196594,-0.004869802389293909,-0.3133193254470825,-0.038597263395786285,-0.042666561901569366,-0.24579478800296783,-0.014933296479284763,-0.2607280910015106,-0.029870372265577316,-0.014726389199495316,-0.1919083446264267,-0.0051542362198233604,-0.19706258177757263,-0.09576132893562317,-0.09956872463226318,-0.1636066734790802,-0.034849051386117935,-0.19845572113990784,-0.08155827224254608,-0.0723908469080925,-0.16972199082374573,-0.025336796417832375,-0.19505879282951355,0.08091782033443451,0.06774544715881348,-0.20834586024284363,0.023710906505584717,-0.1846349537372589,0.016227934509515762,0.010877756401896477,-0.27530568838119507,0.0038072147872298956,-0.2714984714984894,0.015349389985203743,0.004330506082624197,0.02146201767027378,0.0015156770823523402,0.022977694869041443,0.08816149085760117,0.0821647122502327,0.3139890432357788,0.028757648542523384,0.34274670481681824,0.04448682814836502,0.04168292135000229,0.42095041275024414,0.014589021913707256,0.4355394244194031,-0.049561429768800735,-0.05109348148107529,0.3446345031261444,-0.01788271777331829,0.32675179839134216
0.46,0.0,0.075,0.0,0.10010411235931145,0.09900885443138566,-0.06120276779914103,-0.03532222658395767,0.4470166601240635,0.0,0.0,0.0,0.8945624828338623,0.061883896589279175,0.9164485931396484,-0.017101947218179703,-0.014870189130306244,-0.3225952684879303,-0.005204566288739443,-0.32779982686042786,-0.014975002035498619,-0.03435909375548363,-0.2607729732990265,-0.012025682255625725,-0.27279865741729736,-0.051065970212221146,-0.025628264993429184,-0.20304468274116516,-0.008969892747700214,-0.2120145708322525,-0.06265407055616379,-0.08849432319402695,-0.16742582619190216,-0.03097301349043846,-0.19839884340763092,-0.09371034801006317,-0.078786700963974,-0.16503210365772247,-0.02757534570991993,-0.19260744750499725,0.05354319140315056,0.06348477303981781,-0.19661051034927368,0.022219670936465263,-0.17439083755016327,0.04870213568210602,0.022225070744752884,-0.28568747639656067,0.007778774481266737,-0.27790871262550354,0.017621615901589394,0.008317839354276657,-0.0002167413040297106,0.0029112438205629587,0.0026945024728775024,0.07874418795108795,0.08113855123519897,0.30246397852897644,0.02839849330484867,0.33086246252059937,0.03297266364097595,0.03906984254717827,0.4309828579425812,0.013674444518983364,0.4446572959423065,-0.04616819694638252,-0.04961589723825455,0.36629754304885864,-0.01736556366086006,0.3489319682121277
0.48,0.0,0.075,0.0,0.09536500305307728,0.08869988110599547,-0.11761031781163198,-0.039199575781822205,0.4412006363272667,0.0,0.0,0.0,0.9165816903114319,0.06236153468489647,0.9361860752105713,-0.010709603317081928,-0.013622013852000237,-0.33584269881248474,-0.004767704755067825,-0.34061041474342346,-0.009867904707789421,-0.02701173536479473,-0.27599310874938965,-0.009454106912016869,-0.28544721007347107,-0.05001651123166084,-0.03294473886489868,-0.21548770368099213,-0.011530658230185509,-0.2270183563232422,-0.08464059233665466,-0.08733820915222168,-0.17320860922336578,-0.030568372458219528,-0.2037769854068756,-0.09742644429206848,-0.08437862992286682,-0.16234998404979706,-0.029532520100474358,-0.19188250601291656,0.0581987090408802,0.06189895421266556,-0.18630051612854004,0.021664634346961975,-0.16463588178157806,0.06291913241147995,0.03443329036235809,-0.2940964996814728,0.012051651254296303,-0.2820448577404022,0.019332947209477425,0.011622372083365917,-0.021718256175518036,0.0040678302757442,-0.01765042543411255,0.08365969359874725,0.0818948969244957,0.28914523124694824,0.028663214296102524,0.31780844926834106,0.017347028478980064,0.03255299851298332,0.43902552127838135,0.011393548920750618,0.4504190683364868,-0.036241043359041214,-0.0456034392118454,0.3877435624599457,-0.01596120372414589,0.3717823624610901
0.5,0.0,0.075,0.0,0.09056429418524377,0.08085070328370561,-0.16804941415972202,-0.06474954634904861,0.4028756804764271,0.0,0.0,0.0,0.938654363155365,0.06273145973682404,0.9573935866355896,-0.009350127540528774,-0.01234044786542654,-0.3479475677013397,-0.0043191565200686455,-0.35226672887802124,-0.006961606442928314,-0.0209966953843832,-0.2911744713783264,-0.0073488433845341206,-0.29852330684661865,-0.04138265922665596,-0.035476114600896835,-0.22900789976119995,-0.012416640296578407,-0.2414245456457138,-0.08325906097888947,-0.08611446619033813,-0.18084834516048431,-0.030140062794089317,-0.21098840236663818,-0.1057589054107666,-0.090792715549469,-0.16172510385513306,-0.03177744895219803,-0.1935025453567505,0.07622139155864716,0.06619568914175034,-0.1776060163974762,0.023168491199612617,-0.15443752706050873,0.03180841729044914,0.03364582732319832,-0.300447016954422,0.011776039376854897,-0.28867098689079285,0.017893964424729347,0.013503849506378174,-0.042823418974876404,0.0047263470478355885,-0.0380970723927021,0.0854148343205452,0.0829508826136589,0.27416855096817017,0.029032807797193527,0.3032013475894928,0.008675053715705872,0.025389613583683968,0.4449964165687561,0.008886364288628101,0.45388278365135193,-0.01795300468802452,-0.037308309227228165,0.4087539613246918,-0.013057908043265343,0.3956960439682007
0.52,0.0,0.075,0.0,0.08550979635052018,0.07327601806467833,-0.21364587977566885,-0.07553098350763321,0.3867035247385502,0.0,0.0,0.0,0.9603659510612488,0.06108280271291733,0.9778440594673157,-0.023992884904146194,-0.01583617925643921,-0.35868653655052185,-0.005542662460356951,-0.3642292022705078,0.015473572537302971,-0.01005561463534832,-0.3060370981693268,-0.003519464982673526,-0.3095565736293793,-0.04944693669676781,-0.03966736048460007,-0.24335592985153198,-0.013883575797080994,-0.25723952054977417,-0.04868980124592781,-0.07488706707954407,-0.19020414352416992,-0.026210473850369453,-0.21641461551189423,-0.11191357672214508,-0.0971289724111557,-0.1631689816713333,-0.033995140343904495,-0.1971641182899475,0.03747637942433357,0.057579897344112396,-0.17068739235401154,0.02015296369791031,-0.15053442120552063,0.060395244508981705,0.041670650243759155,-0.3046743869781494,0.014584727585315704,-0.2900896668434143,0.02108588255941868,0.01577845960855484,-0.06331715732812881,0.005522460676729679,-0.05779469758272171,0.07932689040899277,0.08186368644237518,0.2576865553855896,0.028652289882302284,0.28633883595466614,0.01722884364426136,0.022941380739212036,0.44883474707603455,0.008029483258724213,0.45686423778533936,-0.01631845161318779,-0.031011352315545082,0.4291146695613861,-0.010853973217308521,0.41826069355010986
0.54,0.0,0.075,0.0,0.08034654503480093,0.06455758782260049,-0.2538215513251917,-0.08753925561904907,0.3686911165714264,0.0,0.0,0.0,0.9813278913497925,0.0619211345911026,0.9963701367378235,0.010974779725074768,-0.007792891003191471,-0.3678615987300873,-0.002727511804550886,-0.37058910727500916,0.005618372932076454,-0.005353418178856373,-0.32030683755874634,-0.0018736963393166661,-0.32218053936958313,-0.047106821089982986,-0.041899196803569794,-0.2582671344280243,-0.014664718881249428,-0.272931843996048,-0.058823101222515106,-0.0700678825378418,-0.20110344886779785,-0.02452375926077366,-0.22562721371650696,-0.1036435067653656,-0.09908333420753479,-0.16665500402450562,-0.034679166972637177,-0.2013341784477234,0.03633451089262962,0.051206283271312714,-0.16567222774028778,0.01792219839990139,-0.14775003492832184,0.08835704624652863,0.055676572024822235,-0.30673548579216003,0.019486799836158752,-0.2872486710548401,0.03469943255186081,0.02145475149154663,-0.0829906240105629,0.007509163115173578,-0.07548145949840546,0.08635678887367249,0.08321161568164825,0.2398672103881836,0.0291240643709898,0.26899126172065735,0.03504016995429993,0.026571016758680344,0.45050138235092163,0.009299855679273605,0.45980122685432434,-0.02849239483475685,-0.030255664139986038,0.44861820340156555,-0.010589482262730598,0.4380287230014801
0.56,0.0,0.075,0.0,0.075302640042128,0.05636409448791434,-0.28488282347784505,-0.09443710744380951,0.35834433883428574,0.0,0.0,0.0,1.0011837482452393,0.06350468099117279,1.013201117515564,0.02716151438653469,0.0026934314519166946,-0.3753035068511963,0.0009427010081708431,-0.3743607997894287,0.003602727083489299,-0.0026665744371712208,-0.33372050523757935,-0.0009333010530099273,-0.3346537947654724,-0.03636622801423073,-0.040239304304122925,-0.2734665274620056,-0.014083756133913994,-0.28755027055740356,-0.08058325946331024,-0.07322249561548233,-0.2133452445268631,-0.025627873837947845,-0.23897311091423035,-0.09988202154636383,-0.09932294487953186,-0.17211885750293732,-0.03476303070783615,-0.20688188076019287,0.043392300605773926,0.04886208847165108,-0.16265302896499634,0.017101731151342392,-0.14555129408836365,0.0907052606344223,0.06618517637252808,-0.3066093325614929,0.023164810612797737,-0.28344452381134033,0.0316629558801651,0.024517212063074112,-0.10164334625005722,0.008581023663282394,-0.09306232631206512,0.09277008473873138,0.08607915788888931,0.22089208662509918,0.03012770414352417,0.25101977586746216,0.012297876179218292,0.022289074957370758,0.44997933506965637,0.00780117604881525,0.45778051018714905,-0.022827785462141037,-0.028027299791574478,0.4670657813549042,-0.009809554554522038,0.4572562277317047
0.58,0.0,0.075,0.0,0.0696564315902593,0.04844114973457374,-0.31296258306373853,-0.10906194895505905,0.3364070765674114,0.0,0.0,0.0,1.0196125507354736,0.06445661932229996,1.029300570487976,0.04279439151287079,0.014723720028996468,-0.38087502121925354,0.005153302103281021,-0.3757217228412628,0.0008781047072261572,-0.0016031706472858787,-0.34603071212768555,-0.0005611097440123558,-0.3465918302536011,-0.03095610812306404,-0.03745434433221817,-0.2886737585067749,-0.013109019957482815,-0.3017827868461609,-0.08854546397924423,-0.07781939208507538,-0.2267037332057953,-0.027236787602305412,-0.25394052267074585,-0.0956498384475708,-0.09822101145982742,-0.17945978045463562,-0.03437735512852669,-0.213837131857872,0.06362469494342804,0.053290873765945435,-0.16168548166751862,0.018651805818080902,-0.1430336833000183,0.07126621901988983,0.06770949065685272,-0.30429720878601074,0.023698320612311363,-0.28059887886047363,0.034479185938835144,0.02750580385327339,-0.11908523738384247,0.009627031162381172,-0.10945820808410645,0.09398777782917023,0.08845174312591553,0.20095454156398773,0.030958110466599464,0.23191265761852264,-0.00787621084600687,0.013239488936960697,0.44727393984794617,0.004633821081370115,0.451907753944397,-0.0021054064854979515,-0.020250730216503143,0.4842694401741028,-0.007087755482643843,0.47718167304992676
0.6,0.0,0.075,0.0,0.0628140008469746,0.040752610904964105,-0.33563187662763316,-0.13892944157123566,0.2916058376431465,0.0,0.0,0.0,1.036331295967102,0.06386849284172058,1.0441523790359497,0.04151955619454384,0.022762471809983253,-0.38447335362434387,0.007966864854097366,-0.3765064775943756,-4.782923497259617e-05,-0.0011365682585164905,-0.3570104241371155,-0.00039779889630153775,-0.35740822553634644,-0.027609053999185562,-0.03450075536966324,-0.30360835790634155,-0.012075264006853104,-0.31568363308906555,-0.07502537965774536,-0.07698118686676025,-0.24093253910541534,-0.02694341540336609,-0.2678759694099426,-0.09005643427371979,-0.09577164053916931,-0.18854238092899323,-0.03352007269859314,-0.22206245362758636,0.059868667274713516,0.05526421219110489,-0.16278743743896484,0.01934247463941574,-0.1434449553489685,0.0643978863954544,0.06671600788831711,-0.2998226583003998,0.023350602015852928,-0.2764720618724823,0.03840285539627075,0.0307749193161726,-0.13513855636119843,0.010771221481263638,-0.12436733394861221,0.08654371649026871,0.08787933737039566,0.18025776743888855,0.03075776807963848,0.21101553738117218,-0.002303428016602993,0.00857661385089159,0.44241270422935486,0.0030018147081136703,0.4454145133495331,-0.0046927714720368385,-0.01558334194123745,0.500053882598877,-0.00545416958630085,0.49459969997406006
0.62,0.0,0.075,0.0,0.056096492520523726,0.03274157830252677,-0.35546585103421646,-0.15259990096092224,0.27110014855861664,0.0,0.0,0.0,1.0510956048965454,0.06347961723804474,1.0569192171096802,0.052508775144815445,0.031686365604400635,-0.3860321640968323,0.011090227402746677,-0.37494194507598877,-0.0030561729799956083,-0.0017124497098848224,-0.36645710468292236,-0.0005993574159219861,-0.3670564591884613,-0.025604020804166794,-0.031831733882427216,-0.3179948627948761,-0.011141106486320496,-0.3291359543800354,-0.07243619859218597,-0.07561769336462021,-0.2557692527770996,-0.026466192677617073,-0.28223544359207153,-0.08324059844017029,-0.09201232343912125,-0.1991991251707077,-0.03220431134104729,-0.2314034402370453,0.06255549192428589,0.05745159834623337,-0.16593855619430542,0.02010805904865265,-0.14583049714565277,0.06604878604412079,0.06651584059000015,-0.2932312786579132,0.023280544206500053,-0.2699507474899292,0.04463980346918106,0.0349343866109848,-0.14963971078395844,0.012227035127580166,-0.1374126821756363,0.08369245380163193,0.08662327378988266,0.15901267528533936,0.03031814470887184,0.1893308162689209,0.004149390384554863,0.007248446345329285,0.43544524908065796,0.0025369562208652496,0.4379822015762329,-0.009475498460233212,-0.013750988990068436,0.5142582058906555,-0.0048128459602594376,0.5094453692436218
0.64,0.0,0.075,0.0,0.04973832702183653,0.024927640960562797,-0.37258571264739254,-0.16371026635169983,0.25443460047245026,0.0,0.0,0.0,1.0637000799179077,0.062392979860305786,1.0676239728927612,0.04844573885202408,0.03671417757868767,-0.38552266359329224,0.012849962338805199,-0.3726727068424225,0.0007211638148874044,-0.0009823656873777509,-0.37419652938842773,-0.0003438279964029789,-0.3745403587818146,-0.022516850382089615,-0.029037268832325935,-0.3315679728984833,-0.01016304362565279,-0.3417310118675232,-0.06820718944072723,-0.0733945444226265,-0.2709401845932007,-0.025688089430332184,-0.29662826657295227,-0.07883375883102417,-0.08805875480175018,-0.2112334817647934,-0.030820563435554504,-0.2420540452003479,0.05551214888691902,0.056869763880968094,-0.17108072340488434,0.019904417917132378,-0.1511763036251068,0.06597278267145157,0.06635292619466782,-0.2845902740955353,0.023223523050546646,-0.26136675477027893,0.04263025522232056,0.03724314644932747,-0.1624409407377243,0.013035100884735584,-0.149405837059021,0.08064796775579453,0.08483067899942398,0.13743574917316437,0.029690736904740334,0.16712649166584015,0.0018026623874902725,0.005614710971713066,0.42644253373146057,0.001965148840099573,0.4284076690673828,-0.014316420070827007,-0.01392061822116375,0.5267376899719238,-0.004872216377407312,0.5218654870986938
0.66,0.0,0.075,0.0,0.04366695850740101,0.01719165598289517,-0.3876890559822946,-0.16391077637672424,0.25413383543491364,0.0,0.0,0.0,1.0739778280258179,0.061036307364702225,1.0762522220611572,0.04872007668018341,0.04031594842672348,-0.38295429944992065,0.014110581949353218,-0.3688437044620514,0.007329333573579788,0.0015111442189663649,-0.3800859749317169,0.0005289004766382277,-0.3795570731163025,-0.015919260680675507,-0.02510186657309532,-0.34407728910446167,-0.008785652928054333,-0.3528629541397095,-0.0682707279920578,-0.07185740023851395,-0.2861655652523041,-0.02515009045600891,-0.311315655708313,-0.07928818464279175,-0.08542758226394653,-0.22442349791526794,-0.029899653047323227,-0.25432315468788147,0.05111776664853096,0.05514416843652725,-0.17811910808086395,0.01930045895278454,-0.15881864726543427,0.06185637041926384,0.06500396132469177,-0.27398765087127686,0.02275138534605503,-0.2512362599372864,0.04088382422924042,0.038335349410772324,-0.1734117716550827,0.013417372480034828,-0.15999439358711243,0.077023945748806,0.08248865604400635,0.1157468780875206,0.02887102961540222,0.14461791515350342,-0.008133967407047749,0.0014901072718203068,0.4154963195323944,0.0005215375567786396,0.4160178601741791,-0.0083388676866889,-0.012246092781424522,0.5373651385307312,-0.004286132287234068,0.5330790281295776
0.68,0.0,0.075,0.0,0.037977213705458555,0.01045321676962665,-0.40001977372484504,-0.16791360080242157,0.24812959879636765,0.0,0.0,0.0,1.0817984342575073,0.05905942991375923,1.0825518369674683,0.055408187210559845,0.04484362155199051,-0.3783744275569916,0.01569526642560959,-0.3626791536808014,0.011671153828501701,0.004559147171676159,-0.38401681184768677,0.0015957014402374625,-0.3824211061000824,-0.01460079476237297,-0.021951545029878616,-0.3552921414375305,-0.007683040574193001,-0.36297518014907837,-0.05129203572869301,-0.06568779051303864,-0.30116456747055054,-0.022990725934505463,-0.3241553008556366,-0.08106841146945953,-0.08411982655525208,-0.2385258674621582,-0.029441939666867256,-0.2679678201675415,0.04553015157580376,0.052259963005781174,-0.18692389130592346,0.018290987238287926,-0.16863290965557098,0.058330122381448746,0.06300181150436401,-0.2615315020084381,0.022050634026527405,-0.2394808679819107,0.04132596403360367,0.0392325334250927,-0.18244042992591858,0.013731386512517929,-0.16870903968811035,0.0710589811205864,0.07905974984169006,0.0941670835018158,0.027670912444591522,0.12183799594640732,-0.011260198429226875,-0.0023349844850599766,0.40271812677383423,-0.000817244581412524,0.40190088748931885,-1.1964701116085052e-05,-0.008575853891670704,0.5460323095321655,-0.0030015488155186176,0.5430307388305664
0.7000000000000001,0.0,0.075,0.0,0.03258089036275365,0.005489548813508805,-0.4061230910132166,-0.1723172962665558,0.24152405560016632,0.0,0.0,0.0,1.087066888809204,0.05662660300731659,1.0872339010238647,0.05322357267141342,0.047357603907585144,-0.37186747789382935,0.0165751613676548,-0.35529232025146484,0.016145676374435425,0.008035105653107166,-0.385916531085968,0.002812286838889122,-0.38310423493385315,-0.003023739904165268,-0.016273202374577522,-0.36500564217567444,-0.00569562055170536,-0.37070125341415405,-0.05295991152524948,-0.06186942756175995,-0.3156605660915375,-0.021654298529028893,-0.3373148739337921,-0.07868264615535736,-0.08248867094516754,-0.25328052043914795,-0.02887103520333767,-0.28215155005455017,0.04200620949268341,0.049183838069438934,-0.19733268022537231,0.017214342951774597,-0.18011833727359772,0.04596100002527237,0.05788956955075264,-0.24734872579574585,0.02026134915649891,-0.2270873785018921,0.04396938532590866,0.040653590112924576,-0.18943488597869873,0.014228756539523602,-0.17520612478256226,0.0632578656077385,0.07431918382644653,0.07291626185178757,0.026011714711785316,0.09892797470092773,-0.003772929310798645,-0.002766367979347706,0.38823816180229187,-0.000968228792771697,0.3872699439525604,0.005943142808973789,-0.004220154602080584,0.5526508688926697,-0.0014770540874451399,0.5511738061904907
0.72,0.0,0.075,0.0,0.027447001349116002,0.0022019409845506184,-0.4045668315855279,-0.17410728335380554,0.2388390749692917,0.0,0.0,0.0,1.089721918106079,0.05344458669424057,1.0912634134292603,0.0517265684902668,0.04866829514503479,-0.363553524017334,0.017033902928233147,-0.3465196192264557,-0.005013328045606613,0.00412057526409626,-0.3857501149177551,0.0014422013191506267,-0.3843079209327698,0.0004958305507898331,-0.011242492124438286,-0.3730386793613434,-0.0039348723366856575,-0.37697353959083557,-0.051155805587768555,-0.05865534022450447,-0.3293861746788025,-0.02052936889231205,-0.3499155342578888,-0.06937311589717865,-0.07855400443077087,-0.26841533184051514,-0.027493901550769806,-0.29590922594070435,0.057785023003816605,0.051764193922281265,-0.20915350317955017,0.018117466941475868,-0.19103603065013885,0.012773945927619934,0.0443548820912838,-0.2315838783979416,0.015524208545684814,-0.21605966985225677,0.04022806137800217,0.04052593186497688,-0.19432388246059418,0.014184076339006424,-0.18013980984687805,0.059894781559705734,0.06999186426401138,0.052210982888936996,0.024497151374816895,0.07670813798904419,0.014339836314320564,0.002365493681281805,0.3722040355205536,0.0008279227768070996,0.37303194403648376,0.008919545449316502,-0.00027824449352920055,0.5571532845497131,-9.738557128002867e-05,0.5570558905601501
0.74,0.0,0.075,0.0,0.022459651847421803,-0.00020793700967505706,-0.3944298908918478,-0.17718394100666046,0.2342240884900093,0.0,0.0,0.0,1.0897328853607178,0.05308534577488899,1.0897711515426636,0.06607519835233688,0.05389036610722542,-0.3535858690738678,0.01886162720620632,-0.3347242474555969,0.012994583696126938,0.0067827776074409485,-0.38352060317993164,0.0023739722091704607,-0.381146639585495,0.010538609698414803,-0.004708161577582359,-0.3792431056499481,-0.0016478565521538258,-0.38089096546173096,-0.04043711721897125,-0.053189873695373535,-0.3420882821083069,-0.018616454675793648,-0.3607047498226166,-0.08066333830356598,-0.0791868045926094,-0.2836511433124542,-0.027715381234884262,-0.3113665282726288,0.038917768746614456,0.04791026562452316,-0.22216834127902985,0.016768593341112137,-0.205399751663208,0.055144160985946655,0.047591663897037506,-0.214397594332695,0.016657082363963127,-0.19774051010608673,0.042038694024086,0.04097976163029671,-0.1970575749874115,0.014342916198074818,-0.18271465599536896,0.0647781640291214,0.06842775642871857,0.03226223960518837,0.02394971437752247,0.05621195584535599,0.0028701629489660263,0.0025168946012854576,0.35477912425994873,0.0008809131104499102,0.3556600511074066,0.007376226596534252,0.0020180968567728996,0.5594937801361084,0.0007063338998705149,0.5602000951766968
0.76,0.0,0.075,0.0,0.017843927508452047,-0.002341049061852815,-0.38278098342138395,-0.1640615463256836,0.2539076805114746,0.0,0.0,0.0,1.0870983600616455,0.051944561302661896,1.0858795642852783,0.07356355339288712,0.05979232117533684,-0.3421483635902405,0.02092731185257435,-0.3212210536003113,0.015747273340821266,0.009472126141190529,-0.3792691230773926,0.0033152441028505564,-0.37595388293266296,0.006384741514921188,-0.0013802906032651663,-0.3835044503211975,-0.000483101699501276,-0.38398754596710205,-0.03896740451455116,-0.048923131078481674,-0.3535325825214386,-0.01712309569120407,-0.37065568566322327,-0.0781279057264328,-0.07886913418769836,-0.29870694875717163,-0.027604196220636368,-0.3263111412525177,0.036693938076496124,0.04454536736011505,-0.23613713681697845,0.015590878203511238,-0.22054626047611237,0.03415018692612648,0.04355922341346741,-0.1959650218486786,0.015245728194713593,-0.1807192862033844,0.038172394037246704,0.040137551724910736,-0.1976081281900406,0.014048143289983273,-0.18355998396873474,0.057577550411224365,0.0651726946234703,0.013273315504193306,0.022810442373156548,0.036083757877349854,-0.007428465411067009,-0.0004667134489864111,0.3361409604549408,-0.0001633497013244778,0.33597761392593384,0.003073585219681263,0.002334743272513151,0.5596484541893005,0.0008171601220965385,0.5604656338691711
0.78,0.0,0.075,0.0,0.013376728981567863,-0.004124266509176578,-0.3709175341678963,-0.15878163278102875,0.2618275508284569,0.0,0.0,0.0,1.0818428993225098,0.04996129870414734,1.0800559520721436,0.0697350949048996,0.0627751499414444,-0.32945194840431213,0.02197130210697651,-0.3074806332588196,0.009310872294008732,0.009423749521374702,-0.37307411432266235,0.0032983121927827597,-0.36977580189704895,0.01342107355594635,0.0030601187609136105,-0.3857441246509552,0.0010710415663197637,-0.3846730887889862,-0.040772777050733566,-0.0464780256152153,-0.363508015871048,-0.016267308965325356,-0.3797753155231476,-0.07155466079711914,-0.07667478919029236,-0.3133050501346588,-0.026836175471544266,-0.340141236782074,0.03496624156832695,0.04167162999510765,-0.25080227851867676,0.014585070312023163,-0.236217200756073,0.020939944311976433,0.0367734394967556,-0.17647399008274078,0.01287070382386446,-0.1636032909154892,0.030645640566945076,0.037289977073669434,-0.19596993923187256,0.013051492162048817,-0.18291844427585602,0.0536806546151638,0.061725080013275146,-0.004562279675155878,0.0216037780046463,0.01704149879515171,-0.007898509502410889,-0.0026962521951645613,0.31647950410842896,-0.0009436882683075964,0.3155358135700226,-0.000911341980099678,0.0013609176967293024,0.5576157569885254,0.00047632117639295757,0.5580920577049255
0.8,0.0,0.075,0.0,0.00862188226565112,-0.004514754387888692,-0.3526326716759075,-0.15914152562618256,0.26128771156072617,0.0,0.0,0.0,1.074015736579895,0.04728158190846443,1.0720701217651367,0.059146780520677567,0.06168663874268532,-0.3157307803630829,0.021590324118733406,-0.29414045810699463,-0.00029847887344658375,0.006507080513983965,-0.365049809217453,0.0022774781100451946,-0.3627723455429077,0.020799167454242706,0.00838183332234621,-0.38592082262039185,0.0029336416628211737,-0.3829871714115143,-0.04001816734671593,-0.04454006999731064,-0.3718305826187134,-0.015589023940265179,-0.38741961121559143,-0.06279322504997253,-0.07251031696796417,-0.3271762430667877,-0.02537861093878746,-0.3525548577308655,0.037370465695858,0.040381282567977905,-0.26589325070381165,0.014133448712527752,-0.251759797334671,0.009721538051962852,0.02865786850452423,-0.1561231166124344,0.010030253790318966,-0.14609286189079285,0.023024262860417366,0.03301026299595833,-0.19215966761112213,0.011553592048585415,-0.18060608208179474,0.05420171096920967,0.059468068182468414,-0.02106279321014881,0.020813822746276855,-0.00024897046387195587,-0.004683040082454681,-0.0032922886312007904,0.2959951162338257,-0.001152300974354148,0.29484280943870544,-0.006641519255936146,-0.0010398135054856539,0.55341637134552,-0.00036393472691997886,0.5530524253845215
0.8200000000000001,0.0,0.075,0.0,0.003980997558844089,-0.0033174444977234637,-0.32882735275750197,-0.1522316038608551,0.27165259420871735,0.0,0.0,0.0,1.063688039779663,0.04563884809613228,1.0615806579589844,0.05679953470826149,0.06022050976753235,-0.30123797059059143,0.021077178418636322,-0.2801607847213745,-0.006162384524941444,0.002706240862607956,-0.3553442060947418,0.0009471842786297202,-0.3543970286846161,0.03413465619087219,0.016107680276036263,-0.3840312957763672,0.005637688096612692,-0.37839362025260925,-0.04932498559355736,-0.045975543558597565,-0.3783468008041382,-0.016091439872980118,-0.394438236951828,-0.05943043529987335,-0.06858634948730469,-0.34006467461586,-0.02400522120296955,-0.3640699088573456,0.040542688220739365,0.04042970389127731,-0.2811317443847656,0.01415039598941803,-0.2669813632965088,0.0029420852661132812,0.020943133160471916,-0.13511981070041656,0.007330096326768398,-0.1277897208929062,0.017883451655507088,0.02847221866250038,-0.18621616065502167,0.009965276345610619,-0.1762508898973465,0.05505809932947159,0.05814507603645325,-0.03606007620692253,0.020350776612758636,-0.015709299594163895,-3.2186508178710938e-06,-0.0023055674973875284,0.2748965620994568,-0.0008069486357271671,0.27408960461616516,-0.013267169706523418,-0.004708020482212305,0.5470930933952332,-0.0016478071920573711,0.5454452633857727
0.84,0.0,0.075,0.0,-0.000811034692404055,-0.0005568833662673882,-0.298983027106564,-0.13762611150741577,0.29356083273887634,0.0,0.0,0.0,1.0509511232376099,0.044378042221069336,1.0487107038497925,0.05662241205573082,0.05914108082652092,-0.2862407863140106,0.020699378103017807,-0.2655414044857025,-0.006817677989602089,-0.00015093502588570118,-0.3441363275051117,-5.282725760480389e-05,-0.3441891670227051,0.03996448591351509,0.023264722898602486,-0.38011038303375244,0.008142652921378613,-0.37196773290634155,-0.04886903613805771,-0.04684359207749367,-0.3829364776611328,-0.01639525778591633,-0.3993317484855652,-0.0590054914355278,-0.0657120943069458,-0.35173264145851135,-0.022999232634902,-0.3747318685054779,0.034993380308151245,0.03879880532622337,-0.29623672366142273,0.01357958186417818,-0.2826571464538574,-0.0017924914136528969,0.01412244513630867,-0.11367807537317276,0.0049428557977080345,-0.10873521864414215,0.007222259417176247,0.022097229957580566,-0.17820000648498535,0.007734030485153198,-0.17046597599983215,0.054585330188274384,0.05707715451717377,-0.04940129816532135,0.01997700333595276,-0.02942429482936859,-0.0006563235074281693,-0.0018107943469658494,0.2533988058567047,-0.0006337779923342168,0.252765029668808,-0.017165523022413254,-0.008445271290838718,0.538710355758667,-0.002955844858661294,0.5357545018196106
0.86,0.0,0.075,0.0,-0.005127818202186333,0.003383476580687809,-0.2657409243529582,-0.12442465126514435,0.3133630231022835,0.0,0.0,0.0,1.0359145402908325,0.0450732447206974,1.032857060432434,0.058644454926252365,0.05899209529161453,-0.27101582288742065,0.020647233352065086,-0.250368595123291,-0.01037576887756586,-0.0032183853909373283,-0.3316328525543213,-0.001126434886828065,-0.332759290933609,0.05923250690102577,0.03405505791306496,-0.37423041462898254,0.011919270269572735,-0.36231115460395813,-0.07077419757843018,-0.05402277410030365,-0.3855149745941162,-0.018907969817519188,-0.40442293882369995,-0.04895529896020889,-0.06068505346775055,-0.3619649112224579,-0.021239768713712692,-0.3832046687602997,0.03956896439194679,0.03902985155582428,-0.3109295666217804,0.013660447672009468,-0.2972691059112549,0.002390586771070957,0.010602887719869614,-0.09201642870903015,0.0037110105622559786,-0.08830542117357254,0.0008951779454946518,0.015736613422632217,-0.16819284856319427,0.005507814697921276,-0.16268503665924072,0.057211026549339294,0.057117313146591187,-0.06095051020383835,0.019991058856248856,-0.04095945134758949,-0.008341435343027115,-0.0037699867971241474,0.2317209243774414,-0.0013194953789934516,0.2304014265537262,-0.024158846586942673,-0.013159343972802162,0.5283536314964294,-0.004605770111083984,0.5237478613853455
0.88,0.0,0.075,0.0,-0.00917854892187038,0.00768311656071533,-0.2310224144187085,-0.10327862203121185,0.3450820669531822,0.0,0.0,0.0,1.0187056064605713,0.0448794811964035,1.0155929327011108,0.05306537449359894,0.05721408128738403,-0.2558439373970032,0.020024927332997322,-0.235819011926651,-0.015440065413713455,-0.006884889677166939,-0.31806445121765137,-0.0024097112473100424,-0.32047414779663086,0.05785173177719116,0.04119405895471573,-0.3664998412132263,0.014417920261621475,-0.35208192467689514,-0.060848936438560486,-0.05607062205672264,-0.3860347270965576,-0.01962471753358841,-0.40565943717956543,-0.05042027309536934,-0.057605620473623276,-0.3705728054046631,-0.02016196772456169,-0.3907347619533539,0.03437286242842674,0.03763275593519211,-0.3249393105506897,0.013171464204788208,-0.3117678463459015,-0.015348975546658039,0.0028173280879855156,-0.0703556165099144,0.0009860647842288017,-0.06936955451965332,-0.011276932433247566,0.007632549852132797,-0.15629670023918152,0.0026713924016803503,-0.15362530946731567,0.05445142835378647,0.05631754547357559,-0.07059001177549362,0.019711140543222427,-0.050878871232271194,-0.014848402701318264,-0.007093511521816254,0.21008385717868805,-0.0024827290326356888,0.2076011300086975,-0.02280089259147644,-0.01605180837213993,0.516128420829773,-0.005618132650852203,0.510510265827179
0.9,0.0,0.075,0.0,-0.013181151730293463,0.0130265678254343,-0.19391526270895817,-0.10170586407184601,0.347441203892231,0.0,0.0,0.0,0.9994679689407349,0.04534829035401344,0.9956848621368408,0.04729555919766426,0.05423852428793907,-0.24100488424301147,0.01898348331451416,-0.22202140092849731,-0.01293744333088398,-0.008700655773282051,-0.303681343793869,-0.003045229474082589,-0.3067265748977661,0.07047373056411743,0.04997795820236206,-0.3570612370967865,0.01749228499829769,-0.33956894278526306,-0.06408336758613586,-0.05847444385290146,-0.3844861686229706,-0.02046605572104454,-0.4049522280693054,-0.045483365654945374,-0.053968943655490875,-0.3773975372314453,-0.018889129161834717,-0.39628666639328003,0.034174926578998566,0.036595407873392105,-0.33800753951072693,0.012808392755687237,-0.325199156999588,-0.01249303575605154,-0.0017757813911885023,-0.04891636595129967,-0.0006215234752744436,-0.049537889659404755,-0.012551108375191689,0.0015774520579725504,-0.14263278245925903,0.0005521082202903926,-0.14208067953586578,0.055457618087530136,0.056059569120407104,-0.07822158187627792,0.019620848819613457,-0.05860073119401932,-0.011234530247747898,-0.008335817605257034,0.18870806694030762,-0.0029175360687077045,0.1857905238866806,-0.02780100703239441,-0.01957656815648079,0.5021592974662781,-0.006851798854768276,0.4953075051307678
0.92,0.0,0.075,0.0,-0.01719820335501498,0.019477640069614003,-0.15423787626095198,-0.08014583587646484,0.37978124618530273,0.0,0.0,0.0,0.9783617854118347,0.04604628309607506,0.9739183187484741,0.04823635146021843,0.05243787169456482,-0.22677239775657654,0.018353255465626717,-0.20841914415359497,-0.016700902953743935,-0.011100729927420616,-0.28874877095222473,-0.003885255428031087,-0.2926340401172638,0.07409227639436722,0.05721225589513779,-0.3460886478424072,0.020024288445711136,-0.3260643482208252,-0.05962202325463295,-0.058818720281124115,-0.3808978199958801,-0.02058655209839344,-0.4014843702316284,-0.04765139892697334,-0.052073679864406586,-0.38231325149536133,-0.018225787207484245,-0.4005390405654907,0.026861999183893204,0.033675387501716614,-0.3498932421207428,0.0117863854393363,-0.3381068706512451,-0.018335528671741486,-0.006743705831468105,-0.027917152270674706,-0.0023602969013154507,-0.030277449637651443,-0.022377846762537956,-0.005609137937426567,-0.12734033167362213,-0.001963198184967041,-0.12930352985858917,0.05368563160300255,0.05534739047288895,-0.08376744389533997,0.01937158592045307,-0.06439585983753204,-0.016430476680397987,-0.010764215141534805,0.16781140863895416,-0.003767475252971053,0.16404393315315247,-0.03600944206118584,-0.024506431072950363,0.48658862709999084,-0.008577250875532627,0.4780113697052002
0.9400000000000001,0.0,0.075,0.0,-0.021157435533764302,0.026563920369618823,-0.11392989087176578,-0.0654342770576477,0.40184858441352844,0.0,0.0,0.0,0.9555640816688538,0.045955996960401535,0.9504633545875549,0.041006892919540405,0.049008578062057495,-0.213408961892128,0.017153002321720123,-0.19625595211982727,-0.02094532735645771,-0.01405410934239626,-0.273542195558548,-0.004918938037008047,-0.27846112847328186,0.07439121603965759,0.06236594170331955,-0.3337845206260681,0.021828079596161842,-0.3119564354419708,-0.04967082664370537,-0.0560743510723114,-0.3753358721733093,-0.01962602324783802,-0.3949618935585022,-0.04471118375658989,-0.04986492916941643,-0.3852292597293854,-0.017452724277973175,-0.40268197655677795,0.016590336337685585,0.02854987233877182,-0.3603771924972534,0.009992455132305622,-0.35038474202156067,-0.022883623838424683,-0.011585680767893791,-0.00757197430357337,-0.004054988268762827,-0.011626962572336197,-0.030422501266002655,-0.013053147122263908,-0.11057517677545547,-0.004568601492792368,-0.1151437759399414,0.04989025369286537,0.053710248321294785,-0.08717108517885208,0.0187985859811306,-0.06837250292301178,-0.02248918078839779,-0.014281705021858215,0.14760680496692657,-0.004998596850782633,0.14260821044445038,-0.04349715635180473,-0.030203647911548615,0.46957510709762573,-0.010571276769042015,0.45900383591651917
0.96,0.0,0.075,0.0,-0.024775283015818873,0.03428953360002448,-0.07268175891238256,-0.05487590283155441,0.4176861457526684,0.0,0.0,0.0,0.931269645690918,0.04517509043216705,0.9249724745750427,0.02460048533976078,0.041686151176691055,-0.20116105675697327,0.01459015253931284,-0.1865708976984024,-0.024031097069382668,-0.017047205939888954,-0.25834208726882935,-0.005966521799564362,-0.2643086016178131,0.07318633794784546,0.0656120628118515,-0.3203757107257843,0.022964222356677055,-0.2974115014076233,-0.03835349902510643,-0.05075809732079506,-0.367902934551239,-0.017765333876013756,-0.3856682777404785,-0.03616397827863693,-0.04575464129447937,-0.38609179854393005,-0.01601412333548069,-0.4021059274673462,0.007795017212629318,0.02232341468334198,-0.36926600337028503,0.007813194766640663,-0.3614528179168701,-0.024157918989658356,-0.015357352793216705,0.011911844834685326,-0.005375073291361332,0.006536771543323994,-0.03658205270767212,-0.020111817866563797,-0.09250818192958832,-0.007039136253297329,-0.09954731911420822,0.047544997185468674,0.05186067149043083,-0.08839782327413559,0.018151234835386276,-0.07024659216403961,-0.0271097794175148,-0.01813012734055519,0.12830016016960144,-0.006345544476062059,0.12195461243391037,-0.05860036239027977,-0.03872266411781311,0.4512920677661896,-0.013552932068705559,0.43773913383483887
0.98,0.0,0.075,0.0,-0.027769499451521323,0.042667385944728464,-0.030533273337024956,-0.03735901787877083,0.44396147318184376,0.0,0.0,0.0,0.9056931734085083,0.045189257711172104,0.8977717161178589,0.017217839136719704,0.034345656633377075,-0.1902545690536499,0.012020980007946491,-0.17823359370231628,-0.031562089920043945,-0.021401669830083847,-0.24342875182628632,-0.007490584161132574,-0.2509193420410156,0.07270196080207825,0.06773903220891953,-0.30610957741737366,0.023708660155534744,-0.282400906085968,-0.031840670853853226,-0.04508286714553833,-0.3587360978126526,-0.015779003500938416,-0.3745151162147522,-0.02990582212805748,-0.040999993681907654,-0.38488495349884033,-0.014349997974932194,-0.39923495054244995,0.005973154678940773,0.017418336123228073,-0.3763957917690277,0.006096417549997568,-0.370299369096756,-0.02150740846991539,-0.01720236986875534,0.03033575415611267,-0.006020829547196627,0.02431492507457733,-0.04237837344408035,-0.026791784912347794,-0.07332344353199005,-0.009377124719321728,-0.08270056545734406,0.04715321585536003,0.05044843629002571,-0.08743514865636826,0.017656952142715454,-0.0697781965136528,-0.022483058273792267,-0.019436007365584373,0.11008822917938232,-0.006802602671086788,0.10328562557697296,-0.07599121332168579,-0.049903228878974915,0.43192583322525024,-0.01746612973511219,0.4144597053527832
1.0,0.0,0.075,0.0,-0.030000661695480834,0.052046802923281954,0.012092292957193027,-0.012215145863592625,0.48167728120461106,0.0,0.0,0.0,0.8790714740753174,0.04584386199712753,0.8705006241798401,0.008293528109788895,0.02653001807630062,-0.18089066445827484,0.00928550586104393,-0.1716051548719406,-0.038597505539655685,-0.02656042017042637,-0.2290772646665573,-0.009296147152781487,-0.23837341368198395,0.07072055339813232,0.06863348931074142,-0.29124924540519714,0.02402172051370144,-0.26722753047943115,-0.02998371422290802,-0.040553122758865356,-0.34800440073013306,-0.014193592593073845,-0.36219799518585205,-0.03326416015625,-0.03867924213409424,-0.3816309869289398,-0.013537734746932983,-0.3951687216758728,0.0023938510566949844,0.012910990044474602,-0.38163504004478455,0.004518846515566111,-0.37711620330810547,-0.03279825672507286,-0.021881137043237686,0.047512006014585495,-0.007658397778868675,0.03985361009836197,-0.04432857036590576,-0.03205282241106033,-0.05321647599339485,-0.011218487285077572,-0.0644349604845047,0.04320722445845604,0.04827607423067093,-0.08429288119077682,0.016896625980734825,-0.06739625334739685,-0.015213128179311752,-0.018169144168496132,0.0931565910577774,-0.006359200458973646,0.08679739385843277,-0.08251070976257324,-0.05968547612428665,0.41167378425598145,-0.02088991552591324,0.3907838761806488
1.02,0.0,0.075,0.0,-0.030162563462867505,0.07024440165774437,0.10017832706206953,0.012082071974873543,0.5181231079623103,0.012686175573617219,0.0,0.012686175573617219,0.8589937686920166,0.04640768840909004,0.857059121131897,-0.010892413556575775,0.015303287655115128,-0.2104874700307846,0.005356150679290295,-0.20513132214546204,-0.04054081439971924,-0.030754540115594864,-0.2700388431549072,-0.010764088481664658,-0.2808029353618622,0.0610080249607563,0.06634584814310074,-0.3307926058769226,0.02322104573249817,-0.30757156014442444,-0.019278137013316154,-0.03417062759399414,-0.37378913164138794,-0.011959719471633434,-0.38574886322021484,-0.04226582497358322,-0.03975521773099899,-0.38561034202575684,-0.013914326205849648,-0.39952465891838074,-0.009227016009390354,0.0062695881351828575,-0.3625671863555908,0.002194355707615614,-0.3603728413581848,-0.037976380437612534,-0.02670970931649208,0.09934528917074203,-0.009348398074507713,0.08999688923358917,-0.05158087611198425,-0.03791123628616333,0.19806495308876038,-0.013268932700157166,0.1847960203886032,0.0375334806740284,0.04505329579114914,0.1177990511059761,0.01576865278184414,0.1335677057504654,-0.00984855368733406,-0.015672966837882996,0.046093348413705826,-0.0054855383932590485,0.04060781002044678,-0.0913291722536087,-0.06917858123779297,0.16202345490455627,-0.02421250380575657,0.13781094551086426
1.04,0.0,0.075,0.0,-0.028254427280260362,0.08338275503234142,0.17115765022078505,0.12768803536891937,0.6915320530533791,0.13407243713736533,0.0,0.13407243713736533,0.8501384258270264,0.05494900047779083,0.8496593832969666,0.021241961047053337,0.017084889113903046,-0.19852861762046814,0.005979711189866066,-0.19254890084266663,-0.08572300523519516,-0.0472450777888298,-0.2548799216747284,-0.01653577759861946,-0.27141571044921875,0.08723634481430054,0.07261299341917038,-0.3171643018722534,0.025414546951651573,-0.2917497456073761,-0.08488079160451889,-0.049383677542209625,-0.36594444513320923,-0.01728428713977337,-0.38322871923446655,-0.056302107870578766,-0.044719286262989044,-0.3859974145889282,-0.015651749446988106,-0.4016491770744324,0.0338471345603466,0.014542852528393269,-0.3710651993751526,0.005089998245239258,-0.36597520112991333,-0.12114267796278,-0.055039599537849426,0.08853752911090851,-0.0192638598382473,0.06927366554737091,-0.060243479907512665,-0.04461091011762619,0.20883165299892426,-0.015613818541169167,0.19321782886981964,0.023484503850340843,0.038582656532526016,0.13948678970336914,0.01350392960011959,0.15299071371555328,-0.048645734786987305,-0.02556479722261429,0.05724256858229637,-0.008947678841650486,0.04829489067196846,-0.07522033900022507,-0.07099111378192902,0.15160223841667175,-0.024846889078617096,0.12675535678863525
1.06,0.0,0.075,0.0,-0.025663254764217176,0.09629957093096166,0.24011718494890186,0.13951753079891205,0.7092762961983681,0.14649340733885763,0.0,0.14649340733885763,0.8405541181564331,0.060358282178640366,0.8424785137176514,-0.06963754445314407,-0.00893184170126915,-0.18795974552631378,-0.003126144642010331,-0.19108588993549347,-0.041104137897491455,-0.04540279507637024,-0.24007165431976318,-0.015890978276729584,-0.25596264004707336,0.046774569898843765,0.06486146152019501,-0.30273786187171936,0.022701511159539223,-0.2800363600254059,-0.045775339007377625,-0.048301175236701965,-0.3564019799232483,-0.0169054102152586,-0.37330737709999084,-0.08035701513290405,-0.05541060492396355,-0.3843168318271637,-0.019393712282180786,-0.4037105441093445,-0.012333013117313385,0.00648009218275547,-0.3777709901332855,0.002268032170832157,-0.37550294399261475,-0.048423681408166885,-0.053054824471473694,0.07588900625705719,-0.018569188192486763,0.057319819927215576,-0.13801586627960205,-0.07263240218162537,0.2176453024148941,-0.02542134001851082,0.19222396612167358,0.01680491305887699,0.032049331814050674,0.16104169189929962,0.011217266321182251,0.17225895822048187,-0.049969710409641266,-0.03288627043366432,0.07021060585975647,-0.011510194279253483,0.05870041251182556,-0.12774977087974548,-0.08801871538162231,0.14315181970596313,-0.03080655075609684,0.11234527081251144
1.08,0.0,0.075,0.0,-0.02299071515571942,0.10667793641851496,0.28767511217706176,0.12099824845790863,0.681497372686863,0.12704816088080406,0.0,0.12704816088080406,0.8304261565208435,0.06574217975139618,0.836097002029419,0.008479805663228035,-0.0037083474453538656,-0.17897579073905945,-0.0012979216407984495,-0.18027371168136597,-0.08880029618740082,-0.05842204391956329,-0.22588713467121124,-0.020447714254260063,-0.24633485078811646,0.05702237784862518,0.06250973790884018,-0.28777942061424255,0.021878408268094063,-0.26590099930763245,-0.021779529750347137,-0.04034467786550522,-0.3453376889228821,-0.014120637439191341,-0.359458327293396,-0.11451493203639984,-0.0731419026851654,-0.38059961795806885,-0.025599665939807892,-0.40619927644729614,-0.03321445733308792,-0.005428273230791092,-0.3825608789920807,-0.0018998956074938178,-0.38446077704429626,-0.09488274157047272,-0.06560319662094116,0.06152861565351486,-0.022961119189858437,0.038567498326301575,-0.1090606078505516,-0.08356086909770966,0.22441606223583221,-0.02924630418419838,0.19516976177692413,0.011573798954486847,0.025906672701239586,0.18224407732486725,0.009067335166037083,0.19131141901016235,0.012640250846743584,-0.019228313118219376,0.08486530184745789,-0.006729909684509039,0.07813539355993271,-0.10398758202791214,-0.09280937910079956,0.13675831258296967,-0.032483283430337906,0.10427503287792206
1.1,0.0,0.075,0.0,-0.018981164066204512,0.115005175117857,0.3235060395881362,0.11996042728424072,0.6799406409263611,0.12595844864845276,0.0,0.12595844864845276,0.8199833035469055,0.07117860019207001,0.8272165060043335,-0.00677145691588521,-0.004627280402928591,-0.17174240946769714,-0.0016195480711758137,-0.17336195707321167,-0.05590132623910904,-0.05766582489013672,-0.21258799731731415,-0.020183037966489792,-0.23277103900909424,0.050747085362672806,0.05898094177246094,-0.2725648283958435,0.0206433292478323,-0.25192150473594666,0.004672283306717873,-0.026839589700102806,-0.3329557180404663,-0.009393855929374695,-0.3423495888710022,-0.14237727224826813,-0.0939125120639801,-0.3749143183231354,-0.032869379967451096,-0.4077836871147156,-0.005106697324663401,-0.005331800319254398,-0.38534650206565857,-0.0018661300418898463,-0.3872126340866089,-0.07291596382856369,-0.06779702752828598,0.045602697879076004,-0.023728959262371063,0.02187373861670494,-0.1424793154001236,-0.10123640298843384,0.22907495498657227,-0.03543274104595184,0.19364221394062042,0.03802963346242905,0.02954355999827385,0.20287790894508362,0.010340245440602303,0.21321815252304077,0.03246656060218811,-0.003719850443303585,0.10105733573436737,-0.0013019476318731904,0.09975539147853851,-0.1037319004535675,-0.09608613699674606,0.13248687982559204,-0.03363014757633209,0.09885673224925995
1.12,0.0,0.075,0.0,-0.013546862189026898,0.12531730463673413,0.3676348784491273,0.1428346484899521,0.7142519727349281,0.14997638091444968,0.0,0.14997638091444968,0.8094971776008606,0.07709395885467529,0.8169530034065247,-0.002251402474939823,-0.003914516884833574,-0.16639305651187897,-0.0013700808631256223,-0.1677631437778473,-0.08871684968471527,-0.06698112934827805,-0.20041953027248383,-0.023443395271897316,-0.2238629311323166,0.08193133771419525,0.06586606055498123,-0.25737470388412476,0.0230531208217144,-0.23432157933712006,-0.07849221676588058,-0.042335376143455505,-0.3194843530654907,-0.014817381277680397,-0.33430173993110657,-0.07522639632225037,-0.08830668032169342,-0.3673657774925232,-0.030907338485121727,-0.3982731103897095,0.008272046223282814,-0.0012506460770964622,-0.3860764801502228,-0.0004377261211629957,-0.38651421666145325,-0.11500231176614761,-0.08195861428976059,0.02827354706823826,-0.028685513883829117,-0.00041196681559085846,-0.13527321815490723,-0.11144745349884033,0.23157449066638947,-0.039006609469652176,0.1925678849220276,0.03974710404872894,0.03260462358593941,0.22273290157318115,0.011411618441343307,0.23414452373981476,-0.018176820129156113,-0.0080569414421916,0.11862168461084366,-0.0028199295047670603,0.11580175161361694,-0.10612570494413376,-0.09909801185131073,0.1303810328245163,-0.034684304147958755,0.09569673240184784
1.1400000000000001,0.0,0.075,0.0,-0.009933393875648545,0.12952418934634868,0.38000272185740863,0.1106022372841835,0.6659033559262753,0.11613234914839267,0.0,0.11613234914839267,0.7992790937423706,0.07123846560716629,0.8108687400817871,-0.00413775397464633,-0.003981487825512886,-0.163026362657547,-0.0013935207389295101,-0.16441988945007324,-0.04899359866976738,-0.061584871262311935,-0.18960615992546082,-0.021554704755544662,-0.21116086840629578,0.04422028362751007,0.05937232822179794,-0.24248920381069183,0.02078031376004219,-0.22170889377593994,-0.05528892204165459,-0.04622144252061844,-0.3051721155643463,-0.016177505254745483,-0.3213496208190918,-0.12566611170768738,-0.09951451420783997,-0.3580932319164276,-0.03483007848262787,-0.3929232954978943,0.010537337511777878,0.0022857491858303547,-0.3847373425960541,0.000800012203399092,-0.3839373290538788,-0.03475753217935562,-0.06779828667640686,0.009717750363051891,-0.02372940070927143,-0.01401165034621954,-0.056548431515693665,-0.09497775137424469,0.23188920319080353,-0.03324221074581146,0.19864699244499207,0.015254976227879524,0.027399729937314987,0.2416067272424698,0.0095899049192667,0.25119662284851074,0.021596109494566917,0.0008389740251004696,0.13737936317920685,0.00029364091460593045,0.1376730054616928,-0.06090284511446953,-0.0876394659280777,0.13046224415302277,-0.030673813074827194,0.09978842735290527
1.16,0.0,0.075,0.0,-0.005167256302928282,0.13361789871852287,0.3886937294951339,0.08165836334228516,0.6224875450134277,0.08574128150939941,0.0,0.08574128150939941,0.7896743416786194,0.06898553669452667,0.7945446372032166,-0.0520809069275856,-0.018411314114928246,-0.1617044359445572,-0.0064439596608281136,-0.16814839839935303,-0.05857306718826294,-0.06068132817745209,-0.18034732341766357,-0.02123846486210823,-0.2015857845544815,0.04811631515622139,0.05599552392959595,-0.22818289697170258,0.01959843374788761,-0.20858445763587952,0.03530775010585785,-0.021762683987617493,-0.2902829349040985,-0.00761693948879838,-0.29789987206459045,-0.002807989716529846,-0.07050255686044693,-0.3472677171230316,-0.024675894528627396,-0.3719436228275299,0.0014242753386497498,0.0020273069385439157,-0.38135382533073425,0.0007095574401319027,-0.3806442618370056,-0.12346585839986801,-0.0844985619187355,-0.00987559650093317,-0.029574496671557426,-0.03945009410381317,-0.12812282145023346,-0.10492126643657684,0.23001588881015778,-0.036722443997859955,0.19329345226287842,0.05373399332165718,0.035300008952617645,0.25930705666542053,0.012355002574622631,0.27166205644607544,-0.043107643723487854,-0.01234501227736473,0.15713922679424286,-0.004320754203945398,0.1528184711933136,-0.06829217821359634,-0.08183528482913971,0.1327296793460846,-0.02864234894514084,0.10408733040094376
1.18,0.0,0.075,0.0,-0.0029318381090187107,0.1330417638197374,0.3824002549039665,0.10772812366485596,0.6615921854972839,0.11311452984809875,0.0,0.11311452984809875,0.781053364276886,0.06143365427851677,0.795100212097168,-0.07492746412754059,-0.035366158932447433,-0.16245165467262268,-0.012378155253827572,-0.17482981085777283,-0.04742569103837013,-0.05670463666319847,-0.1728138029575348,-0.01984662190079689,-0.19266042113304138,0.021326353773474693,0.045594774186611176,-0.21471962332725525,0.01595817133784294,-0.198761448264122,-0.07001834362745285,-0.0362393818795681,-0.2750914394855499,-0.012683783657848835,-0.2877752184867859,-0.09450508654117584,-0.0777033120393753,-0.3350888788700104,-0.027196159586310387,-0.3622850477695465,-0.001198161393404007,0.001059666508808732,-0.37598830461502075,0.00037088326644152403,-0.3756174147129059,-0.0118525056168437,-0.06270474195480347,-0.030306827276945114,-0.021946659311652184,-0.05225348472595215,-0.01830619014799595,-0.07893674820661545,0.22597363591194153,-0.027627861127257347,0.19834578037261963,0.032730329781770706,0.034529104828834534,0.2756534814834595,0.012085186317563057,0.2877386808395386,0.05611041933298111,0.008191618137061596,0.17769992351531982,0.00286706630140543,0.18056699633598328,-0.05601908639073372,-0.07409042119979858,0.13716024160385132,-0.025931647047400475,0.1112285926938057
1.2,0.0,0.075,0.0,-0.001026443653779206,0.13119347915931176,0.366154352567486,0.06658836454153061,0.5998825468122959,0.06991778276860713,0.0,0.06991778276860713,0.7737987041473389,0.05815136432647705,0.7845965027809143,-0.05364420637488365,-0.04084957391023636,-0.16525423526763916,-0.01429735030978918,-0.17955158650875092,-0.03334294259548187,-0.04969612509012222,-0.1671445071697235,-0.01739364303648472,-0.18453815579414368,0.016494236886501312,0.036864615976810455,-0.20234769582748413,0.01290261559188366,-0.18944507837295532,-0.023571010679006577,-0.03243887051939964,-0.2598778307437897,-0.01135360449552536,-0.27123144268989563,-0.04084262251853943,-0.06664510816335678,-0.32178130745887756,-0.023325787857174873,-0.3451071083545685,0.039831385016441345,0.012691183015704155,-0.3687397241592407,0.004441914148628712,-0.3642978072166443,-0.05528515204787254,-0.06047886610031128,-0.05136774107813835,-0.021167602390050888,-0.07253534346818924,-0.08583257347345352,-0.08100549876689911,0.21980364620685577,-0.0283519234508276,0.19145172834396362,0.038194723427295685,0.0356287881731987,0.29047948122024536,0.012470075860619545,0.30294954776763916,-0.0045417360961437225,0.0043716118671,0.19885189831256866,0.0015300641534850001,0.20038196444511414,-0.06150881573557854,-0.07031594216823578,0.14370878040790558,-0.024610579013824463,0.11909820139408112
1.22,0.0,0.075,0.0,-0.00017458183951255075,0.12760524536154533,0.3466981455479294,0.1031884029507637,0.6547826044261456,0.10834782309830188,0.0,0.10834782309830188,0.7682889103889465,0.05933709442615509,0.7841398119926453,-0.08158861845731735,-0.0530712865293026,-0.17006050050258636,-0.018574949353933334,-0.18863545358181,-0.05738600715994835,-0.05200308933854103,-0.16344404220581055,-0.018201081082224846,-0.18164512515068054,0.0406331829726696,0.03799518570303917,-0.1912953108549118,0.01329831499606371,-0.17799699306488037,-0.012599118985235691,-0.026486944407224655,-0.2449226826429367,-0.00927043054252863,-0.25419312715530396,-0.035857707262039185,-0.0574088878929615,-0.307590514421463,-0.02009311132133007,-0.32768362760543823,-0.012932496145367622,0.005004079081118107,-0.35974183678627014,0.001751427655108273,-0.35799041390419006,-0.09344542771577835,-0.07036883383989334,-0.07284370809793472,-0.02462909184396267,-0.09747280180454254,-0.06904967129230499,-0.0774187445640564,0.21156875789165497,-0.02709656022489071,0.1844722032546997,0.08476222306489944,0.05036881938576698,0.3036339581012726,0.01762908697128296,0.32126304507255554,0.03804561495780945,0.014473813585937023,0.22037963569164276,0.005065834615379572,0.2254454642534256,-0.04840493202209473,-0.06374263763427734,0.15230855345726013,-0.0223099235445261,0.12999862432479858
1.24,0.0,0.075,0.0,0.0005210422083339305,0.124898318884283,0.3315086866943468,0.08224844932556152,0.6233726739883423,0.0863608717918396,0.0,0.0863608717918396,0.7648787498474121,0.05274595320224762,0.7829967141151428,-0.04355654492974281,-0.05021686106920242,-0.1767817884683609,-0.017575901001691818,-0.19435769319534302,-0.031646180897951126,-0.045896016061306,-0.16178062558174133,-0.01606360450387001,-0.17784422636032104,-0.0013100188225507736,0.02620362490415573,-0.1817663013935089,0.00917126890271902,-0.1725950390100479,-0.08318464457988739,-0.043496254831552505,-0.23050183057785034,-0.015223689377307892,-0.24572551250457764,-0.0710858702659607,-0.06151198595762253,-0.2927781641483307,-0.021529193967580795,-0.3143073618412018,0.03453298285603523,0.013862750492990017,-0.3491605222225189,0.004851962439715862,-0.3443085551261902,0.024278927594423294,-0.0419745035469532,-0.09451588988304138,-0.01469107624143362,-0.10920696705579758,-0.018444746732711792,-0.059726543724536896,0.20135293900966644,-0.020904289558529854,0.18044865131378174,0.037087712436914444,0.04638448730111122,0.3149828016757965,0.016234571114182472,0.33121737837791443,0.030620960518717766,0.019317958503961563,0.2420637309551239,0.006761285476386547,0.24882501363754272,-0.05333581939339638,-0.060620591044425964,0.16287192702293396,-0.021217206493020058,0.14165471494197845
1.26,0.0,0.075,0.0,0.0009700793356091607,0.12182603844739269,0.30823418363725025,0.03430543839931488,0.5514581575989723,0.03602071031928062,0.0,0.03602071031928062,0.7638781666755676,0.052010614424943924,0.7797362804412842,-0.053957123309373856,-0.05133894085884094,-0.18529413640499115,-0.01796862855553627,-0.20326276123523712,-0.04330836236476898,-0.045119717717170715,-0.1621849536895752,-0.01579190045595169,-0.1779768466949463,0.011939172632992268,0.02192428894340992,-0.17393642663955688,0.0076735010370612144,-0.1662629246711731,0.0037520865444093943,-0.02932175248861313,-0.21688124537467957,-0.01026261318475008,-0.22714385390281677,-0.01671178825199604,-0.04807192459702492,-0.277617484331131,-0.016825173050165176,-0.29444265365600586,0.03249417617917061,0.019452176988124847,-0.33719098567962646,0.006808261852711439,-0.33038273453712463,-0.08841460943222046,-0.05590653419494629,-0.11616343259811401,-0.01956728659570217,-0.13573071360588074,-0.07519860565662384,-0.06436815857887268,0.18926025927066803,-0.02252885513007641,0.16673140227794647,0.06792987138032913,0.052848104387521744,0.32441043853759766,0.018496835604310036,0.34290727972984314,-0.0028718672692775726,0.012661010958254337,0.2636832296848297,0.004431353881955147,0.2681145966053009,-0.04590918868780136,-0.056207168847322464,0.1752912700176239,-0.019672509282827377,0.15561875700950623
1.28,0.0,0.075,0.0,0.001628275690946099,0.11855488943159281,0.28547909264481347,0.079119011759758,0.618678517639637,0.08307496234774589,0.0,0.08307496234774589,0.7655310034751892,0.054914891719818115,0.7875995635986328,-0.06812095642089844,-0.05637354403734207,-0.19544054567813873,-0.019730739295482635,-0.21517127752304077,-0.05947859212756157,-0.04942737892270088,-0.16464956104755402,-0.017299583181738853,-0.18194913864135742,0.02306622825562954,0.022266870364546776,-0.1679501086473465,0.0077934046275913715,-0.16015669703483582,-0.07290126383304596,-0.04239560663700104,-0.20431214570999146,-0.014838461764156818,-0.2191506028175354,-0.05626963824033737,-0.050531238317489624,-0.26238808035850525,-0.01768593303859234,-0.28007400035858154,0.033860329538583755,0.02377462387084961,-0.3240540027618408,0.008321118541061878,-0.3157328963279724,-0.045410022139549255,-0.05275757983326912,-0.1375657320022583,-0.018465152010321617,-0.15603087842464447,-0.04142667353153229,-0.05748571455478668,0.17541395127773285,-0.02012000046670437,0.15529395639896393,0.07911152392625809,0.06072712689638138,0.3318207561969757,0.021254494786262512,0.3530752658843994,0.06499642878770828,0.028361637145280838,0.28501781821250916,0.009926572442054749,0.2949444055557251,-0.051560863852500916,-0.05481327697634697,0.18943999707698822,-0.019184647127985954,0.17025534808635712
1.3,0.0,0.075,0.0,0.0013932144327169847,0.11536219761788119,0.2633726247261003,0.06261119246482849,0.5939167886972427,0.06574175208806991,0.0,0.06574175208806991,0.7699969410896301,0.05420369654893875,0.7926065325737,-0.025572992861270905,-0.04713337868452072,-0.2070339024066925,-0.016496682539582253,-0.2235305905342102,-0.05741273611783981,-0.05182299017906189,-0.16912899911403656,-0.018138045445084572,-0.18726705014705658,-0.010888949036598206,0.012320124544203281,-0.16391772031784058,0.00431204354390502,-0.15960568189620972,-0.07756008952856064,-0.05294495075941086,-0.1930263489484787,-0.01853073202073574,-0.211557075381279,-0.06231255084276199,-0.054065629839897156,-0.2473708540201187,-0.018922969698905945,-0.26629382371902466,0.06646247208118439,0.03658097982406616,-0.3099918067455292,0.012803343124687672,-0.2971884608268738,-0.004618463106453419,-0.03831584379076958,-0.1585046797990799,-0.013410544954240322,-0.1719152182340622,-0.024157555773854256,-0.04748726636171341,0.15995512902736664,-0.016620542854070663,0.14333458244800568,0.06345424056053162,0.06154526025056839,0.33713826537132263,0.021540841087698936,0.3586791157722473,0.04313391447067261,0.0327933207154274,0.305850088596344,0.01147766225039959,0.31732773780822754,-0.06283921003341675,-0.05722105875611305,0.20517393946647644,-0.020027371123433113,0.18514657020568848
1.32,0.0,0.075,0.0,0.0015338131069908482,0.11181748367110457,0.23965554248095808,0.030349815264344215,0.5455247228965163,0.03186730602756142,0.0,0.03186730602756142,0.7773383259773254,0.055686742067337036,0.8024839162826538,-0.055116940289735794,-0.04952844977378845,-0.21986034512519836,-0.0173349566757679,-0.23719529807567596,-0.055464327335357666,-0.05291539058089256,-0.17554065585136414,-0.018520386889576912,-0.1940610408782959,0.008601313456892967,0.01120448112487793,-0.16191366314888,0.003921568393707275,-0.15799209475517273,-0.05260539427399635,-0.05284308269619942,-0.18323199450969696,-0.01849507912993431,-0.20172707736492157,-0.03847162798047066,-0.049387428909540176,-0.23284277319908142,-0.017285600304603577,-0.2501283884048462,0.03504791483283043,0.03612106293439865,-0.29526379704475403,0.012642371468245983,-0.2826214134693146,-0.06199200078845024,-0.045418690890073776,-0.17876692116260529,-0.015896541997790337,-0.19466346502304077,-0.0465083122253418,-0.047193579375743866,0.14304132759571075,-0.016517752781510353,0.12652356922626495,0.07997974008321762,0.06707560271024704,0.3403087258338928,0.023476460948586464,0.36378517746925354,0.04569385200738907,0.0366634801030159,0.3259677290916443,0.01283221784979105,0.33879995346069336,-0.0569826103746891,-0.05714952573180199,0.22233277559280396,-0.02000233344733715,0.20233044028282166
1.34,0.0,0.075,0.0,0.0010517843889588535,0.10803402900519017,0.21510894566158326,0.0472424253821373,0.570863638073206,0.04960454665124416,0.0,0.04960454665124416,0.7875141501426697,0.0568680539727211,0.8129839301109314,-0.01962919905781746,-0.040558673441410065,-0.23368333280086517,-0.014195535331964493,-0.24787886440753937,-0.05572093650698662,-0.05375705659389496,-0.18376626074314117,-0.018814969807863235,-0.2025812268257141,-0.016479652374982834,0.0028992407023906708,-0.16197489202022552,0.0010147342691197991,-0.1609601527452469,-0.10595276951789856,-0.06877598911523819,-0.17510974407196045,-0.024071596562862396,-0.19918134808540344,-0.07289557158946991,-0.056439872831106186,-0.21907177567481995,-0.01975395530462265,-0.2388257384300232,0.07614338397979736,0.048127759248018265,-0.2801416218280792,0.016844715923070908,-0.263296902179718,0.012027852237224579,-0.02818472869694233,-0.19814597070217133,-0.009864655323326588,-0.20801062881946564,-0.009407025761902332,-0.03585761412978172,0.12484489381313324,-0.012550164945423603,0.11229472607374191,0.06733276695013046,0.06715275347232819,0.3412998914718628,0.023503463715314865,0.36480334401130676,0.048297472298145294,0.04015367850661278,0.3451657295227051,0.014053787104785442,0.3592195212841034,-0.061664920300245285,-0.0585041418671608,0.24074162542819977,-0.02047644928097725,0.22026517987251282
1.36,0.0,0.075,0.0,0.00047068268195428204,0.10371553527143862,0.18963899283598,0.014294357970356941,0.5214415369555354,0.015009075868874787,0.0,0.015009075868874787,0.8003823161125183,0.058161940425634384,0.8281018137931824,-0.05220884084701538,-0.04405372589826584,-0.2482479065656662,-0.015418804250657558,-0.26366671919822693,-0.047440484166145325,-0.05186208337545395,-0.1936541050672531,-0.018151728436350822,-0.21180583536624908,-0.00037902966141700745,0.001915759639814496,-0.1641002893447876,0.0006705158739350736,-0.16342976689338684,-0.08467645198106766,-0.07354612648487091,-0.16880939900875092,-0.02574114315211773,-0.1945505440235138,-0.05037799850106239,-0.05462130904197693,-0.20631186664104462,-0.019117457792162895,-0.22542932629585266,0.05042168125510216,0.04881593585014343,-0.2649041712284088,0.017085576429963112,-0.24781858921051025,-0.03696305677294731,-0.03081822767853737,-0.21644432842731476,-0.010786379687488079,-0.2272307127714157,-0.020390085875988007,-0.031217355281114578,0.10555126518011093,-0.010926074348390102,0.09462518990039825,0.07837282866239548,0.07051877677440643,0.3401016294956207,0.02468157187104225,0.3647831976413727,0.05300236493349075,0.0440082848072052,0.3632484972476959,0.015402899123728275,0.3786514103412628,-0.05703279748558998,-0.05806273967027664,0.26021289825439453,-0.020321957767009735,0.2398909330368042
1.3800000000000001,0.0,0.075,0.0,0.0001891765501773829,0.09980424124250589,0.16531884521216683,0.005265481770038605,0.5078982226550579,0.0055287558585405345,0.0,0.0055287558585405345,0.8157080411911011,0.05772922933101654,0.8429794907569885,-0.009536202996969223,-0.033698469400405884,-0.26328545808792114,-0.011794463731348515,-0.2750799357891083,-0.04673048108816147,-0.050322599709033966,-0.20502182841300964,-0.017612909898161888,-0.22263473272323608,-0.02660410851240158,-0.006640201434493065,-0.16825063526630402,-0.0023240705486387014,-0.17057470977306366,-0.07168463617563248,-0.07298767566680908,-0.16444715857505798,-0.02554568648338318,-0.18999284505844116,-0.07072524726390839,-0.05945248901844025,-0.19479838013648987,-0.020808370783925056,-0.21560674905776978,0.07495884597301483,0.05665880814194679,-0.24983248114585876,0.019830582663416862,-0.23000189661979675,-0.009441143833100796,-0.0244051031768322,-0.23347553610801697,-0.00854178611189127,-0.24201732873916626,-0.007106184959411621,-0.02398400381207466,0.08535704761743546,-0.008394401520490646,0.07696264982223511,0.078487329185009,0.07290934026241302,0.3367261588573456,0.0255182683467865,0.3622444272041321,0.047072410583496094,0.04492752254009247,0.3800317347049713,0.015724632889032364,0.3957563638687134,-0.044528353959321976,-0.05400242283940315,0.28054818511009216,-0.01890084706246853,0.2616473436355591
1.4000000000000001,0.0,0.075,0.0,4.3903174394103904e-05,0.09664358197720312,0.14460988866149999,0.01754891499876976,0.5263233724981546,0.018426360748708247,0.0,0.018426360748708247,0.8331790566444397,0.059653572738170624,0.859660267829895,-0.016965659335255623,-0.02867862582206726,-0.27851858735084534,-0.010037519037723541,-0.2885560989379883,-0.035864390432834625,-0.045985136181116104,-0.21765977144241333,-0.01609479822218418,-0.23375457525253296,-0.019608192145824432,-0.01053059846162796,-0.17434939742088318,-0.0036857093218714,-0.17803511023521423,-0.12382999062538147,-0.0882403701543808,-0.16210348904132843,-0.03088412992656231,-0.1929876208305359,-0.07695556432008743,-0.06470341235399246,-0.18474365770816803,-0.022646194323897362,-0.20738984644412994,0.0679468959569931,0.060045234858989716,-0.2352045178413391,0.0210158322006464,-0.21418868005275726,0.036799848079681396,-0.0060436176136136055,-0.24906602501869202,-0.002115266164764762,-0.25118130445480347,0.0165609922260046,-0.011820505373179913,0.06446804106235504,-0.004137177020311356,0.060330864042043686,0.07550157606601715,0.07368700951337814,0.33120784163475037,0.02579045295715332,0.3569982945919037,0.04508442431688309,0.04497459530830383,0.3953443765640259,0.01574110798537731,0.41108548641204834,-0.05019884929060936,-0.052861347794532776,0.30154022574424744,-0.01850147172808647,0.28303876519203186
1.42,0.0,0.075,0.0,-0.0002614889882645516,0.0932404939340242,0.12137120594386923,-0.02161499299108982,0.46757751051336527,0.0,0.0,0.0,0.8524237275123596,0.06077343225479126,0.8788918256759644,-0.013845733366906643,-0.024228759109973907,-0.29366642236709595,-0.008480065502226353,-0.3021464943885803,-0.04395873844623566,-0.045377217233181,-0.23133482038974762,-0.01588202640414238,-0.2472168505191803,-0.025282617658376694,-0.01495620422065258,-0.18228407204151154,-0.005234671290963888,-0.18751874566078186,-0.09061247110366821,-0.08895200490951538,-0.16182158887386322,-0.031133200973272324,-0.19295479357242584,-0.07753174006938934,-0.0685519129037857,-0.17633315920829773,-0.023993169888854027,-0.2003263235092163,0.08292394876480103,0.06690885126590729,-0.22129011154174805,0.02341809682548046,-0.19787201285362244,-0.0178464837372303,-0.009584477171301842,-0.2630569338798523,-0.0033545668702572584,-0.26641151309013367,0.005758326500654221,-0.00654685590416193,0.04309710115194321,-0.002291399519890547,0.04080570116639137,0.0828428566455841,0.07643376290798187,0.32360297441482544,0.026751816272735596,0.35035479068756104,0.035106830298900604,0.042014263570308685,0.4090304374694824,0.014704992063343525,0.42373543977737427,-0.0416422039270401,-0.04949560388922691,0.32297515869140625,-0.017323460429906845,0.3056516945362091
1.44,0.0,0.075,0.0,-0.0005400290958921378,0.08989547155507112,0.09915430826457855,-0.039644911885261536,0.4405326321721077,0.0,0.0,0.0,0.8730297088623047,0.059709690511226654,0.8989214301109314,-0.014462923631072044,-0.021299008280038834,-0.30844953656196594,-0.007454652804881334,-0.3159042000770569,-0.028034739196300507,-0.04017447680234909,-0.24579478800296783,-0.014061066322028637,-0.25985586643218994,-0.038452159613370895,-0.02200499176979065,-0.1919083446264267,-0.007701747119426727,-0.19961008429527283,-0.058383841067552567,-0.07978155463933945,-0.1636066734790802,-0.027923543006181717,-0.19153021275997162,-0.09165801107883453,-0.07548374682664871,-0.16972199082374573,-0.02641931176185608,-0.1961413025856018,0.07080850005149841,0.06807874143123627,-0.20834586024284363,0.023827558383345604,-0.18451830744743347,0.0005545448511838913,-0.006542770192027092,-0.27530568838119507,-0.0022899694740772247,-0.2775956690311432,0.015092289075255394,-5.511194467544556e-05,0.02146201767027378,-1.9289180272608064e-05,0.021442728117108345,0.07816366106271744,0.0769527330994606,0.3139890432357788,0.02693345583975315,0.3409225046634674,0.04354299604892731,0.04247288405895233,0.42095041275024414,0.014865509234368801,0.4358159303665161,-0.0367569699883461,-0.04567401111125946,0.3446345031261444,-0.01598590426146984,0.3286485970020294
1.46,0.0,0.075,0.0,-0.0008050927442688775,0.08652428585566005,0.07888523759794239,-0.022268380969762802,0.4665974285453558,0.0,0.0,0.0,0.8945624828338623,0.06207903474569321,0.9174474477767944,0.009158624336123466,-0.012161718681454659,-0.3225952684879303,-0.004256601445376873,-0.32685187458992004,-0.019562292844057083,-0.03399082273244858,-0.2607729732990265,-0.011896788142621517,-0.2726697623729706,-0.02925197407603264,-0.024179086089134216,-0.20304468274116516,-0.008462679572403431,-0.21150736510753632,-0.12080332636833191,-0.09208808839321136,-0.16742582619190216,-0.03223083168268204,-0.1996566653251648,-0.09296499192714691,-0.08072812110185623,-0.16503210365772247,-0.02825484238564968,-0.1932869404554367,0.0665990561246872,0.06763483583927155,-0.19661051034927368,0.02367219142615795,-0.17293831706047058,0.0717926174402237,0.016957847401499748,-0.28568747639656067,0.005935246590524912,-0.2797522246837616,0.03350793570280075,0.010013802908360958,-0.0002167413040297106,0.003504830878227949,0.003288089530542493,0.07681111991405487,0.07691024988889694,0.30246397852897644,0.02691858634352684,0.3293825685977936,0.041672319173812866,0.04223271459341049,0.4309828579425812,0.014781449921429157,0.44576430320739746,-0.03923487290740013,-0.04374226927757263,0.36629754304885864,-0.015309793874621391,0.3509877622127533
1.48,0.0,0.075,0.0,-0.0012373632065346208,0.08258331417235659,0.059265936958907695,-0.04959478974342346,0.4256078153848648,0.0,0.0,0.0,0.9165816903114319,0.06100081279873848,0.9360084533691406,-0.01376134343445301,-0.01264160592108965,-0.33584269881248474,-0.004424562212079763,-0.34026727080345154,-0.009510444477200508,-0.026646709069609642,-0.27599310874938965,-0.009326348081231117,-0.285319447517395,-0.055437278002500534,-0.03355654329061508,-0.21548770368099213,-0.011744789779186249,-0.22723248600959778,-0.07575986534357071,-0.08718962222337723,-0.17320860922336578,-0.030516367405653,-0.20372498035430908,-0.09055647253990173,-0.08367662876844406,-0.16234998404979706,-0.02928682044148445,-0.1916368007659912,0.05415525659918785,0.06359095871448517,-0.18630051612854004,0.02225683443248272,-0.16404367983341217,0.06035308167338371,0.02997642010450363,-0.2940964996814728,0.010491746477782726,-0.2836047410964966,0.02623615972697735,0.014880510047078133,-0.021718256175518036,0.005208178423345089,-0.016510076820850372,0.07615547627210617,0.07668381929397583,0.28914523124694824,0.02683933638036251,0.3159845769405365,0.005265293642878532,0.03114248812198639,0.43902552127838135,0.010899870656430721,0.44992539286613464,-0.03787623718380928,-0.04198245704174042,0.3877435624599457,-0.014693859964609146,0.37304970622062683
1.5,0.0,0.075,0.0,-0.001903476299262043,0.07898812734368825,0.03868074080865701,-0.07440969347953796,0.38838545978069305,0.0,0.0,0.0,0.938654363155365,0.06073807552456856,0.9565796256065369,-0.0012928135693073273,-0.009236968122422695,-0.3479475677013397,-0.003232938703149557,-0.3511804938316345,-0.015754710882902145,-0.023379109799861908,-0.2911744713783264,-0.008182688616216183,-0.299357146024704,-0.05098407343029976,-0.038784801959991455,-0.22900789976119995,-0.01357468031346798,-0.24258257448673248,-0.06806321442127228,-0.08145169913768768,-0.18084834516048431,-0.02850809507071972,-0.20935644209384918,-0.09519730508327484,-0.08713283389806747,-0.16172510385513306,-0.030496491119265556,-0.19222159683704376,0.08078835904598236,0.06875018030405045,-0.1776060163974762,0.024062562733888626,-0.15354345738887787,0.01950160041451454,0.026833973824977875,-0.300447016954422,0.009391890838742256,-0.2910551130771637,0.023275436833500862,0.01739898882806301,-0.042823418974876404,0.006089645903557539,-0.03673377260565758,0.08162066340446472,0.07816487550735474,0.27416855096817017,0.027357706800103188,0.3015262484550476,0.00394253246486187,0.02298250049352646,0.4449964165687561,0.008043874986469746,0.45304030179977417,-0.02520408108830452,-0.03694894537329674,0.4087539613246918,-0.012932131066918373,0.39582183957099915
1.52,0.0,0.075,0.0,-0.0027591365041033425,0.07537346515447996,0.018783067566666922,-0.08272063732147217,0.37591904401779175,0.0,0.0,0.0,0.9603659510612488,0.06254185736179352,0.97696852684021,0.012516975402832031,-0.002710784552618861,-0.35868653655052185,-0.000948774570133537,-0.3596353232860565,-0.012727120891213417,-0.020183512941002846,-0.3060370981693268,-0.007064229343086481,-0.31310132145881653,-0.03229757025837898,-0.036838632076978683,-0.24335592985153198,-0.01289352122694254,-0.25624945759773254,-0.10331839323043823,-0.0880117118358612,-0.19020414352416992,-0.030804099515080452,-0.22100824117660522,-0.0947970598936081,-0.08943210542201996,-0.1631689816713333,-0.031301237642765045,-0.19447022676467896,0.08079205453395844,0.0723627433180809,-0.17068739235401154,0.025326959788799286,-0.14536044001579285,0.04610971361398697,0.03261669725179672,-0.3046743869781494,0.011415843851864338,-0.29325854778289795,0.030876504257321358,0.021442243829369545,-0.06331715732812881,0.007504785433411598,-0.055812373757362366,0.08265788108110428,0.07951277494430542,0.2576865553855896,0.027829470112919807,0.28551602363586426,0.013939255848526955,0.020269528031349182,0.44883474707603455,0.007094334810972214,0.45592907071113586,-0.014966960065066814,-0.030354350805282593,0.4291146695613861,-0.010624022223055363,0.4184906482696533
1.54,0.0,0.075,0.0,-0.009225900176124041,0.05687488031452281,-0.08118142224151725,-0.09107067435979843,0.36339398846030235,0.0,0.0,0.0,0.9813278913497925,0.06130245327949524,0.995110034942627,-0.008269166573882103,-0.004378299228847027,-0.3678615987300873,-0.0015324046835303307,-0.3693940043449402,0.008346064016222954,-0.011624639853835106,-0.32030683755874634,-0.004068623762577772,-0.3243754506111145,-0.046079982072114944,-0.03961103782057762,-0.2582671344280243,-0.013863863423466682,-0.2721309959888458,-0.0696537047624588,-0.08250430971384048,-0.20110344886779785,-0.02887650765478611,-0.2299799621105194,-0.09401547908782959,-0.09080711752176285,-0.16665500402450562,-0.03178248926997185,-0.19843749701976776,0.04528558626770973,0.06423959881067276,-0.16567222774028778,0.022483859211206436,-0.14318837225437164,0.07534211874008179,0.04543432593345642,-0.30673548579216003,0.015902014449238777,-0.2908334732055664,0.021665280684828758,0.02150915563106537,-0.0829906240105629,0.007528204470872879,-0.07546241581439972,0.08000079542398453,0.07965917885303497,0.2398672103881836,0.02788071148097515,0.2677479088306427,-0.004961429163813591,0.012700241059064865,0.45050138235092163,0.004445084370672703,0.45494645833969116,-0.0198935829102993,-0.027216119691729546,0.44861820340156555,-0.009525641798973083,0.43909257650375366
1.56,0.0,0.075,0.0,-0.01775680933202899,0.03952411476385268,-0.15426805683191613,-0.09488222002983093,0.3576766699552536,0.0,0.0,0.0,1.0011837482452393,0.06273512542247772,1.011763095855713,0.03402808681130409,0.007143616676330566,-0.3753035068511963,0.0025002658367156982,-0.3728032410144806,0.006694536656141281,-0.006128886714577675,-0.33372050523757935,-0.002145110396668315,-0.3358656167984009,-0.028674568980932236,-0.036330096423625946,-0.2734665274620056,-0.012715533375740051,-0.2861820459365845,-0.09692350029945374,-0.08683006465435028,-0.2133452445268631,-0.03039052151143551,-0.24373576045036316,-0.08807852864265442,-0.08998853713274002,-0.17211885750293732,-0.03149598836898804,-0.20361484587192535,0.05056920647621155,0.06013847887516022,-0.16265302896499634,0.021048467606306076,-0.14160455763339996,0.08655091375112534,0.057769306004047394,-0.3066093325614929,0.020219257101416588,-0.2863900661468506,0.047364406287670135,0.02926573157310486,-0.10164334625005722,0.0102430060505867,-0.09140034019947052,0.08447025716304779,0.08110250532627106,0.22089208662509918,0.02838587574660778,0.2492779642343521,0.008397204801440239,0.011409330181777477,0.44997933506965637,0.003993265330791473,0.45397260785102844,-0.015662483870983124,-0.023750029504299164,0.4670657813549042,-0.008312510326504707,0.4587532579898834
1.58,0.0,0.075,0.0,-0.02574878668285954,0.02702481648605766,-0.21145053493016816,-0.13123011589050293,0.3031548261642456,0.0,0.0,0.0,1.0196125507354736,0.061527617275714874,1.0277827978134155,0.041206102818250656,0.017362363636493683,-0.38087502121925354,0.0060768271796405315,-0.3747982084751129,0.0011473048944026232,-0.003946029115468264,-0.34603071212768555,-0.001381110167130828,-0.3474118113517761,-0.04219607636332512,-0.03808989003300667,-0.2886737585067749,-0.013331461697816849,-0.30200523138046265,-0.054039184004068375,-0.07699279487133026,-0.2267037332057953,-0.02694747783243656,-0.2536512017250061,-0.08122715353965759,-0.08736012130975723,-0.17945978045463562,-0.03057604283094406,-0.21003583073616028,0.046674180775880814,0.056099191308021545,-0.16168548166751862,0.01963471621274948,-0.14205077290534973,0.07236209511756897,0.062147144228219986,-0.30429720878601074,0.02175150066614151,-0.28254571557044983,0.050253599882125854,0.03556209057569504,-0.11908523738384247,0.012446731328964233,-0.10663850605487823,0.08216527849435806,0.08142133802175522,0.20095454156398773,0.028497468680143356,0.2294520139694214,0.019022172316908836,0.013693182729184628,0.44727393984794617,0.004792613908648491,0.4520665407180786,-0.017970863729715347,-0.02201627939939499,0.4842694401741028,-0.007705697789788246,0.4765637516975403
1.6,0.0,0.075,0.0,-0.033633698886939505,0.016653719662260893,-0.25801437795238485,-0.14064015448093414,0.2890397682785988,0.0,0.0,0.0,1.036331295967102,0.061301350593566895,1.0419431924819946,0.03892793506383896,0.023832034319639206,-0.38447335362434387,0.008341211825609207,-0.37613213062286377,0.002922792686149478,-0.0018853824585676193,-0.3570104241371155,-0.0006598838372156024,-0.35767030715942383,-0.038339871913194656,-0.038164883852005005,-0.30360835790634155,-0.013357709161937237,-0.31696605682373047,-0.060602445155382156,-0.07207568734884262,-0.24093253910541534,-0.025226490572094917,-0.2661590278148651,-0.08192387223243713,-0.08572924882173538,-0.18854238092899323,-0.030005237087607384,-0.21854761242866516,0.05062852427363396,0.05445799231529236,-0.16278743743896484,0.019060296937823296,-0.1437271386384964,0.07606547325849533,0.06632263958454132,-0.2998226583003998,0.023212922737002373,-0.27660974860191345,0.04397082328796387,0.03808470815420151,-0.13513855636119843,0.013329647481441498,-0.12180890887975693,0.08432430028915405,0.08229222893714905,0.18025776743888855,0.028802279382944107,0.20906004309654236,-0.0009933244436979294,0.009287230670452118,0.44241270422935486,0.0032505306880921125,0.4456632435321808,-0.01781529188156128,-0.020755983889102936,0.500053882598877,-0.007264594081789255,0.49278929829597473
1.62,0.0,0.075,0.0,-0.04038326087895917,0.010245077021913272,-0.2839458689653525,-0.1482607126235962,0.2776089310646057,0.0,0.0,0.0,1.0510956048965454,0.06085925176739693,1.0545921325683594,0.05081707984209061,0.031927548348903656,-0.3860321640968323,0.01117464154958725,-0.37485751509666443,0.007086209952831268,0.0008060953114181757,-0.36645710468292236,0.0002821333473548293,-0.36617496609687805,-0.026224058121442795,-0.03458263725042343,-0.3179948627948761,-0.012103922665119171,-0.3300987780094147,-0.066740021109581,-0.07047498971223831,-0.2557692527770996,-0.02466624602675438,-0.2804355025291443,-0.08192706108093262,-0.08458859473466873,-0.1991991251707077,-0.029606007039546967,-0.22880512475967407,0.05238144472241402,0.053835026919841766,-0.16593855619430542,0.018842259421944618,-0.14709629118442535,0.06978274136781693,0.06736066937446594,-0.2932312786579132,0.02357623353600502,-0.2696550488471985,0.04902144521474838,0.04136572778224945,-0.14963971078395844,0.014478004537522793,-0.13516171276569366,0.07522914558649063,0.0801732987165451,0.15901267528533936,0.028060654178261757,0.18707333505153656,-0.0005924776196479797,0.006323317997157574,0.43544524908065796,0.0022131612058728933,0.4376583993434906,-0.007647898979485035,-0.016823558136820793,0.5142582058906555,-0.005888245068490505,0.5083699822425842
1.6400000000000001,0.0,0.075,0.0,-0.0463180276232965,0.005855882870757164,-0.2976819167796864,-0.15570500493049622,0.2664424926042557,0.0,0.0,0.0,1.0637000799179077,0.05931169167160988,1.0646990537643433,0.05202265828847885,0.037956081330776215,-0.38552266359329224,0.01328462827950716,-0.37223803997039795,0.025776276364922523,0.008297150023281574,-0.37419652938842773,0.0029040025547146797,-0.3712925314903259,-0.023660775274038315,-0.03130607679486275,-0.3315679728984833,-0.010957126505672932,-0.34252509474754333,-0.03647875785827637,-0.06027612090110779,-0.2709401845932007,-0.021096641197800636,-0.29203683137893677,-0.09269747138023376,-0.08702125400304794,-0.2112334817647934,-0.03045743890106678,-0.24169091880321503,0.026584140956401825,0.045659761875867844,-0.17108072340488434,0.0159809160977602,-0.1550998091697693,0.08288969844579697,0.07201937586069107,-0.2845902740955353,0.025206781923770905,-0.25938349962234497,0.05072901397943497,0.044174715876579285,-0.1624409407377243,0.01546115055680275,-0.14697979390621185,0.06456249207258224,0.0754900574684143,0.13743574917316437,0.026421518996357918,0.16385726630687714,-0.00761786662042141,0.0021409622859209776,0.42644253373146057,0.00074933678843081,0.4271918833255768,0.006674685515463352,-0.009774084202945232,0.5267376899719238,-0.0034209294244647026,0.5233167409896851
1.6600000000000001,0.0,0.075,0.0,-0.051322283400974646,0.004031739204674129,-0.29607006917680323,-0.1687861979007721,0.24682070314884186,0.0,0.0,0.0,1.0739778280258179,0.05623583868145943,1.074360728263855,0.05186241492629051,0.042127981781959534,-0.38295429944992065,0.014744793064892292,-0.36820951104164124,0.01523597538471222,0.010378798469901085,-0.3800859749317169,0.0036325794644653797,-0.3764533996582031,-0.034240517765283585,-0.03218640759587288,-0.34407728910446167,-0.011265242472290993,-0.3553425371646881,-0.005393608473241329,-0.0438113659620285,-0.2861655652523041,-0.015333977527916431,-0.30149954557418823,-0.08933253586292267,-0.08771464228630066,-0.22442349791526794,-0.03070012480020523,-0.2551236152648926,0.02494141086935997,0.03944425657391548,-0.17811910808086395,0.013805489987134933,-0.16431361436843872,0.05875314399600029,0.06803950667381287,-0.27398765087127686,0.023813826963305473,-0.2501738369464874,0.04127202183008194,0.04330390691757202,-0.1734117716550827,0.015156366862356663,-0.15825539827346802,0.0642162635922432,0.07210791856050491,0.1157468780875206,0.02523777075111866,0.1409846544265747,0.0009466167539358139,0.0017826586263254285,0.4154963195323944,0.0006239305366761982,0.4161202609539032,0.007475937716662884,-0.0045990776270627975,0.5373651385307312,-0.001609677099622786,0.535755455493927
1.68,0.0,0.075,0.0,-0.0525061822485448,0.0017669438622874558,-0.3016993799675503,-0.15279360115528107,0.2708095982670784,0.0,0.0,0.0,1.0817984342575073,0.0526120699942112,1.0854191780090332,0.04924409091472626,0.04426281526684761,-0.3783744275569916,0.015491984784603119,-0.36288243532180786,-0.020441560074687004,0.0011326908133924007,-0.38401681184768677,0.00039644178468734026,-0.38362038135528564,-0.009038165211677551,-0.02524193376302719,-0.3552921414375305,-0.008834676817059517,-0.3641268312931061,-0.07086207717657089,-0.05192657932639122,-0.30116456747055054,-0.018174301832914352,-0.319338858127594,-0.05704733356833458,-0.0785144492983818,-0.2385258674621582,-0.027480056509375572,-0.2660059332847595,0.06556917726993561,0.04728173464536667,-0.18692389130592346,0.016548607498407364,-0.1703752875328064,0.00014412961900234222,0.047670893371105194,-0.2615315020084381,0.01668481156229973,-0.24484668672084808,0.0356137678027153,0.040996864438056946,-0.18244042992591858,0.014348902739584446,-0.1680915206670761,0.06313378363847733,0.06941567361354828,0.0941670835018158,0.024295484647154808,0.11846257001161575,0.033219434320926666,0.011213691905140877,0.40271812677383423,0.003924792166799307,0.4066429138183594,0.0036302488297224045,-0.0021302795503288507,0.5460323095321655,-0.0007455978193320334,0.5452867150306702
1.7,0.0,0.075,0.0,-0.05480083339992811,0.00042386148709114177,-0.3003663738637341,-0.17508670687675476,0.23736993968486786,0.0,0.0,0.0,1.087066888809204,0.054539456963539124,1.08974027633667,0.04617469385266304,0.0448363795876503,-0.37186747789382935,0.015692733228206635,-0.3561747372150421,0.00811430998146534,0.003227176610380411,-0.385916531085968,0.0011295117437839508,-0.38478702306747437,0.010582393035292625,-0.014494635164737701,-0.36500564217567444,-0.005073122214525938,-0.37007877230644226,-0.08446601033210754,-0.06168840825557709,-0.3156605660915375,-0.02159094251692295,-0.3372515141963959,-0.07435204088687897,-0.07726572453975677,-0.25328052043914795,-0.02704300358891487,-0.2803235352039337,0.0521719865500927,0.048748813569545746,-0.19733268022537231,0.01706208474934101,-0.18027059733867645,0.06723511964082718,0.05354015901684761,-0.24734872579574585,0.01873905584216118,-0.22860966622829437,0.040437012910842896,0.04082890972495079,-0.18943488597869873,0.014290118589997292,-0.175144761800766,0.07929488271474838,0.07237943261861801,0.07291626185178757,0.025332801043987274,0.09824906289577484,0.010563937947154045,0.011018766090273857,0.38823816180229187,0.00385656813159585,0.3920947313308716,-0.0029233405366539955,-0.002368197776377201,0.5526508688926697,-0.0008288692333735526,0.5518220067024231
1.72,0.0,0.075,0.0,-0.0564623124830583,-0.0005056302842425814,-0.2943694373484818,-0.15857817232608795,0.2621327415108681,0.0,0.0,0.0,1.089721918106079,0.05311008170247078,1.0893720388412476,0.06879791617393494,0.05202484130859375,-0.363553524017334,0.018208693712949753,-0.3453448414802551,0.029696520417928696,0.011167979799211025,-0.3857501149177551,0.0039087929762899876,-0.3818413317203522,-0.01988091692328453,-0.01611052080988884,-0.3730386793613434,-0.005638682283461094,-0.3786773681640625,-0.012645670212805271,-0.04697558656334877,-0.3293861746788025,-0.016441455110907555,-0.3458276391029358,-0.08995439112186432,-0.08107232302427292,-0.26841533184051514,-0.02837531268596649,-0.2967906594276428,0.021422740072011948,0.040550991892814636,-0.20915350317955017,0.014192846603691578,-0.19496065378189087,0.05649767443537712,0.05442741513252258,-0.2315838783979416,0.019049594178795815,-0.21253427863121033,0.04341668635606766,0.04160524159669876,-0.19432388246059418,0.014561834745109081,-0.17976205050945282,0.06185602769255638,0.06922241300344467,0.052210982888936996,0.024227844551205635,0.07643882930278778,-0.010475030168890953,0.004570627119392157,0.3722040355205536,0.0015997195150703192,0.3738037645816803,-0.0021660039201378822,-0.0023075398057699203,0.5571532845497131,-0.0008076389203779399,0.5563456416130066
1.74,0.0,0.075,0.0,-0.05770439838492255,-0.0004137682038404637,-0.2841349281013728,-0.15336991846561432,0.2699451223015785,0.0,0.0,0.0,1.0897328853607178,0.05170712247490883,1.0889315605163574,0.06808806210756302,0.05684380605816841,-0.3535858690738678,0.01989533193409443,-0.3336905241012573,0.012461124919354916,0.011555923148989677,-0.38352060317993164,0.004044572822749615,-0.37947604060173035,-0.006545946002006531,-0.013241148553788662,-0.3792431056499481,-0.004634401760995388,-0.3838775157928467,-0.03643902763724327,-0.04381461814045906,-0.3420882821083069,-0.015335116535425186,-0.3574233949184418,-0.08268019556999207,-0.08155468106269836,-0.2836511433124542,-0.028544137254357338,-0.3121952712535858,0.03821210190653801,0.03984932601451874,-0.22216834127902985,0.013947264291346073,-0.20822107791900635,0.025266176089644432,0.045679040253162384,-0.214397594332695,0.015987664461135864,-0.19840992987155914,0.037428997457027435,0.040352366864681244,-0.1970575749874115,0.014123328030109406,-0.1829342544078827,0.059814468026161194,0.06640002876520157,0.03226223960518837,0.02324000932276249,0.05550225079059601,-0.007726720534265041,0.0008814227767288685,0.35477912425994873,0.0003084979543928057,0.35508760809898376,0.0007255980744957924,-0.0013975984184071422,0.5594937801361084,-0.0004891594289802015,0.5590046048164368
1.76,0.0,0.075,0.0,-0.05870454914648914,0.00044313415078551925,-0.26715219469327717,-0.16516748070716858,0.25224877893924713,0.0,0.0,0.0,1.0870983600616455,0.05132526904344559,1.0850826501846313,0.07223758846521378,0.06146194040775299,-0.3421483635902405,0.021511679515242577,-0.32063668966293335,0.011638646945357323,0.011580740101635456,-0.3792691230773926,0.004053258802741766,-0.3752158582210541,0.007316708564758301,-0.007073790766298771,-0.3835044503211975,-0.00247582676820457,-0.3859802782535553,-0.03727708011865616,-0.04185335710644722,-0.3535325825214386,-0.014648674987256527,-0.3681812584400177,-0.07914535701274872,-0.08083188533782959,-0.29870694875717163,-0.028291160240769386,-0.32699811458587646,0.035360243171453476,0.03850260376930237,-0.23613713681697845,0.013475910760462284,-0.22266122698783875,0.04528551176190376,0.04556098207831383,-0.1959650218486786,0.015946343541145325,-0.18001867830753326,0.037491798400878906,0.039494194090366364,-0.1976081281900406,0.013822968117892742,-0.18378515541553497,0.05936187878251076,0.06428858637809753,0.013273315504193306,0.022501004859805107,0.03577432036399841,-0.0011611338704824448,0.00026865574182011187,0.3361409604549408,9.402950672665611e-05,0.336234986782074,-0.004900050349533558,-0.0024483338929712772,0.5596484541893005,-0.0008569168276153505,0.5587915182113647
1.78,0.0,0.075,0.0,-0.05970148256682114,0.0011361214958225832,-0.25138501800097074,-0.14837013185024261,0.2774448022246361,0.0,0.0,0.0,1.0818428993225098,0.05040071904659271,1.0797715187072754,0.07928946614265442,0.06681019812822342,-0.32945194840431213,0.023383568972349167,-0.30606839060783386,0.0018238576594740152,0.008653675206005573,-0.37307411432266235,0.003028786275535822,-0.37004533410072327,0.021610664203763008,0.0015315460041165352,-0.3857441246509552,0.0005360411014407873,-0.3852080702781677,-0.054856713861227036,-0.045754365622997284,-0.363508015871048,-0.01601402834057808,-0.37952205538749695,-0.07041440904140472,-0.07770664244890213,-0.3133050501346588,-0.027197323739528656,-0.34050238132476807,0.04353507235646248,0.04001234471797943,-0.25080227851867676,0.014004320837557316,-0.23679795861244202,0.015388586558401585,0.03650926426053047,-0.17647399008274078,0.012778242118656635,-0.16369575262069702,0.027282821014523506,0.0358307808637619,-0.19596993923187256,0.01254077348858118,-0.18342916667461395,0.05652948096394539,0.0619608536362648,-0.004562279675155878,0.02168629877269268,0.01712401956319809,-0.00865093432366848,-0.002407221356406808,0.31647950410842896,-0.000842527486383915,0.3156369626522064,0.00195333082228899,-0.0011278344318270683,0.5576157569885254,-0.00039474203367717564,0.557220995426178
1.8,0.0,0.075,0.0,-0.06109331447379333,0.003547209281585186,-0.2276752518194242,-0.1587902009487152,0.2618146985769272,0.0,0.0,0.0,1.074015736579895,0.048371460288763046,1.0723745822906494,0.06211907044053078,0.06540285795927048,-0.3157307803630829,0.022890999913215637,-0.29283976554870605,-0.0016892710700631142,0.005550791043788195,-0.365049809217453,0.0019427768420428038,-0.36310702562332153,0.028312144801020622,0.009565725922584534,-0.38592082262039185,0.003348004072904587,-0.38257282972335815,-0.05060763284564018,-0.04721034690737724,-0.3718305826187134,-0.01652362197637558,-0.38835421204566956,-0.0660165324807167,-0.0741996094584465,-0.3271762430667877,-0.025969862937927246,-0.35314610600471497,0.04244878515601158,0.040743276476860046,-0.26589325070381165,0.014260146766901016,-0.2516331076622009,0.008685009554028511,0.02816198766231537,-0.1561231166124344,0.00985669530928135,-0.1462664157152176,0.025447944179177284,0.03271593153476715,-0.19215966761112213,0.011450575664639473,-0.1807090938091278,0.05091102793812752,0.058645907789468765,-0.02106279321014881,0.020526068285107613,-0.0005367249250411987,0.0046800896525382996,-0.00028102798387408257,0.2959951162338257,-9.835979290073738e-05,0.2958967685699463,-0.0034066885709762573,-0.0018114906270056963,0.55341637134552,-0.0006340217078104615,0.5527823567390442
1.82,0.0,0.075,0.0,-0.06248218170157683,0.006168382030830495,-0.20107146895149283,-0.15678523480892181,0.2648221477866173,0.0,0.0,0.0,1.063688039779663,0.04668102785944939,1.0618312358856201,0.05600498244166374,0.06258349120616913,-0.30123797059059143,0.021904220804572105,-0.2793337404727936,-0.005312448367476463,0.002291819080710411,-0.3553442060947418,0.0008021366666071117,-0.354542076587677,0.03773335739970207,0.018016016110777855,-0.3840312957763672,0.006305605638772249,-0.3777256906032562,-0.056109361350536346,-0.04988005384802818,-0.3783468008041382,-0.01745801791548729,-0.39580482244491577,-0.05770966783165932,-0.0692526251077652,-0.34006467461586,-0.02423841878771782,-0.3643030822277069,0.040686268359422684,0.04072617366909981,-0.2811317443847656,0.014254160225391388,-0.26687759160995483,0.009301956743001938,0.02250397764146328,-0.13511981070041656,0.00787639245390892,-0.12724341452121735,0.018378565087914467,0.02841472066938877,-0.18621616065502167,0.009945152327418327,-0.1762710064649582,0.05340215936303139,0.05707278475165367,-0.03606007620692253,0.01997547410428524,-0.01608460210263729,0.0025468412786722183,0.0005673328414559364,0.2748965620994568,0.00019856648577842861,0.275095134973526,-0.013469136320054531,-0.005308784544467926,0.5470930933952332,-0.0018580745672807097,0.5452350378036499
1.84,0.0,0.075,0.0,-0.06367667406822909,0.008882211888208754,-0.1737715498779592,-0.13385428488254547,0.2992185726761818,0.0,0.0,0.0,1.0509511232376099,0.04623623564839363,1.0484100580215454,0.0629846528172493,0.06270384043455124,-0.2862407863140106,0.021946344524621964,-0.26429444551467896,-0.0035714139230549335,0.0005328491097316146,-0.3441363275051117,0.00018649718549568206,-0.3439498245716095,0.0484195351600647,0.027137072756886482,-0.38011038303375244,0.009497974999248981,-0.37061241269111633,-0.06499352306127548,-0.05441409349441528,-0.3829364776611328,-0.01904493197798729,-0.4019814133644104,-0.05196921154856682,-0.06406760215759277,-0.35173264145851135,-0.02242366038262844,-0.37415629625320435,0.03999105468392372,0.04050563648343086,-0.29623672366142273,0.014176972210407257,-0.28205975890159607,0.003982149064540863,0.0169474296271801,-0.11367807537317276,0.005931600462645292,-0.10774647444486618,0.01095292717218399,0.023176182061433792,-0.17820000648498535,0.008111663162708282,-0.17008835077285767,0.05481666699051857,0.05639594793319702,-0.04940129816532135,0.019738581031560898,-0.029662717133760452,-0.004195205867290497,-0.0008614289108663797,0.2533988058567047,-0.0003015001129824668,0.2530972957611084,-0.01570277288556099,-0.008426981046795845,0.538710355758667,-0.0029494434129446745,0.5357609391212463
1.86,0.0,0.075,0.0,-0.06513049622528908,0.012731770678819752,-0.14141826885864095,-0.12118802964687347,0.3182179555296898,0.0,0.0,0.0,1.0359145402908325,0.04484468698501587,1.0335264205932617,0.05815691128373146,0.061339765787124634,-0.27101582288742065,0.021468916907906532,-0.24954690039157867,0.0020753892604261637,0.0009956111898645759,-0.3316328525543213,0.00034846391645260155,-0.33128437399864197,0.04807674512267113,0.03341897577047348,-0.37423041462898254,0.011696641333401203,-0.3625337779521942,-0.049188073724508286,-0.052846286445856094,-0.3855149745941162,-0.018496200442314148,-0.40401118993759155,-0.06252692639827728,-0.063605397939682,-0.3619649112224579,-0.022261889651417732,-0.38422679901123047,0.02720104530453682,0.03651425987482071,-0.3109295666217804,0.012779991142451763,-0.29814958572387695,-0.008514373563230038,0.009308888576924801,-0.09201642870903015,0.0032581109553575516,-0.08875831961631775,0.004269598051905632,0.01750420592725277,-0.16819284856319427,0.006126471795141697,-0.16206637024879456,0.047135889530181885,0.0536179281771183,-0.06095051020383835,0.01876627467572689,-0.04218423366546631,-0.002211444079875946,-0.0012664333917200565,0.2317209243774414,-0.0004432516871020198,0.2312776744365692,-0.01284473855048418,-0.009752308949828148,0.5283536314964294,-0.0034133081790059805,0.5249403119087219
1.8800000000000001,0.0,0.075,0.0,-0.06721043440531296,0.017698425550274854,-0.10507692164941644,-0.11281045526266098,0.33078431710600853,0.0,0.0,0.0,1.0187056064605713,0.04391681030392647,1.0159623622894287,0.06101499870419502,0.06124233454465866,-0.2558439373970032,0.02143481746315956,-0.2344091236591339,-0.003994808532297611,-0.0005015148199163377,-0.31806445121765137,-0.00017553017823956907,-0.3182399868965149,0.053928013890981674,0.03957168757915497,-0.3664998412132263,0.013850090093910694,-0.3526497483253479,-0.039949316531419754,-0.04897719621658325,-0.3860347270965576,-0.01714201830327511,-0.40317675471305847,-0.062604621052742,-0.06330516934394836,-0.3705728054046631,-0.022156808525323868,-0.39272961020469666,0.020617838948965073,0.03174533322453499,-0.3249393105506897,0.011110866442322731,-0.3138284385204315,-0.007769345305860043,0.0041854181326925755,-0.0703556165099144,0.0014648963697254658,-0.06889072060585022,-0.0022423099726438522,0.011580250225961208,-0.15629670023918152,0.004053087439388037,-0.15224361419677734,0.047107793390750885,0.051664888858795166,-0.07059001177549362,0.01808270998299122,-0.05250730365514755,0.005160065367817879,0.0006615163292735815,0.21008385717868805,0.0002315307065146044,0.21031539142131805,-0.023455385118722916,-0.013863231986761093,0.516128420829773,-0.004852131009101868,0.5112763047218323
1.9000000000000001,0.0,0.075,0.0,-0.06930094198743396,0.0234734961514414,-0.06699389212210131,-0.1067299097776413,0.33990513533353806,0.0,0.0,0.0,0.9994679689407349,0.04226146638393402,0.9953703880310059,0.044513676315546036,0.05622373893857002,-0.24100488424301147,0.019678307697176933,-0.2213265746831894,-0.017179619520902634,-0.00550494622439146,-0.303681343793869,-0.0019267312018200755,-0.3056080639362335,0.05851338431239128,0.04525419697165489,-0.3570612370967865,0.015838969498872757,-0.34122225642204285,-0.0398707240819931,-0.04624525457620621,-0.3844861686229706,-0.016185838729143143,-0.4006720185279846,-0.043774355202913284,-0.05744592472910881,-0.3773975372314453,-0.02010607346892357,-0.3975036144256592,0.019576281309127808,0.028094617649912834,-0.33800753951072693,0.009833116084337234,-0.3281744122505188,-0.011034167371690273,-0.00038045761175453663,-0.04891636595129967,-0.00013316016702447087,-0.04904952645301819,-0.013363596051931381,0.004097095690667629,-0.14263278245925903,0.0014339834451675415,-0.1411987990140915,0.049201976507902145,0.05092601478099823,-0.07822158187627792,0.01782410405576229,-0.06039747595787048,-0.00872107408940792,-0.0021532608661800623,0.18870806694030762,-0.0007536413031630218,0.18795442581176758,-0.04200172796845436,-0.022304780781269073,0.5021592974662781,-0.007806673180311918,0.49435263872146606
1.92,0.0,0.075,0.0,-0.07099766308873547,0.029656342142889185,-0.02805660849901444,-0.08868204057216644,0.36697693914175034,0.0,0.0,0.0,0.9783617854118347,0.041813723742961884,0.9731488227844238,0.0354672372341156,0.04999678581953049,-0.22677239775657654,0.01749887503683567,-0.20927351713180542,-0.022923896089196205,-0.010730631649494171,-0.28874877095222473,-0.003755721030756831,-0.2925044894218445,0.06521818041801453,0.05124339461326599,-0.3460886478424072,0.017935188487172127,-0.32815346121788025,-0.045424629002809525,-0.04599906504154205,-0.3808978199958801,-0.01609967276453972,-0.39699748158454895,-0.03691780939698219,-0.051287490874528885,-0.38231325149536133,-0.017950622364878654,-0.40026387572288513,0.022388845682144165,0.02638288587331772,-0.3498932421207428,0.009234010241925716,-0.3406592309474945,-0.0183684341609478,-0.00577685097232461,-0.027917152270674706,-0.002021897817030549,-0.02993904985487461,-0.023739159107208252,-0.00425378093495965,-0.12734033167362213,-0.0014888233272358775,-0.12882915139198303,0.05257279798388481,0.051420047879219055,-0.08376744389533997,0.0179970171302557,-0.06577042490243912,-0.020630305632948875,-0.007696374785155058,0.16781140863895416,-0.002693731104955077,0.16511768102645874,-0.044261690229177475,-0.028891853988170624,0.48658862709999084,-0.010112148709595203,0.4764764904975891
1.94,0.0,0.075,0.0,-0.07236907946018754,0.03646689919033963,0.012954956051203522,-0.06076411157846451,0.40885383263230324,0.0,0.0,0.0,0.9555640816688538,0.04407016560435295,0.9495905637741089,0.03838372230529785,0.046512868255376816,-0.213408961892128,0.01627950370311737,-0.19712945818901062,-0.02586931735277176,-0.015272237360477448,-0.273542195558548,-0.005345283076167107,-0.27888748049736023,0.0784619003534317,0.059408947825431824,-0.3337845206260681,0.02079313062131405,-0.3129913806915283,-0.0650087222456932,-0.05170196294784546,-0.3753358721733093,-0.01809568703174591,-0.39343154430389404,-0.0338902585208416,-0.04606832191348076,-0.3852292597293854,-0.01612391322851181,-0.4013531804084778,0.029774490743875504,0.027400366961956024,-0.3603771924972534,0.009590128436684608,-0.35078707337379456,-0.02584846317768097,-0.011798335239291191,-0.00757197430357337,-0.004129417240619659,-0.011701392009854317,-0.030480526387691498,-0.012121804989874363,-0.11057517677545547,-0.004242631606757641,-0.11481780558824539,0.05718376114964485,0.05314916372299194,-0.08717108517885208,0.01860220730304718,-0.0685688778758049,-0.023303674533963203,-0.012378565035760403,0.14760680496692657,-0.004332497715950012,0.14327430725097656,-0.04404326155781746,-0.033437274396419525,0.46957510709762573,-0.011703046038746834,0.45787206292152405
1.96,0.0,0.075,0.0,-0.07371766904047096,0.04385336234481774,0.05534707864553864,-0.044317856431007385,0.4335232153534889,0.0,0.0,0.0,0.931269645690918,0.04535731300711632,0.9244956970214844,0.036680322140455246,0.043563105165958405,-0.20116105675697327,0.015247086994349957,-0.18591396510601044,-0.024037236347794533,-0.017901737242937088,-0.25834208726882935,-0.006265608128160238,-0.264607697725296,0.07861024886369705,0.0651693344116211,-0.3203757107257843,0.022809267044067383,-0.2975664436817169,-0.04883575439453125,-0.05084209889173508,-0.367902934551239,-0.017794733867049217,-0.3856976628303528,-0.04207524657249451,-0.04487039893865585,-0.38609179854393005,-0.01570463925600052,-0.40179643034935,0.016600139439105988,0.024160299450159073,-0.36926600337028503,0.008456104435026646,-0.36080989241600037,-0.020676162093877792,-0.014461683109402657,0.011911844834685326,-0.005061589181423187,0.006850255653262138,-0.03569924086332321,-0.019195035099983215,-0.09250818192958832,-0.0067182620987296104,-0.0992264449596405,0.05096239969134331,0.0524931363761425,-0.08839782327413559,0.01837259717285633,-0.07002522796392441,-0.017452187836170197,-0.013900652527809143,0.12830016016960144,-0.004865228198468685,0.12343493103981018,-0.05616755411028862,-0.04025635868310928,0.4512920677661896,-0.014089724980294704,0.4372023344039917
1.98,0.0,0.075,0.0,-0.07497148954967237,0.05064928144274947,0.09690913683302445,-0.019854901358485222,0.47021764796227217,0.0,0.0,0.0,0.9056931734085083,0.047348134219646454,0.8976166844367981,0.0270403865724802,0.03860628977417946,-0.1902545690536499,0.013512201607227325,-0.17674237489700317,-0.04515567794442177,-0.02607792057096958,-0.24342875182628632,-0.009127272292971611,-0.2525560259819031,0.08000315725803375,0.06961948424577713,-0.30610957741737366,0.024366818368434906,-0.28174275159835815,-0.06322429329156876,-0.05455675721168518,-0.3587360978126526,-0.019094863906502724,-0.37783095240592957,-0.0167191531509161,-0.03642502427101135,-0.38488495349884033,-0.012748758308589458,-0.39763370156288147,0.025327015668153763,0.02451031282544136,-0.3763957917690277,0.008578609675168991,-0.3678171932697296,-0.03543797880411148,-0.02075457200407982,0.03033575415611267,-0.007264100015163422,0.02307165414094925,-0.0387091264128685,-0.02504926174879074,-0.07332344353199005,-0.00876724161207676,-0.08209068328142166,0.05048711970448494,0.05189133062958717,-0.08743514865636826,0.018161965534090996,-0.06927318125963211,-0.02623937651515007,-0.01760226860642433,0.11008822917938232,-0.006160793825984001,0.10392743349075317,-0.06657679378986359,-0.04815249145030975,0.43192583322525024,-0.016853371635079384,0.4150724709033966
2.0,0.0,0.075,0.0,-0.0757596560008056,0.05760046084893799,0.1393186324888204,-0.012591298669576645,0.48111305199563503,0.0,0.0,0.0,0.8790714740753174,0.04491253197193146,0.8719481825828552,0.0025118361227214336,0.027777954936027527,-0.18089066445827484,0.00972228404134512,-0.17116838693618774,-0.025095248594880104,-0.025783119723200798,-0.2290772646665573,-0.009024091996252537,-0.23810136318206787,0.058976851403713226,0.06642669439315796,-0.29124924540519714,0.023249343037605286,-0.26799988746643066,-0.011148348450660706,-0.04153423383831978,-0.34800440073013306,-0.014536981470882893,-0.3625413775444031,-0.05451275780797005,-0.04185134544968605,-0.3816309869289398,-0.014647970907390118,-0.3962789475917816,-0.014397315680980682,0.012838024646043777,-0.38163504004478455,0.00449330871924758,-0.3771417438983917,-0.0381099097430706,-0.025961173698306084,0.047512006014585495,-0.009086410515010357,0.038425594568252563,-0.038747332990169525,-0.029158683493733406,-0.05321647599339485,-0.01020553894340992,-0.06342201679944992,0.03453059867024422,0.04668311029672623,-0.08429288119077682,0.01633908785879612,-0.06795379519462585,0.0007569920271635056,-0.012094490230083466,0.0931565910577774,-0.004233071580529213,0.08892352133989334,-0.0740213468670845,-0.05591315031051636,0.41167378425598145,-0.019569601863622665,0.3921041786670685
2.02,0.0,0.075,0.0,-0.07498179198300821,0.06881143506424399,0.20923873038498897,0.006067909300327301,0.509101863950491,0.0063713047653436656,0.0,0.0063713047653436656,0.8589937686920166,0.045218948274850845,0.8579095005989075,-0.015291228890419006,0.014857199043035507,-0.2104874700307846,0.00520001957193017,-0.20528745651245117,-0.025572048500180244,-0.02571979910135269,-0.2700388431549072,-0.009001929312944412,-0.27904078364372253,0.06165613979101181,0.06499552726745605,-0.3307926058769226,0.02274843491613865,-0.3080441653728485,-0.01700446382164955,-0.03417530283331871,-0.37378913164138794,-0.011961355805397034,-0.3857504725456238,-0.051018405705690384,-0.04460146278142929,-0.38561034202575684,-0.015610511414706707,-0.4012208580970764,-0.016805564984679222,0.003944947849959135,-0.3625671863555908,0.0013807317009195685,-0.3611864447593689,-0.03082381561398506,-0.027419965714216232,0.09934528917074203,-0.009596987627446651,0.08974830061197281,-0.059478096663951874,-0.0382545068860054,0.19806495308876038,-0.01338907703757286,0.18467587232589722,0.03201284259557724,0.04228202998638153,0.1177990511059761,0.014798710122704506,0.13259775936603546,-0.009174635633826256,-0.011218533851206303,0.046093348413705826,-0.00392648670822382,0.04216686263680458,-0.08769775927066803,-0.06544853001832962,0.16202345490455627,-0.022906985133886337,0.13911646604537964
2.04,0.0,0.075,0.0,-0.0737504979402188,0.07811050569577745,0.2730638204884208,0.12850822508335114,0.6927623376250267,0.13493363633751868,0.0,0.13493363633751868,0.8501384258270264,0.05411142110824585,0.8483679294586182,0.0042081172578036785,0.011662473902106285,-0.19852861762046814,0.004081865772604942,-0.19444675743579865,-0.09097158163785934,-0.04529533535242081,-0.2548799216747284,-0.015853367745876312,-0.2707332968711853,0.09288577735424042,0.07336260378360748,-0.3171643018722534,0.02567691169679165,-0.2914873957633972,-0.09323154389858246,-0.051892176270484924,-0.36594444513320923,-0.018162261694669724,-0.38410669565200806,-0.011574096977710724,-0.03469325229525566,-0.3859974145889282,-0.012142637744545937,-0.3981400430202484,0.046285923570394516,0.01664724014699459,-0.3710651993751526,0.005826533772051334,-0.36523866653442383,-0.11632090061903,-0.05409024655818939,0.08853752911090851,-0.018931586295366287,0.06960594654083252,-0.07136885821819305,-0.04818881303071976,0.20883165299892426,-0.016866084188222885,0.19196556508541107,0.04030966758728027,0.041690319776535034,0.13948678970336914,0.014591611921787262,0.1540783941745758,-0.07850142568349838,-0.031403400003910065,0.05724256858229637,-0.010991189628839493,0.04625137895345688,-0.06297528743743896,-0.06470655649900436,0.15160223841667175,-0.022647295147180557,0.1289549469947815
2.06,0.0,0.075,0.0,-0.07179101845760691,0.0886240864389124,0.33606974398401973,0.1710232049226761,0.7565348073840141,0.17957436516880987,0.0,0.17957436516880987,0.8405541181564331,0.059132542461156845,0.8409188985824585,-0.022145170718431473,0.0015201801434159279,-0.18795974552631378,0.0005320630152709782,-0.18742768466472626,-0.06762834638357162,-0.05199524015188217,-0.24007165431976318,-0.01819833368062973,-0.2582699954509735,0.06122511625289917,0.06972135603427887,-0.30273786187171936,0.024402474984526634,-0.2783353924751282,-0.04024645313620567,-0.0483984611928463,-0.3564019799232483,-0.01693946123123169,-0.37334144115448,-0.051163651049137115,-0.03963436931371689,-0.3843168318271637,-0.013872029259800911,-0.39818885922431946,-0.03536548465490341,0.0010434221476316452,-0.3777709901332855,0.00036519774585030973,-0.3774057924747467,-0.03563924878835678,-0.04855494946241379,0.07588900625705719,-0.016994232311844826,0.05889477580785751,-0.12155093997716904,-0.0701974481344223,0.2176453024148941,-0.024569107219576836,0.19307619333267212,0.030122384428977966,0.038219939917325974,0.16104169189929962,0.013376979157328606,0.17441867291927338,-0.03687291592359543,-0.03304425626993179,0.07021060585975647,-0.011565489694476128,0.05864511430263519,-0.1323498785495758,-0.08499955385923386,0.14315181970596313,-0.02974984422326088,0.11340197920799255
2.08,0.0,0.075,0.0,-0.06883748128918801,0.097225001050536,0.3833062804186029,0.10627120733261108,0.6594068109989166,0.11158476769924162,0.0,0.11158476769924162,0.8304261565208435,0.06104056164622307,0.8386508226394653,-0.004469564650207758,-0.00027674343436956406,-0.17897579073905945,-9.686020348453894e-05,-0.17907264828681946,-0.03522287681698799,-0.04696353152394295,-0.22588713467121124,-0.016437236219644547,-0.2423243671655655,0.03733908385038376,0.060006674379110336,-0.28777942061424255,0.021002335473895073,-0.2667770981788635,0.016170071437954903,-0.029027901589870453,-0.3453376889228821,-0.010159765370190144,-0.35549744963645935,-0.17096704244613647,-0.07903417199850082,-0.38059961795806885,-0.027661960572004318,-0.40826156735420227,-0.07324036210775375,-0.02124171331524849,-0.3825608789920807,-0.007434599567204714,-0.3899954855442047,-0.04440229758620262,-0.04730915278196335,0.06152861565351486,-0.016558203846216202,0.04497041180729866,-0.08052527159452438,-0.07329579442739487,0.22441606223583221,-0.025653528049588203,0.19876253604888916,0.018812889233231544,0.03239782527089119,0.18224407732486725,0.011339238844811916,0.19358330965042114,0.014028066769242287,-0.018922559916973114,0.08486530184745789,-0.006622896064072847,0.07824240624904633,-0.10076131671667099,-0.08972808718681335,0.13675831258296967,-0.031404830515384674,0.10535348206758499
2.1,0.0,0.075,0.0,-0.06375663404125842,0.1073555119087471,0.42738418077137297,0.08072764426469803,0.621091466397047,0.08476402647793292,0.0,0.08476402647793292,0.8199833035469055,0.0655379667878151,0.822531521320343,0.008549069985747337,0.0023710005916655064,-0.17174240946769714,0.0008298502070829272,-0.17091256380081177,-0.07179470360279083,-0.05441288650035858,-0.21258799731731415,-0.019044509157538414,-0.23163250088691711,0.045808494091033936,0.05574721843004227,-0.2725648283958435,0.019511526450514793,-0.25305330753326416,0.024515312165021896,-0.012964936904609203,-0.3329557180404663,-0.0045377276837825775,-0.3374934494495392,-0.05876907333731651,-0.07295463979244232,-0.3749143183231354,-0.025534123182296753,-0.40044844150543213,0.017295949161052704,-0.009680414572358131,-0.38534650206565857,-0.0033881450071930885,-0.3887346386909485,-0.10872960090637207,-0.06573528796434402,0.045602697879076004,-0.02300735004246235,0.022595347836613655,-0.14747561514377594,-0.09554974734783173,0.22907495498657227,-0.033442411571741104,0.19563254714012146,0.04667719826102257,0.0366816371679306,0.20287790894508362,0.012838573195040226,0.21571648120880127,-0.024988435208797455,-0.020742323249578476,0.10105733573436737,-0.007259813137352467,0.09379751980304718,-0.0920768678188324,-0.09043271839618683,0.13248687982559204,-0.03165145218372345,0.10083542764186859
2.12,0.0,0.075,0.0,-0.05868378514298511,0.11847037167625203,0.4742087024505362,0.15453706681728363,0.7318056002259254,0.1622639201581478,0.0,0.1622639201581478,0.8094971776008606,0.07321739196777344,0.8161894083023071,0.026813918724656105,0.009703876450657845,-0.16639305651187897,0.003396356711164117,-0.16299669444561005,-0.10990992188453674,-0.07106199860572815,-0.20041953027248383,-0.024871699512004852,-0.22529122233390808,0.0823831707239151,0.06373800337314606,-0.25737470388412476,0.02230830118060112,-0.23506639897823334,-0.06227355822920799,-0.027757523581385612,-0.3194843530654907,-0.009715133346617222,-0.32919949293136597,-0.08913677930831909,-0.07780928164720535,-0.3673657774925232,-0.027233248576521873,-0.3945990204811096,-0.012779787182807922,-0.010610226541757584,-0.3860764801502228,-0.003713579149916768,-0.38979005813598633,-0.10629940032958984,-0.07790452241897583,0.02827354706823826,-0.02726658247411251,0.0010069645941257477,-0.11636093258857727,-0.10179310292005539,0.23157449066638947,-0.0356275849044323,0.19594690203666687,0.0529511459171772,0.04156249016523361,0.22273290157318115,0.014546871185302734,0.2372797727584839,0.028342189267277718,-0.006016968749463558,0.11862168461084366,-0.002105938969179988,0.11651574820280075,-0.1125655323266983,-0.09707256406545639,0.1303810328245163,-0.03397539630532265,0.09640564024448395
2.14,0.0,0.075,0.0,-0.05347479496149097,0.12830923178149697,0.5123826498470713,0.09075106680393219,0.6361266002058983,0.0952886201441288,0.0,0.0952886201441288,0.7992790937423706,0.06725441664457321,0.8115443587303162,-0.038100000470876694,-0.004637287463992834,-0.163026362657547,-0.0016230505425482988,-0.16464941203594208,-0.060837648808956146,-0.06799469888210297,-0.18960615992546082,-0.02379814349114895,-0.21340429782867432,0.03722994774580002,0.055785588920116425,-0.24248920381069183,0.01952495612204075,-0.22296424210071564,-0.06134279444813728,-0.03783310577273369,-0.3051721155643463,-0.013241587206721306,-0.31841370463371277,-0.10604093968868256,-0.08627878129482269,-0.3580932319164276,-0.030197573825716972,-0.38829079270362854,-0.005102968774735928,-0.00895804911851883,-0.3847373425960541,-0.003135317238047719,-0.3878726661205292,-0.01225102599710226,-0.05820847302675247,0.009717750363051891,-0.020372964441776276,-0.010655214078724384,-0.040826670825481415,-0.08350317180156708,0.23188920319080353,-0.029226109385490417,0.2026630938053131,0.01599101908504963,0.03389104828238487,0.2416067272424698,0.01186186634004116,0.2534686028957367,0.005804853513836861,-0.002470421837642789,0.13737936317920685,-0.0008646476198919117,0.13651470839977264,-0.0843309611082077,-0.0932500809431076,0.13046224415302277,-0.03263752907514572,0.09782471507787704
2.16,0.0,0.075,0.0,-0.04776237212760157,0.135750706237237,0.5357660669994173,0.08788840472698212,0.6318326070904732,0.09228282496333122,0.0,0.09228282496333122,0.7896743416786194,0.06681887060403824,0.7957600355148315,-0.037666723132133484,-0.014546118676662445,-0.1617044359445572,-0.005091141443699598,-0.16679558157920837,-0.06676360964775085,-0.06762537360191345,-0.18034732341766357,-0.02366887964308262,-0.20401620864868164,0.06134657934308052,0.057453885674476624,-0.22818289697170258,0.020108859986066818,-0.20807403326034546,0.03413820266723633,-0.016241714358329773,-0.2902829349040985,-0.005684599746018648,-0.29596754908561707,-0.00791488029062748,-0.06276961416006088,-0.3472677171230316,-0.02196936495602131,-0.36923709511756897,-0.003401069901883602,-0.007290955632925034,-0.38135382533073425,-0.0025518343318253756,-0.38390564918518066,-0.12704378366470337,-0.07885906100273132,-0.00987559650093317,-0.027600670233368874,-0.03747626766562462,-0.12304531782865524,-0.09536581486463547,0.23001588881015778,-0.033378034830093384,0.1966378539800644,0.05950647220015526,0.04157567769289017,0.25930705666542053,0.014551486819982529,0.27385854721069336,-0.03482215106487274,-0.012175940908491611,0.15713922679424286,-0.004261579364538193,0.15287764370441437,-0.05958767607808113,-0.08315136283636093,0.1327296793460846,-0.029102977365255356,0.10362669825553894
2.18,0.0,0.075,0.0,-0.042805342380813245,0.14066773617340567,0.5483960739706714,0.10354551672935486,0.6553182750940323,0.1087227925658226,0.0,0.1087227925658226,0.781053364276886,0.06147262081503868,0.7907696962356567,-0.06460852175951004,-0.029564838856458664,-0.16245165467262268,-0.010347693227231503,-0.17279934883117676,-0.04395237937569618,-0.06052347272634506,-0.1728138029575348,-0.021183215081691742,-0.19399702548980713,0.020613014698028564,0.046401623636484146,-0.21471962332725525,0.016240568831562996,-0.1984790563583374,-0.05204564705491066,-0.02698289416730404,-0.2750914394855499,-0.009444013237953186,-0.2845354676246643,-0.08954545855522156,-0.07080236822366714,-0.3350888788700104,-0.02478082850575447,-0.35986971855163574,0.03301204368472099,0.004799944814294577,-0.37598830461502075,0.0016799806617200375,-0.374308317899704,-0.03335670009255409,-0.06520835310220718,-0.030306827276945114,-0.022822923958301544,-0.05312975123524666,-0.05819404125213623,-0.08421428501605988,0.22597363591194153,-0.029474999755620956,0.19649863243103027,0.032876186072826385,0.03896582871675491,0.2756534814834595,0.01363804005086422,0.28929153084754944,-0.0054396577179431915,-0.010155055671930313,0.17769992351531982,-0.003554269438609481,0.1741456538438797,-0.05156375840306282,-0.07367508113384247,0.13716024160385132,-0.025786278769373894,0.11137396097183228
2.2,0.0,0.075,0.0,-0.03947806895321656,0.1429869498756425,0.5504165929470938,0.10157231986522675,0.6523584797978401,0.10665093585848807,0.0,0.10665093585848807,0.7737987041473389,0.06152065843343735,0.787336528301239,-0.08901914209127426,-0.04740113019943237,-0.16525423526763916,-0.01659039594233036,-0.18184463679790497,-0.05798258259892464,-0.059761203825473785,-0.1671445071697235,-0.020916420966386795,-0.18806092441082,0.04295089468359947,0.04536640644073486,-0.20234769582748413,0.015878241509199142,-0.1864694505929947,-0.01748676598072052,-0.024134056642651558,-0.2598778307437897,-0.008446919731795788,-0.26832476258277893,-0.05839209631085396,-0.06707929074764252,-0.32178130745887756,-0.02347775176167488,-0.34525907039642334,0.0061178058385849,0.00519530288875103,-0.3687397241592407,0.0018183559877797961,-0.3669213652610779,-0.0840822234749794,-0.07087051868438721,-0.05136774107813835,-0.024804681539535522,-0.07617242634296417,-0.07301536947488785,-0.08085460960865021,0.21980364620685577,-0.028299113735556602,0.19150453805923462,0.06548838317394257,0.04692259430885315,0.29047948122024536,0.016422906890511513,0.30690237879753113,0.023026617243885994,-0.00020055333152413368,0.19885189831256866,-7.019366603344679e-05,0.19878169894218445,-0.042798832058906555,-0.0644122064113617,0.14370878040790558,-0.022544272243976593,0.12116450816392899
2.22,0.0,0.075,0.0,-0.035043452863134796,0.14738394303665642,0.5520091218836357,0.08197837322950363,0.6229675598442554,0.0860772918909788,0.0,0.0860772918909788,0.7682889103889465,0.05908239260315895,0.7826740741729736,-0.07653551548719406,-0.056141447275877,-0.17006050050258636,-0.019649505615234375,-0.18971000611782074,-0.040693510323762894,-0.05404089391231537,-0.16344404220581055,-0.01891431212425232,-0.18235835433006287,0.005960151553153992,0.03354452922940254,-0.1912953108549118,0.01174058485776186,-0.17955473065376282,-0.019992835819721222,-0.022891690954566002,-0.2449226826429367,-0.008012091740965843,-0.2529347836971283,-0.06272190064191818,-0.06577207148075104,-0.307590514421463,-0.023020224645733833,-0.3306107521057129,0.02820705622434616,0.012098829261958599,-0.35974183678627014,0.0042345901019871235,-0.3555072546005249,-0.05074656382203102,-0.06483333557844162,-0.07284370809793472,-0.022691667079925537,-0.09553537517786026,-0.07569285482168198,-0.07930608093738556,0.21156875789165497,-0.027757128700613976,0.18381163477897644,0.046046823263168335,0.046659860759973526,0.3036339581012726,0.01633095182478428,0.3199649155139923,0.00800807774066925,0.002262036083266139,0.22037963569164276,0.0007917126058600843,0.22117134928703308,-0.050447363406419754,-0.06022275239229202,0.15230855345726013,-0.021077962592244148,0.13123059272766113
2.24,0.0,0.075,0.0,-0.03254458034902079,0.14753098329943437,0.5406512151697556,0.09290923178195953,0.6393638476729393,0.0975546933710575,0.0,0.0975546933710575,0.7648787498474121,0.05797426775097847,0.78499835729599,-0.09074977785348892,-0.0665239468216896,-0.1767817884683609,-0.023283381015062332,-0.20006516575813293,-0.04303145408630371,-0.05073805898427963,-0.16178062558174133,-0.0177583210170269,-0.17953895032405853,0.02422044798731804,0.0307473037391901,-0.1817663013935089,0.010761556215584278,-0.1710047423839569,-0.040973540395498276,-0.02831624634563923,-0.23050183057785034,-0.009910685941576958,-0.24041251838207245,-0.06471484154462814,-0.06545490026473999,-0.2927781641483307,-0.022909214720129967,-0.3156873881816864,0.0019450820982456207,0.009052705019712448,-0.3491605222225189,0.003168446710333228,-0.3459920883178711,-0.0401235856115818,-0.057420410215854645,-0.09451588988304138,-0.020097143948078156,-0.11461303383111954,-0.04890564829111099,-0.07018595188856125,0.20135293900966644,-0.024565082043409348,0.1767878532409668,0.0620342381298542,0.05127217620611191,0.3149828016757965,0.017945261672139168,0.3329280614852905,0.05665843188762665,0.018580956384539604,0.2420637309551239,0.0065033347345888615,0.24856705963611603,-0.04585852473974228,-0.05591348186135292,0.16287192702293396,-0.019569719210267067,0.14330220222473145
2.2600000000000002,0.0,0.075,0.0,-0.030030177102870936,0.14738614578888504,0.5266948487332676,0.09155760705471039,0.6373364105820656,0.0961354874074459,0.0,0.0961354874074459,0.7638781666755676,0.057624392211437225,0.7861948013305664,-0.06395989656448364,-0.065754733979702,-0.18529413640499115,-0.02301415614783764,-0.20830829441547394,-0.05025353655219078,-0.050592705607414246,-0.1621849536895752,-0.017707446590065956,-0.1798924058675766,0.007345101796090603,0.02372664213180542,-0.17393642663955688,0.008304324932396412,-0.16563209891319275,-0.07861403375864029,-0.04340558499097824,-0.21688124537467957,-0.01519195456057787,-0.23207320272922516,-0.06322664022445679,-0.06478641927242279,-0.277617484331131,-0.022675246000289917,-0.3002927303314209,0.042925767600536346,0.019214624539017677,-0.33719098567962646,0.00672511849552393,-0.3304658532142639,-0.027911219745874405,-0.04856765270233154,-0.11616343259811401,-0.01699867844581604,-0.13316211104393005,-0.049363501369953156,-0.06393921375274658,0.18926025927066803,-0.022378724068403244,0.1668815314769745,0.05802839621901512,0.05329904332756996,0.32441043853759766,0.01865466497838497,0.3430651128292084,0.04127613455057144,0.02538951113820076,0.2636832296848297,0.008886328898370266,0.27256956696510315,-0.06036549434065819,-0.05724908784031868,0.1752912700176239,-0.020037179812788963,0.15525409579277039
2.2800000000000002,0.0,0.075,0.0,-0.027522061850076995,0.14598183344850474,0.5071963081920764,0.06098309904336929,0.5914746485650539,0.06403225399553776,0.0,0.06403225399553776,0.7655310034751892,0.05844743177294731,0.7905632853507996,-0.08814958482980728,-0.0724731907248497,-0.19544054567813873,-0.025365617126226425,-0.22080616652965546,-0.045837558805942535,-0.04916616156697273,-0.16464956104755402,-0.017208157107234,-0.18185772001743317,0.0160372257232666,0.021419817581772804,-0.1679501086473465,0.007496936246752739,-0.1604531705379486,-0.04736499488353729,-0.044593408703804016,-0.20431214570999146,-0.01560769323259592,-0.2199198454618454,-0.03952306509017944,-0.057207413017749786,-0.26238808035850525,-0.020022593438625336,-0.2824106812477112,0.021692447364330292,0.019957970827817917,-0.3240540027618408,0.0069852895103394985,-0.3170687258243561,-0.057771530002355576,-0.05132881551980972,-0.1375657320022583,-0.017965085804462433,-0.15553081035614014,-0.054159268736839294,-0.06100522726774216,0.17541395127773285,-0.021351829171180725,0.15406212210655212,0.0725426897406578,0.059072136878967285,0.3318207561969757,0.02067524753510952,0.3524959981441498,0.04855237901210785,0.032338373363018036,0.28501781821250916,0.011318430304527283,0.29633623361587524,-0.05518411472439766,-0.056629594415426254,0.18943999707698822,-0.019820358604192734,0.1696196347475052
2.3000000000000003,0.0,0.075,0.0,-0.02505881434201105,0.14384093689331015,0.4825724515057019,0.066846564412117,0.6002698466181755,0.07018889263272285,0.0,0.07018889263272285,0.7699969410896301,0.05694480985403061,0.796081006526947,-0.03567102551460266,-0.06143254041671753,-0.2070339024066925,-0.021501388400793076,-0.22853529453277588,-0.05313573032617569,-0.05035703629255295,-0.16912899911403656,-0.01762496307492256,-0.18675395846366882,-0.013229049742221832,0.011025156825780869,-0.16391772031784058,0.0038588049355894327,-0.1600589156150818,-0.06965353339910507,-0.05211144685745239,-0.1930263489484787,-0.018239006400108337,-0.21126535534858704,-0.060790546238422394,-0.05828235298395157,-0.2473708540201187,-0.02039882354438305,-0.2677696645259857,0.057139087468385696,0.03111230581998825,-0.3099918067455292,0.010889306664466858,-0.2991024851799011,-0.014384320937097073,-0.04024546965956688,-0.1585046797990799,-0.014085914008319378,-0.17259059846401215,-0.02815077267587185,-0.05114889144897461,0.15995512902736664,-0.017902111634612083,0.14205302298069,0.06598435342311859,0.06114580109715462,0.33713826537132263,0.02140103094279766,0.35853928327560425,0.06051121652126312,0.04079022631049156,0.305850088596344,0.014276579022407532,0.32012665271759033,-0.0599522702395916,-0.0576263964176178,0.20517393946647644,-0.02016923762857914,0.18500469624996185
2.32,0.0,0.075,0.0,-0.024961074931242992,0.13989935056323283,0.45863637355611764,0.04608146846294403,0.569122202694416,0.04838554188609123,0.0,0.04838554188609123,0.7773383259773254,0.05871700868010521,0.805880606174469,-0.07334301620721817,-0.06500568240880966,-0.21986034512519836,-0.02275198884308338,-0.2426123321056366,-0.05087755247950554,-0.050513193011283875,-0.17554065585136414,-0.017679616808891296,-0.19322027266025543,0.0006640274077653885,0.007916818372905254,-0.16191366314888,0.002770886290818453,-0.15914277732372284,-0.08257340639829636,-0.06125003844499588,-0.18323199450969696,-0.0214375127106905,-0.2046695053577423,-0.04641306772828102,-0.054721567779779434,-0.23284277319908142,-0.019152548164129257,-0.251995325088501,0.04459419474005699,0.03515687212347984,-0.29526379704475403,0.012304904870688915,-0.28295889496803284,-0.0299089215695858,-0.037144504487514496,-0.17876692116260529,-0.013000576756894588,-0.19176749885082245,-0.02592216432094574,-0.04358087480068207,0.14304132759571075,-0.015253306366503239,0.1277880221605301,0.07223403453826904,0.0644722729921341,0.3403087258338928,0.022565295919775963,0.36287403106689453,0.06138478219509125,0.04696859419345856,0.3259677290916443,0.016439007595181465,0.3424067497253418,-0.06776585429906845,-0.060668230056762695,0.22233277559280396,-0.021233880892395973,0.20109888911247253
2.34,0.0,0.075,0.0,-0.022487837094144866,0.13661160937618935,0.4284833584787024,0.02884354256093502,0.5432653138414025,0.03028571968898177,0.0,0.03028571968898177,0.7875141501426697,0.05707310885190964,0.8160102963447571,-0.031091423705220222,-0.054831404238939285,-0.23368333280086517,-0.019190991297364235,-0.25287431478500366,-0.04673636332154274,-0.049380142241716385,-0.18376626074314117,-0.01728305034339428,-0.2010493129491806,-0.024299245327711105,-0.0017480012029409409,-0.16197489202022552,-0.0006118004093877971,-0.16258668899536133,-0.05063849315047264,-0.05806657299399376,-0.17510974407196045,-0.02032330073416233,-0.19543305039405823,-0.06130136922001839,-0.05669550597667694,-0.21907177567481995,-0.01984342746436596,-0.23891520500183105,0.055831704288721085,0.041359320282936096,-0.2801416218280792,0.014475761912763119,-0.26566585898399353,-0.023371275514364243,-0.03301253542304039,-0.19814597070217133,-0.011554387398064137,-0.20970036089420319,-0.023440297693014145,-0.03753870353102684,0.12484489381313324,-0.01313854567706585,0.11170634627342224,0.07304388284683228,0.06704375892877579,0.3412998914718628,0.023465314880013466,0.3647651970386505,0.05339779704809189,0.048897355794906616,0.3451657295227051,0.017114074900746346,0.3622798025608063,-0.05454431101679802,-0.05883105844259262,0.24074162542819977,-0.020590869709849358,0.22015075385570526
2.36,0.0,0.075,0.0,-0.020201869065110106,0.13276722050726666,0.39699167895178417,0.04106886684894562,0.5616033002734184,0.0431223101913929,0.0,0.0431223101913929,0.8003823161125183,0.058140188455581665,0.8295149803161621,-0.04152960702776909,-0.050840865820646286,-0.2482479065656662,-0.017794303596019745,-0.26604220271110535,-0.03429080545902252,-0.044853344559669495,-0.1936541050672531,-0.015698669478297234,-0.2093527764081955,-0.01309533417224884,-0.005152201279997826,-0.1641002893447876,-0.0018032704247161746,-0.16590355336666107,-0.11001095920801163,-0.07364989072084427,-0.16880939900875092,-0.025777461007237434,-0.1945868581533432,-0.07591883838176727,-0.06246250867843628,-0.20631186664104462,-0.021861877292394638,-0.22817374765872955,0.04935888946056366,0.043759189546108246,-0.2649041712284088,0.015315716154873371,-0.24958845973014832,0.02865607663989067,-0.014511951245367527,-0.21644432842731476,-0.005079182796180248,-0.22152350842952728,0.001138070598244667,-0.025935670360922813,0.10555126518011093,-0.009077484719455242,0.09647378325462341,0.06670365482568741,0.06694172322750092,0.3401016294956207,0.02342960238456726,0.363531231880188,0.06380467116832733,0.05336955189704895,0.3632484972476959,0.018679343163967133,0.38192784786224365,-0.06042199209332466,-0.059308335185050964,0.26021289825439453,-0.020757917314767838,0.239454984664917
2.38,0.0,0.075,0.0,-0.018137920556271375,0.12836501928718289,0.36340031291038066,0.01541162095963955,0.5231174314394593,0.016182202007621525,0.0,0.016182202007621525,0.8157080411911011,0.06047234684228897,0.8450726866722107,-0.018964385613799095,-0.0412779226899147,-0.26328545808792114,-0.014447272755205631,-0.2777327299118042,-0.05065986141562462,-0.04659529775381088,-0.20502182841300964,-0.01630835421383381,-0.2213301807641983,-0.009743504226207733,-0.006529591977596283,-0.16825063526630402,-0.0022853570990264416,-0.17053599655628204,-0.11406107991933823,-0.08577324450016022,-0.16444715857505798,-0.030020635575056076,-0.19446779787540436,-0.06605660915374756,-0.0635407418012619,-0.19479838013648987,-0.022239258512854576,-0.217037633061409,0.06994585692882538,0.051615189760923386,-0.24983248114585876,0.0180653166025877,-0.23176716268062592,0.003730962984263897,-0.0090390769764781,-0.23347553610801697,-0.003163676941767335,-0.23663921654224396,0.0077474359422922134,-0.015830738469958305,0.08535704761743546,-0.005540758371353149,0.0798162892460823,0.08005232363939285,0.0708748996257782,0.3367261588573456,0.02480621449649334,0.3615323603153229,0.0608651265501976,0.055618226528167725,0.3800317347049713,0.019466379657387733,0.3994981050491333,-0.0567520447075367,-0.058541446924209595,0.28054818511009216,-0.020489506423473358,0.2600586712360382
2.4,0.0,0.075,0.0,-0.016021083642749016,0.12317523544336768,0.32746765619623935,-0.0015553906559944153,0.4976669140160084,0.0,0.0,0.0,0.8331790566444397,0.061701297760009766,0.8616513609886169,-0.00022850185632705688,-0.02896309643983841,-0.27851858735084534,-0.010137083940207958,-0.28865566849708557,-0.05299370363354683,-0.048514820635318756,-0.21765977144241333,-0.016980186104774475,-0.2346399575471878,-0.023983292281627655,-0.011765701696276665,-0.17434939742088318,-0.004117995500564575,-0.17846739292144775,-0.09459476917982101,-0.08841970562934875,-0.16210348904132843,-0.030946897342801094,-0.19305038452148438,-0.06755288690328598,-0.06474438309669495,-0.18474365770816803,-0.02266053296625614,-0.20740419626235962,0.07573366165161133,0.0588507317006588,-0.2352045178413391,0.020597755908966064,-0.21460676193237305,0.008417496457695961,-0.003802104853093624,-0.24906602501869202,-0.001330736675299704,-0.2503967583179474,0.011915281414985657,-0.007506932131946087,0.06446804106235504,-0.002627426292747259,0.061840616166591644,0.08417849242687225,0.07486598193645477,0.33120784163475037,0.0262030940502882,0.3574109375476837,0.06034080684185028,0.05703500285744667,0.3953443765640259,0.01996225118637085,0.41530662775039673,-0.056189168244600296,-0.057835765182971954,0.30154022574424744,-0.020242517814040184,0.2812977135181427
2.42,0.0,0.075,0.0,-0.013867177958969643,0.11724283444835899,0.2878102958607916,-0.014128999784588814,0.4788065003231168,0.0,0.0,0.0,0.8524237275123596,0.061031438410282135,0.8789253234863281,-0.01609828695654869,-0.025103654712438583,-0.29366642236709595,-0.008786278776824474,-0.3024527132511139,-0.035186197608709335,-0.04451623186469078,-0.23133482038974762,-0.015580681152641773,-0.24691550433635712,-0.0390343964099884,-0.01994631066918373,-0.18228407204151154,-0.0069812084548175335,-0.18926528096199036,-0.0787559226155281,-0.08552057296037674,-0.16182158887386322,-0.02993220090866089,-0.1917537897825241,-0.08339571952819824,-0.07033978402614594,-0.17633315920829773,-0.024618923664093018,-0.20095208287239075,0.07036341726779938,0.06230453774333,-0.22129011154174805,0.021806588396430016,-0.19948352873325348,0.014711251482367516,0.0017519022803753614,-0.2630569338798523,0.0006131657864898443,-0.26244378089904785,0.009411821141839027,-0.002431306056678295,0.04309710115194321,-0.0008509571198374033,0.04224614426493645,0.07589568197727203,0.07517489790916443,0.32360297441482544,0.02631121315062046,0.34991419315338135,0.03461489826440811,0.05030897259712219,0.4090304374694824,0.017608139663934708,0.42663857340812683,-0.04951723664999008,-0.05534020811319351,0.32297515869140625,-0.01936907321214676,0.3036060929298401
2.44,0.0,0.075,0.0,-0.011731815297123846,0.11071237282674708,0.2446108951531647,-0.027567047625780106,0.45864942856132984,0.0,0.0,0.0,0.8730297088623047,0.06150976940989494,0.8985720872879028,-0.009161691181361675,-0.020321065559983253,-0.30844953656196594,-0.007112372666597366,-0.3155619204044342,-0.03023448772728443,-0.04023170843720436,-0.24579478800296783,-0.014081098139286041,-0.2598758935928345,-0.03041771426796913,-0.02308773249387741,-0.1919083446264267,-0.008080706000328064,-0.19998905062675476,-0.09182610362768173,-0.08741223812103271,-0.1636066734790802,-0.03059428371489048,-0.19420096278190613,-0.09331110119819641,-0.07723117619752884,-0.16972199082374573,-0.027030911296606064,-0.1967529058456421,0.08033722639083862,0.06771434843540192,-0.20834586024284363,0.02370002120733261,-0.18464583158493042,0.007921664044260979,0.0036028309259563684,-0.27530568838119507,0.0012609908590093255,-0.2740446925163269,0.014197802171111107,0.002557426691055298,0.02146201767027378,0.0008950993069447577,0.022357117384672165,0.07977735996246338,0.07655563950538635,0.3139890432357788,0.026794472709298134,0.3407835066318512,0.030656853690743446,0.044413335621356964,0.42095041275024414,0.015544666908681393,0.4364950656890869,-0.02993682771921158,-0.04771919548511505,0.3446345031261444,-0.016701718792319298,0.32793277502059937
2.46,0.0,0.075,0.0,-0.009799099380296489,0.10366428677252008,0.19972338947208565,-0.04714523255825043,0.42928215116262436,0.0,0.0,0.0,0.8945624828338623,0.06031060963869095,0.9185639023780823,-0.019371764734387398,-0.020036274567246437,-0.3225952684879303,-0.0070126960054039955,-0.3296079635620117,-0.014226343482732773,-0.032430097460746765,-0.2607729732990265,-0.011350533924996853,-0.2721235156059265,-0.0402241013944149,-0.028228644281625748,-0.20304468274116516,-0.009880024939775467,-0.21292470395565033,-0.06973970681428909,-0.08211047947406769,-0.16742582619190216,-0.02873866818845272,-0.19616448879241943,-0.0981808751821518,-0.08351608365774155,-0.16503210365772247,-0.029230628162622452,-0.19426272809505463,0.06837624311447144,0.06791291385889053,-0.19661051034927368,0.023769520223140717,-0.17284098267555237,0.01904633641242981,0.008235882967710495,-0.28568747639656067,0.002882559085264802,-0.2828049063682556,0.013077674433588982,0.005713501013815403,-0.0002167413040297106,0.001999725354835391,0.0017829840071499348,0.07895568758249283,0.07727564871311188,0.30246397852897644,0.027046477422118187,0.3295104503631592,0.02038661204278469,0.03720531612634659,0.4309828579425812,0.013021860271692276,0.44400471448898315,-0.024356219917535782,-0.04071030393242836,0.36629754304885864,-0.014248605817556381,0.35204893350601196
2.48,0.0,0.075,0.0,-0.008215069742998968,0.09603403234624903,0.15486727785750798,-0.05126085877418518,0.42310871183872223,0.0,0.0,0.0,0.9165816903114319,0.057768817991018295,0.9386177659034729,-0.03689480200409889,-0.02509383298456669,-0.33584269881248474,-0.008782841265201569,-0.3446255326271057,0.0084739550948143,-0.020158881321549416,-0.27599310874938965,-0.007055608555674553,-0.28304871916770935,-0.05698956176638603,-0.03685691952705383,-0.21548770368099213,-0.012899921275675297,-0.22838762402534485,-0.041290730237960815,-0.06986455619335175,-0.17320860922336578,-0.02445259504020214,-0.19766120612621307,-0.10202457010746002,-0.08906862884759903,-0.16234998404979706,-0.03117401897907257,-0.19352400302886963,0.03397392854094505,0.05773121863603592,-0.18630051612854004,0.020205926150083542,-0.1660945862531662,0.046797651797533035,0.019804414361715317,-0.2940964996814728,0.0069315447472035885,-0.28716495633125305,0.01707184873521328,0.009121005423367023,-0.021718256175518036,0.003192351898178458,-0.018525904044508934,0.07419760525226593,0.07635223865509033,0.28914523124694824,0.026723282411694527,0.3158685266971588,0.02051474340260029,0.032198142260313034,0.43902552127838135,0.011269349604845047,0.4502948820590973,-0.02790357545018196,-0.03686828538775444,0.3877435624599457,-0.012903899885714054,0.3748396635055542
2.5,0.0,0.075,0.0,-0.007345434212779004,0.08703474502656156,0.10937983571519538,-0.06293018162250519,0.4056047275662422,0.0,0.0,0.0,0.938654363155365,0.05854634568095207,0.9583797454833984,-0.011924367398023605,-0.02114299312233925,-0.3479475677013397,-0.00740004749968648,-0.355347603559494,-0.001982959220185876,-0.01470610499382019,-0.2911744713783264,-0.005147136747837067,-0.2963216006755829,-0.05249228700995445,-0.04154752939939499,-0.22900789976119995,-0.014541635289788246,-0.24354954063892365,-0.07023917883634567,-0.06997694075107574,-0.18084834516048431,-0.02449192851781845,-0.20534026622772217,-0.09365250170230865,-0.09044378995895386,-0.16172510385513306,-0.03165532648563385,-0.1933804303407669,0.0502314530313015,0.05548128858208656,-0.1776060163974762,0.019418450072407722,-0.15818756818771362,0.06015193834900856,0.03190867230296135,-0.300447016954422,0.011168034747242928,-0.2892789840698242,0.026120105758309364,0.014220735058188438,-0.042823418974876404,0.004977256990969181,-0.0378461629152298,0.0872567668557167,0.07962359488010406,0.27416855096817017,0.027868257835507393,0.3020368218421936,0.015619417652487755,0.027224525809288025,0.4449964165687561,0.009528583846986294,0.4545249938964844,-0.026274073868989944,-0.03369002044200897,0.4087539613246918,-0.01179150678217411,0.3969624638557434
2.52,0.0,0.075,0.0,-0.008109331894048668,0.07193817244328114,0.03179246204814016,-0.08872915059328079,0.3669062741100788,0.0,0.0,0.0,0.9603659510612488,0.06156774237751961,0.9796529412269592,0.01235852763056755,-0.01109253615140915,-0.35868653655052185,-0.003882387652993202,-0.3625689148902893,-0.029390554875135422,-0.01911143958568573,-0.3060370981693268,-0.006689003668725491,-0.31272611021995544,-0.03448374941945076,-0.03942839801311493,-0.24335592985153198,-0.013799939304590225,-0.2571558654308319,-0.10298281908035278,-0.07987870275974274,-0.19020414352416992,-0.027957545593380928,-0.2181616872549057,-0.08097033202648163,-0.08760175108909607,-0.1631689816713333,-0.030660612508654594,-0.19382959604263306,0.09238214790821075,0.06655154377222061,-0.17068739235401154,0.023293040692806244,-0.1473943591117859,0.018527787178754807,0.027894405648112297,-0.3046743869781494,0.009763041511178017,-0.29491135478019714,0.020182812586426735,0.016009358689188957,-0.06331715732812881,0.005603275261819363,-0.05771388113498688,0.09765992313623428,0.08503448963165283,0.2576865553855896,0.02976207062602043,0.28744861483573914,0.03567018359899521,0.02975822240114212,0.44883474707603455,0.010415378026664257,0.4592501223087311,-0.039996784180402756,-0.0355820506811142,0.4291146695613861,-0.012453717179596424,0.41666096448898315
2.54,0.0,0.075,0.0,-0.01041598944998655,0.059607053123273995,-0.03594299945763287,-0.09378527849912643,0.35932208225131035,0.0,0.0,0.0,0.9813278913497925,0.06515766680240631,0.9988419413566589,0.03420552238821983,0.0024968814104795456,-0.3678615987300873,0.0008739084587432444,-0.3669876754283905,-0.02251976728439331,-0.020133938640356064,-0.32030683755874634,-0.007046878337860107,-0.32735371589660645,-0.01940986141562462,-0.03342283517122269,-0.2582671344280243,-0.011697991751134396,-0.26996511220932007,-0.11733382940292358,-0.09111523628234863,-0.20110344886779785,-0.03189033269882202,-0.23299378156661987,-0.0956287533044815,-0.09000985324382782,-0.16665500402450562,-0.03150344640016556,-0.19815844297409058,0.0884508490562439,0.0731213390827179,-0.16567222774028778,0.025592468678951263,-0.14007976651191711,0.05167551338672638,0.03502873703837395,-0.30673548579216003,0.012260057963430882,-0.2944754362106323,0.030523711815476418,0.020363664254546165,-0.0829906240105629,0.0071272822096943855,-0.07586333900690079,0.09614507108926773,0.08836766332387924,0.2398672103881836,0.030928682535886765,0.27079588174819946,0.0313669890165329,0.030240852385759354,0.45050138235092163,0.010584298521280289,0.4610856771469116,-0.023072130978107452,-0.031829074025154114,0.44861820340156555,-0.011140176095068455,0.43747803568840027
2.56,0.0,0.075,0.0,-0.01336306359035582,0.04708167563416335,-0.10259875446356877,-0.0990479364991188,0.3514280952513218,0.0,0.0,0.0,1.0011837482452393,0.06382155418395996,1.0137380361557007,0.034440431743860245,0.01207994669675827,-0.3753035068511963,0.004227981436997652,-0.37107551097869873,0.005165579728782177,-0.01254408247768879,-0.33372050523757935,-0.004390428774058819,-0.33811092376708984,-0.04211064800620079,-0.03602917864918709,-0.2734665274620056,-0.012610211968421936,-0.28607672452926636,-0.07161032408475876,-0.08526375889778137,-0.2133452445268631,-0.02984231524169445,-0.2431875616312027,-0.0898013561964035,-0.08994729816913605,-0.17211885750293732,-0.0314815528690815,-0.20360040664672852,0.04894334450364113,0.06586793810129166,-0.16265302896499634,0.02305377833545208,-0.1395992487668991,0.08233692497015,0.04922119528055191,-0.3066093325614929,0.0172274187207222,-0.2893819212913513,0.0396425724029541,0.02614733576774597,-0.10164334625005722,0.009151567704975605,-0.09249177575111389,0.08963648229837418,0.08874831348657608,0.22089208662509918,0.031061910092830658,0.25195398926734924,-0.011642205528914928,0.017675936222076416,0.44997933506965637,0.006186577491462231,0.4561659097671509,-0.011044430546462536,-0.025593681260943413,0.4670657813549042,-0.008957788348197937,0.45810800790786743
2.58,0.0,0.075,0.0,-0.01679490316506428,0.03599660163187577,-0.1550974575385314,-0.13307532668113708,0.3003870099782944,0.0,0.0,0.0,1.0196125507354736,0.061734672635793686,1.0293238162994385,0.0393056757748127,0.02024766616523266,-0.38087502121925354,0.007086683064699173,-0.37378832697868347,0.0009826093446463346,-0.008486074395477772,-0.34603071212768555,-0.0029701259918510914,-0.34900084137916565,-0.047862257808446884,-0.03957910090684891,-0.2886737585067749,-0.013852684758603573,-0.30252644419670105,-0.050212834030389786,-0.07474847882986069,-0.2267037332057953,-0.02616196684539318,-0.2528657019138336,-0.08437104523181915,-0.08827441930770874,-0.17945978045463562,-0.03089604713022709,-0.21035583317279816,0.054403383284807205,0.06242857128381729,-0.16168548166751862,0.021849999204277992,-0.13983547687530518,0.060603756457567215,0.05263596773147583,-0.30429720878601074,0.01842258870601654,-0.285874605178833,0.04842926561832428,0.032831914722919464,-0.11908523738384247,0.011491170153021812,-0.1075940653681755,0.07961981743574142,0.08600977063179016,0.20095454156398773,0.030103418976068497,0.23105795681476593,0.0011875871568918228,0.012729431502521038,0.44727393984794617,0.004455300979316235,0.4517292380332947,-0.005077678710222244,-0.019438879564404488,0.4842694401741028,-0.006803607568144798,0.47746583819389343
2.6,0.0,0.075,0.0,-0.02151823094379704,0.0260322247241338,-0.20009037341491176,-0.1552695780992508,0.2670956328511238,0.0,0.0,0.0,1.036331295967102,0.06038379296660423,1.044806718826294,0.03301180899143219,0.024076908826828003,-0.38447335362434387,0.008426917716860771,-0.37604644894599915,-0.0019522805232554674,-0.00652593607082963,-0.3570104241371155,-0.0022840776946395636,-0.35929450392723083,-0.03541114553809166,-0.03832871466875076,-0.30360835790634155,-0.013415049761533737,-0.3170233964920044,-0.059970300644636154,-0.07031502574682236,-0.24093253910541534,-0.024610258638858795,-0.26554280519485474,-0.07753856480121613,-0.08505366742610931,-0.18854238092899323,-0.02976878359913826,-0.2183111608028412,0.06049862876534462,0.06184958666563034,-0.16278743743896484,0.02164735458791256,-0.14114008843898773,0.050087641924619675,0.05187147110700607,-0.2998226583003998,0.018155014142394066,-0.28166764974594116,0.04820304363965988,0.03744325414299965,-0.13513855636119843,0.013105139136314392,-0.12203341722488403,0.07962159067392349,0.08409331738948822,0.18025776743888855,0.029432659968733788,0.2096904218196869,0.01863710768520832,0.014501734636723995,0.44241270422935486,0.005075606983155012,0.44748830795288086,-0.011914740316569805,-0.01718163676559925,0.500053882598877,-0.006013572681695223,0.494040310382843
2.62,0.0,0.075,0.0,-0.027409834686832113,0.014533423565194263,-0.25141554511446085,-0.1550644487142563,0.26740332692861557,0.0,0.0,0.0,1.0510956048965454,0.059157032519578934,1.0573042631149292,0.050415005534887314,0.031978338956832886,-0.3860321640968323,0.01119241863489151,-0.37483975291252136,0.012831882573664188,-0.0007185905706137419,-0.36645710468292236,-0.0002515066880732775,-0.3667086064815521,-0.016833707690238953,-0.0318802110850811,-0.3179948627948761,-0.01115807332098484,-0.3291529417037964,-0.058115020394325256,-0.06665502488613129,-0.2557692527770996,-0.02332925796508789,-0.2790985107421875,-0.085019052028656,-0.0850432813167572,-0.1991991251707077,-0.02976514771580696,-0.22896426916122437,0.04286197945475578,0.056153304874897,-0.16593855619430542,0.01965365558862686,-0.14628490805625916,0.0648021399974823,0.05575067177414894,-0.2932312786579132,0.019512735307216644,-0.27371853590011597,0.05274681746959686,0.0420343242585659,-0.14963971078395844,0.014712013304233551,-0.1349276900291443,0.07031753659248352,0.07996058464050293,0.15901267528533936,0.027986204251646996,0.1869988739490509,0.02174273319542408,0.016674034297466278,0.43544524908065796,0.005835911724716425,0.44128116965293884,-0.0011578667908906937,-0.012374505400657654,0.5142582058906555,-0.004331076983362436,0.5099271535873413
2.64,0.0,0.075,0.0,-0.031819443198917934,0.007650187926086206,-0.2770561472545756,-0.16442473232746124,0.25336290150880814,0.0,0.0,0.0,1.0637000799179077,0.05855455994606018,1.067350149154663,0.05344001576304436,0.03841684013605118,-0.38552266359329224,0.013445894233882427,-0.37207677960395813,0.017766835168004036,0.004827037453651428,-0.37419652938842773,0.0016894630389288068,-0.3725070655345917,-0.02059027925133705,-0.028493231162428856,-0.3315679728984833,-0.009972630999982357,-0.3415406048297882,-0.04347740486264229,-0.05970173701643944,-0.2709401845932007,-0.02089560776948929,-0.2918357849121094,-0.087988942861557,-0.08592697978019714,-0.2112334817647934,-0.03007444180548191,-0.24130792915821075,0.03232336789369583,0.04900432378053665,-0.17108072340488434,0.01715151220560074,-0.153929203748703,0.0776919573545456,0.062333058565855026,-0.2845902740955353,0.021816570311784744,-0.26277369260787964,0.05148955434560776,0.04487089440226555,-0.1624409407377243,0.015704812481999397,-0.14673613011837006,0.07355158776044846,0.07803788781166077,0.13743574917316437,0.02731326036155224,0.16474901139736176,0.01379169337451458,0.015809331089258194,0.42644253373146057,0.005533265881240368,0.4319758117198944,-0.0027544666081666946,-0.009488494135439396,0.5267376899719238,-0.00332097290083766,0.5234166979789734
2.66,0.0,0.075,0.0,-0.03936060579981346,-0.0007211567643271204,-0.30344292662645,-0.15240903198719025,0.27138645201921463,0.0,0.0,0.0,1.0739778280258179,0.057531945407390594,1.0749189853668213,0.062353406101465225,0.04559781029820442,-0.38295429944992065,0.015959233045578003,-0.36699506640434265,0.02418605238199234,0.010634741745889187,-0.3800859749317169,0.003722159657627344,-0.3763638138771057,-0.030127201229333878,-0.028983421623706818,-0.34407728910446167,-0.010144197382032871,-0.35422149300575256,-0.02779124677181244,-0.05012859031558037,-0.2861655652523041,-0.017545007169246674,-0.30371057987213135,-0.09222836792469025,-0.08781739324331284,-0.22442349791526794,-0.030736086890101433,-0.2551595866680145,0.02854934334754944,0.04286782816052437,-0.17811910808086395,0.015003739856183529,-0.16311536729335785,0.06924176961183548,0.06440567225217819,-0.27398765087127686,0.022541984915733337,-0.2514456510543823,0.04227384179830551,0.04409177601337433,-0.1734117716550827,0.015432121232151985,-0.15797965228557587,0.07115258276462555,0.0759722962975502,0.1157468780875206,0.02659030258655548,0.14233717322349548,-0.016972530633211136,0.00597477238625288,0.4154963195323944,0.0020911702886223793,0.4175874888896942,0.005335421301424503,-0.005041319411247969,0.5373651385307312,-0.0017644617473706603,0.5356006622314453
2.68,0.0,0.075,0.0,-0.042695450480772966,-0.0026539806540905775,-0.30329513198026886,-0.1592077910900116,0.2611883133649826,0.0,0.0,0.0,1.0817984342575073,0.05619090795516968,1.0822482109069824,0.060672443360090256,0.05012019723653793,-0.3783744275569916,0.017542067915201187,-0.3608323633670807,0.01409541442990303,0.011672943830490112,-0.38401681184768677,0.004085530061274767,-0.3799312710762024,-0.016770485788583755,-0.0253195408731699,-0.3552921414375305,-0.008861838839948177,-0.36415398120880127,-0.04698089882731438,-0.04918428510427475,-0.30116456747055054,-0.017214499413967133,-0.31837907433509827,-0.08324611186981201,-0.08644600957632065,-0.2385258674621582,-0.030256103724241257,-0.26878196001052856,0.04449189081788063,0.04335504770278931,-0.18692389130592346,0.015174266882240772,-0.17174962162971497,0.04370101913809776,0.058194275945425034,-0.2615315020084381,0.020367996767163277,-0.24116350710391998,0.04270428419113159,0.04367552697658539,-0.18244042992591858,0.015286434441804886,-0.167153999209404,0.06801865249872208,0.07358620315790176,0.0941670835018158,0.025755170732736588,0.11992225050926208,-0.007424754090607166,0.00195491430349648,0.40271812677383423,0.0006842199945822358,0.4034023582935333,0.008552388288080692,-0.0009632068686187267,0.5460323095321655,-0.0003371223865542561,0.5456951856613159
2.7,0.0,0.075,0.0,-0.045553588761685145,-0.0026057216419004773,-0.2981160126178943,-0.16764146089553833,0.2485378086566925,0.0,0.0,0.0,1.087066888809204,0.05527237057685852,1.0889381170272827,0.05601651594042778,0.0518890917301178,-0.37186747789382935,0.01816118136048317,-0.3537063002586365,-0.006188832223415375,0.006314410362392664,-0.385916531085968,0.002210043603554368,-0.3837064802646637,0.0012661125510931015,-0.01734384335577488,-0.36500564217567444,-0.006070345174521208,-0.37107598781585693,-0.07161476463079453,-0.05591342970728874,-0.3156605660915375,-0.019569700583815575,-0.3352302610874176,-0.07323474436998367,-0.08248263597488403,-0.25328052043914795,-0.02886892296373844,-0.28214943408966064,0.06835871934890747,0.050856150686740875,-0.19733268022537231,0.017799653112888336,-0.17953303456306458,0.023419205099344254,0.04776175692677498,-0.24734872579574585,0.016716614365577698,-0.23063211143016815,0.03921755403280258,0.042338136583566666,-0.18943488597869873,0.014818347990512848,-0.17461654543876648,0.0708565041422844,0.07276729494333267,0.07291626185178757,0.025468552485108376,0.0983848124742508,0.008268209174275398,0.0038489028811454773,0.38823816180229187,0.0013471159618347883,0.3895852863788605,0.010589548386633396,0.0025026199873536825,0.5526508688926697,0.0008759169722907245,0.553526759147644
2.72,0.0,0.075,0.0,-0.04814782030039514,-0.0032261148625795087,-0.2935365176601447,-0.1692575216293335,0.24611371755599976,0.0,0.0,0.0,1.089721918106079,0.054930973798036575,1.0893610715866089,0.06487865000963211,0.05578595772385597,-0.363553524017334,0.019525084644556046,-0.34402844309806824,0.017874116078019142,0.009782321751117706,-0.3857501149177551,0.0034238125663250685,-0.38232630491256714,0.00017467886209487915,-0.012088286690413952,-0.3730386793613434,-0.004230900201946497,-0.37726956605911255,-0.04155922308564186,-0.0516071692109108,-0.3293861746788025,-0.01806250959634781,-0.3474486768245697,-0.08251723647117615,-0.08249302208423615,-0.26841533184051514,-0.02887255698442459,-0.29728788137435913,0.03581898286938667,0.046345002949237823,-0.20915350317955017,0.01622075028717518,-0.19293275475502014,0.062266480177640915,0.05211317539215088,-0.2315838783979416,0.018239611759781837,-0.2133442610502243,0.04771014302968979,0.04394973814487457,-0.19432388246059418,0.015382408164441586,-0.17894147336483002,0.06606534868478775,0.0707567110657692,0.052210982888936996,0.02476484887301922,0.07697582989931107,-0.0003606528043746948,0.0025860359892249107,0.3722040355205536,0.0009051125962287188,0.3731091618537903,-0.0021554557606577873,0.0011051972396671772,0.5571532845497131,0.0003868190397042781,0.5575401186943054
2.74,0.0,0.075,0.0,-0.050601085209501455,-0.0032926286327991613,-0.2807114316452623,-0.15977254509925842,0.26034118235111237,0.0,0.0,0.0,1.0897328853607178,0.05425093695521355,1.088086485862732,0.07663517445325851,0.062040723860263824,-0.3535858690738678,0.02171425335109234,-0.3318716287612915,0.01937907189130783,0.012661347165703773,-0.38352060317993164,0.004431471228599548,-0.3790891170501709,0.0024110954254865646,-0.0077384719625115395,-0.3792431056499481,-0.0027084650937467813,-0.38195157051086426,-0.04794479161500931,-0.05050845816731453,-0.3420882821083069,-0.01767796091735363,-0.35976624488830566,-0.08066581189632416,-0.08194486051797867,-0.2836511433124542,-0.028680700808763504,-0.3123318552970886,0.037552885711193085,0.04370736703276634,-0.22216834127902985,0.015297578647732735,-0.20687076449394226,0.040100760757923126,0.04850945249199867,-0.214397594332695,0.01697830855846405,-0.19741928577423096,0.04633341729640961,0.04466484114527702,-0.1970575749874115,0.015632694587111473,-0.18142488598823547,0.05674751475453377,0.06655395030975342,0.03226223960518837,0.023293882608413696,0.055556122213602066,-0.007132791914045811,-0.0003296125214546919,0.35477912425994873,-0.00011536438250914216,0.35466375946998596,0.0027282992377877235,0.001592127839103341,0.5594937801361084,0.0005572447553277016,0.5600510239601135
2.7600000000000002,0.0,0.075,0.0,-0.05355880128490468,-0.002933900904267688,-0.26593036228600064,-0.16557039320468903,0.25164441019296646,0.0,0.0,0.0,1.0870983600616455,0.05105001479387283,1.0835682153701782,0.06482309848070145,0.06287543475627899,-0.3421483635902405,0.022006401792168617,-0.3201419711112976,0.021981505677103996,0.015457394532859325,-0.3792691230773926,0.00541008822619915,-0.3738590478897095,-0.004725215956568718,-0.006834494881331921,-0.3835044503211975,-0.0023920731619000435,-0.3858965337276459,-0.007636853493750095,-0.037646979093551636,-0.3535325825214386,-0.013176442123949528,-0.36670902371406555,-0.07650797069072723,-0.0803137943148613,-0.29870694875717163,-0.028109828010201454,-0.32681676745414734,0.011235311627388,0.03396575152873993,-0.23613713681697845,0.01188801322132349,-0.22424912452697754,0.04748040810227394,0.04820074141025543,-0.1959650218486786,0.01687025837600231,-0.17909476161003113,0.03440257906913757,0.04158616438508034,-0.1976081281900406,0.014555157162249088,-0.18305297195911407,0.05409906432032585,0.06281748414039612,0.013273315504193306,0.02198611944913864,0.0352594330906868,-0.009690028615295887,-0.003137737512588501,0.3361409604549408,-0.0010982081294059753,0.3350427448749542,-0.011518421582877636,-0.0023410371504724026,0.5596484541893005,-0.0008193629910238087,0.5588290691375732
2.7800000000000002,0.0,0.075,0.0,-0.05554442162389218,-0.0019080160600200033,-0.24820094000647464,-0.16248564422130585,0.25627153366804123,0.0,0.0,0.0,1.0818428993225098,0.048406701534986496,1.0787465572357178,0.05954689905047417,0.061876874417066574,-0.32945194840431213,0.021656906232237816,-0.30779504776000977,-0.0016526628751307726,0.010324377566576004,-0.37307411432266235,0.003613532055169344,-0.3694605827331543,0.008954454213380814,-0.0020978099200874567,-0.3857441246509552,-0.0007342334720306098,-0.38647836446762085,-0.037310291081666946,-0.03754597157239914,-0.363508015871048,-0.013141090050339699,-0.3766491115093231,-0.06647069752216339,-0.07616086304187775,-0.3133050501346588,-0.02665630169212818,-0.33996134996414185,0.04265528544783592,0.03657261282205582,-0.25080227851867676,0.012800414115190506,-0.23800186812877655,0.012363975867629051,0.037449710071086884,-0.17647399008274078,0.01310739852488041,-0.16336658596992493,0.026463141664862633,0.03704925626516342,-0.19596993923187256,0.012967239134013653,-0.18300269544124603,0.05951396003365517,0.0618264302611351,-0.004562279675155878,0.021639250218868256,0.017076971009373665,-0.011470811441540718,-0.005637659691274166,0.31647950410842896,-0.0019731807988137007,0.31450632214546204,-0.005763198249042034,-0.003367685480043292,0.5576157569885254,-0.0011786898830905557,0.556437075138092
2.8000000000000003,0.0,0.075,0.0,-0.05799918321937709,0.0001942660035182435,-0.22520624376002388,-0.157414048910141,0.2638789266347885,0.0,0.0,0.0,1.074015736579895,0.047426946461200714,1.0711544752120972,0.06214407458901405,0.06195703521370888,-0.3157307803630829,0.021684961393475533,-0.2940458059310913,-0.0020142581779509783,0.00662278663367033,-0.365049809217453,0.002317975275218487,-0.36273184418678284,0.03512817621231079,0.009069986641407013,-0.38592082262039185,0.0031744951847940683,-0.3827463388442993,-0.06089663878083229,-0.044551171362400055,-0.3718305826187134,-0.015592909418046474,-0.38742348551750183,-0.06305436789989471,-0.07222891598939896,-0.3271762430667877,-0.025280119851231575,-0.35245636105537415,0.04476514831185341,0.039030373096466064,-0.26589325070381165,0.013660630211234093,-0.2522326111793518,0.016634978353977203,0.03120529092848301,-0.1561231166124344,0.010921851731836796,-0.14520126581192017,0.022376911714673042,0.032647550106048584,-0.19215966761112213,0.011426642537117004,-0.18073302507400513,0.05554566904902458,0.059942200779914856,-0.02106279321014881,0.02097976952791214,-8.302368223667145e-05,0.0020860806107521057,-0.003320537507534027,0.2959951162338257,-0.0011621881276369095,0.29483291506767273,-0.009793068282306194,-0.005295300390571356,0.55341637134552,-0.0018533550901338458,0.551563024520874
2.82,0.0,0.075,0.0,-0.05928600778247143,0.0007317271876323664,-0.2154828397933777,-0.1387157440185547,0.29192638397216797,0.0,0.0,0.0,1.063688039779663,0.04603470489382744,1.061904788017273,0.054295770823955536,0.059658654034137726,-0.30123797059059143,0.020880527794361115,-0.2803574502468109,-0.009467602707445621,0.0017956695519387722,-0.3553442060947418,0.0006284843548201025,-0.3547157347202301,0.03955100104212761,0.018214290961623192,-0.3840312957763672,0.00637500174343586,-0.3776562809944153,-0.06808149814605713,-0.05161026865243912,-0.3783468008041382,-0.01806359365582466,-0.39641040563583374,-0.05683474242687225,-0.06761066615581512,-0.34006467461586,-0.023663733154535294,-0.363728404045105,0.04574247822165489,0.04104400426149368,-0.2811317443847656,0.01436540111899376,-0.26676633954048157,-0.004303365014493465,0.02055269479751587,-0.13511981070041656,0.007193442899733782,-0.12792636454105377,0.00954468734562397,0.025716692209243774,-0.18621616065502167,0.009000842459499836,-0.1772153228521347,0.05317273363471031,0.057911358773708344,-0.03606007620692253,0.02026897482573986,-0.01579110138118267,0.002027863636612892,-0.001716017141006887,0.2748965620994568,-0.00060060597024858,0.27429595589637756,-0.010139021091163158,-0.00674841646105051,0.5470930933952332,-0.0023619458079338074,0.5447311401367188
2.84,0.0,0.075,0.0,-0.060878815669038605,0.004081440934324507,-0.1870469392557676,-0.13601906597614288,0.2959714010357857,0.0,0.0,0.0,1.0509511232376099,0.04626081511378288,1.049630880355835,0.052112020552158356,0.057394661009311676,-0.2862407863140106,0.020088130608201027,-0.26615265011787415,-0.0032009321730583906,0.00029668904608115554,-0.3441363275051117,0.00010384116467321292,-0.34403249621391296,0.05783730372786522,0.030101194977760315,-0.38011038303375244,0.010535418055951595,-0.36957496404647827,-0.08194389194250107,-0.0607103556394577,-0.3829364776611328,-0.021248623728752136,-0.40418511629104614,-0.05267035588622093,-0.06312857568264008,-0.35173264145851135,-0.022095000371336937,-0.37382763624191284,0.046649955213069916,0.04272579029202461,-0.29623672366142273,0.01495402678847313,-0.2812826931476593,-0.00404434185475111,0.013173582963645458,-0.11367807537317276,0.004610754083842039,-0.10906732082366943,0.01051110029220581,0.021155014634132385,-0.17820000648498535,0.007404255215078592,-0.1707957535982132,0.050528813153505325,0.05569659546017647,-0.04940129816532135,0.01949380896985531,-0.02990748919546604,0.003792060539126396,-6.359373219311237e-05,0.2533988058567047,-2.225780553999357e-05,0.2533765435218811,-0.007808311842381954,-0.007066385354846716,0.538710355758667,-0.002473234897479415,0.5362371206283569
2.86,0.0,0.075,0.0,-0.062317481996505865,0.008716525336613677,-0.15346130969003252,-0.1291838139295578,0.3062242791056633,0.0,0.0,0.0,1.0359145402908325,0.04574247822165489,1.0334899425506592,0.05966123566031456,0.05807463079690933,-0.27101582288742065,0.020326120778918266,-0.25068971514701843,0.007264873944222927,0.0023871446028351784,-0.3316328525543213,0.0008355005993507802,-0.33079734444618225,0.06047353520989418,0.039212897419929504,-0.37423041462898254,0.013724514283239841,-0.3605059087276459,-0.05679614841938019,-0.05953609198331833,-0.3855149745941162,-0.020837631076574326,-0.40635260939598083,-0.05916140601038933,-0.06193842366337776,-0.3619649112224579,-0.021678447723388672,-0.38364335894584656,0.02359062060713768,0.03698524087667465,-0.3109295666217804,0.012944834306836128,-0.2979847192764282,0.01117933914065361,0.012575309723615646,-0.09201642870903015,0.004401358310133219,-0.08761507272720337,0.009212711825966835,0.017572324723005295,-0.16819284856319427,0.006150313653051853,-0.1620425283908844,0.046697504818439484,0.05299687013030052,-0.06095051020383835,0.018548903986811638,-0.04240160435438156,0.009003626182675362,0.002656572265550494,0.2317209243774414,0.0009298002696596086,0.2326507270336151,-0.021971173584461212,-0.011537821963429451,0.5283536314964294,-0.004038237500935793,0.5243154168128967
2.88,0.0,0.075,0.0,-0.06386377166689033,0.013249900452165808,-0.11771174858486542,-0.11486399173736572,0.3277040123939514,0.0,0.0,0.0,1.0187056064605713,0.04386574774980545,1.0153107643127441,0.062069784849882126,0.05927317589521408,-0.2558439373970032,0.02074561081826687,-0.23509833216667175,0.004107099026441574,0.0029031308367848396,-0.31806445121765137,0.0010160957463085651,-0.3170483410358429,0.05315127223730087,0.043394409120082855,-0.3664998412132263,0.015188043005764484,-0.3513118028640747,-0.03066353127360344,-0.05087432265281677,-0.3860347270965576,-0.01780601218342781,-0.4038407504558563,-0.06141752749681473,-0.06178215518593788,-0.3705728054046631,-0.021623754873871803,-0.39219656586647034,0.008372148498892784,0.028401313349604607,-0.3249393105506897,0.00994045939296484,-0.3149988651275635,0.006981428246945143,0.010897144675254822,-0.0703556165099144,0.0038140006363391876,-0.06654161214828491,-0.0060633886605501175,0.010481610894203186,-0.15629670023918152,0.003668563673272729,-0.15262813866138458,0.047044090926647186,0.05121103674173355,-0.07059001177549362,0.017923861742019653,-0.05266615003347397,-0.004847344011068344,0.0004053972661495209,0.21008385717868805,0.00014188904606271535,0.21022574603557587,-0.024692591279745102,-0.015484252944588661,0.516128420829773,-0.005419488530606031,0.5107089281082153
2.9,0.0,0.075,0.0,-0.06496595116842328,0.017118098517936154,-0.0842447226820884,-0.10009276121854782,0.34986085817217827,0.0,0.0,0.0,0.9994679689407349,0.0432201623916626,0.9938523769378662,0.05380868539214134,0.05763382837176323,-0.24100488424301147,0.020171839743852615,-0.22083304822444916,-0.011368552222847939,-0.001378374407067895,-0.303681343793869,-0.00048243103083223104,-0.30416378378868103,0.056387778371572495,0.04729241877794266,-0.3570612370967865,0.01655234582722187,-0.3405088782310486,-0.04324501380324364,-0.04858553037047386,-0.3844861686229706,-0.017004935070872307,-0.40149110555648804,-0.0367814376950264,-0.054281942546367645,-0.3773975372314453,-0.018998678773641586,-0.3963962197303772,0.031295984983444214,0.029269713908433914,-0.33800753951072693,0.010244399309158325,-0.3277631402015686,-0.0028070518746972084,0.00678588543087244,-0.04891636595129967,0.002375059761106968,-0.046541307121515274,-0.0073541197925806046,0.0051308912225067616,-0.14263278245925903,0.0017958119278773665,-0.14083696901798248,0.059242215007543564,0.053620390594005585,-0.07822158187627792,0.018767137080430984,-0.05945444479584694,-0.005753302946686745,-0.0014422128442674875,0.18870806694030762,-0.0005047745071351528,0.18820329010486603,-0.043821949511766434,-0.023985562846064568,0.5021592974662781,-0.008394947275519371,0.49376434087753296
2.92,0.0,0.075,0.0,-0.06605132800050738,0.021923605589180124,-0.047446945524396135,-0.07723383605480194,0.3841492459177971,0.0,0.0,0.0,0.9783617854118347,0.04089760035276413,0.9740481376647949,0.04387923702597618,0.053507450968027115,-0.22677239775657654,0.018727608025074005,-0.20804479718208313,0.001190290553495288,-0.0006077748839743435,-0.28874877095222473,-0.0002127212064806372,-0.2889614999294281,0.0457434356212616,0.04682772234082222,-0.3460886478424072,0.01638970337808132,-0.32969895005226135,-0.02461395598948002,-0.041394058614969254,-0.3808978199958801,-0.014487920328974724,-0.3953857421875,-0.06597156822681427,-0.057788826525211334,-0.38231325149536133,-0.020226089283823967,-0.40253934264183044,-0.0002729911357164383,0.020406901836395264,-0.3498932421207428,0.0071424157358706,-0.34275081753730774,-0.018762968480587006,-0.0008787713013589382,-0.027917152270674706,-0.0003075699496548623,-0.028224721550941467,-0.019038837403059006,-0.0021200275514274836,-0.12734033167362213,-0.0007420096080750227,-0.12808233499526978,0.03935062885284424,0.04933946207165718,-0.08376744389533997,0.017268812283873558,-0.06649862974882126,-0.005163274705410004,-0.0025585314724594355,0.16781140863895416,-0.0008954859804362059,0.1669159233570099,-0.031089458614587784,-0.026116732507944107,0.48658862709999084,-0.009140856564044952,0.4774477779865265
2.94,0.0,0.075,0.0,-0.0668815735579405,0.02695726081852305,-0.00896707913842724,-0.0677776038646698,0.3983335942029953,0.0,0.0,0.0,0.9555640816688538,0.040902797132730484,0.9490559697151184,0.04123890399932861,0.049826886504888535,-0.213408961892128,0.017439410090446472,-0.19596955180168152,-0.013568675145506859,-0.004496045410633087,-0.273542195558548,-0.0015736158238723874,-0.27511581778526306,0.06521938741207123,0.05234522372484207,-0.3337845206260681,0.018320828676223755,-0.31546369194984436,-0.046544671058654785,-0.04293924197554588,-0.3753358721733093,-0.015028734691441059,-0.3903646171092987,-0.02458418905735016,-0.04782743752002716,-0.3852292597293854,-0.016739603132009506,-0.4019688665866852,0.02003510668873787,0.020295362919569016,-0.3603771924972534,0.007103377021849155,-0.35327380895614624,-0.014312493614852428,-0.0049088881351053715,-0.00757197430357337,-0.0017181108705699444,-0.009290085174143314,-0.029483355581760406,-0.010329026728868484,-0.11057517677545547,-0.003615159308537841,-0.11419033259153366,0.05190500244498253,0.050109125673770905,-0.08717108517885208,0.017538193613290787,-0.069632887840271,-0.029312312602996826,-0.010584665462374687,0.14760680496692657,-0.003704632865265012,0.14390216767787933,-0.05049680173397064,-0.03343075513839722,0.46957510709762573,-0.011700764298439026,0.4578743577003479
2.96,0.0,0.075,0.0,-0.06792159307858445,0.03287104036170658,0.030457931108547182,-0.05167938768863678,0.42248091846704483,0.0,0.0,0.0,0.931269645690918,0.03920677304267883,0.9260641932487488,0.01938270777463913,0.04069363325834274,-0.20116105675697327,0.014242771081626415,-0.18691828846931458,-0.013576237484812737,-0.007220103405416012,-0.25834208726882935,-0.002527036238461733,-0.2608691155910492,0.0539742074906826,0.0528339222073555,-0.3203757107257843,0.018491871654987335,-0.30188384652137756,-0.019979363307356834,-0.036051277071237564,-0.367902934551239,-0.012617946602404118,-0.38052088022232056,-0.0552138090133667,-0.05004335194826126,-0.38609179854393005,-0.01751517318189144,-0.40360698103904724,-0.008686446584761143,0.01160082034766674,-0.36926600337028503,0.004060287028551102,-0.36520570516586304,-0.03491911292076111,-0.013911955989897251,0.011911844834685326,-0.004869184456765652,0.007042660377919674,-0.03560720011591911,-0.017912479117512703,-0.09250818192958832,-0.006269367411732674,-0.09877754747867584,0.033230338245630264,0.04504548758268356,-0.08839782327413559,0.015765920281410217,-0.07263190299272537,-0.01092079933732748,-0.010685505345463753,0.12830016016960144,-0.0037399267312139273,0.12456023693084717,-0.04903488978743553,-0.03811199590563774,0.4512920677661896,-0.01333919819444418,0.4379528760910034
2.98,0.0,0.075,0.0,-0.0682236674719836,0.0385113836123512,0.0662620466294556,-0.02455492503941059,0.4631676124408841,0.0,0.0,0.0,0.9056931734085083,0.04149705916643143,0.8980039954185486,0.02705499716103077,0.036602042615413666,-0.1902545690536499,0.012810714542865753,-0.17744386196136475,-0.024459147825837135,-0.012391816824674606,-0.24342875182628632,-0.004337135702371597,-0.24776588380336761,0.07485167682170868,0.05943924933671951,-0.30610957741737366,0.02080373652279377,-0.28530582785606384,-0.0550500713288784,-0.041750915348529816,-0.3587360978126526,-0.014612819999456406,-0.3733489215373993,-0.01668468303978443,-0.04003575071692467,-0.38488495349884033,-0.014012512750923634,-0.3988974690437317,0.021651294082403183,0.014615962281823158,-0.3763957917690277,0.005115586798638105,-0.3712801933288574,-0.030200820416212082,-0.018798615783452988,0.03033575415611267,-0.006579515524208546,0.0237562395632267,-0.03391176462173462,-0.022712264209985733,-0.07332344353199005,-0.007949292659759521,-0.08127273619174957,0.04938681796193123,0.04634788632392883,-0.08743514865636826,0.01622175984084606,-0.07121338695287704,-0.008710401132702827,-0.010092973709106445,0.11008822917938232,-0.003532540751621127,0.10655568540096283,-0.07273159921169281,-0.04849787801504135,0.43192583322525024,-0.016974257305264473,0.4149515628814697
3.0,0.0,0.075,0.0,-0.06820029301206812,0.04616585730835777,0.11096196596843051,-0.023812858387827873,0.4642807124182582,0.0,0.0,0.0,0.8790714740753174,0.04223291948437691,0.8722637891769409,0.0023848884738981724,0.026336895301938057,-0.18089066445827484,0.009217913262546062,-0.1716727465391159,-0.026473378762602806,-0.01661628484725952,-0.2290772646665573,-0.0058156996965408325,-0.23489296436309814,0.06761114299297333,0.06189081817865372,-0.29124924540519714,0.0216617863625288,-0.2695874571800232,-0.04112166538834572,-0.04156213998794556,-0.34800440073013306,-0.01454674918204546,-0.36255115270614624,-0.03748367354273796,-0.039270129054784775,-0.3816309869289398,-0.013744545169174671,-0.395375519990921,4.439614713191986e-05,0.010244492441415787,-0.38163504004478455,0.0035855723544955254,-0.37804946303367615,-0.03960750997066498,-0.025041285902261734,0.047512006014585495,-0.008764449506998062,0.03874755650758743,-0.049935050308704376,-0.030879100784659386,-0.05321647599339485,-0.010807685554027557,-0.06402416527271271,0.034786101430654526,0.04287935048341751,-0.08429288119077682,0.015007772482931614,-0.06928510963916779,-0.021984508261084557,-0.013660434633493423,0.0931565910577774,-0.004781152121722698,0.08837544173002243,-0.06257858872413635,-0.05272209271788597,0.41167378425598145,-0.018452731892466545,0.39322105050086975
3.02,0.0,0.075,0.0,-0.0662935235685799,0.05607968978898062,0.1786415065633283,0.021716607734560966,0.5325749116018414,0.022802438121289015,0.0,0.022802438121289015,0.8589937686920166,0.0444277785718441,0.8568487167358398,0.020979037508368492,0.024729538708925247,-0.2104874700307846,0.008655338548123837,-0.2018321305513382,-0.02387099899351597,-0.01879270002245903,-0.2700388431549072,-0.006577444728463888,-0.27661627531051636,0.07748878002166748,0.0665702074766159,-0.3307926058769226,0.023299572989344597,-0.30749303102493286,-0.03919646888971329,-0.040852438658475876,-0.37378913164138794,-0.014298353344202042,-0.3880874812602997,-0.04192786663770676,-0.04006744921207428,-0.38561034202575684,-0.014023606665432453,-0.3996339440345764,-0.0031713293865323067,0.006219745613634586,-0.3625671863555908,0.0021769108716398478,-0.3603902757167816,-0.04318586736917496,-0.03048465959727764,0.09934528917074203,-0.010669630952179432,0.08867565542459488,-0.03589235991239548,-0.03238308057188988,0.19806495308876038,-0.011334078386425972,0.18673087656497955,0.04154588654637337,0.04247931018471718,0.1177990511059761,0.014867758378386497,0.13266681134700775,0.014501390978693962,-0.005211886949837208,0.046093348413705826,-0.001824160455726087,0.04426918923854828,-0.07681309431791306,-0.05994939059019089,0.16202345490455627,-0.02098228596150875,0.14104117453098297
3.04,0.0,0.075,0.0,-0.06316530736210292,0.0696636697597077,0.25278385002305753,0.0969950407743454,0.6454925611615181,0.10184479281306266,0.0,0.10184479281306266,0.8501384258270264,0.05573772266507149,0.8502748012542725,-0.014949806034564972,0.012825734913349152,-0.19852861762046814,0.004489006940275431,-0.19403961300849915,-0.09089924395084381,-0.040424663573503494,-0.2548799216747284,-0.014148632064461708,-0.26902854442596436,0.10306696593761444,0.0775192379951477,-0.3171643018722534,0.027131732553243637,-0.2900325655937195,-0.12179861217737198,-0.06513629108667374,-0.36594444513320923,-0.022797701880335808,-0.3887421488761902,-0.04113481938838959,-0.04038766026496887,-0.3859974145889282,-0.014135681092739105,-0.4001331031322479,0.03435535356402397,0.0146604273468256,-0.3710651993751526,0.005131149664521217,-0.3659340441226959,-0.11329973489046097,-0.055329181253910065,0.08853752911090851,-0.019365213811397552,0.06917231529951096,-0.07198147475719452,-0.0442625992000103,0.20883165299892426,-0.015491909347474575,0.1933397501707077,0.012947635725140572,0.03361980617046356,0.13948678970336914,0.011766931973397732,0.15125371515750885,-0.07682744413614273,-0.026696553453803062,0.05724256858229637,-0.009343793615698814,0.047898776829242706,-0.08620954304933548,-0.06782743334770203,0.15160223841667175,-0.02373960055410862,0.12786263227462769
3.06,0.0,0.075,0.0,-0.06018806076900202,0.07930601467635565,0.30861989252730737,0.15322746336460114,0.7298411950469017,0.16088883653283118,0.0,0.16088883653283118,0.8405541181564331,0.061690159142017365,0.8446941375732422,0.03801273927092552,0.020381836220622063,-0.18795974552631378,0.007133642677217722,-0.1808260977268219,-0.06381002813577652,-0.04744027554988861,-0.24007165431976318,-0.016604095697402954,-0.25667575001716614,0.08133281767368317,0.07866331189870834,-0.30273786187171936,0.02753215841948986,-0.27520570158958435,-0.04164309799671173,-0.058088332414627075,-0.3564019799232483,-0.020330915227532387,-0.37673288583755493,-0.11961318552494049,-0.06415531784296036,-0.3843168318271637,-0.022454360499978065,-0.406771183013916,-0.034064795821905136,4.286039620637894e-05,-0.3777709901332855,1.5001138308434747e-05,-0.3777559995651245,-0.088875912129879,-0.06539320200681686,0.07588900625705719,-0.022887621074914932,0.05300138518214226,-0.09294672310352325,-0.05886783450841904,0.2176453024148941,-0.020603742450475693,0.1970415562391281,0.030326077714562416,0.03263168781995773,0.16104169189929962,0.011421090923249722,0.17246277630329132,-0.004351804032921791,-0.01999312825500965,0.07021060585975647,-0.0069975946098566055,0.06321301311254501,-0.08931135386228561,-0.07427261024713516,0.14315181970596313,-0.025995412841439247,0.11715640872716904
3.08,0.0,0.075,0.0,-0.05601928519119903,0.09028634129823297,0.3609492123085187,0.08618395030498505,0.6292759254574776,0.0904931478202343,0.0,0.0904931478202343,0.8304261565208435,0.06717071682214737,0.832475483417511,-0.01786172389984131,0.008908768184483051,-0.17897579073905945,0.0031180689111351967,-0.17585772275924683,-0.06657259911298752,-0.05317997187376022,-0.22588713467121124,-0.018612990155816078,-0.24450013041496277,0.07262929528951645,0.07685310393571854,-0.28777942061424255,0.026898585259914398,-0.26088082790374756,-0.04240291938185692,-0.05338270589709282,-0.3453376889228821,-0.01868394762277603,-0.3640216290950775,-0.0648036003112793,-0.06434980034828186,-0.38059961795806885,-0.02252242900431156,-0.40312203764915466,0.022394541651010513,0.006748364772647619,-0.3825608789920807,0.0023619276471436024,-0.38019895553588867,-0.10414008796215057,-0.07701727002859116,0.06152861565351486,-0.026956044137477875,0.03457257151603699,-0.12836840748786926,-0.07971800863742828,0.22441606223583221,-0.0279013030230999,0.19651475548744202,0.030307235196232796,0.03193435072898865,0.18224407732486725,0.011177022941410542,0.19342109560966492,-0.023378044366836548,-0.021008603274822235,0.08486530184745789,-0.007353011053055525,0.07751229405403137,-0.11020839959383011,-0.08505334705114365,0.13675831258296967,-0.029768671840429306,0.10698963701725006
3.1,0.0,0.075,0.0,-0.05340328765815388,0.09845818106994286,0.40748038512543844,0.16540229320526123,0.7481034398078918,0.1736724078655243,0.0,0.1736724078655243,0.8199833035469055,0.07377713918685913,0.8257352709770203,0.06068771705031395,0.024442452937364578,-0.17174240946769714,0.008554858155548573,-0.16318754851818085,-0.09895648062229156,-0.0669129267334938,-0.21258799731731415,-0.023419523611664772,-0.23600752651691437,0.09530913829803467,0.08238991349935532,-0.2725648283958435,0.02883647009730339,-0.24372835457324982,-0.05662478134036064,-0.054355330765247345,-0.3329557180404663,-0.01902436465024948,-0.3519800901412964,-0.10150913894176483,-0.0754975974559784,-0.3749143183231354,-0.026424158364534378,-0.40133848786354065,-0.018679145723581314,-0.0008798884227871895,-0.38534650206565857,-0.00030796093051321805,-0.3856544494628906,-0.09348137676715851,-0.08195650577545166,0.045602697879076004,-0.02868477627635002,0.016917921602725983,-0.1139129176735878,-0.0899764820933342,0.22907495498657227,-0.03149176761507988,0.1975831836462021,0.061755791306495667,0.04088078439235687,0.20287790894508362,0.01430827472358942,0.21718618273735046,0.009505333378911018,-0.011854422278702259,0.10105733573436737,-0.0041490476578474045,0.09690828621387482,-0.08616190403699875,-0.08538591861724854,0.13248687982559204,-0.029885070398449898,0.10260181128978729
3.12,0.0,0.075,0.0,-0.05029036961112512,0.10686018093794447,0.4563224750897857,0.12922710180282593,0.6938406527042389,0.1356884568929672,0.0,0.1356884568929672,0.8094971776008606,0.07511517405509949,0.8189070224761963,-0.03622758761048317,0.006241439841687679,-0.16639305651187897,0.0021845039445906878,-0.1642085462808609,-0.07522917538881302,-0.06940779834985733,-0.20041953027248383,-0.024292729794979095,-0.22471225261688232,0.0603911466896534,0.07579028606414795,-0.25737470388412476,0.026526600122451782,-0.23084810376167297,-0.06793197989463806,-0.0584283247590065,-0.3194843530654907,-0.020449914038181305,-0.33993425965309143,-0.0913495421409607,-0.08025318384170532,-0.3673657774925232,-0.028088614344596863,-0.39545440673828125,-0.021650981158018112,-0.007111216429620981,-0.3860764801502228,-0.0024889258202165365,-0.38856539130210876,-0.05777651444077492,-0.07470250874757767,0.02827354706823826,-0.026145877316594124,0.0021276697516441345,-0.1107741966843605,-0.09621579945087433,0.23157449066638947,-0.033675529062747955,0.1978989541530609,0.029099738225340843,0.03734647110104561,0.22273290157318115,0.013071265071630478,0.23580417037010193,-0.027193428948521614,-0.01645612344145775,0.11862168461084366,-0.0057596429251134396,0.11286204308271408,-0.11787855625152588,-0.0951337069272995,0.1303810328245163,-0.033296797424554825,0.09708423912525177
3.14,0.0,0.075,0.0,-0.04752151418964053,0.11232790836196299,0.4829297612019028,0.11021630465984344,0.6653244569897652,0.11572711989283561,0.0,0.11572711989283561,0.7992790937423706,0.06936034560203552,0.8086680173873901,0.0429220125079155,0.017245613038539886,-0.163026362657547,0.006035964470356703,-0.1569903939962387,-0.05898531526327133,-0.06628105044364929,-0.18960615992546082,-0.023198368027806282,-0.21280452609062195,0.05993758141994476,0.07103447616100311,-0.24248920381069183,0.02486206591129303,-0.2176271378993988,0.023830007761716843,-0.03375082463026047,-0.3051721155643463,-0.011812788434326649,-0.3169848918914795,-0.08803126215934753,-0.0825866088271141,-0.3580932319164276,-0.028905313462018967,-0.3869985342025757,-0.03142218664288521,-0.014404507353901863,-0.3847373425960541,-0.005041577387601137,-0.38977891206741333,-0.07747121900320053,-0.07553312182426453,0.009717750363051891,-0.026436591520905495,-0.016718842089176178,-0.07495993375778198,-0.08983904123306274,0.23188920319080353,-0.03144366294145584,0.2004455327987671,0.040435198694467545,0.03827308863401413,0.2416067272424698,0.0133955804631114,0.25500231981277466,0.02034132368862629,-0.005416888277977705,0.13737936317920685,-0.0018959108274430037,0.13548345863819122,-0.03832443803548813,-0.07809092849493027,0.13046224415302277,-0.027331825345754623,0.10313041508197784
3.16,0.0,0.075,0.0,-0.04438249340955105,0.1160167178284663,0.5050182201982624,0.10415507853031158,0.6562326177954674,0.10936283245682715,0.0,0.10936283245682715,0.7896743416786194,0.06779961287975311,0.7968824505805969,-0.1012885719537735,-0.018314644694328308,-0.1617044359445572,-0.006410125643014908,-0.1681145578622818,-0.06240689381957054,-0.06511880457401276,-0.18034732341766357,-0.022791581228375435,-0.20313890278339386,0.053796570748090744,0.06586310267448425,-0.22818289697170258,0.02305208519101143,-0.20513081550598145,-0.016524717211723328,-0.028582992032170296,-0.2902829349040985,-0.010004047304391861,-0.3002869784832001,0.011788666248321533,-0.054274026304483414,-0.3472677171230316,-0.01899590902030468,-0.36626362800598145,-0.006704480852931738,-0.012094499543309212,-0.38135382533073425,-0.004233074840158224,-0.3855868875980377,-0.10022134333848953,-0.08293958753347397,-0.00987559650093317,-0.02902885526418686,-0.038904450833797455,-0.10121671110391617,-0.09325233846902847,0.23001588881015778,-0.032638318836688995,0.19737756252288818,0.07116761803627014,0.04814144968986511,0.25930705666542053,0.01684950664639473,0.27615657448768616,-0.04732983186841011,-0.017990771681070328,0.15713922679424286,-0.006296770181506872,0.15084245800971985,-0.08623573184013367,-0.08053436875343323,0.1327296793460846,-0.02818702906370163,0.10454265028238297
3.18,0.0,0.075,0.0,-0.04040452909649773,0.1210806805950276,0.5266210043930685,0.1179933100938797,0.6769899651408195,0.12389297559857368,0.0,0.12389297559857368,0.781053364276886,0.0657055675983429,0.7952881455421448,-0.098253034055233,-0.042296163737773895,-0.16245165467262268,-0.014803657308220863,-0.177255317568779,-0.07866106927394867,-0.06918148696422577,-0.1728138029575348,-0.02421352081000805,-0.197027325630188,0.04213471710681915,0.05874458700418472,-0.21471962332725525,0.020560605451464653,-0.19415901601314545,-0.1101972907781601,-0.05306728184223175,-0.2750914394855499,-0.018573548644781113,-0.29366499185562134,-0.05447646975517273,-0.05433475971221924,-0.3350888788700104,-0.019017165526747704,-0.35410603880882263,0.019024407491087914,-0.0027588270604610443,-0.37598830461502075,-0.0009655894828028977,-0.3769538998603821,-0.02854204550385475,-0.06662032753229141,-0.030306827276945114,-0.023317113518714905,-0.05362394079566002,-0.031059080734848976,-0.07459436357021332,0.22597363591194153,-0.0261080265045166,0.19986560940742493,0.03604830801486969,0.044513504952192307,0.2756534814834595,0.015579726547002792,0.29123321175575256,0.04651826620101929,0.0013619400560855865,0.17769992351531982,0.0004766790079884231,0.17817659676074982,-0.0998893529176712,-0.08634086698293686,0.13716024160385132,-0.0302193034440279,0.10694094002246857
3.2,0.0,0.075,0.0,-0.03827171402334105,0.1222915718042937,0.524535470099791,0.08311962336301804,0.624679435044527,0.08727560453116893,0.0,0.08727560453116893,0.7737987041473389,0.05477302893996239,0.7871091961860657,-0.03446617349982262,-0.03994716703891754,-0.16525423526763916,-0.01398150809109211,-0.17923574149608612,-0.010297326371073723,-0.05151623860001564,-0.1671445071697235,-0.0180306825786829,-0.18517519533634186,-0.0012012254446744919,0.04076084494590759,-0.20234769582748413,0.014266295358538628,-0.18808139860630035,0.006918124854564667,-0.035071659833192825,-0.2598778307437897,-0.012275081127882004,-0.2721529006958008,-0.07845278084278107,-0.061570167541503906,-0.32178130745887756,-0.021549558266997337,-0.34333086013793945,0.00894143432378769,0.0007512514712288976,-0.3687397241592407,0.00026293800328858197,-0.3684767782688141,-0.009936577640473843,-0.049615200608968735,-0.05136774107813835,-0.017365319654345512,-0.06873305886983871,-0.03986988216638565,-0.0641770213842392,0.21980364620685577,-0.02246195636689663,0.1973416954278946,0.01793932542204857,0.036541249603033066,0.29047948122024536,0.012789437547326088,0.3032689094543457,0.021410910412669182,0.00737663172185421,0.19885189831256866,0.0025818210560828447,0.2014337182044983,-0.047710757702589035,-0.0747518315911293,0.14370878040790558,-0.026163140311837196,0.11754564195871353
3.22,0.0,0.075,0.0,-0.035584947263055534,0.12297473900493132,0.5182777020407495,0.04997031390666962,0.5749554708600044,0.052468829602003095,0.0,0.052468829602003095,0.7682889103889465,0.053010303527116776,0.7777343392372131,-0.08925021439790726,-0.054738081991672516,-0.17006050050258636,-0.01915832795202732,-0.18921883404254913,-0.013239281252026558,-0.04003315046429634,-0.16344404220581055,-0.014011602848768234,-0.17745564877986908,0.016691232100129128,0.03353996202349663,-0.1912953108549118,0.01173898670822382,-0.17955632507801056,0.026749014854431152,-0.01652545854449272,-0.2449226826429367,-0.005783910397440195,-0.25070658326148987,-0.014022442512214184,-0.04730584844946861,-0.307590514421463,-0.01655704714357853,-0.3241475522518158,0.017588183283805847,0.005802331026643515,-0.35974183678627014,0.0020308159291744232,-0.3577110171318054,-0.07885312288999557,-0.058386579155921936,-0.07284370809793472,-0.020435301586985588,-0.09327901154756546,-0.09249969571828842,-0.07267381995916367,0.21156875789165497,-0.025435836985707283,0.18613292276859283,0.053513649851083755,0.04163297265768051,0.3036339581012726,0.01457154005765915,0.31820550560951233,-0.027868954464793205,-0.003197044599801302,0.22037963569164276,-0.001118965563364327,0.21926066279411316,-0.04255544766783714,-0.06509291380643845,0.15230855345726013,-0.022782519459724426,0.1295260339975357
3.24,0.0,0.075,0.0,-0.03300829565664094,0.12131686901108206,0.5017682363519514,0.07817601412534714,0.6172640211880207,0.08208481483161449,0.0,0.08208481483161449,0.7648787498474121,0.0580352321267128,0.7799510955810547,-0.11383181810379028,-0.07246620208024979,-0.1767817884683609,-0.025363169610500336,-0.20214495062828064,-0.06093497946858406,-0.046303700655698776,-0.16178062558174133,-0.016206294298171997,-0.17798691987991333,0.03356491029262543,0.03354744613170624,-0.1817663013935089,0.011741605587303638,-0.17002469301223755,-0.05240999534726143,-0.027290821075439453,-0.23050183057785034,-0.009551786817610264,-0.24005362391471863,-0.0252419114112854,-0.04068666696548462,-0.2927781641483307,-0.014240332879126072,-0.3070184886455536,0.029745951294898987,0.012985417619347572,-0.3491605222225189,0.004544896073639393,-0.344615638256073,-0.08581793308258057,-0.0666159838438034,-0.09451588988304138,-0.023315593600273132,-0.11783148348331451,-0.06629858911037445,-0.07076124846935272,0.20135293900966644,-0.024766435846686363,0.17658650875091553,0.0769386738538742,0.05222468078136444,0.3149828016757965,0.018278637900948524,0.3332614302635193,0.0424160361289978,0.01048688031733036,0.2420637309551239,0.003670408157631755,0.24573414027690887,-0.06214494630694389,-0.06420852243900299,0.16287192702293396,-0.022472983226180077,0.14039894938468933
3.2600000000000002,0.0,0.075,0.0,-0.030455967822711823,0.12055068018182491,0.4867504785966893,0.09557235240936279,0.6433585286140442,0.10035097002983093,0.0,0.10035097002983093,0.7638781666755676,0.05190384387969971,0.7828078866004944,-0.03126513957977295,-0.060105882585048676,-0.18529413640499115,-0.021037058904767036,-0.20633119344711304,-0.02107929438352585,-0.03873637691140175,-0.1621849536895752,-0.013557732105255127,-0.17574268579483032,-0.02144385129213333,0.017050055786967278,-0.17393642663955688,0.005967519246041775,-0.16796891391277313,-0.03687453269958496,-0.030165933072566986,-0.21688124537467957,-0.010558076202869415,-0.22743931412696838,-0.08015066385269165,-0.05252586677670479,-0.277617484331131,-0.0183840524405241,-0.29600152373313904,0.02667037770152092,0.01709090545773506,-0.33719098567962646,0.005981816910207272,-0.3312091827392578,0.007779707200825214,-0.04429727420210838,-0.11616343259811401,-0.01550404541194439,-0.13166747987270355,-0.031337931752204895,-0.058934252709150314,0.18926025927066803,-0.020626988261938095,0.16863326728343964,0.05920170992612839,0.054317787289619446,0.32441043853759766,0.019011225551366806,0.34342166781425476,0.06375433504581451,0.02646711841225624,0.2636832296848297,0.00926349125802517,0.27294671535491943,-0.04852065443992615,-0.05950216203927994,0.1752912700176239,-0.020825756713747978,0.15446551144123077
3.2800000000000002,0.0,0.075,0.0,-0.028002908818805343,0.11791765306255352,0.4644984323589936,0.044374018907547,0.5665610283613205,0.04659271985292435,0.0,0.04659271985292435,0.7655310034751892,0.05448773130774498,0.7850232720375061,-0.09191533923149109,-0.06964872032403946,-0.19544054567813873,-0.02437705174088478,-0.21981759369373322,-0.03909432515501976,-0.03884376212954521,-0.16464956104755402,-0.01359531655907631,-0.17824487388134003,0.011284003965556622,0.015320239588618279,-0.1679501086473465,0.0053620836697518826,-0.16258803009986877,-0.04203350469470024,-0.03372620418667793,-0.20431214570999146,-0.011804170906543732,-0.2161163091659546,-0.022528860718011856,-0.04352676495909691,-0.26238808035850525,-0.015234367921948433,-0.2776224613189697,0.04066246375441551,0.024162374436855316,-0.3240540027618408,0.008456830866634846,-0.31559717655181885,-0.07051704823970795,-0.05216320604085922,-0.1375657320022583,-0.018257122486829758,-0.15582285821437836,-0.06481007486581802,-0.06069700047373772,0.17541395127773285,-0.021243950352072716,0.15417000651359558,0.0689370334148407,0.05870356410741806,0.3318207561969757,0.02054624632000923,0.35236701369285583,0.013917140662670135,0.02270212396979332,0.28501781821250916,0.007945743389427662,0.29296356439590454,-0.06279533356428146,-0.060490116477012634,0.18943999707698822,-0.021171540021896362,0.16826845705509186
3.3000000000000003,0.0,0.075,0.0,-0.0259586511070908,0.11486249431079183,0.4381354690288957,0.07360085844993591,0.6104012876749039,0.07728090137243271,0.0,0.07728090137243271,0.7699969410896301,0.05344679579138756,0.7935823798179626,-0.020251981914043427,-0.05482969805598259,-0.2070339024066925,-0.019190393388271332,-0.22622430324554443,-0.05905980244278908,-0.04490857571363449,-0.16912899911403656,-0.0157180018723011,-0.18484699726104736,-0.015431754291057587,0.006094641052186489,-0.16391772031784058,0.0021331242751330137,-0.1617845892906189,-0.05996280163526535,-0.04159718379378319,-0.1930263489484787,-0.014559013769030571,-0.20758536458015442,-0.07724027335643768,-0.05364082008600235,-0.2473708540201187,-0.018774285912513733,-0.26614513993263245,0.04782090708613396,0.031259935349226,-0.3099918067455292,0.0109409773722291,-0.29905083775520325,-0.0004588523879647255,-0.03665190190076828,-0.1585046797990799,-0.012828165665268898,-0.17133285105228424,-0.014263930730521679,-0.04676707834005356,0.15995512902736664,-0.016368476673960686,0.1435866504907608,0.06650714576244354,0.061044637113809586,0.33713826537132263,0.02136562205851078,0.35850387811660767,0.0847213864326477,0.041307903826236725,0.305850088596344,0.014457765966653824,0.3203078508377075,-0.06190207228064537,-0.060913704335689545,0.20517393946647644,-0.02131979539990425,0.1838541477918625
3.3200000000000003,0.0,0.075,0.0,-0.024291938089283153,0.11206028774921478,0.41340315524394244,0.05137765407562256,0.5770664811134338,0.053946536779403684,0.0,0.053946536779403684,0.7773383259773254,0.05272296816110611,0.8019417524337769,-0.03943053260445595,-0.05020994693040848,-0.21986034512519836,-0.017573481425642967,-0.23743382096290588,-0.042885590344667435,-0.044301681220531464,-0.17554065585136414,-0.015505588613450527,-0.19104623794555664,-0.021677758544683456,-0.0022370791994035244,-0.16191366314888,-0.0007829777314327657,-0.16269664466381073,-0.04598138853907585,-0.04291244596242905,-0.18323199450969696,-0.015019356273114681,-0.19825135171413422,-0.04918021708726883,-0.052302636206150055,-0.23284277319908142,-0.01830592192709446,-0.25114870071411133,0.039333634078502655,0.033682044595479965,-0.29526379704475403,0.011788715608417988,-0.2834750711917877,-0.02558814361691475,-0.03333277627825737,-0.17876692116260529,-0.011666471138596535,-0.19043339788913727,-0.028221119195222855,-0.04120329022407532,0.14304132759571075,-0.014421151019632816,0.1286201775074005,0.07913412153720856,0.06647147983312607,0.3403087258338928,0.023265017196536064,0.36357372999191284,0.03692355006933212,0.039992596954107285,0.3259677290916443,0.01399740856140852,0.3399651348590851,-0.059656258672475815,-0.0605364665389061,0.22233277559280396,-0.021187763661146164,0.2011450082063675
3.34,0.0,0.075,0.0,-0.02529630188139806,0.10770062691940654,0.38746039467472426,0.03224893659353256,0.5483734048902988,0.033861383423209185,0.0,0.033861383423209185,0.7875141501426697,0.05666402354836464,0.8128803372383118,-0.020480383187532425,-0.04129107668995857,-0.23368333280086517,-0.014451876282691956,-0.24813520908355713,-0.07429548352956772,-0.05329982191324234,-0.18376626074314117,-0.01865493692457676,-0.20242120325565338,-0.016267016530036926,-0.006446060724556446,-0.16197489202022552,-0.002256121253594756,-0.16423101723194122,-0.10538404434919357,-0.061653926968574524,-0.17510974407196045,-0.021578874439001083,-0.19668862223625183,-0.06126314029097557,-0.05499078705906868,-0.21907177567481995,-0.019246775656938553,-0.2383185476064682,0.08275716006755829,0.04840458184480667,-0.2801416218280792,0.016941603273153305,-0.2632000148296356,-0.006874476559460163,-0.025395285338163376,-0.19814597070217133,-0.008888349868357182,-0.20703431963920593,-0.016493961215019226,-0.03379049152135849,0.12484489381313324,-0.011826671659946442,0.1130182221531868,0.07005637139081955,0.06754694879055023,0.3412998914718628,0.02364143170416355,0.3649413287639618,0.05418474227190018,0.0442502424120903,0.3451657295227051,0.01548758428543806,0.3606533110141754,-0.07342483103275299,-0.0644029751420021,0.24074162542819977,-0.022541040554642677,0.21820057928562164
3.36,0.0,0.075,0.0,-0.024055579876989266,0.10407086208956425,0.3584158446852912,0.03226306289434433,0.5483945943415165,0.033876216039061546,0.0,0.033876216039061546,0.8003823161125183,0.055616751313209534,0.8258435726165771,-0.003407950047403574,-0.029926137998700142,-0.2482479065656662,-0.010474148206412792,-0.25872206687927246,-0.04328305274248123,-0.05029479041695595,-0.1936541050672531,-0.017603175714612007,-0.21125727891921997,-0.0264902226626873,-0.01245930977165699,-0.1641002893447876,-0.004360758233815432,-0.16846105456352234,-0.07100950181484222,-0.06446059793233871,-0.16880939900875092,-0.02256120927631855,-0.19137060642242432,-0.07237681746482849,-0.06020659953355789,-0.20631186664104462,-0.021072309464216232,-0.22738417983055115,0.0500616654753685,0.04890170693397522,-0.2649041712284088,0.017115596681833267,-0.24778857827186584,0.018136732280254364,-0.012335680425167084,-0.21644432842731476,-0.004317488055676222,-0.22076182067394257,0.00516844168305397,-0.022102810442447662,0.10555126518011093,-0.007735983468592167,0.09781528264284134,0.0746242105960846,0.06967012584209442,0.3401016294956207,0.024384543299674988,0.3644861578941345,0.05398799479007721,0.04717157036066055,0.3632484972476959,0.016510048881173134,0.3797585368156433,-0.054645340889692307,-0.061475686728954315,0.26021289825439453,-0.02151649072766304,0.2386964112520218
3.38,0.0,0.075,0.0,-0.022960948747730282,0.09848540323026417,0.32141474106281875,-0.0031635016202926636,0.495254747569561,0.0,0.0,0.0,0.8157080411911011,0.05882847681641579,0.8406497240066528,-0.0008052396588027477,-0.021189868450164795,-0.26328545808792114,-0.007416453678160906,-0.27070191502571106,-0.06970612704753876,-0.0561181902885437,-0.20502182841300964,-0.019641365855932236,-0.22466319799423218,-0.020047292113304138,-0.01473570428788662,-0.16825063526630402,-0.005157496314495802,-0.1734081357717514,-0.10055825859308243,-0.07528989762067795,-0.16444715857505798,-0.026351463049650192,-0.19079862534999847,-0.0625348687171936,-0.060905080288648605,-0.19479838013648987,-0.021316777914762497,-0.21611516177654266,0.08567510545253754,0.059933725744485855,-0.24983248114585876,0.020976804196834564,-0.2288556694984436,-0.0026065493002533913,-0.009416940622031689,-0.23347553610801697,-0.0032959291711449623,-0.23677146434783936,0.0001300424337387085,-0.015432953834533691,0.08535704761743546,-0.00540153356269002,0.07995551079511642,0.07386074215173721,0.07092730700969696,0.3367261588573456,0.024824557825922966,0.3615507185459137,0.0473366305232048,0.04722108691930771,0.3800317347049713,0.016527380794286728,0.39655911922454834,-0.06414936482906342,-0.062277793884277344,0.28054818511009216,-0.02179722674190998,0.25875094532966614
3.4,0.0,0.075,0.0,-0.02164515796727844,0.09337067777889214,0.2839590933003692,-0.005375207401812077,0.4919371888972819,0.0,0.0,0.0,0.8331790566444397,0.05720926821231842,0.8555644154548645,-0.008457284420728683,-0.01737009361386299,-0.27851858735084534,-0.0060795326717197895,-0.28459811210632324,-0.031007979065179825,-0.04858512431383133,-0.21765977144241333,-0.017004793509840965,-0.23466455936431885,-0.04016212373971939,-0.022363629192113876,-0.17434939742088318,-0.007827269844710827,-0.18217666447162628,-0.07705678790807724,-0.0758199617266655,-0.16210348904132843,-0.026536986231803894,-0.18864047527313232,-0.08891041576862335,-0.06930667906999588,-0.18474365770816803,-0.024257337674498558,-0.20900098979473114,0.06255963444709778,0.0607215017080307,-0.2352045178413391,0.021252525970339775,-0.2139519900083542,0.04005236551165581,0.005423852242529392,-0.24906602501869202,0.0018983482150360942,-0.2471676766872406,0.021139683201909065,-0.00446116179227829,0.06446804106235504,-0.0015614066505804658,0.06290663778781891,0.05467728152871132,0.06605230271816254,0.33120784163475037,0.023118305951356888,0.35432615876197815,0.02580278180539608,0.040795594453811646,0.3953443765640259,0.014278457500040531,0.40962284803390503,-0.044407088309526443,-0.056916579604148865,0.30154022574424744,-0.019920801743865013,0.28161942958831787
3.42,0.0,0.075,0.0,-0.020972219399808482,0.08713395590818936,0.24321953114795805,-0.022377680987119675,0.4664334785193205,0.0,0.0,0.0,0.8524237275123596,0.058977238833904266,0.8760714530944824,-0.01941162347793579,-0.01798255369067192,-0.29366642236709595,-0.006293893791735172,-0.29996031522750854,-0.04831327125430107,-0.0485035702586174,-0.23133482038974762,-0.016976248472929,-0.24831107258796692,-0.01820523291826248,-0.021116109564900398,-0.18228407204151154,-0.007390638347715139,-0.18967470526695251,-0.10447539389133453,-0.08441659063100815,-0.16182158887386322,-0.029545806348323822,-0.19136738777160645,-0.07862930744886398,-0.07210347056388855,-0.17633315920829773,-0.025236213579773903,-0.20156937837600708,0.06576497852802277,0.0622345469892025,-0.22129011154174805,0.02178209088742733,-0.19950802624225616,0.0006736032664775848,0.003998777363449335,-0.2630569338798523,0.0013995720073580742,-0.26165735721588135,0.01717955432832241,0.0020310531836003065,0.04309710115194321,0.0007108686259016395,0.043807968497276306,0.0737907737493515,0.06837384402751923,0.32360297441482544,0.02393084578216076,0.34753382205963135,0.03801275044679642,0.03996074199676514,0.4090304374694824,0.013986259698867798,0.4230166971683502,-0.043022219091653824,-0.05274827033281326,0.32297515869140625,-0.018461894243955612,0.30451327562332153
3.44,0.0,0.075,0.0,-0.020345150236209225,0.08036021744735151,0.2008043313767658,-0.03386720269918442,0.4491991959512234,0.0,0.0,0.0,0.8730297088623047,0.058758147060871124,0.89525306224823,-0.001849557738751173,-0.013142654672265053,-0.30844953656196594,-0.004599928855895996,-0.31304946541786194,-0.020152810961008072,-0.03999834135174751,-0.24579478800296783,-0.013999419286847115,-0.2597942054271698,-0.03281910717487335,-0.02462700940668583,-0.1919083446264267,-0.008619452826678753,-0.20052780210971832,-0.07614482939243317,-0.08193506300449371,-0.1636066734790802,-0.02867727167904377,-0.19228394329547882,-0.09900200366973877,-0.08017303049564362,-0.16972199082374573,-0.028060561046004295,-0.19778254628181458,0.0681983083486557,0.06402367353439331,-0.20834586024284363,0.02240828610956669,-0.1859375685453415,0.031167130917310715,0.012149283662438393,-0.27530568838119507,0.004252249374985695,-0.2710534334182739,0.026463055983185768,0.009360654279589653,0.02146201767027378,0.003276228904724121,0.024738246574997902,0.0637655034661293,0.06699134409427643,0.3139890432357788,0.02344696968793869,0.3374360203742981,0.042465344071388245,0.04071212187409401,0.42095041275024414,0.014249242842197418,0.43519964814186096,-0.03270209580659866,-0.04673441872000694,0.3446345031261444,-0.016357045620679855,0.32827746868133545
3.46,0.0,0.075,0.0,-0.019923727456309444,0.07233110980085676,0.15562757849608655,-0.03359314054250717,0.44961028918623924,0.0,0.0,0.0,0.8945624828338623,0.061009880155324936,0.9155808091163635,-0.008721411228179932,-0.011816280893981457,-0.3225952684879303,-0.004135698080062866,-0.32673096656799316,-0.02977817691862583,-0.03693229332566261,-0.2607729732990265,-0.01292630285024643,-0.2736992835998535,-0.03625413030385971,-0.02811514586210251,-0.20304468274116516,-0.009840301238000393,-0.21288497745990753,-0.1108780950307846,-0.09061796963214874,-0.16742582619190216,-0.03171628713607788,-0.19914211332798004,-0.0894555002450943,-0.08295777440071106,-0.16503210365772247,-0.02903521992266178,-0.1940673291683197,0.06956116855144501,0.06568492203950882,-0.19661051034927368,0.022989721968770027,-0.1736207902431488,0.04569618031382561,0.02221335470676422,-0.28568747639656067,0.007774673867970705,-0.27791279554367065,0.026821764186024666,0.014598987065255642,-0.0002167413040297106,0.005109645426273346,0.004892904311418533,0.07832925766706467,0.07039272040128708,0.30246397852897644,0.024637451395392418,0.3271014392375946,0.019077589735388756,0.03422176092863083,0.4309828579425812,0.011977615766227245,0.4429604709148407,-0.034337710589170456,-0.04301540553569794,0.36629754304885864,-0.015055391937494278,0.35124215483665466
3.48,0.0,0.075,0.0,-0.019509446056234565,0.06498729902613169,0.11191218906262534,-0.06051887571811676,0.40922168642282486,0.0,0.0,0.0,0.9165816903114319,0.0609627403318882,0.9370608329772949,-0.006834220606833696,-0.010321662761271,-0.33584269881248474,-0.0036125818733125925,-0.3394552767276764,-0.0198097825050354,-0.03179553896188736,-0.27599310874938965,-0.011128438636660576,-0.2871215343475342,-0.03593048080801964,-0.030459746718406677,-0.21548770368099213,-0.010660910978913307,-0.22614862024784088,-0.07998444885015488,-0.08742791414260864,-0.17320860922336578,-0.030599769204854965,-0.20380838215351105,-0.09587886929512024,-0.08683410286903381,-0.16234998404979706,-0.030391935259103775,-0.19274191558361053,0.08118051290512085,0.07033360004425049,-0.18630051612854004,0.02461675927042961,-0.16168375313282013,0.007533599156886339,0.0178094282746315,-0.2940964996814728,0.006233299616724253,-0.28786319494247437,0.020106064155697823,0.016251109540462494,-0.021718256175518036,0.005687888246029615,-0.016030367463827133,0.07984821498394012,0.07322937250137329,0.28914523124694824,0.025630280375480652,0.3147755265235901,0.017061660066246986,0.02907373011112213,0.43902552127838135,0.010175805538892746,0.4492013156414032,-0.023162607103586197,-0.037059567868709564,0.3877435624599457,-0.012970848940312862,0.37477272748947144
3.5,0.0,0.075,0.0,-0.01980779365028393,0.05661366864732956,0.06804866836652461,-0.0531909316778183,0.42021360248327255,0.0,0.0,0.0,0.938654363155365,0.062421537935733795,0.9586678743362427,0.014959599822759628,-0.002737283706665039,-0.3479475677013397,-0.0009580492624081671,-0.34890562295913696,-0.027907313778996468,-0.030629072338342667,-0.2911744713783264,-0.010720174759626389,-0.3018946349620819,-0.03181735798716545,-0.03086702898144722,-0.22900789976119995,-0.010803460143506527,-0.23981136083602905,-0.10046093910932541,-0.09133782237768173,-0.18084834516048431,-0.03196823596954346,-0.21281658113002777,-0.0883026272058487,-0.08727465569972992,-0.16172510385513306,-0.030546128749847412,-0.19227123260498047,0.06544479727745056,0.06886696070432663,-0.1776060163974762,0.02410343661904335,-0.15350258350372314,0.044272441416978836,0.02574833109974861,-0.300447016954422,0.009011915884912014,-0.2914350926876068,0.03513406962156296,0.021915998309850693,-0.042823418974876404,0.00767059950158,-0.03515281900763512,0.08407619595527649,0.07648342102766037,0.27416855096817017,0.02676919661462307,0.3009377419948578,0.042435795068740845,0.033082351088523865,0.4449964165687561,0.011578822508454323,0.4565752446651459,-0.02507108822464943,-0.033463023602962494,0.4087539613246918,-0.011712058447301388,0.397041916847229
3.52,0.0,0.075,0.0,-0.02107646595528261,0.04444814381609011,-0.0032082630843603965,-0.09563647210597992,0.3565452918410301,0.0,0.0,0.0,0.9603659510612488,0.06254164129495621,0.9793522357940674,0.006765719968825579,0.00011361751239746809,-0.35868653655052185,3.976612788392231e-05,-0.35864678025245667,-0.015190014615654945,-0.025997353717684746,-0.3060370981693268,-0.009099073708057404,-0.3151361644268036,-0.03721677511930466,-0.03277195245027542,-0.24335592985153198,-0.011470182798802853,-0.2548260986804962,-0.07076019048690796,-0.08516453206539154,-0.19020414352416992,-0.02980758622288704,-0.22001172602176666,-0.1032494455575943,-0.09206709265708923,-0.1631689816713333,-0.03222348168492317,-0.1953924596309662,0.0799284428358078,0.07218540459871292,-0.17068739235401154,0.025264890864491463,-0.14542250335216522,0.02775518409907818,0.026350386440753937,-0.3046743869781494,0.009222635067999363,-0.2954517602920532,0.03060966543853283,0.024524100124835968,-0.06331715732812881,0.008583434857428074,-0.054733723402023315,0.07864188402891159,0.07713095843791962,0.2576865553855896,0.026995835825800896,0.28468239307403564,0.03297411650419235,0.03304988145828247,0.44883474707603455,0.011567458510398865,0.4604021906852722,-0.022089071571826935,-0.030050838366150856,0.4291146695613861,-0.010517793707549572,0.41859686374664307
3.54,0.0,0.075,0.0,-0.022983296781720525,0.03360495729701722,-0.06894593460122748,-0.07591724395751953,0.3861241340637207,0.0,0.0,0.0,0.9813278913497925,0.06378234922885895,0.997931957244873,0.01859258860349655,0.0056573087349534035,-0.3678615987300873,0.001980057917535305,-0.3658815324306488,-0.012465398758649826,-0.021937767043709755,-0.32030683755874634,-0.007678218185901642,-0.3279850482940674,-0.03974231705069542,-0.03486306220293045,-0.2582671344280243,-0.012202071957290173,-0.27046921849250793,-0.09785950183868408,-0.0889730229973793,-0.20110344886779785,-0.031140558421611786,-0.23224401473999023,-0.09409640729427338,-0.09267588704824448,-0.16665500402450562,-0.0324365608394146,-0.1990915685892105,0.05821302905678749,0.06799369305372238,-0.16567222774028778,0.023797791451215744,-0.14187443256378174,0.06836073845624924,0.03895349055528641,-0.30673548579216003,0.013633721508085728,-0.2931017577648163,0.03453458100557327,0.02752724476158619,-0.0829906240105629,0.009634535759687424,-0.07335609197616577,0.09236122667789459,0.08170004189014435,0.2398672103881836,0.028595013543963432,0.268462210893631,0.010043499991297722,0.02614796720445156,0.45050138235092163,0.009151788428425789,0.45965316891670227,-0.019267883151769638,-0.026815952733159065,0.44861820340156555,-0.009385582990944386,0.43923261761665344
3.56,0.0,0.075,0.0,-0.025443341195551278,0.022228578555601206,-0.1341721975032882,-0.10373605787754059,0.3443959131836891,0.0,0.0,0.0,1.0011837482452393,0.06308601051568985,1.0160346031188965,0.028559835627675056,0.012528066523373127,-0.3753035068511963,0.004384823143482208,-0.3709186911582947,-0.0032173525542020798,-0.016321642324328423,-0.33372050523757935,-0.005712574813514948,-0.33943307399749756,-0.039746250957250595,-0.036328017711639404,-0.2734665274620056,-0.012714806012809277,-0.28618133068084717,-0.07113271206617355,-0.08362093567848206,-0.2133452445268631,-0.02926732785999775,-0.2426125705242157,-0.09178119897842407,-0.0924074798822403,-0.17211885750293732,-0.032342616468667984,-0.204461470246315,0.07176908850669861,0.06912630796432495,-0.16265302896499634,0.024194207042455673,-0.13845881819725037,0.043254729360342026,0.04024386405944824,-0.3066093325614929,0.014085352420806885,-0.29252398014068604,0.041357867419719696,0.031676433980464935,-0.10164334625005722,0.011086751706898212,-0.09055659174919128,0.07910100370645523,0.08092033118009567,0.22089208662509918,0.028322115540504456,0.24921420216560364,0.029889727011322975,0.027270495891571045,0.44997933506965637,0.00954467337578535,0.459524005651474,-0.013489513657987118,-0.02281801961362362,0.4670657813549042,-0.007986307144165039,0.45907947421073914
3.58,0.0,0.075,0.0,-0.02865336750422311,0.012803743936268847,-0.18147474506984343,-0.1149849072098732,0.3275226391851902,0.0,0.0,0.0,1.0196125507354736,0.06351182609796524,1.0319405794143677,0.04209040105342865,0.02139676734805107,-0.38087502121925354,0.007488868664950132,-0.3733861446380615,-0.006628066301345825,-0.013413569889962673,-0.34603071212768555,-0.004694749601185322,-0.3507254719734192,-0.03921382129192352,-0.03719376027584076,-0.2886737585067749,-0.013017815537750721,-0.30169156193733215,-0.07567668706178665,-0.08123765885829926,-0.2267037332057953,-0.02843317948281765,-0.2551369071006775,-0.08710028231143951,-0.09081532061100006,-0.17945978045463562,-0.03178536146879196,-0.21124514937400818,0.06044953688979149,0.06652327626943588,-0.16168548166751862,0.02328314632177353,-0.13840234279632568,0.07575119286775589,0.050896063446998596,-0.30429720878601074,0.01781362108886242,-0.2864835858345032,0.04532501846551895,0.03577100858092308,-0.11908523738384247,0.012519853189587593,-0.10656538605690002,0.08389008790254593,0.08181125670671463,0.20095454156398773,0.02863393910229206,0.22958847880363464,0.024546867236495018,0.026453407481312752,0.44727393984794617,0.009258692152798176,0.45653262734413147,-0.01107539888471365,-0.019295234233140945,0.4842694401741028,-0.006753331981599331,0.4775161147117615
3.6,0.0,0.075,0.0,-0.03361430689498442,0.0015662345262011266,-0.22933549278189425,-0.14683526754379272,0.2797470986843109,0.0,0.0,0.0,1.036331295967102,0.06249231845140457,1.0469568967819214,0.024400722235441208,0.022297954186797142,-0.38447335362434387,0.007804283872246742,-0.3766690790653229,-0.012139254249632359,-0.013031275942921638,-0.3570104241371155,-0.004560946486890316,-0.36157137155532837,-0.042897604405879974,-0.038904912769794464,-0.30360835790634155,-0.013616719283163548,-0.31722506880760193,-0.07010994851589203,-0.07789934426546097,-0.24093253910541534,-0.02726477012038231,-0.26819729804992676,-0.07206602394580841,-0.0851905345916748,-0.18854238092899323,-0.02981668710708618,-0.2183590680360794,0.07997088134288788,0.07055755704641342,-0.16278743743896484,0.024695144966244698,-0.1380922943353653,0.047530170530080795,0.04988629370927811,-0.2998226583003998,0.017460202798247337,-0.2823624610900879,0.03959086537361145,0.03691696748137474,-0.13513855636119843,0.012920938432216644,-0.12221761792898178,0.08365863561630249,0.08236546814441681,0.18025776743888855,0.028827913105487823,0.20908567309379578,0.006775947287678719,0.020550169050693512,0.44241270422935486,0.007192559074610472,0.449605256319046,-0.016199175268411636,-0.018366416916251183,0.500053882598877,-0.006428245920687914,0.4936256408691406
3.62,0.0,0.075,0.0,-0.038283088641390774,-0.009469225419029234,-0.278789803410939,-0.13658690452575684,0.29511964321136475,0.0,0.0,0.0,1.0510956048965454,0.061879850924015045,1.0593502521514893,0.051353033632040024,0.03101447969675064,-0.3860321640968323,0.010855067521333694,-0.3751770853996277,0.012267204001545906,-0.00544173177331686,-0.36645710468292236,-0.001904606120660901,-0.3683617115020752,-0.024381645023822784,-0.03454793244600296,-0.3179948627948761,-0.012091776356101036,-0.3300866484642029,-0.07923279702663422,-0.078299380838871,-0.2557692527770996,-0.02740478329360485,-0.2831740379333496,-0.08724640309810638,-0.08580729365348816,-0.1991991251707077,-0.030032552778720856,-0.22923168540000916,0.06114841625094414,0.06773481518030167,-0.16593855619430542,0.023707184940576553,-0.14223137497901917,0.05878382548689842,0.05255555361509323,-0.2932312786579132,0.01839444413781166,-0.27483683824539185,0.05305394530296326,0.041758060455322266,-0.14963971078395844,0.014615320600569248,-0.13502438366413116,0.06937744468450546,0.07846906036138535,0.15901267528533936,0.02746417000889778,0.18647684156894684,0.0031461790204048157,0.015328971669077873,0.43544524908065796,0.005365139804780483,0.4408103823661804,0.010685496963560581,-0.009650842286646366,0.5142582058906555,-0.0033777947537600994,0.5108804106712341
3.64,0.0,0.075,0.0,-0.04321881301278092,-0.018861892978518372,-0.31858359098991657,-0.1573488861322403,0.26397667080163956,0.0,0.0,0.0,1.0637000799179077,0.05767916515469551,1.068543791770935,0.03705422207713127,0.03282640129327774,-0.38552266359329224,0.01148924045264721,-0.3740334212779999,0.03226833790540695,0.005871289875358343,-0.37419652938842773,0.002054951386526227,-0.372141569852829,-0.0377512201666832,-0.03550891950726509,-0.3315679728984833,-0.012428121641278267,-0.3439961075782776,-0.007514224387705326,-0.05706383287906647,-0.2709401845932007,-0.019972341135144234,-0.29091253876686096,-0.09266313910484314,-0.08786404877901077,-0.2112334817647934,-0.03075241670012474,-0.24198590219020844,0.011773895472288132,0.05094653740525246,-0.17108072340488434,0.017831288278102875,-0.15324944257736206,0.08306970447301865,0.061709798872470856,-0.2845902740955353,0.02159842848777771,-0.26299184560775757,0.04685959964990616,0.043288521468639374,-0.1624409407377243,0.015150981955230236,-0.1472899615764618,0.06101210042834282,0.07323197275400162,0.13743574917316437,0.025631189346313477,0.16306693851947784,0.003818223252892494,0.01187574677169323,0.42644253373146057,0.004156511276960373,0.43059903383255005,0.005052943713963032,-0.005239706486463547,0.5267376899719238,-0.0018338972004130483,0.5249037742614746
3.66,0.0,0.075,0.0,-0.04855272078740291,-0.02540074035650783,-0.3404488915442088,-0.16478414833545685,0.25282377749681473,0.0,0.0,0.0,1.0739778280258179,0.055233798921108246,1.0770763158798218,0.044521745294332504,0.03633500635623932,-0.38295429944992065,0.012717251665890217,-0.3702370524406433,0.02272895537316799,0.010928589850664139,-0.3800859749317169,0.0038250063080340624,-0.3762609660625458,-0.04431971535086632,-0.03815215826034546,-0.34407728910446167,-0.013353255577385426,-0.3574305474758148,0.003436722094193101,-0.03891366720199585,-0.2861655652523041,-0.013619783334434032,-0.2997853457927704,-0.09411516785621643,-0.08973938226699829,-0.22442349791526794,-0.03140878304839134,-0.2558322846889496,0.02754967287182808,0.04392747953534126,-0.17811910808086395,0.015374617651104927,-0.16274449229240417,0.058469172567129135,0.06073760986328125,-0.27398765087127686,0.021258162334561348,-0.25272947549819946,0.04136495292186737,0.04271145164966583,-0.1734117716550827,0.014949007891118526,-0.1584627628326416,0.0637674331665039,0.07039260864257812,0.1157468780875206,0.024637412279844284,0.14038428664207458,-0.005751138553023338,0.006587680894881487,0.4154963195323944,0.0023056883364915848,0.41780200600624084,0.011087867431342602,-0.0003414340317249298,0.5373651385307312,-0.00011950190673815086,0.5372456312179565
3.68,0.0,0.075,0.0,-0.05321565091027402,-0.029213175112407504,-0.3500504566674471,-0.16616150736808777,0.25075773894786835,0.0,0.0,0.0,1.0817984342575073,0.05416521802544594,1.085004210472107,0.046518221497535706,0.039389971643686295,-0.3783744275569916,0.013786490075290203,-0.3645879328250885,0.004302165471017361,0.008940662257373333,-0.38401681184768677,0.003129231743514538,-0.38088756799697876,-0.0216655395925045,-0.03320617228746414,-0.3552921414375305,-0.011622159741818905,-0.366914302110672,-0.054402898997068405,-0.043560437858104706,-0.30116456747055054,-0.015246152877807617,-0.31641072034835815,-0.07608632743358612,-0.0856434628367424,-0.2385258674621582,-0.02997521124780178,-0.26850107312202454,0.05901585891842842,0.04845399409532547,-0.18692389130592346,0.016958897933363914,-0.169964998960495,0.03515226021409035,0.05306200310587883,-0.2615315020084381,0.018571700900793076,-0.24295979738235474,0.04168175905942917,0.042402543127536774,-0.18244042992591858,0.014840889722108841,-0.16759954392910004,0.0711778849363327,0.07062818855047226,0.0941670835018158,0.02471986599266529,0.11888694763183594,0.0038391761481761932,0.005763129331171513,0.40271812677383423,0.0020170952193439007,0.4047352075576782,0.003382028080523014,0.0007756046252325177,0.5460323095321655,0.0002714616130106151,0.5463037490844727
3.7,0.0,0.075,0.0,-0.05629038366192474,-0.030926894970521753,-0.3501156545486994,-0.1689326912164688,0.24660096317529678,0.0,0.0,0.0,1.087066888809204,0.054404519498348236,1.08958101272583,0.05851886793971062,0.04512864351272583,-0.37186747789382935,0.01579502411186695,-0.35607245564460754,0.0076239220798015594,0.008545639924705029,-0.385916531085968,0.0029909738805145025,-0.3829255700111389,-0.004375459626317024,-0.024556957185268402,-0.36500564217567444,-0.008594934828579426,-0.373600572347641,-0.06284841895103455,-0.04934683442115784,-0.3156605660915375,-0.017271392047405243,-0.3329319655895233,-0.07907657325267792,-0.083673395216465,-0.25328052043914795,-0.02928568795323372,-0.28256621956825256,0.05438150838017464,0.05023224651813507,-0.19733268022537231,0.017581285908818245,-0.17975139617919922,0.048297736793756485,0.051632724702358246,-0.24734872579574585,0.018071454018354416,-0.22927726805210114,0.04486347734928131,0.043140821158885956,-0.18943488597869873,0.015099287033081055,-0.17433559894561768,0.0685710534453392,0.07001104950904846,0.07291626185178757,0.024503866210579872,0.09742012619972229,0.012283507734537125,0.007719242945313454,0.38823816180229187,0.0027017348911613226,0.3909398913383484,0.002353445626795292,0.0012489568907767534,0.5526508688926697,0.0004371349059510976,0.5530880093574524
3.72,0.0,0.075,0.0,-0.05895810649338398,-0.031948147085975376,-0.3428964172672246,-0.17074306309223175,0.24388540536165237,0.0,0.0,0.0,1.089721918106079,0.05306284502148628,1.0907411575317383,0.05714387074112892,0.04873321205377579,-0.363553524017334,0.017056623473763466,-0.34649690985679626,0.012180262245237827,0.009636026807129383,-0.3857501149177551,0.003372609382495284,-0.3823775053024292,-0.007104251533746719,-0.019321145489811897,-0.3730386793613434,-0.006762400735169649,-0.37980109453201294,-0.04286404326558113,-0.047401998192071915,-0.3293861746788025,-0.016590699553489685,-0.34597688913345337,-0.07652541995048523,-0.08152900636196136,-0.26841533184051514,-0.028535151854157448,-0.29695048928260803,0.040139202028512955,0.047204334288835526,-0.20915350317955017,0.01652151718735695,-0.19263198971748352,0.045656997710466385,0.04984000697731972,-0.2315838783979416,0.017444001510739326,-0.2141398787498474,0.041496679186820984,0.042647577822208405,-0.19432388246059418,0.014926652424037457,-0.17939722537994385,0.06456489861011505,0.06837720423936844,0.052210982888936996,0.023932021111249924,0.07614300400018692,0.0038210563361644745,0.006549786776304245,0.3722040355205536,0.0022924253717064857,0.3744964599609375,-0.005448533222079277,-0.0007602902478538454,0.5571532845497131,-0.0002661015896592289,0.5568872094154358
3.74,0.0,0.075,0.0,-0.06123235010669147,-0.03168375790886915,-0.33366325140845277,-0.16478858888149261,0.2528171166777611,0.0,0.0,0.0,1.0897328853607178,0.051373984664678574,1.0912411212921143,0.05709182098507881,0.051240794360637665,-0.3535858690738678,0.017934277653694153,-0.33565157651901245,-0.00779500138014555,0.004406718537211418,-0.38352060317993164,0.0015423514414578676,-0.38197824358940125,0.0016013365238904953,-0.01304440014064312,-0.3792431056499481,-0.0045655397698283195,-0.3838086426258087,-0.057753391563892365,-0.05050741881132126,-0.3420882821083069,-0.01767759583890438,-0.359765887260437,-0.06795476377010345,-0.07745673507452011,-0.2836511433124542,-0.02710985764861107,-0.3107610046863556,0.05984057858586311,0.05099520832300186,-0.22216834127902985,0.017848322167992592,-0.2043200135231018,0.011356520466506481,0.0382949598133564,-0.214397594332695,0.01340323593467474,-0.2009943574666977,0.03473588824272156,0.04027407243847847,-0.1970575749874115,0.01409592479467392,-0.18296164274215698,0.06284121423959732,0.06671640276908875,0.03226223960518837,0.02335073985159397,0.05561298131942749,0.005526268854737282,0.006242731586098671,0.35477912425994873,0.0021849561017006636,0.3569640815258026,-0.0003112182021141052,-0.000625568674877286,0.5594937801361084,-0.00021894903329666704,0.5592748522758484
3.7600000000000002,0.0,0.075,0.0,-0.06365251603557455,-0.030971734542386945,-0.32041460101379265,-0.1741628795862198,0.23875568062067032,0.0,0.0,0.0,1.0870983600616455,0.05073029547929764,1.0873039960861206,0.06402641534805298,0.0550764799118042,-0.3421483635902405,0.01927676796913147,-0.322871595621109,0.006016305647790432,0.00488959439098835,-0.3792691230773926,0.0017113579669967294,-0.37755775451660156,0.014671705663204193,-0.004729567561298609,-0.3835044503211975,-0.00165534857660532,-0.38515979051589966,-0.049476705491542816,-0.050198204815387726,-0.3535325825214386,-0.017569370567798615,-0.3711019456386566,-0.0724850445985794,-0.07596522569656372,-0.29870694875717163,-0.026587828993797302,-0.3252947926521301,0.044736314564943314,0.04911753907799721,-0.23613713681697845,0.017191138118505478,-0.21894599497318268,0.03600016608834267,0.03760652244091034,-0.1959650218486786,0.013162282295525074,-0.1828027367591858,0.03714858740568161,0.0393364280462265,-0.1976081281900406,0.01376775000244379,-0.18384037911891937,0.06116866692900658,0.0650520771741867,0.013273315504193306,0.022768227383494377,0.03604154288768768,0.004101350903511047,0.005600317381322384,0.3361409604549408,0.0019601110834628344,0.3381010591983795,-0.002085740678012371,-0.0010636203223839402,0.5596484541893005,-0.0003722670953720808,0.5592761635780334
3.7800000000000002,0.0,0.075,0.0,-0.06567758067985896,-0.029485275032257785,-0.30329963800215837,-0.1581944078207016,0.2627083882689476,0.0,0.0,0.0,1.0818428993225098,0.04873025417327881,1.080924391746521,0.06994824856519699,0.05953801050782204,-0.32945194840431213,0.020838303491473198,-0.308613657951355,0.0131104476749897,0.00735585018992424,-0.37307411432266235,0.002574547426775098,-0.3704995810985565,0.009241107851266861,-0.0005383647512644529,-0.3857441246509552,-0.00018842765712179244,-0.3859325647354126,-0.03053690865635872,-0.044299814850091934,-0.363508015871048,-0.015504934825003147,-0.37901294231414795,-0.07587051391601562,-0.07593680918216705,-0.3133050501346588,-0.02657788246870041,-0.3398829400539398,0.02914702519774437,0.04312638193368912,-0.25080227851867676,0.015094233676791191,-0.23570804297924042,0.02159775048494339,0.032803889364004135,-0.17647399008274078,0.011481361463665962,-0.16499263048171997,0.029219964519143105,0.03630148991942406,-0.19596993923187256,0.012705521658062935,-0.18326441943645477,0.053687360137701035,0.061642661690711975,-0.004562279675155878,0.02157493121922016,0.01701265200972557,-0.007850032299757004,0.0015652123838663101,0.31647950410842896,0.0005478243110701442,0.31702733039855957,-0.0003176787868142128,-0.0008398378267884254,0.5576157569885254,-0.000293943245196715,0.5573217868804932
3.8000000000000003,0.0,0.075,0.0,-0.06783032310140563,-0.02760890089694044,-0.2822358698590932,-0.15959419310092926,0.2606087103486061,0.0,0.0,0.0,1.074015736579895,0.0468350425362587,1.073152780532837,0.057739708572626114,0.05899851769208908,-0.3157307803630829,0.020649481564760208,-0.2950812876224518,-0.0004044694360345602,0.005027754232287407,-0.365049809217453,0.0017597139813005924,-0.36329010128974915,0.02338355779647827,0.006638212129473686,-0.38592082262039185,0.0023233741521835327,-0.3835974335670471,-0.04584776982665062,-0.0447642020881176,-0.3718305826187134,-0.015667470172047615,-0.38749805092811584,-0.06611719727516174,-0.07299092411994934,-0.3271762430667877,-0.02554682269692421,-0.35272306203842163,0.041848648339509964,0.04274306446313858,-0.26589325070381165,0.014960072003304958,-0.2509331703186035,0.007317998446524143,0.025158122181892395,-0.1561231166124344,0.008805342949926853,-0.1473177671432495,0.023832717910408974,0.03256085887551308,-0.19215966761112213,0.011396300047636032,-0.1807633638381958,0.05329188331961632,0.05913742631673813,-0.02106279321014881,0.020698098465800285,-0.000364694744348526,0.0027236957103013992,0.0019127572886645794,0.2959951162338257,0.0006694650510326028,0.29666459560394287,-0.004377739503979683,-0.0019012084230780602,0.55341637134552,-0.0006654229364357889,0.5527509450912476
3.8200000000000003,0.0,0.075,0.0,-0.07051791213901769,-0.022909615280488977,-0.241199937113064,-0.15057218074798584,0.27414172887802124,0.0,0.0,0.0,1.063688039779663,0.04587750509381294,1.0612157583236694,0.06562696397304535,0.06098705530166626,-0.30123797059059143,0.0213454682379961,-0.2798925042152405,0.00048648170195519924,0.003665372496470809,-0.3553442060947418,0.0012828803155571222,-0.3540613353252411,0.03673897311091423,0.015668440610170364,-0.3840312957763672,0.0054839542135596275,-0.378547340631485,-0.052652809768915176,-0.04713078588247299,-0.3783468008041382,-0.016495775431394577,-0.39484256505966187,-0.05704209953546524,-0.06820628046989441,-0.34006467461586,-0.023872198536992073,-0.3639368712902069,0.035391662269830704,0.04053764417767525,-0.2811317443847656,0.014188175089657307,-0.2669435739517212,0.01747388392686844,0.022852851077914238,-0.13511981070041656,0.007998498156666756,-0.12712131440639496,0.01720464788377285,0.027953993529081345,-0.18621616065502167,0.009783897548913956,-0.176432266831398,0.05454498901963234,0.05775969475507736,-0.03606007620692253,0.020215893164277077,-0.015844183042645454,-0.009815797209739685,-0.0016058092005550861,0.2748965620994568,-0.000562033208552748,0.27433452010154724,-0.017697978764772415,-0.006640239618718624,0.5470930933952332,-0.0023240838199853897,0.5447689890861511
3.84,0.0,0.075,0.0,-0.07145036644954948,-0.021271285724331488,-0.22825223483043486,-0.13376154005527496,0.29935768991708755,0.0,0.0,0.0,1.0509511232376099,0.04488997906446457,1.0481702089309692,0.06325521320104599,0.06166750192642212,-0.2862407863140106,0.02158362604677677,-0.2646571695804596,-0.0016563376411795616,0.0020688592921942472,-0.3441363275051117,0.0007241007406264544,-0.34341222047805786,0.04228728637099266,0.023654095828533173,-0.38011038303375244,0.008278933353722095,-0.3718314468860626,-0.04947441443800926,-0.0478338748216629,-0.3829364776611328,-0.016741855069994926,-0.3996783196926117,-0.06260868906974792,-0.06652700901031494,-0.35173264145851135,-0.02328445203602314,-0.37501710653305054,0.031208697706460953,0.03773896023631096,-0.29623672366142273,0.013208636082708836,-0.28302809596061707,0.0003417776897549629,0.016099529340863228,-0.11367807537317276,0.005634834989905357,-0.10804323852062225,0.007140146568417549,0.02170983888208866,-0.17820000648498535,0.0075984434224665165,-0.17060156166553497,0.05126316845417023,0.05581073835492134,-0.04940129816532135,0.019533758983016014,-0.029867539182305336,-0.010186083614826202,-0.004179891664534807,0.2533988058567047,-0.0014629620127379894,0.25193583965301514,-0.01473258901387453,-0.009067945182323456,0.538710355758667,-0.0031737808603793383,0.5355365872383118
3.86,0.0,0.075,0.0,-0.07317249296390614,-0.01748498534183665,-0.19879653287882912,-0.11959516257047653,0.3206072561442852,0.0,0.0,0.0,1.0359145402908325,0.04502269998192787,1.033882737159729,0.05542945861816406,0.05979609116911888,-0.27101582288742065,0.020928632467985153,-0.2500872015953064,-0.007732519879937172,-0.0008715544827282429,-0.3316328525543213,-0.0003050440573133528,-0.33193790912628174,0.06044230982661247,0.03469055891036987,-0.37423041462898254,0.012141695246100426,-0.36208871006965637,-0.07264324277639389,-0.05527668446302414,-0.3855149745941162,-0.01934683881700039,-0.40486180782318115,-0.055528394877910614,-0.06322742253541946,-0.3619649112224579,-0.022129597142338753,-0.3840945065021515,0.03934106230735779,0.03821959346532822,-0.3109295666217804,0.013376857154071331,-0.2975527048110962,-0.015404067002236843,0.006648449692875147,-0.09201642870903015,0.0023269574157893658,-0.0896894708275795,-0.00029195845127105713,0.015109299682080746,-0.16819284856319427,0.00528825493529439,-0.16290459036827087,0.04853491857647896,0.053627993911504745,-0.06095051020383835,0.018769796937704086,-0.04218071326613426,-0.0013636071234941483,-0.003335006069391966,0.2317209243774414,-0.0011672520777210593,0.23055367171764374,-0.011158685199916363,-0.009695167653262615,0.5283536314964294,-0.003393308725208044,0.5249603390693665
3.88,0.0,0.075,0.0,-0.07459843830301312,-0.012104100744142997,-0.16373453458295462,-0.12062029540538788,0.3190695568919182,0.0,0.0,0.0,1.0187056064605713,0.04547792673110962,1.0149933099746704,0.05225778743624687,0.0575346015393734,-0.2558439373970032,0.020137110725045204,-0.23570682108402252,-0.009898357093334198,-0.0035795955918729305,-0.31806445121765137,-0.0012528584338724613,-0.3193173110485077,0.07245180010795593,0.04601893201470375,-0.3664998412132263,0.016106626018881798,-0.3503932058811188,-0.0744609460234642,-0.06103195995092392,-0.3860347270965576,-0.021361185237765312,-0.4073958992958069,-0.03744284808635712,-0.05549205094575882,-0.3705728054046631,-0.019422218203544617,-0.3899950385093689,0.033663589507341385,0.03685279190540314,-0.3249393105506897,0.012898476794362068,-0.3120408356189728,0.0020878026261925697,0.005280255805701017,-0.0703556165099144,0.0018480895087122917,-0.06850752979516983,-0.003167392686009407,0.009626291692256927,-0.15629670023918152,0.0033692021388560534,-0.15292750298976898,0.05236254259943962,0.05324835702776909,-0.07059001177549362,0.018636925145983696,-0.05195308476686478,-0.0024787168949842453,-0.0030781193636357784,0.21008385717868805,-0.0010773417307063937,0.20900651812553406,-0.03654014691710472,-0.01774866133928299,0.516128420829773,-0.006212031468749046,0.509916365146637
3.9,0.0,0.075,0.0,-0.07575853754635219,-0.005961344906612061,-0.126152220083832,-0.0994841530919075,0.35077377036213875,0.0,0.0,0.0,0.9994679689407349,0.045955754816532135,0.9943158030509949,0.05392714589834213,0.05645236372947693,-0.24100488424301147,0.019758326932787895,-0.22124655544757843,-0.017738724127411842,-0.007827334105968475,-0.303681343793869,-0.002739566843956709,-0.3064209222793579,0.07193264365196228,0.0537930466234684,-0.3570612370967865,0.018827566877007484,-0.33823367953300476,-0.06241895630955696,-0.06144805997610092,-0.3844861686229706,-0.021506819874048233,-0.4059929847717285,-0.03972507268190384,-0.050761960446834564,-0.3773975372314453,-0.017766686156392097,-0.39516422152519226,0.029948696494102478,0.034781564027071,-0.33800753951072693,0.01217354740947485,-0.3258340060710907,-0.008730930276215076,0.0010768999345600605,-0.04891636595129967,0.0003769149770960212,-0.048539452254772186,-0.013205120339989662,0.002776868175715208,-0.14263278245925903,0.0009719038498587906,-0.1416608840227127,0.05408145859837532,0.0534982904791832,-0.07822158187627792,0.01872440055012703,-0.059497181326150894,-0.009533820673823357,-0.005014829803258181,0.18870806694030762,-0.0017551904311403632,0.1869528740644455,-0.042910199612379074,-0.025297123938798904,0.5021592974662781,-0.008853993378579617,0.4933052957057953
3.92,0.0,0.075,0.0,-0.07660726006101339,0.0004757972936719811,-0.08658756219602044,-0.08288974314928055,0.3756653852760792,0.0,0.0,0.0,0.9783617854118347,0.04605831205844879,0.9722806215286255,0.04792746528983116,0.05389489233493805,-0.22677239775657654,0.018863212317228317,-0.20790918171405792,-0.02008516527712345,-0.011504683643579483,-0.28874877095222473,-0.004026639275252819,-0.292775422334671,0.07292830944061279,0.05953362584114075,-0.3460886478424072,0.02083676867187023,-0.32525187730789185,-0.05411691963672638,-0.05924871563911438,-0.3808978199958801,-0.020737050101161003,-0.4016348719596863,-0.0418204739689827,-0.048079513013362885,-0.38231325149536133,-0.01682782918214798,-0.3991410732269287,0.025412846356630325,0.03197094798088074,-0.3498932421207428,0.011189831420779228,-0.3387034237384796,-0.01675628498196602,-0.004273056052625179,-0.027917152270674706,-0.0014955695951357484,-0.02941272221505642,-0.019881203770637512,-0.0040205540135502815,-0.12734033167362213,-0.0014071938348934054,-0.12874752283096313,0.05261273682117462,0.053232625126838684,-0.08376744389533997,0.01863141916692257,-0.06513602286577225,-0.014291571453213692,-0.007797852158546448,0.16781140863895416,-0.0027292482554912567,0.1650821566581726,-0.044408004730939865,-0.031030388548970222,0.48658862709999084,-0.01086063589900732,0.47572800517082214
3.94,0.0,0.075,0.0,-0.07715076680254779,0.007306875802025866,-0.044000292088896366,-0.06747330725193024,0.39879003912210464,0.0,0.0,0.0,0.9555640816688538,0.04530055820941925,0.9487197399139404,0.03675009682774544,0.048751454800367355,-0.213408961892128,0.01706300862133503,-0.1963459551334381,-0.022895874455571175,-0.014922041445970535,-0.273542195558548,-0.005222714506089687,-0.27876490354537964,0.06978476047515869,0.06260896474123001,-0.3337845206260681,0.021913137286901474,-0.31187137961387634,-0.041443366557359695,-0.053907111287117004,-0.3753358721733093,-0.01886748895049095,-0.3942033648490906,-0.03929212689399719,-0.04544329643249512,-0.3852292597293854,-0.01590515300631523,-0.4011344015598297,0.017588473856449127,0.027656204998493195,-0.3603771924972534,0.009679671376943588,-0.35069751739501953,-0.023280557245016098,-0.009975306689739227,-0.00757197430357337,-0.0034913572017103434,-0.011063331738114357,-0.030298516154289246,-0.011903943493962288,-0.11057517677545547,-0.004166380036622286,-0.11474155634641647,0.0514383390545845,0.05269433930516243,-0.08717108517885208,0.018443018198013306,-0.06872806698083878,-0.026894131675362587,-0.01352673675864935,0.14760680496692657,-0.0047343578189611435,0.14287245273590088,-0.04760057479143143,-0.03600144386291504,0.46957510709762573,-0.012600504793226719,0.456974595785141
3.96,0.0,0.075,0.0,-0.07726971526452457,0.014726453534637871,0.00017752621671392652,-0.04997052997350693,0.4250442050397396,0.0,0.0,0.0,0.931269645690918,0.045266102999448776,0.9236847758293152,0.02702239342033863,0.04223273694515228,-0.20116105675697327,0.014781457372009754,-0.1863795965909958,-0.024710314348340034,-0.01785852387547493,-0.25834208726882935,-0.006250483449548483,-0.26459255814552307,0.07357549667358398,0.06589892506599426,-0.3203757107257843,0.023064622655510902,-0.29731109738349915,-0.042023394256830215,-0.05034199729561806,-0.367902934551239,-0.017619699239730835,-0.38552263379096985,-0.035988979041576385,-0.04260700196027756,-0.38609179854393005,-0.014912450686097145,-0.40100425481796265,0.013081278651952744,0.02328372746706009,-0.36926600337028503,0.008149304427206516,-0.3611167073249817,-0.023532304912805557,-0.014042406342923641,0.011911844834685326,-0.004914842080324888,0.006997002754360437,-0.03775285929441452,-0.019658617675304413,-0.09250818192958832,-0.0068805161863565445,-0.09938869625329971,0.04952264949679375,0.051742833107709885,-0.08839782327413559,0.018109992146492004,-0.07028783112764359,-0.028351236134767532,-0.017974086105823517,0.12830016016960144,-0.0062909298576414585,0.12200923264026642,-0.05763983353972435,-0.04249295964837074,0.4512920677661896,-0.014872536063194275,0.4364195466041565
3.98,0.0,0.075,0.0,-0.07695943911054921,0.02259372106256127,0.04400281728176303,-0.026398060843348503,0.46040290873497725,0.0,0.0,0.0,0.9056931734085083,0.045438069850206375,0.8977082967758179,0.018341975286602974,0.035065509378910065,-0.1902545690536499,0.012272927910089493,-0.1779816448688507,-0.032118722796440125,-0.022136583924293518,-0.24342875182628632,-0.007747804280370474,-0.2511765658855438,0.07370670139789581,0.06824125349521637,-0.30610957741737366,0.02388443797826767,-0.2822251319885254,-0.037220194935798645,-0.04640545696020126,-0.3587360978126526,-0.016241909936070442,-0.3749780058860779,-0.035000432282686234,-0.04032503068447113,-0.38488495349884033,-0.01411376055330038,-0.3989987075328827,0.006273163482546806,0.01818055845797062,-0.3763957917690277,0.006363195367157459,-0.3700326085090637,-0.03251083567738533,-0.01958293467760086,0.03033575415611267,-0.006854027044028044,0.02348172664642334,-0.04123403877019882,-0.026131244376301765,-0.07332344353199005,-0.00914593506604433,-0.0824693813920021,0.04351023957133293,0.0492730587720871,-0.08743514865636826,0.017245570197701454,-0.07018958032131195,-0.02446330338716507,-0.019920852035284042,0.11008822917938232,-0.0069722980260849,0.10311593115329742,-0.06672871112823486,-0.04976368695497513,0.43192583322525024,-0.017417289316654205,0.41450855135917664
4.0,0.0,0.075,0.0,-0.07560384302831223,0.03196146312684196,0.09028019696482452,-0.006788739003241062,0.4898168914951384,0.0,0.0,0.0,0.8790714740753174,0.04525742679834366,0.8713256120681763,-0.0014870301820337772,0.024099746719002724,-0.18089066445827484,0.008434911258518696,-0.17245575785636902,-0.03598087653517723,-0.02628987282514572,-0.2290772646665573,-0.009201454930007458,-0.23827871680259705,0.0654098391532898,0.06739182770252228,-0.29124924540519714,0.023587139323353767,-0.2676621079444885,-0.02718535251915455,-0.040639426559209824,-0.34800440073013306,-0.014223799109458923,-0.3622282147407532,-0.03732863441109657,-0.039426110684871674,-0.3816309869289398,-0.013799138367176056,-0.3954301178455353,-0.003610077314078808,0.011643367819488049,-0.38163504004478455,0.004075178876519203,-0.3775598704814911,-0.034824296832084656,-0.02415534481406212,0.047512006014585495,-0.008454370312392712,0.03905763477087021,-0.04779226332902908,-0.032629549503326416,-0.05321647599339485,-0.01142034213989973,-0.06463681906461716,0.04047226905822754,0.04663282260298729,-0.08429288119077682,0.016321487724781036,-0.06797139346599579,-0.014691312797367573,-0.01835199072957039,0.0931565910577774,-0.006423196755349636,0.0867333933711052,-0.07840803265571594,-0.05835698917508125,0.41167378425598145,-0.020424945279955864,0.3912488520145416
4.0200000000000005,0.0,0.075,0.0,-0.07085257066232227,0.04842014479941363,0.18740788505029884,0.007383061572909355,0.511074592359364,0.007752214651554823,0.0,0.007752214651554823,0.8589937686920166,0.04684196785092354,0.8564603924751282,-0.01463652029633522,0.012478865683078766,-0.2104874700307846,0.004367602989077568,-0.2061198651790619,-0.0409979373216629,-0.030702292919158936,-0.2700388431549072,-0.010745801962912083,-0.28078463673591614,0.06815268099308014,0.06762008368968964,-0.3307926058769226,0.023667028173804283,-0.3071255683898926,-0.034357864409685135,-0.03875495865941048,-0.37378913164138794,-0.013564235530793667,-0.3873533606529236,-0.024429716169834137,-0.03492719307541847,-0.38561034202575684,-0.01222451776266098,-0.3978348672389984,0.0037176990881562233,0.009265667758882046,-0.3625671863555908,0.003242983715608716,-0.35932421684265137,-0.03162110596895218,-0.026395073160529137,0.09934528917074203,-0.009238275699317455,0.0901070162653923,-0.05282200127840042,-0.03868728503584862,0.19806495308876038,-0.013540549203753471,0.18452440202236176,0.039858628064394,0.04460056498646736,0.1177990511059761,0.015610197558999062,0.13340924680233002,-0.018065612763166428,-0.01826607808470726,0.046093348413705826,-0.006393127143383026,0.0397002212703228,-0.09756642580032349,-0.07011982053518295,0.16202345490455627,-0.024541936814785004,0.13748151063919067
4.04,0.0,0.075,0.0,-0.06652489664496805,0.056797649196234236,0.23557177740206114,0.14747315645217896,0.7212097346782684,0.1548468142747879,0.0,0.1548468142747879,0.8501384258270264,0.054538991302251816,0.8505625128746033,0.011615410447120667,0.012219829484820366,-0.19852861762046814,0.004276940133422613,-0.1942516714334488,-0.04960865154862404,-0.03637420013546944,-0.2548799216747284,-0.012730970047414303,-0.2676108777523041,0.07484449446201324,0.0697874054312706,-0.3171643018722534,0.02442559227347374,-0.2927387058734894,-0.04354960843920708,-0.0401933528482914,-0.36594444513320923,-0.01406767312437296,-0.3800121247768402,-0.11222577095031738,-0.058116767555475235,-0.3859974145889282,-0.020340869203209877,-0.40633827447891235,-0.007957573980093002,0.004098695237189531,-0.3710651993751526,0.0014345432864502072,-0.3696306645870209,-0.09068039059638977,-0.04568067193031311,0.08853752911090851,-0.01598823443055153,0.07254929840564728,-0.08457420766353607,-0.052453361451625824,0.20883165299892426,-0.01835867576301098,0.19047297537326813,0.009558730758726597,0.03408801555633545,0.13948678970336914,0.011930805630981922,0.1514175981283188,-0.011568875052034855,-0.016256917268037796,0.05724256858229637,-0.005689920857548714,0.05155264586210251,-0.10851319134235382,-0.08163782954216003,0.15160223841667175,-0.028573239222168922,0.12302900105714798
4.0600000000000005,0.0,0.075,0.0,-0.060432272021372586,0.07122208989717006,0.3163517097269993,0.11148173362016678,0.6672226004302502,0.1170558203011751,0.0,0.1170558203011751,0.8405541181564331,0.06043039634823799,0.843488872051239,-0.08518867939710617,-0.01700272411108017,-0.18795974552631378,-0.005950953345745802,-0.19391070306301117,-0.02110895700752735,-0.031794626265764236,-0.24007165431976318,-0.011128119193017483,-0.25119978189468384,0.04864084720611572,0.06344343721866608,-0.30273786187171936,0.022205201908946037,-0.2805326581001282,-0.054544683545827866,-0.0444987528026104,-0.3564019799232483,-0.015574563294649124,-0.3719765543937683,-0.089976966381073,-0.06767483055591583,-0.3843168318271637,-0.02368619106709957,-0.408003032207489,-0.0015834439545869827,0.0023940533865243196,-0.3777709901332855,0.0008379186620004475,-0.3769330680370331,-0.05652448162436485,-0.048933811485767365,0.07588900625705719,-0.017126834020018578,0.05876217037439346,-0.12171078473329544,-0.07323058694601059,0.2176453024148941,-0.025630705058574677,0.19201460480690002,0.0065921396017074585,0.02583925426006317,0.16104169189929962,0.009043739177286625,0.17008543014526367,-0.046865224838256836,-0.025439409539103508,0.07021060585975647,-0.008903793059289455,0.06130681186914444,-0.12305775284767151,-0.09406380355358124,0.14315181970596313,-0.03292233124375343,0.1102294921875
4.08,0.0,0.075,0.0,-0.056147465271094404,0.07747533455501877,0.34735403313534646,0.12451261281967163,0.6867689192295074,0.1307382434606552,0.0,0.1307382434606552,0.8304261565208435,0.06384778022766113,0.8360821008682251,0.04423768073320389,0.0013693980872631073,-0.17897579073905945,0.00047928933054208755,-0.17849649488925934,-0.07115031033754349,-0.04360133409500122,-0.22588713467121124,-0.015260466374456882,-0.24114760756492615,0.07033445686101913,0.06551074236631393,-0.28777942061424255,0.022928759455680847,-0.2648506760597229,-0.03028738871216774,-0.04023534432053566,-0.3453376889228821,-0.014082370325922966,-0.3594200611114502,-0.1090526133775711,-0.08008816838264465,-0.38059961795806885,-0.02803085930645466,-0.40863049030303955,-0.02824634313583374,-0.006798065733164549,-0.3825608789920807,-0.0023793228901922703,-0.3849402070045471,-0.09149543941020966,-0.06170230358839035,0.06152861565351486,-0.021595805883407593,0.03993280977010727,-0.09240246564149857,-0.0789821520447731,0.22441606223583221,-0.027643753215670586,0.19677230715751648,0.028539907187223434,0.02664945088326931,0.18224407732486725,0.009327307343482971,0.19157138466835022,0.01468777097761631,-0.013401255011558533,0.08486530184745789,-0.004690438974648714,0.08017486333847046,-0.07994142174720764,-0.08982709050178528,0.13675831258296967,-0.03143947944045067,0.1053188294172287
4.1,0.0,0.075,0.0,-0.0507858618702338,0.08522388031686538,0.3939611701535041,0.1128595769405365,0.6692893654108047,0.11850255578756332,0.0,0.11850255578756332,0.8199833035469055,0.06718374043703079,0.8245640397071838,-0.07605737447738647,-0.021858634427189827,-0.17174240946769714,-0.0076505220495164394,-0.17939293384552002,-0.04723810777068138,-0.04469236731529236,-0.21258799731731415,-0.015642328187823296,-0.2282303273677826,0.043352678418159485,0.0588633231818676,-0.2725648283958435,0.020602162927389145,-0.25196266174316406,-0.003334002336487174,-0.029164941981434822,-0.3329557180404663,-0.010207729414105415,-0.34316346049308777,-0.07376234978437424,-0.07819042354822159,-0.3749143183231354,-0.027366647496819496,-0.4022809565067291,0.003815907984972,-0.0036138733848929405,-0.38534650206565857,-0.001264855614863336,-0.38661137223243713,-0.07494409382343292,-0.06567484140396118,0.045602697879076004,-0.022986194118857384,0.02261650376021862,-0.1429971307516098,-0.09818664193153381,0.22907495498657227,-0.034365322440862656,0.1947096288204193,0.044317249208688736,0.031949788331985474,0.20287790894508362,0.011182425543665886,0.21406033635139465,-0.03703795373439789,-0.02049226313829422,0.10105733573436737,-0.007172292098402977,0.09388504177331924,-0.0983383059501648,-0.09238044917583466,0.13248687982559204,-0.03233315795660019,0.10015372186899185
4.12,0.0,0.075,0.0,-0.043880173850443245,0.09423345310020893,0.4403389271377251,0.13711677491664886,0.7056751623749733,0.1439726136624813,0.0,0.1439726136624813,0.8094971776008606,0.07343636453151703,0.815938413143158,0.05303086340427399,0.0006082160398364067,-0.16639305651187897,0.0002128756168531254,-0.16618017852306366,-0.10857878625392914,-0.06385829299688339,-0.20041953027248383,-0.022350402548909187,-0.22276993095874786,0.07874245196580887,0.06482706218957901,-0.25737470388412476,0.022689471021294594,-0.23468522727489471,-0.04146703705191612,-0.0328555703163147,-0.3194843530654907,-0.011499449610710144,-0.33098381757736206,-0.10832247138023376,-0.08723004162311554,-0.3673657774925232,-0.03053051419556141,-0.39789628982543945,-0.001873701810836792,-0.003091821912676096,-0.3860764801502228,-0.001082137692719698,-0.3871586322784424,-0.09695302695035934,-0.07505829632282257,0.02827354706823826,-0.02627040259540081,0.002003144472837448,-0.12314414232969284,-0.1056738942861557,0.23157449066638947,-0.036985863000154495,0.19458863139152527,0.033089544624090195,0.0322917141020298,0.22273290157318115,0.0113020995631814,0.23403500020503998,0.03079926036298275,-0.005104805342853069,0.11862168461084366,-0.0017866818234324455,0.11683500558137894,-0.10373672842979431,-0.09578733146190643,0.1303810328245163,-0.03352556377649307,0.09685546904802322
4.14,0.0,0.075,0.0,-0.03901567020549335,0.09988359044891401,0.47597250309243505,0.14961054921150208,0.7244158238172531,0.15709107667207717,0.0,0.15709107667207717,0.7992790937423706,0.07113943248987198,0.8119162917137146,-0.05086519196629524,-0.01483380701392889,-0.163026362657547,-0.005191832315176725,-0.168218195438385,-0.0808844342827797,-0.06896613538265228,-0.18960615992546082,-0.02413814701139927,-0.21374431252479553,0.04254383593797684,0.05814209207892418,-0.24248920381069183,0.020349731668829918,-0.22213947772979736,-0.04863065108656883,-0.03758809715509415,-0.3051721155643463,-0.013155833818018436,-0.31832796335220337,-0.07915045320987701,-0.0848061665892601,-0.3580932319164276,-0.029682157561182976,-0.38777539134025574,-0.030981391668319702,-0.011458693072199821,-0.3847373425960541,-0.004010542295873165,-0.3887478709220886,-0.0550883449614048,-0.06906730681657791,0.009717750363051891,-0.0241735577583313,-0.014455807395279408,-0.07593785226345062,-0.0967530831694603,0.23188920319080353,-0.033863577991724014,0.1980256289243698,0.05559027940034866,0.03928128629922867,0.2416067272424698,0.013748450204730034,0.25535517930984497,0.009233806282281876,-0.0008032217156141996,0.13737936317920685,-0.00028112760628573596,0.13709823787212372,-0.0846189633011818,-0.09243682026863098,0.13046224415302277,-0.032352887094020844,0.09810935705900192
4.16,0.0,0.075,0.0,-0.03411183118952654,0.10405679552208867,0.49565899769442695,0.12166926264762878,0.6825038939714432,0.1277527257800102,0.0,0.1277527257800102,0.7896743416786194,0.06785020977258682,0.8039097189903259,-0.0350189134478569,-0.020889338105916977,-0.1617044359445572,-0.0073112682439386845,-0.16901570558547974,-0.06320332735776901,-0.06723729521036148,-0.18034732341766357,-0.023533053696155548,-0.20388036966323853,0.03538835048675537,0.051315970718860626,-0.22818289697170258,0.01796058937907219,-0.2102223038673401,-0.0429888591170311,-0.03920832648873329,-0.2902829349040985,-0.013722914271056652,-0.30400586128234863,-0.10284298658370972,-0.0902172103524208,-0.3472677171230316,-0.03157602250576019,-0.3788437247276306,0.011592065915465355,-0.004543464630842209,-0.38135382533073425,-0.0015902125742286444,-0.3829440474510193,-0.04424838349223137,-0.06162163242697716,-0.00987559650093317,-0.02156757190823555,-0.031443167477846146,-0.06673070043325424,-0.08774636685848236,0.23001588881015778,-0.030711228027939796,0.19930465519428253,0.01858588680624962,0.033072665333747864,0.25930705666542053,0.011575432494282722,0.2708824872970581,0.006932457908987999,0.0015174821019172668,0.15713922679424286,0.000531118712387979,0.15767034888267517,-0.07682127505540848,-0.08775215595960617,0.1327296793460846,-0.03071325458586216,0.10201642662286758
4.18,0.0,0.075,0.0,-0.030369784078596983,0.10662927212299757,0.5035828092608644,0.10224639624357224,0.6533695943653584,0.10735871605575084,0.0,0.10735871605575084,0.781053364276886,0.06394090503454208,0.7926048040390015,-0.04292985424399376,-0.02750149369239807,-0.16245165467262268,-0.009625522419810295,-0.17207717895507812,-0.043455008417367935,-0.060102611780166626,-0.1728138029575348,-0.02103591337800026,-0.19384971261024475,0.0477130189538002,0.0502350851893425,-0.21471962332725525,0.017582278698682785,-0.19713734090328217,0.03172185271978378,-0.01792927272617817,-0.2750914394855499,-0.006275245454162359,-0.2813666760921478,-0.03604060783982277,-0.07396423071622849,-0.3350888788700104,-0.02588748000562191,-0.36097636818885803,-0.013136748224496841,-0.007121449802070856,-0.37598830461502075,-0.002492507454007864,-0.37848082184791565,-0.10315923392772675,-0.07408291101455688,-0.030306827276945114,-0.02592901885509491,-0.056235846132040024,-0.09707014262676239,-0.09054350107908249,0.22597363591194153,-0.03169022500514984,0.1942834109067917,0.06866312026977539,0.04374980181455612,0.2756534814834595,0.015312430448830128,0.2909659147262573,-0.011942456476390362,-0.002520499750971794,0.17769992351531982,-0.0008821748779155314,0.17681774497032166,-0.03172631189227104,-0.0709444060921669,0.13716024160385132,-0.024830542504787445,0.11232969909906387
4.2,0.0,0.075,0.0,-0.028147703293127862,0.10637028507523305,0.4999379024855708,0.05515784025192261,0.5827367603778839,0.05791573226451873,0.0,0.05791573226451873,0.7737987041473389,0.06131038814783096,0.7868564128875732,-0.1448483169078827,-0.06270554661750793,-0.16525423526763916,-0.021946940571069717,-0.18720117211341858,-0.04125422611832619,-0.054448094218969345,-0.1671445071697235,-0.019056832417845726,-0.1862013339996338,0.03656371682882309,0.046133674681186676,-0.20234769582748413,0.016146786510944366,-0.18620091676712036,-0.05520269647240639,-0.02911129966378212,-0.2598778307437897,-0.010188954882323742,-0.2700667977333069,-0.029029158875346184,-0.06048370897769928,-0.32178130745887756,-0.021169297397136688,-0.34295061230659485,0.022652577608823776,0.0018107588402926922,-0.3687397241592407,0.0006337655941024423,-0.368105947971344,-0.0570744164288044,-0.06898036599159241,-0.05136774107813835,-0.024143127724528313,-0.07551086694002151,-0.05924692749977112,-0.08115452527999878,0.21980364620685577,-0.028404083102941513,0.19139955937862396,0.03416655212640762,0.04087482765316963,0.29047948122024536,0.014306189492344856,0.30478566884994507,-0.012846531346440315,-0.005618309136480093,0.19885189831256866,-0.001966408221051097,0.19688549637794495,-0.048026323318481445,-0.0640689805150032,0.14370878040790558,-0.02242414280772209,0.12128463387489319
4.22,0.0,0.075,0.0,-0.025917690556468753,0.10694424609089855,0.49300180469570004,0.1006123498082161,0.6509185247123241,0.10564296729862689,0.0,0.10564296729862689,0.7682889103889465,0.056174732744693756,0.7831715941429138,-0.05085141956806183,-0.059149306267499924,-0.17006050050258636,-0.020702257752418518,-0.19076275825500488,-0.030514199286699295,-0.04726792499423027,-0.16344404220581055,-0.01654377393424511,-0.1799878180027008,0.006885034963488579,0.03435908257961273,-0.1912953108549118,0.012025678530335426,-0.17926962673664093,-0.013373112305998802,-0.0243898443877697,-0.2449226826429367,-0.00853644497692585,-0.2534591257572174,-0.07458733022212982,-0.06471479684114456,-0.307590514421463,-0.022650178521871567,-0.3302406966686249,0.020232435315847397,0.00733726192265749,-0.35974183678627014,0.0025680416729301214,-0.3571738004684448,-0.03838140144944191,-0.05980067700147629,-0.07284370809793472,-0.02093023620545864,-0.09377394616603851,-0.05591154098510742,-0.07358162850141525,0.21156875789165497,-0.02575356885790825,0.18581518530845642,0.04465756565332413,0.04200964793562889,0.3036339581012726,0.014703376218676567,0.3183373212814331,0.030284320935606956,0.005152480211108923,0.22037963569164276,0.0018033680971711874,0.2221830040216446,-0.03989431634545326,-0.05681658163666725,0.15230855345726013,-0.019885802641510963,0.13242274522781372
4.24,0.0,0.075,0.0,-0.0236266902595481,0.10645509025851062,0.48374856019306617,0.06687236577272415,0.6003085486590862,0.07021598406136036,0.0,0.07021598406136036,0.7648787498474121,0.058610621839761734,0.7811065316200256,-0.11288432031869888,-0.07526981830596924,-0.1767817884683609,-0.026344435289502144,-0.2031262218952179,-0.04697395861148834,-0.04717973619699478,-0.16178062558174133,-0.016512908041477203,-0.17829352617263794,0.02425464242696762,0.0313277505338192,-0.1817663013935089,0.010964712128043175,-0.17080159485340118,-0.016256781294941902,-0.021949924528598785,-0.23050183057785034,-0.00768247339874506,-0.23818430304527283,-0.013542663305997849,-0.0493631549179554,-0.2927781641483307,-0.017277104780077934,-0.3100552558898926,0.007041905075311661,0.0072486549615859985,-0.3491605222225189,0.0025370290968567133,-0.3466234803199768,-0.07790402323007584,-0.06523168087005615,-0.09451588988304138,-0.022831087931990623,-0.11734697967767715,-0.08240091055631638,-0.07622741162776947,0.20135293900966644,-0.026679594069719315,0.17467334866523743,0.06995172053575516,0.0503922700881958,0.3149828016757965,0.01763729378581047,0.3326200842857361,0.011556185781955719,0.007073592394590378,0.2420637309551239,0.002475757384672761,0.24453948438167572,-0.065847247838974,-0.059525780379772186,0.16287192702293396,-0.020834023132920265,0.14203789830207825
4.26,0.0,0.075,0.0,-0.020983876717206317,0.10595026069119337,0.47148902408176196,0.10077135264873505,0.6511570289731026,0.1058099202811718,0.0,0.1058099202811718,0.7638781666755676,0.05590406060218811,0.784332811832428,-0.05221584811806679,-0.06835362315177917,-0.18529413640499115,-0.02392376773059368,-0.20921790599822998,-0.048894818872213364,-0.047694262117147446,-0.1621849536895752,-0.01669299229979515,-0.17887794971466064,-0.010686883702874184,0.01872335933148861,-0.17393642663955688,0.006553175859153271,-0.16738325357437134,-0.05086367204785347,-0.03062404878437519,-0.21688124537467957,-0.01071841735392809,-0.22759966552257538,-0.07365746051073074,-0.05665145069360733,-0.277617484331131,-0.019828006625175476,-0.29744547605514526,0.033254340291023254,0.015050360932946205,-0.33719098567962646,0.005267626140266657,-0.33192336559295654,-0.016897372901439667,-0.05073138698935509,-0.11616343259811401,-0.017755985260009766,-0.13391941785812378,-0.03874395787715912,-0.06498237699270248,0.18926025927066803,-0.0227438323199749,0.16651642322540283,0.05878935009241104,0.05291139334440231,0.32441043853759766,0.01851898804306984,0.3429294228553772,0.06216119974851608,0.02359987422823906,0.2636832296848297,0.008259955793619156,0.27194318175315857,-0.06354031711816788,-0.06073014438152313,0.1752912700176239,-0.021255550906062126,0.15403571724891663
4.28,0.0,0.075,0.0,-0.01834255330414984,0.10499953672823352,0.4560722512626221,0.05734116584062576,0.5860117487609386,0.06020822413265705,0.0,0.06020822413265705,0.7655310034751892,0.05627373233437538,0.7884309887886047,-0.0712633803486824,-0.06922654807567596,-0.19544054567813873,-0.024229291826486588,-0.21966983377933502,-0.04715488851070404,-0.047532450407743454,-0.16464956104755402,-0.016636356711387634,-0.18128591775894165,0.006744790822267532,0.015129788778722286,-0.1679501086473465,0.005295426119118929,-0.16265468299388885,-0.04172709956765175,-0.033954963088035583,-0.20431214570999146,-0.011884236708283424,-0.21619638800621033,-0.03279802203178406,-0.04949542135000229,-0.26238808035850525,-0.01732339709997177,-0.2797114849090576,0.03092275932431221,0.01981208100914955,-0.3240540027618408,0.006934228353202343,-0.3171197772026062,-0.050450969487428665,-0.05064726248383522,-0.1375657320022583,-0.017726542428135872,-0.15529227256774902,-0.048256874084472656,-0.059964727610349655,0.17541395127773285,-0.020987654104828835,0.15442629158496857,0.07414884865283966,0.05928263068199158,0.3318207561969757,0.020748920738697052,0.35256966948509216,0.056332699954509735,0.03341972082853317,0.28501781821250916,0.011696902103722095,0.296714723110199,-0.06331244856119156,-0.06150483712553978,0.18943999707698822,-0.021526692435145378,0.1679133027791977
4.3,0.0,0.075,0.0,-0.016200833324053594,0.10265564996829524,0.43390505174398336,0.062307752668857574,0.5934616290032864,0.06542314030230045,0.0,0.06542314030230045,0.7699969410896301,0.057323750108480453,0.7951182723045349,-0.04072650149464607,-0.06067653372883797,-0.2070339024066925,-0.021236786618828773,-0.22827069461345673,-0.06359835714101791,-0.05235221982002258,-0.16912899911403656,-0.018323276191949844,-0.1874522715806961,-0.008748738095164299,0.007966230623424053,-0.16391772031784058,0.0027881807181984186,-0.16112953424453735,-0.07836063206195831,-0.04727666452527046,-0.1930263489484787,-0.016546832397580147,-0.2095731794834137,-0.05849645659327507,-0.05219573155045509,-0.2473708540201187,-0.018268505111336708,-0.26563936471939087,0.06493057310581207,0.03334762901067734,-0.3099918067455292,0.011671669781208038,-0.29832014441490173,-0.024320952594280243,-0.042749371379613876,-0.1585046797990799,-0.014962280169129372,-0.17346696555614471,-0.03202705457806587,-0.0515834242105484,0.15995512902736664,-0.01805419847369194,0.1419009268283844,0.07328295707702637,0.06348273158073425,0.33713826537132263,0.02221895568072796,0.35935720801353455,0.060827843844890594,0.04164215922355652,0.305850088596344,0.014574755914509296,0.3204248547554016,-0.06769447028636932,-0.06336172670125961,0.20517393946647644,-0.022176604717969894,0.18299733102321625
4.32,0.0,0.075,0.0,-0.012343272498007993,0.10038689918379759,0.4075539575137116,0.05561074614524841,0.5834161192178726,0.05839128345251083,0.0,0.05839128345251083,0.7773383259773254,0.056145790964365005,0.8047518134117126,-0.030250415205955505,-0.05154869705438614,-0.21986034512519836,-0.01804204285144806,-0.23790238797664642,-0.04683547839522362,-0.050697196274995804,-0.17554065585136414,-0.017744017764925957,-0.19328467547893524,-0.008329272270202637,0.0030775796622037888,-0.16191366314888,0.0010771529050543904,-0.16083650290966034,-0.056784737855196,-0.050129085779190063,-0.18323199450969696,-0.017545180395245552,-0.20077717304229736,-0.05772173032164574,-0.05385353043675423,-0.23284277319908142,-0.018848735839128494,-0.2516915202140808,0.037032563239336014,0.03445310890674591,-0.29526379704475403,0.012058587744832039,-0.28320521116256714,-0.014941935427486897,-0.03440714254975319,-0.17876692116260529,-0.012042500078678131,-0.190809428691864,-0.018837522715330124,-0.04175965487957001,0.14304132759571075,-0.014615879394114017,0.1284254491329193,0.08253714442253113,0.06919905543327332,0.3403087258338928,0.02421966940164566,0.3645283877849579,0.0670744776725769,0.049271855503320694,0.3259677290916443,0.017245149239897728,0.34321287274360657,-0.056346360594034195,-0.06125711649656296,0.22233277559280396,-0.021439990028738976,0.20089279115200043
4.34,0.0,0.075,0.0,-0.01323078363253264,0.09622273269870125,0.3824299404971316,0.03287232667207718,0.5493084900081158,0.03451594300568103,0.0,0.03451594300568103,0.7875141501426697,0.05731836333870888,0.8142297267913818,-0.028125103563070297,-0.04452161490917206,-0.23368333280086517,-0.01558256521821022,-0.2492658942937851,-0.06417188048362732,-0.05473960191011429,-0.18376626074314117,-0.01915886066854,-0.20292511582374573,-0.025551442056894302,-0.005511127412319183,-0.16197489202022552,-0.0019288945477455854,-0.16390378773212433,-0.08108365535736084,-0.059415459632873535,-0.17510974407196045,-0.020795410498976707,-0.1959051489830017,-0.06102990731596947,-0.05600644648075104,-0.21907177567481995,-0.019602255895733833,-0.23867402970790863,0.07627667486667633,0.04700017720460892,-0.2801416218280792,0.01645006239414215,-0.2636915445327759,-0.013730510137975216,-0.02820415422320366,-0.19814597070217133,-0.00987145397812128,-0.20801742374897003,-0.0181606225669384,-0.034679945558309555,0.12484489381313324,-0.01213798113167286,0.11270691454410553,0.06986719369888306,0.06939949840307236,0.3412998914718628,0.024289824068546295,0.3655897080898285,0.038273654878139496,0.045972395688295364,0.3451657295227051,0.016090339049696922,0.36125606298446655,-0.06806223094463348,-0.06329865008592606,0.24074162542819977,-0.02215452678501606,0.21858710050582886
4.36,0.0,0.075,0.0,-0.010435082026850395,0.0907212685317867,0.33993810485689724,0.03140398859977722,0.5471059828996658,0.03297418802976608,0.0,0.03297418802976608,0.8003823161125183,0.055458202958106995,0.8272550702095032,-0.014113638550043106,-0.03539922088384628,-0.2482479065656662,-0.01238972693681717,-0.26063764095306396,-0.04125995934009552,-0.05069570988416672,-0.1936541050672531,-0.01774349808692932,-0.21139760315418243,-0.027633659541606903,-0.01214788667857647,-0.1641002893447876,-0.004251760430634022,-0.16835205256938934,-0.06118102744221687,-0.05994512885808945,-0.16880939900875092,-0.020980793982744217,-0.18979018926620483,-0.07408548891544342,-0.06143015995621681,-0.20631186664104462,-0.02150055579841137,-0.22781242430210114,0.0498824380338192,0.04786485806107521,-0.2649041712284088,0.01675269939005375,-0.24815146625041962,-2.2230669856071472e-06,-0.019743574783205986,-0.21644432842731476,-0.00691025098785758,-0.22335457801818848,-0.0001527741551399231,-0.024321794509887695,0.10555126518011093,-0.008512628264725208,0.097038634121418,0.0729927197098732,0.07047746330499649,0.3401016294956207,0.02466711215674877,0.36476874351501465,0.0472179651260376,0.046346068382263184,0.3632484972476959,0.016221122816205025,0.379469633102417,-0.04614710807800293,-0.058153185993433,0.26021289825439453,-0.020353615283966064,0.23985928297042847
4.38,0.0,0.075,0.0,-0.011666684713620491,0.08690436489850133,0.3157338233695297,0.0034419409930706024,0.5051629114896059,0.0036140380427241324,0.0,0.0036140380427241324,0.8157080411911011,0.05779198929667473,0.8421984910964966,-0.004807676654309034,-0.026221757754683495,-0.26328545808792114,-0.00917761493474245,-0.2724630832672119,-0.06767783313989639,-0.05579034611582756,-0.20502182841300964,-0.01952662132680416,-0.22454844415187836,-0.030997954308986664,-0.017802907153964043,-0.16825063526630402,-0.0062310174107551575,-0.17448166012763977,-0.09016772359609604,-0.06901190429925919,-0.16444715857505798,-0.024154165759682655,-0.1886013299226761,-0.06874111294746399,-0.06362344324588776,-0.19479838013648987,-0.022268204018473625,-0.21706658601760864,0.07754290103912354,0.0567682683467865,-0.24983248114585876,0.019868893548846245,-0.22996358573436737,0.0015404066070914268,-0.01335837971419096,-0.23347553610801697,-0.004675433039665222,-0.2381509691476822,0.0054040346294641495,-0.015404045581817627,0.08535704761743546,-0.005391415674239397,0.07996562868356705,0.07011443376541138,0.07036855816841125,0.3367261588573456,0.02462899498641491,0.36135515570640564,0.0507255494594574,0.04765991121530533,0.3800317347049713,0.016680968925356865,0.39671269059181213,-0.0608166866004467,-0.05895223468542099,0.28054818511009216,-0.020633282139897346,0.25991490483283997
4.4,0.0,0.075,0.0,-0.010149829297889703,0.0811201596345637,0.26795123512091656,-0.005893666762858629,0.49115949985571206,0.0,0.0,0.0,0.8331790566444397,0.0563586950302124,0.857041597366333,-0.014899011701345444,-0.022824933752417564,-0.27851858735084534,-0.00798872672021389,-0.2865073084831238,-0.03208757936954498,-0.04867951571941376,-0.21765977144241333,-0.017037829384207726,-0.2346975952386856,-0.047067005187273026,-0.026582136750221252,-0.17434939742088318,-0.009303747676312923,-0.18365314602851868,-0.06760155409574509,-0.06858880072832108,-0.16210348904132843,-0.024006079882383347,-0.18610957264900208,-0.08457633852958679,-0.06990931183099747,-0.18474365770816803,-0.024468258023262024,-0.20921191573143005,0.06200915202498436,0.05834053456783295,-0.2352045178413391,0.020419185981154442,-0.21478533744812012,0.027639539912343025,-0.0010590041056275368,-0.24906602501869202,-0.0003706514253281057,-0.24943667650222778,0.013983393087983131,-0.006587813142687082,0.06446804106235504,-0.002305734669789672,0.062162306159734726,0.05663205683231354,0.0662476122379303,0.33120784163475037,0.023186663165688515,0.35439449548721313,0.02713104896247387,0.041501253843307495,0.3953443765640259,0.014525438658893108,0.40986981987953186,-0.050438400357961655,-0.05639808624982834,0.30154022574424744,-0.01973932981491089,0.28180089592933655
4.42,0.0,0.075,0.0,-0.011235391037944518,0.07749241011698331,0.24340309600335117,-0.012815605849027634,0.48077659122645855,0.0,0.0,0.0,0.8524237275123596,0.058697670698165894,0.877029538154602,-0.026150615885853767,-0.023822639137506485,-0.29366642236709595,-0.00833792332559824,-0.302004337310791,-0.04336201399564743,-0.0470842644572258,-0.23133482038974762,-0.0164794921875,-0.24781431257724762,-0.020398695021867752,-0.024727104231715202,-0.18228407204151154,-0.008654486387968063,-0.1909385621547699,-0.11327414959669113,-0.08199440687894821,-0.16182158887386322,-0.028698042035102844,-0.19051963090896606,-0.0824013203382492,-0.07365691661834717,-0.17633315920829773,-0.02577991969883442,-0.202113077044487,0.06305593252182007,0.05975515395402908,-0.22129011154174805,0.02091430313885212,-0.20037581026554108,0.010722162202000618,0.0024753459729254246,-0.2630569338798523,0.0008663710905238986,-0.2621905505657196,0.017953699454665184,0.0007746405899524689,0.04309710115194321,0.0002711242123041302,0.043368224054574966,0.07028350979089737,0.067458376288414,0.32360297441482544,0.0236104317009449,0.34721341729164124,0.03711547702550888,0.04018551856279373,0.4090304374694824,0.014064931310713291,0.42309537529945374,-0.046000707894563675,-0.05327887088060379,0.32297515869140625,-0.018647603690624237,0.3043275475502014
4.44,0.0,0.075,0.0,-0.009928884731013474,0.06942971117604836,0.18520066620735356,-0.03770916163921356,0.44343625754117966,0.0,0.0,0.0,0.8730297088623047,0.05760587006807327,0.8965225219726562,-0.005197910591959953,-0.01823521964251995,-0.30844953656196594,-0.00638232659548521,-0.31483185291290283,-0.022840341553092003,-0.039811085909605026,-0.24579478800296783,-0.013933880254626274,-0.25972867012023926,-0.040278952568769455,-0.029392659664154053,-0.1919083446264267,-0.010287431068718433,-0.20219577848911285,-0.059219807386398315,-0.07516202330589294,-0.1636066734790802,-0.02630670741200447,-0.18991337716579437,-0.10007661581039429,-0.08158282935619354,-0.16972199082374573,-0.02855399064719677,-0.19827598333358765,0.0740254819393158,0.06403625011444092,-0.20834586024284363,0.02241268754005432,-0.1859331727027893,0.0002050846815109253,0.0017942675622180104,-0.27530568838119507,0.0006279936642386019,-0.27467769384384155,0.01652841456234455,0.0055007729679346085,0.02146201767027378,0.001925270538777113,0.02338728867471218,0.06980448961257935,0.0681622102856636,0.3139890432357788,0.02385677397251129,0.3378458023071289,0.02500673569738865,0.03563188388943672,0.42095041275024414,0.012471158988773823,0.4334215819835663,-0.022990930825471878,-0.04419248551130295,0.3446345031261444,-0.015467369928956032,0.32916712760925293
4.46,0.0,0.075,0.0,-0.011417393542492408,0.06556643252314255,0.16062357102177316,-0.03381142392754555,0.4492828641086817,0.0,0.0,0.0,0.8945624828338623,0.06022663787007332,0.9178869128227234,-0.00391097366809845,-0.01393794547766447,-0.3225952684879303,-0.004878280684351921,-0.32747355103492737,-0.036412861198186874,-0.03879161924123764,-0.2607729732990265,-0.013577066361904144,-0.27435004711151123,-0.03036937490105629,-0.029685676097869873,-0.20304468274116516,-0.01038998644798994,-0.21343466639518738,-0.10843411087989807,-0.08514364808797836,-0.16742582619190216,-0.029800277203321457,-0.19722610712051392,-0.08613814413547516,-0.0829494297504425,-0.16503210365772247,-0.029032299295067787,-0.1940644085407257,0.06823384761810303,0.06529553234577179,-0.19661051034927368,0.022853435948491096,-0.17375707626342773,0.034025974571704865,0.011463779956102371,-0.28568747639656067,0.00401232298463583,-0.28167515993118286,0.023566363379359245,0.010920450091362,-0.0002167413040297106,0.0038221573922783136,0.0036054160445928574,0.08178137987852097,0.07224796712398529,0.30246397852897644,0.025286788120865822,0.3277507722377777,0.042264580726623535,0.037621691823005676,0.4309828579425812,0.013167591765522957,0.444150447845459,-0.03634757176041603,-0.04183901101350784,0.36629754304885864,-0.0146436532959342,0.35165390372276306
4.48,0.0,0.075,0.0,-0.011384362579366094,0.056103845425384706,0.09877101946299265,-0.06396162509918213,0.4040575623512268,0.0,0.0,0.0,0.9165816903114319,0.0606173612177372,0.9377256035804749,-0.0008898954838514328,-0.010023529641330242,-0.33584269881248474,-0.003508235327899456,-0.33935093879699707,-0.018117619678378105,-0.032589420676231384,-0.27599310874938965,-0.011406296864151955,-0.28739941120147705,-0.040134359151124954,-0.03282028064131737,-0.21548770368099213,-0.011487098410725594,-0.22697480022907257,-0.08057892322540283,-0.08377423137426376,-0.17320860922336578,-0.029320981353521347,-0.20252959430217743,-0.09479400515556335,-0.086502805352211,-0.16234998404979706,-0.03027598187327385,-0.1926259696483612,0.08098025619983673,0.07000094652175903,-0.18630051612854004,0.024500330910086632,-0.16180019080638885,0.02342015877366066,0.015050694346427917,-0.2940964996814728,0.005267743021249771,-0.2888287603855133,0.02429570071399212,0.01493302546441555,-0.021718256175518036,0.0052265590056777,-0.01649169623851776,0.0751931220293045,0.0731315165758133,0.28914523124694824,0.025596030056476593,0.31474125385284424,0.02130529098212719,0.032726772129535675,0.43902552127838135,0.011454369872808456,0.4504798948764801,-0.03087754175066948,-0.038550570607185364,0.3877435624599457,-0.013492699712514877,0.3742508590221405
4.5,0.0,0.075,0.0,-0.012802560134059964,0.05288922790320619,0.07876406536843206,-0.06112923473119736,0.40830614790320396,0.0,0.0,0.0,0.938654363155365,0.061575159430503845,0.9592923521995544,0.0025139139033854008,-0.006262296345084906,-0.3479475677013397,-0.002191803650930524,-0.3501393795013428,-0.025947147980332375,-0.030596738681197166,-0.2911744713783264,-0.010708858259022236,-0.301883339881897,-0.031206607818603516,-0.03233617916703224,-0.22900789976119995,-0.0113176628947258,-0.24032557010650635,-0.10083562880754471,-0.08889265358448029,-0.18084834516048431,-0.0311124287545681,-0.2119607776403427,-0.08662346005439758,-0.08653900027275085,-0.16172510385513306,-0.03028864972293377,-0.19201375544071198,0.05726233497262001,0.06617936491966248,-0.1776060163974762,0.023162776604294777,-0.15444323420524597,0.04083363711833954,0.022785577923059464,-0.300447016954422,0.007974952459335327,-0.29247206449508667,0.03020296059548855,0.01951400563120842,-0.042823418974876404,0.006829902064055204,-0.03599351644515991,0.08348198235034943,0.07623665779829025,0.27416855096817017,0.02668282948434353,0.30085137486457825,0.03724481910467148,0.034082185477018356,0.4449964165687561,0.01192876510322094,0.4569251835346222,-0.02957572415471077,-0.035858117043972015,0.4087539613246918,-0.012550340965390205,0.3962036073207855
4.5200000000000005,0.0,0.075,0.0,-0.017231560949199053,0.03327814693914558,-0.04413723244434719,-0.09415090084075928,0.3587736487388611,0.0,0.0,0.0,0.9603659510612488,0.062071215361356735,0.9798856973648071,0.007444111164659262,-0.0021503737661987543,-0.35868653655052185,-0.000752630818169564,-0.3594391644001007,-0.016357384622097015,-0.026324931532144547,-0.3060370981693268,-0.009213726036250591,-0.31525081396102905,-0.03533923253417015,-0.033237095922231674,-0.24335592985153198,-0.011632983572781086,-0.2549889087677002,-0.0762823224067688,-0.08510955423116684,-0.19020414352416992,-0.029788343235850334,-0.2199924886226654,-0.09730064868927002,-0.08976749330759048,-0.1631689816713333,-0.03141862154006958,-0.1945876032114029,0.08126901090145111,0.07070625573396683,-0.17068739235401154,0.02474718913435936,-0.14594019949436188,0.024156026542186737,0.023196712136268616,-0.3046743869781494,0.008118849247694016,-0.2965555489063263,0.03191708028316498,0.023234929889440536,-0.06331715732812881,0.008132224902510643,-0.05518493056297302,0.08056268095970154,0.07753446698188782,0.2576865553855896,0.027137063443660736,0.28482362627983093,0.03554115444421768,0.034519877284765244,0.44883474707603455,0.01208195649087429,0.4609166979789734,-0.025214962661266327,-0.03266517072916031,0.4291146695613861,-0.011432809755206108,0.41768187284469604
4.54,0.0,0.075,0.0,-0.018779840294338178,0.028988556415716602,-0.06332514208955271,-0.07929417490959167,0.3810587376356125,0.0,0.0,0.0,0.9813278913497925,0.06374003738164902,0.9991651773452759,0.02171190269291401,0.00500830914825201,-0.3678615987300873,0.001752908225171268,-0.3661086857318878,-0.021537503227591515,-0.02488870359957218,-0.32030683755874634,-0.008711046539247036,-0.32901787757873535,-0.038014739751815796,-0.034670390188694,-0.2582671344280243,-0.012134636752307415,-0.2704017758369446,-0.1019246056675911,-0.09015406668186188,-0.20110344886779785,-0.03155392408370972,-0.23265737295150757,-0.08872713148593903,-0.08945538103580475,-0.16665500402450562,-0.03130938112735748,-0.1979643851518631,0.06381411850452423,0.06863861531019211,-0.16567222774028778,0.02402351424098015,-0.14164870977401733,0.05825842171907425,0.033715225756168365,-0.30673548579216003,0.011800329200923443,-0.2949351668357849,0.031796783208847046,0.02580348402261734,-0.0829906240105629,0.009031219407916069,-0.07395940274000168,0.09482327848672867,0.08272111415863037,0.2398672103881836,0.02895238995552063,0.2688196003437042,0.022173235192894936,0.030815884470939636,0.45050138235092163,0.010785559192299843,0.4612869322299957,-0.022824838757514954,-0.029713071882724762,0.44861820340156555,-0.010399575345218182,0.4382186233997345
4.5600000000000005,0.0,0.075,0.0,-0.024635119294667208,0.011356359813486913,-0.15736406055998708,-0.1036331057548523,0.34455034136772156,0.0,0.0,0.0,1.0011837482452393,0.06307967752218246,1.0170190334320068,0.03410977125167847,0.013738748617470264,-0.3753035068511963,0.004808561876416206,-0.37049493193626404,-0.009158516302704811,-0.02016964741051197,-0.33372050523757935,-0.007059376686811447,-0.3407798707485199,-0.045539114624261856,-0.037931010127067566,-0.2734665274620056,-0.013275853358209133,-0.2867423892021179,-0.06725478172302246,-0.08328428119421005,-0.2133452445268631,-0.029149498790502548,-0.24249474704265594,-0.0932440459728241,-0.09059197455644608,-0.17211885750293732,-0.03170718997716904,-0.20382604002952576,0.07387344539165497,0.0702090635895729,-0.16265302896499634,0.024573171511292458,-0.13807985186576843,0.03559895232319832,0.03428034484386444,-0.3066093325614929,0.011998120695352554,-0.29461121559143066,0.040163829922676086,0.030111588537693024,-0.10164334625005722,0.010539055801928043,-0.09110429137945175,0.08144321292638779,0.08233774453401566,0.22089208662509918,0.02881821058690548,0.2497102916240692,0.026564976200461388,0.029540611431002617,0.44997933506965637,0.010339213535189629,0.46031853556632996,-0.015074989758431911,-0.02532164752483368,0.4670657813549042,-0.008862576447427273,0.45820319652557373
4.58,0.0,0.075,0.0,-0.025913898897770214,0.008276046273606353,-0.16950150084049564,-0.11263078451156616,0.33105382323265076,0.0,0.0,0.0,1.0196125507354736,0.06361757963895798,1.033217191696167,0.04049801453948021,0.021766528487205505,-0.38087502121925354,0.007618284784257412,-0.37325674295425415,-0.008324632421135902,-0.01661614328622818,-0.34603071212768555,-0.005815649870783091,-0.3518463671207428,-0.03240228071808815,-0.03627239167690277,-0.2886737585067749,-0.01269533671438694,-0.3013691008090973,-0.08530066162347794,-0.0838892012834549,-0.2267037332057953,-0.029361220076680183,-0.2560649514198303,-0.08645652234554291,-0.0893513411283493,-0.17945978045463562,-0.031272970139980316,-0.21073275804519653,0.061586569994688034,0.06762231886386871,-0.16168548166751862,0.02366781048476696,-0.1380176693201065,0.06718757748603821,0.04415251314640045,-0.30429720878601074,0.015453379601240158,-0.2888438403606415,0.044179342687129974,0.03433191403746605,-0.11908523738384247,0.012016169726848602,-0.10706906765699387,0.0843607485294342,0.08294464647769928,0.20095454156398773,0.029030626639723778,0.22998516261577606,0.031110601499676704,0.030011609196662903,0.44727393984794617,0.010504063218832016,0.4577780067920685,-0.01320424024015665,-0.021686425432562828,0.4842694401741028,-0.007590248715132475,0.4766792058944702
4.6000000000000005,0.0,0.075,0.0,-0.030257824690028415,-0.005183723945985764,-0.25593217351651504,-0.14356592297554016,0.28465111553668976,0.0,0.0,0.0,1.036331295967102,0.06288361549377441,1.0496737957000732,0.025539087131619453,0.022898295894265175,-0.38447335362434387,0.008014403283596039,-0.37645894289016724,-0.020453548058867455,-0.017767364159226418,-0.3570104241371155,-0.006218577269464731,-0.36322900652885437,-0.032183583825826645,-0.03504575043916702,-0.30360835790634155,-0.012266012839972973,-0.3158743679523468,-0.08374703675508499,-0.0838465541601181,-0.24093253910541534,-0.029346292838454247,-0.27027884125709534,-0.07271996140480042,-0.08436192572116852,-0.18854238092899323,-0.02952667325735092,-0.21806904673576355,0.09442402422428131,0.07566282898187637,-0.16278743743896484,0.0264819897711277,-0.13630545139312744,0.019802873954176903,0.03684762120246887,-0.2998226583003998,0.01289666723459959,-0.2869260013103485,0.03267907351255417,0.033836062997579575,-0.13513855636119843,0.011842621490359306,-0.12329593300819397,0.0840299054980278,0.08327022194862366,0.18025776743888855,0.02914457768201828,0.20940235257148743,0.013413242995738983,0.025032099336385727,0.44241270422935486,0.00876123458147049,0.45117393136024475,-0.004874533042311668,-0.01664285734295845,0.500053882598877,-0.005824999883770943,0.49422886967658997
4.62,0.0,0.075,0.0,-0.03165651172966342,-0.007440182016295989,-0.2668819659022447,-0.1411706805229187,0.28824397921562195,0.0,0.0,0.0,1.0510956048965454,0.06351113319396973,1.0630377531051636,0.05100838094949722,0.031331323087215424,-0.3860321640968323,0.010965962894260883,-0.37506619095802307,-0.004155436530709267,-0.013683785684406757,-0.36645710468292236,-0.004789324942976236,-0.37124642729759216,-0.014280091971158981,-0.02881605364382267,-0.3179948627948761,-0.010085619054734707,-0.3280804753303528,-0.10013499855995178,-0.08873308449983597,-0.2557692527770996,-0.03105657920241356,-0.28682583570480347,-0.08242259919643402,-0.08378012478351593,-0.1991991251707077,-0.029323043301701546,-0.2285221666097641,0.08284540474414825,0.07781760394573212,-0.16593855619430542,0.02723616175353527,-0.138702392578125,0.04349527508020401,0.03884191811084747,-0.2932312786579132,0.0135946711525321,-0.2796366214752197,0.04448005557060242,0.03702925890684128,-0.14963971078395844,0.012960240244865417,-0.13667947053909302,0.07714953273534775,0.08143401145935059,0.15901267528533936,0.028501903638243675,0.18751457333564758,0.010579107329249382,0.020696202293038368,0.43544524908065796,0.0072436705231666565,0.442688912153244,0.017577551305294037,-0.0063767340034246445,0.5142582058906555,-0.002231856808066368,0.5120263695716858
4.64,0.0,0.075,0.0,-0.034353094982459746,-0.012792493798342582,-0.2943658783514873,-0.16086332499980927,0.2587050125002861,0.0,0.0,0.0,1.0637000799179077,0.060277342796325684,1.0719377994537354,0.04200158640742302,0.03453240171074867,-0.38552266359329224,0.012086340226233006,-0.3734363317489624,0.018412292003631592,-0.004054962191730738,-0.37419652938842773,-0.0014192367671057582,-0.37561577558517456,-0.037006594240665436,-0.031273216009140015,-0.3315679728984833,-0.010945625603199005,-0.3425135910511017,-0.03433810546994209,-0.0724145919084549,-0.2709401845932007,-0.025345107540488243,-0.2962853014469147,-0.08538325130939484,-0.08426105976104736,-0.2112334817647934,-0.029491370543837547,-0.2407248467206955,0.040313322097063065,0.06656631827354431,-0.17108072340488434,0.02329821139574051,-0.14778250455856323,0.0754740834236145,0.0498315691947937,-0.2845902740955353,0.017441049218177795,-0.2671492099761963,0.04663556069135666,0.03991115093231201,-0.1624409407377243,0.01396890264004469,-0.14847204089164734,0.0751977264881134,0.07956312596797943,0.13743574917316437,0.02784709446132183,0.16528284549713135,0.007188580930233002,0.016643915325403214,0.42644253373146057,0.005825370084494352,0.4322679042816162,0.0020332196727395058,-0.003853747621178627,0.5267376899719238,-0.0013488116674125195,0.5253888964653015
4.66,0.0,0.075,0.0,-0.037716129883342144,-0.016259445520653587,-0.31628825955836604,-0.1530812829732895,0.27037807554006577,0.0,0.0,0.0,1.0739778280258179,0.05707615613937378,1.0778595209121704,0.04046054929494858,0.036310844123363495,-0.38295429944992065,0.012708795256912708,-0.3702455163002014,0.03008207306265831,0.006186148151755333,-0.3800859749317169,0.002165151759982109,-0.37792083621025085,-0.041831422597169876,-0.03444067761301994,-0.34407728910446167,-0.012054236605763435,-0.35613152384757996,-0.013945571146905422,-0.054873887449502945,-0.2861655652523041,-0.019205860793590546,-0.3053714334964752,-0.08814550936222076,-0.08542639762163162,-0.22442349791526794,-0.029899239540100098,-0.25432273745536804,0.019704312086105347,0.05250771716237068,-0.17811910808086395,0.018377700820565224,-0.15974140167236328,0.08173110336065292,0.05940143018960953,-0.27398765087127686,0.020790500566363335,-0.25319716334342957,0.033928170800209045,0.03811625763773918,-0.1734117716550827,0.013340690173208714,-0.16007107496261597,0.07167284935712814,0.07719604671001434,0.1157468780875206,0.02701861597597599,0.14276549220085144,-0.021014511585235596,0.005346386227756739,0.4154963195323944,0.001871235202997923,0.417367547750473,-0.0040863631293177605,-0.0039235325530171394,0.5373651385307312,-0.0013732364168390632,0.535991907119751
4.68,0.0,0.075,0.0,-0.04083024802146228,-0.01774190482237196,-0.32452500479560265,-0.16774997115135193,0.2483750432729721,0.0,0.0,0.0,1.0817984342575073,0.05513995140790939,1.0841680765151978,0.043021295219659805,0.03832397982478142,-0.3783744275569916,0.013413392938673496,-0.36496102809906006,0.012706676498055458,0.008142306469380856,-0.38401681184768677,0.0028498072642832994,-0.3811669945716858,-0.026188913732767105,-0.03196514770388603,-0.3552921414375305,-0.011187801137566566,-0.36647993326187134,-0.04137113317847252,-0.050823062658309937,-0.30116456747055054,-0.017788071185350418,-0.31895264983177185,-0.07740063965320587,-0.08301867544651031,-0.2385258674621582,-0.02905653603374958,-0.26758241653442383,0.048042166978120804,0.0511680543422699,-0.18692389130592346,0.017908819019794464,-0.1690150797367096,0.0462108738720417,0.05544426292181015,-0.2615315020084381,0.019405491650104523,-0.24212601780891418,0.039405860006809235,0.03850314021110535,-0.18244042992591858,0.013476098887622356,-0.16896432638168335,0.06893407553434372,0.0747174546122551,0.0941670835018158,0.026151109486818314,0.12031818926334381,-0.004731642082333565,0.002322977874428034,0.40271812677383423,0.0008130422211252153,0.40353116393089294,-0.007514051161706448,-0.005000688135623932,0.5460323095321655,-0.0017502408009022474,0.544282078742981
4.7,0.0,0.075,0.0,-0.043584276217072136,-0.01906484069320796,-0.32636234518234036,-0.17137804627418518,0.24293293058872223,0.0,0.0,0.0,1.087066888809204,0.05347268283367157,1.0886502265930176,0.05996377393603325,0.044815920293331146,-0.37186747789382935,0.01568557135760784,-0.35618191957473755,0.014891339465975761,0.0101670166477561,-0.385916531085968,0.0035584557335823774,-0.3823580741882324,-0.004569839686155319,-0.0237465538084507,-0.36500564217567444,-0.00831129401922226,-0.3733169436454773,-0.03952983394265175,-0.04743509367108345,-0.3156605660915375,-0.016602283343672752,-0.3322628438472748,-0.0839340090751648,-0.08329327404499054,-0.25328052043914795,-0.0291526447981596,-0.2824331521987915,0.0403466559946537,0.04792163521051407,-0.19733268022537231,0.016772571951150894,-0.18056011199951172,0.04299957677721977,0.051710858941078186,-0.24734872579574585,0.018098799511790276,-0.22924992442131042,0.043332189321517944,0.03995185345411301,-0.18943488597869873,0.013983148150146008,-0.17545174062252045,0.05804423242807388,0.0697154849767685,0.07291626185178757,0.024400418624281883,0.0973166823387146,0.017216870561242104,0.006791146006435156,0.38823816180229187,0.0023769009858369827,0.3906150758266449,0.004331027157604694,-0.0022011734545230865,0.5526508688926697,-0.0007704106974415481,0.5518804788589478
4.72,0.0,0.075,0.0,-0.04670031743201438,-0.019515326150933744,-0.32155131352952104,-0.16487711668014526,0.2526843249797821,0.0,0.0,0.0,1.089721918106079,0.05159517750144005,1.0928455591201782,0.05640598013997078,0.04829293489456177,-0.363553524017334,0.01690252684056759,-0.34665098786354065,-0.013396138325333595,0.003098069690167904,-0.3857501149177551,0.0010843243217095733,-0.3846657872200012,0.00016524828970432281,-0.016573013737797737,-0.3730386793613434,-0.005800554528832436,-0.3788392245769501,-0.062226224690675735,-0.051872432231903076,-0.3293861746788025,-0.018155351281166077,-0.3475415110588074,-0.06679391860961914,-0.078343465924263,-0.26841533184051514,-0.02742021344602108,-0.29583555459976196,0.06348289549350739,0.052590012550354004,-0.20915350317955017,0.01840650476515293,-0.1907469928264618,0.005347392987459898,0.03780181705951691,-0.2315838783979416,0.013230635784566402,-0.2183532416820526,0.034649789333343506,0.03836123272776604,-0.19432388246059418,0.013426431454718113,-0.18089744448661804,0.06065525487065315,0.06699741631746292,0.052210982888936996,0.023449094966053963,0.07566007971763611,0.02233382873237133,0.01145395077764988,0.3722040355205536,0.0040088826790452,0.3762129247188568,0.00416960846632719,-0.00028993876185268164,0.5571532845497131,-0.00010147856664843857,0.5570517778396606
4.74,0.0,0.075,0.0,-0.049522974010192095,-0.017390293253978544,-0.3071421576658988,-0.17136821150779724,0.24294768273830414,0.0,0.0,0.0,1.0897328853607178,0.05147750675678253,1.0931103229522705,0.05627373978495598,0.05068717896938324,-0.3535858690738678,0.017740512266755104,-0.33584535121917725,-0.0103968046605587,-0.0009503928013145924,-0.38352060317993164,-0.0003326374862808734,-0.3838532269001007,0.014656277373433113,-0.00720422575250268,-0.3792431056499481,-0.0025214790366590023,-0.38176459074020386,-0.07558216899633408,-0.058985352516174316,-0.3420882821083069,-0.02064487338066101,-0.3627331554889679,-0.0633014589548111,-0.07383086532354355,-0.2836511433124542,-0.025840802118182182,-0.30949193239212036,0.06453441083431244,0.056173332035541534,-0.22216834127902985,0.019660666584968567,-0.20250767469406128,0.01614808663725853,0.031305696815252304,-0.214397594332695,0.010956993326544762,-0.2034406065940857,0.033414289355278015,0.03687714785337448,-0.1970575749874115,0.012907001189887524,-0.1841505765914917,0.06493628770112991,0.06637907773256302,0.03226223960518837,0.023232676088809967,0.05549491569399834,0.01777755655348301,0.013351032510399818,0.35477912425994873,0.0046728611923754215,0.3594519793987274,0.0008677402511239052,5.736495950259268e-05,0.5594937801361084,2.007773582590744e-05,0.5595138669013977
4.76,0.0,0.075,0.0,-0.05202516920450865,-0.016199597167906508,-0.29449097961973447,-0.15973308682441711,0.26040036976337433,0.0,0.0,0.0,1.0870983600616455,0.05158810317516327,1.0895910263061523,0.06507556140422821,0.05500369518995285,-0.3421483635902405,0.019251292571425438,-0.3228970766067505,0.0039771245792508125,0.0005278624012134969,-0.3792691230773926,0.00018475184333510697,-0.37908437848091125,0.02233794331550598,0.0016584252007305622,-0.3835044503211975,0.000580448831897229,-0.38292399048805237,-0.07046429067850113,-0.0624290332198143,-0.3535325825214386,-0.021850161254405975,-0.37538275122642517,-0.07186880707740784,-0.07324224710464478,-0.29870694875717163,-0.02563478611409664,-0.324341744184494,0.050880271941423416,0.05458541586995125,-0.23613713681697845,0.01910489611327648,-0.21703223884105682,0.020925644785165787,0.02819168008863926,-0.1959650218486786,0.009867087937891483,-0.18609793484210968,0.03239841014146805,0.03553352504968643,-0.1976081281900406,0.012436733581125736,-0.18517139554023743,0.0633571445941925,0.06547249853610992,0.013273315504193306,0.022915374487638474,0.03618869185447693,0.0037641990929841995,0.010474981740117073,0.3361409604549408,0.003666243515908718,0.3398072123527527,0.004048352129757404,0.0012546611251309514,0.5596484541893005,0.0004391313996165991,0.5600875616073608
4.78,0.0,0.075,0.0,-0.0539762382347104,-0.014002480005861913,-0.2764158010116044,-0.15850867331027985,0.26223699003458023,0.0,0.0,0.0,1.0818428993225098,0.04988633096218109,1.0824246406555176,0.0681401863694191,0.058944642543792725,-0.32945194840431213,0.020630624145269394,-0.30882132053375244,0.012018527835607529,0.0039750621654093266,-0.37307411432266235,0.0013912717113271356,-0.3716828525066376,0.01536628045141697,0.005770782008767128,-0.3857441246509552,0.002019773703068495,-0.3837243616580963,-0.039510998874902725,-0.0555536225438118,-0.363508015871048,-0.01944376714527607,-0.3829517960548401,-0.07400572299957275,-0.07347129285335541,-0.3133050501346588,-0.025714952498674393,-0.3390200138092041,0.0316559337079525,0.04770657420158386,-0.25080227851867676,0.016697300598025322,-0.2341049760580063,0.027678627520799637,0.028037764132022858,-0.17647399008274078,0.009813217446208,-0.16666077077388763,0.029282638803124428,0.033658258616924286,-0.19596993923187256,0.0117803905159235,-0.1841895431280136,0.06016567349433899,0.06388045102357864,-0.004562279675155878,0.022358156740665436,0.017795877531170845,-0.0055999429896473885,0.005652504041790962,0.31647950410842896,0.0019783764146268368,0.31845787167549133,-0.0019094906747341156,0.0003054155968129635,0.5576157569885254,0.00010689545888453722,0.5577226281166077
4.8,0.0,0.075,0.0,-0.0557155270850632,-0.0114551140733664,-0.254608886997868,-0.14098332822322845,0.2885250076651573,0.0,0.0,0.0,1.074015736579895,0.047510284930467606,1.07501220703125,0.05378493666648865,0.05739673227071762,-0.3157307803630829,0.020088855177164078,-0.2956419289112091,-0.011426324024796486,-0.0006453539244830608,-0.365049809217453,-0.0002258738677483052,-0.36527568101882935,0.01795598678290844,0.009426344186067581,-0.38592082262039185,0.0032992204651236534,-0.3826216161251068,-0.05281217396259308,-0.05473118647933006,-0.3718305826187134,-0.019155915826559067,-0.39098650217056274,-0.06334349513053894,-0.07043295353651047,-0.3271762430667877,-0.024651532992720604,-0.3518277704715729,0.04855779558420181,0.04796193912625313,-0.26589325070381165,0.01678667776286602,-0.24910657107830048,-0.013258232735097408,0.015648964792490005,-0.1561231166124344,0.0054771373979747295,-0.15064598619937897,0.017041517421603203,0.028673235327005386,-0.19215966761112213,0.01003563217818737,-0.1821240335702896,0.05385598912835121,0.060873113572597504,-0.02106279321014881,0.021305589005351067,0.00024279579520225525,-0.002529256045818329,0.0031979759223759174,0.2959951162338257,0.0011192915262654424,0.29711440205574036,-0.006703897379338741,-0.001797378296032548,0.55341637134552,-0.0006290823803283274,0.5527873039245605
4.82,0.0,0.075,0.0,-0.05729142889544548,-0.008429803812906827,-0.23165725016938854,-0.14452658593654633,0.2832101210951805,0.0,0.0,0.0,1.063688039779663,0.04760187864303589,1.063607096672058,0.06273232400417328,0.05899740755558014,-0.30123797059059143,0.02064909227192402,-0.28058886528015137,-0.006289303302764893,-0.0023385388776659966,-0.3553442060947418,-0.0008184885955415666,-0.3561626970767975,0.046680938452482224,0.020602721720933914,-0.3840312957763672,0.007210952695459127,-0.3768203556537628,-0.07451287657022476,-0.06066569685935974,-0.3783468008041382,-0.02123299427330494,-0.399579793214798,-0.05381876975297928,-0.06544870138168335,-0.34006467461586,-0.022907044738531113,-0.3629717230796814,0.04901961609721184,0.04827924072742462,-0.2811317443847656,0.016897734254598618,-0.2642340064048767,0.004886091686785221,0.012420102022588253,-0.13511981070041656,0.00434703566133976,-0.13077276945114136,0.015448929741978645,0.02470594272017479,-0.18621616065502167,0.008647079579532146,-0.17756907641887665,0.05521690100431442,0.0591762512922287,-0.03606007620692253,0.020711688324809074,-0.015348387882113457,8.507631719112396e-05,0.002264105947688222,0.2748965620994568,0.0007924370584078133,0.2756890058517456,-0.010892129503190517,-0.0045258039608597755,0.5470930933952332,-0.0015840313863009214,0.5455090403556824
4.84,0.0,0.075,0.0,-0.05767563748590505,-0.003949187300032217,-0.20061995935165022,-0.13259248435497284,0.30111127346754074,0.0,0.0,0.0,1.0509511232376099,0.047556206583976746,1.0496411323547363,0.06742244958877563,0.06152492016553879,-0.2862407863140106,0.021533722057938576,-0.2647070586681366,-0.004578355699777603,-0.0030104839242994785,-0.3441363275051117,-0.0010536693735048175,-0.34518998861312866,0.051769938319921494,0.029952887445688248,-0.38011038303375244,0.010483510792255402,-0.36962687969207764,-0.0669056847691536,-0.06253769248723984,-0.3829364776611328,-0.021888192743062973,-0.4048246741294861,-0.05513423681259155,-0.06235436350107193,-0.35173264145851135,-0.021824026480317116,-0.3735566735267639,0.040643803775310516,0.04598861187696457,-0.29623672366142273,0.01609601452946663,-0.2801406979560852,0.0003842674195766449,0.008809351362287998,-0.11367807537317276,0.003083272837102413,-0.11059480160474777,0.011024417355656624,0.020601484924554825,-0.17820000648498535,0.007210519630461931,-0.1709894835948944,0.052932675927877426,0.057303182780742645,-0.04940129816532135,0.020056113600730896,-0.029345184564590454,0.0008621234446763992,0.001843511126935482,0.2533988058567047,0.0006452288944274187,0.2540440261363983,-0.0167987160384655,-0.008207677863538265,0.538710355758667,-0.0028726872988045216,0.5358376502990723
4.86,0.0,0.075,0.0,-0.05770739581438696,0.0030738280385349064,-0.15280817062049973,-0.12374906241893768,0.3143764063715935,0.0,0.0,0.0,1.0359145402908325,0.04638948291540146,1.0339767932891846,0.06435605883598328,0.062374264001846313,-0.27101582288742065,0.02183099277317524,-0.24918483197689056,-5.251518450677395e-05,-0.002123093232512474,-0.3316328525543213,-0.0007430826080963016,-0.3323759436607361,0.053330954164266586,0.03696630895137787,-0.37423041462898254,0.012938207946717739,-0.3612922132015228,-0.05193602666258812,-0.05935719609260559,-0.3855149745941162,-0.020775018259882927,-0.4062899947166443,-0.06076797470450401,-0.061878446489572525,-0.3619649112224579,-0.02165745571255684,-0.3836223781108856,0.026491813361644745,0.0401395745575428,-0.3109295666217804,0.01404885109513998,-0.29688072204589844,-0.004515930078923702,0.004811766557395458,-0.09201642870903015,0.0016841182950884104,-0.09033230692148209,0.0023247506469488144,0.015118464827537537,-0.16819284856319427,0.005291462410241365,-0.1629013866186142,0.048197802156209946,0.054571568965911865,-0.06095051020383835,0.019100049510598183,-0.041850462555885315,4.466064274311066e-05,0.0013038560282438993,0.2317209243774414,0.0004563496040645987,0.232177272439003,-0.01593131572008133,-0.010524769313633442,0.5283536314964294,-0.0036836692597717047,0.5246699452400208
4.88,0.0,0.075,0.0,-0.0583420369578205,0.006663638124652008,-0.13293265790752726,-0.1159096509218216,0.3261355236172676,0.0,0.0,0.0,1.0187056064605713,0.04634137451648712,1.015326976776123,0.05563134700059891,0.06035139039158821,-0.2558439373970032,0.02112298645079136,-0.23472094535827637,-0.01852947659790516,-0.0070450082421302795,-0.31806445121765137,-0.002465752884745598,-0.3205302059650421,0.06437163054943085,0.04518790543079376,-0.3664998412132263,0.015815766528248787,-0.3506840765476227,-0.06904657185077667,-0.062264010310173035,-0.3860347270965576,-0.021792402490973473,-0.40782713890075684,-0.037115149199962616,-0.05444945767521858,-0.3705728054046631,-0.01905730925500393,-0.38963010907173157,0.04106799140572548,0.040418099611997604,-0.3249393105506897,0.014146334491670132,-0.3107929825782776,-0.012680918909609318,-0.00043603917583823204,-0.0703556165099144,-0.00015261370572261512,-0.07050822675228119,-0.004018265753984451,0.009377445094287395,-0.15629670023918152,0.0032821057830005884,-0.15301460027694702,0.05371345952153206,0.05431413650512695,-0.07059001177549362,0.019009947776794434,-0.05158006399869919,-0.007304912433028221,-0.00127877457998693,0.21008385717868805,-0.00044757110299542546,0.20963628590106964,-0.03141556307673454,-0.01679200865328312,0.516128420829773,-0.005877202842384577,0.5102512240409851
4.9,0.0,0.075,0.0,-0.05767473183901374,0.01505603132926973,-0.07438119474614105,-0.10053505003452301,0.3491974249482155,0.0,0.0,0.0,0.9994679689407349,0.04665689915418625,0.9943438172340393,0.058418918401002884,0.05977164953947067,-0.24100488424301147,0.020920077338814735,-0.2200848013162613,-0.01411081850528717,-0.009164751507341862,-0.303681343793869,-0.0032076630741357803,-0.30688899755477905,0.0721706673502922,0.053282734006643295,-0.3570612370967865,0.01864895597100258,-0.3384122848510742,-0.05815232917666435,-0.06103050708770752,-0.3844861686229706,-0.021360676735639572,-0.40584683418273926,-0.04535151273012161,-0.05172007158398628,-0.3773975372314453,-0.018102025613188744,-0.3954995572566986,0.027075394988059998,0.03641528636217117,-0.33800753951072693,0.012745349667966366,-0.325262188911438,-0.0024023512378335,-0.0010259328410029411,-0.04891636595129967,-0.0003590764827094972,-0.04927544295787811,-0.0084834024310112,0.0040191905573010445,-0.14263278245925903,0.0014067166484892368,-0.14122606813907623,0.05168536677956581,0.05352550745010376,-0.07822158187627792,0.018733927980065346,-0.05948765575885773,0.0019498448818922043,-0.00031018874142318964,0.18870806694030762,-0.0001085660551325418,0.18859949707984924,-0.046880707144737244,-0.02581861801445484,0.5021592974662781,-0.009036515839397907,0.49312278628349304
4.92,0.0,0.075,0.0,-0.05781942638741966,0.01883566485730091,-0.05385940892261291,-0.07917444407939911,0.38123833388090134,0.0,0.0,0.0,0.9783617854118347,0.044835709035396576,0.9730871915817261,0.04523136839270592,0.055409565567970276,-0.22677239775657654,0.019393347203731537,-0.2073790431022644,-0.018905604258179665,-0.012087007984519005,-0.28874877095222473,-0.004230452701449394,-0.2929792106151581,0.06209779903292656,0.055927254259586334,-0.3460886478424072,0.019574537873268127,-0.3265141248703003,-0.038592178374528885,-0.0542990081012249,-0.3808978199958801,-0.01900465227663517,-0.39990246295928955,-0.04807126894593239,-0.050625432282686234,-0.38231325149536133,-0.017718901857733727,-0.4000321626663208,0.016187965869903564,0.03034709021449089,-0.3498932421207428,0.010621481575071812,-0.33927175402641296,-0.02779966965317726,-0.00905805453658104,-0.027917152270674706,-0.0031703191343694925,-0.031087471172213554,-0.022465988993644714,-0.0039263637736439705,-0.12734033167362213,-0.001374227344058454,-0.12871456146240234,0.04730353131890297,0.05165891721844673,-0.08376744389533997,0.01808062009513378,-0.06568682193756104,-0.01702416129410267,-0.005324380937963724,0.16781140863895416,-0.0018635332817211747,0.16594786942005157,-0.036321818828582764,-0.028969578444957733,0.48658862709999084,-0.010139352641999722,0.47644928097724915
4.94,0.0,0.075,0.0,-0.0568533862773297,0.028814841747186272,0.009574564712322127,-0.06921170651912689,0.39618244022130966,0.0,0.0,0.0,0.9555640816688538,0.043052271008491516,0.9502925872802734,0.03665941581130028,0.04978451877832413,-0.213408961892128,0.017424581572413445,-0.1959843784570694,-0.00853622518479824,-0.01102177333086729,-0.273542195558548,-0.0038576205261051655,-0.27739980816841125,0.0628853291273117,0.058014675974845886,-0.3337845206260681,0.02030513621866703,-0.31347939372062683,-0.02783488854765892,-0.046359769999980927,-0.3753358721733093,-0.016225919127464294,-0.3915618062019348,-0.05551513656973839,-0.05209234356880188,-0.3852292597293854,-0.0182323195040226,-0.4034615755081177,0.004129268229007721,0.02248174324631691,-0.3603771924972534,0.007868610322475433,-0.3525085747241974,-0.022506944835186005,-0.013092721812427044,-0.00757197430357337,-0.004582452587783337,-0.01215442642569542,-0.023815888911485672,-0.009893221780657768,-0.11057517677545547,-0.0034626275300979614,-0.11403780430555344,0.043624065816402435,0.04924846068024635,-0.08717108517885208,0.01723696105182171,-0.06993412226438522,-0.012636248022317886,-0.0075179412961006165,0.14760680496692657,-0.002631279407069087,0.14497552812099457,-0.04018088057637215,-0.032332971692085266,0.46957510709762573,-0.011316539719700813,0.45825856924057007
4.96,0.0,0.075,0.0,-0.05608097841600429,0.03374491099487572,0.03360895701684837,-0.05119618773460388,0.4232057183980942,0.0,0.0,0.0,0.931269645690918,0.0431540347635746,0.9242731332778931,0.031488087028265,0.04429559037089348,-0.20116105675697327,0.015503456816077232,-0.18565760552883148,-0.0218072310090065,-0.014257410541176796,-0.25834208726882935,-0.004990093410015106,-0.26333218812942505,0.07069133222103119,0.06181767210364342,-0.3203757107257843,0.02163618430495262,-0.2987395226955414,-0.0408586747944355,-0.04470944032073021,-0.367902934551239,-0.01564830355346203,-0.3835512399673462,-0.02912573516368866,-0.045202359557151794,-0.38609179854393005,-0.015820825472474098,-0.4019126296043396,0.00999527983367443,0.01873580552637577,-0.36926600337028503,0.006557531654834747,-0.3627084791660309,-0.019420400261878967,-0.014991025440394878,0.011911844834685326,-0.005246859043836594,0.006664985790848732,-0.035939771682024,-0.017707187682390213,-0.09250818192958832,-0.006197515409439802,-0.09870569407939911,0.048531293869018555,0.049033310264348984,-0.08839782327413559,0.0171616580337286,-0.07123616337776184,-0.03245636075735092,-0.014999467879533768,0.12830016016960144,-0.005249813664704561,0.12305034697055817,-0.06014857813715935,-0.04067765176296234,0.4512920677661896,-0.014237177558243275,0.43705490231513977
4.98,0.0,0.075,0.0,-0.05402095010355408,0.04539871033956306,0.09988073994464751,-0.028088388964533806,0.4578674165531993,0.0,0.0,0.0,0.9056931734085083,0.04498101398348808,0.8972067832946777,0.023956993594765663,0.03819401189684868,-0.1902545690536499,0.013367904350161552,-0.1768866628408432,-0.031261272728443146,-0.019358567893505096,-0.24342875182628632,-0.006775498855859041,-0.25020426511764526,0.07805222272872925,0.06668803840875626,-0.30610957741737366,0.02334081381559372,-0.28276875615119934,-0.050016023218631744,-0.04630141332745552,-0.3587360978126526,-0.016205495223402977,-0.3749415874481201,-0.025012968108057976,-0.039145540446043015,-0.38488495349884033,-0.013700938783586025,-0.39858588576316833,0.015254752710461617,0.017691489309072495,-0.3763957917690277,0.006192021071910858,-0.37020376324653625,-0.026298802345991135,-0.018383359536528587,0.03033575415611267,-0.006434175651520491,0.023901578038930893,-0.040224045515060425,-0.024462245404720306,-0.07332344353199005,-0.008561785332858562,-0.08188522607088089,0.050419896841049194,0.049449287354946136,-0.08743514865636826,0.017307249829173088,-0.07012789696455002,-0.028092708438634872,-0.0189274400472641,0.11008822917938232,-0.006624604109674692,0.10346362739801407,-0.07197948545217514,-0.050068199634552,0.43192583322525024,-0.0175238698720932,0.41440194845199585
5.0,0.0,0.075,0.0,-0.05229876893234949,0.051440201779738313,0.12577982219456096,-0.004168665036559105,0.49374700244516134,0.0,0.0,0.0,0.8790714740753174,0.046271443367004395,0.8700001835823059,0.018130267038941383,0.032174888998270035,-0.18089066445827484,0.011261210776865482,-0.16962945461273193,-0.04002361744642258,-0.02555808424949646,-0.2290772646665573,-0.008945329114794731,-0.2380225956439972,0.07307346165180206,0.06860366463661194,-0.29124924540519714,0.02401128225028515,-0.26723796129226685,-0.0382959209382534,-0.043899767100811005,-0.34800440073013306,-0.015364917926490307,-0.36336931586265564,-0.03353733569383621,-0.037463076412677765,-0.3816309869289398,-0.013112076558172703,-0.39474305510520935,0.008223304525017738,0.014851033687591553,-0.38163504004478455,0.005197861697524786,-0.3764371871948242,-0.03533931449055672,-0.023470144718885422,0.047512006014585495,-0.008214550092816353,0.03929745405912399,-0.0401560515165329,-0.029170386493206024,-0.05321647599339485,-0.010209634900093079,-0.06342610716819763,0.04431036487221718,0.04790760949254036,-0.08429288119077682,0.01676766388118267,-0.067525215446949,-0.01420195959508419,-0.01750979572534561,0.0931565910577774,-0.006128428503870964,0.08702816069126129,-0.0811728835105896,-0.05939960479736328,0.41167378425598145,-0.02078986167907715,0.3908839225769043
5.0200000000000005,0.0,0.075,0.0,-0.04646593131132259,0.07004127996661756,0.22392161160620275,0.010973265394568443,0.5164598980918527,0.011521928664296865,0.0,0.011521928664296865,0.8589937686920166,0.046522047370672226,0.8566742539405823,-0.0009178132750093937,0.022247077897191048,-0.2104874700307846,0.007786476984620094,-0.20270098745822906,-0.03851086273789406,-0.02944391779601574,-0.2700388431549072,-0.010305371135473251,-0.2803442180156708,0.06219485029578209,0.06668101996183395,-0.3307926058769226,0.023338356986641884,-0.30745425820350647,-0.016982214525341988,-0.035824500024318695,-0.37378913164138794,-0.012538574635982513,-0.38632771372795105,-0.04904923960566521,-0.04093892499804497,-0.38561034202575684,-0.014328623190522194,-0.3999389708042145,-0.007550195790827274,0.008130664005875587,-0.3625671863555908,0.0028457322623580694,-0.35972145199775696,-0.03644012659788132,-0.02736113965511322,0.09934528917074203,-0.009576398879289627,0.08976888656616211,-0.05120972543954849,-0.035782188177108765,0.19806495308876038,-0.012523765675723553,0.18554118275642395,0.03690088540315628,0.044605594128370285,0.1177990511059761,0.015611957758665085,0.1334110051393509,-0.008289709687232971,-0.01474376954138279,0.046093348413705826,-0.0051603191532194614,0.0409330278635025,-0.08742931485176086,-0.06780851632356644,0.16202345490455627,-0.023732980713248253,0.13829047977924347
5.04,0.0,0.075,0.0,-0.04200718926780955,0.07807330259702278,0.2721972736199391,0.1359473317861557,0.7039209976792336,0.14274469837546347,0.0,0.14274469837546347,0.8501384258270264,0.05582433193922043,0.8487130403518677,0.013349059969186783,0.019577672705054283,-0.19852861762046814,0.006852185353636742,-0.19167643785476685,-0.083915576338768,-0.045785415917634964,-0.2548799216747284,-0.016024895012378693,-0.2709048092365265,0.09232349693775177,0.0743737667798996,-0.3171643018722534,0.02603081800043583,-0.29113349318504333,-0.08575332164764404,-0.05080314725637436,-0.36594444513320923,-0.017781101167201996,-0.3837255537509918,-0.04866080358624458,-0.04325548931956291,-0.3859974145889282,-0.015139421448111534,-0.4011368453502655,0.032800719141960144,0.015531681478023529,-0.3710651993751526,0.005436088424175978,-0.365629106760025,-0.11448108404874802,-0.05349712446331978,0.08853752911090851,-0.018723992630839348,0.06981353461742401,-0.07349731028079987,-0.047096725553274155,0.20883165299892426,-0.0164838545024395,0.19234779477119446,0.028749631717801094,0.03984880447387695,0.13948678970336914,0.013947081752121449,0.1534338742494583,-0.06472644209861755,-0.029738571494817734,0.05724256858229637,-0.010408500209450722,0.0468340665102005,-0.08175719529390335,-0.07199312001466751,0.15160223841667175,-0.0251975916326046,0.12640464305877686
5.0600000000000005,0.0,0.075,0.0,-0.035207478899650944,0.09515974990804527,0.3597845371116223,0.12243406474590302,0.6836510971188545,0.12855576798319815,0.0,0.12855576798319815,0.8405541181564331,0.059574950486421585,0.843193531036377,-0.05694108456373215,-0.0033779554069042206,-0.18795974552631378,-0.001182284322567284,-0.18914203345775604,-0.04248686879873276,-0.04479585215449333,-0.24007165431976318,-0.01567854732275009,-0.25575020909309387,0.038660742342472076,0.06365986168384552,-0.30273786187171936,0.022280951961874962,-0.28045690059661865,-0.02491017058491707,-0.04303525388240814,-0.3564019799232483,-0.015062338672578335,-0.3714643120765686,-0.10425464808940887,-0.06155524030327797,-0.3843168318271637,-0.021544333547353745,-0.40586116909980774,-0.03297152370214462,0.0009807189926505089,-0.3777709901332855,0.0003432516532484442,-0.37742772698402405,-0.04218510910868645,-0.05010351911187172,0.07588900625705719,-0.017536232247948647,0.05835277587175369,-0.12351378798484802,-0.0700218454003334,0.2176453024148941,-0.024507645517587662,0.19313766062259674,0.0021966169588267803,0.028553148731589317,0.16104169189929962,0.009993601590394974,0.1710352897644043,-0.031132128089666367,-0.030156638473272324,0.07021060585975647,-0.010554823093116283,0.05965578183531761,-0.13242369890213013,-0.0901222974061966,0.14315181970596313,-0.03154280409216881,0.11160901188850403
5.08,0.0,0.075,0.0,-0.030571845225189496,0.10191064793166742,0.38893599893779623,0.10311676561832428,0.6546751484274864,0.10827260389924048,0.0,0.10827260389924048,0.8304261565208435,0.06427580863237381,0.8388647437095642,0.0013163010589778423,-0.0019696783274412155,-0.17897579073905945,-0.0006893873796798289,-0.17966517806053162,-0.06306517124176025,-0.05027664452791214,-0.22588713467121124,-0.01759682595729828,-0.24348396062850952,0.05354340746998787,0.060624927282333374,-0.28777942061424255,0.02121872454881668,-0.26656070351600647,-0.016766419634222984,-0.03515460342168808,-0.3453376889228821,-0.012304111383855343,-0.3576417863368988,-0.15428709983825684,-0.08937479555606842,-0.38059961795806885,-0.03128117695450783,-0.4118807911872864,-0.037880800664424896,-0.010677737183868885,-0.3825608789920807,-0.003737207967787981,-0.3862980902194977,-0.07020410150289536,-0.0561336949467659,0.06152861565351486,-0.019646793603897095,0.04188182204961777,-0.08631215244531631,-0.07490894198417664,0.22441606223583221,-0.026218129321932793,0.19819793105125427,-0.0025586707051843405,0.019219601526856422,0.18224407732486725,0.006726860534399748,0.18897093832492828,0.04915214329957962,-0.006364002823829651,0.08486530184745789,-0.0022274008952081203,0.08263789862394333,-0.10609333962202072,-0.09491361677646637,0.13675831258296967,-0.03321976587176323,0.10353854298591614
5.1000000000000005,0.0,0.075,0.0,-0.023502998753898545,0.11546375126090261,0.4633041475621616,0.1225341409444809,0.6838012114167213,0.12866084799170494,0.0,0.12866084799170494,0.8199833035469055,0.06883741915225983,0.8255636692047119,-0.04620872065424919,-0.015241391025483608,-0.17174240946769714,-0.005334486719220877,-0.17707689106464386,-0.09310206025838852,-0.06312426924705505,-0.21258799731731415,-0.02209349349141121,-0.23468148708343506,0.07681305706501007,0.06548136472702026,-0.2725648283958435,0.022918477654457092,-0.2496463507413864,-0.02415878139436245,-0.031855858862400055,-0.3329557180404663,-0.011149550788104534,-0.3441052734851837,-0.02630007266998291,-0.07045237720012665,-0.3749143183231354,-0.024658331647515297,-0.3995726406574249,-0.010857139714062214,-0.010731558315455914,-0.38534650206565857,-0.003756045363843441,-0.3891025483608246,-0.08106224238872528,-0.06361225992441177,0.045602697879076004,-0.02226429060101509,0.023338407278060913,-0.13929857313632965,-0.09422583132982254,0.22907495498657227,-0.03297904133796692,0.19609591364860535,0.05110400542616844,0.028784923255443573,0.20287790894508362,0.010074722580611706,0.2129526287317276,-0.01618340238928795,-0.00930982269346714,0.10105733573436737,-0.0032584378495812416,0.0977988988161087,-0.11590737849473953,-0.10121174156665802,0.13248687982559204,-0.03542410954833031,0.09706276655197144
5.12,0.0,0.075,0.0,-0.017209009664406326,0.11976064935211195,0.49722515538561396,0.18133370578289032,0.7720005586743355,0.19040039107203482,0.0,0.19040039107203482,0.8094971776008606,0.07474309206008911,0.8222246170043945,-0.0014577521942555904,-0.011106299236416817,-0.16639305651187897,-0.003887204686179757,-0.17028026282787323,-0.10319963842630386,-0.07514688372612,-0.20041953027248383,-0.02630140818655491,-0.22672094404697418,0.06632156670093536,0.0657334253191948,-0.25737470388412476,0.023006698116660118,-0.23436801135540009,-0.06666377931833267,-0.04229823499917984,-0.3194843530654907,-0.014804381877183914,-0.33428874611854553,-0.11660943925380707,-0.0842994973063469,-0.3673657774925232,-0.029504824429750443,-0.39687061309814453,-0.045473456382751465,-0.02115412801504135,-0.3860764801502228,-0.007403944618999958,-0.39348042011260986,-0.07250116765499115,-0.06627893447875977,0.02827354706823826,-0.023197626695036888,0.00507592037320137,-0.11175182461738586,-0.09948363155126572,0.23157449066638947,-0.03481927141547203,0.19675521552562714,0.04589037969708443,0.03391655907034874,0.22273290157318115,0.011870795860886574,0.23460370302200317,0.019179271534085274,-0.0007630940526723862,0.11862168461084366,-0.00026708291261456907,0.11835460364818573,-0.1091119647026062,-0.10358180850744247,0.1303810328245163,-0.03625363111495972,0.09412740170955658
5.14,0.0,0.075,0.0,-0.010961162426129137,0.12536402419920648,0.5299829092835014,0.1116223856806755,0.6674335785210133,0.11720350496470927,0.0,0.11720350496470927,0.7992790937423706,0.06969739496707916,0.815960705280304,-0.02401249296963215,-0.014978157356381416,-0.163026362657547,-0.005242355167865753,-0.16826871037483215,-0.046442221850156784,-0.06653548032045364,-0.18960615992546082,-0.023287417367100716,-0.21289357542991638,0.030557384714484215,0.055180612951517105,-0.24248920381069183,0.019313214346766472,-0.2231759876012802,-0.03745405375957489,-0.040844980627298355,-0.3051721155643463,-0.014295742847025394,-0.3194678723812103,-0.12879163026809692,-0.09764713793992996,-0.3580932319164276,-0.03417649865150452,-0.39226973056793213,-0.009500058367848396,-0.01765790581703186,-0.3847373425960541,-0.006180266849696636,-0.3909175992012024,-0.021213196218013763,-0.052759211510419846,0.009717750363051891,-0.01846572384238243,-0.00874797347933054,-0.060132354497909546,-0.08767825365066528,0.23188920319080353,-0.03068738803267479,0.20120181143283844,0.04011077806353569,0.035774827003479004,0.2416067272424698,0.012521189637482166,0.2541279196739197,0.002161731943488121,0.00011435378110036254,0.13737936317920685,4.002382411272265e-05,0.13741938769817352,-0.06909233331680298,-0.09323496371507645,0.13046224415302277,-0.03263223543763161,0.09783001244068146
5.16,0.0,0.075,0.0,-0.0044829591437847835,0.12958629249616496,0.5499500652524146,0.10329952090978622,0.6549492813646793,0.10846449695527553,0.0,0.10846449695527553,0.7896743416786194,0.06805431097745895,0.7979562878608704,-0.060877420008182526,-0.028747936710715294,-0.1617044359445572,-0.010061778128147125,-0.1717662215232849,-0.05837202072143555,-0.0640864372253418,-0.18034732341766357,-0.02243025228381157,-0.20277757942676544,0.04783238098025322,0.05297614261507988,-0.22818289697170258,0.018541648983955383,-0.2096412479877472,0.030576378107070923,-0.019418571144342422,-0.2902829349040985,-0.006796499714255333,-0.2970794439315796,0.006285175681114197,-0.06646744161844254,-0.3472677171230316,-0.023263603448867798,-0.3705313205718994,0.008808756247162819,-0.009717906825244427,-0.38135382533073425,-0.0034012673422694206,-0.38475510478019714,-0.12132392078638077,-0.07332862913608551,-0.00987559650093317,-0.02566502057015896,-0.0355406180024147,-0.13363228738307953,-0.10146446526050568,0.23001588881015778,-0.03551256284117699,0.1945033222436905,0.06973371654748917,0.04596249759197235,0.25930705666542053,0.016086874529719353,0.27539393305778503,-0.052396729588508606,-0.01563897170126438,0.15713922679424286,-0.005473639816045761,0.1516655832529068,-0.0642826184630394,-0.08454925566911697,0.1327296793460846,-0.02959223836660385,0.10313744097948074
5.18,0.0,0.075,0.0,0.0006364212857265803,0.13185120600291542,0.5612990252932278,0.09638556092977524,0.6445783413946629,0.10120483897626399,0.0,0.10120483897626399,0.781053364276886,0.06124662235379219,0.7967958450317383,-0.08242975175380707,-0.04485248029232025,-0.16245165467262268,-0.015698367729783058,-0.1781500279903412,-0.06098082661628723,-0.06315475702285767,-0.1728138029575348,-0.022104164585471153,-0.1949179619550705,0.01840890385210514,0.04260597005486488,-0.21471962332725525,0.014912089332938194,-0.1998075395822525,-0.08829082548618317,-0.040080249309539795,-0.2750914394855499,-0.014028087258338928,-0.28911954164505005,-0.08221067488193512,-0.07119040936231613,-0.3350888788700104,-0.024916643276810646,-0.36000552773475647,0.018011424690485,-0.001399107277393341,-0.37598830461502075,-0.0004896875470876694,-0.376477986574173,0.013127327896654606,-0.04739184305071831,-0.030306827276945114,-0.016587145626544952,-0.046893972903490067,-0.009334912523627281,-0.07382559776306152,0.22597363591194153,-0.025838958099484444,0.20013467967510223,0.03085416369140148,0.041429996490478516,0.2756534814834595,0.01450049877166748,0.29015398025512695,0.05000609904527664,0.004054551012814045,0.17769992351531982,0.00141909287776798,0.1791190207004547,-0.07557445019483566,-0.08185681700706482,0.13716024160385132,-0.028649885207414627,0.10851036012172699
5.2,0.0,0.075,0.0,0.004663163764027448,0.13328036436130905,0.5631091416189266,0.08227016031742096,0.6234052404761314,0.086383668333292,0.0,0.086383668333292,0.7737987041473389,0.057447779923677444,0.7870016098022461,-0.05741594359278679,-0.0486215204000473,-0.16525423526763916,-0.017017532140016556,-0.18227176368236542,-0.04135392978787422,-0.05661451071500778,-0.1671445071697235,-0.019815078005194664,-0.18695957958698273,-0.0025665946304798126,0.029054200276732445,-0.20234769582748413,0.010168969631195068,-0.19217872619628906,0.006413131952285767,-0.026132235303521156,-0.2598778307437897,-0.009146282449364662,-0.2690241038799286,-0.06899714469909668,-0.07053242623806,-0.32178130745887756,-0.02468634955585003,-0.34646764397621155,0.03494482859969139,0.009504074230790138,-0.3687397241592407,0.003326426027342677,-0.3654133081436157,-0.047785524278879166,-0.047509949654340744,-0.05136774107813835,-0.016628481447696686,-0.06799621880054474,-0.07636089622974396,-0.0745861828327179,0.21980364620685577,-0.026105163618922234,0.1936984807252884,0.03310379758477211,0.038932137191295624,0.29047948122024536,0.013626247644424438,0.3041057288646698,-0.003309406340122223,0.0018453637603670359,0.19885189831256866,0.0006458773277699947,0.1994977742433548,-0.054853860288858414,-0.07375592738389969,0.14370878040790558,-0.02581457421183586,0.11789420247077942
5.22,0.0,0.075,0.0,0.008699599268397631,0.1336007094347618,0.5560503297195495,0.07895395159721375,0.6184309273958206,0.08290164917707443,0.0,0.08290164917707443,0.7682889103889465,0.05950148031115532,0.7817708253860474,-0.09391102939844131,-0.062208376824855804,-0.17006050050258636,-0.02177293226122856,-0.19183343648910522,-0.044665757566690445,-0.05302988365292549,-0.16344404220581055,-0.018560459837317467,-0.18200449645519257,0.0472821481525898,0.034522585570812225,-0.1912953108549118,0.012082904577255249,-0.17921240627765656,0.005922139622271061,-0.01651592366397381,-0.2449226826429367,-0.0057805730029940605,-0.25070324540138245,-0.012344609014689922,-0.05307608097791672,-0.307590514421463,-0.01857662759721279,-0.32616713643074036,-0.0038891732692718506,0.005486099980771542,-0.35974183678627014,0.0019201349932700396,-0.3578217029571533,-0.12810499966144562,-0.0716884657740593,-0.07284370809793472,-0.025090962648391724,-0.09793467074632645,-0.10016214847564697,-0.08225896954536438,0.21156875789165497,-0.028790639713406563,0.18277812004089355,0.07656793296337128,0.05022287368774414,0.3036339581012726,0.01757800579071045,0.32121196389198303,-0.009301014244556427,-0.001498549710959196,0.22037963569164276,-0.0005244924104772508,0.2198551446199417,-0.02446436882019043,-0.05896845832467079,0.15230855345726013,-0.020638959482312202,0.13166959583759308
5.24,0.0,0.075,0.0,0.011191462178221485,0.1333595982740984,0.5471490705317376,0.06672772765159607,0.6000915914773941,0.07006411403417587,0.0,0.07006411403417587,0.7648787498474121,0.05470243841409683,0.7819510698318481,-0.09656158834695816,-0.07251434028148651,-0.1767817884683609,-0.02538001909852028,-0.20216180384159088,-0.024731285870075226,-0.04454030469059944,-0.16178062558174133,-0.01558910682797432,-0.17736972868442535,-0.013461925089359283,0.020127231255173683,-0.1817663013935089,0.007044530939310789,-0.17472177743911743,-0.0590142197906971,-0.02926541306078434,-0.23050183057785034,-0.010242894291877747,-0.2407447248697281,-0.06937183439731598,-0.05796480551362038,-0.2927781641483307,-0.020287681370973587,-0.31306585669517517,0.03929337486624718,0.015628283843398094,-0.3491605222225189,0.005469899158924818,-0.3436906337738037,-0.008500914089381695,-0.0527321994304657,-0.09451588988304138,-0.018456269055604935,-0.11297215521335602,-0.028273969888687134,-0.06606347113847733,0.20135293900966644,-0.023122213780879974,0.17823073267936707,0.029460495337843895,0.04399415850639343,0.3149828016757965,0.015397955663502216,0.33038076758384705,0.03670191019773483,0.009961588308215141,0.2420637309551239,0.0034865557681769133,0.24555028975009918,-0.04918414354324341,-0.056033164262771606,0.16287192702293396,-0.019611606374382973,0.14326031506061554
5.26,0.0,0.075,0.0,0.01396554635165455,0.13301691095284215,0.5347725380594199,0.054815731942653656,0.5822235979139805,0.057556518539786335,0.0,0.057556518539786335,0.7638781666755676,0.0541769377887249,0.7825502753257751,-0.06030697748064995,-0.06885213404893875,-0.18529413640499115,-0.024098247289657593,-0.20939238369464874,-0.0401708222925663,-0.04322946071624756,-0.1621849536895752,-0.015130311250686646,-0.17731526494026184,0.007734889164566994,0.016409529373049736,-0.17393642663955688,0.005743335001170635,-0.16819308698177338,0.009352480061352253,-0.01768004521727562,-0.21688124537467957,-0.006188015919178724,-0.22306926548480988,-0.044897086918354034,-0.054044488817453384,-0.277617484331131,-0.0189155712723732,-0.2965330481529236,0.012330722063779831,0.014639015309512615,-0.33719098567962646,0.005123655311763287,-0.3320673406124115,-0.07849305123090744,-0.06046045571565628,-0.11616343259811401,-0.021161159500479698,-0.13732458651065826,-0.06964699923992157,-0.06713853031396866,0.18926025927066803,-0.02349848486483097,0.1657617688179016,0.0685860887169838,0.0513717383146286,0.32441043853759766,0.01798010803759098,0.3423905372619629,0.029416585341095924,0.015798088163137436,0.2636832296848297,0.00552933057770133,0.2692125737667084,-0.038643065840005875,-0.0508161336183548,0.1752912700176239,-0.01778564602136612,0.15750563144683838
5.28,0.0,0.075,0.0,0.01605410639952382,0.13218894007890516,0.5201241540876321,0.08217847347259521,0.6232677102088928,0.08628739714622496,0.0,0.08628739714622496,0.7655310034751892,0.055053167045116425,0.7891225814819336,-0.05996249243617058,-0.06618524342775345,-0.19544054567813873,-0.023164834827184677,-0.2186053842306137,-0.05704674869775772,-0.04737464711070061,-0.16464956104755402,-0.016581125557422638,-0.18123069405555725,0.0037709269672632217,0.012617948465049267,-0.1679501086473465,0.004416281823068857,-0.16353382170200348,-0.08231107145547867,-0.037069354206323624,-0.20431214570999146,-0.012974273413419724,-0.21728642284870148,-0.06729122251272202,-0.058018509298563004,-0.26238808035850525,-0.020306477323174477,-0.282694548368454,0.0417216494679451,0.022763807326555252,-0.3240540027618408,0.007967332378029823,-0.31608667969703674,-0.0183572955429554,-0.047829508781433105,-0.1375657320022583,-0.016740327700972557,-0.1543060541152954,-0.03480418026447296,-0.05743822455406189,0.17541395127773285,-0.02010337822139263,0.15531057119369507,0.06790804862976074,0.05633263289928436,0.3318207561969757,0.019716421142220497,0.35153716802597046,0.06929750740528107,0.031847912818193436,0.28501781821250916,0.011146768927574158,0.2961645722389221,-0.0616956390440464,-0.05407998710870743,0.18943999707698822,-0.01892799511551857,0.17051200568675995
5.3,0.0,0.075,0.0,0.017997006332762393,0.13038267847655835,0.5018040240892732,0.05629401654005051,0.5844410248100758,0.059108717367053025,0.0,0.059108717367053025,0.7699969410896301,0.05646244063973427,0.7957967519760132,-0.06500200927257538,-0.0658302754163742,-0.2070339024066925,-0.023040596395730972,-0.23007449507713318,-0.04517223685979843,-0.046713922172784805,-0.16912899911403656,-0.016349872574210167,-0.18547886610031128,0.006070115603506565,0.010653598234057426,-0.16391772031784058,0.003728759242221713,-0.1601889580488205,-0.08678440004587173,-0.051983870565891266,-0.1930263489484787,-0.018194355070590973,-0.21122071146965027,-0.04977867752313614,-0.055546559393405914,-0.2473708540201187,-0.01944129541516304,-0.26681214570999146,0.044740431010723114,0.02935679443180561,-0.3099918067455292,0.010274877771735191,-0.29971691966056824,-0.021257225424051285,-0.03985782340168953,-0.1585046797990799,-0.01395023800432682,-0.17245492339134216,-0.03536543250083923,-0.05081638693809509,0.15995512902736664,-0.017785735428333282,0.14216938614845276,0.06593840569257736,0.05921436473727226,0.33713826537132263,0.020725026726722717,0.35786330699920654,0.061960846185684204,0.04088179022073746,0.305850088596344,0.014308626763522625,0.3201587200164795,-0.06809423118829727,-0.05828426033258438,0.20517393946647644,-0.020399490371346474,0.18477444350719452
5.32,0.0,0.075,0.0,0.019770094037256963,0.1276940120259227,0.47736713164704386,0.053807906806468964,0.5807118602097034,0.056498302146792405,0.0,0.056498302146792405,0.7773383259773254,0.05621200054883957,0.8051048517227173,-0.02010132558643818,-0.05211159214377403,-0.21986034512519836,-0.018239056691527367,-0.23809939622879028,-0.05876326933503151,-0.05032872408628464,-0.17554065585136414,-0.017615053802728653,-0.1931557059288025,-0.01344548910856247,0.003423871472477913,-0.16191366314888,0.0011983549920842052,-0.16071531176567078,-0.06360439211130142,-0.05547002702951431,-0.18323199450969696,-0.01941450871527195,-0.20264650881290436,-0.06336958706378937,-0.05789346992969513,-0.23284277319908142,-0.020262714475393295,-0.253105491399765,0.04883561283349991,0.035200439393520355,-0.29526379704475403,0.012320153415203094,-0.28294363617897034,-0.018400028347969055,-0.03342048451304436,-0.17876692116260529,-0.01169716939330101,-0.1904640942811966,-0.018280718475580215,-0.04105568677186966,0.14304132759571075,-0.014369490556418896,0.12867183983325958,0.07723958045244217,0.0646219253540039,0.3403087258338928,0.022617673501372337,0.3629263937473297,0.07009247690439224,0.04964499920606613,0.3259677290916443,0.017375748604536057,0.34334346652030945,-0.05902786925435066,-0.058507341891527176,0.22233277559280396,-0.020477568730711937,0.20185521245002747
5.34,0.0,0.075,0.0,0.021082900047112538,0.12486466451760947,0.45156502603342563,0.03174400329589844,0.5476160049438477,0.033331203460693355,0.0,0.033331203460693355,0.7875141501426697,0.05624975264072418,0.815589189529419,-0.027229061350226402,-0.04464683309197426,-0.23368333280086517,-0.015626391395926476,-0.2493097186088562,-0.05952844023704529,-0.05308864265680313,-0.18376626074314117,-0.018581025302410126,-0.2023472785949707,-0.02706936001777649,-0.0057240985333919525,-0.16197489202022552,-0.002003434346988797,-0.16397832334041595,-0.055952031165361404,-0.05561462789773941,-0.17510974407196045,-0.019465118646621704,-0.19457486271858215,-0.06010932847857475,-0.05855822563171387,-0.21907177567481995,-0.020495379343628883,-0.23956716060638428,0.05517270043492317,0.04119211807847023,-0.2801416218280792,0.01441724132746458,-0.26572439074516296,-0.017752647399902344,-0.028720133006572723,-0.19814597070217133,-0.010052046738564968,-0.20819801092147827,-0.019424347206950188,-0.03456628695130348,0.12484489381313324,-0.012098200619220734,0.1127466931939125,0.07703492790460587,0.06834582984447479,0.3412998914718628,0.023921040818095207,0.36522093415260315,0.051227718591690063,0.05011981353163719,0.3451657295227051,0.017541933804750443,0.3627076745033264,-0.0624435655772686,-0.05968821048736572,0.24074162542819977,-0.020890872925519943,0.21985074877738953
5.36,0.0,0.075,0.0,0.02427671435672913,0.11931547453960603,0.41018001860543774,0.023885143920779228,0.5358277158811688,0.025079401116818188,0.0,0.025079401116818188,0.8003823161125183,0.05806664004921913,0.8291385769844055,-0.03676317259669304,-0.04228173568844795,-0.2482479065656662,-0.014798607677221298,-0.2630465030670166,-0.04835015535354614,-0.051667097955942154,-0.1936541050672531,-0.0180834848433733,-0.21173758804798126,-0.007510829716920853,-0.006260117515921593,-0.1641002893447876,-0.0021910411305725574,-0.16629132628440857,-0.09913349896669388,-0.06867028772830963,-0.16880939900875092,-0.02403460070490837,-0.19284400343894958,-0.0684875100851059,-0.061537012457847595,-0.20631186664104462,-0.02153795398771763,-0.2278498262166977,0.06115129962563515,0.047179874032735825,-0.2649041712284088,0.016512956470251083,-0.24839121103286743,-0.007013515569269657,-0.02220814861357212,-0.21644432842731476,-0.00777285173535347,-0.22421717643737793,-0.013484016060829163,-0.028241606429219246,0.10555126518011093,-0.009884562343358994,0.09566670656204224,0.07305575907230377,0.0697588101029396,0.3401016294956207,0.024415582418441772,0.3645172119140625,0.05426944047212601,0.051364701241254807,0.3632484972476959,0.017977645620703697,0.38122615218162537,-0.05804777517914772,-0.05919607728719711,0.26021289825439453,-0.02071862667798996,0.23949426412582397
5.38,0.0,0.075,0.0,0.022803467281162688,0.11600501035611975,0.3855835885795266,0.007468067109584808,0.5112021006643772,0.007841470465064048,0.0,0.007841470465064048,0.8157080411911011,0.05876437574625015,0.8440654873847961,-0.022979840636253357,-0.036491166800260544,-0.26328545808792114,-0.012771908193826675,-0.2760573625564575,-0.047208379954099655,-0.050329484045505524,-0.20502182841300964,-0.017615318298339844,-0.2226371467113495,-0.021255023777484894,-0.010758589953184128,-0.16825063526630402,-0.003765506437048316,-0.17201614379882812,-0.0884072408080101,-0.07459137588739395,-0.16444715857505798,-0.026106981560587883,-0.19055414199829102,-0.07722330093383789,-0.06624290347099304,-0.19479838013648987,-0.023185016587376595,-0.2179833948612213,0.0694739818572998,0.05386810749769211,-0.24983248114585876,0.018853837624192238,-0.23097863793373108,0.00157203059643507,-0.015074093826115131,-0.23347553610801697,-0.005275932606309652,-0.23875147104263306,-0.0029221419245004654,-0.02064576745033264,0.08535704761743546,-0.007226018700748682,0.07813102751970291,0.07408200204372406,0.07105576992034912,0.3367261588573456,0.024869518354535103,0.36159569025039673,0.04641976207494736,0.0498812198638916,0.3800317347049713,0.01745842583477497,0.39749017357826233,-0.04940656200051308,-0.05625922232866287,0.28054818511009216,-0.019690727815032005,0.2608574628829956
5.4,0.0,0.075,0.0,0.024556485291734865,0.1068912173621073,0.3290171189656741,-0.0027352888137102127,0.4958970667794347,0.0,0.0,0.0,0.8331790566444397,0.05893490090966225,0.8608368635177612,-0.02957676537334919,-0.03441684693098068,-0.27851858735084534,-0.012045896612107754,-0.29056447744369507,-0.033418647944927216,-0.04525623098015785,-0.21765977144241333,-0.015839681029319763,-0.2334994524717331,-0.024550992995500565,-0.014896310865879059,-0.17434939742088318,-0.005213708616793156,-0.17956310510635376,-0.09721715748310089,-0.08137911558151245,-0.16210348904132843,-0.028482690453529358,-0.1905861794948578,-0.07801903784275055,-0.06977574527263641,-0.18474365770816803,-0.024421511217951775,-0.20916517078876495,0.062352504581213,0.056413426995277405,-0.2352045178413391,0.01974469982087612,-0.21545982360839844,0.017000919207930565,-0.005451589357107878,-0.24906602501869202,-0.0019080562051385641,-0.2509740889072418,0.01347745954990387,-0.010408799163997173,0.06446804106235504,-0.003643079660832882,0.060824960470199585,0.07006234675645828,0.07075773924589157,0.33120784163475037,0.02476520836353302,0.3559730648994446,0.04318290203809738,0.047871723771095276,0.3953443765640259,0.016755102202296257,0.4120994806289673,-0.044764939695596695,-0.05281093716621399,0.30154022574424744,-0.018483826890587807,0.2830564081668854
5.42,0.0,0.075,0.0,0.022621690578797857,0.10346990006859635,0.30400714917037447,-0.02993178553879261,0.4551023216918111,0.0,0.0,0.0,0.8524237275123596,0.057818979024887085,0.8800586462020874,-0.025547178462147713,-0.031755946576595306,-0.29366642236709595,-0.011114581488072872,-0.3047809898853302,-0.02839631587266922,-0.04019825905561447,-0.23133482038974762,-0.01406939048320055,-0.2454042136669159,-0.02724248170852661,-0.018600162118673325,-0.18228407204151154,-0.006510056555271149,-0.18879413604736328,-0.06521022319793701,-0.07652844488620758,-0.16182158887386322,-0.026784954592585564,-0.18860654532909393,-0.07874517142772675,-0.07246657460927963,-0.17633315920829773,-0.025363299995660782,-0.2016964554786682,0.05878463014960289,0.0571247898042202,-0.22129011154174805,0.019993675872683525,-0.20129643380641937,-0.009120634756982327,-0.006552303209900856,-0.2630569338798523,-0.0022933061700314283,-0.26535025238990784,0.008357176557183266,-0.004779006354510784,0.04309710115194321,-0.00167265220079571,0.041424449533224106,0.07598862051963806,0.07232700288295746,0.32360297441482544,0.02531445026397705,0.3489174246788025,0.04910074919462204,0.048240430653095245,0.4090304374694824,0.016884149983525276,0.42591458559036255,-0.03748192638158798,-0.04821223020553589,0.32297515869140625,-0.0168742798268795,0.30610087513923645
5.44,0.0,0.075,0.0,0.02321746673800817,0.09227684665983114,0.24244052454242646,-0.02977299690246582,0.45534050464630127,0.0,0.0,0.0,0.8730297088623047,0.05978170409798622,0.899057924747467,-0.013251179829239845,-0.026204517111182213,-0.30844953656196594,-0.009171580895781517,-0.317621111869812,-0.028148716315627098,-0.036583397537469864,-0.24579478800296783,-0.012804188765585423,-0.2585989832878113,-0.0314837209880352,-0.022465229034423828,-0.1919083446264267,-0.007862829603254795,-0.19977118074893951,-0.09583251923322678,-0.08231966197490692,-0.1636066734790802,-0.028811881318688393,-0.19241856038570404,-0.07943201065063477,-0.07455620169639587,-0.16972199082374573,-0.026094669476151466,-0.19581666588783264,0.06884713470935822,0.060641493648290634,-0.20834586024284363,0.021224522963166237,-0.18712133169174194,0.03630446642637253,0.0063047283329069614,-0.27530568838119507,0.0022066549863666296,-0.27309903502464294,0.02177249826490879,0.003186445450410247,0.02146201767027378,0.0011152558727189898,0.022577272728085518,0.0795910581946373,0.07450622320175171,0.3139890432357788,0.02607717737555504,0.34006622433662415,0.056175120174884796,0.05062083899974823,0.42095041275024414,0.01771729253232479,0.4386677145957947,-0.053118251264095306,-0.049684036523103714,0.3446345031261444,-0.017389412969350815,0.3272450864315033
5.46,0.0,0.075,0.0,0.021453376153491303,0.08911257306105551,0.2200158913847655,-0.03425874188542366,0.4486118871718645,0.0,0.0,0.0,0.8945624828338623,0.06080528348684311,0.917396605014801,-0.0061646816320717335,-0.020192567259073257,-0.3225952684879303,-0.007067398633807898,-0.3296626806259155,-0.020296161994338036,-0.03169722482562065,-0.2607729732990265,-0.011094028130173683,-0.2718670070171356,-0.04366111755371094,-0.02882399410009384,-0.20304468274116516,-0.01008839812129736,-0.2131330817937851,-0.09474262595176697,-0.08604655414819717,-0.16742582619190216,-0.03011629357933998,-0.19754211604595184,-0.09161949157714844,-0.07967519015073776,-0.16503210365772247,-0.027886316180229187,-0.19291841983795166,0.0695839673280716,0.06332423537969589,-0.19661051034927368,0.022163482382893562,-0.17444702982902527,0.051592860370874405,0.019891168922185898,-0.28568747639656067,0.006961909122765064,-0.2787255644798279,0.016755225136876106,0.00725707970559597,-0.0002167413040297106,0.0025399778969585896,0.0023232365492731333,0.08293502032756805,0.0770348608493805,0.30246397852897644,0.026962200179696083,0.3294261693954468,0.01695089228451252,0.04051985219120979,0.4309828579425812,0.014181948266923428,0.4451647996902466,-0.03870156779885292,-0.046389296650886536,0.36629754304885864,-0.016236253082752228,0.350061297416687
5.48,0.0,0.075,0.0,0.020159728174910036,0.07547602752983124,0.1504267942841563,-0.05163019895553589,0.42255470156669617,0.0,0.0,0.0,0.9165816903114319,0.06166824698448181,0.9376066327095032,0.0012103538028895855,-0.013771691359579563,-0.33584269881248474,-0.004820092115551233,-0.34066277742385864,-0.016745058819651604,-0.027211572974920273,-0.27599310874938965,-0.009524050168693066,-0.285517156124115,-0.039266545325517654,-0.031956762075424194,-0.21548770368099213,-0.011184866540133953,-0.22667257487773895,-0.09326063841581345,-0.08821077644824982,-0.17320860922336578,-0.030873771756887436,-0.20408238470554352,-0.09535083174705505,-0.08437788486480713,-0.16234998404979706,-0.029532259330153465,-0.19188223779201508,0.07368375360965729,0.06643208861351013,-0.18630051612854004,0.023251229897141457,-0.16304928064346313,0.03550039976835251,0.02457393892109394,-0.2940964996814728,0.008600878529250622,-0.2854956090450287,0.025163719430565834,0.0126290712505579,-0.021718256175518036,0.00442017475143075,-0.017298081889748573,0.08607887476682663,0.07974806427955627,0.28914523124694824,0.027911821380257607,0.3170570433139801,0.015194406732916832,0.03292221948504448,0.43902552127838135,0.011522776447236538,0.45054829120635986,-0.02393338456749916,-0.03965252265334129,0.3877435624599457,-0.013878382742404938,0.37386518716812134
5.5,0.0,0.075,0.0,0.018365316718909012,0.07316915080694748,0.12979331328480045,-0.06838742643594742,0.3974188603460789,0.0,0.0,0.0,0.938654363155365,0.0588679239153862,0.9574337005615234,-0.02121903747320175,-0.016005896031856537,-0.3479475677013397,-0.005602063611149788,-0.35354962944984436,0.005186948925256729,-0.017492014914751053,-0.2911744713783264,-0.006122204940766096,-0.2972966730594635,-0.061847154051065445,-0.04092387855052948,-0.22900789976119995,-0.014323357492685318,-0.24333125352859497,-0.03710964694619179,-0.07288043946027756,-0.18084834516048431,-0.025508154183626175,-0.2063564956188202,-0.09879489243030548,-0.08870299160480499,-0.16172510385513306,-0.031046045944094658,-0.19277115166187286,0.040325235575437546,0.05860003083944321,-0.1776060163974762,0.020510010421276093,-0.1570959985256195,0.04495922848582268,0.030689526349306107,-0.300447016954422,0.010741334408521652,-0.28970569372177124,0.02057621069252491,0.015013212338089943,-0.042823418974876404,0.0052546244114637375,-0.03756879270076752,0.07949306815862656,0.07967156171798706,0.27416855096817017,0.02788504585623741,0.3020536005496979,0.008290579542517662,0.02553272619843483,0.4449964165687561,0.008936453610658646,0.45393288135528564,-0.02635449916124344,-0.035663116723299026,0.4087539613246918,-0.01248209085315466,0.39627188444137573
5.5200000000000005,0.0,0.075,0.0,0.01366797509777328,0.06084551892521286,0.05356222293103604,-0.08606429398059845,0.3709035590291023,0.0,0.0,0.0,0.9603659510612488,0.06151622533798218,0.9793227314949036,0.013606403023004532,-0.007122206036001444,-0.35868653655052185,-0.0024927721824496984,-0.36117932200431824,-0.021556487306952477,-0.018711356446146965,-0.3060370981693268,-0.00654897466301918,-0.31258606910705566,-0.029424190521240234,-0.037473972886800766,-0.24335592985153198,-0.013115890324115753,-0.25647181272506714,-0.10136409103870392,-0.08142553269863129,-0.19020414352416992,-0.02849893644452095,-0.21870307624340057,-0.08963185548782349,-0.08898165076971054,-0.1631689816713333,-0.03114357776939869,-0.19431255757808685,0.08138145506381989,0.06543445587158203,-0.17068739235401154,0.02290205843746662,-0.14778533577919006,0.024584148079156876,0.028857912868261337,-0.3046743869781494,0.010100269690155983,-0.294574111700058,0.028017664328217506,0.01891454868018627,-0.06331715732812881,0.00662009185180068,-0.056697066873311996,0.09557937830686569,0.08444390445947647,0.2576865553855896,0.029555365443229675,0.28724193572998047,0.03828435391187668,0.029358213767409325,0.44883474707603455,0.010275375097990036,0.4591101109981537,-0.026022199541330338,-0.03277084231376648,0.4291146695613861,-0.011469794437289238,0.4176448881626129
5.54,0.0,0.075,0.0,0.008252853841841983,0.05021480271001277,-0.015076367209784594,-0.09854140877723694,0.3521878868341446,0.0,0.0,0.0,0.9813278913497925,0.06266538053750992,0.9982582330703735,0.01184776984155178,-0.0014312132261693478,-0.3678615987300873,-0.0005009245942346752,-0.36836251616477966,-0.004825062118470669,-0.014545467682182789,-0.32030683755874634,-0.005090913735330105,-0.3253977596759796,-0.03386102244257927,-0.03639008849859238,-0.2582671344280243,-0.012736530974507332,-0.2710036635398865,-0.07998599857091904,-0.08099367469549179,-0.20110344886779785,-0.028347786515951157,-0.2294512391090393,-0.10161106288433075,-0.09277047216892242,-0.16665500402450562,-0.03246966376900673,-0.19912466406822205,0.064003124833107,0.06500505656003952,-0.16567222774028778,0.022751769050955772,-0.14292046427726746,0.05881963297724724,0.03784643113613129,-0.30673548579216003,0.013246250338852406,-0.2934892475605011,0.02865070290863514,0.021835394203662872,-0.0829906240105629,0.007642387878149748,-0.07534823566675186,0.09205146878957748,0.08672617375850677,0.2398672103881836,0.03035416081547737,0.27022138237953186,0.025826817378401756,0.028298795223236084,0.45050138235092163,0.00990457832813263,0.46040594577789307,-0.023284297436475754,-0.029924878850579262,0.44861820340156555,-0.010473707690834999,0.4381445050239563
5.5600000000000005,0.0,0.075,0.0,0.002381982752006842,0.03983903639474027,-0.07644052042463241,-0.10453566163778305,0.3431965075433254,0.0,0.0,0.0,1.0011837482452393,0.062088996171951294,1.0139892101287842,0.04739817976951599,0.013217605650424957,-0.3753035068511963,0.004626161884516478,-0.3706773519515991,0.0014998649712651968,-0.009731868281960487,-0.33372050523757935,-0.0034061537589877844,-0.3371266722679138,-0.03731657564640045,-0.03666803613305092,-0.2734665274620056,-0.012833812274038792,-0.28630033135414124,-0.06031348183751106,-0.0747896209359169,-0.2133452445268631,-0.026176366955041885,-0.23952160775661469,-0.09218880534172058,-0.09259597212076187,-0.17211885750293732,-0.032408591359853745,-0.20452745258808136,0.0422004759311676,0.058163680136203766,-0.16265302896499634,0.020357288420200348,-0.1422957479953766,0.08104381710290909,0.05080564692616463,-0.3066093325614929,0.017781976610422134,-0.2888273596763611,0.04747907072305679,0.029528498649597168,-0.10164334625005722,0.010334974154829979,-0.09130837023258209,0.08486413210630417,0.08616755902767181,0.22089208662509918,0.030158644542098045,0.251050740480423,0.025209123268723488,0.02737189456820488,0.44997933506965637,0.009580163285136223,0.45955950021743774,-0.0169733464717865,-0.026039419695734978,0.4670657813549042,-0.0091137969866395,0.45795199275016785
5.58,0.0,0.075,0.0,-0.003400859103577278,0.03103683237004133,-0.12601957230499275,-0.1267104595899582,0.3099343106150627,0.0,0.0,0.0,1.0196125507354736,0.06281732022762299,1.030319094657898,0.048941031098365784,0.023934632539749146,-0.38087502121925354,0.008377120830118656,-0.37249788641929626,-0.008363564498722553,-0.00932137668132782,-0.34603071212768555,-0.0032624818850308657,-0.34929320216178894,-0.03260248899459839,-0.03544837236404419,-0.2886737585067749,-0.012406930327415466,-0.30108070373535156,-0.0804133415222168,-0.07647673785686493,-0.2267037332057953,-0.026766857132315636,-0.25347059965133667,-0.08264359831809998,-0.0896102637052536,-0.17945978045463562,-0.0313635915517807,-0.21082337200641632,0.06669187545776367,0.060722142457962036,-0.16168548166751862,0.021252749487757683,-0.14043273031711578,0.05692853033542633,0.05264251306653023,-0.30429720878601074,0.018424879759550095,-0.28587234020233154,0.046900928020477295,0.034740228205919266,-0.11908523738384247,0.012159079313278198,-0.10692615807056427,0.0914047583937645,0.08773871511220932,0.20095454156398773,0.030708549544215202,0.23166309297084808,0.016641417518258095,0.02415275201201439,0.44727393984794617,0.008453463204205036,0.45572739839553833,-0.011552832089364529,-0.02169344387948513,0.4842694401741028,-0.007592705078423023,0.47667673230171204
5.6000000000000005,0.0,0.075,0.0,-0.014166467100265309,0.01765821708997589,-0.20682836722114536,-0.13615508377552032,0.2957673743367195,0.0,0.0,0.0,1.036331295967102,0.06294562667608261,1.0447595119476318,0.04487459734082222,0.030216621235013008,-0.38447335362434387,0.010575816966593266,-0.373897522687912,-0.00039555621333420277,-0.006643630564212799,-0.3570104241371155,-0.0023252705577760935,-0.35933569073677063,-0.025371599942445755,-0.03242534026503563,-0.30360835790634155,-0.01134886872023344,-0.31495723128318787,-0.08424827456474304,-0.07880819588899612,-0.24093253910541534,-0.027582868933677673,-0.268515408039093,-0.08116452395915985,-0.08707654476165771,-0.18854238092899323,-0.03047678992152214,-0.21901917457580566,0.06649897992610931,0.0624551922082901,-0.16278743743896484,0.021859316155314445,-0.14092811942100525,0.05881265923380852,0.054493557661771774,-0.2998226583003998,0.019072744995355606,-0.2807499170303345,0.044609569013118744,0.03770102933049202,-0.13513855636119843,0.013195360079407692,-0.12194319814443588,0.08779469132423401,0.08775550872087479,0.18025776743888855,0.030714428052306175,0.21097218990325928,-0.0006286595016717911,0.01671832799911499,0.44241270422935486,0.005851414520293474,0.44826412200927734,-0.004190507344901562,-0.016442563384771347,0.500053882598877,-0.005754896905273199,0.4942989945411682
5.62,0.0,0.075,0.0,-0.016722024362283334,0.015713035668746465,-0.21867933989459085,-0.14158225059509277,0.28762662410736084,0.0,0.0,0.0,1.0510956048965454,0.06203782185912132,1.0564887523651123,0.055455390363931656,0.03778824955224991,-0.3860321640968323,0.013225886970758438,-0.37280628085136414,0.016175614669919014,0.0002021435648202896,-0.36645710468292236,7.075024768710136e-05,-0.366386353969574,-0.019765246659517288,-0.028627311810851097,-0.3179948627948761,-0.010019559413194656,-0.32801443338394165,-0.07030391693115234,-0.07625691592693329,-0.2557692527770996,-0.02668992057442665,-0.28245916962623596,-0.08789534866809845,-0.0873221829533577,-0.1991991251707077,-0.030562764033675194,-0.22976188361644745,0.05074428394436836,0.05894191935658455,-0.16593855619430542,0.020629672333598137,-0.14530888199806213,0.0670601949095726,0.05826354771852493,-0.2932312786579132,0.020392240956425667,-0.2728390395641327,0.051535166800022125,0.04185127094388008,-0.14963971078395844,0.014647944830358028,-0.13499176502227783,0.07325915992259979,0.08340660482645035,0.15901267528533936,0.029192311689257622,0.18820498883724213,-0.010005144402384758,0.008701285347342491,0.43544524908065796,0.0030454497318714857,0.43849068880081177,0.0090407719835639,-0.00879756174981594,0.5142582058906555,-0.0030791466124355793,0.5111790299415588
5.64,0.0,0.075,0.0,-0.022672296960216276,0.010400875229751751,-0.25683036751805083,-0.1574362814426422,0.2638455778360367,0.0,0.0,0.0,1.0637000799179077,0.059016890823841095,1.065734624862671,0.05911539867520332,0.04418639466166496,-0.38552266359329224,0.015465238131582737,-0.37005743384361267,0.02618768811225891,0.007997807115316391,-0.37419652938842773,0.002799232490360737,-0.3713972866535187,-0.032129812985658646,-0.029678063467144966,-0.3315679728984833,-0.010387321934103966,-0.341955304145813,-0.013741998001933098,-0.057502441108226776,-0.2709401845932007,-0.0201258547604084,-0.29106605052948,-0.09135955572128296,-0.08853339403867722,-0.2112334817647934,-0.030986687168478966,-0.24222016334533691,0.023897726088762283,0.04842866212129593,-0.17108072340488434,0.016950031742453575,-0.1541306972503662,0.07512775808572769,0.06332281231880188,-0.2845902740955353,0.02216298319399357,-0.26242730021476746,0.05135478079319,0.04470232501626015,-0.1624409407377243,0.015645813196897507,-0.1467951238155365,0.06398965418338776,0.07758152484893799,0.13743574917316437,0.027153532952070236,0.1645892858505249,-0.00910956971347332,0.0033580283634364605,0.42644253373146057,0.0011753098806366324,0.4276178479194641,0.011623580940067768,-0.0026712187100201845,0.5267376899719238,-0.0009349265601485968,0.5258027911186218
5.66,0.0,0.075,0.0,-0.028572486198141126,0.007004346872204418,-0.2773477920001805,-0.16434679925441742,0.25347980111837387,0.0,0.0,0.0,1.0739778280258179,0.05758405104279518,1.0740618705749512,0.06506749242544174,0.050450727343559265,-0.38295429944992065,0.017657754942774773,-0.36529654264450073,0.022079167887568474,0.01222221553325653,-0.3800859749317169,0.004277775529772043,-0.3758082091808319,-0.022742774337530136,-0.027597475796937943,-0.34407728910446167,-0.00965911615639925,-0.35373640060424805,-0.02653944119811058,-0.04821354150772095,-0.2861655652523041,-0.01687473990023136,-0.3030402958393097,-0.08901722729206085,-0.08867854624986649,-0.22442349791526794,-0.03103749081492424,-0.2554609775543213,0.03123028203845024,0.04326914995908737,-0.17811910808086395,0.015144201926887035,-0.16297490894794464,0.06341250985860825,0.06334972381591797,-0.27398765087127686,0.02217240259051323,-0.2518152594566345,0.05030917376279831,0.046384379267692566,-0.1734117716550827,0.01623453199863434,-0.15717723965644836,0.06359181553125381,0.0733846127986908,0.1157468780875206,0.02568461373448372,0.14143149554729462,-0.0045087020844221115,0.000998009112663567,0.4154963195323944,0.0003493031836114824,0.4158456325531006,0.009280501864850521,0.0009142975322902203,0.5373651385307312,0.0003200041246600449,0.5376851558685303
5.68,0.0,0.075,0.0,-0.03317867459859667,0.005096379446469726,-0.2863929125164262,-0.1650744527578354,0.2523883208632469,0.0,0.0,0.0,1.0817984342575073,0.05718543753027916,1.08171546459198,0.06698543578386307,0.055411141365766525,-0.3783744275569916,0.01939389854669571,-0.35898053646087646,0.011841556057333946,0.012108017690479755,-0.38401681184768677,0.004237805958837271,-0.37977901101112366,-0.004654575139284134,-0.02071460522711277,-0.3552921414375305,-0.007250111550092697,-0.3625422418117523,-0.06296619772911072,-0.05263933911919594,-0.30116456747055054,-0.018423767760396004,-0.3195883333683014,-0.08141620457172394,-0.08649984002113342,-0.2385258674621582,-0.030274944379925728,-0.2688008248806,0.048746559768915176,0.044912371784448624,-0.18692389130592346,0.015719329938292503,-0.1712045669555664,0.04651573672890663,0.05829952657222748,-0.2615315020084381,0.020404834300279617,-0.2411266714334488,0.04930827021598816,0.047261543571949005,-0.18244042992591858,0.01654154062271118,-0.1658988893032074,0.06761687248945236,0.0716542899608612,0.0941670835018158,0.025079000741243362,0.11924608051776886,0.004024870693683624,0.0019060675986111164,0.40271812677383423,0.0006671236478723586,0.4033852517604828,0.007587087340652943,0.0029161344282329082,0.5460323095321655,0.0010206470033153892,0.5470529794692993
5.7,0.0,0.075,0.0,-0.03595811620406258,0.0057670082194512485,-0.283561754121845,-0.17218634486198425,0.24172048270702362,0.0,0.0,0.0,1.087066888809204,0.056248318403959274,1.0864533185958862,0.06591082364320755,0.0585610456764698,-0.37186747789382935,0.020496366545557976,-0.3513711094856262,0.00944461114704609,0.011308995075523853,-0.385916531085968,0.003958148416131735,-0.38195839524269104,-0.0038182251155376434,-0.015645690262317657,-0.36500564217567444,-0.005475991405546665,-0.3704816401004791,-0.05151234567165375,-0.05230123922228813,-0.3156605660915375,-0.01830543391406536,-0.3339659869670868,-0.07914139330387115,-0.08429230749607086,-0.25328052043914795,-0.02950230799615383,-0.28278282284736633,0.044781383126974106,0.04487307369709015,-0.19733268022537231,0.015705576166510582,-0.18162710964679718,0.0476318821310997,0.055099233984947205,-0.24734872579574585,0.019284730777144432,-0.22806400060653687,0.043523453176021576,0.046140119433403015,-0.18943488597869873,0.016149042174220085,-0.1732858419418335,0.06837334483861923,0.07067000865936279,0.07291626185178757,0.024734502658247948,0.09765076637268066,-0.0013706423342227936,0.0009230545838363469,0.38823816180229187,0.00032306910725310445,0.3885612189769745,0.004408246837556362,0.0033637681044638157,0.5526508688926697,0.0011773188598453999,0.5538281798362732
5.72,0.0,0.075,0.0,-0.038604696853347865,0.005988296944639948,-0.27817787933829113,-0.162366583943367,0.2564501240849495,0.0,0.0,0.0,1.089721918106079,0.0549393929541111,1.0894801616668701,0.06266910582780838,0.059793464839458466,-0.363553524017334,0.020927712321281433,-0.34262579679489136,0.00540559645742178,0.009537976235151291,-0.3857501149177551,0.0033382915426045656,-0.3824118375778198,0.0061048418283462524,-0.00912053044885397,-0.3730386793613434,-0.0031921856570988894,-0.3762308657169342,-0.06442521512508392,-0.05593843385577202,-0.3293861746788025,-0.01957845129072666,-0.3489646315574646,-0.07617504894733429,-0.08185712993144989,-0.26841533184051514,-0.02864999510347843,-0.2970653176307678,0.05413369461894035,0.0476512610912323,-0.20915350317955017,0.016677940264344215,-0.1924755573272705,0.024563990533351898,0.04593865945935249,-0.2315838783979416,0.016078529879450798,-0.21550534665584564,0.03846853971481323,0.04383864626288414,-0.19432388246059418,0.015343526378273964,-0.17898035049438477,0.06433039903640747,0.06876812875270844,0.052210982888936996,0.024068845435976982,0.07627982646226883,-0.008401904255151749,-0.0018744332483038306,0.3722040355205536,-0.0006560516194440424,0.37154799699783325,0.008809729479253292,0.004997556563466787,0.5571532845497131,0.0017491447506472468,0.5589024424552917
5.74,0.0,0.075,0.0,-0.041182532164062716,0.007390224890553299,-0.26955504154101045,-0.16464854776859283,0.25302717834711075,0.0,0.0,0.0,1.0897328853607178,0.0533529669046402,1.0902314186096191,0.05713294818997383,0.058995310217142105,-0.3535858690738678,0.020648358389735222,-0.3329375088214874,0.00022253557108342648,0.00674334354698658,-0.38352060317993164,0.002360170241445303,-0.3811604380607605,0.013291701674461365,-0.0023968606255948544,-0.3792431056499481,-0.0008389012073166668,-0.38008201122283936,-0.06734835356473923,-0.05936140939593315,-0.3420882821083069,-0.020776493474841118,-0.36286476254463196,-0.06941455602645874,-0.07812435925006866,-0.2836511433124542,-0.027343524619936943,-0.3109946548938751,0.053900379687547684,0.049525994807481766,-0.22216834127902985,0.017334097996354103,-0.2048342376947403,0.01909869909286499,0.03788667172193527,-0.214397594332695,0.013260334730148315,-0.2011372596025467,0.03361738473176956,0.04077226668596268,-0.1970575749874115,0.014270293526351452,-0.18278728425502777,0.06317003071308136,0.06708870083093643,0.03226223960518837,0.02348104491829872,0.05574328452348709,0.0015558376908302307,-0.00084535195492208,0.35477912425994873,-0.0002958731784019619,0.3544832468032837,0.005331731401383877,0.005097809247672558,0.5594937801361084,0.0017842332599684596,0.5612779855728149
5.76,0.0,0.075,0.0,-0.043611017686608376,0.008899190313968706,-0.2572242772337961,-0.16374985873699188,0.2543752118945122,0.0,0.0,0.0,1.0870983600616455,0.05192653089761734,1.0880874395370483,0.054638635367155075,0.057688310742378235,-0.3421483635902405,0.020190907642245293,-0.32195746898651123,-0.0013574783224612474,0.00431309686973691,-0.3792691230773926,0.0015095839044079185,-0.37775954604148865,0.021127013489603996,0.0046603018417954445,-0.3835044503211975,0.00163110566791147,-0.38187333941459656,-0.06940639764070511,-0.06237490475177765,-0.3535325825214386,-0.021831216290593147,-0.3753637969493866,-0.06503719836473465,-0.07419820874929428,-0.29870694875717163,-0.025969373062253,-0.3246763348579407,0.053633805364370346,0.05075833946466446,-0.23613713681697845,0.01776541769504547,-0.21837171912193298,0.01385592669248581,0.030677447095513344,-0.1959650218486786,0.010737106204032898,-0.1852279156446457,0.030828407034277916,0.03778911009430885,-0.1976081281900406,0.013226188719272614,-0.18438193202018738,0.06154872104525566,0.06542670726776123,0.013273315504193306,0.02289934642612934,0.03617266193032265,0.0044915806502103806,0.0007557279313914478,0.3361409604549408,0.00026450477889738977,0.3364054560661316,0.0030564377084374428,0.004485398065298796,0.5596484541893005,0.0015698892530053854,0.5612183213233948
5.78,0.0,0.075,0.0,-0.0462061573180724,0.010576058963891183,-0.24170590516310142,-0.16015827655792236,0.25976258516311646,0.0,0.0,0.0,1.0818428993225098,0.05067649856209755,1.0813179016113281,0.068052276968956,0.060797497630119324,-0.32945194840431213,0.021279124543070793,-0.3081728219985962,0.008778728544712067,0.005652786232531071,-0.37307411432266235,0.001978475134819746,-0.3710956275463104,0.02518215961754322,0.01081685908138752,-0.3857441246509552,0.0037859005387872458,-0.3819582164287567,-0.05119935795664787,-0.059022240340709686,-0.363508015871048,-0.02065778337419033,-0.38416579365730286,-0.06819769740104675,-0.07239805161952972,-0.3133050501346588,-0.025339318439364433,-0.3386443555355072,0.03764166310429573,0.04682333394885063,-0.25080227851867676,0.016388166695833206,-0.23441411554813385,0.02758365496993065,0.02974930964410305,-0.17647399008274078,0.010412258096039295,-0.16606172919273376,0.0314004048705101,0.03587250038981438,-0.19596993923187256,0.012555374763906002,-0.18341456353664398,0.05883859843015671,0.06345027685165405,-0.004562279675155878,0.02220759727060795,0.017645318061113358,0.0006464086472988129,0.0007229321636259556,0.31647950410842896,0.00025302625726908445,0.3167325258255005,-0.004688464105129242,0.0017332392744719982,0.5576157569885254,0.000606633722782135,0.5582224130630493
5.8,0.0,0.075,0.0,-0.04788595186616217,0.013388006559182776,-0.22016309661227082,-0.1382499635219574,0.2926250547170639,0.0,0.0,0.0,1.074015736579895,0.04958553984761238,1.073864221572876,0.0679526999592781,0.06294406205415726,-0.3157307803630829,0.02203042060136795,-0.29370036721229553,-0.002439826726913452,0.0032250022049993277,-0.365049809217453,0.0011287507368251681,-0.36392104625701904,0.03086613118648529,0.016831640154123306,-0.38592082262039185,0.0058910739608109,-0.38002973794937134,-0.06457123160362244,-0.06068693846464157,-0.3718305826187134,-0.02124042809009552,-0.3930709958076477,-0.06715886294841766,-0.07082629203796387,-0.3271762430667877,-0.024789201095700264,-0.35196545720100403,0.04500487074255943,0.04627779498696327,-0.26589325070381165,0.01619722880423069,-0.2496960163116455,-0.003189769573509693,0.019867585971951485,-0.1561231166124344,0.006953654810786247,-0.149169459939003,0.020660744979977608,0.03130897134542465,-0.19215966761112213,0.010958139784634113,-0.1812015324831009,0.05192195251584053,0.059991780668497086,-0.02106279321014881,0.020997123792767525,-6.566941738128662e-05,-0.0002902913838624954,0.0004189650935586542,0.2959951162338257,0.00014663778711110353,0.29614174365997314,-0.001672821119427681,0.0007114210748113692,0.55341637134552,0.00024899738491512835,0.5536653399467468
5.82,0.0,0.075,0.0,-0.04963605162726934,0.016852312663500398,-0.19503908147471036,-0.14694485068321228,0.2795827239751816,0.0,0.0,0.0,1.063688039779663,0.04791504889726639,1.0619959831237793,0.06547264754772186,0.06370263546705246,-0.30123797059059143,0.02229592204093933,-0.2789420485496521,0.01653037592768669,0.007216614671051502,-0.3553442060947418,0.0025258150417357683,-0.35281839966773987,0.03846721723675728,0.023322314023971558,-0.3840312957763672,0.008162809535861015,-0.3758684992790222,-0.04538678377866745,-0.056096892803907394,-0.3783468008041382,-0.019633911550045013,-0.3979807198047638,-0.06922478973865509,-0.07034584134817123,-0.34006467461586,-0.024621043354272842,-0.36468571424484253,0.017948394641280174,0.03777897730469704,-0.2811317443847656,0.013222642242908478,-0.26790910959243774,0.031650349497795105,0.023402415215969086,-0.13511981070041656,0.008190845139324665,-0.12692897021770477,0.02212379314005375,0.028553418815135956,-0.18621616065502167,0.009993696585297585,-0.17622245848178864,0.048054762184619904,0.05641067773103714,-0.03606007620692253,0.01974373683333397,-0.016316339373588562,0.0051125045865774155,0.0018270270666107535,0.2748965620994568,0.0006394594674929976,0.27553603053092957,-0.015196367166936398,-0.00406091520562768,0.5470930933952332,-0.0014213202521204948,0.5456717610359192
5.84,0.0,0.075,0.0,-0.05013445164340363,0.0214343431877438,-0.16386639280192186,-0.13877080380916595,0.29184379428625107,0.0,0.0,0.0,1.0509511232376099,0.045062050223350525,1.0475369691848755,0.0571749247610569,0.061744324862957,-0.2862407863140106,0.02161051332950592,-0.2646302580833435,-0.001581753371283412,0.00457710400223732,-0.3441363275051117,0.0016019863542169333,-0.3425343334674835,0.035107970237731934,0.02685800939798355,-0.38011038303375244,0.009400303475558758,-0.3707100749015808,-0.04136962071061134,-0.05167870968580246,-0.3829364776611328,-0.01808754727244377,-0.4010240137577057,-0.04869132116436958,-0.06384948641061783,-0.35173264145851135,-0.02234731987118721,-0.37407997250556946,0.026738304644823074,0.03446677699685097,-0.29623672366142273,0.012063371948897839,-0.2841733396053314,0.009395701810717583,0.01920040138065815,-0.11367807537317276,0.00672014057636261,-0.10695793479681015,0.00972527451813221,0.022904975339770317,-0.17820000648498535,0.008016740903258324,-0.17018327116966248,0.05244523286819458,0.05522104352712631,-0.04940129816532135,0.01932736486196518,-0.03007393330335617,-0.008224215358495712,-0.0011883457191288471,0.2533988058567047,-0.0004159210075158626,0.25298288464546204,-0.03025875613093376,-0.011920267716050148,0.538710355758667,-0.004172093700617552,0.5345382690429688
5.86,0.0,0.075,0.0,-0.0504676308936095,0.025992190298524568,-0.13394603649524583,-0.12231229245662689,0.31653156131505966,0.0,0.0,0.0,1.0359145402908325,0.0434798039495945,1.033259391784668,0.04646764323115349,0.05716132000088692,-0.27101582288742065,0.020006461068987846,-0.25100937485694885,-0.013352515175938606,-0.0008017821237444878,-0.3316328525543213,-0.00028062373166903853,-0.33191347122192383,0.045991577208042145,0.03259808197617531,-0.37423041462898254,0.011409328319132328,-0.3628210723400116,-0.05712062120437622,-0.05331128090620041,-0.3855149745941162,-0.018658947199583054,-0.40417391061782837,-0.05167318508028984,-0.06019659712910652,-0.3619649112224579,-0.021068809553980827,-0.38303372263908386,0.04098312184214592,0.036421678960323334,-0.3109295666217804,0.012747587636113167,-0.2981819808483124,-0.022758658975362778,0.006612683180719614,-0.09201642870903015,0.002314439043402672,-0.08970198780298233,0.0050581153482198715,0.017550917342305183,-0.16819284856319427,0.006142821162939072,-0.1620500236749649,0.04615660384297371,0.05250171199440956,-0.06095051020383835,0.01837559975683689,-0.042574912309646606,0.00441323034465313,0.0004921270883642137,0.2317209243774414,0.00017224447219632566,0.2318931668996811,-0.019468586891889572,-0.01418476365506649,0.5283536314964294,-0.004964667372405529,0.5233889818191528
5.88,0.0,0.075,0.0,-0.04996048642903025,0.032197214172222065,-0.09648687733273853,-0.12055344134569168,0.3191698379814625,0.0,0.0,0.0,1.0187056064605713,0.042591266334056854,1.0146546363830566,0.05393247306346893,0.05619266629219055,-0.2558439373970032,0.019667433574795723,-0.2361765056848526,0.0021393192000687122,8.054834324866533e-05,-0.31806445121765137,2.8191920137032866e-05,-0.3180362582206726,0.057995788753032684,0.04021739214658737,-0.3664998412132263,0.014076086692512035,-0.352423757314682,-0.038508884608745575,-0.04887055978178978,-0.3860347270965576,-0.017104696482419968,-0.4031394124031067,-0.05607268959283829,-0.05895942449569702,-0.3705728054046631,-0.020635798573493958,-0.39120858907699585,0.014843344688415527,0.029948178678750992,-0.3249393105506897,0.010481862351298332,-0.3144574463367462,0.014787818305194378,0.00906522385776043,-0.0703556165099144,0.0031728283502161503,-0.06718278676271439,-0.001253732480108738,0.011909522116184235,-0.15629670023918152,0.004168332554399967,-0.15212836861610413,0.04736797884106636,0.05096159502863884,-0.07059001177549362,0.01783655770123005,-0.05275345593690872,0.010163618251681328,0.0033935746178030968,0.21008385717868805,0.0011877510696649551,0.21127161383628845,-0.0367574617266655,-0.020956574007868767,0.516128420829773,-0.007334800902754068,0.5087935924530029
5.9,0.0,0.075,0.0,-0.04984067262894953,0.03674127623979357,-0.06341055116580267,-0.0965200886130333,0.35521986708045006,0.0,0.0,0.0,0.9994679689407349,0.041977427899837494,0.995231568813324,0.048854876309633255,0.05399133265018463,-0.24100488424301147,0.01889696530997753,-0.2221079170703888,-0.02471984550356865,-0.007359570357948542,-0.303681343793869,-0.002575849648565054,-0.3062571883201599,0.05676553398370743,0.04518183320760727,-0.3570612370967865,0.015813641250133514,-0.3412475883960724,-0.04853484779596329,-0.04876984655857086,-0.3844861686229706,-0.017069445922970772,-0.4015556275844574,-0.042893581092357635,-0.054139673709869385,-0.3773975372314453,-0.018948884680867195,-0.39634642004966736,0.03171801567077637,0.030479129403829575,-0.33800753951072693,0.010667694732546806,-0.32733985781669617,-0.02711823210120201,-0.0017898129299283028,-0.04891636595129967,-0.0006264345138333738,-0.04954279959201813,-0.01520438864827156,0.0037753484211862087,-0.14263278245925903,0.00132137187756598,-0.1413114070892334,0.04990392550826073,0.050644293427467346,-0.07822158187627792,0.0177255030721426,-0.06049607694149017,-0.014692499302327633,-0.0020322478376328945,0.18870806694030762,-0.0007112867315299809,0.1879967749118805,-0.029196154326200485,-0.023428447544574738,0.5021592974662781,-0.008199956268072128,0.49395933747291565
5.92,0.0,0.075,0.0,-0.04870856648087646,0.04310026245648415,-0.023356088114417695,-0.08747106790542603,0.36879339814186096,0.0,0.0,0.0,0.9783617854118347,0.04200051352381706,0.9732982516288757,0.041051022708415985,0.05010923743247986,-0.22677239775657654,0.01753823272883892,-0.20923416316509247,-0.00545968022197485,-0.006789603270590305,-0.28874877095222473,-0.0023763610515743494,-0.2911251187324524,0.06982377171516418,0.052574414759874344,-0.3460886478424072,0.018401045352220535,-0.3276875913143158,-0.049701932817697525,-0.04904947429895401,-0.3808978199958801,-0.017167314887046814,-0.39806514978408813,-0.04595136642456055,-0.051683180034160614,-0.38231325149536133,-0.018089111894369125,-0.40040236711502075,0.01759251579642296,0.0266131442040205,-0.3498932421207428,0.009314600378274918,-0.3405786454677582,-0.012075911276042461,-0.004875642713159323,-0.027917152270674706,-0.0017064749263226986,-0.02962362766265869,-0.018545933067798615,-0.002921036444604397,-0.12734033167362213,-0.0010223627323284745,-0.12836270034313202,0.04663645848631859,0.04944194480776787,-0.08376744389533997,0.0173046812415123,-0.06646276265382767,-0.011996595188975334,-0.005021552089601755,0.16781140863895416,-0.0017575431847944856,0.1660538613796234,-0.03913966193795204,-0.0281418114900589,0.48658862709999084,-0.009849634021520615,0.47673898935317993
5.94,0.0,0.075,0.0,-0.04732760487658563,0.04954342852538251,0.017837597590271592,-0.06102164834737778,0.40846752747893333,0.0,0.0,0.0,0.9555640816688538,0.04189244285225868,0.9504983425140381,0.04031050577759743,0.04716961830854416,-0.213408961892128,0.016509365290403366,-0.19689959287643433,-0.007976260036230087,-0.007145600393414497,-0.273542195558548,-0.002500960137695074,-0.2760431468486786,0.06662321090698242,0.056789055466651917,-0.3337845206260681,0.01987616904079914,-0.31390833854675293,-0.0348890982568264,-0.04480136185884476,-0.3753358721733093,-0.015680477023124695,-0.3910163640975952,-0.057921212166547775,-0.05355458706617355,-0.3852292597293854,-0.018744105473160744,-0.40397337079048157,0.004268310964107513,0.01990969479084015,-0.3603771924972534,0.006968392990529537,-0.3534088134765625,-0.019067123532295227,-0.00913308747112751,-0.00757197430357337,-0.0031965805683285,-0.010768555104732513,-0.024802017956972122,-0.009485331363976002,-0.11057517677545547,-0.0033198660239577293,-0.11389504373073578,0.041885048151016235,0.04717487841844559,-0.08717108517885208,0.016511207446455956,-0.07065987586975098,-0.004491312429308891,-0.004862479865550995,0.14760680496692657,-0.0017018679063767195,0.14590494334697723,-0.04644501209259033,-0.03363277018070221,0.46957510709762573,-0.011771469376981258,0.4578036367893219
5.96,0.0,0.075,0.0,-0.04484544602637153,0.057921412257451454,0.06438777219188967,-0.04946830868721008,0.4257975369691849,0.0,0.0,0.0,0.931269645690918,0.04079912230372429,0.9261153936386108,0.019131379202008247,0.03875814378261566,-0.20116105675697327,0.013565350323915482,-0.18759571015834808,-0.02222924306988716,-0.011670693755149841,-0.25834208726882935,-0.0040847426280379295,-0.26242682337760925,0.05909449979662895,0.05748068913817406,-0.3203757107257843,0.020118240267038345,-0.30025747418403625,-0.0245352853089571,-0.038721539080142975,-0.367902934551239,-0.013552538119256496,-0.3814554810523987,-0.04463851451873779,-0.050879765301942825,-0.38609179854393005,-0.017807917669415474,-0.4038997292518616,-0.00019009225070476532,0.013879758305847645,-0.36926600337028503,0.004857915453612804,-0.36440807580947876,-0.03117159754037857,-0.015744641423225403,0.011911844834685326,-0.005510624498128891,0.006401220336556435,-0.03864514082670212,-0.018233275040984154,-0.09250818192958832,-0.006381646264344454,-0.09888982772827148,0.04392343387007713,0.04619944468140602,-0.08839782327413559,0.016169805079698563,-0.07222801446914673,-0.019226757809519768,-0.009171763435006142,0.12830016016960144,-0.003210117109119892,0.12509004771709442,-0.053444113582372665,-0.039576172828674316,0.4512920677661896,-0.013851660303771496,0.4374403953552246
5.98,0.0,0.075,0.0,-0.04252060951945135,0.06548429611527622,0.10933770403564669,-0.03854811191558838,0.44217783212661743,0.0,0.0,0.0,0.9056931734085083,0.043005846440792084,0.8985152840614319,0.010175952687859535,0.03018348664045334,-0.1902545690536499,0.010564220137894154,-0.17969034612178802,-0.030665699392557144,-0.017369195818901062,-0.24342875182628632,-0.006079218350350857,-0.24950796365737915,0.07986949384212494,0.06419733166694641,-0.30610957741737366,0.022469066083431244,-0.2836405038833618,-0.054866496473550797,-0.04356502741575241,-0.3587360978126526,-0.015247759409248829,-0.37398386001586914,-0.020373037084937096,-0.04172774776816368,-0.38488495349884033,-0.014604711905121803,-0.3994896709918976,0.018132422119379044,0.015155557543039322,-0.3763957917690277,0.005304445046931505,-0.3710913360118866,-0.027011718600988388,-0.019124764949083328,0.03033575415611267,-0.006693667732179165,0.02364208549261093,-0.03896164149045944,-0.024451784789562225,-0.07332344353199005,-0.008558124303817749,-0.0818815678358078,0.05078251287341118,0.04757436364889145,-0.08743514865636826,0.016651026904582977,-0.07078412175178528,-0.016195256263017654,-0.01127881184220314,0.11008822917938232,-0.003947583958506584,0.10614064335823059,-0.07568231970071793,-0.0504080168902874,0.43192583322525024,-0.017642805352807045,0.41428303718566895
6.0,0.0,0.075,0.0,-0.0391616633564975,0.07381127632270129,0.15445175501765038,-0.01066034846007824,0.48400947730988264,0.0,0.0,0.0,0.8790714740753174,0.04323675483465195,0.8721545338630676,0.004504862707108259,0.02247989922761917,-0.18089066445827484,0.007867964915931225,-0.17302270233631134,-0.03263199329376221,-0.021948035806417465,-0.2290772646665573,-0.00768181262537837,-0.23675908148288727,0.06268073618412018,0.06374235451221466,-0.29124924540519714,0.02230982296168804,-0.26893943548202515,-0.017741404473781586,-0.035817939788103104,-0.34800440073013306,-0.012536278925836086,-0.3605406880378723,-0.04478021711111069,-0.04264348745346069,-0.3816309869289398,-0.014925220049917698,-0.39655619859695435,-0.008904114365577698,0.007937655784189701,-0.38163504004478455,0.0027781794779002666,-0.3788568675518036,-0.03873160108923912,-0.025006815791130066,0.047512006014585495,-0.008752385154366493,0.03875961899757385,-0.04475800693035126,-0.030543651431798935,-0.05321647599339485,-0.010690277442336082,-0.06390675157308578,0.04003569856286049,0.04531276226043701,-0.08429288119077682,0.015859466046094894,-0.06843341886997223,-0.006318280473351479,-0.009790652431547642,0.0931565910577774,-0.003426728304475546,0.08972986042499542,-0.07498452067375183,-0.05778096616268158,0.41167378425598145,-0.020223338156938553,0.391450434923172
6.0200000000000005,0.0,0.075,0.0,-0.03256880897798941,0.08542282169800729,0.2286779371670494,0.010693879798054695,0.516040819697082,0.011228573787957429,0.0,0.011228573787957429,0.8589937686920166,0.046781718730926514,0.8564169406890869,0.006472859997302294,0.01767778769135475,-0.2104874700307846,0.006187225691974163,-0.20430023968219757,-0.035563066601753235,-0.026032544672489166,-0.2700388431549072,-0.009111390449106693,-0.27915024757385254,0.08274409174919128,0.06944287568330765,-0.3307926058769226,0.024305006489157677,-0.3064875900745392,-0.05940418317914009,-0.04289381206035614,-0.37378913164138794,-0.015012834221124649,-0.3888019621372223,-0.018526701256632805,-0.03540845215320587,-0.38561034202575684,-0.01239295769482851,-0.39800330996513367,0.013245068490505219,0.009529879316687584,-0.3625671863555908,0.0033354577608406544,-0.35923174023628235,-0.029192697256803513,-0.02626257948577404,0.09934528917074203,-0.009191902354359627,0.09015338867902756,-0.04735274612903595,-0.03558637946844101,0.19806495308876038,-0.012455232441425323,0.18560972809791565,0.04463149607181549,0.045108381658792496,0.1177990511059761,0.01578793302178383,0.13358698785305023,-0.011518729850649834,-0.010309075936675072,0.046093348413705826,-0.0036081764847040176,0.04248517006635666,-0.09542930126190186,-0.06907546520233154,0.16202345490455627,-0.02417641319334507,0.13784703612327576
6.04,0.0,0.075,0.0,-0.024306527465115874,0.0986036150212166,0.30011938720672965,0.12444011867046356,0.6866601780056953,0.13066212460398674,0.0,0.13066212460398674,0.8501384258270264,0.056096602231264114,0.8503977656364441,0.0027766157872974873,0.01320743653923273,-0.19852861762046814,0.0046226028352975845,-0.1939060091972351,-0.0421394519507885,-0.030864616855978966,-0.2548799216747284,-0.01080261543393135,-0.26568254828453064,0.08732287585735321,0.07480687648057938,-0.3171643018722534,0.026182405650615692,-0.29098188877105713,-0.06838072836399078,-0.05053988844156265,-0.36594444513320923,-0.01768895983695984,-0.38363340497016907,-0.11329403519630432,-0.058774128556251526,-0.3859974145889282,-0.020570944994688034,-0.40656834840774536,0.005699325352907181,0.008380712941288948,-0.3710651993751526,0.0029332495760172606,-0.36813193559646606,-0.09050219506025314,-0.04553446173667908,0.08853752911090851,-0.015937061980366707,0.07260046899318695,-0.08977379649877548,-0.05184260755777359,0.20883165299892426,-0.018144913017749786,0.19068673253059387,0.005290508735924959,0.03316301852464676,0.13948678970336914,0.011607056483626366,0.15109384059906006,-0.012334384955465794,-0.01091666892170906,0.05724256858229637,-0.003820833982899785,0.053421735763549805,-0.11583875119686127,-0.0831044539809227,0.15160223841667175,-0.029086558148264885,0.12251567840576172
6.0600000000000005,0.0,0.075,0.0,-0.016094448198950135,0.1103750926153248,0.3624492103112047,0.10913163423538208,0.6636974513530731,0.11458821594715117,0.0,0.11458821594715117,0.8405541181564331,0.06203392893075943,0.8437108397483826,-0.05821724608540535,-0.008219968527555466,-0.18795974552631378,-0.002876988844946027,-0.19083672761917114,-0.028741179034113884,-0.03022758476436138,-0.24007165431976318,-0.010579654946923256,-0.2506512999534607,0.05612753704190254,0.06920307129621506,-0.30273786187171936,0.02422107383608818,-0.2785167992115021,-0.030178751796483994,-0.044431544840335846,-0.3564019799232483,-0.015551040880382061,-0.37195301055908203,-0.1206042468547821,-0.07732316851615906,-0.3843168318271637,-0.02706310898065567,-0.41137993335723877,-0.006209144368767738,0.004003755748271942,-0.3777709901332855,0.0014013145118951797,-0.3763696849346161,-0.0683344379067421,-0.0523744560778141,0.07588900625705719,-0.01833106018602848,0.05755794793367386,-0.12695562839508057,-0.07437651604413986,0.2176453024148941,-0.02603178098797798,0.19161352515220642,0.017226219177246094,0.02838197909295559,0.16104169189929962,0.009933692403137684,0.17097538709640503,-0.028329376131296158,-0.01614048145711422,0.07021060585975647,-0.005649168509989977,0.06456143409013748,-0.11038366705179214,-0.09128821641206741,0.14315181970596313,-0.031950876116752625,0.11120094358921051
6.08,0.0,0.075,0.0,-0.008798933409649176,0.1205362596963429,0.4173629384265031,0.13408727943897247,0.7011309191584587,0.1407916434109211,0.0,0.1407916434109211,0.8304261565208435,0.06670960038900375,0.8347991108894348,0.03304889053106308,0.004160689655691385,-0.17897579073905945,0.0014562413562089205,-0.1775195449590683,-0.08524014055728912,-0.04673135280609131,-0.22588713467121124,-0.0163559727370739,-0.24224311113357544,0.06841613352298737,0.06896698474884033,-0.28777942061424255,0.024138445034623146,-0.26364096999168396,-0.01932567171752453,-0.036899782717227936,-0.3453376889228821,-0.012914923951029778,-0.358252614736557,-0.0858227014541626,-0.07987302541732788,-0.38059961795806885,-0.0279555581510067,-0.40855517983436584,-0.026791900396347046,-0.005234941840171814,-0.3825608789920807,-0.0018322296673431993,-0.3843930959701538,-0.10432661324739456,-0.06796010583639145,0.06152861565351486,-0.023786036297678947,0.037742577493190765,-0.10972567647695541,-0.08498126268386841,0.22441606223583221,-0.029743442311882973,0.1946726143360138,0.045953813940286636,0.03365352749824524,0.18224407732486725,0.011778734624385834,0.19402280449867249,-0.01971358433365822,-0.017212413251399994,0.08486530184745789,-0.0060243443585932255,0.0788409560918808,-0.09126807004213333,-0.09128217399120331,0.13675831258296967,-0.0319487601518631,0.10480955243110657
6.1000000000000005,0.0,0.075,0.0,-0.0017990213507546584,0.12962718809121898,0.47048031497456283,0.12283995747566223,0.6842599362134933,0.12898195534944534,0.0,0.12898195534944534,0.8199833035469055,0.07058125734329224,0.8285709619522095,-0.04745502397418022,-0.011324025690555573,-0.17174240946769714,-0.00396340899169445,-0.17570582032203674,-0.06079167500138283,-0.050949446856975555,-0.21258799731731415,-0.017832305282354355,-0.2304203063249588,0.04806897044181824,0.06269758194684982,-0.2725648283958435,0.021944154053926468,-0.25062066316604614,-0.03777226060628891,-0.03716152533888817,-0.3329557180404663,-0.013006533496081829,-0.345962256193161,-0.12058046460151672,-0.09208525717258453,-0.3749143183231354,-0.032229840755462646,-0.407144159078598,-0.02240414172410965,-0.01038570236414671,-0.38534650206565857,-0.0036349957808852196,-0.38898149132728577,-0.055837806314229965,-0.06432341784238815,0.045602697879076004,-0.022513195872306824,0.02308950200676918,-0.12040872126817703,-0.09560950100421906,0.22907495498657227,-0.03346332535147667,0.1956116259098053,0.0213303379714489,0.029956571757793427,0.20287790894508362,0.01048479974269867,0.2133627086877823,-0.018069202080368996,-0.01746944896876812,0.10105733573436737,-0.0061143068596720695,0.09494303166866302,-0.11296317726373672,-0.09778647124767303,0.13248687982559204,-0.03422526270151138,0.09826161712408066
6.12,0.0,0.075,0.0,0.0036827910495309066,0.1359329076837077,0.5127125681757564,0.13761112093925476,0.7064166814088821,0.14449167698621748,0.0,0.14449167698621748,0.8094971776008606,0.07292613387107849,0.8182132840156555,0.06518396735191345,0.011628372594714165,-0.16639305651187897,0.004069930408149958,-0.16232313215732574,-0.07770617306232452,-0.058976463973522186,-0.20041953027248383,-0.020641762763261795,-0.22106128931045532,0.084569051861763,0.06925902515649796,-0.25737470388412476,0.024240657687187195,-0.23313404619693756,-0.03816662356257439,-0.037463054060935974,-0.3194843530654907,-0.013112069107592106,-0.33259642124176025,-0.09600482881069183,-0.09326113015413284,-0.3673657774925232,-0.032641395926475525,-0.4000071883201599,-0.01583060994744301,-0.012019174173474312,-0.3860764801502228,-0.004206710960716009,-0.3902831971645355,-0.10093960911035538,-0.07530827820301056,0.02827354706823826,-0.026357896625995636,0.0019156504422426224,-0.10792186111211777,-0.0993032157421112,0.23157449066638947,-0.0347561240196228,0.19681836664676666,0.040136706084012985,0.033010613173246384,0.22273290157318115,0.01155371405184269,0.2342866212129593,0.019516771659255028,-0.006373581942170858,0.11862168461084366,-0.002230753656476736,0.11639092862606049,-0.07174694538116455,-0.08997461199760437,0.1303810328245163,-0.03149111196398735,0.09888991713523865
6.140000000000001,0.0,0.075,0.0,0.010723150293189324,0.14475741330335137,0.5641933555959503,0.11015260219573975,0.6652289032936096,0.11566023230552673,0.0,0.11566023230552673,0.7992790937423706,0.07216524332761765,0.8071394562721252,-0.09519645571708679,-0.020419076085090637,-0.163026362657547,-0.0071466765366494656,-0.1701730340719223,-0.07596907019615173,-0.06407424807548523,-0.18960615992546082,-0.02242598682641983,-0.21203213930130005,0.06003253534436226,0.06649107486009598,-0.24248920381069183,0.023271875455975533,-0.21921733021736145,-0.07484351843595505,-0.048677194863557816,-0.3051721155643463,-0.01703701727092266,-0.32220911979675293,-0.02154223807156086,-0.07174546271562576,-0.3580932319164276,-0.025110911577939987,-0.3832041323184967,0.02496444061398506,-0.0009240894578397274,-0.3847373425960541,-0.0003234313044231385,-0.38506078720092773,-0.0631084218621254,-0.07164832204580307,0.009717750363051891,-0.025076912716031075,-0.015359162352979183,-0.09579676389694214,-0.09825127571821213,0.23188920319080353,-0.034387946128845215,0.1975012570619583,0.04764554277062416,0.03740109130740166,0.2416067272424698,0.013090381398797035,0.25469711422920227,-0.045052334666252136,-0.017977207899093628,0.13737936317920685,-0.00629202276468277,0.13108733296394348,-0.1156829223036766,-0.09768710285425186,0.13046224415302277,-0.03419048711657524,0.09627175331115723
6.16,0.0,0.075,0.0,0.013242223588462798,0.14389149436062157,0.5668540859537871,0.13284824788570404,0.6992723718285561,0.13949066027998924,0.0,0.13949066027998924,0.7896743416786194,0.06633904576301575,0.7998672127723694,0.00275240046903491,-0.013467633165419102,-0.1617044359445572,-0.004713671747595072,-0.16641810536384583,-0.06417965143918991,-0.06410586833953857,-0.18034732341766357,-0.02243705280125141,-0.20278437435626984,0.04340888559818268,0.05956641584634781,-0.22818289697170258,0.020848244428634644,-0.20733465254306793,-0.0069521693512797356,-0.036159686744213104,-0.2902829349040985,-0.012655890546739101,-0.3029388189315796,-0.07930970191955566,-0.07401473820209503,-0.3472677171230316,-0.02590515837073326,-0.3731728792190552,-0.013117571361362934,-0.004582134075462818,-0.38135382533073425,-0.001603746903128922,-0.3829575777053833,-0.05881664529442787,-0.06779882311820984,-0.00987559650093317,-0.023729586973786354,-0.0336051844060421,-0.06876928359270096,-0.08940667659044266,0.23001588881015778,-0.03129233792424202,0.19872355461120605,0.04774356260895729,0.04050383344292641,0.25930705666542053,0.014176341705024242,0.27348339557647705,0.026769181713461876,-0.004553291015326977,0.15713922679424286,-0.0015936518320813775,0.15554557740688324,-0.051510054618120193,-0.08383399248123169,0.1327296793460846,-0.02934189699590206,0.10338778048753738
6.18,0.0,0.075,0.0,0.017773261751214724,0.14545983660641995,0.5751045819623665,0.07603802531957626,0.6140570379793644,0.07983992658555507,0.0,0.07983992658555507,0.781053364276886,0.06269007176160812,0.791361391544342,-0.1421397179365158,-0.05206925794482231,-0.16245165467262268,-0.018224239349365234,-0.18067589402198792,-0.037373337894678116,-0.05608610808849335,-0.1728138029575348,-0.01963013783097267,-0.19244393706321716,0.02114499732851982,0.048039987683296204,-0.21471962332725525,0.01681399531662464,-0.19790562987327576,-0.03237194940447807,-0.035023365169763565,-0.2750914394855499,-0.012258177623152733,-0.2873496115207672,-0.02488161250948906,-0.05927480012178421,-0.3350888788700104,-0.020746178925037384,-0.35583505034446716,0.01548730581998825,0.0014386980328708887,-0.37598830461502075,0.0005035442882217467,-0.37548476457595825,-0.03965703770518303,-0.059356287121772766,-0.030306827276945114,-0.02077469974756241,-0.05108152702450752,-0.07382213324308395,-0.0847313180565834,0.22597363591194153,-0.02965596131980419,0.1963176727294922,0.03844017907977104,0.03988473862409592,0.2756534814834595,0.013959658332169056,0.28961312770843506,-0.019112849608063698,-0.008921158500015736,0.17769992351531982,-0.00312240538187325,0.1745775192975998,-0.07930444180965424,-0.08247512578964233,0.13716024160385132,-0.028866292908787727,0.10829395055770874
6.2,0.0,0.075,0.0,0.02215757134035856,0.14597672087812213,0.5770182416241537,0.11760647594928741,0.6764097139239311,0.12348679974675178,0.0,0.12348679974675178,0.7737987041473389,0.06115153059363365,0.786642849445343,-0.07201280444860458,-0.058052320033311844,-0.16525423526763916,-0.02031831257045269,-0.185572549700737,-0.046633172780275345,-0.05325022712349892,-0.1671445071697235,-0.018637578934431076,-0.18578208982944489,0.02273271605372429,0.04044780507683754,-0.20234769582748413,0.014156731776893139,-0.18819096684455872,-0.00023361830972135067,-0.02458644099533558,-0.2598778307437897,-0.008605253882706165,-0.26848307251930237,-0.06764779984951019,-0.06178669631481171,-0.32178130745887756,-0.021625343710184097,-0.34340664744377136,0.010336536914110184,0.0041080499067902565,-0.3687397241592407,0.0014378174673765898,-0.36730191111564636,-0.077067069709301,-0.06466951966285706,-0.05136774107813835,-0.02263433113694191,-0.07400207221508026,-0.07929400354623795,-0.08310012519359589,0.21980364620685577,-0.02908504381775856,0.1907186061143875,0.06136021390557289,0.0463273823261261,0.29047948122024536,0.016214583069086075,0.30669406056404114,0.01887919194996357,-0.0005810530856251717,0.19885189831256866,-0.000203368574148044,0.19864852726459503,-0.0435340516269207,-0.0707928016781807,0.14370878040790558,-0.024777479469776154,0.11893130093812943
6.22,0.0,0.075,0.0,0.02478436629415839,0.1458432819870418,0.5721170449353682,0.10997015237808228,0.6649552285671234,0.11546865999698638,0.0,0.11546865999698638,0.7682889103889465,0.059122152626514435,0.7839335799217224,-0.07023611664772034,-0.06170745939016342,-0.17006050050258636,-0.021597610786557198,-0.1916581094264984,-0.04990360513329506,-0.05224623903632164,-0.16344404220581055,-0.01828618347644806,-0.1817302256822586,0.008176658302545547,0.030766461044549942,-0.1912953108549118,0.010768260806798935,-0.18052704632282257,-0.02037585899233818,-0.023323265835642815,-0.2449226826429367,-0.008163142949342728,-0.25308582186698914,-0.06349046528339386,-0.06229782849550247,-0.307590514421463,-0.021804239600896835,-0.32939475774765015,0.02426278218626976,0.01015446987003088,-0.35974183678627014,0.003554064314812422,-0.35618776082992554,-0.04227056726813316,-0.05794983357191086,-0.07284370809793472,-0.0202824417501688,-0.09312614798545837,-0.06090664118528366,-0.07644207775592804,0.21156875789165497,-0.026754727587103844,0.18481403589248657,0.06723303347826004,0.05259907618165016,0.3036339581012726,0.01840967684984207,0.32204362750053406,0.024533236399292946,0.006953234318643808,0.22037963569164276,0.0024336320348083973,0.22281326353549957,-0.05855690315365791,-0.06712202727794647,0.15230855345726013,-0.023492708802223206,0.12881584465503693
6.24,0.0,0.075,0.0,0.02715562356325796,0.1449446759374406,0.5619604071147171,0.08357261121273041,0.6253589168190956,0.08775124177336692,0.0,0.08775124177336692,0.7648787498474121,0.06047407537698746,0.7816625237464905,-0.10099731385707855,-0.07349441945552826,-0.1767817884683609,-0.0257230456918478,-0.20250482857227325,-0.05333312228322029,-0.052572302520275116,-0.16178062558174133,-0.01840030588209629,-0.18018093705177307,0.011304238811135292,0.024927793070673943,-0.1817663013935089,0.008724727667868137,-0.17304156720638275,-0.028509698808193207,-0.024879194796085358,-0.23050183057785034,-0.00870771799236536,-0.23920954763889313,-0.03159729391336441,-0.053087666630744934,-0.2927781641483307,-0.018580682575702667,-0.31135883927345276,0.021048951894044876,0.013422815129160881,-0.3491605222225189,0.004697985015809536,-0.3444625437259674,-0.06337742507457733,-0.05957811325788498,-0.09451588988304138,-0.020852338522672653,-0.11536823213100433,-0.08063214272260666,-0.07769909501075745,0.20135293900966644,-0.027194682508707047,0.1741582602262497,0.06590219587087631,0.056590013206005096,0.3149828016757965,0.019806504249572754,0.33478930592536926,0.005227591842412949,0.006435541436076164,0.2420637309551239,0.0022524395026266575,0.24431617558002472,-0.06993409991264343,-0.06796564906835556,0.16287192702293396,-0.023787977173924446,0.13908395171165466
6.26,0.0,0.075,0.0,0.02887887011674679,0.14398384557300992,0.5500097390278915,0.08706358820199966,0.6305953823029995,0.09141676761209964,0.0,0.09141676761209964,0.7638781666755676,0.05832657963037491,0.7839990258216858,-0.06342799216508865,-0.07047449052333832,-0.18529413640499115,-0.02466607093811035,-0.2099602073431015,-0.05696297064423561,-0.05388950556516647,-0.1621849536895752,-0.018861327320337296,-0.1810462772846222,-0.004413938149809837,0.01612527295947075,-0.17393642663955688,0.005643845535814762,-0.1682925820350647,-0.04389973729848862,-0.030585357919335365,-0.21688124537467957,-0.010704874992370605,-0.22758612036705017,-0.06304466724395752,-0.05607476830482483,-0.277617484331131,-0.01962616853415966,-0.2972436547279358,0.035092711448669434,0.019923783838748932,-0.33719098567962646,0.006973324343562126,-0.3302176594734192,-0.022403448820114136,-0.04842571169137955,-0.11616343259811401,-0.016948997974395752,-0.13311243057250977,-0.03841644525527954,-0.06591430306434631,0.18926025927066803,-0.02307000569999218,0.1661902517080307,0.058762941509485245,0.05724189430475235,0.32441043853759766,0.020034663379192352,0.3444451093673706,0.05485336482524872,0.020960889756679535,0.2636832296848297,0.007336311507970095,0.2710195481777191,-0.07134217023849487,-0.06897860765457153,0.1752912700176239,-0.024142513051629066,0.1511487513780594
6.28,0.0,0.075,0.0,0.03085214731643599,0.14284246137694223,0.5345225768132508,0.056686341762542725,0.5850295126438141,0.05952065885066986,0.0,0.05952065885066986,0.7655310034751892,0.05767117068171501,0.7876385450363159,-0.07357466965913773,-0.07140454649925232,-0.19544054567813873,-0.024991590529680252,-0.2204321324825287,-0.049556802958250046,-0.052589695900678635,-0.16464956104755402,-0.018406393006443977,-0.18305595219135284,-0.0011382997035980225,0.010946201160550117,-0.1679501086473465,0.003831170266494155,-0.1641189455986023,-0.0425877571105957,-0.03418607637286186,-0.20431214570999146,-0.011965126730501652,-0.21627727150917053,-0.03937406465411186,-0.05106455832719803,-0.26238808035850525,-0.01787259429693222,-0.28026068210601807,0.029481809586286545,0.022791191935539246,-0.3240540027618408,0.007976916618645191,-0.3160770833492279,-0.037482332438230515,-0.04514269530773163,-0.1375657320022583,-0.01579994335770607,-0.15336567163467407,-0.045980021357536316,-0.059934020042419434,0.17541395127773285,-0.020976906642317772,0.15443705022335052,0.06266051530838013,0.05886748433113098,0.3318207561969757,0.020603619515895844,0.35242438316345215,0.05085902661085129,0.02993033081293106,0.28501781821250916,0.010475615970790386,0.2954934239387512,-0.0719006136059761,-0.0698552131652832,0.18943999707698822,-0.02444932423532009,0.16499067842960358
6.3,0.0,0.075,0.0,0.0323593830376139,0.14093378110831964,0.5150385580883968,0.055763788521289825,0.5836456827819347,0.05855197794735431,0.0,0.05855197794735431,0.7699969410896301,0.05814000964164734,0.7945054769515991,-0.055922627449035645,-0.06675997376441956,-0.2070339024066925,-0.023365991190075874,-0.23039989173412323,-0.06487664580345154,-0.056275781244039536,-0.16912899911403656,-0.019696522504091263,-0.18882551789283752,-0.011616237461566925,0.004177468828856945,-0.16391772031784058,0.001462114043533802,-0.16245560348033905,-0.06261473894119263,-0.0427146777510643,-0.1930263489484787,-0.01495013665407896,-0.20797649025917053,-0.05293573811650276,-0.05162591114640236,-0.2473708540201187,-0.01806906796991825,-0.2654399275779724,0.050021130591630936,0.030960172414779663,-0.3099918067455292,0.010836060158908367,-0.29915574193000793,-0.023224610835313797,-0.03856727108359337,-0.1585046797990799,-0.013498544692993164,-0.17200322449207306,-0.027460414916276932,-0.05019193887710571,0.15995512902736664,-0.01756717823445797,0.14238795638084412,0.06762009114027023,0.06149326637387276,0.33713826537132263,0.02152264304459095,0.35866090655326843,0.059511952102184296,0.03880481794476509,0.305850088596344,0.013581685721874237,0.31943178176879883,-0.07761594653129578,-0.07218343019485474,0.20517393946647644,-0.025264199823141098,0.17990973591804504
6.32,0.0,0.075,0.0,0.03394360161330009,0.13819670519915497,0.49045596119145013,0.05231697857379913,0.5784754678606987,0.05493282750248909,0.0,0.05493282750248909,0.7773383259773254,0.057602401822805405,0.8037281632423401,-0.039530232548713684,-0.058591052889823914,-0.21986034512519836,-0.02050686813890934,-0.24036721885204315,-0.052761830389499664,-0.055221594870090485,-0.17554065585136414,-0.0193275585770607,-0.19486820697784424,-0.013415846973657608,-0.0011005261912941933,-0.16191366314888,-0.00038518416113220155,-0.16229884326457977,-0.06526171416044235,-0.049478787928819656,-0.18323199450969696,-0.017317576333880424,-0.20054957270622253,-0.06016399338841438,-0.054187335073947906,-0.23284277319908142,-0.018965566530823708,-0.2518083453178406,0.046637699007987976,0.0356634296476841,-0.29526379704475403,0.01248219981789589,-0.28278160095214844,-0.0071304673328995705,-0.029136229306459427,-0.17876692116260529,-0.010197680443525314,-0.1889646053314209,-0.020513424649834633,-0.041288383305072784,0.14304132759571075,-0.014450933784246445,0.128590390086174,0.07394185662269592,0.06522784382104874,0.3403087258338928,0.022829744964838028,0.36313846707344055,0.06434404850006104,0.04646658897399902,0.3259677290916443,0.016263306140899658,0.34223103523254395,-0.06677179038524628,-0.07055993378162384,0.22233277559280396,-0.024695975705981255,0.19763679802417755
6.34,0.0,0.075,0.0,0.0350571144822516,0.13517937650679748,0.46547328416405076,0.03351467102766037,0.5502720065414906,0.035190404579043384,0.0,0.035190404579043384,0.7875141501426697,0.05742973834276199,0.8140642642974854,-0.03910720720887184,-0.05274590104818344,-0.23368333280086517,-0.018461065366864204,-0.25214439630508423,-0.058168165385723114,-0.05610556900501251,-0.18376626074314117,-0.01963694952428341,-0.20340320467948914,-0.02787678688764572,-0.009133405052125454,-0.16197489202022552,-0.0031966916285455227,-0.1651715785264969,-0.0640457347035408,-0.05384887382388115,-0.17510974407196045,-0.018847106024622917,-0.19395685195922852,-0.06285963952541351,-0.05678902566432953,-0.21907177567481995,-0.019876157864928246,-0.23894792795181274,0.06069859489798546,0.04317397624254227,-0.2801416218280792,0.015110891312360764,-0.26503074169158936,-0.012533332221210003,-0.024155359715223312,-0.19814597070217133,-0.00845437590032816,-0.2066003531217575,-0.011873822659254074,-0.03246401622891426,0.12484489381313324,-0.011362405493855476,0.11348249018192291,0.06833034008741379,0.06615859270095825,0.3412998914718628,0.02315550670027733,0.3644554018974304,0.04237056523561478,0.04523778334259987,0.3451657295227051,0.01583322323858738,0.3609989583492279,-0.06776301562786102,-0.06972085684537888,0.24074162542819977,-0.024402299895882607,0.2163393199443817
6.36,0.0,0.075,0.0,0.03571744811825567,0.13108113146779285,0.43341333821655476,0.02342248521745205,0.5351337278261781,0.02459360947832465,0.0,0.02459360947832465,0.8003823161125183,0.05730792507529259,0.826565682888031,-0.038564857095479965,-0.04849158972501755,-0.2482479065656662,-0.016972055658698082,-0.26521995663642883,-0.04457596689462662,-0.0526466891169548,-0.1936541050672531,-0.01842634007334709,-0.2120804488658905,-0.028558164834976196,-0.01496083289384842,-0.1641002893447876,-0.005236291326582432,-0.16933658719062805,-0.07727690041065216,-0.06087728217244148,-0.16880939900875092,-0.021307049319148064,-0.19011645019054413,-0.07598499953746796,-0.06254781782627106,-0.20631186664104462,-0.02189173549413681,-0.22820359468460083,0.06260493397712708,0.04900326579809189,-0.2649041712284088,0.01715114340186119,-0.24775302410125732,0.006163390353322029,-0.01505973469465971,-0.21644432842731476,-0.005270907189697027,-0.22171524167060852,-0.009012710303068161,-0.02542862482368946,0.10555126518011093,-0.008900018408894539,0.09665124863386154,0.061224162578582764,0.06467826664447784,0.3401016294956207,0.022637393325567245,0.36273902654647827,0.04160840064287186,0.044148966670036316,0.3632484972476959,0.015452138148248196,0.3787006437778473,-0.059364888817071915,-0.06661406904459,0.26021289825439453,-0.02331492304801941,0.23689797520637512
6.38,0.0,0.075,0.0,0.036280177591340716,0.12590187423951624,0.3996945754936186,0.011929841712117195,0.5178947625681758,0.012526333797723055,0.0,0.012526333797723055,0.8157080411911011,0.058021653443574905,0.8425911068916321,-0.01257718913257122,-0.037717267870903015,-0.26328545808792114,-0.01320104394108057,-0.27648651599884033,-0.05759139358997345,-0.05413009971380234,-0.20502182841300964,-0.01894553378224373,-0.22396735846996307,-0.03008461371064186,-0.01949796825647354,-0.16825063526630402,-0.006824288982897997,-0.17507492005825043,-0.07889275997877121,-0.06628192961215973,-0.16444715857505798,-0.023198675364255905,-0.1876458376646042,-0.07332746684551239,-0.06578171253204346,-0.19479838013648987,-0.02302359975874424,-0.21782198548316956,0.07062169909477234,0.055488795042037964,-0.24983248114585876,0.019421078264713287,-0.23041141033172607,-0.008611905388534069,-0.013125386089086533,-0.23347553610801697,-0.004593885038048029,-0.23806941509246826,0.009990882128477097,-0.014802772551774979,0.08535704761743546,-0.005180970299988985,0.08017607778310776,0.07460439205169678,0.06765610724687576,0.3367261588573456,0.023679636418819427,0.3604058027267456,0.05084776133298874,0.04615860432386398,0.3800317347049713,0.016155511140823364,0.3961872458457947,-0.05139518529176712,-0.062048401683568954,0.28054818511009216,-0.02171694114804268,0.2588312327861786
6.4,0.0,0.075,0.0,0.03580583780330468,0.11941585245177709,0.3577371670204525,-0.0015022475272417068,0.49774662870913744,0.0,0.0,0.0,0.8331790566444397,0.0581657774746418,0.8586865663528442,-0.035206008702516556,-0.03696389123797417,-0.27851858735084534,-0.012937361374497414,-0.2914559543132782,-0.03419484570622444,-0.04814952239394188,-0.21765977144241333,-0.016852332279086113,-0.2345121055841446,-0.04164373129606247,-0.02614169754087925,-0.17434939742088318,-0.009149594232439995,-0.18349899351596832,-0.07793387770652771,-0.06977751851081848,-0.16210348904132843,-0.02442213147878647,-0.1865256130695343,-0.08161114156246185,-0.07053054124116898,-0.18474365770816803,-0.024685688316822052,-0.20942935347557068,0.06267711520195007,0.0576452910900116,-0.2352045178413391,0.02017585188150406,-0.21502867341041565,0.022736631333827972,-0.0023667803034186363,-0.24906602501869202,-0.0008283730712719262,-0.2498943954706192,0.0037650614976882935,-0.009232422336935997,0.06446804106235504,-0.0032313477713614702,0.06123669445514679,0.06331399828195572,0.06635347008705139,0.33120784163475037,0.023223714902997017,0.3544315695762634,0.03658518195152283,0.04328657686710358,0.3953443765640259,0.015150302089750767,0.41049468517303467,-0.05843202397227287,-0.06096348911523819,0.30154022574424744,-0.021337220445275307,0.2802030146121979
6.42,0.0,0.075,0.0,0.035633036135881015,0.11388699180392085,0.3222376797681055,-0.012857235968112946,0.4807141460478306,0.0,0.0,0.0,0.8524237275123596,0.05972442403435707,0.8775631189346313,0.003026565071195364,-0.024966754019260406,-0.29366642236709595,-0.008738364093005657,-0.3024047911167145,-0.0515524297952652,-0.049170393496751785,-0.23133482038974762,-0.01720963791012764,-0.24854445457458496,-0.03589516878128052,-0.029067739844322205,-0.18228407204151154,-0.010173709131777287,-0.19245778024196625,-0.09072055667638779,-0.07606042921543121,-0.16182158887386322,-0.026621149852871895,-0.18844273686408997,-0.08366794884204865,-0.07447176426649094,-0.17633315920829773,-0.026065116748213768,-0.20239827036857605,0.07919766008853912,0.06411100178956985,-0.22129011154174805,0.02243885025382042,-0.19885125756263733,0.008683694526553154,0.0009483624016866088,-0.2630569338798523,0.0003319268289487809,-0.26272499561309814,0.025321098044514656,0.0011336342431604862,0.04309710115194321,0.0003967719676438719,0.04349387437105179,0.07446926832199097,0.06878821551799774,0.32360297441482544,0.02407587505877018,0.3476788401603699,0.04446627199649811,0.043640486896038055,0.4090304374694824,0.015274169854819775,0.4243046045303345,-0.04490815848112106,-0.05614688992500305,0.32297515869140625,-0.01965141110122204,0.30332374572753906
6.44,0.0,0.075,0.0,0.03423421337105808,0.10704551828515313,0.27805358513185724,-0.030354583635926247,0.45446812454611063,0.0,0.0,0.0,0.8730297088623047,0.0584997795522213,0.8960069417953491,-0.027030883356928825,-0.025585994124412537,-0.30844953656196594,-0.008955097757279873,-0.3174046277999878,-0.016171766445040703,-0.039270807057619095,-0.24579478800296783,-0.013744782656431198,-0.25953957438468933,-0.04809620603919029,-0.03477628156542778,-0.1919083446264267,-0.012171698734164238,-0.20408004522323608,-0.06688837707042694,-0.07330881059169769,-0.1636066734790802,-0.025658084079623222,-0.18926475942134857,-0.09530705213546753,-0.08072234690189362,-0.16972199082374573,-0.028252821415662766,-0.1979748159646988,0.05859162285923958,0.0624551884829998,-0.20834586024284363,0.021859316155314445,-0.18648654222488403,0.03699909895658493,0.011763582937419415,-0.27530568838119507,0.004117254167795181,-0.2711884379386902,0.022315816953778267,0.0074882893823087215,0.02146201767027378,0.0026209012139588594,0.02408291958272457,0.06084137409925461,0.06640416383743286,0.3139890432357788,0.023241456598043442,0.33723050355911255,0.026758933439850807,0.038576021790504456,0.42095041275024414,0.013501607812941074,0.43445202708244324,-0.040496569126844406,-0.05145179480314255,0.3446345031261444,-0.018008127808570862,0.32662636041641235
6.46,0.0,0.075,0.0,0.03288957252259751,0.1000700755626099,0.23659259724978732,-0.041983988136053085,0.43702401779592037,0.0,0.0,0.0,0.8945624828338623,0.06045632064342499,0.9176580309867859,0.010703746229410172,-0.014699071645736694,-0.3225952684879303,-0.005144674796611071,-0.327739953994751,-0.044470202177762985,-0.04083062708377838,-0.2607729732990265,-0.014290719293057919,-0.275063693523407,-0.03628266975283623,-0.03522820025682449,-0.20304468274116516,-0.012329869903624058,-0.21537455916404724,-0.09253557026386261,-0.0790768414735794,-0.16742582619190216,-0.027676893398165703,-0.195102721452713,-0.08734157681465149,-0.08270812034606934,-0.16503210365772247,-0.028947841376066208,-0.19397994875907898,0.0818668007850647,0.06827867031097412,-0.19661051034927368,0.023897534236311913,-0.17271298170089722,0.005459032021462917,0.009872217662632465,-0.28568747639656067,0.003455276135355234,-0.2822321951389313,0.029172183945775032,0.013993458822369576,-0.0002167413040297106,0.0048977104015648365,0.004680969286710024,0.08176233619451523,0.07101161777973175,0.30246397852897644,0.024854065850377083,0.3273180425167084,0.03946789354085922,0.038843583315610886,0.4309828579425812,0.01359525416046381,0.4445781111717224,-0.033124230802059174,-0.045953527092933655,0.36629754304885864,-0.01608373410999775,0.35021379590034485
6.48,0.0,0.075,0.0,0.03046740991834976,0.09182411104650633,0.18947187978389568,-0.05277029424905777,0.42084455862641335,0.0,0.0,0.0,0.9165816903114319,0.059297848492860794,0.9365600347518921,-0.012778550386428833,-0.014122914522886276,-0.33584269881248474,-0.004943020176142454,-0.3407857120037079,-0.00546308234333992,-0.030220363289117813,-0.27599310874938965,-0.01057712733745575,-0.2865702509880066,-0.05374262109398842,-0.04078252613544464,-0.21548770368099213,-0.014273883774876595,-0.22976158559322357,-0.06285513937473297,-0.07421033084392548,-0.17320860922336578,-0.025973616167902946,-0.19918222725391388,-0.10001513361930847,-0.08790022134780884,-0.16234998404979706,-0.030765077099204063,-0.19311505556106567,0.05119286850094795,0.06315293163061142,-0.18630051612854004,0.022103525698184967,-0.16419699788093567,0.06259588152170181,0.025689318776130676,-0.2940964996814728,0.008991261012852192,-0.28510522842407227,0.026243804022669792,0.01766856200993061,-0.021718256175518036,0.006183996796607971,-0.015534259378910065,0.06854765862226486,0.07027243077754974,0.28914523124694824,0.02459535002708435,0.3137405812740326,0.01841183938086033,0.03271406143903732,0.43902552127838135,0.011449920944869518,0.45047545433044434,-0.031241174787282944,-0.04153982177376747,0.3877435624599457,-0.014538937248289585,0.37320461869239807
6.5,0.0,0.075,0.0,0.028044466076437218,0.08352690013517665,0.1465335285453125,-0.061389438807964325,0.4079158417880535,0.0,0.0,0.0,0.938654363155365,0.06141873449087143,0.9582809209823608,0.024974891915917397,-0.0023935725912451744,-0.3479475677013397,-0.0008377503836527467,-0.34878531098365784,-0.03404763340950012,-0.031368546187877655,-0.2911744713783264,-0.01097899116575718,-0.30215346813201904,-0.036865975707769394,-0.039607562124729156,-0.22900789976119995,-0.01386264618486166,-0.2428705394268036,-0.10056232661008835,-0.08211593329906464,-0.18084834516048431,-0.028740575537085533,-0.2095889151096344,-0.09080515801906586,-0.08877170085906982,-0.16172510385513306,-0.03107009455561638,-0.19279520213603973,0.08519791066646576,0.06976642459630966,-0.1776060163974762,0.024418247863650322,-0.15318776667118073,0.015680726617574692,0.02268674038350582,-0.300447016954422,0.00794035941362381,-0.2925066649913788,0.03706015646457672,0.02348604053258896,-0.042823418974876404,0.008220113813877106,-0.0346033051609993,0.08349015563726425,0.07423774898052216,0.27416855096817017,0.025983212515711784,0.3001517653465271,0.02623037062585354,0.030768953263759613,0.4449964165687561,0.01076913345605135,0.4557655453681946,-0.019523244351148605,-0.03493484854698181,0.4087539613246918,-0.012227197177708149,0.3965267539024353
6.5200000000000005,0.0,0.075,0.0,0.021432174354774264,0.06927473842161687,0.06637164742551398,-0.09007502347230911,0.36488746479153633,0.0,0.0,0.0,0.9603659510612488,0.05940387770533562,0.977587103843689,-0.008200757205486298,-0.004135727882385254,-0.35868653655052185,-0.0014475047355517745,-0.3601340353488922,2.3958971723914146e-05,-0.021950794383883476,-0.3060370981693268,-0.007682777941226959,-0.31371986865997314,-0.05314970389008522,-0.043670203536748886,-0.24335592985153198,-0.01528457086533308,-0.25864049792289734,-0.04575451835989952,-0.07120750844478607,-0.19020414352416992,-0.024922627955675125,-0.21512676775455475,-0.09950074553489685,-0.0919904112815857,-0.1631689816713333,-0.03219664469361305,-0.19536562263965607,0.05007398501038551,0.06385868787765503,-0.17068739235401154,0.02235054038465023,-0.14833685755729675,0.057637374848127365,0.03317192941904068,-0.3046743869781494,0.011610175482928753,-0.2930642068386078,0.03121946193277836,0.025806065648794174,-0.06331715732812881,0.009032122790813446,-0.05428503453731537,0.07244672626256943,0.0737004429101944,0.2576865553855896,0.02579515427350998,0.2834817171096802,0.01576211489737034,0.026266902685165405,0.44883474707603455,0.009193415753543377,0.4580281674861908,-0.018594183027744293,-0.030032649636268616,0.4291146695613861,-0.0105114271864295,0.41860324144363403
6.54,0.0,0.075,0.0,0.016129492882407566,0.05882547341087593,0.0017606291670514789,-0.08692041039466858,0.36961938440799713,0.0,0.0,0.0,0.9813278913497925,0.06147318333387375,0.9973095655441284,0.038956787437200546,0.008792026899755001,-0.3678615987300873,0.003077209461480379,-0.3647843897342682,-0.016440369188785553,-0.020297667011618614,-0.32030683755874634,-0.007104183547198772,-0.327411025762558,-0.03374819830060005,-0.040693603456020355,-0.2582671344280243,-0.014242760837078094,-0.272509902715683,-0.09462745487689972,-0.0782334953546524,-0.20110344886779785,-0.02738172374665737,-0.22848516702651978,-0.0978480875492096,-0.09374772012233734,-0.16665500402450562,-0.03281170129776001,-0.19946670532226562,0.07749561965465546,0.06794977188110352,-0.16567222774028778,0.02378241904079914,-0.1418898105621338,0.03755345568060875,0.03448638692498207,-0.30673548579216003,0.01207023486495018,-0.29466524720191956,0.04773510992527008,0.032384779304265976,-0.0829906240105629,0.011334672570228577,-0.07165595144033432,0.07907209545373917,0.07531193643808365,0.2398672103881836,0.026359178125858307,0.2662263810634613,0.026423616334795952,0.026313915848731995,0.45050138235092163,0.009209870360791683,0.4597112536430359,-0.009829665534198284,-0.02397175505757332,0.44861820340156555,-0.008390113711357117,0.44022810459136963
6.5600000000000005,0.0,0.075,0.0,0.00918896641883092,0.04674216212581301,-0.06980198825707884,-0.12286879122257233,0.3156968131661415,0.0,0.0,0.0,1.0011837482452393,0.0599292628467083,1.015799880027771,0.0066072638146579266,0.008136598393321037,-0.3753035068511963,0.0028478093445301056,-0.3724556863307953,-0.004315911792218685,-0.015503140166401863,-0.33372050523757935,-0.005426099058240652,-0.33914661407470703,-0.049346137791872025,-0.043289363384246826,-0.2734665274620056,-0.01515127718448639,-0.2886177897453308,-0.04665535315871239,-0.06876005232334137,-0.2133452445268631,-0.02406601794064045,-0.2374112606048584,-0.0940716564655304,-0.09384489804506302,-0.17211885750293732,-0.03284571319818497,-0.20496457815170288,0.061136435717344284,0.06590577214956284,-0.16265302896499634,0.023067019879817963,-0.13958600163459778,0.04762371629476547,0.03842758387327194,-0.3066093325614929,0.01344965398311615,-0.2931596636772156,0.02928823046386242,0.031455814838409424,-0.10164334625005722,0.011009534820914268,-0.0906338095664978,0.0823197066783905,0.07741426676511765,0.22089208662509918,0.027094993740320206,0.2479870766401291,0.009317511692643166,0.02121499367058277,0.44997933506965637,0.0074252476915717125,0.45740458369255066,-0.0064633674919605255,-0.01871923729777336,0.4670657813549042,-0.006551732774823904,0.46051403880119324
6.58,0.0,0.075,0.0,0.003233931182321867,0.036970272466458294,-0.11869853825268262,-0.11398792266845703,0.32901811599731445,0.0,0.0,0.0,1.0196125507354736,0.05996563285589218,1.0342928171157837,0.030289823189377785,0.014782565645873547,-0.38087502121925354,0.005173897836357355,-0.3757011294364929,-0.006799953058362007,-0.012892183847725391,-0.34603071212768555,-0.004512264393270016,-0.35054296255111694,-0.034117210656404495,-0.040537718683481216,-0.2886737585067749,-0.014188201166689396,-0.3028619587421417,-0.0786450132727623,-0.07172553986310959,-0.2267037332057953,-0.025103937834501266,-0.25180765986442566,-0.09349095821380615,-0.09373871237039566,-0.17945978045463562,-0.03280854970216751,-0.21226832270622253,0.0759170651435852,0.0689091607928276,-0.16168548166751862,0.024118205532431602,-0.13756728172302246,0.016167473047971725,0.03174955025315285,-0.30429720878601074,0.011112342588603497,-0.29318487644195557,0.036017149686813354,0.03282421454787254,-0.11908523738384247,0.011488474905490875,-0.10759676247835159,0.08025919646024704,0.07826774567365646,0.20095454156398773,0.027393709868192673,0.2283482551574707,0.011397860944271088,0.01826985366642475,0.44727393984794617,0.0063944486901164055,0.45366838574409485,0.010178950615227222,-0.010049779899418354,0.4842694401741028,-0.0035174228250980377,0.48075202107429504
6.6000000000000005,0.0,0.075,0.0,-0.0031512556079249187,0.029136461346498443,-0.16731175267366746,-0.13372698426246643,0.29940952360630035,0.0,0.0,0.0,1.036331295967102,0.06001611426472664,1.0478585958480835,0.026539674028754234,0.01830969750881195,-0.38447335362434387,0.00640839384868741,-0.37806496024131775,0.0156573373824358,-0.004327327478677034,-0.3570104241371155,-0.001514564617536962,-0.35852497816085815,-0.033626340329647064,-0.03846430405974388,-0.30360835790634155,-0.013462506234645844,-0.317070871591568,-0.05828699469566345,-0.06769397854804993,-0.24093253910541534,-0.023692892864346504,-0.2646254301071167,-0.09888267517089844,-0.09528189897537231,-0.18854238092899323,-0.03334866464138031,-0.22189104557037354,0.04502369835972786,0.06174352020025253,-0.16278743743896484,0.021610232070088387,-0.1411772072315216,0.08705779910087585,0.0483420267701149,-0.2998226583003998,0.016919709742069244,-0.28290295600891113,0.040725864470005035,0.03519470989704132,-0.13513855636119843,0.012318148277699947,-0.1228204071521759,0.07961835712194443,0.07867293059825897,0.18025776743888855,0.02753552608191967,0.20779329538345337,0.013206932693719864,0.01675097644329071,0.44241270422935486,0.005862841848284006,0.44827553629875183,-0.0003666728734970093,-0.007144847419112921,0.500053882598877,-0.002500696573406458,0.4975531995296478
6.62,0.0,0.075,0.0,-0.01131726288712403,0.02161547845815281,-0.2189093040488137,-0.14165045320987701,0.2875243201851845,0.0,0.0,0.0,1.0510956048965454,0.05921078845858574,1.05960214138031,0.03682243451476097,0.023863518610596657,-0.3860321640968323,0.008352231234312057,-0.3776799440383911,0.013205432333052158,0.0009325004648417234,-0.36645710468292236,0.0003263751568738371,-0.3661307394504547,-0.047350529581308365,-0.04113017022609711,-0.3179948627948761,-0.014395559206604958,-0.3323904275894165,-0.030865881592035294,-0.05664554983377457,-0.2557692527770996,-0.019825942814350128,-0.27559518814086914,-0.09578189253807068,-0.09543189406394958,-0.1991991251707077,-0.033401161432266235,-0.23260028660297394,0.04392534866929054,0.056398071348667145,-0.16593855619430542,0.01973932422697544,-0.14619922637939453,0.07598410546779633,0.05663464963436127,-0.2932312786579132,0.019822126254439354,-0.2734091579914093,0.03587277978658676,0.03539813309907913,-0.14963971078395844,0.012389346025884151,-0.1372503638267517,0.08077795803546906,0.07930444180965424,0.15901267528533936,0.027756555005908012,0.18676923215389252,-0.006397775374352932,0.00980635080486536,0.43544524908065796,0.00343222264200449,0.4388774633407593,0.0037060165777802467,-0.0038895881734788418,0.5142582058906555,-0.001361355884000659,0.5128968358039856
6.640000000000001,0.0,0.075,0.0,-0.02382225038562427,0.014668984175274007,-0.2659789743252643,-0.14968301355838776,0.27547547966241837,0.0,0.0,0.0,1.0637000799179077,0.059214670211076736,1.0713609457015991,0.048154111951589584,0.03115069679915905,-0.38552266359329224,0.01090274378657341,-0.3746199309825897,0.010127199813723564,0.00369091029278934,-0.37419652938842773,0.0012918185675516725,-0.3729047179222107,-0.02564910799264908,-0.03648585081100464,-0.3315679728984833,-0.012770047411322594,-0.3443380296230316,-0.059218306094408035,-0.0574173778295517,-0.2709401845932007,-0.020096082240343094,-0.2910362780094147,-0.096595898270607,-0.09578109532594681,-0.2112334817647934,-0.03352338448166847,-0.24475686252117157,0.0575433187186718,0.05674164742231369,-0.17108072340488434,0.01985957659780979,-0.1512211412191391,0.05288129672408104,0.05550864338874817,-0.2845902740955353,0.01942802406847477,-0.26516225934028625,0.03696272522211075,0.035867512226104736,-0.1624409407377243,0.012553629465401173,-0.1498873084783554,0.0768386647105217,0.07856471091508865,0.13743574917316437,0.02749764919281006,0.16493339836597443,0.006207982078194618,0.008726839907467365,0.42644253373146057,0.003054393921047449,0.4294969141483307,0.013333738781511784,0.0012774099595844746,0.5267376899719238,0.0004470934800338,0.527184784412384
6.66,0.0,0.075,0.0,-0.02638044055054618,0.012850936555817915,-0.2745672975713089,-0.1612037569284439,0.25819436460733414,0.0,0.0,0.0,1.0739778280258179,0.05763399228453636,1.079761028289795,0.031944382935762405,0.03138880431652069,-0.38295429944992065,0.010986081324517727,-0.37196820974349976,0.01695084385573864,0.007668890058994293,-0.3800859749317169,0.002684111474081874,-0.37740185856819153,-0.018579155206680298,-0.031113840639591217,-0.34407728910446167,-0.010889844037592411,-0.3549671471118927,-0.05976134166121483,-0.058120567351579666,-0.2861655652523041,-0.020342199131846428,-0.30650776624679565,-0.0827915221452713,-0.09188422560691833,-0.22442349791526794,-0.0321594774723053,-0.25658297538757324,0.045210860669612885,0.05328240990638733,-0.17811910808086395,0.018648842349648476,-0.15947026014328003,0.0592728890478611,0.05663791298866272,-0.27398765087127686,0.019823269918560982,-0.25416436791419983,0.03286515921354294,0.034966807812452316,-0.1734117716550827,0.01223838236182928,-0.16117338836193085,0.07474952191114426,0.07742016017436981,0.1157468780875206,0.027097055688500404,0.14284393191337585,-0.005794396623969078,0.00437046866863966,0.4154963195323944,0.001529664034023881,0.41702598333358765,-0.0009941449388861656,0.0005959434784017503,0.5373651385307312,0.00020858021161984652,0.5375736951828003
6.68,0.0,0.075,0.0,-0.032548822508412595,0.01103753450430014,-0.28812909914764945,-0.16175007820129395,0.2573748826980591,0.0,0.0,0.0,1.0817984342575073,0.05588443949818611,1.0860004425048828,0.05180587247014046,0.03751392662525177,-0.3783744275569916,0.013129874132573605,-0.3652445673942566,0.016470691189169884,0.010309429839253426,-0.38401681184768677,0.0036083003506064415,-0.38040852546691895,-0.011617178097367287,-0.025264842435717583,-0.3552921414375305,-0.008842694573104382,-0.36413484811782837,-0.05002651736140251,-0.05569235235452652,-0.30116456747055054,-0.019492322579026222,-0.3206568956375122,-0.08410745859146118,-0.08955119550228119,-0.2385258674621582,-0.03134291619062424,-0.26986879110336304,0.04417893663048744,0.050551366060972214,-0.18692389130592346,0.01769297756254673,-0.16923090815544128,0.045865435153245926,0.05340617150068283,-0.2615315020084381,0.01869216002523899,-0.24283933639526367,0.03805173188447952,0.03589228540658951,-0.18244042992591858,0.012562300078570843,-0.16987812519073486,0.06678922474384308,0.07423087954521179,0.0941670835018158,0.025980807840824127,0.12014789134263992,1.3690441846847534e-06,0.0030597387813031673,0.40271812677383423,0.0010709085036069155,0.40378904342651367,0.0067791445180773735,0.0024509038776159286,0.5460323095321655,0.0008578163688071072,0.546890139579773
6.7,0.0,0.075,0.0,-0.037284175780625595,0.010530922227482671,-0.29036013472620326,-0.16351540386676788,0.2547268941998482,0.0,0.0,0.0,1.087066888809204,0.054645031690597534,1.0917809009552002,0.06248385086655617,0.04500490427017212,-0.37186747789382935,0.015751715749502182,-0.35611575841903687,-0.0015827661845833063,0.006741771008819342,-0.385916531085968,0.002359619829803705,-0.38355690240859985,-0.00026759132742881775,-0.017765667289495468,-0.36500564217567444,-0.006217983551323414,-0.3712236285209656,-0.06467363983392715,-0.05838673561811447,-0.3156605660915375,-0.020435357466340065,-0.336095929145813,-0.07639864832162857,-0.0856054276227951,-0.25328052043914795,-0.029961898922920227,-0.283242404460907,0.06046291068196297,0.05352482944726944,-0.19733268022537231,0.018733689561486244,-0.17859898507595062,0.017588552087545395,0.04266088455915451,-0.24734872579574585,0.014931309036910534,-0.23241741955280304,0.03996657580137253,0.03711457550525665,-0.18943488597869873,0.012990101240575314,-0.17644478380680084,0.06480181217193604,0.0714021623134613,0.07291626185178757,0.024990756064653397,0.09790702164173126,0.01897404156625271,0.00783403031527996,0.38823816180229187,0.0027419105172157288,0.390980064868927,0.012646888382732868,0.0055096992291510105,0.5526508688926697,0.0019283946603536606,0.5545792579650879
6.72,0.0,0.075,0.0,-0.04187409444979978,0.011308929358497604,-0.2833546886905201,-0.17795492708683014,0.2330676093697548,0.0,0.0,0.0,1.089721918106079,0.05406440794467926,1.0931788682937622,0.06011972203850746,0.04953934997320175,-0.363553524017334,0.017338771373033524,-0.34621474146842957,0.006454820744693279,0.006655686069279909,-0.3857501149177551,0.0023294901475310326,-0.3834206163883209,0.002515469677746296,-0.011681325733661652,-0.3730386793613434,-0.004088463727384806,-0.37712714076042175,-0.053316690027713776,-0.05686572194099426,-0.3293861746788025,-0.019903002306818962,-0.3492891788482666,-0.07924576103687286,-0.08369752764701843,-0.26841533184051514,-0.02929413504898548,-0.29770946502685547,0.047278571873903275,0.05165095254778862,-0.20915350317955017,0.018077833577990532,-0.1910756677389145,0.04041699692606926,0.041987717151641846,-0.2315838783979416,0.014695701189339161,-0.2168881744146347,0.042596302926540375,0.03875909373164177,-0.19432388246059418,0.01356568280607462,-0.18075819313526154,0.06751231849193573,0.07023520767688751,0.052210982888936996,0.02458232268691063,0.07679330557584763,0.015942813828587532,0.010266665369272232,0.3722040355205536,0.0035933328326791525,0.3757973611354828,0.00029672589153051376,0.003945806995034218,0.5571532845497131,0.0013810324016958475,0.5585343241691589
6.74,0.0,0.075,0.0,-0.04456901686569383,0.01241785999060921,-0.2739928918504069,-0.1638312190771103,0.25425317138433456,0.0,0.0,0.0,1.0897328853607178,0.05266093835234642,1.0922207832336426,0.06572384387254715,0.05439469590783119,-0.3535858690738678,0.019038142636418343,-0.3345477283000946,0.008385402150452137,0.007174600847065449,-0.38352060317993164,0.002511110156774521,-0.3810094892978668,0.006071129813790321,-0.006355588324368,-0.3792431056499481,-0.0022244558203965425,-0.3814675509929657,-0.050126899033784866,-0.054844073951244354,-0.3420882821083069,-0.019195426255464554,-0.36128371953964233,-0.07812631130218506,-0.0820261687040329,-0.2836511433124542,-0.028709158301353455,-0.3123602867126465,0.04149326682090759,0.04860364645719528,-0.22216834127902985,0.01701127551496029,-0.205157071352005,0.023966317996382713,0.03658129647374153,-0.214397594332695,0.012803453952074051,-0.20159414410591125,0.03518813103437424,0.03768780454993248,-0.1970575749874115,0.013190731406211853,-0.18386684358119965,0.06329936534166336,0.06815445423126221,0.03226223960518837,0.023854058235883713,0.05611629784107208,0.0037628747522830963,0.008315527811646461,0.35477912425994873,0.0029104347340762615,0.3576895594596863,0.004245909862220287,0.004035837948322296,0.5594937801361084,0.001412543235346675,0.5609063506126404
6.76,0.0,0.075,0.0,-0.047272925601102266,0.013658178115581648,-0.2608223779773482,-0.16810379922389984,0.24784430116415024,0.0,0.0,0.0,1.0870983600616455,0.05207983776926994,1.0884984731674194,0.06452903896570206,0.05743499845266342,-0.3421483635902405,0.020102249458432198,-0.32204610109329224,0.006659431383013725,0.007020049728453159,-0.3792691230773926,0.0024570173118263483,-0.3768121004104614,0.019010547548532486,0.0012542526237666607,-0.3835044503211975,0.00043898841249756515,-0.38306546211242676,-0.05683455243706703,-0.05544121935963631,-0.3535325825214386,-0.019404426217079163,-0.37293702363967896,-0.07636204361915588,-0.08032692968845367,-0.29870694875717163,-0.028114425018429756,-0.32682138681411743,0.04446907714009285,0.0473632737994194,-0.23613713681697845,0.01657714508473873,-0.21955999732017517,0.03058396652340889,0.03478209674358368,-0.1959650218486786,0.012173733673989773,-0.18379129469394684,0.03257349878549576,0.03615351393818855,-0.1976081281900406,0.012653729878365993,-0.18495440483093262,0.06318362057209015,0.06666320562362671,0.013273315504193306,0.02333212085068226,0.036605436354875565,0.005241194739937782,0.007393227890133858,0.3361409604549408,0.0025876297149807215,0.33872857689857483,-0.0007691681385040283,0.002594335936009884,0.5596484541893005,0.0009080175659619272,0.5605564713478088
6.78,0.0,0.075,0.0,-0.049367748866304295,0.015477807762281698,-0.24546789291310192,-0.1531854271888733,0.27022185921669006,0.0,0.0,0.0,1.0818428993225098,0.050732601433992386,1.082419514656067,0.06917455047369003,0.060956865549087524,-0.32945194840431213,0.021334903314709663,-0.3081170320510864,0.005805268883705139,0.006655615288764238,-0.37307411432266235,0.0023294652346521616,-0.37074464559555054,0.022761264815926552,0.007706356700509787,-0.3857441246509552,0.0026972247287631035,-0.3830468952655792,-0.05820062756538391,-0.05626904219388962,-0.363508015871048,-0.019694164395332336,-0.3832021951675415,-0.07099159061908722,-0.07752633094787598,-0.3133050501346588,-0.027134215459227562,-0.3404392600059509,0.041055623441934586,0.04547097906470299,-0.25080227851867676,0.01591484248638153,-0.23488743603229523,0.013073352165520191,0.02826947346329689,-0.17647399008274078,0.009894315153360367,-0.16657967865467072,0.02420305646955967,0.03256837651133537,-0.19596993923187256,0.011398931965231895,-0.1845710128545761,0.05725754052400589,0.06384150683879852,-0.004562279675155878,0.022344527766108513,0.017782248556613922,-0.008102284744381905,0.0027445738669484854,0.31647950410842896,0.0009606008534319699,0.31744009256362915,0.0005130069330334663,0.0019699372351169586,0.5576157569885254,0.0006894780090078712,0.5583052635192871
6.8,0.0,0.075,0.0,-0.05070324024596088,0.01856211236566035,-0.22562843742259542,-0.14913907647132874,0.2762913852930069,0.0,0.0,0.0,1.074015736579895,0.05082302540540695,1.0741121768951416,0.06861564517021179,0.06325450539588928,-0.3157307803630829,0.02213907614350319,-0.29359170794487,0.0012461475562304258,0.005032774992287159,-0.365049809217453,0.00176147127058357,-0.36328834295272827,0.04440665245056152,0.018716447055339813,-0.38592082262039185,0.00655075628310442,-0.3793700635433197,-0.07928185164928436,-0.06317288428544998,-0.3718305826187134,-0.022110508754849434,-0.39394110441207886,-0.06402817368507385,-0.0734768807888031,-0.3271762430667877,-0.025716908276081085,-0.3528931438922882,0.05001061037182808,0.046832866966724396,-0.26589325070381165,0.01639150269329548,-0.24950174987316132,0.006018210202455521,0.02159409411251545,-0.1561231166124344,0.007557932753115892,-0.14856518805027008,0.02449699304997921,0.03014696203172207,-0.19215966761112213,0.010551436804234982,-0.18160822987556458,0.05510734021663666,0.06122125685214996,-0.02106279321014881,0.021427439525723457,0.000364646315574646,-0.004001602530479431,0.000720720854587853,0.2959951162338257,0.00025225229910574853,0.29624736309051514,0.00022932607680559158,0.0014477538643404841,0.55341637134552,0.0005067138699814677,0.5539230704307556
6.82,0.0,0.075,0.0,-0.051937473208465514,0.022301028715570676,-0.20023400256990223,-0.14677794277668,0.27983308583498,0.0,0.0,0.0,1.063688039779663,0.05044517666101456,1.0624240636825562,0.07191086560487747,0.06585141271352768,-0.30123797059059143,0.023047994822263718,-0.2781899869441986,0.008945945650339127,0.0062067266553640366,-0.3553442060947418,0.0021723543759435415,-0.35317185521125793,0.052602943032979965,0.02888239547610283,-0.3840312957763672,0.010108837857842445,-0.3739224672317505,-0.0678221583366394,-0.0645676702260971,-0.3783468008041382,-0.022598683834075928,-0.4009454846382141,-0.06576425582170486,-0.07116309553384781,-0.34006467461586,-0.024907082319259644,-0.36497175693511963,0.03081471472978592,0.04202742129564285,-0.2811317443847656,0.014709597453474998,-0.2664221525192261,0.021089892834424973,0.02144283428788185,-0.13511981070041656,0.0075049917213618755,-0.127614825963974,0.02165171690285206,0.027598388493061066,-0.18621616065502167,0.009659435600042343,-0.17655672132968903,0.049529921263456345,0.05771385505795479,-0.03606007620692253,0.0201998483389616,-0.01586022786796093,0.004904238507151604,0.0019757761619985104,0.2748965620994568,0.0006915216217748821,0.27558809518814087,-0.013002081774175167,-0.0028871968388557434,0.5470930933952332,-0.0010105188703164458,0.5460825562477112
6.84,0.0,0.075,0.0,-0.053104289092215144,0.026296853929376893,-0.1729095822329937,-0.14096909761428833,0.2885463535785675,0.0,0.0,0.0,1.0509511232376099,0.04760563001036644,1.047749400138855,0.06571845710277557,0.06581152975559235,-0.2862407863140106,0.02303403429687023,-0.26320675015449524,-0.003919841721653938,0.003168756142258644,-0.3441363275051117,0.0011090646730735898,-0.343027263879776,0.045560307800769806,0.03388576954603195,-0.38011038303375244,0.011860019527375698,-0.36825037002563477,-0.0454249307513237,-0.058824848383665085,-0.3829364776611328,-0.020588696002960205,-0.403525173664093,-0.050172384828329086,-0.06486587971448898,-0.35173264145851135,-0.022703057155013084,-0.374435693025589,0.024818580597639084,0.03686476871371269,-0.29623672366142273,0.012902668677270412,-0.28333404660224915,0.00854036957025528,0.01757209375500679,-0.11367807537317276,0.006150232627987862,-0.10752784460783005,0.00808837078511715,0.021745381876826286,-0.17820000648498535,0.007610883563756943,-0.1705891191959381,0.05046014115214348,0.055537737905979156,-0.04940129816532135,0.019438207149505615,-0.029963091015815735,-0.004388594999909401,6.646465044468641e-05,0.2533988058567047,2.3262628019438125e-05,0.2534220814704895,-0.029456201940774918,-0.010857898741960526,0.538710355758667,-0.003800264559686184,0.5349100828170776
6.86,0.0,0.075,0.0,-0.05340559737789822,0.030727587835372994,-0.14371840634108204,-0.12308307737112045,0.3153753839433193,0.0,0.0,0.0,1.0359145402908325,0.046141814440488815,1.0325056314468384,0.05695030465722084,0.06315316259860992,-0.27101582288742065,0.022103605791926384,-0.24891221523284912,-0.022295592352747917,-0.004470548592507839,-0.3316328525543213,-0.0015646920073777437,-0.33319753408432007,0.05214853957295418,0.03936460241675377,-0.37423041462898254,0.013777610845863819,-0.360452800989151,-0.05850500985980034,-0.0587288960814476,-0.3855149745941162,-0.02055511251091957,-0.4060700833797455,-0.04435364529490471,-0.05871220678091049,-0.3619649112224579,-0.020549271255731583,-0.38251417875289917,0.042424462735652924,0.03853267803788185,-0.3109295666217804,0.013486437499523163,-0.29744312167167664,-0.020883239805698395,0.006035493221133947,-0.09201642870903015,0.002112422604113817,-0.08990400284528732,0.002898218110203743,0.016091233119368553,-0.16819284856319427,0.005631931591778994,-0.16256090998649597,0.05088876187801361,0.054143041372299194,-0.06095051020383835,0.01895006373524666,-0.04200044646859169,-0.006234019063413143,-0.0018236804753541946,0.2317209243774414,-0.0006382881547324359,0.23108263313770294,-0.02310006693005562,-0.014530548825860023,0.5283536314964294,-0.005085691809654236,0.523267924785614
6.88,0.0,0.075,0.0,-0.05266016604462198,0.03590749941567577,-0.10771034151507693,-0.11646837741136551,0.32529743388295174,0.0,0.0,0.0,1.0187056064605713,0.046267472207546234,1.0135164260864258,0.0642615556716919,0.06348568201065063,-0.2558439373970032,0.022219987586140633,-0.2336239516735077,-0.006723274476826191,-0.00514636654406786,-0.31806445121765137,-0.0018012282671406865,-0.3198656737804413,0.06840202212333679,0.048075828701257706,-0.3664998412132263,0.016826540231704712,-0.3496733009815216,-0.05567048490047455,-0.057811371982097626,-0.3860347270965576,-0.02023397944867611,-0.4062687158584595,-0.04581113159656525,-0.05484188348054886,-0.3705728054046631,-0.01919465884566307,-0.38976746797561646,0.027673721313476562,0.035274989902973175,-0.3249393105506897,0.012346246279776096,-0.3125930726528168,0.00931154191493988,0.007018308155238628,-0.0703556165099144,0.0024564077612012625,-0.06789921224117279,0.0013772007077932358,0.011677023023366928,-0.15629670023918152,0.0040869577787816525,-0.15220974385738373,0.051900822669267654,0.05347037315368652,-0.07059001177549362,0.018714630976319313,-0.05187538266181946,0.007015464827418327,0.0008280632318928838,0.21008385717868805,0.00028982211370021105,0.2103736847639084,-0.0381479486823082,-0.02161576971411705,0.516128420829773,-0.00756551930680871,0.5085629224777222
6.9,0.0,0.075,0.0,-0.05151580065335018,0.04075229667748301,-0.07268226944715354,-0.09013869613409042,0.36479195579886436,0.0,0.0,0.0,0.9994679689407349,0.04460454732179642,0.995305597782135,0.05821282044053078,0.06190381944179535,-0.24100488424301147,0.021666336804628372,-0.2193385511636734,0.0030793852638453245,-0.0026786408852785826,-0.303681343793869,-0.0009375243098475039,-0.30461886525154114,0.06090456619858742,0.0519244521856308,-0.3570612370967865,0.01817355863749981,-0.33888769149780273,-0.034362465143203735,-0.05077669769525528,-0.3844861686229706,-0.017771843820810318,-0.4022580087184906,-0.06895536184310913,-0.05907592922449112,-0.3773975372314453,-0.02067657560110092,-0.39807412028312683,0.006499793380498886,0.02664243057370186,-0.33800753951072693,0.009324850514531136,-0.32868269085884094,-0.017080672085285187,-0.00021138647571206093,-0.04891636595129967,-7.398526213364676e-05,-0.04899035021662712,-0.012091346085071564,0.004546511918306351,-0.14263278245925903,0.0015912791714072227,-0.14104150235652924,0.0421057790517807,0.05006099492311478,-0.07822158187627792,0.017521347850561142,-0.06070023402571678,-0.007045235484838486,-0.0015339264646172523,0.18870806694030762,-0.0005368742276914418,0.18817119300365448,-0.016122829169034958,-0.019967887550592422,0.5021592974662781,-0.00698876054957509,0.495170533657074
6.92,0.0,0.075,0.0,-0.0497115897440124,0.04695286699726284,-0.032508422623840794,-0.09144143760204315,0.36283784359693527,0.0,0.0,0.0,0.9783617854118347,0.04241841658949852,0.9740270376205444,0.040395576506853104,0.055451348423957825,-0.22677239775657654,0.01940797083079815,-0.20736442506313324,-0.001711457734927535,-0.0023884859401732683,-0.28874877095222473,-0.0008359700441360474,-0.289584755897522,0.058926742523908615,0.05402514338493347,-0.3460886478424072,0.018908800557255745,-0.32717984914779663,-0.03248457983136177,-0.0452890619635582,-0.3808978199958801,-0.01585117168724537,-0.39674898982048035,-0.05208353325724602,-0.05697821080684662,-0.38231325149536133,-0.019942373037338257,-0.4022556245326996,0.008590443059802055,0.021226834505796432,-0.3498932421207428,0.007429392077028751,-0.3424638509750366,-0.01917366310954094,-0.005900069605559111,-0.027917152270674706,-0.0020650243386626244,-0.029982175678014755,-0.01933186873793602,-0.0026170024648308754,-0.12734033167362213,-0.0009159508626908064,-0.12825627624988556,0.04457657411694527,0.048415668308734894,-0.08376744389533997,0.016945483162999153,-0.06682196259498596,-0.02182736247777939,-0.007621957454830408,0.16781140863895416,-0.0026676850393414497,0.16514372825622559,-0.027723301202058792,-0.022294512018561363,0.48658862709999084,-0.007803079206496477,0.47878554463386536
6.94,0.0,0.075,0.0,-0.04755927992316009,0.05355217029710955,0.008644823122887205,-0.073090098798275,0.3903648518025875,0.0,0.0,0.0,0.9555640816688538,0.04204562306404114,0.9486783742904663,0.03683387488126755,0.04986610263586044,-0.213408961892128,0.017453135922551155,-0.19595582783222198,-0.02017347700893879,-0.0077239833772182465,-0.273542195558548,-0.002703394042328,-0.2762455940246582,0.07079455256462097,0.05905596911907196,-0.3337845206260681,0.020669588819146156,-0.3131149411201477,-0.041112665086984634,-0.0440361425280571,-0.3753358721733093,-0.0154126500710845,-0.390748530626297,-0.02520800195634365,-0.047447144985198975,-0.3852292597293854,-0.01660650037229061,-0.40183576941490173,0.013768794015049934,0.01898942142724991,-0.3603771924972534,0.0066462974064052105,-0.3537308871746063,-0.013668752275407314,-0.008230675011873245,-0.00757197430357337,-0.002880736254155636,-0.010452710092067719,-0.02660462260246277,-0.009813288226723671,-0.11057517677545547,-0.003434650832787156,-0.11400982737541199,0.04898753762245178,0.04858722910284996,-0.08717108517885208,0.01700552925467491,-0.07016555964946747,-0.02084992825984955,-0.011590348556637764,0.14760680496692657,-0.0040566218085587025,0.14355018734931946,-0.06283658742904663,-0.03445713594555855,0.46957510709762573,-0.012059997767210007,0.4575151205062866
6.96,0.0,0.075,0.0,-0.044816248344776266,0.06018102852751239,0.05050152104643946,-0.05100119113922119,0.4234982132911682,0.0,0.0,0.0,0.931269645690918,0.04002895578742027,0.9250348806381226,0.014076018705964088,0.03912907838821411,-0.20116105675697327,0.013695177622139454,-0.1874658763408661,-0.015536459162831306,-0.01006772555410862,-0.25834208726882935,-0.003523703897371888,-0.2618657946586609,0.05483532324433327,0.057789772748947144,-0.3203757107257843,0.02022642083466053,-0.3001492917537689,-0.007288987748324871,-0.03301199525594711,-0.367902934551239,-0.01155419833958149,-0.37945714592933655,-0.05290893092751503,-0.04908568039536476,-0.38609179854393005,-0.01717998832464218,-0.40327179431915283,-0.012807399965822697,0.00945037417113781,-0.36926600337028503,0.003307631006464362,-0.3659583628177643,-0.030046310275793076,-0.014775365591049194,0.011911844834685326,-0.005171377677470446,0.00674046715721488,-0.03775395452976227,-0.018195487558841705,-0.09250818192958832,-0.006368420552462339,-0.09887660294771194,0.04086713120341301,0.046271197497844696,-0.08839782327413559,0.016194919124245644,-0.0722029060125351,-0.014608025550842285,-0.012495651841163635,0.12830016016960144,-0.00437347823753953,0.12392668426036835,-0.05594034120440483,-0.04090210050344467,0.4512920677661896,-0.01431573461741209,0.4369763433933258
6.98,0.0,0.075,0.0,-0.0418112041631448,0.06568007833999089,0.09042111880514773,-0.012967650778591633,0.48054852383211255,0.0,0.0,0.0,0.9056931734085083,0.043269723653793335,0.897824764251709,0.01912938430905342,0.033129170536994934,-0.1902545690536499,0.011595209129154682,-0.1786593645811081,-0.025318985804915428,-0.014643103815615177,-0.24342875182628632,-0.005125086288899183,-0.24855384230613708,0.08174526691436768,0.06497642397880554,-0.30610957741737366,0.02274174802005291,-0.2833678424358368,-0.07018257677555084,-0.04416317120194435,-0.3587360978126526,-0.015457109548151493,-0.3741932213306427,-0.014434723183512688,-0.03869039565324783,-0.38488495349884033,-0.013541637919843197,-0.3984265923500061,0.023119214922189713,0.013551026582717896,-0.3763957917690277,0.004742859397083521,-0.3716529309749603,-0.027092725038528442,-0.01847057417035103,0.03033575415611267,-0.006464700680226088,0.023871053010225296,-0.04520604759454727,-0.026298657059669495,-0.07332344353199005,-0.009204530157148838,-0.08252797275781631,0.05554055795073509,0.049052007496356964,-0.08743514865636826,0.017168201506137848,-0.07026694715023041,-0.02366621047258377,-0.015846820548176765,0.11008822917938232,-0.005546387284994125,0.1045418381690979,-0.06884357333183289,-0.04928454011678696,0.43192583322525024,-0.017249587923288345,0.4146762490272522
7.0,0.0,0.075,0.0,-0.03796387921307217,0.07216205163205677,0.134047414373617,-0.0032339775934815407,0.4951490336097777,0.0,0.0,0.0,0.8790714740753174,0.04323197528719902,0.8725593686103821,0.008597752079367638,0.02576974406838417,-0.18089066445827484,0.009019410237669945,-0.17187125980854034,-0.017931940034031868,-0.015629755333065987,-0.2290772646665573,-0.00547041418030858,-0.2345476746559143,0.06303201615810394,0.06439310312271118,-0.29124924540519714,0.022537585347890854,-0.268711656332016,-0.02028116025030613,-0.03699856624007225,-0.34800440073013306,-0.012949498370289803,-0.3609538972377777,-0.057799290865659714,-0.04442306607961655,-0.3816309869289398,-0.015548072755336761,-0.3971790671348572,-0.011629668064415455,0.00599681818857789,-0.38163504004478455,0.0020988862961530685,-0.37953615188598633,-0.038822125643491745,-0.024576038122177124,0.047512006014585495,-0.008601613342761993,0.0389103926718235,-0.04547911882400513,-0.032052796334028244,-0.05321647599339485,-0.0112184789031744,-0.0644349530339241,0.03987682983279228,0.04629945382475853,-0.08429288119077682,0.01620480790734291,-0.06808806955814362,-0.0054261330515146255,-0.012720614671707153,0.0931565910577774,-0.004452215041965246,0.08870437741279602,-0.06411322206258774,-0.05373314395546913,0.41167378425598145,-0.01880660094320774,0.39286717772483826
7.0200000000000005,0.0,0.075,0.0,-0.030105523814233037,0.08209766216632691,0.20751672399777701,0.008399486541748047,0.5125992298126221,0.00881946086883545,0.0,0.00881946086883545,0.8589937686920166,0.04704687371850014,0.8559413552284241,0.011844480410218239,0.021592164412140846,-0.2104874700307846,0.007557257544249296,-0.20293021202087402,-0.03744681924581528,-0.02217487432062626,-0.2700388431549072,-0.007761206012219191,-0.277800053358078,0.08667202293872833,0.07107678055763245,-0.3307926058769226,0.024876872077584267,-0.3059157431125641,-0.06380585581064224,-0.04504075646400452,-0.37378913164138794,-0.01576426438987255,-0.38955339789390564,-0.01309574767947197,-0.035024870187044144,-0.38561034202575684,-0.012258704751729965,-0.3978690505027771,0.01663183979690075,0.009187324903905392,-0.3625671863555908,0.003215563716366887,-0.35935163497924805,-0.02927258238196373,-0.025985002517700195,0.09934528917074203,-0.009094750508666039,0.09025053679943085,-0.04623222351074219,-0.036306627094745636,0.19806495308876038,-0.012707319110631943,0.18535763025283813,0.047794219106435776,0.046747881919145584,0.1177990511059761,0.01636175811290741,0.1341608166694641,-0.01496032439172268,-0.013392527587711811,0.046093348413705826,-0.004687384702265263,0.04140596464276314,-0.09474513679742813,-0.06603674590587616,0.16202345490455627,-0.023112861439585686,0.13891059160232544
7.04,0.0,0.075,0.0,-0.01972365193273928,0.09306506468183935,0.2801180291673173,0.08107162266969681,0.6216074340045452,0.08512520380318164,0.0,0.08512520380318164,0.8501384258270264,0.05921463295817375,0.8498703241348267,0.014286182820796967,0.019400369375944138,-0.19852861762046814,0.006790129002183676,-0.19173848628997803,-0.08577806502580643,-0.041255831718444824,-0.2548799216747284,-0.014439540915191174,-0.26931947469711304,0.11016075313091278,0.08280196785926819,-0.3171643018722534,0.028980689123272896,-0.2881835997104645,-0.15181854367256165,-0.0770740956068039,-0.36594444513320923,-0.026975933462381363,-0.3929203748703003,-0.04700729623436928,-0.03861960023641586,-0.3859974145889282,-0.013516860082745552,-0.3995142877101898,0.0612715519964695,0.024812594056129456,-0.3710651993751526,0.00868440791964531,-0.3623808026313782,-0.1134849414229393,-0.05223498493432999,0.08853752911090851,-0.018282243981957436,0.07025528699159622,-0.039582230150699615,-0.03728930652141571,0.20883165299892426,-0.013051257468760014,0.19578039646148682,0.009733378887176514,0.035643529146909714,0.13948678970336914,0.012475235387682915,0.1519620269536972,-0.007958642207086086,-0.011762361973524094,0.05724256858229637,-0.004116826690733433,0.05312574282288551,-0.106544129550457,-0.07818896323442459,0.15160223841667175,-0.027366137132048607,0.124236099421978
7.0600000000000005,0.0,0.075,0.0,-0.01000172149003758,0.10200037800183302,0.33623526717315855,0.11196756362915039,0.6679513454437256,0.11756594181060791,0.0,0.11756594181060791,0.8405541181564331,0.0631273165345192,0.8387659788131714,-0.016944538801908493,0.008496896363794804,-0.18795974552631378,0.0029739136807620525,-0.18498583137989044,-0.07169443368911743,-0.050387412309646606,-0.24007165431976318,-0.017635593190789223,-0.25770723819732666,0.07199637591838837,0.0795602947473526,-0.30273786187171936,0.02784610353410244,-0.27489176392555237,-0.015275707468390465,-0.05853457748889923,-0.3564019799232483,-0.0204871017485857,-0.37688907980918884,-0.06548387557268143,-0.04667888581752777,-0.3843168318271637,-0.01633760891854763,-0.4006544351577759,0.011725591495633125,0.0208864938467741,-0.3777709901332855,0.0073102726601064205,-0.37046071887016296,-0.09302099049091339,-0.06447078287601471,0.07588900625705719,-0.022564774379134178,0.05332423001527786,-0.130967915058136,-0.0653928890824318,0.2176453024148941,-0.022887511178851128,0.19475778937339783,0.03594748303294182,0.035734716802835464,0.16104169189929962,0.012507150880992413,0.1735488474369049,-0.058700233697891235,-0.025843724608421326,0.07021060585975647,-0.009045303799211979,0.061165302991867065,-0.09983396530151367,-0.08468246459960938,0.14315181970596313,-0.02963886223733425,0.11351295560598373
7.08,0.0,0.075,0.0,0.0019464842419952347,0.11233499834376505,0.40040203692812604,0.13873766362667084,0.7081064954400063,0.14567454680800437,0.0,0.14567454680800437,0.8304261565208435,0.06884869933128357,0.8325234055519104,0.0028151567094027996,0.006792374420911074,-0.17897579073905945,0.0023773310240358114,-0.176598459482193,-0.06326638162136078,-0.05425110086798668,-0.22588713467121124,-0.018987884745001793,-0.2448750138282776,0.06051948666572571,0.07384805381298065,-0.28777942061424255,0.0258468184620142,-0.2619326114654541,-0.020540770143270493,-0.04713643342256546,-0.3453376889228821,-0.01649775169789791,-0.36183544993400574,-0.13226696848869324,-0.07235531508922577,-0.38059961795806885,-0.02532435953617096,-0.4059239625930786,-0.024366768077015877,0.0073105148039758205,-0.3825608789920807,0.0025586802512407303,-0.3800022006034851,-0.10518904775381088,-0.07668626308441162,0.06152861565351486,-0.026840191334486008,0.034688424319028854,-0.14554880559444427,-0.08943966031074524,0.22441606223583221,-0.031303878873586655,0.19311217963695526,0.02779344841837883,0.033352337777614594,0.18224407732486725,0.011673318222165108,0.1939173936843872,-0.04164038226008415,-0.030582722276449203,0.08486530184745789,-0.010703952983021736,0.0741613507270813,-0.07755808532238007,-0.08254514634609222,0.13675831258296967,-0.02889080159366131,0.10786750912666321
7.1000000000000005,0.0,0.075,0.0,0.012553501825173069,0.12135304701809464,0.45304158215144213,0.1400386393070221,0.7100579589605331,0.1470405712723732,0.0,0.1470405712723732,0.8199833035469055,0.0743165984749794,0.8264362812042236,0.021375766023993492,0.011167392134666443,-0.17174240946769714,0.0039085871540009975,-0.1678338199853897,-0.0872252881526947,-0.0641433596611023,-0.21258799731731415,-0.022450175136327744,-0.2350381761789322,0.07150846719741821,0.07314617931842804,-0.2725648283958435,0.025601161643862724,-0.24696366488933563,-0.048737552016973495,-0.04761676862835884,-0.3329557180404663,-0.01666586846113205,-0.34962159395217896,-0.12035262584686279,-0.08675450831651688,-0.3749143183231354,-0.030364077538251877,-0.40527838468551636,-0.023288283497095108,-0.0018691248260438442,-0.38534650206565857,-0.0006541936891153455,-0.38600069284439087,-0.10681673139333725,-0.08572540432214737,0.045602697879076004,-0.03000389039516449,0.015598807483911514,-0.12106448411941528,-0.0989271029829979,0.22907495498657227,-0.03462448716163635,0.1944504678249359,0.025941653177142143,0.031129132956266403,0.20287790894508362,0.010895196348428726,0.21377310156822205,0.0008537005633115768,-0.021151795983314514,0.10105733573436737,-0.007403128314763308,0.09365420788526535,-0.08919215947389603,-0.0845392495393753,0.13248687982559204,-0.029588736593723297,0.10289814323186874
7.12,0.0,0.075,0.0,0.021850190219824917,0.12834961826170385,0.4982955026661052,0.15488214790821075,0.7323232218623161,0.1626262553036213,0.0,0.1626262553036213,0.8094971776008606,0.07860127091407776,0.8197721838951111,0.030005281791090965,0.016818758100271225,-0.16639305651187897,0.005886565428227186,-0.1605064868927002,-0.07479345053434372,-0.06733838468790054,-0.20041953027248383,-0.02356843464076519,-0.22398796677589417,0.08057433366775513,0.07537462562322617,-0.25737470388412476,0.0263811182230711,-0.2309935837984085,-0.07185597717761993,-0.0548885315656662,-0.3194843530654907,-0.01921098493039608,-0.33869534730911255,-0.12403559684753418,-0.09793883562088013,-0.3673657774925232,-0.034278590232133865,-0.40164437890052795,-0.015442084521055222,-0.005941012874245644,-0.3860764801502228,-0.002079354366287589,-0.38815584778785706,-0.093561552464962,-0.08807624876499176,0.02827354706823826,-0.030826685950160027,-0.002553138881921768,-0.12017150968313217,-0.1053004264831543,0.23157449066638947,-0.036855150014162064,0.1947193443775177,0.03785020858049393,0.03314545750617981,0.22273290157318115,0.011600909754633904,0.2343338131904602,0.008253876119852066,-0.012330093421041965,0.11862168461084366,-0.004315532743930817,0.11430615186691284,-0.08556446433067322,-0.08484680950641632,0.1303810328245163,-0.029696382582187653,0.10068465024232864
7.140000000000001,0.0,0.075,0.0,0.03261298131558324,0.13609565292300518,0.5466973754443156,0.12185753881931305,0.6827863082289696,0.12795041576027869,0.0,0.12795041576027869,0.7992790937423706,0.07885582000017166,0.8077624440193176,-0.06957809627056122,-0.009100298397243023,-0.163026362657547,-0.0031851043459028006,-0.16621147096157074,-0.07843724638223648,-0.0706680417060852,-0.18960615992546082,-0.024733813479542732,-0.2143399715423584,0.07873459160327911,0.07638261467218399,-0.24248920381069183,0.026733914390206337,-0.21575528383255005,-0.08416305482387543,-0.06367088854312897,-0.3051721155643463,-0.02228481136262417,-0.32745692133903503,-0.021796664223074913,-0.07509618252515793,-0.3580932319164276,-0.026283662766218185,-0.3843768835067749,0.026542413979768753,0.0038040154613554478,-0.3847373425960541,0.001331405364908278,-0.3834059238433838,-0.0889836996793747,-0.08834848552942276,0.009717750363051891,-0.030921969562768936,-0.02120421826839447,-0.11001939326524734,-0.10671611875295639,0.23188920319080353,-0.03735063970088959,0.19453856348991394,0.059323787689208984,0.04099895805120468,0.2416067272424698,0.014349634759128094,0.25595635175704956,-0.03470458835363388,-0.019042443484067917,0.13737936317920685,-0.0066648549400269985,0.1307145059108734,-0.11657586693763733,-0.09436552226543427,0.13046224415302277,-0.03302793204784393,0.09743431210517883
7.16,0.0,0.075,0.0,0.034804693042133926,0.1352649534462623,0.5468328967639119,0.1367713063955307,0.705156959593296,0.14360987171530723,0.0,0.14360987171530723,0.7896743416786194,0.07222990691661835,0.7992357611656189,-0.01074570044875145,-0.009593918919563293,-0.1617044359445572,-0.0033578716684132814,-0.1650623083114624,-0.06419488787651062,-0.06872609257698059,-0.18034732341766357,-0.024054132401943207,-0.20440146327018738,0.04792681336402893,0.06784587353467941,-0.22818289697170258,0.023746054619550705,-0.20443683862686157,0.00775657594203949,-0.04224264994263649,-0.2902829349040985,-0.014784927479922771,-0.30506786704063416,-0.06662078946828842,-0.07255356013774872,-0.3472677171230316,-0.025393744930624962,-0.3726614713668823,-0.010718673467636108,-0.000552791403606534,-0.38135382533073425,-0.00019347698253113776,-0.38154730200767517,-0.06862299889326096,-0.08243083953857422,-0.00987559650093317,-0.028850793838500977,-0.03872638940811157,-0.08161716163158417,-0.09918642789125443,0.23001588881015778,-0.03471525013446808,0.1953006386756897,0.060476165264844894,0.046842120587825775,0.25930705666542053,0.01639474183320999,0.2757017910480499,0.029398897662758827,-0.004510040394961834,0.15713922679424286,-0.0015785141149535775,0.1555607169866562,-0.06411780416965485,-0.08529120683670044,0.1327296793460846,-0.029851922765374184,0.10287775844335556
7.18,0.0,0.075,0.0,0.038576821002112106,0.1358510865738979,0.5551193314805024,0.08526004105806351,0.6278900615870953,0.08952304311096668,0.0,0.08952304311096668,0.781053364276886,0.06952861696481705,0.7904946804046631,-0.12323302030563354,-0.04368565231561661,-0.16245165467262268,-0.015289978124201298,-0.1777416318655014,-0.06373502314090729,-0.0672287717461586,-0.1728138029575348,-0.02353006973862648,-0.19634386897087097,0.042601898312568665,0.06027267873287201,-0.21471962332725525,0.021095437929034233,-0.19362418353557587,-0.0585661418735981,-0.04713969677686691,-0.2750914394855499,-0.01649889349937439,-0.2915903329849243,0.0001785624772310257,-0.05073392018675804,-0.3350888788700104,-0.0177568718791008,-0.3528457581996918,0.0302664153277874,0.008692970499396324,-0.37598830461502075,0.003042539581656456,-0.37294575572013855,-0.06443920731544495,-0.07703334838151932,-0.030306827276945114,-0.0269616711884737,-0.057268500328063965,-0.0728679969906807,-0.0912908986210823,0.22597363591194153,-0.03195181488990784,0.1940218210220337,0.057396214455366135,0.05000834912061691,0.2756534814834595,0.01750292256474495,0.2931564152240753,-0.02055608108639717,-0.009323853068053722,0.17769992351531982,-0.0032633484806865454,0.1744365692138672,-0.09300253540277481,-0.08760460466146469,0.13716024160385132,-0.030661610886454582,0.10649862885475159
7.2,0.0,0.075,0.0,0.04199997500722926,0.13598039861599423,0.5564673532139753,0.10202732682228088,0.6530409902334213,0.10712869316339492,0.0,0.10712869316339492,0.7737987041473389,0.06132197007536888,0.7850251197814941,-0.049610868096351624,-0.04546321928501129,-0.16525423526763916,-0.015912126749753952,-0.1811663657426834,-0.03694094344973564,-0.05814242362976074,-0.1671445071697235,-0.02034984715282917,-0.18749435245990753,-0.0014644861221313477,0.04175153002142906,-0.20234769582748413,0.014613035134971142,-0.1877346634864807,0.01070149801671505,-0.02978733740746975,-0.2598778307437897,-0.010425567626953125,-0.2703033983707428,-0.07008638978004456,-0.056539662182331085,-0.32178130745887756,-0.01978888176381588,-0.3415701985359192,0.010125942528247833,0.009122861549258232,-0.3687397241592407,0.0031930014956742525,-0.36554673314094543,-0.03367805853486061,-0.06402675807476044,-0.05136774107813835,-0.022409364581108093,-0.07377710938453674,-0.05620085448026657,-0.08076389133930206,0.21980364620685577,-0.028267361223697662,0.19153627753257751,0.04374990984797478,0.0481308177113533,0.29047948122024536,0.016845785081386566,0.3073252737522125,0.025986360386013985,0.0012692115269601345,0.19885189831256866,0.0004442240169737488,0.19929611682891846,-0.06222911551594734,-0.07999195903539658,0.14370878040790558,-0.027997184544801712,0.11571159958839417
7.22,0.0,0.075,0.0,0.04489903473536342,0.13508014641229646,0.5512498753761129,0.06923960894346237,0.6038594134151936,0.07270158939063548,0.0,0.07270158939063548,0.7682889103889465,0.06329567730426788,0.7790176272392273,-0.10892604291439056,-0.06450206786394119,-0.17006050050258636,-0.022575723007321358,-0.19263622164726257,-0.04897857457399368,-0.055393267422914505,-0.16344404220581055,-0.01938764378428459,-0.18283168971538544,0.040483634918928146,0.04137115925550461,-0.1912953108549118,0.014479905366897583,-0.17681540548801422,-0.026940738782286644,-0.028933357447385788,-0.2449226826429367,-0.010126674547791481,-0.25504934787750244,-0.002221405506134033,-0.04024418443441391,-0.307590514421463,-0.014085464179515839,-0.32167598605155945,0.022871945053339005,0.013247586786746979,-0.35974183678627014,0.00463665509596467,-0.3551051914691925,-0.09099956601858139,-0.0721186026930809,-0.07284370809793472,-0.025241510942578316,-0.09808521717786789,-0.09665419906377792,-0.08553098142147064,0.21156875789165497,-0.029935842379927635,0.18163292109966278,0.06729588657617569,0.05388033762574196,0.3036339581012726,0.01885811798274517,0.3224920630455017,-0.015621828846633434,-0.0037981008645147085,0.22037963569164276,-0.0013293352676555514,0.2190503031015396,-0.06496787816286087,-0.0754847377538681,0.15230855345726013,-0.026419658213853836,0.1258888989686966
7.24,0.0,0.075,0.0,0.04724098811461062,0.1341689403697631,0.5435466239977224,0.09468093514442444,0.6420214027166367,0.09941498190164566,0.0,0.09941498190164566,0.7648787498474121,0.058605119585990906,0.7793097496032715,-0.05210641026496887,-0.060783371329307556,-0.1767817884683609,-0.021274179220199585,-0.19805596768856049,-0.05283280089497566,-0.05462513118982315,-0.16178062558174133,-0.019118795171380043,-0.18089942634105682,-0.001430552452802658,0.02853064425289631,-0.1817663013935089,0.00998572539538145,-0.1717805713415146,-0.04271085932850838,-0.033066608011722565,-0.23050183057785034,-0.011573312804102898,-0.2420751452445984,-0.06214870885014534,-0.04681554436683655,-0.2927781641483307,-0.016385439783334732,-0.3091636002063751,0.043129827827215195,0.022212259471416473,-0.3491605222225189,0.007774290628731251,-0.34138622879981995,-0.019683927297592163,-0.05638819932937622,-0.09451588988304138,-0.019735869020223618,-0.1142517626285553,-0.04058705270290375,-0.07204779982566833,0.20135293900966644,-0.025216730311512947,0.17613621056079865,0.055182281881570816,0.054270923137664795,0.3149828016757965,0.018994823098182678,0.3339776396751404,0.04887467622756958,0.012003732845187187,0.2420637309551239,0.0042013064958155155,0.24626503884792328,-0.06668315827846527,-0.07284426689147949,0.16287192702293396,-0.025495493784546852,0.13737642765045166
7.26,0.0,0.075,0.0,0.04971471914178111,0.1331314835397381,0.5322234121876518,0.06390373408794403,0.595855601131916,0.06709892079234123,0.0,0.06709892079234123,0.7638781666755676,0.05850367620587349,0.780786395072937,-0.07481962442398071,-0.06499424576759338,-0.18529413640499115,-0.022747986018657684,-0.20804211497306824,-0.05067984387278557,-0.05344154313206673,-0.1621849536895752,-0.01870453916490078,-0.18088948726654053,0.011653454974293709,0.02346748672425747,-0.17393642663955688,0.008213620632886887,-0.1657228022813797,-0.03717842325568199,-0.03430015221238136,-0.21688124537467957,-0.012005053460597992,-0.22888630628585815,-0.027745326980948448,-0.04109447821974754,-0.277617484331131,-0.01438306737691164,-0.29200056195259094,0.03228432312607765,0.025233879685401917,-0.33719098567962646,0.008831857703626156,-0.32835912704467773,-0.059930335730314255,-0.05745083838701248,-0.11616343259811401,-0.02010779269039631,-0.13627122342586517,-0.060304999351501465,-0.06852495670318604,0.18926025927066803,-0.023983733728528023,0.16527652740478516,0.06809414178133011,0.05841789022088051,0.32441043853759766,0.020446261391043663,0.34485670924186707,0.0377722904086113,0.019734300673007965,0.2636832296848297,0.006907005328685045,0.27059024572372437,-0.06594214588403702,-0.07077363133430481,0.1752912700176239,-0.024770770221948624,0.15052050352096558
7.28,0.0,0.075,0.0,0.051317445921535115,0.131404805023702,0.5155882283098524,0.06851145625114441,0.6027671843767166,0.07193702906370163,0.0,0.07193702906370163,0.7655310034751892,0.058298807591199875,0.7853368520736694,-0.045381322503089905,-0.0591103695333004,-0.19544054567813873,-0.020688628777861595,-0.21612916886806488,-0.06799010187387466,-0.0578061118721962,-0.16464956104755402,-0.02023213915526867,-0.18488170206546783,-0.004828406497836113,0.01497871894389391,-0.1679501086473465,0.005242551676928997,-0.16270755231380463,-0.06971949338912964,-0.044925957918167114,-0.20431214570999146,-0.01572408527135849,-0.22003623843193054,-0.05353732779622078,-0.044827334582805634,-0.26238808035850525,-0.015689566731452942,-0.2780776619911194,0.06125294789671898,0.036039598286151886,-0.3240540027618408,0.01261385902762413,-0.3114401400089264,-0.021192848682403564,-0.046573441475629807,-0.1375657320022583,-0.016300704330205917,-0.15386644005775452,-0.034342940896749496,-0.058270350098609924,0.17541395127773285,-0.020394621416926384,0.15501932799816132,0.06376451253890991,0.06002187728881836,0.3318207561969757,0.021007657051086426,0.35282841324806213,0.05702050030231476,0.030920162796974182,0.28501781821250916,0.010822056792676449,0.2958398759365082,-0.07604099810123444,-0.07235383987426758,0.18943999707698822,-0.025323843583464622,0.16411615908145905
7.3,0.0,0.075,0.0,0.05311820296835701,0.12945935377022624,0.49627580603944565,0.0572952926158905,0.5859429389238358,0.06016005724668502,0.0,0.06016005724668502,0.7699969410896301,0.05651072412729263,0.793133020401001,-0.045746978372335434,-0.05510134994983673,-0.2070339024066925,-0.019285472109913826,-0.22631937265396118,-0.051386505365371704,-0.05588022992014885,-0.16912899911403656,-0.019558079540729523,-0.18868708610534668,-0.006514787673950195,0.008530667051672935,-0.16391772031784058,0.0029857333283871412,-0.16093198955059052,-0.03540411591529846,-0.04206940531730652,-0.1930263489484787,-0.014724291861057281,-0.20775064826011658,-0.04556719958782196,-0.04504929482936859,-0.2473708540201187,-0.015767252072691917,-0.2631381154060364,0.02758629247546196,0.03350360691547394,-0.3099918067455292,0.011726262047886848,-0.2982655465602875,-0.032270122319459915,-0.04228244721889496,-0.1585046797990799,-0.01479885634034872,-0.1733035296201706,-0.029626019299030304,-0.0496770478785038,0.15995512902736664,-0.017386967316269875,0.14256815612316132,0.07865002006292343,0.06561031937599182,0.33713826537132263,0.022963611409068108,0.3601018786430359,0.059627898037433624,0.039532482624053955,0.305850088596344,0.013836368918418884,0.3196864724159241,-0.06193720921874046,-0.06922885030508041,0.20517393946647644,-0.024230096489191055,0.18094384670257568
7.32,0.0,0.075,0.0,0.05408802438221947,0.12626714043117448,0.4714586049192369,0.04037615656852722,0.5605642348527908,0.04239496439695358,0.0,0.04239496439695358,0.7773383259773254,0.05687965825200081,0.8011162281036377,-0.04799317941069603,-0.05296889692544937,-0.21986034512519836,-0.01853911392390728,-0.2383994609117508,-0.06054171174764633,-0.057278674095869064,-0.17554065585136414,-0.020047536119818687,-0.19558818638324738,-0.02042655274271965,-0.000156499445438385,-0.16191366314888,-5.4774805903434753e-05,-0.1619684398174286,-0.07369916886091232,-0.05155833438038826,-0.18323199450969696,-0.018045416101813316,-0.20127740502357483,-0.05899834260344505,-0.04923401027917862,-0.23284277319908142,-0.017231903970241547,-0.25007468461990356,0.06729228794574738,0.04364021122455597,-0.29526379704475403,0.01527407392859459,-0.27998971939086914,-0.012617151252925396,-0.03338285908102989,-0.17876692116260529,-0.011684000492095947,-0.19045092165470123,-0.020765651017427444,-0.04100362956523895,0.14304132759571075,-0.014351270161569118,0.12869006395339966,0.05943465232849121,0.06375762075185776,0.3403087258338928,0.022315166890621185,0.3626239001750946,0.04058916121721268,0.03984948620200157,0.3259677290916443,0.01394732017070055,0.33991503715515137,-0.07152671366930008,-0.0699182078242302,0.22233277559280396,-0.024471372365951538,0.19786140322685242
7.34,0.0,0.075,0.0,0.05507757701183095,0.12335655315865884,0.44400827324894127,0.03520624339580536,0.552809365093708,0.036966555565595624,0.0,0.036966555565595624,0.7875141501426697,0.05543362349271774,0.8132796883583069,-0.02009357139468193,-0.04310629889369011,-0.23368333280086517,-0.015087204053997993,-0.24877053499221802,-0.05071268975734711,-0.05530887842178345,-0.18376626074314117,-0.019358107820153236,-0.20312437415122986,-0.015765856951475143,-0.0048393066972494125,-0.16197489202022552,-0.0016937573673203588,-0.1636686474084854,-0.05168622359633446,-0.05159670114517212,-0.17510974407196045,-0.01805884577333927,-0.19316859543323517,-0.06698577105998993,-0.05455954000353813,-0.21907177567481995,-0.01909583806991577,-0.23816761374473572,0.050441425293684006,0.04568057507276535,-0.2801416218280792,0.015988200902938843,-0.2641534209251404,-0.022466104477643967,-0.030107833445072174,-0.19814597070217133,-0.010537741705775261,-0.20868371427059174,-0.012994719669222832,-0.03260095790028572,0.12484489381313324,-0.011410335078835487,0.1134345605969429,0.0755230039358139,0.06728723645210266,0.3412998914718628,0.02355053275823593,0.3648504316806793,0.05672789365053177,0.04491300880908966,0.3451657295227051,0.01571955345571041,0.36088529229164124,-0.04514188691973686,-0.062485311180353165,0.24074162542819977,-0.021869858726859093,0.21887177228927612
7.36,0.0,0.075,0.0,0.05465544069965022,0.11925539959425618,0.412560633371615,0.020342709496617317,0.530514064244926,0.02135984497144818,0.0,0.02135984497144818,0.8003823161125183,0.05687735229730606,0.8261474370956421,-0.026108471676707268,-0.03800695016980171,-0.2482479065656662,-0.013302432373166084,-0.26155033707618713,-0.06271787732839584,-0.057531580328941345,-0.1936541050672531,-0.02013605274260044,-0.213790163397789,-0.030268114060163498,-0.012467948719859123,-0.1641002893447876,-0.004363781772553921,-0.1684640645980835,-0.08342902362346649,-0.06114640086889267,-0.16880939900875092,-0.021401239559054375,-0.19021064043045044,-0.06902822852134705,-0.058900147676467896,-0.20631186664104462,-0.020615050569176674,-0.22692692279815674,0.07676184177398682,0.05500495433807373,-0.2649041712284088,0.019251734018325806,-0.245652437210083,-0.006654831580817699,-0.023071933537721634,-0.21644432842731476,-0.008075176738202572,-0.2245195060968399,-0.0035479534417390823,-0.023885056376457214,0.10555126518011093,-0.008359769359230995,0.09719149768352509,0.06740770488977432,0.06732337921857834,0.3401016294956207,0.02356318198144436,0.36366480588912964,0.03689378499984741,0.042507242411375046,0.3632484972476959,0.014877534471452236,0.37812602519989014,-0.060297053307294846,-0.06182883679866791,0.26021289825439453,-0.021640092134475708,0.23857280611991882
7.38,0.0,0.075,0.0,0.054211884399570254,0.11408374085311329,0.37700195161465605,0.010518306866288185,0.5157774602994323,0.011044222209602593,0.0,0.011044222209602593,0.8157080411911011,0.05507390573620796,0.84229975938797,-0.027343247085809708,-0.03480783849954605,-0.26328545808792114,-0.012182743288576603,-0.27546820044517517,-0.03308495506644249,-0.05019759386777878,-0.20502182841300964,-0.017569158226251602,-0.22259098291397095,-0.031222838908433914,-0.018094416707754135,-0.16825063526630402,-0.006333045661449432,-0.17458367347717285,-0.05288270488381386,-0.05866729095578194,-0.16444715857505798,-0.020533552393317223,-0.18498070538043976,-0.07785946875810623,-0.06458794325590134,-0.19479838013648987,-0.022605780512094498,-0.21740415692329407,0.04222145676612854,0.05116990581154823,-0.24983248114585876,0.017909467220306396,-0.23192301392555237,0.0010321764275431633,-0.015840699896216393,-0.23347553610801697,-0.0055442447774112225,-0.23901978135108948,0.003464560955762863,-0.01568016968667507,0.08535704761743546,-0.0054880594834685326,0.07986898720264435,0.06749245524406433,0.0673741027712822,0.3367261588573456,0.02358093485236168,0.36030709743499756,0.056002117693424225,0.04655570536851883,0.3800317347049713,0.01629449613392353,0.3963262438774109,-0.04623446241021156,-0.057150524109601974,0.28054818511009216,-0.020002683624625206,0.2605454921722412
7.4,0.0,0.075,0.0,0.05244270416039901,0.10897231137363939,0.3396258954651727,-0.004863521084189415,0.4927047183737159,0.0,0.0,0.0,0.8331790566444397,0.058263011276721954,0.8587977886199951,-0.011226983740925789,-0.027733581140637398,-0.27851858735084534,-0.009706753306090832,-0.28822535276412964,-0.058158524334430695,-0.05258587375283241,-0.21765977144241333,-0.01840505562722683,-0.2360648214817047,-0.032690826803445816,-0.02247333899140358,-0.17434939742088318,-0.007865668274462223,-0.18221506476402283,-0.10591813921928406,-0.0728425532579422,-0.16210348904132843,-0.0254948940128088,-0.18759837746620178,-0.07536806911230087,-0.06782197952270508,-0.18474365770816803,-0.023737693205475807,-0.20848135650157928,0.09085674583911896,0.0630759596824646,-0.2352045178413391,0.02207658626139164,-0.21312792599201202,0.005656079854816198,-0.0093916654586792,-0.24906602501869202,-0.0032870827708393335,-0.25235310196876526,0.009306060150265694,-0.008184300735592842,0.06446804106235504,-0.0028645051643252373,0.06160353496670723,0.06950605660676956,0.06801368296146393,0.33120784163475037,0.023804789409041405,0.3550126254558563,0.03517097979784012,0.04314028471708298,0.3953443765640259,0.015099099837243557,0.4104434847831726,-0.05357718840241432,-0.05607852339744568,0.30154022574424744,-0.019627483561635017,0.28191274404525757
7.42,0.0,0.075,0.0,0.050965904155094555,0.10365970844096979,0.3020541821795228,-0.010075540281832218,0.4848866895772517,0.0,0.0,0.0,0.8524237275123596,0.05583574250340462,0.8755401372909546,-0.030082164332270622,-0.028438156470656395,-0.29366642236709595,-0.009953354485332966,-0.30361977219581604,-0.01142183504998684,-0.040236663073301315,-0.23133482038974762,-0.014082832261919975,-0.24541765451431274,-0.0515516959130764,-0.031196845695376396,-0.18228407204151154,-0.010918895713984966,-0.19320297241210938,-0.061884719878435135,-0.06955520808696747,-0.16182158887386322,-0.024344323202967644,-0.186165913939476,-0.09004274010658264,-0.07448820769786835,-0.17633315920829773,-0.02607087232172489,-0.20240403711795807,0.04914750158786774,0.05889742448925972,-0.22129011154174805,0.020614098757505417,-0.20067600905895233,0.038516249507665634,0.004980709869414568,-0.2630569338798523,0.0017432484310120344,-0.26131367683410645,0.02452494390308857,0.0016284729354083538,0.04309710115194321,0.0005699655157513916,0.04366706684231758,0.052185043692588806,0.06326509267091751,0.32360297441482544,0.02214278280735016,0.3457457423210144,0.025873331353068352,0.037960197776556015,0.4090304374694824,0.01328606903553009,0.4223164916038513,-0.043086398392915726,-0.05218088626861572,0.32297515869140625,-0.018263310194015503,0.30471184849739075
7.44,0.0,0.075,0.0,0.048665273804939964,0.09760710977517777,0.26244465652304694,-0.03079511970281601,0.453807320445776,0.0,0.0,0.0,0.8730297088623047,0.058724455535411835,0.8970824480056763,-0.011313291266560555,-0.023300696164369583,-0.30844953656196594,-0.00815524347126484,-0.3166047930717468,-0.04943186417222023,-0.04299522563815117,-0.24579478800296783,-0.015048328787088394,-0.2608431279659271,-0.028086751699447632,-0.030263816937804222,-0.1919083446264267,-0.01059233583509922,-0.20250068604946136,-0.10231569409370422,-0.07938335835933685,-0.1636066734790802,-0.02778417430818081,-0.19139084219932556,-0.08193624019622803,-0.07672262191772461,-0.16972199082374573,-0.026852916926145554,-0.19657491147518158,0.07280072569847107,0.06306841969490051,-0.20834586024284363,0.02207394689321518,-0.18627190589904785,0.008242620155215263,0.005959283094853163,-0.27530568838119507,0.0020857490599155426,-0.2732199430465698,0.026771368458867073,0.009171342477202415,0.02146201767027378,0.0032099697273224592,0.02467198669910431,0.07384484261274338,0.06643901765346527,0.3139890432357788,0.023253655061125755,0.3372426927089691,0.04759129136800766,0.04084952548146248,0.42095041275024414,0.014297333545982838,0.4352477490901947,-0.04410790279507637,-0.049758993089199066,0.3446345031261444,-0.017415646463632584,0.3272188603878021
7.46,0.0,0.075,0.0,0.04632213227810872,0.09095167356068491,0.2189971453522078,-0.05168135464191437,0.42247796803712845,0.0,0.0,0.0,0.8945624828338623,0.058226246386766434,0.9166545867919922,0.0014930176548659801,-0.015862582251429558,-0.3225952684879303,-0.005551903508603573,-0.32814717292785645,-0.02408505231142044,-0.03732217475771904,-0.2607729732990265,-0.013062761165201664,-0.2738357484340668,-0.05416811630129814,-0.03743510693311691,-0.20304468274116516,-0.01310228742659092,-0.21614697575569153,-0.04910210147500038,-0.07029897719621658,-0.16742582619190216,-0.024604640901088715,-0.19203045964241028,-0.10390615463256836,-0.08487768471240997,-0.16503210365772247,-0.02970718964934349,-0.19473929703235626,0.06515203416347504,0.06369350850582123,-0.19661051034927368,0.0222927276045084,-0.17431777715682983,0.02865280956029892,0.012767340987920761,-0.28568747639656067,0.004468569066375494,-0.28121891617774963,0.02106703259050846,0.012740049511194229,-0.0002167413040297106,0.004459017422050238,0.004242276307195425,0.06897305697202682,0.0671992301940918,0.30246397852897644,0.0235197301954031,0.3259837031364441,0.0336751788854599,0.038697220385074615,0.4309828579425812,0.013544026762247086,0.44452688097953796,-0.03622487559914589,-0.045698754489421844,0.36629754304885864,-0.015994563698768616,0.3503029942512512
7.48,0.0,0.075,0.0,0.043047964683677276,0.08357188615706763,0.17533703229222297,-0.047469332814216614,0.4287960007786751,0.0,0.0,0.0,0.9165816903114319,0.06137573719024658,0.9381831884384155,-0.0006811721250414848,-0.011308158747851849,-0.33584269881248474,-0.003957855515182018,-0.33980056643486023,-0.03731889650225639,-0.037321191281080246,-0.27599310874938965,-0.013062416575849056,-0.2890555262565613,-0.03783928230404854,-0.03755635768175125,-0.21548770368099213,-0.013144725002348423,-0.22863243520259857,-0.10797357559204102,-0.0816013514995575,-0.17320860922336578,-0.028560472652316093,-0.20176908373832703,-0.09198907017707825,-0.08701109886169434,-0.16234998404979706,-0.030453884974122047,-0.19280387461185455,0.07053413987159729,0.06574569642543793,-0.18630051612854004,0.023010993376374245,-0.16328951716423035,0.039860863238573074,0.020895397290587425,-0.2940964996814728,0.007313388865441084,-0.2867830991744995,0.025214752182364464,0.016482461243867874,-0.021718256175518036,0.0057688611559569836,-0.015949394553899765,0.0846157819032669,0.07242419570684433,0.28914523124694824,0.025348467752337456,0.31449368596076965,0.03334633260965347,0.03709195554256439,0.43902552127838135,0.012982184067368507,0.4520077109336853,-0.04011452570557594,-0.044023483991622925,0.3877435624599457,-0.015408218838274479,0.3723353445529938
7.5,0.0,0.075,0.0,0.03954763294815627,0.07607102269725875,0.13042230065678773,-0.06576619297266006,0.4013507105410099,0.0,0.0,0.0,0.938654363155365,0.061856288462877274,0.9584314227104187,0.005435935687273741,-0.006284930277615786,-0.3479475677013397,-0.002199725480750203,-0.3501473069190979,-0.009511391632258892,-0.028978250920772552,-0.2911744713783264,-0.010142387822270393,-0.30131685733795166,-0.04092315211892128,-0.03856639564037323,-0.22900789976119995,-0.013498238287866116,-0.24250613152980804,-0.07677408307790756,-0.08015316724777222,-0.18084834516048431,-0.028053607791662216,-0.20890195667743683,-0.10700199007987976,-0.0930083692073822,-0.16172510385513306,-0.03255292773246765,-0.1942780315876007,0.07033847272396088,0.06712353229522705,-0.1776060163974762,0.023493235930800438,-0.1541127860546112,0.04306762292981148,0.027547065168619156,-0.300447016954422,0.00964147225022316,-0.29080554842948914,0.03163021802902222,0.021026788279414177,-0.042823418974876404,0.007359375711530447,-0.03546404466032982,0.07422760128974915,0.07296521961688995,0.27416855096817017,0.025537826120853424,0.299706369638443,0.03290180861949921,0.035834912210702896,0.4449964165687561,0.012542218901216984,0.4575386345386505,-0.025427725166082382,-0.03844475746154785,0.4087539613246918,-0.013455664739012718,0.3952983021736145
7.5200000000000005,0.0,0.075,0.0,0.031188864051086933,0.0641006896356338,0.05455992403252985,-0.06909944862127304,0.39635082706809044,0.0,0.0,0.0,0.9603659510612488,0.06389672309160233,0.9793160557746887,0.012050226330757141,-0.0007843829225748777,-0.35868653655052185,-0.0002745340170804411,-0.3589610755443573,-0.0242318008095026,-0.027554316446185112,-0.3060370981693268,-0.009644011035561562,-0.3156810998916626,-0.03610577434301376,-0.03782820701599121,-0.24335592985153198,-0.013239872641861439,-0.25659579038619995,-0.10995039343833923,-0.08909233659505844,-0.19020414352416992,-0.031182317063212395,-0.22138646245002747,-0.09194476902484894,-0.09268929064273834,-0.1631689816713333,-0.03244125097990036,-0.19561022520065308,0.07585424184799194,0.06974274665117264,-0.17068739235401154,0.024409960955381393,-0.14627742767333984,0.044795915484428406,0.03272172063589096,-0.3046743869781494,0.011452602222561836,-0.29322177171707153,0.028966831043362617,0.02340880036354065,-0.06331715732812881,0.008193080313503742,-0.05512407794594765,0.08775563538074493,0.07740234583616257,0.2576865553855896,0.02709082141518593,0.28477737307548523,0.023214856162667274,0.032048895955085754,0.44883474707603455,0.011217113584280014,0.46005186438560486,-0.021268073469400406,-0.03329175338149071,0.4291146695613861,-0.011652113869786263,0.417462557554245
7.54,0.0,0.075,0.0,0.022340541258371358,0.05279516772914881,-0.01616173752666228,-0.10429210215806961,0.3435618467628956,0.0,0.0,0.0,0.9813278913497925,0.06287407130002975,0.9981784820556641,0.011589588597416878,0.002927808789536357,-0.3678615987300873,0.0010247330646961927,-0.36683687567710876,-0.003223404521122575,-0.020255044102668762,-0.32030683755874634,-0.007089265156537294,-0.32739609479904175,-0.04227612912654877,-0.03916258364915848,-0.2582671344280243,-0.013706903904676437,-0.27197402715682983,-0.06768069416284561,-0.08266884088516235,-0.20110344886779785,-0.028934093192219734,-0.23003754019737244,-0.10148942470550537,-0.09532932937145233,-0.16665500402450562,-0.033365264534950256,-0.20002026855945587,0.07684008777141571,0.07187195122241974,-0.16567222774028778,0.02515518292784691,-0.14051704108715057,0.040548451244831085,0.03506974130868912,-0.30673548579216003,0.012274409644305706,-0.29446107149124146,0.037916772067546844,0.027761192992329597,-0.0829906240105629,0.009716417640447617,-0.07327421009540558,0.07234126329421997,0.07588402181863785,0.2398672103881836,0.026559406891465187,0.26642662286758423,0.018132546916604042,0.027873991057276726,0.45050138235092163,0.009755896404385567,0.46025729179382324,-0.010179431177675724,-0.02635805681347847,0.44861820340156555,-0.00922532007098198,0.43939289450645447
7.5600000000000005,0.0,0.075,0.0,0.01201781039493347,0.04095365793365126,-0.08310658957655755,-0.1016273945569992,0.3475589081645012,0.0,0.0,0.0,1.0011837482452393,0.06384588778018951,1.0174498558044434,0.022929584607481956,0.008928341791033745,-0.3753035068511963,0.0031249194871634245,-0.3721785843372345,-0.020131466910243034,-0.02021797001361847,-0.33372050523757935,-0.007076289504766464,-0.3407967984676361,-0.03161220997571945,-0.03689747303724289,-0.2734665274620056,-0.012914115563035011,-0.2863806486129761,-0.1050480529665947,-0.089382603764534,-0.2133452445268631,-0.0312839113175869,-0.2446291595697403,-0.0831642746925354,-0.09167981147766113,-0.17211885750293732,-0.03208793327212334,-0.20420679450035095,0.0719548761844635,0.07189682871103287,-0.16265302896499634,0.025163888931274414,-0.13748914003372192,0.046629320830106735,0.03853761404752731,-0.3066093325614929,0.013488165102899075,-0.2931211590766907,0.02877763845026493,0.028066128492355347,-0.10164334625005722,0.009823144413530827,-0.09182020276784897,0.08903204649686813,0.0798284262418747,0.22089208662509918,0.027939949184656143,0.24883203208446503,0.023795077577233315,0.026650317013263702,0.44997933506965637,0.009327610954642296,0.4593069553375244,-0.01353358756750822,-0.022510716691613197,0.4670657813549042,-0.007878750562667847,0.45918703079223633
7.58,0.0,0.075,0.0,0.0040931523709059605,0.032058287021926604,-0.13883512897687686,-0.13718204200267792,0.2942269369959831,0.0,0.0,0.0,1.0196125507354736,0.06205087900161743,1.033987283706665,0.029858971014618874,0.015207530930638313,-0.38087502121925354,0.005322635639458895,-0.37555238604545593,0.0008793205488473177,-0.013888782821595669,-0.34603071212768555,-0.004861074034124613,-0.3508917987346649,-0.03833349049091339,-0.03732828050851822,-0.2886737585067749,-0.013064897619187832,-0.3017386496067047,-0.05741167813539505,-0.07979132235050201,-0.2267037332057953,-0.027926962822675705,-0.2546306848526001,-0.09029263257980347,-0.09126365929841995,-0.17945978045463562,-0.03194228187203407,-0.2114020586013794,0.07282106578350067,0.07217410206794739,-0.16168548166751862,0.025260934606194496,-0.13642454147338867,0.041932445019483566,0.03955606371164322,-0.30429720878601074,0.013844622299075127,-0.29045259952545166,0.04994357377290726,0.03462935984134674,-0.11908523738384247,0.012120275758206844,-0.10696496069431305,0.07042992115020752,0.07700887322425842,0.20095454156398773,0.02695310488343239,0.22790764272212982,0.030132854357361794,0.027695078402757645,0.44727393984794617,0.009693277068436146,0.45696720480918884,8.709263056516647e-05,-0.01573137380182743,0.4842694401741028,-0.005505980923771858,0.4787634611129761
7.6000000000000005,0.0,0.075,0.0,-0.004017119360668374,0.023316989770946078,-0.19058821447362492,-0.13377144932746887,0.2993428260087967,0.0,0.0,0.0,1.036331295967102,0.06030670925974846,1.0477243661880493,0.03733509033918381,0.021845798939466476,-0.38447335362434387,0.007646029349416494,-0.37682732939720154,0.002372580347582698,-0.00901037361472845,-0.3570104241371155,-0.0031536307651549578,-0.3601640462875366,-0.04383731260895729,-0.03928098827600479,-0.30360835790634155,-0.013748345896601677,-0.3173567056655884,-0.05278307944536209,-0.07168884575366974,-0.24093253910541534,-0.02509109489619732,-0.2660236358642578,-0.0830550491809845,-0.0888010784983635,-0.18854238092899323,-0.031080376356840134,-0.21962276101112366,0.04588191956281662,0.06428644806146622,-0.16278743743896484,0.022500256076455116,-0.14028717577457428,0.07103124260902405,0.04899861663579941,-0.2998226583003998,0.017149515450000763,-0.2826731503009796,0.03941412270069122,0.036064788699150085,-0.13513855636119843,0.012622675858438015,-0.12251587957143784,0.08062183111906052,0.07809276133775711,0.18025776743888855,0.02733246609568596,0.2075902372598648,0.009258782491087914,0.02216418832540512,0.44241270422935486,0.007757465820759535,0.4501701593399048,-0.002539008855819702,-0.011773664504289627,0.500053882598877,-0.004120782483369112,0.49593308568000793
7.62,0.0,0.075,0.0,-0.010837562232704781,0.01723830505622122,-0.23395989144285276,-0.15063023567199707,0.2740546464920044,0.0,0.0,0.0,1.0510956048965454,0.059791989624500275,1.0616453886032104,0.03563055396080017,0.025981225073337555,-0.3860321640968323,0.00909342896193266,-0.37693873047828674,-0.015640953555703163,-0.010999547317624092,-0.36645710468292236,-0.003849841421470046,-0.37030693888664246,-0.045202042907476425,-0.04105730354785919,-0.3179948627948761,-0.014370055869221687,-0.33236491680145264,-0.062424492090940475,-0.06890954077243805,-0.2557692527770996,-0.024118339642882347,-0.2798875868320465,-0.0727309137582779,-0.0839800238609314,-0.1991991251707077,-0.02939300797879696,-0.2285921275615692,0.08251143991947174,0.06975394487380981,-0.16593855619430542,0.024413879960775375,-0.14152467250823975,0.028583060950040817,0.04287394881248474,-0.2932312786579132,0.015005881898105145,-0.2782253921031952,0.03486719727516174,0.03570551052689552,-0.14963971078395844,0.012496928684413433,-0.13714277744293213,0.08705208450555801,0.08078055828809738,0.15901267528533936,0.028273195028305054,0.1872858703136444,0.004731751978397369,0.016934458166360855,0.43544524908065796,0.005927060265094042,0.4413723051548004,-0.007569788955152035,-0.010512501932680607,0.5142582058906555,-0.0036793756298720837,0.5105788111686707
7.640000000000001,0.0,0.075,0.0,-0.016645275775333226,0.01350936025989912,-0.2689986207613053,-0.14594712853431702,0.2810793071985245,0.0,0.0,0.0,1.0637000799179077,0.060155238956213,1.0727143287658691,0.050202853977680206,0.03324771672487259,-0.38552266359329224,0.011636700481176376,-0.37388595938682556,0.005194348283112049,-0.006141378544270992,-0.37419652938842773,-0.0021494824904948473,-0.37634602189064026,-0.014232870191335678,-0.03300997242331505,-0.3315679728984833,-0.011553490534424782,-0.3431214690208435,-0.08987262845039368,-0.0751984715461731,-0.2709401845932007,-0.026319464668631554,-0.297259658575058,-0.08237104117870331,-0.08349733054637909,-0.2112334817647934,-0.02922406606376171,-0.24045754969120026,0.06829190254211426,0.06931532919406891,-0.17108072340488434,0.02426036447286606,-0.14682036638259888,0.043967027217149734,0.04320187121629715,-0.2845902740955353,0.015120654366910458,-0.26946961879730225,0.045778483152389526,0.038727402687072754,-0.1624409407377243,0.013554590754210949,-0.14888635277748108,0.07489604502916336,0.07901520282030106,0.13743574917316437,0.02765532024204731,0.16509106755256653,0.011411573737859726,0.015277592465281487,0.42644253373146057,0.00534715736284852,0.43178969621658325,0.005384060554206371,-0.005743532907217741,0.5267376899719238,-0.002010236494243145,0.524727463722229
7.66,0.0,0.075,0.0,-0.021777570520201642,0.011717588630445882,-0.28984865353601474,-0.16746000945568085,0.24880998581647873,0.0,0.0,0.0,1.0739778280258179,0.05760608986020088,1.0809850692749023,0.04054778441786766,0.03543773666024208,-0.38295429944992065,0.012403207831084728,-0.37055107951164246,0.015782931819558144,0.0004359148442745209,-0.3800859749317169,0.0001525701954960823,-0.3799334168434143,-0.017591845244169235,-0.028384534642100334,-0.34407728910446167,-0.00993458740413189,-0.3540118634700775,-0.04914557933807373,-0.06738260388374329,-0.2861655652523041,-0.02358391135931015,-0.3097494840621948,-0.08459058403968811,-0.08382530510425568,-0.22442349791526794,-0.029338857159018517,-0.2537623643875122,0.040262605994939804,0.06059951335191727,-0.17811910808086395,0.021209828555583954,-0.1569092869758606,0.05258972570300102,0.04601822793483734,-0.27398765087127686,0.0161063801497221,-0.2578812837600708,0.04819178581237793,0.041566718369722366,-0.1734117716550827,0.014548351056873798,-0.15886342525482178,0.06503554433584213,0.07482130825519562,0.1157468780875206,0.026187457144260406,0.141934335231781,0.023828325793147087,0.017842812463641167,0.4154963195323944,0.006244984455406666,0.4217413067817688,-0.0036982325837016106,-0.005129942670464516,0.5373651385307312,-0.0017954799113795161,0.5355696678161621
7.68,0.0,0.075,0.0,-0.02624259102211325,0.011752968155797358,-0.2957996076494096,-0.17421960830688477,0.23867058753967285,0.0,0.0,0.0,1.0817984342575073,0.05580117553472519,1.0875484943389893,0.05008242279291153,0.039831142872571945,-0.3783744275569916,0.013940899632871151,-0.36443352699279785,0.006139318458735943,0.002146936021745205,-0.38401681184768677,0.0007514276076108217,-0.3832653760910034,-0.016216449439525604,-0.02473410964012146,-0.3552921414375305,-0.008656938560307026,-0.36394909024238586,-0.04302418977022171,-0.06007508188486099,-0.30116456747055054,-0.021026277914643288,-0.3221908509731293,-0.08233107626438141,-0.08337704092264175,-0.2385258674621582,-0.029181964695453644,-0.26770782470703125,0.052197281271219254,0.058078840374946594,-0.18692389130592346,0.020327594131231308,-0.16659629344940186,0.0398092046380043,0.04415552318096161,-0.2615315020084381,0.015454432927072048,-0.24607707560062408,0.04252184182405472,0.04185325652360916,-0.18244042992591858,0.014648639596998692,-0.16779178380966187,0.06859051436185837,0.07295206934213638,0.0941670835018158,0.025533223524689674,0.11970030516386032,0.011731522157788277,0.01600942574441433,0.40271812677383423,0.005603299010545015,0.40832144021987915,0.007223284803330898,-0.0014239742886275053,0.5460323095321655,-0.0004983909893780947,0.5455338954925537
7.7,0.0,0.075,0.0,-0.03025938626214018,0.01273455891279227,-0.2942286749710634,-0.1610032171010971,0.25849517434835434,0.0,0.0,0.0,1.087066888809204,0.053855571895837784,1.0938048362731934,0.055893104523420334,0.04464973136782646,-0.37186747789382935,0.015627406537532806,-0.35624006390571594,-0.01484603900462389,-0.002950956579297781,-0.385916531085968,-0.0010328347561880946,-0.386949360370636,-0.01726512610912323,-0.02249341458082199,-0.36500564217567444,-0.007872695103287697,-0.3728783428668976,-0.05074832960963249,-0.05727705359458923,-0.3156605660915375,-0.020046968013048172,-0.33570754528045654,-0.07450143992900848,-0.08071435987949371,-0.25328052043914795,-0.02825002558529377,-0.28153055906295776,0.06874030828475952,0.06127728149294853,-0.19733268022537231,0.02144704759120941,-0.1758856326341629,-0.0027698995545506477,0.030077895149588585,-0.24734872579574585,0.010527263395488262,-0.23682145774364471,0.03545054793357849,0.03993244469165802,-0.18943488597869873,0.013976355083286762,-0.17545853555202484,0.06298916786909103,0.06996320188045502,0.07291626185178757,0.024487121030688286,0.097403384745121,0.0111873559653759,0.01456280518323183,0.38823816180229187,0.005096981767565012,0.39333513379096985,0.014909307472407818,0.003476010635495186,0.5526508688926697,0.0012166036758571863,0.5538674592971802
7.72,0.0,0.075,0.0,-0.032709875687494464,0.013856792076287367,-0.289623638652194,-0.1656128466129303,0.25158073008060455,0.0,0.0,0.0,1.089721918106079,0.05487263947725296,1.0959006547927856,0.06348191946744919,0.05029939115047455,-0.363553524017334,0.017604786902666092,-0.345948725938797,0.008397049270570278,0.0004534453619271517,-0.3857501149177551,0.00015870587958488613,-0.38559141755104065,0.01353779248893261,-0.011684052646160126,-0.3730386793613434,-0.0040894183330237865,-0.37712809443473816,-0.08071590214967728,-0.06430871039628983,-0.3293861746788025,-0.02250804752111435,-0.35189422965049744,-0.08332057297229767,-0.0814962238073349,-0.26841533184051514,-0.028523677960038185,-0.29693901538848877,0.06345944106578827,0.06193193048238754,-0.20915350317955017,0.02167617529630661,-0.18747732043266296,0.027474619448184967,0.029296912252902985,-0.2315838783979416,0.010253919288516045,-0.2213299572467804,0.04159530997276306,0.04043130576610565,-0.19432388246059418,0.014150956645607948,-0.18017292022705078,0.061579279601573944,0.06744802743196487,0.052210982888936996,0.023606808856129646,0.07581779360771179,0.00919308140873909,0.012951888144016266,0.3722040355205536,0.0045331609435379505,0.37673720717430115,0.023529380559921265,0.00949202198535204,0.5571532845497131,0.0033222076017409563,0.5604754686355591
7.74,0.0,0.075,0.0,-0.03465550738611426,0.01528768595210747,-0.28004515968974975,-0.16700027883052826,0.2494995817542076,0.0,0.0,0.0,1.0897328853607178,0.05271359160542488,1.094483733177185,0.055707208812236786,0.05192173644900322,-0.3535858690738678,0.018172606825828552,-0.33541327714920044,0.015114253386855125,0.004851688165217638,-0.38352060317993164,0.0016980908112600446,-0.38182252645492554,0.001934003084897995,-0.007598635740578175,-0.3792431056499481,-0.0026595224626362324,-0.38190263509750366,-0.048115961253643036,-0.05945088341832161,-0.3420882821083069,-0.02080780826508999,-0.3628960847854614,-0.07850979268550873,-0.08060029149055481,-0.2836511433124542,-0.028210101649165154,-0.3118612468242645,0.04250817373394966,0.05610480159521103,-0.22216834127902985,0.01963667944073677,-0.20253166556358337,0.02207484282553196,0.027130290865898132,-0.214397594332695,0.009495601989328861,-0.20490199327468872,0.03769034147262573,0.03960901498794556,-0.1970575749874115,0.0138631546869874,-0.18319441378116608,0.05957706645131111,0.0650867372751236,0.03226223960518837,0.02278035692870617,0.05504259467124939,-0.0012877937406301498,0.008679984137415886,0.35477912425994873,0.003037994494661689,0.3578171133995056,0.013001305051147938,0.010544806718826294,0.5594937801361084,0.003690682351589203,0.5631844401359558
7.76,0.0,0.075,0.0,-0.03600331148115071,0.017018011976094493,-0.26772422969754484,-0.16426163911819458,0.25360754132270813,0.0,0.0,0.0,1.0870983600616455,0.05138819292187691,1.0905083417892456,0.056324999779462814,0.05324271321296692,-0.3421483635902405,0.018634948879480362,-0.3235134184360504,0.006361496634781361,0.005304630845785141,-0.3792691230773926,0.001856620772741735,-0.37741249799728394,0.013752860948443413,-0.001193186268210411,-0.3835044503211975,-0.00041761519969440997,-0.3839220702648163,-0.05652828514575958,-0.05857410281896591,-0.3535325825214386,-0.02050093561410904,-0.37403351068496704,-0.07323523610830307,-0.07839077711105347,-0.29870694875717163,-0.027436772361397743,-0.32614371180534363,0.04880513250827789,0.05391489714384079,-0.23613713681697845,0.018870214000344276,-0.21726691722869873,0.018247202038764954,0.024465365335345268,-0.1959650218486786,0.008562877774238586,-0.18740214407444,0.03126027435064316,0.03710439056158066,-0.1976081281900406,0.012986536137759686,-0.18462158739566803,0.062499359250068665,0.06431052088737488,0.013273315504193306,0.022508682683110237,0.03578199818730354,-0.003677723929286003,0.004972671624273062,0.3361409604549408,0.0017404350219294429,0.3378813862800598,0.004079376347362995,0.008605177514255047,0.5596484541893005,0.00301181199029088,0.562660276889801
7.78,0.0,0.075,0.0,-0.037533831042139434,0.01901505427208794,-0.2516320181634419,-0.14779682457447052,0.2783047631382942,0.0,0.0,0.0,1.0818428993225098,0.05093516409397125,1.08351469039917,0.07206635922193527,0.058889806270599365,-0.32945194840431213,0.020611431449651718,-0.3088405132293701,0.011155389249324799,0.007059858180582523,-0.37307411432266235,0.002470950363203883,-0.37060317397117615,0.024394873529672623,0.006483231671154499,-0.3857441246509552,0.0022691311314702034,-0.38347500562667847,-0.06074326112866402,-0.05922485142946243,-0.363508015871048,-0.02072869800031185,-0.38423672318458557,-0.0756293535232544,-0.0775623470544815,-0.3133050501346588,-0.027146821841597557,-0.3404518663883209,0.039912790060043335,0.04971426725387573,-0.25080227851867676,0.017399992793798447,-0.233402281999588,0.019604243338108063,0.023007027804851532,-0.17647399008274078,0.008052459917962551,-0.16842153668403625,0.026668963953852654,0.03397376090288162,-0.19596993923187256,0.011890816502273083,-0.1840791255235672,0.05821394920349121,0.06248155236244202,-0.004562279675155878,0.021868543699383736,0.017306264489889145,-0.008073904551565647,0.001058698631823063,0.31647950410842896,0.0003705445269588381,0.31685003638267517,-0.0003005256876349449,0.005933466367423534,0.5576157569885254,0.0020767131354659796,0.5596924424171448
7.8,0.0,0.075,0.0,-0.03855800460685171,0.02175037430198218,-0.231630072825545,-0.1480211466550827,0.27796828001737595,0.0,0.0,0.0,1.074015736579895,0.04974360391497612,1.0748919248580933,0.0647418424487114,0.060645416378974915,-0.3157307803630829,0.02122589573264122,-0.29450488090515137,-0.001112107653170824,0.00460826838389039,-0.365049809217453,0.001612893887795508,-0.36343690752983093,0.032939933240413666,0.014420242980122566,-0.38592082262039185,0.005047084763646126,-0.38087373971939087,-0.06442878395318985,-0.06078603118658066,-0.3718305826187134,-0.0212751105427742,-0.393105685710907,-0.06513512134552002,-0.07383418083190918,-0.3271762430667877,-0.025841962546110153,-0.353018194437027,0.04459800943732262,0.04817938804626465,-0.26589325070381165,0.016862785443663597,-0.2490304708480835,0.0037986943498253822,0.017244528979063034,-0.1561231166124344,0.006035584956407547,-0.15008753538131714,0.021130936220288277,0.030120914801955223,-0.19215966761112213,0.01054232008755207,-0.1816173493862152,0.054636817425489426,0.06012813374400139,-0.02106279321014881,0.02104484662413597,-1.794658601284027e-05,0.0004947930574417114,0.0008895269711501896,0.2959951162338257,0.0003113344428129494,0.29630646109580994,-0.007309663109481335,0.001960527151823044,0.55341637134552,0.0006861845031380653,0.5541025400161743
7.82,0.0,0.075,0.0,-0.039453216003128816,0.025153461667903568,-0.20748071172110194,-0.1462937593460083,0.28055936098098755,0.0,0.0,0.0,1.063688039779663,0.04907163232564926,1.0637445449829102,0.06229704990983009,0.06114090979099274,-0.30123797059059143,0.02139931730926037,-0.2798386514186859,-0.0039902133867144585,0.0020287237130105495,-0.3553442060947418,0.0007100533111952245,-0.354634165763855,0.04607003182172775,0.023915179073810577,-0.3840312957763672,0.008370312862098217,-0.3756609857082367,-0.07100199162960052,-0.06385082006454468,-0.3783468008041382,-0.022347787395119667,-0.4006945788860321,-0.05808667093515396,-0.06910993158817291,-0.34006467461586,-0.02418847568333149,-0.3642531633377075,0.04664859175682068,0.04772014915943146,-0.2811317443847656,0.01670205220580101,-0.2644296884536743,-0.0015689581632614136,0.011600482277572155,-0.13511981070041656,0.0040601687505841255,-0.1310596466064453,0.017741786316037178,0.02640717662870884,-0.18621616065502167,0.009242511354386806,-0.17697365581989288,0.053338710218667984,0.05809130519628525,-0.03606007620692253,0.020331956446170807,-0.015728119760751724,0.0032669901847839355,0.0016027659876272082,0.2748965620994568,0.0005609680665656924,0.2754575312137604,-0.01097335945814848,-0.0019196390639990568,0.5470930933952332,-0.0006718736840412021,0.546421229839325
7.84,0.0,0.075,0.0,-0.03999322646229144,0.029227611206076795,-0.18198551408704264,-0.1390412300825119,0.29143815487623215,0.0,0.0,0.0,1.0509511232376099,0.04734622314572334,1.0497615337371826,0.06313712894916534,0.06173977255821228,-0.2862407863140106,0.021608920767903328,-0.26463186740875244,-0.0023535529617220163,0.0007140407105907798,-0.3441363275051117,0.00024991424288600683,-0.3438864052295685,0.047291092574596405,0.030927954241633415,-0.38011038303375244,0.010824783705174923,-0.36928561329841614,-0.05376696586608887,-0.060825664550065994,-0.3829364776611328,-0.021288981661200523,-0.4042254686355591,-0.05775473266839981,-0.0657033696770668,-0.35173264145851135,-0.02299617975950241,-0.37472882866859436,0.03252846375107765,0.043162643909454346,-0.29623672366142273,0.015106924809515476,-0.2811298072338104,-0.001574038527905941,0.007648125756531954,-0.11367807537317276,0.002676843898370862,-0.11100123077630997,0.009083542972803116,0.021210085600614548,-0.17820000648498535,0.007423529867082834,-0.17077647149562836,0.049635205417871475,0.055554475635290146,-0.04940129816532135,0.019444067031145096,-0.029957231134176254,0.0034233350306749344,0.0021489367354661226,0.2533988058567047,0.0007521278457716107,0.254150927066803,-0.019435111433267593,-0.007174281403422356,0.538710355758667,-0.002510998398065567,0.5361993312835693
7.86,0.0,0.075,0.0,-0.03982948036255914,0.03439734477552551,-0.14908077005637774,-0.13175927102565765,0.3023610934615135,0.0,0.0,0.0,1.0359145402908325,0.046277325600385666,1.0333764553070068,0.05844776704907417,0.06075217202305794,-0.27101582288742065,0.021263260394334793,-0.24975256621837616,-0.011395169422030449,-0.0029187225736677647,-0.3316328525543213,-0.0010215528309345245,-0.3326544165611267,0.05870185047388077,0.039260122925043106,-0.37423041462898254,0.013741042464971542,-0.3604893684387207,-0.059271592646837234,-0.06035944074392319,-0.3855149745941162,-0.021125804632902145,-0.40664076805114746,-0.04658588394522667,-0.05996812507510185,-0.3619649112224579,-0.020988844335079193,-0.3829537630081177,0.03567739203572273,0.04091706871986389,-0.3109295666217804,0.014320974238216877,-0.2966085970401764,-0.008358263410627842,0.0028462086338549852,-0.09201642870903015,0.0009961730102077127,-0.09102025628089905,0.002707073464989662,0.015659181401133537,-0.16819284856319427,0.005480713210999966,-0.16271214187145233,0.04997873678803444,0.05388175696134567,-0.06095051020383835,0.018858615309000015,-0.04209189489483833,0.0008643139153718948,0.00176354986615479,0.2317209243774414,0.0006172424182295799,0.23233816027641296,-0.02651146799325943,-0.012975437566637993,0.5283536314964294,-0.0045414031483232975,0.5238122344017029
7.88,0.0,0.075,0.0,-0.03904086711699691,0.03985854654559371,-0.11630181512405476,-0.12165482342243195,0.3175177648663521,0.0,0.0,0.0,1.0187056064605713,0.0453212596476078,1.0148940086364746,0.055594220757484436,0.05920478701591492,-0.2558439373970032,0.02072167582809925,-0.23512226343154907,-0.013058103621006012,-0.0059605371206998825,-0.31806445121765137,-0.00208618794567883,-0.3201506435871124,0.06452712416648865,0.04684022068977356,-0.3664998412132263,0.016394076868891716,-0.35010576248168945,-0.053620845079422,-0.05833786353468895,-0.3860347270965576,-0.020418252795934677,-0.4064529836177826,-0.04403764754533768,-0.05518898367881775,-0.3705728054046631,-0.019316144287586212,-0.3898889422416687,0.029434043914079666,0.037472162395715714,-0.3249393105506897,0.013115257024765015,-0.3118240535259247,-0.010242282412946224,-0.0010803388431668282,-0.0703556165099144,-0.00037811859510838985,-0.07073373347520828,-0.005328120663762093,0.009362990036606789,-0.15629670023918152,0.00327704637311399,-0.15301965177059174,0.0500020869076252,0.05271785706281662,-0.07059001177549362,0.018451249226927757,-0.052138760685920715,-0.006946440786123276,-0.0008494474459439516,0.21008385717868805,-0.00029730660025961697,0.2097865492105484,-0.02848152443766594,-0.01762726530432701,0.516128420829773,-0.006169542670249939,0.5099588632583618
7.9,0.0,0.075,0.0,-0.0368855048051489,0.04620856416090289,-0.07597340231748954,-0.09513185918331146,0.3573022112250328,0.0,0.0,0.0,0.9994679689407349,0.046406906098127365,0.9945557713508606,0.05698871985077858,0.058539967983961105,-0.24100488424301147,0.020488988608121872,-0.2205158919095993,-0.01505376398563385,-0.008688505738973618,-0.303681343793869,-0.003040977055206895,-0.3067223131656647,0.07575978338718414,0.055516090244054794,-0.3570612370967865,0.019430631771683693,-0.33763059973716736,-0.06879869103431702,-0.06147611141204834,-0.3844861686229706,-0.02151663787662983,-0.40600281953811646,-0.0388236865401268,-0.050279393792152405,-0.3773975372314453,-0.017597787082195282,-0.3949953317642212,0.031727079302072525,0.03574863821268082,-0.33800753951072693,0.0125120235607028,-0.32549551129341125,-0.015481728129088879,-0.005400755908340216,-0.04891636595129967,-0.0018902645679190755,-0.05080663040280342,-0.013654310256242752,0.0024577993899583817,-0.14263278245925903,0.0008602297748439014,-0.1417725533246994,0.05555206537246704,0.05356811732053757,-0.07822158187627792,0.01874884031713009,-0.059472739696502686,-0.018831131979823112,-0.006243953015655279,0.18870806694030762,-0.002185383578762412,0.1865226775407791,-0.030898194760084152,-0.021608544513583183,0.5021592974662781,-0.007562990300357342,0.49459630250930786
7.92,0.0,0.075,0.0,-0.0347223952842084,0.0523138669939582,-0.039468003892282034,-0.0774327740073204,0.3838508389890194,0.0,0.0,0.0,0.9783617854118347,0.04646679759025574,0.9723785519599915,0.059544797986745834,0.058841414749622345,-0.22677239775657654,0.02059449441730976,-0.20617790520191193,-0.015946879982948303,-0.010866018012166023,-0.28874877095222473,-0.0038031062576919794,-0.2925518751144409,0.07079660892486572,0.0601002462208271,-0.3460886478424072,0.021035086363554,-0.3250535726547241,-0.046911101788282394,-0.05710660666227341,-0.3808978199958801,-0.019987311214208603,-0.40088513493537903,-0.04542357102036476,-0.04882264509797096,-0.38231325149536133,-0.017087925225496292,-0.3994011878967285,0.02122357115149498,0.031391117721796036,-0.3498932421207428,0.010986890643835068,-0.33890634775161743,-0.016364220529794693,-0.00868979562073946,-0.027917152270674706,-0.0030414285138249397,-0.03095858171582222,-0.019946126267313957,-0.00426337867975235,-0.12734033167362213,-0.0014921824913471937,-0.12883251905441284,0.05512573570013046,0.054035402834415436,-0.08376744389533997,0.018912389874458313,-0.06485505402088165,-0.020432407036423683,-0.010500489734113216,0.16781140863895416,-0.0036751714069396257,0.16413623094558716,-0.03646506741642952,-0.02606550231575966,0.48658862709999084,-0.00912292581051588,0.4774656891822815
7.94,0.0,0.075,0.0,-0.03166873994967125,0.05921966579512885,0.00430123740252449,-0.06423864513635635,0.40364203229546547,0.0,0.0,0.0,0.9555640816688538,0.04365963861346245,0.9484935998916626,0.03366684913635254,0.051289044320583344,-0.213408961892128,0.01795116439461708,-0.1954578012228012,-0.02167770266532898,-0.014109523966908455,-0.273542195558548,-0.004938333295285702,-0.27848052978515625,0.056022875010967255,0.05887703597545624,-0.3337845206260681,0.020606962963938713,-0.31317755579948425,-0.01871168613433838,-0.04558812826871872,-0.3753358721733093,-0.015955844894051552,-0.39129170775413513,-0.03757819905877113,-0.045449309051036835,-0.3852292597293854,-0.015907257795333862,-0.40113651752471924,0.004058368504047394,0.023191291838884354,-0.3603771924972534,0.008116952143609524,-0.3522602319717407,-0.02840936928987503,-0.014605668373405933,-0.00757197430357337,-0.005111983977258205,-0.012683957815170288,-0.031087573617696762,-0.012310637161135674,-0.11057517677545547,-0.004308722913265228,-0.1148838996887207,0.049541156738996506,0.05268712714314461,-0.08717108517885208,0.018440494313836098,-0.06873059272766113,-0.03546052426099777,-0.017988501116633415,0.14760680496692657,-0.006295975297689438,0.14131082594394684,-0.05064660683274269,-0.03343983367085457,0.46957510709762573,-0.011703941971063614,0.4578711688518524
7.96,0.0,0.075,0.0,-0.02844666449951765,0.06621813693749784,0.045334134158916996,-0.051883354783058167,0.42217496782541275,0.0,0.0,0.0,0.931269645690918,0.04243423044681549,0.9237410426139832,0.022683946415781975,0.04270751401782036,-0.20116105675697327,0.014947629533708096,-0.1862134337425232,-0.02469024620950222,-0.017283741384744644,-0.25834208726882935,-0.006049309391528368,-0.26439139246940613,0.06040706858038902,0.05933604761958122,-0.3203757107257843,0.020767616108059883,-0.2996080815792084,-0.01765393279492855,-0.03720787167549133,-0.367902934551239,-0.013022755272686481,-0.3809256851673126,-0.04277884215116501,-0.044648170471191406,-0.38609179854393005,-0.015626858919858932,-0.4017186462879181,0.0009017158299684525,0.01650441810488701,-0.36926600337028503,0.0057765464298427105,-0.36348944902420044,-0.0290524959564209,-0.01893971674144268,0.011911844834685326,-0.006628900766372681,0.005282944068312645,-0.03441673517227173,-0.018942467868328094,-0.09250818192958832,-0.006629863753914833,-0.099138043820858,0.04726308956742287,0.051059916615486145,-0.08839782327413559,0.01787097007036209,-0.0705268532037735,-0.017639385536313057,-0.017883766442537308,0.12830016016960144,-0.006259317975491285,0.12204084545373917,-0.06185922399163246,-0.041965652257204056,0.4512920677661896,-0.014687977731227875,0.4366040825843811
7.98,0.0,0.075,0.0,-0.02372062830831956,0.07431855884169254,0.09311357889403116,-0.0333239883184433,0.45001401752233505,0.0,0.0,0.0,0.9056931734085083,0.04403579607605934,0.8970099687576294,0.01856742985546589,0.035465486347675323,-0.1902545690536499,0.012412919662892818,-0.1778416484594345,-0.031207701191306114,-0.02146092988550663,-0.24342875182628632,-0.007511325180530548,-0.25094008445739746,0.07463433593511581,0.06392553448677063,-0.30610957741737366,0.02237393707036972,-0.28373563289642334,-0.03933941572904587,-0.03784733638167381,-0.3587360978126526,-0.01324656791985035,-0.3719826638698578,-0.02823304943740368,-0.03972363471984863,-0.38488495349884033,-0.013903272338211536,-0.3987882137298584,0.007357209920883179,0.01376025564968586,-0.3763957917690277,0.004816089291125536,-0.37157970666885376,-0.021247457712888718,-0.019632039591670036,0.03033575415611267,-0.006871213670819998,0.023464540019631386,-0.04641667753458023,-0.027184732258319855,-0.07332344353199005,-0.00951465591788292,-0.08283810317516327,0.050584763288497925,0.0509173683822155,-0.08743514865636826,0.01782107912003994,-0.06961406767368317,-0.025311704725027084,-0.02011214755475521,0.11008822917938232,-0.007039251737296581,0.10304898023605347,-0.07540465146303177,-0.0519973523914814,0.43192583322525024,-0.018199073150753975,0.4137267470359802
8.0,0.0,0.075,0.0,-0.01861156698628682,0.08198879340539551,0.13648549768662713,-0.010411273688077927,0.4843830894678831,0.0,0.0,0.0,0.8790714740753174,0.045542143285274506,0.8697454333305359,0.009855495765805244,0.027782488614320755,-0.18089066445827484,0.009723871015012264,-0.17116679251194,-0.03454575315117836,-0.025386376306414604,-0.2290772646665573,-0.008885231800377369,-0.2379624992609024,0.07411155104637146,0.06698133796453476,-0.29124924540519714,0.023443467915058136,-0.2678057849407196,-0.03169361874461174,-0.03600122034549713,-0.34800440073013306,-0.012600426562130451,-0.36060482263565063,-0.03400697559118271,-0.038008637726306915,-0.3816309869289398,-0.01330302283167839,-0.3949339985847473,0.0005736388266086578,0.00980427023023367,-0.38163504004478455,0.0034314945805817842,-0.37820354104042053,-0.028081238269805908,-0.022166799753904343,0.047512006014585495,-0.00775837991386652,0.03975362703204155,-0.04627147316932678,-0.032910753041505814,-0.05321647599339485,-0.01151876337826252,-0.06473524123430252,0.04333864524960518,0.04864375293254852,-0.08429288119077682,0.017025312408804893,-0.06726756691932678,-0.017575453966856003,-0.019351139664649963,0.0931565910577774,-0.006772898603230715,0.08638369292020798,-0.08621007204055786,-0.06226117163896561,0.41167378425598145,-0.021791409701108932,0.3898823857307434
8.02,0.0,0.075,0.0,-0.007102267354203246,0.09365653894170538,0.21828019465137902,0.01532074250280857,0.5229811137542129,0.016086779627948997,0.0,0.016086779627948997,0.8589937686920166,0.04701784998178482,0.8560366034507751,-0.0032519781962037086,0.01847214810550213,-0.2104874700307846,0.006465251557528973,-0.20402221381664276,-0.042454179376363754,-0.030506718903779984,-0.2700388431549072,-0.010677351616322994,-0.2807161808013916,0.06610645353794098,0.06671887636184692,-0.3307926058769226,0.023351605981588364,-0.30744099617004395,-0.02512819878757,-0.0327393114566803,-0.37378913164138794,-0.01145875919610262,-0.3852478861808777,-0.03546997159719467,-0.03724703937768936,-0.38561034202575684,-0.013036463409662247,-0.3986468017101288,-0.004857535474002361,0.005405728705227375,-0.3625671863555908,0.0018920049769803882,-0.360675185918808,-0.03363630548119545,-0.025607652962207794,0.09934528917074203,-0.008962678723037243,0.09038261324167252,-0.05119801312685013,-0.0383969321846962,0.19806495308876038,-0.013438926078379154,0.1846260279417038,0.03969189152121544,0.04595819115638733,0.1177990511059761,0.016085365787148476,0.13388441503047943,-0.013983706943690777,-0.01774090901017189,0.046093348413705826,-0.006209318060427904,0.03988403081893921,-0.0968823954463005,-0.07264754176139832,0.16202345490455627,-0.02542663924396038,0.13659681379795074
8.040000000000001,0.0,0.075,0.0,0.004690980911005554,0.10581251229716065,0.30674316742470586,0.13489843904972076,0.7023476585745811,0.14164336100220679,0.0,0.14164336100220679,0.8501384258270264,0.05511651933193207,0.848984956741333,0.01836310140788555,0.018439434468746185,-0.19852861762046814,0.00645380187779665,-0.19207482039928436,-0.07244947552680969,-0.043089546263217926,-0.2548799216747284,-0.015081341378390789,-0.26996126770973206,0.08182580769062042,0.07125095278024673,-0.3171643018722534,0.024937832728028297,-0.2922264635562897,-0.06831706315279007,-0.04341264069080353,-0.36594444513320923,-0.01519442442804575,-0.3811388611793518,-0.07606398314237595,-0.04889212176203728,-0.3859974145889282,-0.017112242057919502,-0.40310966968536377,0.023078057914972305,0.010707427747547626,-0.3710651993751526,0.0037475996650755405,-0.3673175871372223,-0.11063805222511292,-0.05111677199602127,0.08853752911090851,-0.017890870571136475,0.07064665853977203,-0.07118067890405655,-0.0482320562005043,0.20883165299892426,-0.016881220042705536,0.19195044040679932,0.018489940091967583,0.03771771490573883,0.13948678970336914,0.013201200403273106,0.15268799662590027,-0.039652422070503235,-0.024314362555742264,0.05724256858229637,-0.008510027080774307,0.048732541501522064,-0.0925828069448471,-0.07862812280654907,0.15160223841667175,-0.027519842609763145,0.12408239394426346
8.06,0.0,0.075,0.0,0.01354429300797484,0.11148050016662686,0.35396484468349004,0.09988529980182648,0.6498279497027397,0.10487956479191779,0.0,0.10487956479191779,0.8405541181564331,0.05823446065187454,0.8438394665718079,-0.08039822429418564,-0.011211864650249481,-0.18795974552631378,-0.003924152348190546,-0.1918838918209076,-0.02418198250234127,-0.037417277693748474,-0.24007165431976318,-0.013096046634018421,-0.25316768884658813,0.029678385704755783,0.05877918004989624,-0.30273786187171936,0.020572712644934654,-0.28216513991355896,-0.019276458770036697,-0.03617178648710251,-0.3564019799232483,-0.012660125270485878,-0.3690620958805084,-0.1125694215297699,-0.06799530982971191,-0.3843168318271637,-0.02379835769534111,-0.4081151783466339,-0.02730329893529415,-0.000695791095495224,-0.3777709901332855,-0.0002435268834233284,-0.3780145049095154,-0.04345346614718437,-0.04881778359413147,0.07588900625705719,-0.017086224630475044,0.058802783489227295,-0.11702040582895279,-0.06886856257915497,0.2176453024148941,-0.02410399727523327,0.19354130327701569,-0.0031052399426698685,0.025470828637480736,0.16104169189929962,0.008914790116250515,0.16995647549629211,-0.03544685244560242,-0.02765411138534546,0.07021060585975647,-0.009678938426077366,0.06053166836500168,-0.1189529299736023,-0.09072557091712952,0.14315181970596313,-0.03175394982099533,0.1113978698849678
8.08,0.0,0.075,0.0,0.022362578487751254,0.11838221728476661,0.4049227385645556,0.1286775916814804,0.6930163875222206,0.13511147126555442,0.0,0.13511147126555442,0.8304261565208435,0.06358512490987778,0.837329626083374,0.02052949368953705,-0.0016894564032554626,-0.17897579073905945,-0.0005913097411394119,-0.1795670986175537,-0.07129689306020737,-0.04758116230368614,-0.22588713467121124,-0.016653407365083694,-0.24254053831100464,0.06340998411178589,0.060168422758579254,-0.28777942061424255,0.02105894684791565,-0.2667204737663269,-0.026189465075731277,-0.03317709267139435,-0.3453376889228821,-0.011611982248723507,-0.35694965720176697,-0.11809647083282471,-0.08302565664052963,-0.38059961795806885,-0.02905897982418537,-0.40965861082077026,-0.037619199603796005,-0.011772814206779003,-0.3825608789920807,-0.004120484925806522,-0.38668137788772583,-0.09501462429761887,-0.06267683953046799,0.06152861565351486,-0.021936893463134766,0.039591722190380096,-0.10252980142831802,-0.07896693795919418,0.22441606223583221,-0.027638427913188934,0.19677764177322388,0.02421412244439125,0.025093816220760345,0.18224407732486725,0.008782835677266121,0.19102691113948822,0.006744256243109703,-0.017334599047899246,0.08486530184745789,-0.006067109759896994,0.07879818975925446,-0.08440474420785904,-0.08882932364940643,0.13675831258296967,-0.03109026327729225,0.10566805303096771
8.1,0.0,0.075,0.0,0.03309825241194035,0.12424759992759381,0.45328366541996934,0.11190052330493927,0.6678507849574089,0.11749554947018623,0.0,0.11749554947018623,0.8199833035469055,0.0708221048116684,0.8277709484100342,-0.06238555908203125,-0.01989828795194626,-0.17174240946769714,-0.006964400876313448,-0.1787068098783493,-0.06593271344900131,-0.05308663100004196,-0.21258799731731415,-0.018580321222543716,-0.23116831481456757,0.06361432373523712,0.061202190816402435,-0.2725648283958435,0.021420765668153763,-0.25114405155181885,-0.03437213972210884,-0.033535607159137726,-0.3329557180404663,-0.011737462133169174,-0.3446931838989258,-0.10497008264064789,-0.08960898220539093,-0.3749143183231354,-0.031363144516944885,-0.40627747774124146,0.001554606482386589,-0.007774587720632553,-0.38534650206565857,-0.0027211057022213936,-0.3880676031112671,-0.07763943821191788,-0.06716562062501907,0.045602697879076004,-0.023507967591285706,0.0220947302877903,-0.14647363126277924,-0.09921894967556,0.22907495498657227,-0.03472663089632988,0.1943483203649521,0.03103449195623398,0.026876019313931465,0.20287790894508362,0.009406606666743755,0.21228452026844025,-0.004122603684663773,-0.013371000997722149,0.10105733573436737,-0.004679850302636623,0.09637748450040817,-0.11785800755023956,-0.09753793478012085,0.13248687982559204,-0.0341382771730423,0.09834860265254974
8.120000000000001,0.0,0.075,0.0,0.044137179396390426,0.13181450115623114,0.514533222186145,0.17372116446495056,0.7605817466974258,0.1824072226881981,0.0,0.1824072226881981,0.8094971776008606,0.07564140111207962,0.8206487894058228,0.017335299402475357,-0.008728211745619774,-0.16639305651187897,-0.0030548740178346634,-0.16944792866706848,-0.10945037752389908,-0.06999576091766357,-0.20041953027248383,-0.02449851669371128,-0.22491805255413055,0.08126072585582733,0.06721974909305573,-0.25737470388412476,0.023526912555098534,-0.23384779691696167,-0.047871243208646774,-0.03783629834651947,-0.3194843530654907,-0.01324270386248827,-0.3327270448207855,-0.08551733195781708,-0.08838149160146713,-0.3673657774925232,-0.030933521687984467,-0.39829930663108826,-0.02472391352057457,-0.012859385460615158,-0.3860764801502228,-0.004500784911215305,-0.3905772566795349,-0.10709966719150543,-0.07914583384990692,0.02827354706823826,-0.027701040729880333,0.0005725063383579254,-0.1122935339808464,-0.10314132273197174,0.23157449066638947,-0.03609946370124817,0.1954750269651413,0.06921800225973129,0.03957861661911011,0.22273290157318115,0.013852515257894993,0.23658542335033417,0.03118889592587948,-3.0314549803733826e-06,0.11862168461084366,-1.061009243130684e-06,0.1186206266283989,-0.09449036419391632,-0.09662366658449173,0.1303810328245163,-0.033818282186985016,0.09656275063753128
8.14,0.0,0.075,0.0,0.04948476214221125,0.1311768554375404,0.5405851688573445,0.12929685413837433,0.6939452812075615,0.13576169684529305,0.0,0.13576169684529305,0.7992790937423706,0.07152609527111053,0.8150203227996826,-0.0638345256447792,-0.02526010572910309,-0.163026362657547,-0.008841036818921566,-0.17186740040779114,-0.07501751184463501,-0.07150228321552277,-0.18960615992546082,-0.02502579800784588,-0.21463195979595184,0.02867891453206539,0.05565749853849411,-0.24248920381069183,0.01948012411594391,-0.22300907969474792,-0.05201994255185127,-0.04209139198064804,-0.3051721155643463,-0.01473198737949133,-0.319904088973999,-0.0711870938539505,-0.08322317153215408,-0.3580932319164276,-0.02912811003625393,-0.3872213363647461,-0.028741898015141487,-0.0176241397857666,-0.3847373425960541,-0.006168448831886053,-0.39090579748153687,-0.027670539915561676,-0.06370324641466141,0.009717750363051891,-0.022296136245131493,-0.012578385882079601,-0.06421510130167007,-0.09146346151828766,0.23188920319080353,-0.0320122092962265,0.19987699389457703,0.04554875195026398,0.04136965796351433,0.2416067272424698,0.0144793801009655,0.2560861110687256,0.002809247002005577,0.0008406520937569439,0.13737936317920685,0.00029422822990454733,0.13767358660697937,-0.10403095185756683,-0.09884585440158844,0.13046224415302277,-0.034596048295497894,0.09586619585752487
8.16,0.0,0.075,0.0,0.055809381143530686,0.13227663715472052,0.5615242192568406,0.1332559436559677,0.6998839154839516,0.1399187408387661,0.0,0.1399187408387661,0.7896743416786194,0.06845913827419281,0.8042883276939392,-0.04146657511591911,-0.030122045427560806,-0.1617044359445572,-0.010542715899646282,-0.17224715650081635,-0.06147131696343422,-0.06849299371242523,-0.18034732341766357,-0.02397254668176174,-0.20431986451148987,0.020640544593334198,0.04515241086483002,-0.22818289697170258,0.015803342685103416,-0.2123795598745346,-0.011168472468852997,-0.03281451761722565,-0.2902829349040985,-0.011485081166028976,-0.3017680048942566,-0.0867936909198761,-0.08429432660341263,-0.3472677171230316,-0.02950301393866539,-0.3767707347869873,0.007801448926329613,-0.009996462613344193,-0.38135382533073425,-0.0034987619146704674,-0.3848525881767273,-0.0678105354309082,-0.06493543088436127,-0.00987559650093317,-0.022727400064468384,-0.03260299563407898,-0.08428185433149338,-0.0893089771270752,0.23001588881015778,-0.03125813975930214,0.19875775277614594,0.030362308025360107,0.03806745260953903,0.25930705666542053,0.013323607854545116,0.2726306617259979,-0.013614349067211151,-0.0034958485048264265,0.15713922679424286,-0.0012235469184815884,0.15591567754745483,-0.07999923080205917,-0.09319186955690384,0.1327296793460846,-0.03261715546250343,0.10011252760887146
8.18,0.0,0.075,0.0,0.06088176741357165,0.13196135191039318,0.5690779975826542,0.12275922298431396,0.684138834476471,0.12889718413352966,0.0,0.12889718413352966,0.781053364276886,0.06575168669223785,0.7933405041694641,-0.06293103843927383,-0.039964742958545685,-0.16245165467262268,-0.013987659476697445,-0.1764393150806427,-0.04898820072412491,-0.06264155358076096,-0.1728138029575348,-0.021924544125795364,-0.19473834335803986,0.03849875181913376,0.04315631091594696,-0.21471962332725525,0.015104708261787891,-0.19961491227149963,0.027341589331626892,-0.01476768497377634,-0.2750914394855499,-0.005168689880520105,-0.2802601158618927,-0.04348515719175339,-0.07205157727003098,-0.3350888788700104,-0.025218050926923752,-0.36030691862106323,-0.0020233802497386932,-0.0076045379973948,-0.37598830461502075,-0.002661588368937373,-0.37864989042282104,-0.09906831383705139,-0.07517529278993607,-0.030306827276945114,-0.026311352849006653,-0.05661818012595177,-0.1034725233912468,-0.09355803579092026,0.22597363591194153,-0.03274531289935112,0.1932283192873001,0.066395103931427,0.04656574875116348,0.2756534814834595,0.01629801094532013,0.2919514775276184,-0.013620455749332905,-0.006533230654895306,0.17769992351531982,-0.0022866306826472282,0.17541329562664032,-0.036972805857658386,-0.0763261541724205,0.13716024160385132,-0.026714153587818146,0.11044608801603317
8.2,0.0,0.075,0.0,0.06304000489520738,0.13039136882002014,0.5662883461557809,0.06390984356403351,0.5958647653460503,0.06710533574223518,0.0,0.06710533574223518,0.7737987041473389,0.06277526170015335,0.7877859473228455,-0.14351531863212585,-0.0710299164056778,-0.16525423526763916,-0.02486046962440014,-0.19011470675468445,-0.03832390904426575,-0.05534626170992851,-0.1671445071697235,-0.019371191039681435,-0.1865157037973404,0.025195002555847168,0.0377679169178009,-0.20234769582748413,0.013218770734965801,-0.18912892043590546,-0.05988277494907379,-0.028302211314439774,-0.2598778307437897,-0.009905774146318436,-0.269783616065979,-0.03731526434421539,-0.06163068115711212,-0.32178130745887756,-0.021570738404989243,-0.3433520495891571,0.03358305245637894,0.0047517395578324795,-0.3687397241592407,0.0016631088219583035,-0.3670766055583954,-0.049792852252721786,-0.06756056100130081,-0.05136774107813835,-0.023646196350455284,-0.07501393556594849,-0.05658923089504242,-0.08246739208698273,0.21980364620685577,-0.028863586485385895,0.19094005227088928,0.03444105014204979,0.042928338050842285,0.29047948122024536,0.015024918131530285,0.3055044114589691,-0.003054402768611908,-0.005489582195878029,0.19885189831256866,-0.0019213537452742457,0.19693054258823395,-0.05222342908382416,-0.06909533590078354,0.14370878040790558,-0.02418336644768715,0.11952541768550873
8.22,0.0,0.075,0.0,0.06852186782675461,0.13071507112424988,0.5693202795060343,0.10082900524139404,0.6512435078620911,0.10587045550346375,0.0,0.10587045550346375,0.7682889103889465,0.05776485055685043,0.7841265797615051,-0.06250803917646408,-0.06847335398197174,-0.17006050050258636,-0.02396567352116108,-0.1940261721611023,-0.029894737526774406,-0.04771080240607262,-0.16344404220581055,-0.01669878140091896,-0.1801428198814392,-0.007255807518959045,0.02426079846918583,-0.1912953108549118,0.008491279557347298,-0.18280403316020966,-0.00019615772180259228,-0.019870394840836525,-0.2449226826429367,-0.006954638287425041,-0.2518773078918457,-0.0677691325545311,-0.063472218811512,-0.307590514421463,-0.022215276956558228,-0.32980579137802124,0.01707947812974453,0.008450061082839966,-0.35974183678627014,0.002957521239295602,-0.35678431391716003,-0.0398133285343647,-0.05923639237880707,-0.07284370809793472,-0.020732736214995384,-0.09357644617557526,-0.0561058446764946,-0.07455892860889435,0.21156875789165497,-0.026095625013113022,0.18547312915325165,0.05031629651784897,0.04514472559094429,0.3036339581012726,0.015800653025507927,0.31943461298942566,0.037399180233478546,0.007377047091722488,0.22037963569164276,0.0025819663424044847,0.22296160459518433,-0.050387460738420486,-0.06348296999931335,0.15230855345726013,-0.022219039499759674,0.13008952140808105
8.24,0.0,0.075,0.0,0.06699613353112775,0.12733577617876676,0.5501695275702492,0.06026217341423035,0.5903932601213455,0.06327528208494186,0.0,0.06327528208494186,0.7648787498474121,0.06020583584904671,0.7824051380157471,-0.12072170525789261,-0.0841478556394577,-0.1767817884683609,-0.029451748356223106,-0.20623353123664856,-0.053109847009181976,-0.049330517649650574,-0.16178062558174133,-0.0172656811773777,-0.17904630303382874,0.018451780080795288,0.022518092766404152,-0.1817663013935089,0.00788133218884468,-0.17388497292995453,-0.03574478253722191,-0.024632710963487625,-0.23050183057785034,-0.008621448650956154,-0.23912328481674194,-0.017717577517032623,-0.0497458279132843,-0.2927781641483307,-0.017411040142178535,-0.31018921732902527,0.018820978701114655,0.011561335995793343,-0.3491605222225189,0.00404646759852767,-0.3451140522956848,-0.06128654256463051,-0.05985143780708313,-0.09451588988304138,-0.020948002114892006,-0.11546389013528824,-0.0718020349740982,-0.07373186200857162,0.20135293900966644,-0.02580615133047104,0.175546795129776,0.05784730613231659,0.04895550012588501,0.3149828016757965,0.017134424299001694,0.3321172297000885,0.03173498064279556,0.01468442752957344,0.2420637309551239,0.005139549728482962,0.2472032755613327,-0.0809381902217865,-0.0687195360660553,0.16287192702293396,-0.024051837623119354,0.138820081949234
8.26,0.0,0.075,0.0,0.06860594992194942,0.12549311556314915,0.5357499526376402,0.0829068198800087,0.624360229820013,0.08705216087400913,0.0,0.08705216087400913,0.7638781666755676,0.05684034153819084,0.7839419841766357,-0.051873739808797836,-0.07446561753749847,-0.18529413640499115,-0.026062965393066406,-0.21135710179805756,-0.04759470000863075,-0.04880977421998978,-0.1621849536895752,-0.01708342134952545,-0.17926837503910065,-0.01672370731830597,0.010745551437139511,-0.17393642663955688,0.0037609429564327,-0.1701754778623581,-0.018224520608782768,-0.022710252553224564,-0.21688124537467957,-0.007948588579893112,-0.22482983767986298,-0.059649884700775146,-0.052717044949531555,-0.277617484331131,-0.018450966104865074,-0.2960684597492218,0.029478799551725388,0.01693657413125038,-0.33719098567962646,0.005927800666540861,-0.3312631845474243,-0.029405806213617325,-0.05071774870157242,-0.11616343259811401,-0.017751211300492287,-0.13391464948654175,-0.04434642940759659,-0.064916230738163,0.18926025927066803,-0.02272067964076996,0.16653957962989807,0.05954909697175026,0.052133578807115555,0.32441043853759766,0.01824675314128399,0.3426571786403656,0.0576908141374588,0.02758634462952614,0.2636832296848297,0.009655220434069633,0.2733384370803833,-0.06286520510911942,-0.06696324050426483,0.1752912700176239,-0.0234371330589056,0.15185414254665375
8.28,0.0,0.075,0.0,0.06992638684032351,0.12335377979327887,0.519173817207991,0.06604035198688507,0.5990605279803276,0.06934236958622932,0.0,0.06934236958622932,0.7655310034751892,0.058332428336143494,0.7895421981811523,-0.08343232423067093,-0.07715562731027603,-0.19544054567813873,-0.02700446918606758,-0.22244501113891602,-0.0624518096446991,-0.05290238559246063,-0.16464956104755402,-0.01851583458483219,-0.18316540122032166,0.004851590842008591,0.008977362886071205,-0.1679501086473465,0.003142077010124922,-0.16480803489685059,-0.06948548555374146,-0.03674282133579254,-0.20431214570999146,-0.01285998709499836,-0.21717213094234467,-0.04885752871632576,-0.051559191197156906,-0.26238808035850525,-0.018045715987682343,-0.2804338037967682,0.03785141929984093,0.023211028426885605,-0.3240540027618408,0.008123859763145447,-0.3159301280975342,-0.03224256634712219,-0.04517519474029541,-0.1375657320022583,-0.015811318531632423,-0.15337705612182617,-0.035484932363033295,-0.056086838245391846,0.17541395127773285,-0.019630393013358116,0.15578356385231018,0.06378928571939468,0.05563029274344444,0.3318207561969757,0.01947060227394104,0.35129135847091675,0.06202247738838196,0.037917185574769974,0.28501781821250916,0.013271015137434006,0.29828882217407227,-0.0717523917555809,-0.06839998066425323,0.18943999707698822,-0.023939993232488632,0.1655000001192093
8.3,0.0,0.075,0.0,0.07386745014342194,0.1198640080920844,0.4974009760743183,0.05254581570625305,0.5788187235593796,0.0551731064915657,0.0,0.0551731064915657,0.7699969410896301,0.05692485719919205,0.7952345013618469,-0.04833463206887245,-0.06850932538509369,-0.2070339024066925,-0.02397826313972473,-0.23101216554641724,-0.045267947018146515,-0.05061205476522446,-0.16912899911403656,-0.01771421916782856,-0.18684321641921997,-0.007134471088647842,0.004143812693655491,-0.16391772031784058,0.0014503344427794218,-0.16246739029884338,-0.049905795603990555,-0.040691714733839035,-0.1930263489484787,-0.014242099598050117,-0.20726844668388367,-0.05597568675875664,-0.052884139120578766,-0.2473708540201187,-0.01850944757461548,-0.265880286693573,0.04923536255955696,0.031018327921628952,-0.3099918067455292,0.010856414213776588,-0.29913538694381714,-0.027631379663944244,-0.03991205245256424,-0.1585046797990799,-0.013969218358397484,-0.17247389256954193,-0.036446861922740936,-0.05019484460353851,0.15995512902736664,-0.01756819523870945,0.14238692820072174,0.06995051354169846,0.059926360845565796,0.33713826537132263,0.02097422629594803,0.35811248421669006,0.05548153817653656,0.0431864932179451,0.305850088596344,0.015115272253751755,0.32096534967422485,-0.05634419992566109,-0.0647832453250885,0.20517393946647644,-0.022674135863780975,0.18249979615211487
8.32,0.0,0.075,0.0,0.07197942754902596,0.11681922198479888,0.4753602268651497,0.049958810210227966,0.574938215315342,0.05245675072073936,0.0,0.05245675072073936,0.7773383259773254,0.0592181459069252,0.8048052787780762,-0.04096497222781181,-0.060246020555496216,-0.21986034512519836,-0.021086106076836586,-0.2409464567899704,-0.07435102760791779,-0.057733748108148575,-0.17554065585136414,-0.020206810906529427,-0.1957474648952484,-0.010784588754177094,-0.00033470778726041317,-0.16191366314888,-0.00011714772699633613,-0.16203081607818604,-0.08465905487537384,-0.053881917148828506,-0.18323199450969696,-0.018858671188354492,-0.20209066569805145,-0.057204633951187134,-0.05418028682470322,-0.23284277319908142,-0.018963100388646126,-0.2518058717250824,0.06608818471431732,0.04153928533196449,-0.29526379704475403,0.014538750052452087,-0.28072506189346313,-0.02411993220448494,-0.0351744182407856,-0.17876692116260529,-0.01231104601174593,-0.19107796251773834,-0.023046720772981644,-0.04205040633678436,0.14304132759571075,-0.014717642217874527,0.12832368910312653,0.0778479278087616,0.06530283391475677,0.3403087258338928,0.02285599149763584,0.3631647229194641,0.060794904828071594,0.04846901446580887,0.3259677290916443,0.016964154317975044,0.3429318964481354,-0.07196110486984253,-0.06693660467863083,0.22233277559280396,-0.0234278105199337,0.19890496134757996
8.34,0.0,0.075,0.0,0.07310428580784549,0.11301261347950699,0.45031329011607707,0.04945261776447296,0.5741789266467094,0.051925248652696605,0.0,0.051925248652696605,0.7875141501426697,0.057957012206315994,0.8153695464134216,-0.029517821967601776,-0.051027558743953705,-0.23368333280086517,-0.017859645187854767,-0.25154298543930054,-0.039959125220775604,-0.052401360124349594,-0.18376626074314117,-0.018340475857257843,-0.20210674405097961,-0.02551775425672531,-0.007889621891081333,-0.16197489202022552,-0.0027613677084445953,-0.16473625600337982,-0.07170237600803375,-0.05922805517911911,-0.17510974407196045,-0.02072981931269169,-0.19583956897258759,-0.07258108258247375,-0.05970052629709244,-0.21907177567481995,-0.020895183086395264,-0.2399669587612152,0.046410538256168365,0.043000660836696625,-0.2801416218280792,0.015050231479108334,-0.2650913894176483,0.019655052572488785,-0.018725575879216194,-0.19814597070217133,-0.006553951650857925,-0.20469991862773895,-0.00846898090094328,-0.03197597712278366,0.12484489381313324,-0.011191591620445251,0.11365330219268799,0.07007600367069244,0.06673478335142136,0.3412998914718628,0.023357173427939415,0.36465707421302795,0.06372065842151642,0.053044505417346954,0.3451657295227051,0.018565576523542404,0.3637312948703766,-0.06610172986984253,-0.06668613851070404,0.24074162542819977,-0.023340148851275444,0.21740147471427917
8.36,0.0,0.075,0.0,0.07221529944041521,0.10840151261596785,0.41753050329969654,0.019494250416755676,0.5292413756251335,0.020468962937593458,0.0,0.020468962937593458,0.8003823161125183,0.05964524298906326,0.8279820680618286,-0.02610304020345211,-0.04355020076036453,-0.2482479065656662,-0.015242570079863071,-0.2634904682636261,-0.0681469589471817,-0.0571250393986702,-0.1936541050672531,-0.01999376341700554,-0.21364787220954895,-0.02646731585264206,-0.013462930917739868,-0.1641002893447876,-0.004712025634944439,-0.1688123196363449,-0.08380402624607086,-0.06660084426403046,-0.16880939900875092,-0.02331029437482357,-0.19211968779563904,-0.06545621156692505,-0.06142722815275192,-0.20631186664104462,-0.021499529480934143,-0.22781139612197876,0.07844871282577515,0.05363507568836212,-0.2649041712284088,0.018772276118397713,-0.24613189697265625,-0.02187880501151085,-0.019671544432640076,-0.21644432842731476,-0.0068850405514240265,-0.2233293652534485,-0.0113490279763937,-0.025787891820073128,0.10555126518011093,-0.009025761857628822,0.09652550518512726,0.07427597790956497,0.06899714469909668,0.3401016294956207,0.024149000644683838,0.36425063014030457,0.03830932080745697,0.0486239492893219,0.3632484972476959,0.017018381506204605,0.38026687502861023,-0.06644876301288605,-0.06661492586135864,0.26021289825439453,-0.023315222933888435,0.23689767718315125
8.38,0.0,0.075,0.0,0.07278690588227857,0.10208484804372686,0.3744736174132157,0.013916078954935074,0.5208741184324026,0.014611882902681827,0.0,0.014611882902681827,0.8157080411911011,0.05698435381054878,0.8417405486106873,-0.023896845057606697,-0.037654194980859756,-0.26328545808792114,-0.013178967870771885,-0.27646443247795105,-0.02768201008439064,-0.0482921302318573,-0.20502182841300964,-0.016902245581150055,-0.2219240665435791,-0.04139641299843788,-0.021842975169420242,-0.16825063526630402,-0.007645041216164827,-0.17589567601680756,-0.05862651392817497,-0.06420854479074478,-0.16444715857505798,-0.022472990676760674,-0.1869201511144638,-0.08809629082679749,-0.06942794471979141,-0.19479838013648987,-0.024299779906868935,-0.21909816563129425,0.05362476035952568,0.0536319836974144,-0.24983248114585876,0.01877119392156601,-0.23106127977371216,0.02349592186510563,-0.006721304263919592,-0.23347553610801697,-0.0023524565622210503,-0.2358279973268509,0.007641339674592018,-0.015759121626615524,0.08535704761743546,-0.005515692289918661,0.07984135299921036,0.057643141597509384,0.06559094786643982,0.3367261588573456,0.022956831380724907,0.35968297719955444,0.041082173585891724,0.04636141657829285,0.3800317347049713,0.016226494684815407,0.39625823497772217,-0.04777174070477486,-0.06096196919679642,0.28054818511009216,-0.021336689591407776,0.2592114806175232
8.4,0.0,0.075,0.0,0.06925468234970032,0.0990957157516984,0.34699590954153986,-0.0012915590777993202,0.498062661383301,0.0,0.0,0.0,0.8331790566444397,0.06036778539419174,0.8601024150848389,-0.030837489292025566,-0.035609181970357895,-0.27851858735084534,-0.012463213875889778,-0.29098179936408997,-0.060019880533218384,-0.051810458302497864,-0.21765977144241333,-0.018133660778403282,-0.23579342663288116,-0.02454453706741333,-0.02265344373881817,-0.17434939742088318,-0.007928704842925072,-0.1822780966758728,-0.1105985939502716,-0.07812556624412537,-0.16210348904132843,-0.02734394744038582,-0.18944743275642395,-0.07694102823734283,-0.07168187201023102,-0.18474365770816803,-0.025088654831051826,-0.2098323106765747,0.07918280363082886,0.061297230422496796,-0.2352045178413391,0.02145403064787388,-0.21375048160552979,-0.007665243931114674,-0.00700448639690876,-0.24906602501869202,-0.002451570238918066,-0.2515175938606262,0.0012681912630796432,-0.01065092720091343,0.06446804106235504,-0.0037278244271874428,0.06074021756649017,0.07436249405145645,0.06822241097688675,0.33120784163475037,0.023877844214439392,0.35508567094802856,0.039335981011390686,0.04425378516316414,0.3953443765640259,0.015488824807107449,0.4108332097530365,-0.055216457694768906,-0.059238314628601074,0.30154022574424744,-0.020733410492539406,0.2808068096637726
8.42,0.0,0.075,0.0,0.0677351950776942,0.09372228904779394,0.309891201013954,-0.020191550254821777,0.46971267461776733,0.0,0.0,0.0,0.8524237275123596,0.05865524336695671,0.8776006102561951,-0.011604294180870056,-0.028407715260982513,-0.29366642236709595,-0.009942700155079365,-0.30360913276672363,-0.02521863766014576,-0.04383291304111481,-0.23133482038974762,-0.015341519378125668,-0.24667634069919586,-0.04281793162226677,-0.028702789917588234,-0.18228407204151154,-0.010045976378023624,-0.19233004748821259,-0.06315187364816666,-0.07363346219062805,-0.16182158887386322,-0.02577171102166176,-0.18759329617023468,-0.09738367795944214,-0.07939241826534271,-0.17633315920829773,-0.02778734639286995,-0.20412050187587738,0.06536620855331421,0.0625179260969162,-0.22129011154174805,0.02188127301633358,-0.19940884411334991,0.0207357294857502,0.0013175788335502148,-0.2630569338798523,0.000461152580101043,-0.2625957727432251,0.021741652861237526,-0.0009331526234745979,0.04309710115194321,-0.0003266034182161093,0.042770497500896454,0.05856174975633621,0.06532421708106995,0.32360297441482544,0.02286347560584545,0.34646645188331604,0.04108508676290512,0.04330317676067352,0.4090304374694824,0.015156111679971218,0.4241865575313568,-0.03672083094716072,-0.05248307064175606,0.32297515869140625,-0.018369074910879135,0.3046060800552368
8.44,0.0,0.075,0.0,0.06416419377748903,0.08718977730126555,0.2649992319193915,-0.026689037680625916,0.4599664434790611,0.0,0.0,0.0,0.8730297088623047,0.06190573051571846,0.8990735411643982,-0.026905309408903122,-0.027956992387771606,-0.30844953656196594,-0.009784947149455547,-0.31823447346687317,-0.043297428637742996,-0.043672267347574234,-0.24579478800296783,-0.015285293571650982,-0.2610800862312317,-0.02195955067873001,-0.026679817587137222,-0.1919083446264267,-0.009337935596704483,-0.20124627649784088,-0.12124675512313843,-0.08791744709014893,-0.1636066734790802,-0.030771106481552124,-0.19437777996063232,-0.08162172138690948,-0.08006121218204498,-0.16972199082374573,-0.028021423146128654,-0.19774341583251953,0.07706792652606964,0.06688292324542999,-0.20834586024284363,0.023409022018313408,-0.18493683636188507,0.010952239856123924,0.004207977093756199,-0.27530568838119507,0.001472792006097734,-0.27383288741111755,0.009630581364035606,0.002235967665910721,0.02146201767027378,0.0007825886714272201,0.022244606167078018,0.07990137487649918,0.06969736516475677,0.3139890432357788,0.0243940781801939,0.33838310837745667,0.0443425327539444,0.043614983558654785,0.42095041275024414,0.01526524405926466,0.43621566891670227,-0.04381481930613518,-0.04988259822130203,0.3446345031261444,-0.017458908259868622,0.3271755874156952
8.46,0.0,0.075,0.0,0.060321846718821084,0.07829149272384486,0.20350079723496087,-0.04346352070569992,0.4348047189414501,0.0,0.0,0.0,0.8945624828338623,0.06194647029042244,0.9182612895965576,-0.0030193482525646687,-0.02047569863498211,-0.3225952684879303,-0.007166494615375996,-0.3297617733478546,-0.02018357813358307,-0.036625660955905914,-0.2607729732990265,-0.01281898096203804,-0.2735919654369354,-0.039677202701568604,-0.030579032376408577,-0.20304468274116516,-0.010702661238610744,-0.21374733746051788,-0.08746477961540222,-0.0877816453576088,-0.16742582619190216,-0.03072357550263405,-0.1981493979692459,-0.0961284339427948,-0.08488138020038605,-0.16503210365772247,-0.029708482325077057,-0.19474059343338013,0.07414433360099792,0.06906134635210037,-0.19661051034927368,0.02417147159576416,-0.17243903875350952,0.03292306140065193,0.012822503224015236,-0.28568747639656067,0.00448787584900856,-0.2811996042728424,0.026267090812325478,0.009445304982364178,-0.0002167413040297106,0.003305856604129076,0.0030891152564436197,0.06945639848709106,0.06962507963180542,0.30246397852897644,0.024368777871131897,0.32683277130126953,0.036610834300518036,0.04151374101638794,0.4309828579425812,0.014529809355735779,0.44551265239715576,-0.03726816177368164,-0.046098265796899796,0.36629754304885864,-0.016134392470121384,0.35016316175460815
8.48,0.0,0.075,0.0,0.057835504499715425,0.07642225726824307,0.1840900808700671,-0.04814630746841431,0.42778053879737854,0.0,0.0,0.0,0.9165816903114319,0.06371588259935379,0.9394063949584961,0.000738097820430994,-0.014111559838056564,-0.33584269881248474,-0.004939045757055283,-0.3407817482948303,-0.029428455978631973,-0.03446649760007858,-0.27599310874938965,-0.012063274160027504,-0.2880563735961914,-0.02754167467355728,-0.029667824506759644,-0.21548770368099213,-0.010383738204836845,-0.22587144374847412,-0.114862360060215,-0.0959058552980423,-0.17320860922336578,-0.033567048609256744,-0.20677566528320312,-0.08903488516807556,-0.08612743020057678,-0.16234998404979706,-0.030144600197672844,-0.19249458611011505,0.06678010523319244,0.06837697327136993,-0.18630051612854004,0.023931941017508507,-0.16236858069896698,0.04045026749372482,0.021110832691192627,-0.2940964996814728,0.007388791535049677,-0.28670769929885864,0.02958439476788044,0.015487032011151314,-0.021718256175518036,0.005420461297035217,-0.01629779487848282,0.08155735582113266,0.07320476323366165,0.28914523124694824,0.025621667504310608,0.31476688385009766,0.041044242680072784,0.04137289151549339,0.43902552127838135,0.014480511657893658,0.4535060226917267,-0.03486935421824455,-0.04272959381341934,0.3877435624599457,-0.014955357648432255,0.3727881908416748
8.5,0.0,0.075,0.0,0.05375445478440702,0.070340223406611,0.14149152212572394,-0.0796709880232811,0.38049351796507835,0.0,0.0,0.0,0.938654363155365,0.06417075544595718,0.959367573261261,0.004532706458121538,-0.008518279530107975,-0.3479475677013397,-0.0029813977889716625,-0.3509289622306824,-0.016140317544341087,-0.02896864339709282,-0.2911744713783264,-0.010139024816453457,-0.30131348967552185,-0.03430477902293205,-0.031058911234140396,-0.22900789976119995,-0.010870618745684624,-0.23987852036952972,-0.08486998826265335,-0.09259509295225143,-0.18084834516048431,-0.03240828216075897,-0.2132566273212433,-0.10480694472789764,-0.09173128008842468,-0.16172510385513306,-0.0321059487760067,-0.19383105635643005,0.0780084878206253,0.07126642763614655,-0.1776060163974762,0.02494324930012226,-0.15266276895999908,0.04148751124739647,0.02722383663058281,-0.300447016954422,0.009528342634439468,-0.2909186780452728,0.031018005684018135,0.02014632523059845,-0.042823418974876404,0.0070512136444449425,-0.03577220439910889,0.07544989138841629,0.07387830317020416,0.27416855096817017,0.025857405737042427,0.30002596974372864,0.03481724113225937,0.039406195282936096,0.4449964165687561,0.013792168349027634,0.45878857374191284,-0.02998732402920723,-0.03890691325068474,0.4087539613246918,-0.013617419637739658,0.3951365351676941
8.52,0.0,0.075,0.0,0.045041550331945464,0.060186577196468735,0.0685010849734136,-0.06998342275619507,0.3950248658657074,0.0,0.0,0.0,0.9603659510612488,0.06436443328857422,0.9794423580169678,0.011000122874975204,-0.0026627585757523775,-0.35868653655052185,-0.0009319654782302678,-0.35961851477622986,-0.02396208979189396,-0.027466677129268646,-0.3060370981693268,-0.009613336995244026,-0.31565043330192566,-0.04846414551138878,-0.03628048300743103,-0.24335592985153198,-0.012698168866336346,-0.2560541033744812,-0.08871085941791534,-0.09142982214689255,-0.19020414352416992,-0.03200043737888336,-0.22220458090305328,-0.09235583245754242,-0.09191864728927612,-0.1631689816713333,-0.032171525061130524,-0.19534051418304443,0.060824137181043625,0.06813374161720276,-0.17068739235401154,0.023846808820962906,-0.14684058725833893,0.04737187176942825,0.03326824679970741,-0.3046743869781494,0.01164388656616211,-0.2930305004119873,0.028879830613732338,0.02276637777686119,-0.06331715732812881,0.007968232035636902,-0.05534892529249191,0.09233071655035019,0.07941402494907379,0.2576865553855896,0.027794908732175827,0.28548145294189453,0.016418298706412315,0.03250982612371445,0.44883474707603455,0.011378439143300056,0.46021318435668945,-0.029476869851350784,-0.03607790172100067,0.4291146695613861,-0.01262726541608572,0.4164873957633972
8.540000000000001,0.0,0.075,0.0,0.027509279731883676,0.04281443302135098,-0.0435639190381977,-0.1004326194524765,0.34935107082128525,0.0,0.0,0.0,0.9813278913497925,0.06502805650234222,1.0001002550125122,0.01710224524140358,0.003266742918640375,-0.3678615987300873,0.0011433600448071957,-0.36671823263168335,-0.018016673624515533,-0.024631675332784653,-0.32030683755874634,-0.008621086366474628,-0.3289279341697693,-0.033829446882009506,-0.035545170307159424,-0.2582671344280243,-0.012440809048712254,-0.2707079350948334,-0.08261403441429138,-0.0887850821018219,-0.20110344886779785,-0.031074779108166695,-0.2321782261133194,-0.10018563270568848,-0.09439873695373535,-0.16665500402450562,-0.03303955867886543,-0.19969455897808075,0.08749675750732422,0.0739426463842392,-0.16567222774028778,0.02587992511689663,-0.1397923082113266,0.023603858426213264,0.030368931591510773,-0.30673548579216003,0.010629125870764256,-0.29610636830329895,0.029548095539212227,0.024800892919301987,-0.0829906240105629,0.00868031196296215,-0.0743103101849556,0.08410908281803131,0.08082254230976105,0.2398672103881836,0.028287889435887337,0.2681550979614258,0.04389680176973343,0.03592591732740402,0.45050138235092163,0.012574071064591408,0.4630754590034485,-0.022118903696537018,-0.031890202313661575,0.44861820340156555,-0.011161570437252522,0.4374566376209259
8.56,0.0,0.075,0.0,0.02375462300996679,0.04035482820717936,-0.06280861801367472,-0.09027580916881561,0.3645862862467766,0.0,0.0,0.0,1.0011837482452393,0.06678156554698944,1.0177732706069946,0.04267198592424393,0.015088316053152084,-0.3753035068511963,0.005280910525470972,-0.37002259492874146,-0.021276595070958138,-0.023625152185559273,-0.33372050523757935,-0.008268803358078003,-0.34198930859565735,-0.03343404084444046,-0.034911829978227615,-0.2734665274620056,-0.01221914030611515,-0.285685658454895,-0.10975037515163422,-0.09507466852664948,-0.2133452445268631,-0.03327613323926926,-0.24662137031555176,-0.08785505592823029,-0.09243563562631607,-0.17211885750293732,-0.032352473586797714,-0.20447133481502533,0.07865467667579651,0.07535625249147415,-0.16265302896499634,0.026374688372015953,-0.13627834618091583,0.06259223073720932,0.0400359220802784,-0.3066093325614929,0.014012572355568409,-0.2925967574119568,0.030555544421076775,0.02652728743851185,-0.10164334625005722,0.009284550324082375,-0.09235879778862,0.09541653841733932,0.08520074188709259,0.22089208662509918,0.029820259660482407,0.2507123351097107,0.01799621246755123,0.0305470060557127,0.44997933506965637,0.010691451840102673,0.4606707990169525,-0.009965789504349232,-0.0253128781914711,0.4670657813549042,-0.00885950680822134,0.45820626616477966
8.58,0.0,0.075,0.0,0.011763137449777793,0.03037453371510832,-0.1268746350658215,-0.130103200674057,0.3048451989889145,0.0,0.0,0.0,1.0196125507354736,0.06414320319890976,1.0344732999801636,0.026007136330008507,0.018363961949944496,-0.38087502121925354,0.006427386775612831,-0.37444764375686646,-0.0029210408683866262,-0.017413919791579247,-0.34603071212768555,-0.006094872020184994,-0.3521255850791931,-0.046387892216444016,-0.038354650139808655,-0.2886737585067749,-0.013424127362668514,-0.302097886800766,-0.059220682829618454,-0.08431847393512726,-0.2267037332057953,-0.02951146475970745,-0.2562151849269867,-0.08781126141548157,-0.09104833006858826,-0.17945978045463562,-0.03186691552400589,-0.2113266885280609,0.0775572806596756,0.07601656019687653,-0.16168548166751862,0.026605796068906784,-0.13507968187332153,0.027865100651979446,0.03638467565178871,-0.30429720878601074,0.012734636664390564,-0.291562557220459,0.042027272284030914,0.031177282333374023,-0.11908523738384247,0.010912048630416393,-0.1081731915473938,0.07991746813058853,0.08361576497554779,0.20095454156398773,0.029265517368912697,0.23022006452083588,0.01438220776617527,0.02569756656885147,0.44727393984794617,0.0089941481128335,0.4562681019306183,-0.0032290443778038025,-0.01868772692978382,0.4842694401741028,-0.006540704518556595,0.4777287244796753
8.6,0.0,0.075,0.0,0.0002714284827933603,0.021537990615533027,-0.1787499629303795,-0.12850290536880493,0.3072456419467926,0.0,0.0,0.0,1.036331295967102,0.064262256026268,1.048916220664978,0.04457690194249153,0.02622784487903118,-0.38447335362434387,0.009179745800793171,-0.3752936124801636,-0.008419721387326717,-0.014715660363435745,-0.3570104241371155,-0.005150481127202511,-0.36216089129447937,-0.028197821229696274,-0.03530760109424591,-0.30360835790634155,-0.012357660569250584,-0.31596601009368896,-0.09034866839647293,-0.08612753450870514,-0.24093253910541534,-0.03014463745057583,-0.2710771858692169,-0.07901707291603088,-0.08743895590305328,-0.18854238092899323,-0.03060363419353962,-0.2191460132598877,0.06425976753234863,0.07248952239751816,-0.16278743743896484,0.025371331721544266,-0.13741610944271088,0.06439453363418579,0.044787634164094925,-0.2998226583003998,0.01567567139863968,-0.2841469943523407,0.04252709448337555,0.0345822274684906,-0.13513855636119843,0.01210377924144268,-0.1230347752571106,0.085005022585392,0.08403254300355911,0.18025776743888855,0.02941139042377472,0.20966915786266327,0.02785315178334713,0.026344243437051773,0.44241270422935486,0.009220484644174576,0.45163318514823914,-0.01263399701565504,-0.016871608793735504,0.500053882598877,-0.0059050628915429115,0.4941488206386566
8.620000000000001,0.0,0.075,0.0,-0.01412919841223853,0.012149844622886187,-0.24443608476504639,-0.14988499879837036,0.27517250180244446,0.0,0.0,0.0,1.0510956048965454,0.062421660870313644,1.0620049238204956,0.03633178398013115,0.029259026050567627,-0.3860321640968323,0.01024065911769867,-0.3757914900779724,0.0010929105337709188,-0.009973089210689068,-0.36645710468292236,-0.003490581177175045,-0.3699476718902588,-0.03482844680547714,-0.03516385704278946,-0.3179948627948761,-0.012307349592447281,-0.3303022086620331,-0.06520889699459076,-0.07985194027423859,-0.2557692527770996,-0.027948178350925446,-0.28371742367744446,-0.08787278831005096,-0.08756910264492035,-0.1991991251707077,-0.030649185180664062,-0.22984831035137177,0.07662627100944519,0.07373054325580597,-0.16593855619430542,0.02580568939447403,-0.140132874250412,0.03460505232214928,0.04173285886645317,-0.2932312786579132,0.014606500044465065,-0.2786247730255127,0.03976678103208542,0.03613759204745293,-0.14963971078395844,0.012648156844079494,-0.13699156045913696,0.07770663499832153,0.08213476836681366,0.15901267528533936,0.02874716930091381,0.18775984644889832,-0.006785441190004349,0.016405336558818817,0.43544524908065796,0.0057418677024543285,0.4411871135234833,0.01105626579374075,-0.008493245579302311,0.5142582058906555,-0.00297263590618968,0.5112855434417725
8.64,0.0,0.075,0.0,-0.017267324205817943,0.011011450499300664,-0.2559263934065381,-0.15459148585796356,0.26811277121305466,0.0,0.0,0.0,1.0637000799179077,0.05884300917387009,1.0707778930664062,0.050059083849191666,0.03549904376268387,-0.38552266359329224,0.012424665503203869,-0.3730979859828949,0.030264226719737053,0.0020981058478355408,-0.37419652938842773,0.0007343370234593749,-0.3734622001647949,-0.031528666615486145,-0.034073300659656525,-0.3315679728984833,-0.011925655417144299,-0.34349364042282104,-0.03044477477669716,-0.06502979248762131,-0.2709401845932007,-0.022760426625609398,-0.29370060563087463,-0.09519626200199127,-0.08985725045204163,-0.2112334817647934,-0.03145003691315651,-0.2426835149526596,0.03025147318840027,0.06068681925535202,-0.17108072340488434,0.021240387111902237,-0.1498403400182724,0.06993727385997772,0.05019418150186539,-0.2845902740955353,0.017567962408065796,-0.2670223116874695,0.04739657789468765,0.039515286684036255,-0.1624409407377243,0.013830349780619144,-0.14861059188842773,0.05905338376760483,0.07521035522222519,0.13743574917316437,0.026323623955249786,0.16375938057899475,-0.002566467970609665,0.010713795199990273,0.42644253373146057,0.0037498283199965954,0.43019235134124756,0.015951484441757202,-0.0011598262935876846,0.5267376899719238,-0.0004059392085764557,0.5263317227363586
8.66,0.0,0.075,0.0,-0.023043334077643206,0.009370295321401058,-0.2748527707173114,-0.16443611681461334,0.25334582477808,0.0,0.0,0.0,1.0739778280258179,0.05570204555988312,1.0786612033843994,0.043934475630521774,0.03802967444062233,-0.38295429944992065,0.0133103858679533,-0.3696439266204834,0.024289118126034737,0.008755410090088844,-0.3800859749317169,0.0030643935315310955,-0.37702158093452454,-0.034787166863679886,-0.0342874601483345,-0.34407728910446167,-0.012000611051917076,-0.3560779094696045,-0.007237120531499386,-0.047691989690065384,-0.2861655652523041,-0.01669219695031643,-0.30285775661468506,-0.09409622848033905,-0.09112894535064697,-0.22442349791526794,-0.03189513087272644,-0.2563186287879944,0.026513222604990005,0.050434742122888565,-0.17811910808086395,0.017652159556746483,-0.16046695411205292,0.05989020690321922,0.05310298502445221,-0.27398765087127686,0.018586045131087303,-0.255401611328125,0.036293767392635345,0.03854883089661598,-0.1734117716550827,0.013492090627551079,-0.15991967916488647,0.06410391628742218,0.07187842577695847,0.1157468780875206,0.025157447904348373,0.14090432226657867,-0.009400947950780392,0.004679372068494558,0.4154963195323944,0.0016377802239730954,0.4171341061592102,0.014607147313654423,0.0035702658351510763,0.5373651385307312,0.0012495929840952158,0.5386147499084473
8.68,0.0,0.075,0.0,-0.026798804539037366,0.009621514518953876,-0.2815341098261029,-0.16456864774227142,0.25314702838659286,0.0,0.0,0.0,1.0817984342575073,0.05457204952836037,1.0859625339508057,0.058088380843400955,0.044047288596630096,-0.3783744275569916,0.015416550450026989,-0.3629578649997711,0.0073398929089307785,0.008330754935741425,-0.38401681184768677,0.0029157642275094986,-0.3811010420322418,-0.01578201726078987,-0.028735827654600143,-0.3552921414375305,-0.01005753967911005,-0.365349680185318,-0.05181052163243294,-0.04892755299806595,-0.30116456747055054,-0.017124643549323082,-0.31828922033309937,-0.08076362311840057,-0.08801934868097305,-0.2385258674621582,-0.0308067724108696,-0.2693326473236084,0.05327126756310463,0.051285699009895325,-0.18692389130592346,0.017949994653463364,-0.1689738929271698,0.03193500638008118,0.04675259441137314,-0.2615315020084381,0.01636340841650963,-0.24516808986663818,0.04215136170387268,0.03962958976626396,-0.18244042992591858,0.013870356604456902,-0.16857007145881653,0.06544177234172821,0.06994742900133133,0.0941670835018158,0.024481600150465965,0.11864868551492691,0.005553398281335831,0.004941579885780811,0.40271812677383423,0.0017295529833063483,0.40444767475128174,0.010190312750637531,0.005556279793381691,0.5460323095321655,0.0019446979276835918,0.5479770302772522
8.700000000000001,0.0,0.075,0.0,-0.030847316462053444,0.011978504877397858,-0.27580070710694443,-0.1694001853466034,0.2458997219800949,0.0,0.0,0.0,1.087066888809204,0.05436568707227707,1.091846227645874,0.06490348279476166,0.050304144620895386,-0.37186747789382935,0.017606450244784355,-0.35426104068756104,-0.008549456484615803,0.0032666914630681276,-0.385916531085968,0.0011433420004323125,-0.3847731947898865,-0.003884054720401764,-0.02128029614686966,-0.36500564217567444,-0.007448103744536638,-0.3724537491798401,-0.062133822590112686,-0.05288943648338318,-0.3156605660915375,-0.018511302769184113,-0.334171861410141,-0.07855375111103058,-0.08517967164516449,-0.25328052043914795,-0.0298128854483366,-0.2830933928489685,0.0652567446231842,0.05547701567411423,-0.19733268022537231,0.01941695436835289,-0.17791572213172913,0.019329871982336044,0.0385257788002491,-0.24734872579574585,0.013484022580087185,-0.2338647097349167,0.042452387511730194,0.04047643020749092,-0.18943488597869873,0.014166750013828278,-0.17526814341545105,0.06595129519701004,0.0687485933303833,0.07291626185178757,0.024062007665634155,0.09697826951742172,0.023585079237818718,0.01053463015705347,0.38823816180229187,0.003687120508402586,0.39192527532577515,0.008907572366297245,0.006561667658388615,0.5526508688926697,0.002296583727002144,0.5549474358558655
8.72,0.0,0.075,0.0,-0.032961913297063376,0.0135511145330031,-0.26924412397645847,-0.1596982181072235,0.26045267283916473,0.0,0.0,0.0,1.089721918106079,0.053785037249326706,1.0954570770263672,0.055084142833948135,0.05173814296722412,-0.363553524017334,0.018108349293470383,-0.3454451858997345,-0.008745678700506687,-0.0003370197955518961,-0.3857501149177551,-0.00011795692989835516,-0.3858680725097656,0.007979381829500198,-0.012502392753958702,-0.3730386793613434,-0.004375837277621031,-0.3774145245552063,-0.08077722787857056,-0.06125577539205551,-0.3293861746788025,-0.02143952064216137,-0.350825697183609,-0.07281877100467682,-0.08147139847278595,-0.26841533184051514,-0.028514988720417023,-0.29693031311035156,0.06536537408828735,0.058443523943424225,-0.20915350317955017,0.02045523375272751,-0.18869826197624207,0.005723842419683933,0.028685197234153748,-0.2315838783979416,0.010039818473160267,-0.2215440571308136,0.03222435712814331,0.03800080716609955,-0.19432388246059418,0.013300281949341297,-0.18102359771728516,0.06370758265256882,0.0672362893819809,0.052210982888936996,0.023532701656222343,0.07574368268251419,0.013604996725916862,0.01145574077963829,0.3722040355205536,0.004009508993476629,0.37621355056762695,0.00992725882679224,0.007571345195174217,0.5571532845497131,0.002649970818310976,0.5598032474517822
8.74,0.0,0.075,0.0,-0.03440663703680878,0.014267453384615658,-0.2678998995343032,-0.1643543690443039,0.25346844643354416,0.0,0.0,0.0,1.0897328853607178,0.05288447439670563,1.095418095588684,0.0505196787416935,0.051372602581977844,-0.3535858690738678,0.017980409786105156,-0.3356054723262787,0.0028688807506114244,0.0006247503915801644,-0.38352060317993164,0.00021866263705305755,-0.3833019435405731,0.01613709330558777,-0.003910546191036701,-0.3792431056499481,-0.0013686910970136523,-0.3806118071079254,-0.07493240386247635,-0.06535876542329788,-0.3420882821083069,-0.02287556789815426,-0.3649638593196869,-0.0736594870686531,-0.07912782579660416,-0.2836511433124542,-0.027694739401340485,-0.3113458752632141,0.05318715050816536,0.056866616010665894,-0.22216834127902985,0.019903315231204033,-0.20226502418518066,0.013571145012974739,0.02415098063647747,-0.214397594332695,0.008452842943370342,-0.2059447467327118,0.03162827342748642,0.03608904778957367,-0.1970575749874115,0.012631166726350784,-0.184426411986351,0.06224643439054489,0.06573933362960815,0.03226223960518837,0.023008765652775764,0.05527100712060928,0.012166790664196014,0.011669055558741093,0.35477912425994873,0.004084169398993254,0.35886329412460327,0.009335684590041637,0.00810064747929573,0.5594937801361084,0.0028352264780551195,0.5623289942741394
8.76,0.0,0.075,0.0,-0.03622082778966946,0.016272076141416604,-0.2553825065936719,-0.1633286476135254,0.2550070285797119,0.0,0.0,0.0,1.0870983600616455,0.052068568766117096,1.0916990041732788,0.05339067801833153,0.05197802186012268,-0.3421483635902405,0.018192308023571968,-0.32395604252815247,0.004594592377543449,0.001815702999010682,-0.3792691230773926,0.0006354960496537387,-0.37863361835479736,0.02441873401403427,0.004588237963616848,-0.3835044503211975,0.001605883240699768,-0.38189858198165894,-0.07205494493246078,-0.06736762076616287,-0.3535325825214386,-0.023578666150569916,-0.3771112561225891,-0.07071748375892639,-0.07660472393035889,-0.29870694875717163,-0.02681165374815464,-0.3255186080932617,0.04927220568060875,0.05458829179406166,-0.23613713681697845,0.019105901941657066,-0.21703124046325684,0.01693820022046566,0.021987145766615868,-0.1959650218486786,0.007695500738918781,-0.18826952576637268,0.030333997681736946,0.03436253219842911,-0.1976081281900406,0.012026886455714703,-0.185581237077713,0.06297490745782852,0.06491000205278397,0.013273315504193306,0.02271850034594536,0.035991817712783813,0.005167737603187561,0.00971866026520729,0.3361409604549408,0.0034015311393886805,0.3395424783229828,0.003978719003498554,0.006864068564027548,0.5596484541893005,0.00240242388099432,0.5620508790016174
8.78,0.0,0.075,0.0,-0.03715262523877597,0.019060059815938425,-0.23689010593712362,-0.15707792341709137,0.26438311487436295,0.0,0.0,0.0,1.0818428993225098,0.050942301750183105,1.0836156606674194,0.07315222173929214,0.05833028256893158,-0.32945194840431213,0.020415598526597023,-0.30903634428977966,0.007787956856191158,0.003607379272580147,-0.37307411432266235,0.001262582722119987,-0.37181153893470764,0.023002617061138153,0.010112551972270012,-0.3857441246509552,0.003539393190294504,-0.38220474123954773,-0.05180591717362404,-0.06269910931587219,-0.363508015871048,-0.021944688633084297,-0.3854527175426483,-0.0704430639743805,-0.07475622743368149,-0.3133050501346588,-0.02616467885673046,-0.3394697308540344,0.037773821502923965,0.04954395070672035,-0.25080227851867676,0.01734038256108761,-0.2334619015455246,0.026099655777215958,0.02322089858353138,-0.17647399008274078,0.008127314038574696,-0.16834667325019836,0.02877904660999775,0.032687485218048096,-0.19596993923187256,0.011440619826316833,-0.18452931940555573,0.060818251222372055,0.06368247419595718,-0.004562279675155878,0.022288866341114044,0.017726587131619453,-0.008636541664600372,0.004212099593132734,0.31647950410842896,0.001474234857596457,0.3179537355899811,-0.004573923535645008,0.00343267060816288,0.5576157569885254,0.0012014346430078149,0.5588172078132629
8.8,0.0,0.075,0.0,-0.03806092065053551,0.023479604218613642,-0.20448252026523847,-0.14432473480701447,0.2835128977894783,0.0,0.0,0.0,1.074015736579895,0.04960957169532776,1.0753670930862427,0.06435508280992508,0.06013772264122963,-0.3157307803630829,0.021048203110694885,-0.2946825623512268,-0.004770830273628235,0.0010939163621515036,-0.365049809217453,0.00038287072675302625,-0.3646669387817383,0.03081587888300419,0.016323551535606384,-0.38592082262039185,0.0057132430374622345,-0.3802075684070587,-0.06081373617053032,-0.06213349848985672,-0.3718305826187134,-0.021746724843978882,-0.39357730746269226,-0.0677919089794159,-0.07266692817211151,-0.3271762430667877,-0.02543342486023903,-0.35260966420173645,0.045586396008729935,0.048356685787439346,-0.26589325070381165,0.016924839466810226,-0.24896840751171112,-0.005287560634315014,0.0146683594211936,-0.1561231166124344,0.005133925937116146,-0.15098918974399567,0.017911003902554512,0.028254540637135506,-0.19215966761112213,0.0098890895023942,-0.1822705715894699,0.054416097700595856,0.060902561992406845,-0.02106279321014881,0.02131589688360691,0.00025310367345809937,-0.0053726425394415855,0.0013366768835112453,0.2959951162338257,0.00046783691504970193,0.2964629530906677,-0.002553117461502552,0.0016369340009987354,0.55341637134552,0.0005729268887080252,0.5539892911911011
8.82,0.0,0.075,0.0,-0.038382737287225153,0.02558649352229593,-0.19275858969919688,-0.14519737660884857,0.28220393508672714,0.0,0.0,0.0,1.063688039779663,0.04813898727297783,1.0643155574798584,0.05476033687591553,0.05852450802922249,-0.30123797059059143,0.020483577623963356,-0.2807543873786926,-0.0028184722177684307,-7.980025839060545e-05,-0.3553442060947418,-2.7930089345318265e-05,-0.3553721308708191,0.04144282639026642,0.023859333246946335,-0.3840312957763672,0.008350766263902187,-0.375680536031723,-0.06450647115707397,-0.0628453940153122,-0.3783468008041382,-0.02199588716030121,-0.4003427028656006,-0.05860789120197296,-0.06844921410083771,-0.34006467461586,-0.023957224562764168,-0.364021897315979,0.041766103357076645,0.046379510313272476,-0.2811317443847656,0.016232827678322792,-0.2648989260196686,-0.0019761743023991585,0.009674999862909317,-0.13511981070041656,0.0033862499985843897,-0.13173356652259827,0.014391427859663963,0.024095607921481133,-0.18621616065502167,0.008433463051915169,-0.17778269946575165,0.05391533300280571,0.0588063970208168,-0.03606007620692253,0.02058223821222782,-0.01547783799469471,0.00031580589711666107,0.001030415645800531,0.2748965620994568,0.00036064547020941973,0.2752572000026703,-0.010051692835986614,-0.0018696541665121913,0.5470930933952332,-0.000654378964100033,0.5464386940002441
8.84,0.0,0.075,0.0,-0.0383606710568139,0.029358303354244174,-0.16579249361720874,-0.13572493195533752,0.2964126020669937,0.0,0.0,0.0,1.0509511232376099,0.04817817732691765,1.0502290725708008,0.06534084677696228,0.060569409281015396,-0.2862407863140106,0.021199293434619904,-0.2650415003299713,-0.0032902956008911133,-0.0010429489193484187,-0.3441363275051117,-0.00036503211595118046,-0.3445013463497162,0.05668932944536209,0.03370833396911621,-0.38011038303375244,0.011797917075455189,-0.3683124780654907,-0.06739295274019241,-0.06420966237783432,-0.3829364776611328,-0.022473381832242012,-0.40540987253189087,-0.05709307640790939,-0.06504237651824951,-0.35173264145851135,-0.02276483178138733,-0.3744974732398987,0.03858841583132744,0.044042181223630905,-0.29623672366142273,0.015414763242006302,-0.28082194924354553,0.0016757994890213013,0.007275240030139685,-0.11367807537317276,0.0025463339406996965,-0.11113174259662628,0.010421549901366234,0.019993390887975693,-0.17820000648498535,0.0069976868107914925,-0.17120231688022614,0.055905554443597794,0.05793614313006401,-0.04940129816532135,0.02027764916419983,-0.02912364900112152,0.0030863191932439804,0.0016471866983920336,0.2533988058567047,0.0005765153327956796,0.2539753317832947,-0.01590830460190773,-0.006081249564886093,0.538710355758667,-0.0021284373942762613,0.5365819334983826
8.86,0.0,0.075,0.0,-0.03696338114878195,0.033899169126549236,-0.1342507868592425,-0.11814019829034805,0.3227897025644779,0.0,0.0,0.0,1.0359145402908325,0.04805947467684746,1.0345700979232788,0.06689765304327011,0.06246788427233696,-0.27101582288742065,0.02186375856399536,-0.2491520643234253,-0.005303462967276573,-0.002321103122085333,-0.3316328525543213,-0.0008123861043713987,-0.3324452340602875,0.05928940698504448,0.04138265550136566,-0.37423041462898254,0.014483929611742496,-0.3597464859485626,-0.06497534364461899,-0.06443937122821808,-0.3855149745941162,-0.022553779184818268,-0.4080687463283539,-0.058489393442869186,-0.06307648122310638,-0.3619649112224579,-0.022076768800616264,-0.3840416669845581,0.03492804244160652,0.04130794107913971,-0.3109295666217804,0.014457779005169868,-0.2964717745780945,-0.011613204143941402,0.0016087065450847149,-0.09201642870903015,0.0005630473024211824,-0.09145338088274002,0.0022753141820430756,0.014677967876195908,-0.16819284856319427,0.005137288477271795,-0.16305555403232574,0.05041944608092308,0.05568113178014755,-0.06095051020383835,0.019488396123051643,-0.041462115943431854,-0.0007399339228868484,0.000931050512008369,0.2317209243774414,0.00032586767338216305,0.23204679787158966,-0.015239191241562366,-0.008828632533550262,0.5283536314964294,-0.0030900214333087206,0.5252636075019836
8.88,0.0,0.075,0.0,-0.03305981003365679,0.04198618653507347,-0.07894564714960439,-0.11746227741241455,0.3238065838813782,0.0,0.0,0.0,1.0187056064605713,0.046358346939086914,1.0161476135253906,0.05658670887351036,0.06070353090763092,-0.2558439373970032,0.021246235817670822,-0.23459769785404205,-0.007258857600390911,-0.0038024294190108776,-0.31806445121765137,-0.0013308502966538072,-0.3193953037261963,0.0586005337536335,0.0465480200946331,-0.3664998412132263,0.01629180647432804,-0.350208044052124,-0.05111723765730858,-0.0604427307844162,-0.3860347270965576,-0.02115495502948761,-0.40718966722488403,-0.05011555552482605,-0.05918820574879646,-0.3705728054046631,-0.020715871825814247,-0.3912886679172516,0.02742873877286911,0.03714418038725853,-0.3249393105506897,0.013000463135540485,-0.3119388520717621,-0.013354343362152576,-0.002880208659917116,-0.0703556165099144,-0.001008072984404862,-0.07136368751525879,-0.004401875659823418,0.008954014629125595,-0.15629670023918152,0.0031339051201939583,-0.15316279232501984,0.04855107516050339,0.0535421147942543,-0.07059001177549362,0.018739739432930946,-0.051850274205207825,-0.007910545915365219,-0.0017214284744113684,0.21008385717868805,-0.0006024999311193824,0.2094813585281372,-0.02450454607605934,-0.013531407341361046,0.516128420829773,-0.004735992290079594,0.5113924145698547
8.9,0.0,0.075,0.0,-0.03144673976857649,0.04556840307087359,-0.05822129285274228,-0.10426335036754608,0.3436049744486809,0.0,0.0,0.0,0.9994679689407349,0.045887794345617294,0.9944965243339539,0.05707825347781181,0.05961594730615616,-0.24100488424301147,0.020865581929683685,-0.2201392948627472,-0.015912463888525963,-0.007435440085828304,-0.303681343793869,-0.0026024039834737778,-0.30628374218940735,0.07001475244760513,0.05358804017305374,-0.3570612370967865,0.01875581406056881,-0.33830541372299194,-0.05481695756316185,-0.058754995465278625,-0.3844861686229706,-0.02056424878537655,-0.4050504267215729,-0.034238312393426895,-0.05170323699712753,-0.3773975372314453,-0.018096132203936577,-0.39549365639686584,0.02729472890496254,0.03418934345245361,-0.33800753951072693,0.01196627039462328,-0.3260412812232971,-0.008767898194491863,-0.0046465154737234116,-0.04891636595129967,-0.0016262803692370653,-0.050542645156383514,-0.012102385982871056,0.0026370943523943424,-0.14263278245925903,0.0009229829884134233,-0.1417098045349121,0.05362151190638542,0.05356593430042267,-0.07822158187627792,0.018748076632618904,-0.05947350710630417,-0.01585496962070465,-0.005961490795016289,0.18870806694030762,-0.00208652182482183,0.1866215467453003,-0.04150192812085152,-0.021922562271356583,0.5021592974662781,-0.007672896608710289,0.49448639154434204
8.92,0.0,0.075,0.0,-0.02831609672238855,0.05110481655908486,-0.020341360430307986,-0.0769418478012085,0.38458722829818726,0.0,0.0,0.0,0.9783617854118347,0.04464149475097656,0.9732649922370911,0.046230752021074295,0.05560038983821869,-0.22677239775657654,0.01946013607084751,-0.20731225609779358,-0.01630149595439434,-0.010095257312059402,-0.28874877095222473,-0.003533340059220791,-0.2922821044921875,0.0629228949546814,0.0563884973526001,-0.3460886478424072,0.019735973328351974,-0.32635268568992615,-0.03687666729092598,-0.05219149589538574,-0.3808978199958801,-0.01826702244579792,-0.3991648554801941,-0.05213801935315132,-0.05183367058634758,-0.38231325149536133,-0.01814178377389908,-0.4004550278186798,0.015741700306534767,0.028655052185058594,-0.3498932421207428,0.010029268451035023,-0.33986398577690125,-0.029388342052698135,-0.012069063261151314,-0.027917152270674706,-0.0042241718620061874,-0.03214132413268089,-0.019501861184835434,-0.004004592541605234,-0.12734033167362213,-0.0014016074128448963,-0.12874193489551544,0.05004346743226051,0.05250919610261917,-0.08376744389533997,0.01837821863591671,-0.0653892233967781,-0.0065024904906749725,-0.006123790983110666,0.16781140863895416,-0.0021433269139379263,0.1656680852174759,-0.037484049797058105,-0.02659100852906704,0.48658862709999084,-0.009306852705776691,0.477281779050827
8.94,0.0,0.075,0.0,-0.024333989974812467,0.056990811521253015,0.019832839953993257,-0.055218249559402466,0.4171726256608963,0.0,0.0,0.0,0.9555640816688538,0.04396380856633186,0.9509910941123962,0.03005576692521572,0.047937002032995224,-0.213408961892128,0.016777951270341873,-0.19663101434707642,-0.01783023029565811,-0.012415749952197075,-0.273542195558548,-0.004345512483268976,-0.2778877019882202,0.0663631483912468,0.05938089266419411,-0.3337845206260681,0.020783312618732452,-0.31300121545791626,-0.043643318116664886,-0.04962703958153725,-0.3753358721733093,-0.01736946403980255,-0.3927053213119507,-0.04643278196454048,-0.05021340399980545,-0.3852292597293854,-0.017574690282344818,-0.4028039574623108,0.008716387674212456,0.022673454135656357,-0.3603771924972534,0.00793570838868618,-0.3524414896965027,-0.03423212468624115,-0.01871798187494278,-0.00757197430357337,-0.006551293656229973,-0.01412326842546463,-0.038989439606666565,-0.014500047080218792,-0.11057517677545547,-0.005075016524642706,-0.11565019190311432,0.05169600993394852,0.052265241742134094,-0.08717108517885208,0.018292834982275963,-0.06887824833393097,-0.027949873358011246,-0.012671615928411484,0.14760680496692657,-0.004435065668076277,0.1431717425584793,-0.03506486862897873,-0.02913316711783409,0.46957510709762573,-0.010196608491241932,0.45937851071357727
8.96,0.0,0.075,0.0,-0.018464594798807115,0.0654032357449931,0.08097842651738296,-0.04164375364780426,0.4375343695282936,0.0,0.0,0.0,0.931269645690918,0.04686884209513664,0.9250492453575134,0.03156832978129387,0.043026402592659,-0.20116105675697327,0.015059241093695164,-0.18610180914402008,-0.031143615022301674,-0.018034109845757484,-0.25834208726882935,-0.006311938166618347,-0.2646540403366089,0.0886576920747757,0.0681639313697815,-0.3203757107257843,0.023857375606894493,-0.29651832580566406,-0.0774981752038002,-0.05798838287591934,-0.367902934551239,-0.02029593288898468,-0.3881988525390625,-0.019949426874518394,-0.04113420844078064,-0.38609179854393005,-0.014396972954273224,-0.4004887640476227,0.031613048166036606,0.025355331599712372,-0.36926600337028503,0.00887436605989933,-0.36039164662361145,-0.033187150955200195,-0.023058732971549034,0.011911844834685326,-0.008070556446909904,0.003841288387775421,-0.034062594175338745,-0.02036881074309349,-0.09250818192958832,-0.007129083853214979,-0.09963726252317429,0.05707836151123047,0.053709179162979126,-0.08839782327413559,0.018798211589455605,-0.06959961354732513,-0.02188585326075554,-0.01543588750064373,0.12830016016960144,-0.005402560345828533,0.12289760261774063,-0.054143909364938736,-0.036636389791965485,0.4512920677661896,-0.01282273605465889,0.4384693205356598
8.98,0.0,0.075,0.0,-0.014330536463671634,0.0698435825820421,0.10708133816206011,-0.02490481361746788,0.4626427795737982,0.0,0.0,0.0,0.9056931734085083,0.047305960208177567,0.8987271785736084,0.033709194511175156,0.04023124277591705,-0.1902545690536499,0.014080935157835484,-0.1761736273765564,-0.022697238251566887,-0.019433047622442245,-0.24342875182628632,-0.0068015665747225285,-0.2502303123474121,0.0820540338754654,0.07233096659183502,-0.30610957741737366,0.025315837934613228,-0.2807937264442444,-0.0369248241186142,-0.05166931450366974,-0.3587360978126526,-0.01808425970375538,-0.3768203556537628,-0.047308966517448425,-0.042986635118722916,-0.38488495349884033,-0.015045322477817535,-0.39993026852607727,0.00019854959100484848,0.017808297649025917,-0.3763957917690277,0.006232904270291328,-0.37016287446022034,-0.02062234655022621,-0.022327817976474762,0.03033575415611267,-0.007814736105501652,0.022521018981933594,-0.039639055728912354,-0.02614988386631012,-0.07332344353199005,-0.009152458980679512,-0.08247590065002441,0.050520364195108414,0.0527525320649147,-0.08743514865636826,0.018463386222720146,-0.06897176057100296,-3.867223858833313e-05,-0.010816722176969051,0.11008822917938232,-0.0037858528085052967,0.10630237311124802,-0.06811437010765076,-0.046079784631729126,0.43192583322525024,-0.016127923503518105,0.4157979190349579
9.0,0.0,0.075,0.0,-0.007870294630700861,0.07701428824202139,0.15457649286926708,-0.009179957211017609,0.4862300641834736,0.0,0.0,0.0,0.8790714740753174,0.04926281422376633,0.8702603578567505,0.019071616232395172,0.03388335555791855,-0.18089066445827484,0.011859173886477947,-0.16903148591518402,-0.0427866131067276,-0.026439117267727852,-0.2290772646665573,-0.00925369095057249,-0.23833096027374268,0.08161641657352448,0.0751166045665741,-0.29124924540519714,0.026290811598300934,-0.2649584412574768,-0.051448602229356766,-0.05160310119390488,-0.34800440073013306,-0.018061084672808647,-0.36606547236442566,-0.021364329382777214,-0.03649994358420372,-0.3816309869289398,-0.012774979695677757,-0.39440596103668213,0.013682257384061813,0.01657048612833023,-0.38163504004478455,0.005799670238047838,-0.3758353590965271,-0.028136994689702988,-0.02407057210803032,0.047512006014585495,-0.008424700237810612,0.03908730670809746,-0.04761549085378647,-0.032589565962553024,-0.05321647599339485,-0.011406348086893559,-0.06462282687425613,0.05474821850657463,0.05335123836994171,-0.08429288119077682,0.01867293380200863,-0.06561994552612305,-0.021923547610640526,-0.014148769900202751,0.0931565910577774,-0.0049520693719387054,0.0882045179605484,-0.0857989639043808,-0.05799553543329239,0.41167378425598145,-0.020298436284065247,0.3913753628730774
9.02,0.0,0.075,0.0,0.00494491545615978,0.08701474199925126,0.23328402228400114,0.019160287454724312,0.5287404311820865,0.020118301827460525,0.0,0.020118301827460525,0.8589937686920166,0.051975931972265244,0.8555365204811096,0.020983871072530746,0.03001350909471512,-0.2104874700307846,0.010504728183150291,-0.19998274743556976,-0.05538219213485718,-0.035122040659189224,-0.2700388431549072,-0.012292713858187199,-0.28233155608177185,0.08071200549602509,0.07679522782564163,-0.3307926058769226,0.02687832899391651,-0.30391427874565125,-0.05708164721727371,-0.05324666202068329,-0.37378913164138794,-0.01863633096218109,-0.3924254775047302,-0.016933349892497063,-0.030629964545369148,-0.38561034202575684,-0.01072048768401146,-0.3963308334350586,0.01760082319378853,0.01687958836555481,-0.3625671863555908,0.005907855927944183,-0.35665932297706604,-0.034016404300928116,-0.0270543210208416,0.09934528917074203,-0.009469011798501015,0.08987627923488617,-0.04344181716442108,-0.03584524244070053,0.19806495308876038,-0.012545834295451641,0.18551911413669586,0.05081120505928993,0.05258923023939133,0.1177990511059761,0.018406230956315994,0.1362052857875824,-0.015809886157512665,-0.014647104777395725,0.046093348413705826,-0.005126486532390118,0.040966860949993134,-0.09957334399223328,-0.07046887278556824,0.16202345490455627,-0.024664105847477913,0.1373593509197235
9.040000000000001,0.0,0.075,0.0,0.020070611059439223,0.09911043714956744,0.3292055259842002,0.12578530609607697,0.6886779591441154,0.1320745714008808,0.0,0.1320745714008808,0.8501384258270264,0.05908919498324394,0.8484432697296143,0.026333021000027657,0.028909362852573395,-0.19852861762046814,0.010118276812136173,-0.18841034173965454,-0.07890212535858154,-0.04825606569647789,-0.2548799216747284,-0.016889622434973717,-0.27176955342292786,0.08452388644218445,0.07911382615566254,-0.3171643018722534,0.027689838781952858,-0.2894744575023651,-0.08052609860897064,-0.061430491507053375,-0.36594444513320923,-0.02150067128241062,-0.3874451220035553,-0.06516268849372864,-0.04098978266119957,-0.3859974145889282,-0.01434642355889082,-0.4003438353538513,0.03298259899020195,0.02171049267053604,-0.3710651993751526,0.007598672527819872,-0.3634665310382843,-0.1171959862112999,-0.05409682169556618,0.08853752911090851,-0.018933886662125587,0.06960364431142807,-0.06507204473018646,-0.04461328312754631,0.20883165299892426,-0.015614649280905724,0.19321700930595398,0.023967547342181206,0.044002726674079895,0.13948678970336914,0.015400954522192478,0.15488775074481964,-0.046886514872312546,-0.02431892789900303,0.05724256858229637,-0.008511624298989773,0.048730943351984024,-0.08743763715028763,-0.07555950433015823,0.15160223841667175,-0.026445826515555382,0.12515641748905182
9.06,0.0,0.075,0.0,0.029182823837443212,0.10365630229573346,0.37445372806768723,0.10389560461044312,0.6558434069156647,0.10909038484096527,0.0,0.10909038484096527,0.8405541181564331,0.0600789375603199,0.842617928981781,-0.07610004395246506,-0.0025934595614671707,-0.18795974552631378,-0.0009077108115889132,-0.188867449760437,-0.026100074872374535,-0.0416092686355114,-0.24007165431976318,-0.014563243836164474,-0.25463488698005676,0.03653835877776146,0.06634118407964706,-0.30273786187171936,0.023219414055347443,-0.2795184552669525,-0.03017895668745041,-0.052055031061172485,-0.3564019799232483,-0.01821926049888134,-0.3746212422847748,-0.10179178416728973,-0.05923038348555565,-0.3843168318271637,-0.020730633288621902,-0.4050474762916565,-0.020778486505150795,0.008963799104094505,-0.3777709901332855,0.0031373295933008194,-0.37463366985321045,-0.043390825390815735,-0.050885021686553955,0.07588900625705719,-0.017809757962822914,0.058079250156879425,-0.12056466937065125,-0.06739869713783264,0.2176453024148941,-0.023589543998241425,0.19405576586723328,0.00029252987587824464,0.030889667570590973,0.16104169189929962,0.010811383835971355,0.17185308039188385,-0.045811645686626434,-0.030766744166612625,0.07021060585975647,-0.010768360458314419,0.059442244470119476,-0.12174329161643982,-0.08941464126110077,0.14315181970596313,-0.03129512444138527,0.11185669898986816
9.08,0.0,0.075,0.0,0.03853756708096069,0.109286949362573,0.4247601275340716,0.12344194948673248,0.6851629242300987,0.1296140469610691,0.0,0.1296140469610691,0.8304261565208435,0.06376904249191284,0.8357841372489929,0.03731187433004379,0.009378140792250633,-0.17897579073905945,0.0032823493238538504,-0.17569343745708466,-0.07363513857126236,-0.051217030733823776,-0.22588713467121124,-0.017925960943102837,-0.24381309747695923,0.0736745223402977,0.06854118406772614,-0.28777942061424255,0.023989414796233177,-0.2637900114059448,-0.03261467441916466,-0.04622292518615723,-0.3453376889228821,-0.01617802307009697,-0.36151570081710815,-0.10718972980976105,-0.07361818850040436,-0.38059961795806885,-0.025766365230083466,-0.4063659906387329,-0.03202395513653755,-0.0033325273543596268,-0.3825608789920807,-0.001166384550742805,-0.3837272524833679,-0.09366425126791,-0.06371879577636719,0.06152861565351486,-0.022301578894257545,0.039227038621902466,-0.09154804050922394,-0.07464350014925003,0.22441606223583221,-0.02612522430717945,0.1982908397912979,0.029114173725247383,0.03035701997578144,0.18224407732486725,0.010624957270920277,0.19286903738975525,0.0061335377395153046,-0.019696660339832306,0.08486530184745789,-0.006893830839544535,0.07797147333621979,-0.07574177533388138,-0.08531278371810913,0.13675831258296967,-0.029859473928809166,0.10689883679151535
9.1,0.0,0.075,0.0,0.04904977894669335,0.11393828523107682,0.4719423883619512,0.09898559004068375,0.6484783850610256,0.10393486954271793,0.0,0.10393486954271793,0.8199833035469055,0.06661870330572128,0.8267737030982971,-0.09248534590005875,-0.021180905401706696,-0.17174240946769714,-0.007413316983729601,-0.17915572226047516,-0.0428592748939991,-0.04870970547199249,-0.21258799731731415,-0.017048396170139313,-0.22963640093803406,0.04270144924521446,0.06078926473855972,-0.2725648283958435,0.021276243031024933,-0.25128859281539917,-0.036228813230991364,-0.04322469234466553,-0.3329557180404663,-0.015128642320632935,-0.34808436036109924,-0.08884069323539734,-0.07818493992090225,-0.3749143183231354,-0.02736472897231579,-0.4022790491580963,0.007019534707069397,-0.00022690859623253345,-0.38534650206565857,-7.941800868138671e-05,-0.3854259252548218,-0.0555628202855587,-0.06127200275659561,0.045602697879076004,-0.021445199847221375,0.02415749803185463,-0.11848597973585129,-0.08779624104499817,0.22907495498657227,-0.03072868473827839,0.19834627211093903,0.02920793741941452,0.03001229651272297,0.20287790894508362,0.010504303500056267,0.21338221430778503,-0.029935631901025772,-0.022768352180719376,0.10105733573436737,-0.007968923076987267,0.09308841079473495,-0.11450953781604767,-0.09407180547714233,0.13248687982559204,-0.03292513266205788,0.09956175088882446
9.120000000000001,0.0,0.075,0.0,0.06411881452271385,0.12114956507053906,0.5423791672172046,0.14052025973796844,0.7107803896069527,0.14754627272486687,0.0,0.14754627272486687,0.8094971776008606,0.07155079394578934,0.8158259391784668,0.030564146116375923,-0.005657389760017395,-0.16639305651187897,-0.001980086322873831,-0.16837313771247864,-0.09982433915138245,-0.06404409557580948,-0.20041953027248383,-0.022415433079004288,-0.22283495962619781,0.07997390627861023,0.06654465943574905,-0.25737470388412476,0.02329063042998314,-0.23408406972885132,-0.02966659516096115,-0.039157263934612274,-0.3194843530654907,-0.013705042190849781,-0.3331893980503082,-0.06978769600391388,-0.07566577196121216,-0.3673657774925232,-0.026483019813895226,-0.39384880661964417,-0.006924155168235302,-0.002236082684248686,-0.3860764801502228,-0.0007826289511285722,-0.38685911893844604,-0.12316175550222397,-0.07983893156051636,0.02827354706823826,-0.027943626046180725,0.00032992102205753326,-0.1201571598649025,-0.09750451892614365,0.23157449066638947,-0.03412657976150513,0.19744791090488434,0.05175835266709328,0.03653611242771149,0.22273290157318115,0.012787639163434505,0.23552054166793823,0.005756547674536705,-0.014210881665349007,0.11862168461084366,-0.00497380830347538,0.11364787817001343,-0.0886891633272171,-0.09245701134204865,0.1303810328245163,-0.032359953969717026,0.09802107512950897
9.14,0.0,0.075,0.0,0.06778978904093975,0.12008988751408216,0.5578758026897109,0.13924330472946167,0.7088649570941925,0.14620546996593475,0.0,0.14620546996593475,0.7992790937423706,0.06996352970600128,0.8113006949424744,-0.07311201840639114,-0.02589377760887146,-0.163026362657547,-0.009062821976840496,-0.17208918929100037,-0.08330190181732178,-0.06982143968343735,-0.18960615992546082,-0.02443750388920307,-0.21404366195201874,0.04861558601260185,0.061165936291217804,-0.24248920381069183,0.0214080773293972,-0.22108112275600433,-0.06483589112758636,-0.04686085134744644,-0.3051721155643463,-0.016401298344135284,-0.321573406457901,-0.06782381981611252,-0.07331318408250809,-0.3580932319164276,-0.02565961331129074,-0.38375285267829895,-0.016752630472183228,-0.0065910471603274345,-0.3847373425960541,-0.0023068664595484734,-0.387044221162796,-0.047267694026231766,-0.07006756216287613,0.009717750363051891,-0.024523645639419556,-0.014805895276367664,-0.0686718225479126,-0.08885470777750015,0.23188920319080353,-0.031099148094654083,0.20079004764556885,0.045584775507450104,0.03925071284174919,0.2416067272424698,0.013737749308347702,0.2553444802761078,0.006048968061804771,-0.008132926188409328,0.13737936317920685,-0.0028465241193771362,0.1345328390598297,-0.09421225637197495,-0.09298358857631683,0.13046224415302277,-0.03254425525665283,0.09791798889636993
9.16,0.0,0.075,0.0,0.07398872461663043,0.12047900244632818,0.5765913854001221,0.12236453592777252,0.6835468038916588,0.12848276272416115,0.0,0.12848276272416115,0.7896743416786194,0.0657670795917511,0.8023209571838379,-0.029045233502984047,-0.02683921530842781,-0.1617044359445572,-0.009393725544214249,-0.17109815776348114,-0.04632148891687393,-0.06277145445346832,-0.18034732341766357,-0.021970009431242943,-0.20231732726097107,0.02924615703523159,0.051590003073215485,-0.22818289697170258,0.01805650070309639,-0.21012639999389648,-0.02582436613738537,-0.040549907833337784,-0.2902829349040985,-0.01419246755540371,-0.3044753968715668,-0.09962303936481476,-0.08120614290237427,-0.3472677171230316,-0.028422148898243904,-0.37568986415863037,0.005253128707408905,-0.0030377942603081465,-0.38135382533073425,-0.0010632280027493834,-0.38241705298423767,-0.043615248054265976,-0.062131866812705994,-0.00987559650093317,-0.021746153011918068,-0.03162175044417381,-0.07554803788661957,-0.08486270904541016,0.23001588881015778,-0.029701948165893555,0.20031394064426422,0.021385686472058296,0.03389120474457741,0.25930705666542053,0.011861921288073063,0.271168977022171,0.0015310551971197128,-0.005233731586486101,0.15713922679424286,-0.001831806031987071,0.15530742704868317,-0.0717231035232544,-0.08660544455051422,0.1327296793460846,-0.030311904847621918,0.10241777449846268
9.18,0.0,0.075,0.0,0.07810163516616563,0.11963214050267156,0.5821359301095826,0.09299280494451523,0.6394892074167728,0.09764244519174098,0.0,0.09764244519174098,0.781053364276886,0.06510740518569946,0.791345477104187,-0.09186383336782455,-0.04634660482406616,-0.16245165467262268,-0.016221310943365097,-0.17867296934127808,-0.05030355602502823,-0.059031084179878235,-0.1728138029575348,-0.020660879090428352,-0.193474680185318,0.045275911688804626,0.04969577491283417,-0.21471962332725525,0.01739352010190487,-0.19732610881328583,0.043887555599212646,-0.015218667685985565,-0.2750914394855499,-0.005326533690094948,-0.2804179787635803,-0.014116985723376274,-0.061079394072294235,-0.3350888788700104,-0.021377786993980408,-0.3564666509628296,-0.027998805046081543,-0.010526098310947418,-0.37598830461502075,-0.003684134455397725,-0.37967243790626526,-0.11090489476919174,-0.07676377892494202,-0.030306827276945114,-0.026867322623729706,-0.05717414990067482,-0.1096348837018013,-0.0922943651676178,0.22597363591194153,-0.03230302780866623,0.1936706006526947,0.07001083344221115,0.04472709447145462,0.2756534814834595,0.015654481947422028,0.2913079559803009,-0.02278813160955906,-0.010500052012503147,0.17769992351531982,-0.0036750182043761015,0.17402490973472595,-0.054104942828416824,-0.07685529440641403,0.13716024160385132,-0.02689935266971588,0.11026088893413544
9.200000000000001,0.0,0.075,0.0,0.08324379074540303,0.12020601129998551,0.5929486574350605,0.078057661652565,0.6170864924788475,0.08196054473519325,0.0,0.08196054473519325,0.7737987041473389,0.057820964604616165,0.7906331419944763,-0.09991337358951569,-0.06241663545370102,-0.16525423526763916,-0.021845821291208267,-0.18710005283355713,-0.033614207059144974,-0.05140601843595505,-0.1671445071697235,-0.017992105334997177,-0.185136616230011,0.0032553207129240036,0.035763636231422424,-0.20234769582748413,0.012517272494733334,-0.18983042240142822,-0.0787367895245552,-0.03427410498261452,-0.2598778307437897,-0.011995936743915081,-0.2718737721443176,-0.07789401710033417,-0.06612378358840942,-0.32178130745887756,-0.02314332313835621,-0.3449246287345886,0.018228452652692795,-0.001899732742458582,-0.3687397241592407,-0.0006649064598605037,-0.3694046437740326,-0.00484017189592123,-0.05518669635057449,-0.05136774107813835,-0.019315343350172043,-0.0706830844283104,-0.007024267688393593,-0.06671333312988281,0.21980364620685577,-0.023349666967988014,0.1964539736509323,0.019492890685796738,0.037156831473112106,0.29047948122024536,0.013004890643060207,0.30348438024520874,0.0493236780166626,0.007447067182511091,0.19885189831256866,0.00260647339746356,0.20145836472511292,-0.056172680109739304,-0.07065051048994064,0.14370878040790558,-0.024727677926421165,0.11898110061883926
9.22,0.0,0.075,0.0,0.08563303797604375,0.11907145779557424,0.5876117645957324,0.06745609641075134,0.601184144616127,0.0708289012312889,0.0,0.0708289012312889,0.7682889103889465,0.054314225912094116,0.7834521532058716,-0.05634528771042824,-0.060595229268074036,-0.17006050050258636,-0.021208329126238823,-0.19126883149147034,-0.029478589072823524,-0.044827789068222046,-0.16344404220581055,-0.015689725056290627,-0.17913377285003662,0.009366113692522049,0.027844378724694252,-0.1912953108549118,0.009745532646775246,-0.1815497726202011,-0.002754868706688285,-0.024818334728479385,-0.2449226826429367,-0.008686416782438755,-0.2536090910434723,-0.03807505592703819,-0.057709164917469025,-0.307590514421463,-0.02019820734858513,-0.32778871059417725,0.021922986954450607,0.005247083492577076,-0.35974183678627014,0.0018364791758358479,-0.3579053580760956,-0.0502871610224247,-0.053716834634542465,-0.07284370809793472,-0.018800891935825348,-0.09164460003376007,-0.06792779266834259,-0.06707767397165298,0.21156875789165497,-0.023477185517549515,0.18809157609939575,0.05015869066119194,0.041057389229536057,0.3036339581012726,0.014370085671544075,0.3180040419101715,0.028822259977459908,0.013859624974429607,0.22037963569164276,0.004850868601351976,0.22523050010204315,-0.05597448721528053,-0.06624770164489746,0.15230855345726013,-0.02318669483065605,0.12912185490131378
9.24,0.0,0.075,0.0,0.08352671553242702,0.11566537084132093,0.5669642116395902,0.05982794612646103,0.5897419191896915,0.06281934343278407,0.0,0.06281934343278407,0.7648787498474121,0.05936690419912338,0.7813764214515686,-0.12024366110563278,-0.0784897580742836,-0.1767817884683609,-0.02747141569852829,-0.2042531967163086,-0.056032855063676834,-0.048189304769039154,-0.16178062558174133,-0.016866255551576614,-0.17864687740802765,0.040408845990896225,0.03161371871829033,-0.1817663013935089,0.0110648013651371,-0.1707015037536621,-0.0578182227909565,-0.03471830114722252,-0.23050183057785034,-0.012151405215263367,-0.2426532357931137,-0.002092299982905388,-0.0410241037607193,-0.2927781641483307,-0.01435843575745821,-0.307136595249176,0.03317064419388771,0.013624152168631554,-0.3491605222225189,0.004768453072756529,-0.3443920612335205,-0.0853407084941864,-0.06320399791002274,-0.09451588988304138,-0.022121399641036987,-0.11663728952407837,-0.07518590241670609,-0.06951014697551727,0.20135293900966644,-0.024328550323843956,0.17702439427375793,0.07123252749443054,0.05010993033647537,0.3149828016757965,0.01753847487270832,0.3325212895870209,0.016966158524155617,0.014791585505008698,0.2420637309551239,0.005177055019885302,0.24724078178405762,-0.07293067872524261,-0.06825259327888489,0.16287192702293396,-0.02388840727508068,0.13898351788520813
9.26,0.0,0.075,0.0,0.08456250014754284,0.11349878737840102,0.5530481806382834,0.09214349091053009,0.6382152363657951,0.0967506654560566,0.0,0.0967506654560566,0.7638781666755676,0.055140163749456406,0.783068835735321,-0.04304027557373047,-0.06785491108894348,-0.18529413640499115,-0.02374921925365925,-0.20904335379600525,-0.040444713085889816,-0.04586592689156532,-0.1621849536895752,-0.016053074970841408,-0.17823803424835205,-0.02230175957083702,0.015439074486494064,-0.17393642663955688,0.0054036760702729225,-0.16853274405002594,-0.020026182755827904,-0.03031066618859768,-0.21688124537467957,-0.0106087327003479,-0.22748997807502747,-0.06633766740560532,-0.04861817508935928,-0.277617484331131,-0.01701636053621769,-0.2946338355541229,0.03609761968255043,0.020366191864013672,-0.33719098567962646,0.00712816696614027,-0.3300628066062927,-0.021350566297769547,-0.05064797028899193,-0.11616343259811401,-0.01772679015994072,-0.13389022648334503,-0.04321004077792168,-0.061620112508535385,0.18926025927066803,-0.02156703919172287,0.16769322752952576,0.06489681452512741,0.054545994848012924,0.32441043853759766,0.01909109763801098,0.3435015380382538,0.05288699269294739,0.026220209896564484,0.2636832296848297,0.009177072905004025,0.2728602886199951,-0.05551246926188469,-0.06443055719137192,0.1752912700176239,-0.02255069464445114,0.15274056792259216
9.28,0.0,0.075,0.0,0.0848824464979161,0.11103236346259525,0.5347114007906834,0.07661069929599762,0.6149160489439964,0.0804412342607975,0.0,0.0804412342607975,0.7655310034751892,0.058584991842508316,0.788152277469635,-0.0760854184627533,-0.07032406330108643,-0.19544054567813873,-0.02461342141032219,-0.22005397081375122,-0.06604562699794769,-0.0519198402762413,-0.16464956104755402,-0.018171943724155426,-0.18282151222229004,0.007956188172101974,0.013194208964705467,-0.1679501086473465,0.004617973230779171,-0.16333213448524475,-0.08105547726154327,-0.04553411155939102,-0.20431214570999146,-0.015936939045786858,-0.22024908661842346,-0.04057545214891434,-0.04620535671710968,-0.26238808035850525,-0.016171874478459358,-0.27855995297431946,0.05201606824994087,0.02986115589737892,-0.3240540027618408,0.010451404377818108,-0.31360259652137756,-0.041397128254175186,-0.047872718423604965,-0.1375657320022583,-0.016755450516939163,-0.15432117879390717,-0.0473783016204834,-0.05734756961464882,0.17541395127773285,-0.02007164992392063,0.15534229576587677,0.07932431250810623,0.06197948753833771,0.3318207561969757,0.021692819893360138,0.35351356863975525,0.04720773547887802,0.032516468316316605,0.28501781821250916,0.011380763724446297,0.2963985800743103,-0.07631503790616989,-0.06799590587615967,0.18943999707698822,-0.023798566311597824,0.1656414270401001
9.3,0.0,0.075,0.0,0.08820339087164651,0.10785602730267974,0.514639964448405,0.06170586496591568,0.5925587974488735,0.06479115821421146,0.0,0.06479115821421146,0.7699969410896301,0.056522220373153687,0.7937618494033813,-0.02426113747060299,-0.05650518462061882,-0.2070339024066925,-0.019776813685894012,-0.22681072354316711,-0.047324951738119125,-0.05054137483239174,-0.16912899911403656,-0.017689481377601624,-0.18681848049163818,-0.01599283143877983,0.004438096657395363,-0.16391772031784058,0.001553333830088377,-0.1623643934726715,-0.05688030645251274,-0.04893796890974045,-0.1930263489484787,-0.017128288745880127,-0.21015463769435883,-0.06226600706577301,-0.05102355033159256,-0.2473708540201187,-0.017858242616057396,-0.26522910594940186,0.06143461540341377,0.039333194494247437,-0.3099918067455292,0.013766617514193058,-0.2962251901626587,-0.00852296408265829,-0.036067791283130646,-0.1585046797990799,-0.012623726390302181,-0.17112840712070465,-0.02616591565310955,-0.04799307510256767,0.15995512902736664,-0.01679757609963417,0.14315755665302277,0.07195200771093369,0.06497123837471008,0.33713826537132263,0.02273993380367756,0.35987821221351624,0.061098791658878326,0.04109116643667221,0.305850088596344,0.014381907880306244,0.32023200392723083,-0.05873465910553932,-0.0652175322175026,0.20517393946647644,-0.02282613515853882,0.18234780430793762
9.32,0.0,0.075,0.0,0.08544083081409438,0.10524821012971214,0.4910621476467707,0.05100563168525696,0.5765084475278854,0.053555913269519806,0.0,0.053555913269519806,0.7773383259773254,0.059483565390110016,0.8033522367477417,-0.04372914135456085,-0.0526723712682724,-0.21986034512519836,-0.01843532919883728,-0.23829567432403564,-0.07151361554861069,-0.05683304741978645,-0.17554065585136414,-0.019891565665602684,-0.19543221592903137,-0.003916488960385323,0.0019317208789288998,-0.16191366314888,0.0006761022959835827,-0.16123756766319275,-0.0969642624258995,-0.06334585696458817,-0.18323199450969696,-0.022171050310134888,-0.20540304481983185,-0.0552406944334507,-0.05228869616985321,-0.23284277319908142,-0.018301043659448624,-0.25114381313323975,0.0661471039056778,0.047377366572618484,-0.29526379704475403,0.016582077369093895,-0.2786817252635956,-0.022569485008716583,-0.03201830014586449,-0.17876692116260529,-0.011206405237317085,-0.18997332453727722,-0.021732285618782043,-0.040114838629961014,0.14304132759571075,-0.014040193520486355,0.12900114059448242,0.07653763145208359,0.06844116002321243,0.3403087258338928,0.02395440638065338,0.364263117313385,0.0519169345498085,0.0443388968706131,0.3259677290916443,0.0155186140909791,0.3414863348007202,-0.0739036425948143,-0.0678233653306961,0.22233277559280396,-0.023738177493214607,0.1985945999622345
9.34,0.0,0.075,0.0,0.08578859474845636,0.10163186873343982,0.466303062245817,0.035094715654850006,0.552642073482275,0.0368494514375925,0.0,0.0368494514375925,0.7875141501426697,0.056345876306295395,0.8128576278686523,-0.011850448325276375,-0.04042579233646393,-0.23368333280086517,-0.014149026945233345,-0.24783235788345337,-0.043487124145030975,-0.05282926931977272,-0.18376626074314117,-0.018490243703126907,-0.20225650072097778,-0.036939527839422226,-0.009729653596878052,-0.16197489202022552,-0.0034053786657750607,-0.16538026928901672,-0.04645590856671333,-0.058278873562812805,-0.17510974407196045,-0.020397605374455452,-0.19550734758377075,-0.07786846160888672,-0.05996262654662132,-0.21907177567481995,-0.02098691835999489,-0.24005869030952454,0.055497270077466965,0.04981333762407303,-0.2801416218280792,0.01743466779589653,-0.2627069652080536,0.014268973842263222,-0.01813211850821972,-0.19814597070217133,-0.006346241571009159,-0.2044922113418579,-0.004523010924458504,-0.029437290504574776,0.12484489381313324,-0.010303051210939884,0.11454184353351593,0.06403807550668716,0.06712023913860321,0.3412998914718628,0.023492082953453064,0.36479198932647705,0.049966052174568176,0.0460270456969738,0.3451657295227051,0.016109466552734375,0.36127519607543945,-0.05531596764922142,-0.06407114863395691,0.24074162542819977,-0.02242490090429783,0.2183167189359665
9.36,0.0,0.075,0.0,0.08420352407986216,0.09708141131824811,0.4311561056727567,0.019335797056555748,0.5290036955848336,0.020302586909383535,0.0,0.020302586909383535,0.8003823161125183,0.05958438664674759,0.8270378708839417,-0.03886816278100014,-0.03995850309729576,-0.2482479065656662,-0.013985475525259972,-0.2622333765029907,-0.06961030513048172,-0.05786357820034027,-0.1936541050672531,-0.020252251997590065,-0.21390636265277863,-0.015445809811353683,-0.011444500647485256,-0.1641002893447876,-0.0040055750869214535,-0.1681058704853058,-0.0975244790315628,-0.07005255669355392,-0.16880939900875092,-0.024518394842743874,-0.19332779943943024,-0.06427198648452759,-0.06125543266534805,-0.20631186664104462,-0.02143940143287182,-0.22775126993656158,0.07313203811645508,0.0568089485168457,-0.2649041712284088,0.019883131608366966,-0.2450210452079773,-0.029748689383268356,-0.021617090329527855,-0.21644432842731476,-0.007565981708467007,-0.22401030361652374,-0.01904129423201084,-0.026318490505218506,0.10555126518011093,-0.009211471304297447,0.09633979201316833,0.07716634124517441,0.07013407349586487,0.3401016294956207,0.024546924978494644,0.3646485507488251,0.03440360724925995,0.042540013790130615,0.3632484972476959,0.0148890046402812,0.3781374990940094,-0.06474178284406662,-0.06427233666181564,0.26021289825439453,-0.022495318204164505,0.23771758377552032
9.38,0.0,0.075,0.0,0.08349080233903415,0.08936126374421048,0.38475182926165324,0.011753136292099953,0.5176297044381499,0.01234079310670495,0.0,0.01234079310670495,0.8157080411911011,0.05733616650104523,0.8414207100868225,-0.007765493355691433,-0.030300598591566086,-0.26328545808792114,-0.01060520950704813,-0.2738906741142273,-0.029693985357880592,-0.04941270127892494,-0.20502182841300964,-0.017294446006417274,-0.22231628000736237,-0.03234053775668144,-0.017713312059640884,-0.16825063526630402,-0.006199659314006567,-0.17445029318332672,-0.06654435396194458,-0.06900009512901306,-0.16444715857505798,-0.024150032550096512,-0.1885971873998642,-0.09156706929206848,-0.07034892588853836,-0.19479838013648987,-0.024622123688459396,-0.21942050755023956,0.05704149231314659,0.056878712028265,-0.24983248114585876,0.019907549023628235,-0.22992493212223053,0.028215870261192322,-0.006667202338576317,-0.23347553610801697,-0.0023335206788033247,-0.2358090579509735,0.012091359123587608,-0.014795534312725067,0.08535704761743546,-0.005178437102586031,0.08017861098051071,0.06083671376109123,0.06734486669301987,0.3367261588573456,0.023570703342556953,0.3602968752384186,0.053610071539878845,0.045861031860113144,0.3800317347049713,0.016051361337304115,0.3960830867290497,-0.04196909815073013,-0.05758136510848999,0.28054818511009216,-0.020153477787971497,0.2603946924209595
9.4,0.0,0.075,0.0,0.07957049444434126,0.08695301772992937,0.35778455004537363,-0.0058263386599719524,0.49126049201004207,0.0,0.0,0.0,0.8331790566444397,0.06121699512004852,0.8589543700218201,-0.03169906884431839,-0.030720140784978867,-0.27851858735084534,-0.010752049274742603,-0.28927063941955566,-0.0546729676425457,-0.05099078267812729,-0.21765977144241333,-0.01784677430987358,-0.2355065494775772,-0.01488778367638588,-0.016865653917193413,-0.17434939742088318,-0.005902978591620922,-0.18025237321853638,-0.12602904438972473,-0.08610878139734268,-0.16210348904132843,-0.03013807348906994,-0.19224156439304352,-0.07087642699480057,-0.07050717622041702,-0.18474365770816803,-0.024677511304616928,-0.20942117273807526,0.08544918894767761,0.06544985622167587,-0.2352045178413391,0.022907448932528496,-0.21229706704616547,-0.006398058496415615,-0.006586458999663591,-0.24906602501869202,-0.0023052606265991926,-0.251371294260025,-0.002307724207639694,-0.01104919146746397,0.06446804106235504,-0.0038672168739140034,0.060600824654102325,0.07663589715957642,0.07013218104839325,0.33120784163475037,0.024546263739466667,0.3557541072368622,0.028568020090460777,0.04067312926054001,0.3953443765640259,0.014235595241189003,0.40957996249198914,-0.058741215616464615,-0.05792932212352753,0.30154022574424744,-0.020275263115763664,0.2812649607658386
9.42,0.0,0.075,0.0,0.07671385290827015,0.08141694180476573,0.3206689652566359,-0.018977077677845955,0.47153438348323107,0.0,0.0,0.0,0.8524237275123596,0.05923086032271385,0.8772987127304077,-0.006734514143317938,-0.0235244520008564,-0.29366642236709595,-0.008233558386564255,-0.3018999695777893,-0.02850532904267311,-0.044245146214962006,-0.23133482038974762,-0.015485800802707672,-0.2468206286430359,-0.03774631395936012,-0.02312985062599182,-0.18228407204151154,-0.008095447905361652,-0.19037951529026031,-0.06050886586308479,-0.07842880487442017,-0.16182158887386322,-0.027450080960989,-0.18927167356014252,-0.09301583468914032,-0.07725977152585983,-0.17633315920829773,-0.027040919288992882,-0.20337407290935516,0.06156632676720619,0.0642847940325737,-0.22129011154174805,0.022499676793813705,-0.19879043102264404,0.015033198520541191,-0.00010056141763925552,-0.2630569338798523,-3.519649544614367e-05,-0.26309213042259216,0.0204500462859869,-0.0015994193963706493,0.04309710115194321,-0.0005597967538051307,0.04253730550408363,0.06824061274528503,0.06956471502780914,0.32360297441482544,0.02434764988720417,0.34795063734054565,0.0463244691491127,0.042368531227111816,0.4090304374694824,0.014828985556960106,0.4238594174385071,-0.038149695843458176,-0.05199543386697769,0.32297515869140625,-0.018198400735855103,0.30477675795555115
9.44,0.0,0.075,0.0,0.0726738931224952,0.07553211597868942,0.278556355773524,-0.020770840346813202,0.4688437394797802,0.0,0.0,0.0,0.8730297088623047,0.06236402317881584,0.8971480131149292,-0.007415422238409519,-0.018691742792725563,-0.30844953656196594,-0.00654210988432169,-0.31499165296554565,-0.04544483870267868,-0.04460505396127701,-0.24579478800296783,-0.015611768700182438,-0.2614065706729889,-0.031982846558094025,-0.025785749778151512,-0.1919083446264267,-0.009025012142956257,-0.20093335211277008,-0.11556774377822876,-0.08957048505544662,-0.1636066734790802,-0.03134967014193535,-0.19495634734630585,-0.08561591804027557,-0.07976661622524261,-0.16972199082374573,-0.027918314561247826,-0.1976402997970581,0.07754659652709961,0.06826333701610565,-0.20834586024284363,0.023892167955636978,-0.18445369601249695,0.03487204387784004,0.010391220450401306,-0.27530568838119507,0.0036369271110743284,-0.27166876196861267,0.02339966781437397,0.005900307092815638,0.02146201767027378,0.002065107459202409,0.023527124896645546,0.07788889855146408,0.07206197082996368,0.3139890432357788,0.0252216886729002,0.33921071887016296,0.04013490676879883,0.04169844463467598,0.42095041275024414,0.014594455249607563,0.4355448782444,-0.04946991801261902,-0.05123777687549591,0.3446345031261444,-0.01793322153389454,0.326701283454895
9.46,0.0,0.075,0.0,0.06699363073207404,0.06416667329651837,0.21323270673723577,-0.04694335162639618,0.42958497256040573,0.0,0.0,0.0,0.8945624828338623,0.06062817946076393,0.9166684746742249,-0.002105125691741705,-0.013715757057070732,-0.3225952684879303,-0.004800514783710241,-0.32739579677581787,-0.019065530970692635,-0.03694319725036621,-0.2607729732990265,-0.012930118478834629,-0.27370309829711914,-0.04803188517689705,-0.03245959058403969,-0.20304468274116516,-0.01136085670441389,-0.21440553665161133,-0.06018049642443657,-0.08075349032878876,-0.16742582619190216,-0.028263721615076065,-0.19568954408168793,-0.0983138233423233,-0.0853307768702507,-0.16503210365772247,-0.029865771532058716,-0.1948978751897812,0.06741161644458771,0.06800781935453415,-0.19661051034927368,0.023802736774086952,-0.17280776798725128,0.01817801035940647,0.012727256864309311,-0.28568747639656067,0.0044545396231114864,-0.28123292326927185,0.024289386346936226,0.011417031288146973,-0.0002167413040297106,0.003995961043983698,0.0037792196962982416,0.07507181912660599,0.07296492159366608,0.30246397852897644,0.025537721812725067,0.3280017077922821,0.021526971831917763,0.03564700111746788,0.4309828579425812,0.012476449832320213,0.44345930218696594,-0.032663531601428986,-0.04566550254821777,0.36629754304885864,-0.01598292589187622,0.3503146171569824
9.48,0.0,0.075,0.0,0.06337932008636812,0.062173547471944486,0.191701748444865,-0.04868786036968231,0.42696820944547653,0.0,0.0,0.0,0.9165816903114319,0.06348501890897751,0.9378777146339417,0.022927522659301758,-0.002722772303968668,-0.33584269881248474,-0.0009529702947475016,-0.3367956578731537,-0.03902903199195862,-0.03756894916296005,-0.27599310874938965,-0.013149132020771503,-0.2891422510147095,-0.036308545619249344,-0.033614277839660645,-0.21548770368099213,-0.01176499668508768,-0.22725270688533783,-0.10401579737663269,-0.08773218095302582,-0.17320860922336578,-0.030706262215971947,-0.20391486585140228,-0.0961136519908905,-0.0885656401515007,-0.16234998404979706,-0.030997972935438156,-0.1933479607105255,0.07920075953006744,0.07136569917201996,-0.18630051612854004,0.024977995082736015,-0.16132251918315887,0.04092520847916603,0.021186642348766327,-0.2940964996814728,0.007415324915200472,-0.2866811752319336,0.03087729401886463,0.017255110666155815,-0.021718256175518036,0.006039288826286793,-0.015678968280553818,0.08110281080007553,0.07540629059076309,0.28914523124694824,0.026392200961709023,0.3155374228954315,0.0460800901055336,0.03877692669630051,0.43902552127838135,0.013571924529969692,0.452597439289093,-0.034151677042245865,-0.04221135377883911,0.3877435624599457,-0.014773973263800144,0.3729695975780487
9.5,0.0,0.075,0.0,0.057506678128704795,0.05531482790555208,0.14548375020076984,-0.07414217293262482,0.3887867406010628,0.0,0.0,0.0,0.938654363155365,0.06115018203854561,0.9556204676628113,-0.0031551127322018147,-0.0028524743393063545,-0.3479475677013397,-0.0009983660420402884,-0.3489459455013275,0.00723345298320055,-0.024128228425979614,-0.2911744713783264,-0.00844488013535738,-0.2996193468570709,-0.05005740001797676,-0.03854721412062645,-0.22900789976119995,-0.013491524383425713,-0.2424994260072708,-0.05889549478888512,-0.07908117771148682,-0.18084834516048431,-0.027678411453962326,-0.20852676033973694,-0.10721246898174286,-0.09415969252586365,-0.16172510385513306,-0.03295589238405228,-0.19468098878860474,0.04945838078856468,0.06479350477457047,-0.1776060163974762,0.022677727043628693,-0.1549282968044281,0.07219859957695007,0.03649023175239563,-0.300447016954422,0.012771581299602985,-0.2876754403114319,0.0405927374958992,0.024256400763988495,-0.042823418974876404,0.008489740081131458,-0.03433367982506752,0.05993133410811424,0.07076380401849747,0.27416855096817017,0.024767331779003143,0.2989358901977539,0.008289877325296402,0.029630811884999275,0.4449964165687561,0.010370784439146519,0.45536720752716064,-0.022868499159812927,-0.03640849515795708,0.4087539613246918,-0.012742972932755947,0.39601099491119385
9.52,0.0,0.075,0.0,0.04621808263509123,0.04556618334750618,0.07040278447181365,-0.07348691672086716,0.38976962491869926,0.0,0.0,0.0,0.9603659510612488,0.061828549951314926,0.9766409397125244,0.011056134477257729,0.0013201083056628704,-0.35868653655052185,0.00046203788951970637,-0.3582245111465454,-0.01192355714738369,-0.020466826856136322,-0.3060370981693268,-0.00716338912025094,-0.3132004737854004,-0.039897143840789795,-0.03895219415426254,-0.24335592985153198,-0.01363326795399189,-0.2569892108440399,-0.08744750916957855,-0.08159107714891434,-0.19020414352416992,-0.02855687588453293,-0.21876102685928345,-0.10481677949428558,-0.09735681861639023,-0.1631689816713333,-0.03407488763332367,-0.19724386930465698,0.05668136849999428,0.06235986575484276,-0.17068739235401154,0.02182595245540142,-0.14886143803596497,0.04661877825856209,0.03952879458665848,-0.3046743869781494,0.013835078105330467,-0.2908393144607544,0.03334059566259384,0.0269816592335701,-0.06331715732812881,0.00944358017295599,-0.05387357622385025,0.07977055758237839,0.07346583157777786,0.2576865553855896,0.025713041424751282,0.2833995819091797,0.015191802754998207,0.025299109518527985,0.44883474707603455,0.00885468814522028,0.45768943428993225,-0.01595151796936989,-0.03027140162885189,0.4291146695613861,-0.010594990104436874,0.41851967573165894
9.540000000000001,0.0,0.075,0.0,0.035680787066890526,0.03770649079275256,0.001895193977891137,-0.09952053427696228,0.3507191985845566,0.0,0.0,0.0,0.9813278913497925,0.06255079060792923,0.9963845610618591,0.013839341700077057,0.0050758784636855125,-0.3678615987300873,0.0017765574157238007,-0.3660850524902344,0.00018614786677062511,-0.014270934276282787,-0.32030683755874634,-0.004994826857000589,-0.3253016769886017,-0.031746067106723785,-0.036790356040000916,-0.2582671344280243,-0.01287662424147129,-0.27114376425743103,-0.07686102390289307,-0.08017206192016602,-0.20110344886779785,-0.028060222044587135,-0.22916367650032043,-0.1138043999671936,-0.10229109227657318,-0.16665500402450562,-0.035801880061626434,-0.20245689153671265,0.0729292780160904,0.0655306875705719,-0.16567222774028778,0.022935740649700165,-0.1427364945411682,0.05032551288604736,0.04276781156659126,-0.30673548579216003,0.014968734234571457,-0.2917667627334595,0.03313911706209183,0.028828896582126617,-0.0829906240105629,0.010090113617479801,-0.07290051132440567,0.0758289247751236,0.07417476177215576,0.2398672103881836,0.025961166247725487,0.26582837104797363,0.016245873644948006,0.022583138197660446,0.45050138235092163,0.007904098369181156,0.4584054946899414,-0.003847678191959858,-0.022344283759593964,0.44861820340156555,-0.007820499129593372,0.44079771637916565
9.56,0.0,0.075,0.0,0.02307520443640809,0.029331482521149952,-0.06923565667080123,-0.08409890532493591,0.37385164201259613,0.0,0.0,0.0,1.0011837482452393,0.06527555733919144,1.0153430700302124,0.029629232361912727,0.012441884726285934,-0.3753035068511963,0.004354659467935562,-0.370948851108551,-0.011894353665411472,-0.013557960279285908,-0.33372050523757935,-0.0047452859580516815,-0.33846578001976013,-0.02695336937904358,-0.033839259296655655,-0.2734665274620056,-0.011843740940093994,-0.2853102684020996,-0.1263716071844101,-0.0940319299697876,-0.2133452445268631,-0.03291117399930954,-0.24625641107559204,-0.0900229811668396,-0.09861065447330475,-0.17211885750293732,-0.03451372683048248,-0.2066325843334198,0.0789845883846283,0.06956686079502106,-0.16265302896499634,0.02434840053319931,-0.13830462098121643,0.05095737427473068,0.04522468149662018,-0.3066093325614929,0.015828637406229973,-0.2907806932926178,0.02905312366783619,0.028896164149045944,-0.10164334625005722,0.01011365745216608,-0.09152968972921371,0.09632622450590134,0.08082020282745361,0.22089208662509918,0.028287069872021675,0.2491791546344757,-0.004394868388772011,0.014489736407995224,0.44997933506965637,0.005071407649666071,0.4550507366657257,-0.0027773920446634293,-0.01647421531379223,0.4670657813549042,-0.0057659754529595375,0.4612998068332672
9.58,0.0,0.075,0.0,0.013386295349855915,0.02342423510634467,-0.1213160173872098,-0.1317703127861023,0.30234453082084656,0.0,0.0,0.0,1.0196125507354736,0.06175743043422699,1.033153772354126,0.02343391813337803,0.015739494934678078,-0.38087502121925354,0.005508823320269585,-0.3753662109375,-0.00259004975669086,-0.010267586447298527,-0.34603071212768555,-0.003593655303120613,-0.349624365568161,-0.048856254667043686,-0.0383443608880043,-0.2886737585067749,-0.013420525938272476,-0.3020942807197571,-0.040444400161504745,-0.07795567065477371,-0.2267037332057953,-0.02728448435664177,-0.25398820638656616,-0.08765117824077606,-0.09532281011343002,-0.17945978045463562,-0.0333629846572876,-0.21282276511192322,0.06777264177799225,0.0690285935997963,-0.16168548166751862,0.024160007014870644,-0.13752546906471252,0.0233159102499485,0.038652047514915466,-0.30429720878601074,0.013528216630220413,-0.29076898097991943,0.03966793417930603,0.03212769702076912,-0.11908523738384247,0.011244693771004677,-0.10784054547548294,0.07751529663801193,0.07982873171567917,0.20095454156398773,0.02794005535542965,0.22889459133148193,0.025095218792557716,0.017671380192041397,0.44727393984794617,0.006184983067214489,0.4534589350223541,-0.0052179694175720215,-0.013097342103719711,0.4842694401741028,-0.004584069829434156,0.47968536615371704
9.6,0.0,0.075,0.0,0.000510141051454137,0.018281065212588998,-0.1739710793663504,-0.1242925226688385,0.31356121599674225,0.0,0.0,0.0,1.036331295967102,0.06306478381156921,1.0482643842697144,0.04444872960448265,0.024352267384529114,-0.38447335362434387,0.008523293770849705,-0.37595006823539734,-0.011460933834314346,-0.010625590570271015,-0.3570104241371155,-0.003718956606462598,-0.3607293665409088,-0.023629028350114822,-0.03392976149916649,-0.30360835790634155,-0.011875416152179241,-0.31548377871513367,-0.10079888999462128,-0.08480863273143768,-0.24093253910541534,-0.02968302182853222,-0.2706155478954315,-0.07913005352020264,-0.0904649868607521,-0.18854238092899323,-0.03166274353861809,-0.2202051281929016,0.06805568933486938,0.0687367171049118,-0.16278743743896484,0.024057850241661072,-0.13872958719730377,0.06065947934985161,0.04525427520275116,-0.2998226583003998,0.015838995575904846,-0.28398364782333374,0.03846249729394913,0.03402813524007797,-0.13513855636119843,0.011909847147762775,-0.12322870641946793,0.08913206309080124,0.08261972665786743,0.18025776743888855,0.02891690470278263,0.20917467772960663,0.019630862399935722,0.01825922541320324,0.44241270422935486,0.006390728987753391,0.4488034248352051,-0.009309547953307629,-0.011961003765463829,0.500053882598877,-0.00418635131791234,0.495867520570755
9.620000000000001,0.0,0.075,0.0,-0.008112401012977647,0.015467361461852715,-0.2168216195087783,-0.1495969593524933,0.27560456097126007,0.0,0.0,0.0,1.0510956048965454,0.06110056862235069,1.0603582859039307,0.04611968994140625,0.030882496386766434,-0.3860321640968323,0.010808873921632767,-0.3752232789993286,0.012470644898712635,-0.0036967196501791477,-0.36645710468292236,-0.0012938518775627017,-0.36775094270706177,-0.03636622056365013,-0.0346606969833374,-0.3179948627948761,-0.01213124394416809,-0.3301261067390442,-0.04353010281920433,-0.07242507487535477,-0.2557692527770996,-0.02534877508878708,-0.2811180353164673,-0.09784170985221863,-0.092678003013134,-0.1991991251707077,-0.03243730217218399,-0.2316364347934723,0.060822758823633194,0.06636252999305725,-0.16593855619430542,0.023226885125041008,-0.14271166920661926,0.0513884611427784,0.04709453135728836,-0.2932312786579132,0.016483085229992867,-0.2767481803894043,0.047406211495399475,0.03804155811667442,-0.14963971078395844,0.013314545154571533,-0.1363251656293869,0.07108423858880997,0.07915908098220825,0.15901267528533936,0.027705678716301918,0.18671835958957672,-0.005305424332618713,0.011189830489456654,0.43544524908065796,0.0039164405316114426,0.43936169147491455,0.016374167054891586,-0.003460452426224947,0.5142582058906555,-0.0012111583491787314,0.5130470395088196
9.64,0.0,0.075,0.0,-0.017323901160858267,0.014081862763285971,-0.2615541553756122,-0.1582278311252594,0.2626582533121109,0.0,0.0,0.0,1.0637000799179077,0.057509616017341614,1.0697360038757324,0.056598369032144547,0.03859725967049599,-0.38552266359329224,0.01350904069840908,-0.3720136284828186,0.016526473686099052,0.0023702385369688272,-0.37419652938842773,0.0008295834995806217,-0.37336695194244385,-0.04006652906537056,-0.03628244623541832,-0.3315679728984833,-0.012698856182396412,-0.3442668318748474,-0.005626666359603405,-0.05238554999232292,-0.2709401845932007,-0.018334941938519478,-0.2892751395702362,-0.09494054317474365,-0.09335676580667496,-0.2112334817647934,-0.032674867659807205,-0.2439083456993103,0.02369966357946396,0.053563669323921204,-0.17108072340488434,0.01874728314578533,-0.15233343839645386,0.06935405731201172,0.05377238988876343,-0.2845902740955353,0.01882033608853817,-0.26576992869377136,0.040653541684150696,0.038825154304504395,-0.1624409407377243,0.013588803820312023,-0.14885213971138,0.05985073745250702,0.07336658239364624,0.13743574917316437,0.025678303092718124,0.1631140559911728,0.002937084063887596,0.008714006282389164,0.42644253373146057,0.0030499021522700787,0.42949244379997253,0.011041334830224514,0.0008900838438421488,0.5267376899719238,0.00031152935116551816,0.5270492434501648
9.66,0.0,0.075,0.0,-0.02398179665497605,0.014692160160384037,-0.2827449780661337,-0.16378147900104523,0.25432778149843216,0.0,0.0,0.0,1.0739778280258179,0.05457277223467827,1.0815619230270386,0.04422696307301521,0.040286172181367874,-0.38295429944992065,0.014100160449743271,-0.3688541352748871,-0.017669083550572395,-0.0036415583454072475,-0.3800859749317169,-0.001274545444175601,-0.3813605308532715,-0.027379948645830154,-0.03361169621348381,-0.34407728910446167,-0.011764093302190304,-0.35584136843681335,-0.05510827526450157,-0.053202368319034576,-0.2861655652523041,-0.018620828166604042,-0.3047863841056824,-0.06600658595561981,-0.08515170961618423,-0.22442349791526794,-0.029803097248077393,-0.25422659516334534,0.06727245450019836,0.05767630413174629,-0.17811910808086395,0.020186705514788628,-0.15793240070343018,0.003743995912373066,0.0387638695538044,-0.27398765087127686,0.013567354530096054,-0.2604202926158905,0.0355902761220932,0.03785469010472298,-0.1734117716550827,0.013249141164124012,-0.16016262769699097,0.06638474762439728,0.07127203047275543,0.1157468780875206,0.0249452106654644,0.1406920850276947,0.014030983671545982,0.010309100151062012,0.4154963195323944,0.003608185099437833,0.41910451650619507,0.011379207484424114,0.004036820959299803,0.5373651385307312,0.0014128873590379953,0.5387780070304871
9.68,0.0,0.075,0.0,-0.029068019631830023,0.016407242796957256,-0.2915199907032123,-0.1635490506887436,0.2546764239668846,0.0,0.0,0.0,1.0817984342575073,0.05434868484735489,1.0891835689544678,0.05615575239062309,0.04504704475402832,-0.3783744275569916,0.015766466036438942,-0.3626079559326172,-0.0028453264385461807,-0.0034026887733489275,-0.38401681184768677,-0.0011909410823136568,-0.38520774245262146,-0.007763266563415527,-0.025857167318463326,-0.3552921414375305,-0.009050008840858936,-0.3643421530723572,-0.06883910298347473,-0.05789338797330856,-0.30116456747055054,-0.020262684673070908,-0.32142725586891174,-0.07544421404600143,-0.08223946392536163,-0.2385258674621582,-0.028783811256289482,-0.26730966567993164,0.060386691242456436,0.058489419519901276,-0.18692389130592346,0.020471297204494476,-0.1664525866508484,0.025540020316839218,0.034796714782714844,-0.2615315020084381,0.01217885036021471,-0.24935264885425568,0.03992714732885361,0.038476426154375076,-0.18244042992591858,0.013466749340295792,-0.16897368431091309,0.06887978315353394,0.07055436074733734,0.0941670835018158,0.02469402551651001,0.1188611090183258,0.017433399334549904,0.012446390464901924,0.40271812677383423,0.0043562366627156734,0.40707436203956604,0.012443377636373043,0.006558788008987904,0.5460323095321655,0.0022955758031457663,0.5483278632164001
9.700000000000001,0.0,0.075,0.0,-0.03179665042318724,0.020648923850911584,-0.2835323746477204,-0.17248839139938354,0.24126741290092468,0.0,0.0,0.0,1.087066888809204,0.0523519441485405,1.0925896167755127,0.04541318863630295,0.04515688866376877,-0.37186747789382935,0.01580491103231907,-0.35606256127357483,0.010117193683981895,0.0006532759871333838,-0.385916531085968,0.00022864658967591822,-0.3856878876686096,-0.023385118693113327,-0.02511555328965187,-0.36500564217567444,-0.008790443651378155,-0.3737960755825043,-0.035730089992284775,-0.05124439671635628,-0.3156605660915375,-0.017935538664460182,-0.3335961103439331,-0.07802082598209381,-0.08097387105226517,-0.25328052043914795,-0.02834085375070572,-0.28162136673927307,0.03821032866835594,0.052405692636966705,-0.19733268022537231,0.018341992050409317,-0.1789906919002533,0.038529012352228165,0.03591640293598175,-0.24734872579574585,0.012570740655064583,-0.23477798700332642,0.03611377626657486,0.03776763379573822,-0.18943488597869873,0.013218672014772892,-0.1762162148952484,0.07000758498907089,0.07039032876491547,0.07291626185178757,0.024636615067720413,0.09755288064479828,0.0023438725620508194,0.009415634907782078,0.38823816180229187,0.0032954721245914698,0.39153364300727844,-0.0028473949059844017,0.0037369332276284695,0.5526508688926697,0.0013079266063869,0.5539587736129761
9.72,0.0,0.075,0.0,-0.03338175140106823,0.02107154260426823,-0.28328723236331044,-0.16341295838356018,0.25488056242465973,0.0,0.0,0.0,1.089721918106079,0.0491969995200634,1.0953654050827026,0.02915794588625431,0.040357206016778946,-0.363553524017334,0.014125022105872631,-0.3494285047054291,-0.00850463006645441,-0.002094096038490534,-0.3857501149177551,-0.0007329335785470903,-0.3864830434322357,-0.020082782953977585,-0.023605722934007645,-0.3730386793613434,-0.00826200284063816,-0.381300687789917,-0.04071937873959541,-0.04808689281344414,-0.3293861746788025,-0.016830412670969963,-0.3462165892124176,-0.06735427677631378,-0.07688799500465393,-0.26841533184051514,-0.026910798624157906,-0.2953261435031891,0.04634201154112816,0.05058658868074417,-0.20915350317955017,0.01770530641078949,-0.19144819676876068,0.007155316416174173,0.027288075536489487,-0.2315838783979416,0.009550826624035835,-0.2220330536365509,0.02383078821003437,0.03358658030629158,-0.19432388246059418,0.011755302548408508,-0.18256857991218567,0.06694485247135162,0.06935668736696243,0.052210982888936996,0.02427484095096588,0.07648582756519318,0.010917723178863525,0.0098662618547678,0.3722040355205536,0.003453191602602601,0.37565723061561584,-0.015461965464055538,-0.002022736705839634,0.5571532845497131,-0.0007079578354023397,0.556445300579071
9.74,0.0,0.075,0.0,-0.034323904699986425,0.02379398224668707,-0.27296521796434803,-0.16121144592761993,0.2581828311085701,0.0,0.0,0.0,1.0897328853607178,0.05124332755804062,1.09525465965271,0.04981644079089165,0.0431949757039547,-0.3535858690738678,0.015118241310119629,-0.33846762776374817,0.0029891470912843943,-0.0005691230180673301,-0.38352060317993164,-0.0001991930475924164,-0.383719801902771,0.030510779470205307,-0.007370771840214729,-0.3792431056499481,-0.002579770050942898,-0.3818228840827942,-0.09904542565345764,-0.06337445229291916,-0.3420882821083069,-0.022181058302521706,-0.36426934599876404,-0.0759897232055664,-0.07661851495504379,-0.2836511433124542,-0.026816479861736298,-0.3104676306247711,0.0639556348323822,0.05459730327129364,-0.22216834127902985,0.019109055399894714,-0.20305928587913513,0.023693669587373734,0.02620975486934185,-0.214397594332695,0.00917341373860836,-0.2052241861820221,0.03495731204748154,0.0339978002011776,-0.1970575749874115,0.011899230070412159,-0.18515834212303162,0.06381663680076599,0.06769467145204544,0.03226223960518837,0.023693135008215904,0.055955372750759125,0.026517463847994804,0.01486162282526493,0.35477912425994873,0.005201567895710468,0.3599807024002075,0.0006870264187455177,-0.0012098076986148953,0.5594937801361084,-0.0004234326770529151,0.559070348739624
9.76,0.0,0.075,0.0,-0.03533382268339249,0.026565238889188412,-0.2575131764746568,-0.1654670536518097,0.25179941952228546,0.0,0.0,0.0,1.0870983600616455,0.0513136088848114,1.0907073020935059,0.06558698415756226,0.049912579357624054,-0.3421483635902405,0.01746940240263939,-0.3246789574623108,0.0035092204343527555,0.0006543801282532513,-0.3792691230773926,0.00022903304488863796,-0.37904009222984314,0.019626161083579063,0.0007283086888492107,-0.3835044503211975,0.0002549080236349255,-0.38324955105781555,-0.06620972603559494,-0.06422503292560577,-0.3535325825214386,-0.02247876115143299,-0.37601134181022644,-0.07110777497291565,-0.07496529072523117,-0.29870694875717163,-0.02623785100877285,-0.32494479417800903,0.05021600425243378,0.05328291282057762,-0.23613713681697845,0.018649019300937653,-0.2174881100654602,0.027672555297613144,0.026648594066500664,-0.1959650218486786,0.009327007457613945,-0.1866380125284195,0.03417430818080902,0.03405075520277023,-0.1976081281900406,0.011917764320969582,-0.18569035828113556,0.062329720705747604,0.06608518958091736,0.013273315504193306,0.023129815235733986,0.03640313073992729,0.00996408425271511,0.013392360880970955,0.3361409604549408,0.004687326028943062,0.3408282995223999,-0.0023748110979795456,-0.0015593087300658226,0.5596484541893005,-0.0005457580555230379,0.5591027140617371
9.78,0.0,0.075,0.0,-0.0357598544998366,0.02962605911014714,-0.2398239279773886,-0.1529598832130432,0.2705601751804352,0.0,0.0,0.0,1.0818428993225098,0.050110168755054474,1.085194706916809,0.06169005110859871,0.05344582349061966,-0.32945194840431213,0.01870603859424591,-0.31074589490890503,-0.011455618776381016,-0.0029786196537315845,-0.37307411432266235,-0.001042516902089119,-0.3741166293621063,0.02025267854332924,0.006585619878023863,-0.3857441246509552,0.002304967027157545,-0.38343915343284607,-0.0643574520945549,-0.06426475942134857,-0.363508015871048,-0.022492665797472,-0.38600069284439087,-0.06531739234924316,-0.07207091897726059,-0.3133050501346588,-0.025224821642041206,-0.33852988481521606,0.05739471688866615,0.05451645702123642,-0.25080227851867676,0.019080759957432747,-0.23172152042388916,-0.005571712739765644,0.01698250137269497,-0.17647399008274078,0.005943875294178724,-0.17053011059761047,0.024907158687710762,0.03130767494440079,-0.19596993923187256,0.010957686230540276,-0.18501225113868713,0.05461292341351509,0.06264350563287735,-0.004562279675155878,0.021925225853919983,0.017362946644425392,0.0021461565047502518,0.01001849863678217,0.31647950410842896,0.003506474429741502,0.3199859857559204,0.002476123161613941,-0.0003486791392788291,0.5576157569885254,-0.00012203769438201562,0.5574937462806702
9.8,0.0,0.075,0.0,-0.03641571986294367,0.03295170110125235,-0.22086244287790002,-0.15974202752113342,0.26038695871829987,0.0,0.0,0.0,1.074015736579895,0.04871147871017456,1.075860619544983,0.05961129441857338,0.055295467376708984,-0.3157307803630829,0.019353413954377174,-0.29637736082077026,0.004241895861923695,-0.0008124649757519364,-0.365049809217453,-0.00028436272987164557,-0.3653341829776764,0.03218046575784683,0.01426407415419817,-0.38592082262039185,0.004992425907403231,-0.3809283971786499,-0.05814703181385994,-0.06242944300174713,-0.3718305826187134,-0.021850304678082466,-0.3936809003353119,-0.06536009162664413,-0.07005767524242401,-0.3271762430667877,-0.024520186707377434,-0.3516964316368103,0.04162239283323288,0.05064823850989342,-0.26589325070381165,0.01772688329219818,-0.24816636741161346,0.012830821797251701,0.01573699712753296,-0.1561231166124344,0.005507948808372021,-0.1506151705980301,0.023341277614235878,0.02891775593161583,-0.19215966761112213,0.01012121420353651,-0.18203845620155334,0.05434824153780937,0.06015492230653763,-0.02106279321014881,0.0210542231798172,-8.570030331611633e-06,-0.003720911219716072,0.0058966754004359245,0.2959951162338257,0.0020638364367187023,0.29805895686149597,-0.00032625626772642136,-0.00034195228363387287,0.55341637134552,-0.00011968329636147246,0.553296685218811
9.82,0.0,0.075,0.0,-0.03604834325894638,0.036460609214501824,-0.19784437321700268,-0.14003188908100128,0.2899521663784981,0.0,0.0,0.0,1.063688039779663,0.047620855271816254,1.0646698474884033,0.061037104576826096,0.05701795965433121,-0.30123797059059143,0.019956285133957863,-0.2812816798686981,0.007805195637047291,0.001772833289578557,-0.3553442060947418,0.0006204916280694306,-0.35472372174263,0.03777651861310005,0.02131780795753002,-0.3840312957763672,0.007461232598870993,-0.37657007575035095,-0.05859439820051193,-0.06127893179655075,-0.3783468008041382,-0.021447625011205673,-0.39979442954063416,-0.06872987747192383,-0.06965933740139008,-0.34006467461586,-0.024380767717957497,-0.36444544792175293,0.03541543707251549,0.0460783988237381,-0.2811317443847656,0.016127439215779305,-0.26500430703163147,0.0004971558228135109,0.011165044270455837,-0.13511981070041656,0.003907765261828899,-0.1312120407819748,0.01570027507841587,0.024952512234449387,-0.18621616065502167,0.00873337872326374,-0.17748278379440308,0.05181380733847618,0.057652588933706284,-0.03606007620692253,0.020178405568003654,-0.015881670638918877,-0.009738227352499962,0.0012062045279890299,0.2748965620994568,0.00042217157897539437,0.2753187417984009,-0.0009011635556817055,-0.0005097156972624362,0.5470930933952332,-0.00017840048531070352,0.5469146966934204
9.84,0.0,0.075,0.0,-0.03531143910339288,0.04086074666961242,-0.17178101236812152,-0.13807113468647003,0.29289329797029495,0.0,0.0,0.0,1.0509511232376099,0.046563468873500824,1.0512901544570923,0.05348976328969002,0.05595950037240982,-0.2862407863140106,0.019585825502872467,-0.26665496826171875,-0.002716466085985303,0.00042604340706020594,-0.3441363275051117,0.00014911519247107208,-0.34398722648620605,0.047059979289770126,0.029040459543466568,-0.38011038303375244,0.010164160281419754,-0.3699462115764618,-0.06252636015415192,-0.06165315955877304,-0.3829364776611328,-0.021578606218099594,-0.4045150876045227,-0.05830578878521919,-0.06625327467918396,-0.35173264145851135,-0.023188645020127296,-0.3749212920665741,0.03963099420070648,0.044144175946712494,-0.29623672366142273,0.015450461767613888,-0.28078627586364746,-0.007220900617539883,0.0056492602452635765,-0.11367807537317276,0.0019772411324083805,-0.11170083284378052,0.010323604568839073,0.020563839003443718,-0.17820000648498535,0.007197343744337559,-0.17100265622138977,0.05160965397953987,0.05583970993757248,-0.04940129816532135,0.019543897360563278,-0.029857400804758072,-0.0003958269953727722,0.0007255950476974249,0.2533988058567047,0.00025395824923180044,0.25365275144577026,-0.010135171003639698,-0.0033973525278270245,0.538710355758667,-0.0011890733148902655,0.5375213027000427
9.86,0.0,0.075,0.0,-0.03263546975478592,0.04605582438846415,-0.13567853660549942,-0.13314814865589142,0.3002777770161629,0.0,0.0,0.0,1.0359145402908325,0.04658215865492821,1.0338165760040283,0.06015702709555626,0.0572187602519989,-0.27101582288742065,0.020026566460728645,-0.25098925828933716,-0.006074988283216953,-0.0015242660883814096,-0.3316328525543213,-0.0005334931192919612,-0.3321663439273834,0.06440338492393494,0.03964933753013611,-0.37423041462898254,0.013877267949283123,-0.36035314202308655,-0.06987112015485764,-0.06411854922771454,-0.3855149745941162,-0.02244149148464203,-0.40795648097991943,-0.045689985156059265,-0.06008428707718849,-0.3619649112224579,-0.021029500290751457,-0.3829944133758545,0.03415689989924431,0.04114799201488495,-0.3109295666217804,0.014401797205209732,-0.29652777314186096,0.007883189246058464,0.0063194390386343,-0.09201642870903015,0.0022118035703897476,-0.08980462700128555,0.005846882238984108,0.016148751601576805,-0.16819284856319427,0.005652063060551882,-0.16254077851772308,0.05257626995444298,0.0548606738448143,-0.06095051020383835,0.019201235845685005,-0.04174927622079849,-0.005565032362937927,-0.0011615932453423738,0.2317209243774414,-0.00040655763586983085,0.23131436109542847,-0.031349945813417435,-0.011783130466938019,0.5283536314964294,-0.004124095663428307,0.5242295265197754
9.88,0.0,0.075,0.0,-0.030642198425447454,0.05068085733666305,-0.10329786693268635,-0.11139056086540222,0.33291415870189667,0.0,0.0,0.0,1.0187056064605713,0.0449238196015358,1.0151312351226807,0.058757003396749496,0.05768023431301117,-0.2558439373970032,0.02018808200955391,-0.23565585911273956,-0.003919744864106178,-0.0022429097443819046,-0.31806445121765137,-0.0007850183756090701,-0.31884947419166565,0.05789830908179283,0.045124031603336334,-0.3664998412132263,0.015793411061167717,-0.35070642828941345,-0.042275313287973404,-0.05756557732820511,-0.3860347270965576,-0.02014795131981373,-0.4061826765537262,-0.05385619401931763,-0.05821586027741432,-0.3705728054046631,-0.020375551655888557,-0.3909483551979065,0.017690546810626984,0.03411075845360756,-0.3249393105506897,0.01193876564502716,-0.31300055980682373,-0.005375639535486698,0.002810915233567357,-0.0703556165099144,0.0009838202968239784,-0.069371797144413,-0.006728990003466606,0.009285429492592812,-0.15629670023918152,0.003249900182709098,-0.15304680168628693,0.04893891140818596,0.05308414623141289,-0.07059001177549362,0.018579451367259026,-0.05201055854558945,-0.01239602081477642,-0.004531921818852425,0.21008385717868805,-0.0015861726133152843,0.20849768817424774,-0.03095443919301033,-0.017534524202346802,0.516128420829773,-0.006137083284556866,0.5099913477897644
9.9,0.0,0.075,0.0,-0.026523453418704827,0.05581087920308269,-0.06309315380061875,-0.09905339032411575,0.35141991451382637,0.0,0.0,0.0,0.9994679689407349,0.044035278260707855,0.9953666925430298,0.046506136655807495,0.05432800576090813,-0.24100488424301147,0.01901480183005333,-0.22199007868766785,-0.018900714814662933,-0.007240251172333956,-0.303681343793869,-0.0025340879801660776,-0.30621543526649475,0.059714555740356445,0.04950118809938431,-0.3570612370967865,0.017325416207313538,-0.33973580598831177,-0.048582058399915695,-0.054870519787073135,-0.3844861686229706,-0.019204681739211082,-0.4036908447742462,-0.044556874781847,-0.054118167608976364,-0.3773975372314453,-0.018941357731819153,-0.39633888006210327,0.0294722318649292,0.0327192023396492,-0.33800753951072693,0.011451720260083675,-0.3265558183193207,-0.024460986256599426,-0.005370655562728643,-0.04891636595129967,-0.0018797294469550252,-0.05079609528183937,-0.014674725010991096,0.002097382675856352,-0.14263278245925903,0.0007340839365497231,-0.14189869165420532,0.05292217805981636,0.05303555727005005,-0.07822158187627792,0.018562445417046547,-0.059659138321876526,-0.022821400314569473,-0.010018765926361084,0.18870806694030762,-0.0035065680276602507,0.185201495885849,-0.027287557721138,-0.02046043425798416,0.5021592974662781,-0.007161152083426714,0.49499815702438354
9.92,0.0,0.075,0.0,-0.023027498050140576,0.06070229904196194,-0.02569441089710356,-0.08482939004898071,0.37275591492652893,0.0,0.0,0.0,0.9783617854118347,0.04497527331113815,0.9728680849075317,0.05030597746372223,0.05312139540910721,-0.22677239775657654,0.018592488020658493,-0.20817990601062775,-0.0136170769110322,-0.009153299033641815,-0.28874877095222473,-0.0032036546617746353,-0.2919524312019348,0.07576446235179901,0.05738016963005066,-0.3460886478424072,0.02008305862545967,-0.32600557804107666,-0.05994003638625145,-0.05639137327671051,-0.3808978199958801,-0.01973698101937771,-0.4006347954273224,-0.03624621033668518,-0.04875657707452774,-0.38231325149536133,-0.01706480234861374,-0.39937806129455566,0.027237392961978912,0.031074658036231995,-0.3498932421207428,0.010876130312681198,-0.3390171229839325,-0.015471645630896091,-0.008400952443480492,-0.027917152270674706,-0.002940333215519786,-0.03085748478770256,-0.01986704021692276,-0.004491944797337055,-0.12734033167362213,-0.001572180655784905,-0.12891250848770142,0.05448538437485695,0.05347050726413727,-0.08376744389533997,0.018714677542448044,-0.06505276262760162,-0.02871645800769329,-0.01562807336449623,0.16781140863895416,-0.005469825584441423,0.16234157979488373,-0.0337308906018734,-0.024441571906208992,0.48658862709999084,-0.008554549887776375,0.4780340790748596
9.94,0.0,0.075,0.0,-0.01730723422128649,0.06671413254462531,0.018931488667760437,-0.05960022658109665,0.410599660128355,0.0,0.0,0.0,0.9555640816688538,0.04545147716999054,0.9495915770530701,0.050314001739025116,0.05227917805314064,-0.213408961892128,0.01829771138727665,-0.1951112449169159,-0.01549314521253109,-0.011055253446102142,-0.273542195558548,-0.003869338659569621,-0.2774115204811096,0.07695357501506805,0.06325218826532364,-0.3337845206260681,0.022138265892863274,-0.3116462528705597,-0.046834416687488556,-0.053524285554885864,-0.3753358721733093,-0.018733499571681023,-0.3940693736076355,-0.046857208013534546,-0.0481867678463459,-0.3852292597293854,-0.01686536893248558,-0.40209463238716125,0.012897059321403503,0.025621378794312477,-0.3603771924972534,0.00896748248487711,-0.3514097034931183,-0.022696807980537415,-0.012689709663391113,-0.00757197430357337,-0.004441398195922375,-0.012013372033834457,-0.027763934805989265,-0.01147354207932949,-0.11057517677545547,-0.004015739541500807,-0.11459091305732727,0.0500851534307003,0.05245490372180939,-0.08717108517885208,0.018359215930104256,-0.06881187111139297,-0.016708580777049065,-0.015952225774526596,0.14760680496692657,-0.005583278834819794,0.14202353358268738,-0.04105548933148384,-0.02942574769258499,0.46957510709762573,-0.010299011133611202,0.45927610993385315
9.96,0.0,0.075,0.0,-0.011820887183203397,0.07243615303565375,0.06341038443499425,-0.04922273010015488,0.4261659048497677,0.0,0.0,0.0,0.931269645690918,0.04389527440071106,0.9247891902923584,0.025876807048916817,0.04435846582055092,-0.20116105675697327,0.015525463037192822,-0.18563559651374817,-0.02241980843245983,-0.014464620500802994,-0.25834208726882935,-0.0050626168958842754,-0.2634046971797943,0.0644727349281311,0.06361835449934006,-0.3203757107257843,0.02226642332971096,-0.2981092929840088,-0.025541432201862335,-0.045129429548978806,-0.367902934551239,-0.015795299783349037,-0.3836982250213623,-0.04295603185892105,-0.046617548912763596,-0.38609179854393005,-0.016316141933202744,-0.4024079442024231,-0.00029059872031211853,0.017847785726189613,-0.36926600337028503,0.006246725097298622,-0.36301928758621216,-0.028411448001861572,-0.01740623079240322,0.011911844834685326,-0.006092180497944355,0.005819664336740971,-0.03511020541191101,-0.018564540892839432,-0.09250818192958832,-0.006497589405626059,-0.09900577366352081,0.04722569137811661,0.050886139273643494,-0.08839782327413559,0.017810149118304253,-0.07058767229318619,-0.018375445157289505,-0.0166791919618845,0.12830016016960144,-0.005837717093527317,0.1224624440073967,-0.05875561758875847,-0.038224708288908005,0.4512920677661896,-0.013378648087382317,0.4379134178161621
9.98,0.0,0.075,0.0,-0.0061008711048360165,0.07752992629495326,0.10527998060489185,-0.03651987761259079,0.4452201835811138,0.0,0.0,0.0,0.9056931734085083,0.043672315776348114,0.8980892896652222,0.013465235009789467,0.03509049862623215,-0.1902545690536499,0.012281673960387707,-0.17797289788722992,-0.031724102795124054,-0.019642464816570282,-0.24342875182628632,-0.006874862592667341,-0.25030362606048584,0.06712722778320312,0.06467101722955704,-0.30610957741737366,0.022634856402873993,-0.28347471356391907,-0.02477731555700302,-0.03902379423379898,-0.3587360978126526,-0.013658327981829643,-0.3723944127559662,-0.03255215659737587,-0.04239793121814728,-0.38488495349884033,-0.014839275740087032,-0.39972421526908875,0.00140293687582016,0.012914331629872322,-0.3763957917690277,0.00452001579105854,-0.3718757629394531,-0.029056735336780548,-0.020901381969451904,0.03033575415611267,-0.007315483409911394,0.023020271211862564,-0.04327891767024994,-0.025978855788707733,-0.07332344353199005,-0.009092599153518677,-0.08241604268550873,0.04707488790154457,0.049742765724658966,-0.08743514865636826,0.01740996725857258,-0.07002518326044083,-0.0220810454338789,-0.01829974725842476,0.11008822917938232,-0.006404911633580923,0.10368331521749496,-0.07280480861663818,-0.04859874024987221,0.43192583322525024,-0.017009558156132698,0.4149162769317627
10.0,0.0,0.075,0.0,-0.0001735862737593532,0.08225267996646966,0.14761612627692067,-0.012516133487224579,0.48122579976916313,0.0,0.0,0.0,0.8790714740753174,0.04445274546742439,0.8705340623855591,0.0028909030370414257,0.025430619716644287,-0.18089066445827484,0.0089007169008255,-0.17198994755744934,-0.0402803011238575,-0.025833815336227417,-0.2290772646665573,-0.009041835553944111,-0.23811909556388855,0.0660514086484909,0.06508513540029526,-0.29124924540519714,0.02277979627251625,-0.2684694528579712,-0.0277288556098938,-0.035635314881801605,-0.34800440073013306,-0.012472360394895077,-0.3604767620563507,-0.02513529174029827,-0.03721914067864418,-0.3816309869289398,-0.013026699423789978,-0.3946576714515686,0.0019788090139627457,0.009633674286305904,-0.38163504004478455,0.0033717858605086803,-0.3782632648944855,-0.0376167930662632,-0.025916006416082382,0.047512006014585495,-0.009070602245628834,0.038441404700279236,-0.04600141942501068,-0.03198562562465668,-0.05321647599339485,-0.011194968596100807,-0.06441144645214081,0.046026621013879776,0.04862792044878006,-0.08429288119077682,0.01701977103948593,-0.0672731101512909,-0.020182693377137184,-0.01886463165283203,0.0931565910577774,-0.006602621171623468,0.08655396848917007,-0.08147041499614716,-0.05846024304628372,0.41167378425598145,-0.020461084321141243,0.39121270179748535
10.02,0.0,0.075,0.0,0.011435445080930277,0.08880596076183095,0.21616512414362857,0.009787002578377724,0.5146805038675666,0.01027635270729661,0.0,0.01027635270729661,0.8589937686920166,0.04568023607134819,0.8571287393569946,-0.00498265540227294,0.016306636855006218,-0.2104874700307846,0.005707322619855404,-0.20478014647960663,-0.03340345248579979,-0.028104707598686218,-0.2700388431549072,-0.009836647659540176,-0.2798754870891571,0.0660715103149414,0.06538105010986328,-0.3307926058769226,0.02288336679339409,-0.3079092502593994,-0.03164822235703468,-0.03443918749690056,-0.37378913164138794,-0.01205371506512165,-0.38584285974502563,-0.04569901153445244,-0.03976310417056084,-0.38561034202575684,-0.013917086645960808,-0.3995274305343628,-0.004713715519756079,0.005329457111656666,-0.3625671863555908,0.0018653100123628974,-0.36070188879966736,-0.046791888773441315,-0.03217877075076103,0.09934528917074203,-0.011262569576501846,0.08808271586894989,-0.048334188759326935,-0.036890193819999695,0.19806495308876038,-0.012911567464470863,0.18515338003635406,0.038313161581754684,0.04553349316120148,0.1177990511059761,0.015936722978949547,0.1337357759475708,-0.009983360767364502,-0.016200250014662743,0.046093348413705826,-0.0056700874119997025,0.040423259139060974,-0.07899987697601318,-0.06462213397026062,0.16202345490455627,-0.022617746144533157,0.13940571248531342
10.040000000000001,0.0,0.075,0.0,0.02343466779120451,0.0952270734361275,0.28715893387653085,0.13572944700717926,0.7035941705107689,0.1425159193575382,0.0,0.1425159193575382,0.8501384258270264,0.05536460503935814,0.8482844829559326,-0.004419627599418163,0.010088756680488586,-0.19852861762046814,0.0035310648381710052,-0.19499754905700684,-0.09011650085449219,-0.04670824855566025,-0.2548799216747284,-0.016347886994481087,-0.27122780680656433,0.09286405146121979,0.07362595200538635,-0.3171643018722534,0.025769082829356194,-0.2913952171802521,-0.09491202235221863,-0.05258103832602501,-0.36594444513320923,-0.01840336248278618,-0.3843477964401245,-0.012429844588041306,-0.03156312555074692,-0.3859974145889282,-0.011047094129025936,-0.39704450964927673,0.03518858179450035,0.014287195168435574,-0.3710651993751526,0.0050005181692540646,-0.3660646677017212,-0.0917247086763382,-0.05004255473613739,0.08853752911090851,-0.017514893785119057,0.0710226371884346,-0.0847587138414383,-0.051250748336315155,0.20883165299892426,-0.017937760800123215,0.19089388847351074,0.04262173920869827,0.044659968465566635,0.13948678970336914,0.015630988404154778,0.15511777997016907,-0.09050974994897842,-0.03849310055375099,0.05724256858229637,-0.013472585007548332,0.04376998543739319,-0.07884982973337173,-0.06889044493436813,0.15160223841667175,-0.024111654609441757,0.1274905800819397
10.06,0.0,0.075,0.0,0.03598466624683608,0.10135755067494738,0.3508303201401854,0.13130466639995575,0.6969569995999336,0.13786989971995353,0.0,0.13786989971995353,0.8405541181564331,0.05831114575266838,0.8441101908683777,-0.02658824250102043,-0.0009143436327576637,-0.18795974552631378,-0.0003200202772859484,-0.18827976286411285,-0.03875667229294777,-0.044322773814201355,-0.24007165431976318,-0.01551297027617693,-0.25558462738990784,0.04278624802827835,0.06437404453754425,-0.30273786187171936,0.022530915215611458,-0.28020694851875305,0.0027541948948055506,-0.0359804667532444,-0.3564019799232483,-0.012593163177371025,-0.36899513006210327,-0.1357269287109375,-0.06281226873397827,-0.3843168318271637,-0.021984294056892395,-0.4063011407852173,-0.061895646154880524,-0.008567658253014088,-0.3777709901332855,-0.002998680341988802,-0.38076967000961304,-0.04126105457544327,-0.047408103942871094,0.07588900625705719,-0.016592836007475853,0.05929616838693619,-0.10963455587625504,-0.06876589357852936,0.2176453024148941,-0.024068063125014305,0.19357724487781525,0.004028547089546919,0.03247053921222687,0.16104169189929962,0.011364688165485859,0.1724063754081726,-0.023115625604987144,-0.03387985751032829,0.07021060585975647,-0.011857950128614902,0.05835265666246414,-0.12122194468975067,-0.0845898985862732,0.14315181970596313,-0.029606463387608528,0.11354535818099976
10.08,0.0,0.075,0.0,0.04718621813782207,0.10555384528076171,0.396604781843292,0.0911603718996048,0.6367405578494072,0.09571839049458503,0.0,0.09571839049458503,0.8304261565208435,0.0645747110247612,0.8344901204109192,-0.04947556182742119,-0.015482709743082523,-0.17897579073905945,-0.0054189483635127544,-0.1843947321176529,-0.04030304029583931,-0.04311685264110565,-0.22588713467121124,-0.015090898610651493,-0.24097803235054016,0.06324508786201477,0.06403535604476929,-0.28777942061424255,0.02241237461566925,-0.2653670310974121,-0.00648143794387579,-0.02713075838983059,-0.3453376889228821,-0.009495764970779419,-0.3548334538936615,-0.11490702629089355,-0.07844069600105286,-0.38059961795806885,-0.02745424397289753,-0.4080538749694824,-0.011172468774020672,-0.009349101223051548,-0.3825608789920807,-0.0032721853349357843,-0.3858330547809601,-0.09177237749099731,-0.0607173889875412,0.06152861565351486,-0.02125108614563942,0.04027752950787544,-0.13634991645812988,-0.0890410989522934,0.22441606223583221,-0.0311643835157156,0.19325168430805206,0.01361932884901762,0.026815176010131836,0.18224407732486725,0.009385311044752598,0.19162939488887787,-0.008815671317279339,-0.02636060118675232,0.08486530184745789,-0.009226210415363312,0.07563909143209457,-0.09768213331699371,-0.08851756900548935,0.13675831258296967,-0.030981149524450302,0.10577715933322906
10.1,0.0,0.075,0.0,0.058463888467745105,0.10935312387874023,0.44163719868343126,0.13117220997810364,0.6967583149671555,0.1377308204770088,0.0,0.1377308204770088,0.8199833035469055,0.07016254961490631,0.8240906596183777,0.006249652709811926,-0.00896300096064806,-0.17174240946769714,-0.0031370501965284348,-0.17487946152687073,-0.10306701809167862,-0.06110190600156784,-0.21258799731731415,-0.021385665982961655,-0.2339736670255661,0.07436241209506989,0.06713347136974335,-0.2725648283958435,0.0234967153519392,-0.24906811118125916,-0.017239954322576523,-0.024163516238331795,-0.3329557180404663,-0.008457230404019356,-0.3414129614830017,-0.05209142342209816,-0.07053591310977936,-0.3749143183231354,-0.024687569588422775,-0.39960187673568726,-0.02129139006137848,-0.012931788340210915,-0.38534650206565857,-0.004526125732809305,-0.38987264037132263,-0.10888559371232986,-0.07516784965991974,0.045602697879076004,-0.02630874700844288,0.019293950870633125,-0.12716704607009888,-0.1004788875579834,0.22907495498657227,-0.03516760841012001,0.19390735030174255,0.06237560510635376,0.03748330473899841,0.20287790894508362,0.01311915647238493,0.21599707007408142,-0.002904556691646576,-0.019323788583278656,0.10105733573436737,-0.00676332600414753,0.09429401159286499,-0.10283590108156204,-0.09281307458877563,0.13248687982559204,-0.03248457610607147,0.10000230371952057
10.120000000000001,0.0,0.075,0.0,0.0669213334598624,0.11171299665828922,0.49253339265451473,0.1605008840560913,0.740751326084137,0.16852592825889587,0.0,0.16852592825889587,0.8094971776008606,0.07195474952459335,0.8184032440185547,-0.03865748643875122,-0.017871346324682236,-0.16639305651187897,-0.006254971027374268,-0.17264802753925323,-0.09028821438550949,-0.06985779851675034,-0.20041953027248383,-0.024450229480862617,-0.2248697578907013,0.0491134375333786,0.06172746419906616,-0.25737470388412476,0.021604612469673157,-0.2357700914144516,-0.019058095291256905,-0.022631889209151268,-0.3194843530654907,-0.007921161130070686,-0.32740551233291626,-0.06397473067045212,-0.06856755912303925,-0.3673657774925232,-0.023998646065592766,-0.3913644254207611,-0.05764131247997284,-0.026344645768404007,-0.3860764801502228,-0.009220626205205917,-0.395297110080719,-0.03997501730918884,-0.06460999697446823,0.02827354706823826,-0.02261349931359291,0.005660047754645348,-0.11856088042259216,-0.10590348392724991,0.23157449066638947,-0.03706621751189232,0.19450826942920685,0.059182059019804,0.04399292916059494,0.22273290157318115,0.015397525392472744,0.23813042044639587,0.022988347336649895,-0.0066301473416388035,0.11862168461084366,-0.002320551546290517,0.11630113422870636,-0.11640802025794983,-0.0998915582895279,0.1303810328245163,-0.034962043166160583,0.09541898965835571
10.14,0.0,0.075,0.0,0.07734308881792994,0.11223023246784523,0.5469205753875835,0.12649233639240265,0.689738504588604,0.13281695321202278,0.0,0.13281695321202278,0.7992790937423706,0.069135382771492,0.8142516016960144,-0.04259108379483223,-0.025287266820669174,-0.163026362657547,-0.008850542828440666,-0.1718769073486328,-0.07308834046125412,-0.07082696259021759,-0.18960615992546082,-0.024789435788989067,-0.21439559757709503,0.023103514686226845,0.05014028027653694,-0.24248920381069183,0.017549097537994385,-0.22494010627269745,-0.06532073765993118,-0.03543854504823685,-0.3051721155643463,-0.012403490953147411,-0.317575603723526,-0.07802195847034454,-0.0714038759469986,-0.3580932319164276,-0.02499135583639145,-0.38308459520339966,-0.03208029642701149,-0.02806534245610237,-0.3847373425960541,-0.009822869673371315,-0.39456021785736084,-0.03128407523036003,-0.05461221933364868,0.009717750363051891,-0.01911427639424801,-0.009396526031196117,-0.059572212398052216,-0.09200409799814224,0.23188920319080353,-0.032201435416936874,0.19968776404857635,0.043339285999536514,0.0437968373298645,0.2416067272424698,0.015328892506659031,0.25693562626838684,0.007110210135579109,-0.002508040051907301,0.13737936317920685,-0.0008778140181675553,0.13650155067443848,-0.10577811300754547,-0.10165752470493317,0.13046224415302277,-0.03558013215661049,0.09488211572170258
10.16,0.0,0.075,0.0,0.08320285086609548,0.1119359361264979,0.5655250957510617,0.12434731423854828,0.6865209713578224,0.1305646799504757,0.0,0.1305646799504757,0.7896743416786194,0.06632526963949203,0.8042008280754089,-0.03430536389350891,-0.027992695569992065,-0.1617044359445572,-0.009797443635761738,-0.17150187492370605,-0.0650688111782074,-0.06909951567649841,-0.18034732341766357,-0.024184830486774445,-0.20453214645385742,0.02478022128343582,0.042532261461019516,-0.22818289697170258,0.014886291697621346,-0.21329660713672638,-0.03205367550253868,-0.03442308306694031,-0.2902829349040985,-0.012048078700900078,-0.30233100056648254,-0.08353497087955475,-0.0750432014465332,-0.3472677171230316,-0.02626512013375759,-0.37353283166885376,0.017091134563088417,-0.01451839879155159,-0.38135382533073425,-0.0050814393907785416,-0.38643527030944824,-0.049530889838933945,-0.05308781936764717,-0.00987559650093317,-0.018580736592411995,-0.02845633402466774,-0.06922946870326996,-0.08517171442508698,0.23001588881015778,-0.029810098931193352,0.20020578801631927,0.02867099642753601,0.039259083569049835,0.25930705666542053,0.013740679249167442,0.2730477452278137,0.006142046302556992,8.698587771505117e-05,0.15713922679424286,3.044505683647003e-05,0.1571696698665619,-0.09449806064367294,-0.09950968623161316,0.1327296793460846,-0.034828390926122665,0.09790128469467163
10.18,0.0,0.075,0.0,0.0889703304798969,0.11017358258414252,0.5740364277585247,0.10587029159069061,0.6588054373860359,0.11116380617022513,0.0,0.11116380617022513,0.781053364276886,0.06370308250188828,0.7910543084144592,-0.04656060039997101,-0.03356306999921799,-0.16245165467262268,-0.01174707431346178,-0.17419873178005219,-0.055070795118808746,-0.06489089876413345,-0.1728138029575348,-0.02271181344985962,-0.1955256164073944,0.034648820757865906,0.04016723111271858,-0.21471962332725525,0.014058530330657959,-0.2006610929965973,0.03605711832642555,-0.013279021717607975,-0.2750914394855499,-0.0046476577408611774,-0.279739111661911,-0.04601840674877167,-0.0663357600569725,-0.3350888788700104,-0.023217516019940376,-0.3583064079284668,0.013521267101168633,-0.006106498651206493,-0.37598830461502075,-0.002137274481356144,-0.3781255781650543,-0.08582929521799088,-0.06291025876998901,-0.030306827276945114,-0.022018590942025185,-0.05232542008161545,-0.11015311628580093,-0.0926661342382431,0.22597363591194153,-0.03243314474821091,0.19354048371315002,0.052974872291088104,0.043373823165893555,0.2756534814834595,0.015180838294327259,0.29083430767059326,-0.01732197403907776,-0.005135701969265938,0.17769992351531982,-0.0017974956426769495,0.17590242624282837,-0.048881325870752335,-0.08432117849588394,0.13716024160385132,-0.02951241284608841,0.10764782875776291
10.200000000000001,0.0,0.075,0.0,0.0918695271612825,0.10785063879327882,0.5743143254538786,0.06851661205291748,0.6027749180793762,0.07194244265556335,0.0,0.07194244265556335,0.7737987041473389,0.06276494264602661,0.7860192656517029,-0.123404860496521,-0.06051560491323471,-0.16525423526763916,-0.02118046209216118,-0.18643470108509064,-0.052097614854574203,-0.06105291098356247,-0.1671445071697235,-0.021368518471717834,-0.18851302564144135,0.044621169567108154,0.041503410786390305,-0.20234769582748413,0.014526193961501122,-0.18782150745391846,-0.02041776105761528,-0.015420643612742424,-0.2598778307437897,-0.005397225264459848,-0.2652750611305237,-0.02893739566206932,-0.05511625111103058,-0.32178130745887756,-0.019290687516331673,-0.3410719931125641,0.010855095461010933,-0.0010180200915783644,-0.3687397241592407,-0.00035630702041089535,-0.369096040725708,-0.08165968954563141,-0.06853508949279785,-0.05136774107813835,-0.02398728020489216,-0.07535502314567566,-0.07078016549348831,-0.08610033988952637,0.21980364620685577,-0.03013511933386326,0.18966852128505707,0.05000152066349983,0.04536213353276253,0.29047948122024536,0.01587674580514431,0.3063562214374542,0.022908536717295647,0.0032775700092315674,0.19885189831256866,0.0011471494799479842,0.19999904930591583,-0.052496537566185,-0.07477378845214844,0.14370878040790558,-0.026170825585722923,0.1175379529595375
10.22,0.0,0.075,0.0,0.09305878460914276,0.10505384221076365,0.5671754976520731,0.10013069212436676,0.6501960381865501,0.10513722673058509,0.0,0.10513722673058509,0.7682889103889465,0.059510961174964905,0.7838466167449951,-0.07855028659105301,-0.06592601537704468,-0.17006050050258636,-0.023074105381965637,-0.193134605884552,-0.04479105398058891,-0.05617435276508331,-0.16344404220581055,-0.01966102235019207,-0.18310506641864777,-0.002420550212264061,0.02832622267305851,-0.1912953108549118,0.009914177469909191,-0.18138113617897034,-0.051796749234199524,-0.02633347548544407,-0.2449226826429367,-0.009216716513037682,-0.25413939356803894,-0.07266634702682495,-0.06038127839565277,-0.307590514421463,-0.02113344706594944,-0.3287239670753479,0.04526325315237045,0.012866362929344177,-0.35974183678627014,0.004503226839005947,-0.3552386164665222,-0.028542350977659225,-0.056537266820669174,-0.07284370809793472,-0.019788043573498726,-0.0926317498087883,-0.04723980277776718,-0.07444217801094055,0.21156875789165497,-0.026054762303829193,0.18551400303840637,0.043083325028419495,0.04467849060893059,0.3036339581012726,0.01563747227191925,0.319271445274353,0.039048194885253906,0.014008757658302784,0.22037963569164276,0.004903065040707588,0.2252826988697052,-0.06522832065820694,-0.07191015034914017,0.15230855345726013,-0.02516855299472809,0.12714000046253204
10.24,0.0,0.075,0.0,0.09481285862192347,0.10266006290439363,0.5584307788455467,0.08012966811656952,0.6201945021748543,0.08413615152239799,0.0,0.08413615152239799,0.7648787498474121,0.05687402933835983,0.78141850233078,-0.05885941535234451,-0.06380603462457657,-0.1767817884683609,-0.02233211137354374,-0.1991139054298401,-0.04162845388054848,-0.05181058123707771,-0.16178062558174133,-0.018133703619241714,-0.17991432547569275,-0.0008125640451908112,0.01958458498120308,-0.1817663013935089,0.006854604464024305,-0.17491169273853302,0.005683263763785362,-0.01672845333814621,-0.23050183057785034,-0.005854958668351173,-0.23635679483413696,-0.03500843048095703,-0.05276942253112793,-0.2927781641483307,-0.018469298258423805,-0.31124746799468994,0.013733016327023506,0.013126358389854431,-0.3491605222225189,0.004594225436449051,-0.344566285610199,-0.053314488381147385,-0.05557043477892876,-0.09451588988304138,-0.01944965124130249,-0.11396554112434387,-0.0653809979557991,-0.0717238262295723,0.20135293900966644,-0.025103338062763214,0.17624959349632263,0.07114129513502121,0.052617333829402924,0.3149828016757965,0.018416065722703934,0.33339887857437134,0.033362098038196564,0.019814759492874146,0.2420637309551239,0.0069351657293736935,0.24899889528751373,-0.059167955070734024,-0.06808749586343765,0.16287192702293396,-0.02383062243461609,0.13904130458831787
10.26,0.0,0.075,0.0,0.0952496289893605,0.10001425612573855,0.5430255081004018,0.04905514419078827,0.5735827162861824,0.05150790140032768,0.0,0.05150790140032768,0.7638781666755676,0.058423664420843124,0.78059983253479,-0.09050756692886353,-0.07181649655103683,-0.18529413640499115,-0.025135774165391922,-0.21042990684509277,-0.0524037629365921,-0.05198853462934494,-0.1621849536895752,-0.0181959867477417,-0.1803809404373169,0.009669373743236065,0.016610020771622658,-0.17393642663955688,0.005813507363200188,-0.16812291741371155,-0.036267202347517014,-0.02259007841348648,-0.21688124537467957,-0.007906527258455753,-0.22478777170181274,-0.02529502660036087,-0.04452710598707199,-0.277617484331131,-0.015584486536681652,-0.2932019829750061,0.04869622364640236,0.02379731833934784,-0.33719098567962646,0.008329060859978199,-0.32886192202568054,-0.06797134131193161,-0.05929070711135864,-0.11616343259811401,-0.020751746371388435,-0.1369151771068573,-0.07385027408599854,-0.07236175984144211,0.18926025927066803,-0.025326615199446678,0.1639336496591568,0.061804164201021194,0.055373381823301315,0.32441043853759766,0.019380683079361916,0.343791127204895,0.011863796040415764,0.017429471015930176,0.2636832296848297,0.006100314669311047,0.26978355646133423,-0.06589246541261673,-0.06742898374795914,0.1752912700176239,-0.023600144311785698,0.15169112384319305
10.28,0.0,0.075,0.0,0.09603840517890595,0.0969624166327193,0.5248845915844745,0.07697445154190063,0.615461677312851,0.08082317411899566,0.0,0.08082317411899566,0.7655310034751892,0.05611805617809296,0.7874867916107178,-0.05445151776075363,-0.06660700589418411,-0.19544054567813873,-0.02331245131790638,-0.21875299513339996,-0.04597212374210358,-0.05018360912799835,-0.16464956104755402,-0.017564263194799423,-0.18221382796764374,-0.004664208739995956,0.010227751918137074,-0.1679501086473465,0.0035797131713479757,-0.16437040269374847,-0.050640132278203964,-0.031005095690488815,-0.20431214570999146,-0.0108517836779356,-0.2151639312505722,-0.07050034403800964,-0.052319079637527466,-0.26238808035850525,-0.018311677500605583,-0.280699759721756,0.03517929092049599,0.027211908251047134,-0.3240540027618408,0.009524167515337467,-0.3145298361778259,-0.013530774973332882,-0.04556272551417351,-0.1375657320022583,-0.015946954488754272,-0.15351268649101257,-0.026717770844697952,-0.05866856127977371,0.17541395127773285,-0.02053399570286274,0.15487995743751526,0.06465739756822586,0.05815858393907547,0.3318207561969757,0.020355504006147385,0.3521762490272522,0.07822839915752411,0.035669147968292236,0.28501781821250916,0.012484201230108738,0.2975020110607147,-0.054451655596494675,-0.06353578716516495,0.18943999707698822,-0.022237524390220642,0.16720247268676758
10.3,0.0,0.075,0.0,0.09632543112004122,0.09381064751750091,0.502917026540635,0.05226120352745056,0.5783918052911758,0.05487426370382308,0.0,0.05487426370382308,0.7699969410896301,0.05665404349565506,0.7934871912002563,-0.04956606775522232,-0.061494722962379456,-0.2070339024066925,-0.02152315340936184,-0.2285570502281189,-0.06212598830461502,-0.05376632511615753,-0.16912899911403656,-0.018818212673068047,-0.18794721364974976,-0.007391294464468956,0.004942038096487522,-0.16391772031784058,0.001729713287204504,-0.16218800842761993,-0.05521499365568161,-0.0382680669426918,-0.1930263489484787,-0.013393823057413101,-0.2064201682806015,-0.046274133026599884,-0.05050559341907501,-0.2473708540201187,-0.017676956951618195,-0.2650478184223175,0.05586105212569237,0.035806652158498764,-0.3099918067455292,0.012532328255474567,-0.2974594831466675,-0.04800029471516609,-0.04629399627447128,-0.1585046797990799,-0.01620289869606495,-0.1747075766324997,-0.04473454877734184,-0.05448835715651512,0.15995512902736664,-0.019070925191044807,0.14088420569896698,0.07573559880256653,0.06343168765306473,0.33713826537132263,0.022201091051101685,0.3593393564224243,0.034218281507492065,0.035233885049819946,0.305850088596344,0.012331859208643436,0.31818196177482605,-0.058043498545885086,-0.06188809871673584,0.20517393946647644,-0.021660834550857544,0.1835131049156189
10.32,0.0,0.075,0.0,0.09629058141799048,0.0902538473414477,0.48123522013816444,0.060239873826503754,0.5903598107397556,0.06325186751782894,0.0,0.06325186751782894,0.7773383259773254,0.056741487234830856,0.804612398147583,-0.03912653774023056,-0.05478426814079285,-0.21986034512519836,-0.019174493849277496,-0.23903483152389526,-0.0521262027323246,-0.05327428877353668,-0.17554065585136414,-0.01864599995315075,-0.19418665766716003,-0.0036495160311460495,0.0023645716719329357,-0.16191366314888,0.0008276000735349953,-0.1610860675573349,-0.08224639296531677,-0.051461562514305115,-0.18323199450969696,-0.0180115457624197,-0.2012435346841812,-0.0708712786436081,-0.056615300476551056,-0.23284277319908142,-0.0198153555393219,-0.2526581287384033,0.046215660870075226,0.03892935439944267,-0.29526379704475403,0.01362527348101139,-0.2816385328769684,-0.015379463322460651,-0.03701963648200035,-0.17876692116260529,-0.012956872582435608,-0.1917237937450409,-0.015098962001502514,-0.04267153888940811,0.14304132759571075,-0.014935038052499294,0.12810629606246948,0.06882565468549728,0.06504987925291061,0.3403087258338928,0.022767458111047745,0.36307618021965027,0.07424692064523697,0.046937793493270874,0.3259677290916443,0.016428226605057716,0.34239596128463745,-0.05116564407944679,-0.058671362698078156,0.22233277559280396,-0.020534977316856384,0.20179779827594757
10.34,0.0,0.075,0.0,0.09476393181412472,0.0864921823331062,0.4515370098301765,0.029841767624020576,0.5447626514360309,0.0313338560052216,0.0,0.0313338560052216,0.7875141501426697,0.05773831531405449,0.8148848414421082,-0.06229206174612045,-0.05703660845756531,-0.23368333280086517,-0.019962811842560768,-0.2536461353302002,-0.04683791100978851,-0.05134337395429611,-0.18376626074314117,-0.01797018013894558,-0.2017364352941513,-0.011929728090763092,-0.0019237183732911944,-0.16197489202022552,-0.0006733014015480876,-0.16264818608760834,-0.09044746309518814,-0.0631573349237442,-0.17510974407196045,-0.02210506610572338,-0.19721481204032898,-0.05613524094223976,-0.05647128447890282,-0.21907177567481995,-0.01976494863629341,-0.23883672058582306,0.06327015161514282,0.04623159393668175,-0.2801416218280792,0.016181057319045067,-0.2639605700969696,-0.02665691450238228,-0.03391081839799881,-0.19814597070217133,-0.011868786066770554,-0.21001476049423218,-0.02630530297756195,-0.037761665880680084,0.12484489381313324,-0.01321658305823803,0.11162830889225006,0.06402120739221573,0.06474128365516663,0.3412998914718628,0.02265944890677929,0.36395934224128723,0.030029652640223503,0.04186534881591797,0.3451657295227051,0.014652871526777744,0.35981860756874084,-0.05990022048354149,-0.059040021151304245,0.24074162542819977,-0.02066400647163391,0.22007761895656586
10.36,0.0,0.075,0.0,0.0931563426163262,0.0826561445379884,0.4201957955838151,0.01498406007885933,0.522476090118289,0.015733263082802294,0.0,0.015733263082802294,0.8003823161125183,0.056080956012010574,0.8286067843437195,-0.029352979734539986,-0.04873151704668999,-0.2482479065656662,-0.01705603115260601,-0.26530393958091736,-0.043164294213056564,-0.0488896481692791,-0.1936541050672531,-0.01711137592792511,-0.21076548099517822,-0.02805500105023384,-0.009763103909790516,-0.1641002893447876,-0.003417086321860552,-0.16751737892627716,-0.0525534562766552,-0.05997616797685623,-0.16880939900875092,-0.02099165879189968,-0.18980105221271515,-0.07505257427692413,-0.06204567104578018,-0.20631186664104462,-0.021715983748435974,-0.2280278503894806,0.05449889227747917,0.048711784183979034,-0.2649041712284088,0.017049124464392662,-0.2478550523519516,-0.024620946496725082,-0.031123856082558632,-0.21644432842731476,-0.010893349535763264,-0.22733767330646515,-0.009107014164328575,-0.029165269806981087,0.10555126518011093,-0.010207843966782093,0.09534341841936111,0.06878530234098434,0.06595449149608612,0.3401016294956207,0.023084072396159172,0.36318570375442505,0.04848267883062363,0.043850548565387726,0.3632484972476959,0.015347692184150219,0.3785961866378784,-0.041806649416685104,-0.053870007395744324,0.26021289825439453,-0.018854502588510513,0.24135839939117432
10.38,0.0,0.075,0.0,0.09121875510143523,0.07818606330363236,0.38731857704686146,0.01278594508767128,0.5191789176315069,0.013425242342054843,0.0,0.013425242342054843,0.8157080411911011,0.05770471692085266,0.8448202013969421,-0.015522420406341553,-0.038768790662288666,-0.26328545808792114,-0.013569076545536518,-0.276854544878006,-0.04635629430413246,-0.04812964051961899,-0.20502182841300964,-0.016845373436808586,-0.22186720371246338,-0.01970764249563217,-0.01274646632373333,-0.16825063526630402,-0.004461263306438923,-0.17271189391613007,-0.09621434658765793,-0.07084762305021286,-0.16444715857505798,-0.02479666844010353,-0.18924382328987122,-0.0756123811006546,-0.06611568480730057,-0.19479838013648987,-0.02314049005508423,-0.2179388701915741,0.062402304261922836,0.052818939089775085,-0.24983248114585876,0.01848662830889225,-0.23134584724903107,0.0191214457154274,-0.016050264239311218,-0.23347553610801697,-0.005617592483758926,-0.2390931248664856,0.012615544721484184,-0.016631023958325386,0.08535704761743546,-0.005820858292281628,0.07953619211912155,0.07526366412639618,0.06874724477529526,0.3367261588573456,0.02406153455376625,0.36078768968582153,0.07622471451759338,0.053562797605991364,0.3800317347049713,0.018746979534626007,0.3987787067890167,-0.053514514118433,-0.053763359785079956,0.28054818511009216,-0.018817175179719925,0.26173099875450134
10.4,0.0,0.075,0.0,0.08847660145811248,0.07345108795278275,0.3514763925936511,-0.0017310390248894691,0.4974034414626658,0.0,0.0,0.0,0.8331790566444397,0.059492241591215134,0.8599326610565186,-0.03982542082667351,-0.03908577933907509,-0.27851858735084534,-0.013680022209882736,-0.2921985983848572,-0.03196196258068085,-0.04327933490276337,-0.21765977144241333,-0.015147767029702663,-0.23280753195285797,-0.031185835599899292,-0.018278278410434723,-0.17434939742088318,-0.006397397257387638,-0.18074679374694824,-0.10936933755874634,-0.08240413665771484,-0.16210348904132843,-0.028841447085142136,-0.19094493985176086,-0.07861562073230743,-0.06986566632986069,-0.18474365770816803,-0.02445298247039318,-0.20919664204120636,0.06813642382621765,0.057414185255765915,-0.2352045178413391,0.020094964653253555,-0.21510955691337585,0.03135276958346367,-0.0018293540924787521,-0.24906602501869202,-0.0006402739090844989,-0.24970629811286926,0.001194750890135765,-0.01128329150378704,0.06446804106235504,-0.003949151840060949,0.060518890619277954,0.06324584782123566,0.06709682196378708,0.33120784163475037,0.023483887314796448,0.354691743850708,0.03331790864467621,0.04748933017253876,0.3953443765640259,0.016621265560388565,0.41196563839912415,-0.06608544290065765,-0.057459983974695206,0.30154022574424744,-0.020110994577407837,0.2814292311668396
10.42,0.0,0.075,0.0,0.08541361348144434,0.06909564000186062,0.31352140037166887,-0.015390746295452118,0.4769138805568218,0.0,0.0,0.0,0.8524237275123596,0.06065265089273453,0.878260612487793,-0.031762585043907166,-0.03688881918787956,-0.29366642236709595,-0.012911086902022362,-0.30657750368118286,-0.02834567427635193,-0.038799237459897995,-0.23133482038974762,-0.013579732738435268,-0.24491454660892487,-0.02599874511361122,-0.020594418048858643,-0.18228407204151154,-0.0072080460377037525,-0.1894921213388443,-0.1007307916879654,-0.08790212869644165,-0.16182158887386322,-0.030765743926167488,-0.19258733093738556,-0.091745525598526,-0.07642962038516998,-0.17633315920829773,-0.026750367134809494,-0.20308353006839752,0.06839677691459656,0.06070896238088608,-0.22129011154174805,0.021248135715723038,-0.2000419795513153,0.01848052255809307,0.00426360871642828,-0.2630569338798523,0.001492263050749898,-0.2615646719932556,0.008246975019574165,-0.005424210801720619,0.04309710115194321,-0.0018984737107530236,0.04119862616062164,0.07142304629087448,0.06839469075202942,0.32360297441482544,0.023938141763210297,0.34754112362861633,0.03180846571922302,0.04278507083654404,0.4090304374694824,0.014974774792790413,0.4240052103996277,-0.04637132212519646,-0.05413338541984558,0.32297515869140625,-0.018946684896945953,0.3040284812450409
10.44,0.0,0.075,0.0,0.08116487152884422,0.0643786436240323,0.2706355948915468,-0.037246979773044586,0.4441295303404331,0.0,0.0,0.0,0.8730297088623047,0.060970183461904526,0.8986433744430542,-0.0240181814879179,-0.03302762657403946,-0.30844953656196594,-0.011559668928384781,-0.3200092017650604,-0.026995236054062843,-0.035258036106824875,-0.24579478800296783,-0.012340312823653221,-0.2581351101398468,-0.02915407344698906,-0.023162314668297768,-0.1919083446264267,-0.008106810040771961,-0.20001515746116638,-0.08537638932466507,-0.0871444046497345,-0.1636066734790802,-0.030500540509819984,-0.19410721957683563,-0.09208233654499054,-0.08112543821334839,-0.16972199082374573,-0.028393903747200966,-0.19811590015888214,0.07421617209911346,0.06476112455129623,-0.20834586024284363,0.022666392847895622,-0.18567946553230286,0.0003405017778277397,0.003086676588281989,-0.27530568838119507,0.0010803367476910353,-0.2742253541946411,0.010789414867758751,-0.000560122774913907,0.02146201767027378,-0.00019604296539910138,0.021265974268317223,0.08063434064388275,0.07206659018993378,0.3139890432357788,0.025223305448889732,0.3392123579978943,0.031691499054431915,0.03945700079202652,0.42095041275024414,0.013809950090944767,0.43476036190986633,-0.03512681648135185,-0.04843141511082649,0.3446345031261444,-0.016950994729995728,0.3276835083961487
10.46,0.0,0.075,0.0,0.0767656292023773,0.05943266537067265,0.22958673238829075,-0.042650654911994934,0.4360240176320076,0.0,0.0,0.0,0.8945624828338623,0.05967453122138977,0.9183661937713623,-0.030827589333057404,-0.03236761689186096,-0.3225952684879303,-0.011328665539622307,-0.33392393589019775,-0.0025173609610646963,-0.025435833260416985,-0.2607729732990265,-0.008902541361749172,-0.26967552304267883,-0.044444818049669266,-0.029547065496444702,-0.20304468274116516,-0.010341472923755646,-0.2133861482143402,-0.06247490271925926,-0.07974354922771454,-0.16742582619190216,-0.02791024185717106,-0.19533607363700867,-0.10106928646564484,-0.08710859715938568,-0.16503210365772247,-0.03048800863325596,-0.19552011787891388,0.0524897463619709,0.061079710721969604,-0.19661051034927368,0.02137789875268936,-0.17523261904716492,0.0358956977725029,0.012929383665323257,-0.28568747639656067,0.00452528428286314,-0.28116220235824585,0.012387814000248909,0.0033242583740502596,-0.0002167413040297106,0.0011634904658421874,0.000946749176364392,0.07753262668848038,0.07370640337467194,0.30246397852897644,0.025797240436077118,0.32826122641563416,0.026543067768216133,0.03558282181620598,0.4309828579425812,0.012453987263143063,0.4434368312358856,-0.03409331664443016,-0.044129982590675354,0.36629754304885864,-0.015445494093000889,0.35085204243659973
10.48,0.0,0.075,0.0,0.07089217177012587,0.05361826680143972,0.18538639141342164,-0.032228030264377594,0.4516579546034336,0.0,0.0,0.0,0.9165816903114319,0.061837874352931976,0.9386858940124512,0.0007270886562764645,-0.022439204156398773,-0.33584269881248474,-0.007853721268475056,-0.3436964154243469,-0.008247770369052887,-0.0202794149518013,-0.27599310874938965,-0.0070977951399981976,-0.28309088945388794,-0.033619727939367294,-0.03076886385679245,-0.21548770368099213,-0.010769101791083813,-0.22625680267810822,-0.10700389742851257,-0.08792164921760559,-0.17320860922336578,-0.030772576108574867,-0.2039811909198761,-0.09844635426998138,-0.09050992131233215,-0.16234998404979706,-0.031678471714258194,-0.19402845203876495,0.05820498988032341,0.060217294842004776,-0.18630051612854004,0.021076053380966187,-0.16522446274757385,0.05817649886012077,0.026503518223762512,-0.2940964996814728,0.009276230819523335,-0.2848202586174011,0.023345550522208214,0.009330646134912968,-0.021718256175518036,0.0032657261472195387,-0.018452530726790428,0.08795096725225449,0.07797977328300476,0.28914523124694824,0.027292920276522636,0.31643813848495483,0.036968350410461426,0.03599847853183746,0.43902552127838135,0.012599467299878597,0.4516249895095825,-0.03200255334377289,-0.040491752326488495,0.3877435624599457,-0.014172113500535488,0.3735714554786682
10.5,0.0,0.075,0.0,0.06383618107382086,0.04777395965379744,0.13916927469190762,-0.05483565479516983,0.41774651780724525,0.0,0.0,0.0,0.938654363155365,0.06422530114650726,0.9585999846458435,0.007921254262328148,-0.013331065885722637,-0.3479475677013397,-0.004665873013436794,-0.3526134490966797,-0.015304493717849255,-0.01878693886101246,-0.2911744713783264,-0.006575428415089846,-0.29774990677833557,-0.04111654683947563,-0.033873166888952255,-0.22900789976119995,-0.011855607852339745,-0.24086350202560425,-0.10103222727775574,-0.09185482561588287,-0.18084834516048431,-0.032149188220500946,-0.21299752593040466,-0.09574215114116669,-0.09207958728075027,-0.16172510385513306,-0.032227855175733566,-0.19395296275615692,0.0667639970779419,0.06218130886554718,-0.1776060163974762,0.021763456985354424,-0.15584255754947662,0.06359922140836716,0.03763222694396973,-0.300447016954422,0.01317127887159586,-0.2872757315635681,0.023392146453261375,0.013549096882343292,-0.042823418974876404,0.004742183722555637,-0.03808123618364334,0.09541405737400055,0.0832100585103035,0.27416855096817017,0.029123520478606224,0.30329206585884094,0.028440875932574272,0.03373119980096817,0.4449964165687561,0.01180591993033886,0.4568023383617401,-0.036776602268218994,-0.039377208799123764,0.4087539613246918,-0.013782022520899773,0.39497193694114685
10.52,0.0,0.075,0.0,0.052349071616229044,0.04047132582865904,0.06575177932186893,-0.08174124360084534,0.377388134598732,0.0,0.0,0.0,0.9603659510612488,0.06504920870065689,0.9785385727882385,0.010357851162552834,-0.006224390584975481,-0.35868653655052185,-0.0021785367280244827,-0.3608650863170624,-0.00865759328007698,-0.01574813574552536,-0.3060370981693268,-0.005511847324669361,-0.31154894828796387,-0.0354018434882164,-0.03433176875114441,-0.24335592985153198,-0.012016118504106998,-0.2553720474243164,-0.08573462814092636,-0.09001876413822174,-0.19020414352416992,-0.03150656819343567,-0.2217107117176056,-0.10719271004199982,-0.09661352634429932,-0.1631689816713333,-0.03381473198533058,-0.1969837099313736,0.07313902676105499,0.06546862423419952,-0.17068739235401154,0.022914018481969833,-0.1477733701467514,0.04542328417301178,0.0399695448577404,-0.3046743869781494,0.013989340513944626,-0.2906850576400757,0.024757446721196175,0.016911601647734642,-0.06331715732812881,0.005919060669839382,-0.05739809572696686,0.09152273833751678,0.08570386469364166,0.2576865553855896,0.029996352270245552,0.2876829206943512,0.02082468383014202,0.02985924482345581,0.44883474707603455,0.010450735688209534,0.4592854976654053,-0.02514975517988205,-0.03510897234082222,0.4291146695613861,-0.012288140133023262,0.4168265163898468
10.540000000000001,0.0,0.075,0.0,0.041155824523822986,0.034463510281299646,-0.0003991045017972539,-0.07337073981761932,0.389943890273571,0.0,0.0,0.0,0.9813278913497925,0.06525489687919617,0.9954291582107544,0.02343536727130413,0.002673537004739046,-0.3678615987300873,0.0009357379167340696,-0.3669258654117584,0.004303697496652603,-0.009732585400342941,-0.32030683755874634,-0.0034064047504216433,-0.3237132430076599,-0.04393881559371948,-0.03721388429403305,-0.2582671344280243,-0.013024859130382538,-0.2712920010089874,-0.07794415205717087,-0.08639638125896454,-0.20110344886779785,-0.03023873269557953,-0.23134218156337738,-0.10446198284626007,-0.09896805882453918,-0.16665500402450562,-0.034638818353414536,-0.20129382610321045,0.03955739364027977,0.05769525468349457,-0.16567222774028778,0.02019333839416504,-0.14547888934612274,0.09425987303256989,0.05625664442777634,-0.30673548579216003,0.01968982443213463,-0.2870456576347351,0.033021651208400726,0.021744616329669952,-0.0829906240105629,0.007610615808516741,-0.07538000494241714,0.09115372598171234,0.08733882009983063,0.2398672103881836,0.03056858666241169,0.27043581008911133,0.001979110762476921,0.02149520441889763,0.45050138235092163,0.00752332154661417,0.4580247104167938,-0.02128222957253456,-0.030960949137806892,0.44861820340156555,-0.010836332105100155,0.4377818703651428
10.56,0.0,0.075,0.0,0.02899132788759569,0.029145439690532137,-0.06623211045324151,-0.09787896275520325,0.35318155586719513,0.0,0.0,0.0,1.0011837482452393,0.06707826256752014,1.013364553451538,0.05238869786262512,0.017588086426258087,-0.3753035068511963,0.006155830342322588,-0.3691476881504059,-0.010829303413629532,-0.010061601176857948,-0.33372050523757935,-0.0035215604584664106,-0.337242066860199,-0.029936466366052628,-0.035030659288167953,-0.2734665274620056,-0.012260730378329754,-0.28572726249694824,-0.10540580749511719,-0.09209920465946198,-0.2133452445268631,-0.03223472088575363,-0.24557995796203613,-0.09669667482376099,-0.09828664362430573,-0.17211885750293732,-0.034400325268507004,-0.20651918649673462,0.07874180376529694,0.06400921940803528,-0.16265302896499634,0.022403227165341377,-0.1402498036623001,0.05921801179647446,0.057145051658153534,-0.3066093325614929,0.020000766962766647,-0.28660857677459717,0.03632953017950058,0.02612009085714817,-0.10164334625005722,0.009142031893134117,-0.09250131249427795,0.09590601176023483,0.08990897983312607,0.22089208662509918,0.031468141824007034,0.2523602247238159,0.004739796742796898,0.016468582674860954,0.44997933506965637,0.0057640038430690765,0.45574334263801575,-0.005965040065348148,-0.02346217632293701,0.4670657813549042,-0.008211761713027954,0.4588540196418762
10.58,0.0,0.075,0.0,0.019357670484317867,0.02641818371084324,-0.1186906973418423,-0.12944743037223816,0.30582885444164276,0.0,0.0,0.0,1.0196125507354736,0.06663183122873306,1.031043529510498,0.046029046177864075,0.026120375841856003,-0.38087502121925354,0.009142131544649601,-0.3717328906059265,-0.017155693843960762,-0.012189829722046852,-0.34603071212768555,-0.004266440402716398,-0.35029715299606323,-0.018451739102602005,-0.03005698323249817,-0.2886737585067749,-0.010519944131374359,-0.29919371008872986,-0.09509752690792084,-0.0929986983537674,-0.2267037332057953,-0.03254954516887665,-0.25925326347351074,-0.08272130787372589,-0.0936170443892479,-0.17945978045463562,-0.03276596590876579,-0.2122257500886917,0.07570566236972809,0.06751815229654312,-0.16168548166751862,0.023631352931261063,-0.13805413246154785,0.041957560926675797,0.052588801831007004,-0.30429720878601074,0.018406080082058907,-0.2858911156654358,0.03195520490407944,0.027870625257492065,-0.11908523738384247,0.009754718281328678,-0.10933052003383636,0.0916028618812561,0.09041714668273926,0.20095454156398773,0.0316460020840168,0.23260053992271423,0.02587883733212948,0.01929165981709957,0.44727393984794617,0.006752080749720335,0.4540260136127472,-0.015775922685861588,-0.021156299859285355,0.4842694401741028,-0.007404705043882132,0.4768647253513336
10.6,0.0,0.075,0.0,0.009511846131123476,0.025206428218446403,-0.16654998897070014,-0.14449605345726013,0.2832559198141098,0.0,0.0,0.0,1.036331295967102,0.06546434760093689,1.047042965888977,0.04259481281042099,0.03106270730495453,-0.38447335362434387,0.0108719477429986,-0.37360140681266785,-0.009672937914729118,-0.011434761807322502,-0.3570104241371155,-0.004002166446298361,-0.3610125780105591,-0.010634023696184158,-0.024230096489191055,-0.30360835790634155,-0.008480533957481384,-0.31208890676498413,-0.08800394088029861,-0.09150027483701706,-0.24093253910541534,-0.03202509507536888,-0.27295762300491333,-0.08843880891799927,-0.09206357598304749,-0.18854238092899323,-0.03222225233912468,-0.2207646369934082,0.07047353684902191,0.06840476393699646,-0.16278743743896484,0.02394166775047779,-0.1388457715511322,0.041189659386873245,0.049169059842824936,-0.2998226583003998,0.017209170386195183,-0.28261348605155945,0.033548153936862946,0.02957388386130333,-0.13513855636119843,0.01035085879266262,-0.12478769570589066,0.08550574630498886,0.0889437273144722,0.18025776743888855,0.03113030456006527,0.21138806641101837,0.016910681501030922,0.018577367067337036,0.44241270422935486,0.006502078380435705,0.4489147961139679,-0.0007530124858021736,-0.015035313554108143,0.500053882598877,-0.005262359511107206,0.49479153752326965
10.620000000000001,0.0,0.075,0.0,-0.0012332105578474405,0.02427506054515349,-0.2118886713647982,-0.14718139171600342,0.2792279124259949,0.0,0.0,0.0,1.0510956048965454,0.06293285638093948,1.0581116676330566,0.038720447570085526,0.03336003050208092,-0.3860321640968323,0.011676010675728321,-0.37435615062713623,0.017241165041923523,-0.0028319833800196648,-0.36645710468292236,-0.0009911941597238183,-0.3674483001232147,-0.019978635013103485,-0.022954657673835754,-0.3179948627948761,-0.00803412962704897,-0.3260290026664734,-0.052049439400434494,-0.07966502010822296,-0.2557692527770996,-0.027882756665349007,-0.28365200757980347,-0.09840881824493408,-0.09396715462207794,-0.1991991251707077,-0.0328885018825531,-0.2320876270532608,0.035214878618717194,0.05844780057668686,-0.16593855619430542,0.02045672945678234,-0.14548182487487793,0.08521228283643723,0.059982024133205414,-0.2932312786579132,0.020993707701563835,-0.2722375690937042,0.039576999843120575,0.032574817538261414,-0.14963971078395844,0.011401185765862465,-0.13823851943016052,0.07727307826280594,0.08544253557920456,0.15901267528533936,0.029904887080192566,0.18891756236553192,-0.015844222158193588,0.008250890299677849,0.43544524908065796,0.0028878115117549896,0.43833306431770325,0.008583475835621357,-0.007949676364660263,0.5142582058906555,-0.002782386727631092,0.5114758014678955
10.64,0.0,0.075,0.0,-0.008221260229789647,0.024671871528655964,-0.24507685044647895,-0.140265092253685,0.2896023616194725,0.0,0.0,0.0,1.0637000799179077,0.06044591963291168,1.0673562288284302,0.051986292004585266,0.03894791007041931,-0.38552266359329224,0.013631768524646759,-0.3718909025192261,0.027286242693662643,0.0062034847214818,-0.37419652938842773,0.0021712195593863726,-0.3720253109931946,-0.03847241774201393,-0.027609985321760178,-0.3315679728984833,-0.009663494303822517,-0.34123146533966064,-0.015080314129590988,-0.06028960645198822,-0.2709401845932007,-0.021101361140608788,-0.292041540145874,-0.10623869299888611,-0.09764861315488815,-0.2112334817647934,-0.034177012741565704,-0.2454105019569397,0.02316008135676384,0.047861482948064804,-0.17108072340488434,0.016751518473029137,-0.15432921051979065,0.07667135447263718,0.06498882174491882,-0.2845902740955353,0.022746087983250618,-0.2618441879749298,0.03956980258226395,0.034673310816287994,-0.1624409407377243,0.012135658413171768,-0.15030528604984283,0.07174935936927795,0.08133458346128464,0.13743574917316437,0.028467103838920593,0.16590285301208496,-0.025067782029509544,-0.001744711771607399,0.42644253373146057,-0.0006106491200625896,0.4258318841457367,0.012302671559154987,-0.0018739718943834305,0.5267376899719238,-0.0006558901513926685,0.5260818004608154
10.66,0.0,0.075,0.0,-0.014591971342241425,0.026191854320095853,-0.2645450641777118,-0.14759854972362518,0.2786021754145622,0.0,0.0,0.0,1.0739778280258179,0.06056688353419304,1.077561378479004,0.06399482488632202,0.046461984515190125,-0.38295429944992065,0.016261694952845573,-0.36669260263442993,0.009400681592524052,0.007162643596529961,-0.3800859749317169,0.0025069252587854862,-0.37757906317710876,-0.017190493643283844,-0.024484137073159218,-0.34407728910446167,-0.008569448255002499,-0.35264673829078674,-0.07188041508197784,-0.06376685202121735,-0.2861655652523041,-0.0223183985799551,-0.30848395824432373,-0.09368877112865448,-0.09646065533161163,-0.22442349791526794,-0.03376122936606407,-0.2581847310066223,0.06388333439826965,0.05266803875565529,-0.17811910808086395,0.018433813005685806,-0.15968529880046844,0.038439277559518814,0.05702395737171173,-0.27398765087127686,0.019958384335041046,-0.2540292739868164,0.043782204389572144,0.03740597888827324,-0.1734117716550827,0.013092092238366604,-0.16031968593597412,0.07462737709283829,0.07932242006063461,0.1157468780875206,0.027762847021222115,0.14350973069667816,-0.013409418053925037,-0.005244123749434948,0.4154963195323944,-0.0018354433123022318,0.4136608839035034,0.019620787352323532,0.004574456252157688,0.5373651385307312,0.0016010596882551908,0.538966178894043
10.68,0.0,0.075,0.0,-0.018932822891899664,0.02905191371286192,-0.2727721218994367,-0.17027047276496887,0.2445942908525467,0.0,0.0,0.0,1.0817984342575073,0.05796155333518982,1.0855134725570679,0.05668864771723747,0.04952998459339142,-0.3783744275569916,0.017335494980216026,-0.3610389232635498,-0.0026568344328552485,0.004216799978166819,-0.38401681184768677,0.0014758799225091934,-0.3825409412384033,-0.016886655241250992,-0.022204892709851265,-0.3552921414375305,-0.007771712262183428,-0.36306384205818176,-0.0515374131500721,-0.06009802222251892,-0.30116456747055054,-0.021034307777881622,-0.32219886779785156,-0.07742480933666229,-0.09074990451335907,-0.2385258674621582,-0.031762465834617615,-0.270288348197937,0.05574097856879234,0.053589917719364166,-0.18692389130592346,0.018756471574306488,-0.16816741228103638,0.028267014771699905,0.04839687421917915,-0.2615315020084381,0.01693890616297722,-0.2445925921201706,0.04065781831741333,0.038381531834602356,-0.18244042992591858,0.01343353558331728,-0.16900689899921417,0.0710131973028183,0.07682965695858002,0.0941670835018158,0.026890380308032036,0.12105746567249298,0.007036052644252777,-0.0015600707847625017,0.40271812677383423,-0.0005460247630253434,0.4021720886230469,0.004582368768751621,0.004576830193400383,0.5460323095321655,0.0016018905444070697,0.5476341843605042
10.700000000000001,0.0,0.075,0.0,-0.021576779352516035,0.031820943916806246,-0.2747680624645031,-0.16791735589504242,0.24812396615743637,0.0,0.0,0.0,1.087066888809204,0.055710483342409134,1.091146469116211,0.05288374051451683,0.05053611099720001,-0.37186747789382935,0.017687639221549034,-0.35417982935905457,-0.004677967168390751,0.0015483696479350328,-0.385916531085968,0.0005419293884187937,-0.38537460565567017,-0.008093860000371933,-0.01797158271074295,-0.36500564217567444,-0.006290053948760033,-0.371295690536499,-0.057257842272520065,-0.059245966374874115,-0.3156605660915375,-0.02073608711361885,-0.3363966643810272,-0.07500956952571869,-0.08602780103683472,-0.25328052043914795,-0.03010972961783409,-0.28339025378227234,0.05277802422642708,0.05334635078907013,-0.19733268022537231,0.018671222031116486,-0.17866146564483643,0.024226613342761993,0.041145797818899155,-0.24734872579574585,0.014401028864085674,-0.2329476922750473,0.026258034631609917,0.03474448248744011,-0.18943488597869873,0.012160568498075008,-0.17727431654930115,0.07408846169710159,0.07600729912519455,0.07291626185178757,0.026602555066347122,0.09951882064342499,0.0013691186904907227,-0.00068131391890347,0.38823816180229187,-0.00023845986288506538,0.3879997134208679,0.005054970271885395,0.004720272496342659,0.5526508688926697,0.0016520953504368663,0.554302990436554
10.72,0.0,0.075,0.0,-0.02445233883900383,0.034313120846915644,-0.2720971677023716,-0.16167683899402618,0.2574847415089607,0.0,0.0,0.0,1.089721918106079,0.05427408218383789,1.0947177410125732,0.04567167907953262,0.049076780676841736,-0.363553524017334,0.017176872119307518,-0.3463766574859619,-0.014349616132676601,-0.0032210261560976505,-0.3857501149177551,-0.001127359108068049,-0.38687747716903687,0.009867576882243156,-0.009619834832847118,-0.3730386793613434,-0.0033669420517981052,-0.37640562653541565,-0.08479530364274979,-0.0669107660651207,-0.3293861746788025,-0.023418767377734184,-0.35280492901802063,-0.06094242259860039,-0.07850218564271927,-0.26841533184051514,-0.027475764974951744,-0.2958911061286926,0.06619878113269806,0.05720207840204239,-0.20915350317955017,0.020020727068185806,-0.18913277983665466,0.009220130741596222,0.031568095088005066,-0.2315838783979416,0.011048832908272743,-0.2205350399017334,0.02431398071348667,0.03161533176898956,-0.19432388246059418,0.011065365746617317,-0.183258518576622,0.07230345904827118,0.07489614933729172,0.052210982888936996,0.02621365152299404,0.07842463254928589,0.010867439210414886,0.0027833119966089725,0.3722040355205536,0.0009741591638885438,0.3731781840324402,-0.0005187736824154854,0.0031485585495829582,0.5571532845497131,0.001101995469070971,0.5582552552223206
10.74,0.0,0.075,0.0,-0.02532622945748665,0.03790892908089287,-0.2617475811970576,-0.15019632875919342,0.27470550686120987,0.0,0.0,0.0,1.0897328853607178,0.05442515015602112,1.0958423614501953,0.05645889416337013,0.051291413605213165,-0.3535858690738678,0.017951995134353638,-0.33563387393951416,-0.009493193589150906,-0.005102676339447498,-0.38352060317993164,-0.0017859366489574313,-0.38530653715133667,0.029735583811998367,0.0021867910400032997,-0.3792431056499481,0.0007653768407180905,-0.37847772240638733,-0.09687687456607819,-0.075900599360466,-0.3420882821083069,-0.02656520903110504,-0.36865347623825073,-0.06564099341630936,-0.0746438279747963,-0.2836511433124542,-0.026125339791178703,-0.3097764849662781,0.06765849888324738,0.060339003801345825,-0.22216834127902985,0.02111865021288395,-0.20104968547821045,-0.0008842376992106438,0.02183239534497261,-0.214397594332695,0.007641338277608156,-0.20675624907016754,0.030685828998684883,0.031336478888988495,-0.1970575749874115,0.010967767797410488,-0.18608981370925903,0.059672679752111435,0.07032910734415054,0.03226223960518837,0.02461518719792366,0.05687742680311203,0.02894403226673603,0.010631528683006763,0.35477912425994873,0.003721035085618496,0.3585001528263092,0.010139214806258678,0.005245755426585674,0.5594937801361084,0.001836014329455793,0.5613297820091248
10.76,0.0,0.075,0.0,-0.02648688189549243,0.041231325722669236,-0.24647343556392856,-0.17596113681793213,0.2360582947731018,0.0,0.0,0.0,1.0870983600616455,0.052408237010240555,1.0892049074172974,0.06693567335605621,0.05598469078540802,-0.3421483635902405,0.019594641402363777,-0.32255372405052185,0.0181637741625309,0.0018772592302411795,-0.3792691230773926,0.000657040742225945,-0.37861207127571106,0.01584082841873169,0.006283001974225044,-0.3835044503211975,0.0021990507375448942,-0.38130539655685425,-0.03667687624692917,-0.06413348019123077,-0.3535325825214386,-0.02244671806693077,-0.37597930431365967,-0.07655243575572968,-0.07521641254425049,-0.29870694875717163,-0.02632574364542961,-0.32503268122673035,0.022347580641508102,0.04894157499074936,-0.23613713681697845,0.017129551619291306,-0.21900758147239685,0.06088089570403099,0.033546946942806244,-0.1959650218486786,0.011741431429982185,-0.18422359228134155,0.0408020094037056,0.034176141023635864,-0.1976081281900406,0.011961649172008038,-0.18564647436141968,0.06362514942884445,0.06831791996955872,0.013273315504193306,0.02391127124428749,0.037184588611125946,0.011320533230900764,0.010838230140507221,0.3361409604549408,0.00379338045604527,0.3399343490600586,-0.011668763123452663,0.00017139967530965805,0.5596484541893005,5.9989884903188795e-05,0.5597084164619446
10.78,0.0,0.075,0.0,-0.026721499405057744,0.044487228302551286,-0.22781547767954655,-0.15124598145484924,0.27313102781772614,0.0,0.0,0.0,1.0818428993225098,0.04926338791847229,1.0817371606826782,0.07580561935901642,0.06193096935749054,-0.32945194840431213,0.0216758381575346,-0.3077761232852936,0.017250502482056618,0.006489232182502747,-0.37307411432266235,0.0022712312638759613,-0.3708028793334961,0.001776479184627533,0.004931045230478048,-0.3857441246509552,0.0017258657608181238,-0.38401827216148376,-0.01547183096408844,-0.049534983932971954,-0.363508015871048,-0.017337244004011154,-0.38084524869918823,-0.07999780774116516,-0.07665082812309265,-0.3133050501346588,-0.026827789843082428,-0.34013283252716064,0.01882993057370186,0.03990808129310608,-0.25080227851867676,0.013967827893793583,-0.23683445155620575,0.021100960671901703,0.02981315180659294,-0.17647399008274078,0.010434603318572044,-0.1660393923521042,0.026321621611714363,0.03181978315114975,-0.19596993923187256,0.011136923916637897,-0.18483301997184753,0.05340941250324249,0.06384536623954773,-0.004562279675155878,0.022345878183841705,0.017783598974347115,-0.014816803857684135,0.0031417193822562695,0.31647950410842896,0.0010996017372235656,0.31757912039756775,-0.002109411172568798,-0.0005128436023369431,0.5576157569885254,-0.000179495254997164,0.5574362874031067
10.8,0.0,0.075,0.0,-0.026888870616617058,0.0481995163703067,-0.2084648683116533,-0.15254990756511688,0.2711751386523247,0.0,0.0,0.0,1.074015736579895,0.0469479039311409,1.0738444328308105,0.05916425958275795,0.061100952327251434,-0.3157307803630829,0.021385332569479942,-0.2943454384803772,-0.004849523305892944,0.0030876053497195244,-0.365049809217453,0.001080661895684898,-0.3639691472053528,0.020122364163398743,0.009488441050052643,-0.38592082262039185,0.0033209542743861675,-0.3825998604297638,-0.04594757407903671,-0.0484587624669075,-0.3718305826187134,-0.016960566863417625,-0.38879114389419556,-0.06502626836299896,-0.0731634646654129,-0.3271762430667877,-0.025607211515307426,-0.3527834415435791,0.04323604330420494,0.04090647026896477,-0.26589325070381165,0.014317264780402184,-0.2515759766101837,-0.0034726904705166817,0.019827399402856827,-0.1561231166124344,0.006939589511603117,-0.14918352663516998,0.020312732085585594,0.028367668390274048,-0.19215966761112213,0.009928683750331402,-0.18223097920417786,0.05061115697026253,0.05987510457634926,-0.02106279321014881,0.020956287160515785,-0.00010650604963302612,-0.011674868874251842,-0.0013032574206590652,0.2959951162338257,-0.00045614008558914065,0.2955389618873596,-0.001690858043730259,-0.0008662479231134057,0.55341637134552,-0.0003031867672689259,0.5531131625175476
10.82,0.0,0.075,0.0,-0.025361421867055648,0.05191577651282453,-0.18198040324606465,-0.15064363181591034,0.2740345522761345,0.0,0.0,0.0,1.063688039779663,0.046528320759534836,1.0627002716064453,0.06052175536751747,0.06092718988656998,-0.30123797059059143,0.021324515342712402,-0.27991345524787903,-0.0021273258607834578,0.0015231260331347585,-0.3553442060947418,0.0005330941057763994,-0.3548111021518707,0.04277801886200905,0.019475314766168594,-0.3840312957763672,0.006816360168159008,-0.3772149384021759,-0.06396451592445374,-0.05311048775911331,-0.3783468008041382,-0.01858866959810257,-0.39693546295166016,-0.05914979800581932,-0.06895936280488968,-0.34006467461586,-0.024135775864124298,-0.3642004430294037,0.04278254136443138,0.04146929085254669,-0.2811317443847656,0.014514251612126827,-0.2666175067424774,0.008174246177077293,0.016331452876329422,-0.13511981070041656,0.005716008599847555,-0.12940379977226257,0.02075302042067051,0.02608327381312847,-0.18621616065502167,0.009129146113991737,-0.17708700895309448,0.05234549567103386,0.057616226375103,-0.03606007620692253,0.02016567811369896,-0.015894398093223572,-0.002058502286672592,-0.001529830857180059,0.2748965620994568,-0.0005354408058337867,0.27436113357543945,-0.010430856607854366,-0.0037356307730078697,0.5470930933952332,-0.0013074707239866257,0.5457856059074402
10.84,0.0,0.075,0.0,-0.024606911229536742,0.0552606701295138,-0.15832229453763555,-0.13886283338069916,0.29170574992895126,0.0,0.0,0.0,1.0509511232376099,0.04456566646695137,1.049439549446106,0.0623876117169857,0.061365313827991486,-0.2862407863140106,0.02147785946726799,-0.2647629380226135,0.007987198419868946,0.0034623476676642895,-0.3441363275051117,0.0012118216836825013,-0.3429245054721832,0.03585202991962433,0.024388330057263374,-0.38011038303375244,0.008535915054380894,-0.3715744614601135,-0.03264709934592247,-0.04697147011756897,-0.3829364776611328,-0.01644001342356205,-0.3993764817714691,-0.06887945532798767,-0.06893538683652878,-0.35173264145851135,-0.024127384647727013,-0.3758600354194641,0.02198106050491333,0.035622820258140564,-0.29623672366142273,0.012467986904084682,-0.28376874327659607,0.0009623123332858086,0.01172071136534214,-0.11367807537317276,0.004102248698472977,-0.10957582294940948,0.014634696766734123,0.022648701444268227,-0.17820000648498535,0.007927045226097107,-0.17027296125888824,0.04618808999657631,0.05418778210878372,-0.04940129816532135,0.018965722993016243,-0.030435575172305107,9.186007082462311e-05,-0.0010433235438540578,0.2533988058567047,-0.00036516322870738804,0.2530336380004883,-0.008094287477433681,-0.005043227691203356,0.538710355758667,-0.0017651296220719814,0.5369452238082886
10.86,0.0,0.075,0.0,-0.021567230417187815,0.059260677105590354,-0.12469883641496764,-0.13309353590011597,0.30035969614982605,0.0,0.0,0.0,1.0359145402908325,0.043022818863391876,1.033887267112732,0.05818157270550728,0.06041019409894943,-0.27101582288742065,0.021143566817045212,-0.24987225234508514,0.0003347804304212332,0.0025240774266421795,-0.3316328525543213,0.0008834270993247628,-0.33074942231178284,0.04445773363113403,0.030409149825572968,-0.37423041462898254,0.010643201880156994,-0.3635872006416321,-0.03785101696848869,-0.04423533380031586,-0.3855149745941162,-0.015482367016375065,-0.4009973406791687,-0.06005330756306648,-0.06627076119184494,-0.3619649112224579,-0.02319476567208767,-0.3851596713066101,0.02484586462378502,0.03238973394036293,-0.3109295666217804,0.01133640669286251,-0.29959315061569214,-0.0062796128913760185,0.00632061343640089,-0.09201642870903015,0.0022122147493064404,-0.08980421721935272,0.005449716001749039,0.017489004880189896,-0.16819284856319427,0.006121151614934206,-0.16207168996334076,0.04768610745668411,0.05223727971315384,-0.06095051020383835,0.018283046782016754,-0.042667463421821594,-0.004045344889163971,-0.0019439300522208214,0.2317209243774414,-0.0006803754949942231,0.23104055225849152,-0.012595812790095806,-0.00730900326743722,0.5283536314964294,-0.002558151027187705,0.5257954597473145
10.88,0.0,0.075,0.0,-0.01870245987546754,0.06350757626753223,-0.09243322206513938,-0.11704903095960617,0.32442645356059074,0.0,0.0,0.0,1.0187056064605713,0.04266222193837166,1.0157965421676636,0.0529366061091423,0.058168116956949234,-0.2558439373970032,0.020358840003609657,-0.23548509180545807,-0.018936123698949814,-0.003913982771337032,-0.31806445121765137,-0.0013698939001187682,-0.31943434476852417,0.05800274387001991,0.03868722915649414,-0.3664998412132263,0.013540529645979404,-0.3529593050479889,-0.05809418112039566,-0.04839298874139786,-0.3860347270965576,-0.01693754643201828,-0.4029722809791565,-0.041265007108449936,-0.05876903235912323,-0.3705728054046631,-0.02056916058063507,-0.39114195108413696,0.03720400109887123,0.03383401408791542,-0.3249393105506897,0.011841904371976852,-0.31309741735458374,-0.016688834875822067,-0.0005822209641337395,-0.0703556165099144,-0.00020377733744680882,-0.07055939733982086,-0.007401280105113983,0.010021919384598732,-0.15629670023918152,0.00350767164491117,-0.15278902649879456,0.05261131748557091,0.05234948918223381,-0.07059001177549362,0.01832232065498829,-0.05226769298315048,-0.013227765448391438,-0.005329080857336521,0.21008385717868805,-0.0018651782302185893,0.20821867883205414,-0.02404957264661789,-0.012331174686551094,0.516128420829773,-0.0043159108608961105,0.5118125081062317
10.9,0.0,0.075,0.0,-0.013434042571560513,0.06834342667632931,-0.05040679323489883,-0.10654781013727188,0.3401782847940922,0.0,0.0,0.0,0.9994679689407349,0.04321551322937012,0.9945498704910278,0.05403284728527069,0.05692753568291664,-0.24100488424301147,0.01992463693022728,-0.2210802435874939,-0.013202939182519913,-0.006700669415295124,-0.303681343793869,-0.0023452341556549072,-0.3060265779495239,0.07055003196001053,0.04824607074260712,-0.3570612370967865,0.01688612438738346,-0.3401751220226288,-0.05327587202191353,-0.04985785484313965,-0.3844861686229706,-0.017450248822569847,-0.401936411857605,-0.0411347821354866,-0.05347875505685806,-0.3773975372314453,-0.018717564642429352,-0.39611509442329407,0.026304766535758972,0.031575240194797516,-0.33800753951072693,0.011051333509385586,-0.32695621252059937,-0.0015429938212037086,-0.0008704528445377946,-0.04891636595129967,-0.000304658489767462,-0.04922102391719818,-0.011093290522694588,0.00368735590018332,-0.14263278245925903,0.0012905745534226298,-0.14134220778942108,0.0536344088613987,0.05273496359586716,-0.07822158187627792,0.018457237631082535,-0.05976434424519539,-0.005067832767963409,-0.00525070633739233,0.18870806694030762,-0.0018377471715211868,0.18687032163143158,-0.04322642460465431,-0.021599750965833664,0.5021592974662781,-0.007559912744909525,0.4945993721485138
10.92,0.0,0.075,0.0,-0.008761776543055502,0.0729715392943784,-0.012832822683466935,-0.06766245514154434,0.3985063172876835,0.0,0.0,0.0,0.9783617854118347,0.04476182535290718,0.9738853573799133,0.04934681951999664,0.05465332046151161,-0.22677239775657654,0.01912866160273552,-0.20764373242855072,-0.02231181412935257,-0.011384012177586555,-0.28874877095222473,-0.003984404262155294,-0.29273316264152527,0.07409879565238953,0.05600188672542572,-0.3460886478424072,0.019600659608840942,-0.3264879882335663,-0.06511689722537994,-0.05443556606769562,-0.3808978199958801,-0.019052447751164436,-0.3999502658843994,-0.04749143496155739,-0.05168256163597107,-0.38231325149536133,-0.018088895827531815,-0.40040215849876404,0.02672402933239937,0.0301198773086071,-0.3498932421207428,0.01054195687174797,-0.3393512964248657,-0.029825087636709213,-0.009556843899190426,-0.027917152270674706,-0.0033448953181505203,-0.031262047588825226,-0.024651028215885162,-0.00481416005641222,-0.12734033167362213,-0.001684956019744277,-0.12902528047561646,0.052644506096839905,0.05270782858133316,-0.08376744389533997,0.018447740003466606,-0.06531970202922821,-0.009728087112307549,-0.006593920290470123,0.16781140863895416,-0.0023078720550984144,0.16550353169441223,-0.03297832980751991,-0.02501332387328148,0.48658862709999084,-0.008754663169384003,0.47783395648002625
10.94,0.0,0.075,0.0,-0.0024097198997541686,0.07788962557433339,0.030537702482170026,-0.061559297144412994,0.4076610542833805,0.0,0.0,0.0,0.9555640816688538,0.0456613153219223,0.9505692720413208,0.04267405346035957,0.051059540361166,-0.213408961892128,0.017870839685201645,-0.19553811848163605,-0.017579494044184685,-0.013242656365036964,-0.273542195558548,-0.004634929820895195,-0.2781771123409271,0.07859107851982117,0.06277864426374435,-0.3337845206260681,0.021972525864839554,-0.31181198358535767,-0.055496130138635635,-0.05475373566150665,-0.3753358721733093,-0.01916380785405636,-0.39449968934059143,-0.046238381415605545,-0.0500493049621582,-0.3852292597293854,-0.01751725561916828,-0.4027465283870697,0.017155755311250687,0.026230640709400177,-0.3603771924972534,0.009180723689496517,-0.3511964678764343,-0.022215846925973892,-0.013354545459151268,-0.00757197430357337,-0.004674091003835201,-0.012246064841747284,-0.028787819668650627,-0.012006258592009544,-0.11057517677545547,-0.004202190320938826,-0.11477736383676529,0.052830588072538376,0.052744656801223755,-0.08717108517885208,0.018460629507899284,-0.06871045380830765,-0.012107656337320805,-0.0082480413839221,0.14760680496692657,-0.0028868145309388638,0.14471998810768127,-0.04345081374049187,-0.030544571578502655,0.46957510709762573,-0.0106905996799469,0.45888450741767883
10.96,0.0,0.075,0.0,0.003146908505616735,0.08278716931664612,0.07185046493463343,-0.046931490302085876,0.4296027645468712,0.0,0.0,0.0,0.931269645690918,0.04417886957526207,0.9257691502571106,0.02499615214765072,0.04324052482843399,-0.20116105675697327,0.015134183689951897,-0.18602687120437622,-0.01915089413523674,-0.015015128068625927,-0.25834208726882935,-0.005255294963717461,-0.26359736919403076,0.06807209551334381,0.06436668336391449,-0.3203757107257843,0.02252833917737007,-0.29784736037254333,-0.02796293795108795,-0.04671649634838104,-0.367902934551239,-0.016350774094462395,-0.38425371050834656,-0.044445157051086426,-0.04836805909872055,-0.38609179854393005,-0.016928819939494133,-0.40302062034606934,-0.0031804144382476807,0.01740732230246067,-0.36926600337028503,0.006092562805861235,-0.3631734549999237,-0.029446925967931747,-0.018182259052991867,0.011911844834685326,-0.0063637904822826385,0.005548054352402687,-0.03991708159446716,-0.020379506051540375,-0.09250818192958832,-0.007132826838642359,-0.09964101016521454,0.04526809975504875,0.050501689314842224,-0.08839782327413559,0.01767559163272381,-0.07072222977876663,-0.02430722303688526,-0.013065796345472336,0.12830016016960144,-0.004573028534650803,0.12372712790966034,-0.053566981106996536,-0.03745129704475403,0.4512920677661896,-0.01310795359313488,0.43818411231040955
10.98,0.0,0.075,0.0,0.010312994346674648,0.0877032818195328,0.1156544737042493,-0.03401391953229904,0.44897912070155144,0.0,0.0,0.0,0.9056931734085083,0.044839076697826385,0.8989212512969971,0.019387492910027504,0.0360846146941185,-0.1902545690536499,0.012629615142941475,-0.17762495577335358,-0.025754641741514206,-0.018236983567476273,-0.24342875182628632,-0.0063829440623521805,-0.24981169402599335,0.07619452476501465,0.06791503727436066,-0.30610957741737366,0.02377026341855526,-0.28233930468559265,-0.03559700772166252,-0.043380651623010635,-0.3587360978126526,-0.015183228068053722,-0.3739193379878998,-0.036314114928245544,-0.04475187510251999,-0.38488495349884033,-0.015663156285881996,-0.4005481004714966,0.0030847303569316864,0.01311054453253746,-0.3763957917690277,0.004588690586388111,-0.3718070983886719,-0.023181505501270294,-0.019682032987475395,0.03033575415611267,-0.006888711359351873,0.02344704233109951,-0.04378756508231163,-0.02740192413330078,-0.07332344353199005,-0.009590673260390759,-0.08291411399841309,0.04994286596775055,0.05033404380083084,-0.08743514865636826,0.017616914585232735,-0.06981823593378067,-0.01801869459450245,-0.014551665633916855,0.11008822917938232,-0.005093082785606384,0.10499514639377594,-0.06986233592033386,-0.0471746101975441,0.43192583322525024,-0.016511112451553345,0.4154147207736969
11.0,0.0,0.075,0.0,0.017870242539160374,0.09217696797811376,0.1608667079508971,-0.012882604263722897,0.48067609360441566,0.0,0.0,0.0,0.8790714740753174,0.0462011881172657,0.870387852191925,0.011641832068562508,0.028751779347658157,-0.18089066445827484,0.01006312295794487,-0.17082753777503967,-0.036302659660577774,-0.023656686767935753,-0.2290772646665573,-0.008279840461909771,-0.23735710978507996,0.0751485601067543,0.07008509337902069,-0.29124924540519714,0.02452978305518627,-0.2667194604873657,-0.03505245968699455,-0.04088219255208969,-0.34800440073013306,-0.014308767393231392,-0.3623131811618805,-0.02231721580028534,-0.038021478801965714,-0.3816309869289398,-0.013307517394423485,-0.39493849873542786,0.0039933472871780396,0.01037538517266512,-0.38163504004478455,0.0036313848104327917,-0.37800365686416626,-0.02507009729743004,-0.021298453211784363,0.047512006014585495,-0.007454458624124527,0.04005754739046097,-0.050073765218257904,-0.03420347720384598,-0.05321647599339485,-0.011971216648817062,-0.06518769264221191,0.04877270385622978,0.049865640699863434,-0.08429288119077682,0.017452973872423172,-0.06683990359306335,-0.023780999705195427,-0.01732046529650688,0.0931565910577774,-0.006062162574380636,0.08709442615509033,-0.08690179884433746,-0.05909276753664017,0.41167378425598145,-0.02068246901035309,0.39099133014678955
11.02,0.0,0.075,0.0,0.03129059790751406,0.09689069918816101,0.23369993946844905,0.008557064458727837,0.5128355966880918,0.008984917681664227,0.0,0.008984917681664227,0.8589937686920166,0.04805675894021988,0.8552881479263306,0.007664393167942762,0.022425564005970955,-0.2104874700307846,0.007848947308957577,-0.20263852179050446,-0.04451506584882736,-0.02991420030593872,-0.2700388431549072,-0.010469970293343067,-0.280508816242218,0.071782186627388,0.07059422135353088,-0.3307926058769226,0.02470797672867775,-0.30608463287353516,-0.03204017132520676,-0.03822958469390869,-0.37378913164138794,-0.013380354270339012,-0.3871694803237915,-0.0244185421615839,-0.033940598368644714,-0.38561034202575684,-0.01187920942902565,-0.3974895477294922,0.004705946892499924,0.008674553595483303,-0.3625671863555908,0.0030360936652868986,-0.35953110456466675,-0.029538560658693314,-0.023770485073328018,0.09934528917074203,-0.008319669403135777,0.09102562069892883,-0.04824104160070419,-0.03841474652290344,0.19806495308876038,-0.013445161283016205,0.18461978435516357,0.045246709138154984,0.04847995936870575,0.1177990511059761,0.016967985779047012,0.13476704061031342,-0.014583801850676537,-0.016499465331435204,0.046093348413705826,-0.005774812772870064,0.04031853377819061,-0.10061635076999664,-0.07154984772205353,0.16202345490455627,-0.025042446330189705,0.13698101043701172
11.040000000000001,0.0,0.075,0.0,0.0436672413971049,0.1007834027613368,0.30413256547850526,0.14948596060276031,0.7242289409041405,0.1569602586328983,0.0,0.1569602586328983,0.8501384258270264,0.056458327919244766,0.848011314868927,0.01666863076388836,0.020698484033346176,-0.19852861762046814,0.007244469132274389,-0.1912841498851776,-0.08409137278795242,-0.04616735130548477,-0.2548799216747284,-0.0161585733294487,-0.2710385024547577,0.08307284116744995,0.07433781027793884,-0.3171643018722534,0.026018233969807625,-0.29114606976509094,-0.07422207295894623,-0.04902733117341995,-0.36594444513320923,-0.017159566283226013,-0.38310402631759644,-0.055831220000982285,-0.040507785975933075,-0.3859974145889282,-0.014177724719047546,-0.40017515420913696,0.02355390042066574,0.013138357549905777,-0.3710651993751526,0.004598425235599279,-0.366466760635376,-0.10131654888391495,-0.04703430458903313,0.08853752911090851,-0.01646200567483902,0.07207552343606949,-0.07667245715856552,-0.049892060458660126,0.20883165299892426,-0.017462220042943954,0.19136942923069,0.02722393535077572,0.042103152722120285,0.13948678970336914,0.014736102893948555,0.15422289073467255,-0.053971417248249054,-0.027741052210330963,0.05724256858229637,-0.009709368459880352,0.047533199191093445,-0.10125289857387543,-0.08046076446771622,0.15160223841667175,-0.028161266818642616,0.12344097346067429
11.06,0.0,0.075,0.0,0.05776919397086752,0.10489059568316846,0.37212633556640995,0.1258668750524521,0.6888003125786781,0.13216021880507467,0.0,0.13216021880507467,0.8405541181564331,0.061086349189281464,0.842817485332489,-0.0541062094271183,-0.0017429245635867119,-0.18795974552631378,-0.0006100235623307526,-0.18856976926326752,-0.03884482756257057,-0.04397059604525566,-0.24007165431976318,-0.015389708802103996,-0.25546136498451233,0.0438694953918457,0.06519731879234314,-0.30273786187171936,0.02281906083226204,-0.2799187898635864,-0.025400910526514053,-0.04193940758705139,-0.3564019799232483,-0.014678792096674442,-0.37108078598976135,-0.11146663129329681,-0.0617954395711422,-0.3843168318271637,-0.021628404036164284,-0.4059452414512634,-0.03489253669977188,-0.0012709107249975204,-0.3777709901332855,-0.00044481875374913216,-0.37821581959724426,-0.054901015013456345,-0.04939431697130203,0.07588900625705719,-0.01728801056742668,0.05860099568963051,-0.12545697391033173,-0.07256153225898743,0.2176453024148941,-0.02539653517305851,0.19224876165390015,0.007133109960705042,0.03161213919520378,0.16104169189929962,0.011064248159527779,0.17210593819618225,-0.03587891161441803,-0.030182410031557083,0.07021060585975647,-0.010563842952251434,0.059646762907505035,-0.12988728284835815,-0.0952887237071991,0.14315181970596313,-0.033351052552461624,0.10980077087879181
11.08,0.0,0.075,0.0,0.06695221601941519,0.1071718308018225,0.4184104551027102,0.11147917062044144,0.6672187559306622,0.1170531291514635,0.0,0.1170531291514635,0.8304261565208435,0.06467413157224655,0.8331984281539917,0.02849949337542057,0.0073298015631735325,-0.17897579073905945,0.0025654304772615433,-0.17641036212444305,-0.07319296151399612,-0.05273730680346489,-0.22588713467121124,-0.018458057194948196,-0.24434518814086914,0.07579349726438522,0.06837616860866547,-0.28777942061424255,0.023931657895445824,-0.2638477683067322,0.0017452894244343042,-0.028833996504545212,-0.3453376889228821,-0.010091898962855339,-0.35542958974838257,-0.09173932671546936,-0.07077860832214355,-0.38059961795806885,-0.024772511795163155,-0.40537214279174805,-0.02519320324063301,-0.008447598665952682,-0.3825608789920807,-0.002956659533083439,-0.38551753759384155,-0.10020396113395691,-0.0646372139453888,0.06152861565351486,-0.022623024880886078,0.038905590772628784,-0.10910926759243011,-0.08352585136890411,0.22441606223583221,-0.02923404797911644,0.19518201053142548,0.03905091434717178,0.03384377062320709,0.18224407732486725,0.011845319531857967,0.1940893977880478,0.007519466802477837,-0.018871845677495003,0.08486530184745789,-0.006605145987123251,0.0782601535320282,-0.07703181356191635,-0.08981165289878845,0.13675831258296967,-0.0314340777695179,0.10532423853874207
11.1,0.0,0.075,0.0,0.07861698860235469,0.10896755733776144,0.4744772035708375,0.155610129237175,0.7334151938557625,0.16339063569903373,0.0,0.16339063569903373,0.8199833035469055,0.07171807438135147,0.8239421248435974,-0.032167039811611176,-0.004519251175224781,-0.17174240946769714,-0.001581737888045609,-0.17332415282726288,-0.09911968559026718,-0.06665202230215073,-0.21258799731731415,-0.023328207433223724,-0.23591619729995728,0.06688342988491058,0.06792834401130676,-0.2725648283958435,0.023774920031428337,-0.24878990650177002,-0.03970540314912796,-0.03209541738033295,-0.3329557180404663,-0.011233395896852016,-0.3441891074180603,-0.05923839658498764,-0.06731654703617096,-0.3749143183231354,-0.023560790345072746,-0.39847511053085327,-0.014263508841395378,-0.010192371904850006,-0.38534650206565857,-0.0035673300735652447,-0.3889138400554657,-0.07722758501768112,-0.06841433048248291,0.045602697879076004,-0.02394501492381096,0.021657682955265045,-0.1478857547044754,-0.1028338223695755,0.22907495498657227,-0.035991836339235306,0.19308312237262726,0.048864468932151794,0.038349978625774384,0.20287790894508362,0.01342249196022749,0.21630039811134338,-0.026635941118001938,-0.02120107412338257,0.10105733573436737,-0.007420375943183899,0.09363695979118347,-0.12492746114730835,-0.1003463938832283,0.13248687982559204,-0.035121235996484756,0.09736564755439758
11.120000000000001,0.0,0.075,0.0,0.08960553409126125,0.1086120670255062,0.5205053437115424,0.1318914145231247,0.697837121784687,0.1384859852492809,0.0,0.1384859852492809,0.8094971776008606,0.07375282049179077,0.8204434514045715,-0.006584405433386564,-0.00513879768550396,-0.16639305651187897,-0.0017985791200771928,-0.16819164156913757,-0.07477686554193497,-0.06908947229385376,-0.20041953027248383,-0.024181315675377846,-0.22460085153579712,0.05154510214924812,0.06301337480545044,-0.25737470388412476,0.022054681554436684,-0.23532001674175262,-0.0505632720887661,-0.03763577342033386,-0.3194843530654907,-0.013172520324587822,-0.3326568603515625,-0.14816470444202423,-0.09157098829746246,-0.3673657774925232,-0.03204984590411186,-0.39941561222076416,-0.030284732580184937,-0.016220081597566605,-0.3860764801502228,-0.005677028559148312,-0.39175349473953247,-0.054069239646196365,-0.06411080062389374,0.02827354706823826,-0.02243877947330475,0.00583476759493351,-0.09821706265211105,-0.10144878923892975,0.23157449066638947,-0.03550707548856735,0.1960674226284027,0.011969159357249737,0.030435731634497643,0.22273290157318115,0.010652505792677402,0.23338541388511658,0.02080855704843998,-0.00859818421304226,0.11862168461084366,-0.0030093644745647907,0.11561232060194016,-0.10195298492908478,-0.10082836449146271,0.1303810328245163,-0.03528992831707001,0.09509110450744629
11.14,0.0,0.075,0.0,0.0968172698059896,0.10756274278358219,0.5437405731073692,0.09776634722948074,0.6466495208442211,0.10265466459095478,0.0,0.10265466459095478,0.7992790937423706,0.07043784111738205,0.8028775453567505,-0.007125741336494684,-0.005734880454838276,-0.163026362657547,-0.002007208066061139,-0.16503356397151947,-0.06031220406293869,-0.06645629554986954,-0.18960615992546082,-0.023259703069925308,-0.21286585927009583,0.05568079277873039,0.060813602060079575,-0.24248920381069183,0.021284760907292366,-0.22120444476604462,0.03926044702529907,-0.014566905796527863,-0.3051721155643463,-0.005098416935652494,-0.3102705180644989,0.0020000413060188293,-0.06349968165159225,-0.3580932319164276,-0.02222488820552826,-0.3803181052207947,-0.0008886018767952919,-0.011620637960731983,-0.3847373425960541,-0.0040672230534255505,-0.38880455493927,-0.13258478045463562,-0.08465299010276794,0.009717750363051891,-0.02962854690849781,-0.019910797476768494,-0.12299361824989319,-0.10791224241256714,0.23188920319080353,-0.03776928409934044,0.1941199153661728,0.059404488652944565,0.039126358926296234,0.2416067272424698,0.013694225810468197,0.25530093908309937,-0.018931280821561813,-0.01169811375439167,0.13737936317920685,-0.004094339907169342,0.1332850158214569,-0.053331732749938965,-0.08657937496900558,0.13046224415302277,-0.030302781611680984,0.10015946626663208
11.16,0.0,0.075,0.0,0.10501060100917443,0.10479676829064372,0.5761374357843385,0.11506444215774536,0.672596663236618,0.12081766426563262,0.0,0.12081766426563262,0.7896743416786194,0.0640135332942009,0.8021658062934875,-0.07841221988201141,-0.027538083493709564,-0.1617044359445572,-0.009638329036533833,-0.17134276032447815,-0.06872855126857758,-0.06713797152042389,-0.18034732341766357,-0.0234982892870903,-0.20384562015533447,0.023485813289880753,0.04961526766419411,-0.22818289697170258,0.017365343868732452,-0.21081754565238953,-0.07813838124275208,-0.033638350665569305,-0.2902829349040985,-0.011773422360420227,-0.30205637216567993,-0.07229357212781906,-0.06613785028457642,-0.3472677171230316,-0.023148247972130775,-0.37041595578193665,-0.006703413091599941,-0.01014547049999237,-0.38135382533073425,-0.0035509145818650723,-0.38490474224090576,-0.006621262989938259,-0.06124347448348999,-0.00987559650093317,-0.021435216069221497,-0.03131081163883209,-0.030789680778980255,-0.08477547019720078,0.23001588881015778,-0.02967141382396221,0.20034447312355042,0.03888009488582611,0.03905247896909714,0.25930705666542053,0.013668367639183998,0.2729754149913788,0.04969472438097,0.006719738245010376,0.15713922679424286,0.0023519082460552454,0.1594911366701126,-0.08870421350002289,-0.0872168242931366,0.1327296793460846,-0.03052588738501072,0.10220379382371902
11.18,0.0,0.075,0.0,0.1105887994036676,0.10214085031536226,0.5921998717976557,0.0834309533238411,0.6251464299857616,0.08760250099003314,0.0,0.08760250099003314,0.781053364276886,0.05870775133371353,0.793600857257843,-0.05064447596669197,-0.03446999937295914,-0.16245165467262268,-0.012064499780535698,-0.17451615631580353,-0.04109102487564087,-0.059323884546756744,-0.1728138029575348,-0.02076335996389389,-0.19357717037200928,0.0012146327644586563,0.03509507700800896,-0.21471962332725525,0.01228327676653862,-0.20243634283542633,-0.04172441363334656,-0.03606417030096054,-0.2750914394855499,-0.012622459791600704,-0.287713885307312,-0.06983350962400436,-0.06724654883146286,-0.3350888788700104,-0.02353629097342491,-0.3586251735687256,0.038947295397520065,0.004582359455525875,-0.37598830461502075,0.0016038258327171206,-0.37438449263572693,-0.03517613187432289,-0.05342327058315277,-0.030306827276945114,-0.01869814470410347,-0.049004971981048584,-0.0487055778503418,-0.0739545002579689,0.22597363591194153,-0.025884075090289116,0.20008955895900726,0.015588213689625263,0.03201320022344589,0.2756534814834595,0.011204619891941547,0.28685811161994934,0.020092060789465904,0.01073143444955349,0.17769992351531982,0.0037560020573437214,0.18145592510700226,-0.07316672801971436,-0.08300179243087769,0.13716024160385132,-0.02905062772333622,0.10810961574316025
11.200000000000001,0.0,0.075,0.0,0.11316894237960128,0.09981447925987942,0.5917476259460616,0.07089229673147202,0.606338445097208,0.0744369115680456,0.0,0.0744369115680456,0.7737987041473389,0.05988502502441406,0.7843930721282959,-0.08307558298110962,-0.0490516759455204,-0.16525423526763916,-0.017168086022138596,-0.18242232501506805,-0.05195776745676994,-0.057114049792289734,-0.1671445071697235,-0.019989917054772377,-0.18713442981243134,0.045659683644771576,0.03826446086168289,-0.20234769582748413,0.013392561115324497,-0.1889551281929016,0.01910506561398506,-0.01951340027153492,-0.2598778307437897,-0.006829690188169479,-0.26670750975608826,-0.015540685504674911,-0.05173478648066521,-0.32178130745887756,-0.018107175827026367,-0.33988848328590393,0.00630607083439827,0.005099473055452108,-0.3687397241592407,0.001784815569408238,-0.3669549226760864,-0.11429118365049362,-0.07168364524841309,-0.05136774107813835,-0.02508927509188652,-0.07645701617002487,-0.1045420691370964,-0.08313077688217163,0.21980364620685577,-0.02909577079117298,0.19070787727832794,0.073117695748806,0.04434455186128616,0.29047948122024536,0.015520593151450157,0.30600008368492126,-0.014684525318443775,0.003106646239757538,0.19885189831256866,0.0010873262071982026,0.19993922114372253,-0.04283979907631874,-0.07095319777727127,0.14370878040790558,-0.024833619594573975,0.1188751608133316
11.22,0.0,0.075,0.0,0.11518018349167715,0.09774301528069629,0.5867105037541913,0.09255993366241455,0.6388399004936218,0.09718793034553527,0.0,0.09718793034553527,0.7682889103889465,0.05681748688220978,0.7823596596717834,-0.06365349888801575,-0.053432222455739975,-0.17006050050258636,-0.018701277673244476,-0.18876177072525024,-0.046542759984731674,-0.053942661732435226,-0.16344404220581055,-0.018879931420087814,-0.18232397735118866,0.008145945146679878,0.029228905215859413,-0.1912953108549118,0.010230116546154022,-0.18106520175933838,-0.05863151326775551,-0.03124883584678173,-0.2449226826429367,-0.010937092825770378,-0.25585976243019104,-0.07394014298915863,-0.05839639529585838,-0.307590514421463,-0.02043873816728592,-0.32802924513816833,0.04985002800822258,0.018524641171097755,-0.35974183678627014,0.0064836242236196995,-0.3532582223415375,-0.028502672910690308,-0.058729350566864014,-0.07284370809793472,-0.020555272698402405,-0.09339898079633713,-0.045582786202430725,-0.07186637818813324,0.21156875789165497,-0.025153232738375664,0.18641552329063416,0.040806032717227936,0.043282996863126755,0.3036339581012726,0.015149048529565334,0.3187830150127411,0.039481356739997864,0.01401905994862318,0.22037963569164276,0.004906671121716499,0.2252863049507141,-0.053533416241407394,-0.06572726368904114,0.15230855345726013,-0.02300454117357731,0.12930400669574738
11.24,0.0,0.075,0.0,0.11558420398322272,0.09574652913423333,0.5721277578520176,0.06796423345804214,0.6019463501870632,0.07136244513094425,0.0,0.07136244513094425,0.7648787498474121,0.058046191930770874,0.7811357975006104,-0.09295794367790222,-0.0652899369597435,-0.1767817884683609,-0.022851478308439255,-0.19963327050209045,-0.0505368635058403,-0.05292092263698578,-0.16178062558174133,-0.018522322177886963,-0.1803029477596283,0.017345795407891273,0.02566397190093994,-0.1817663013935089,0.00898239016532898,-0.17278391122817993,-0.0196576789021492,-0.027771489694714546,-0.23050183057785034,-0.009720020927488804,-0.24022185802459717,-0.04827554523944855,-0.05536013841629028,-0.2927781641483307,-0.01937604881823063,-0.31215420365333557,0.021403606981039047,0.019388331100344658,-0.3491605222225189,0.006785915698856115,-0.3423745930194855,-0.07099062204360962,-0.062407732009887695,-0.09451588988304138,-0.021842705085873604,-0.11635859310626984,-0.07964349538087845,-0.07419951260089874,0.20135293900966644,-0.02596982941031456,0.17538310587406158,0.059666361659765244,0.04819800704717636,0.3149828016757965,0.016869302839040756,0.33185210824012756,0.015460385009646416,0.014451458118855953,0.2420637309551239,0.00505801010876894,0.24712173640727997,-0.04771265387535095,-0.06032288074493408,0.16287192702293396,-0.02111300826072693,0.14175891876220703
11.26,0.0,0.075,0.0,0.11552521811501204,0.09351310535902452,0.5539097404747361,0.06973337382078171,0.6046000607311726,0.0732200425118208,0.0,0.0732200425118208,0.7638781666755676,0.05722383037209511,0.7829786539077759,-0.07868600636720657,-0.06930875778198242,-0.18529413640499115,-0.024258064106106758,-0.20955219864845276,-0.041910283267498016,-0.04961773008108139,-0.1621849536895752,-0.017366204410791397,-0.1795511543750763,-0.0014618858695030212,0.017526214942336082,-0.17393642663955688,0.006134175229817629,-0.16780224442481995,-0.018163098022341728,-0.02488897182047367,-0.21688124537467957,-0.008711139671504498,-0.22559238970279694,-0.057329241186380386,-0.05595087260007858,-0.277617484331131,-0.019582804292440414,-0.2972002923488617,0.022610679268836975,0.02035503461956978,-0.33719098567962646,0.0071242619305849075,-0.3300667107105255,-0.05746893212199211,-0.06092609092593193,-0.11616343259811401,-0.02132413163781166,-0.13748756051063538,-0.06733793020248413,-0.07214103639125824,0.18926025927066803,-0.025249361991882324,0.1640108972787857,0.061496056616306305,0.05218742415308952,0.32441043853759766,0.01826559752225876,0.342676043510437,0.028044668957591057,0.01852942258119583,0.2636832296848297,0.0064852978102862835,0.2701685130596161,-0.042151980102062225,-0.054871611297130585,0.1752912700176239,-0.019205063581466675,0.15608620643615723
11.28,0.0,0.075,0.0,0.11478530160122126,0.09102941679780423,0.5339898955487922,0.07679479569196701,0.6151921935379505,0.08063453547656535,0.0,0.08063453547656535,0.7655310034751892,0.05766669288277626,0.7904001474380493,-0.07485473901033401,-0.07097254693508148,-0.19544054567813873,-0.02484039030969143,-0.22028093039989471,-0.04052306339144707,-0.046889327466487885,-0.16464956104755402,-0.01641126349568367,-0.1810608208179474,0.027357973158359528,0.02047574147582054,-0.1679501086473465,0.0071665095165371895,-0.16078360378742218,-0.09574525058269501,-0.046145856380462646,-0.20431214570999146,-0.016151050105690956,-0.22046320140361786,-0.055495452135801315,-0.055814243853092194,-0.26238808035850525,-0.019534984603524208,-0.2819230556488037,0.029522094875574112,0.02310515195131302,-0.3240540027618408,0.008086803369224072,-0.3159672021865845,-0.02742406353354454,-0.05087548494338989,-0.1375657320022583,-0.017806420102715492,-0.15537215769290924,-0.034200213849544525,-0.060758788138628006,0.17541395127773285,-0.021265575662255287,0.15414837002754211,0.06773708760738373,0.056852322071790695,0.3318207561969757,0.0198983121663332,0.35171908140182495,0.08105037361383438,0.037285707890987396,0.28501781821250916,0.013049997389316559,0.2980678081512451,-0.048685479909181595,-0.05301577225327492,0.18943999707698822,-0.018555520102381706,0.17088447511196136
11.3,0.0,0.075,0.0,0.11398251665681063,0.08812045134282416,0.5106661086257583,0.052978336811065674,0.5794675052165985,0.055627253651618955,0.0,0.055627253651618955,0.7699969410896301,0.05660582333803177,0.7967202067375183,-0.03991317376494408,-0.06165473163127899,-0.2070339024066925,-0.021579155698418617,-0.22861306369304657,-0.048996224999427795,-0.04752139374613762,-0.16912899911403656,-0.01663248799741268,-0.1857614815235138,0.0024057822301983833,0.015054753981530666,-0.16391772031784058,0.005269163753837347,-0.1586485505104065,-0.055422067642211914,-0.048928722739219666,-0.1930263489484787,-0.017125053331255913,-0.21015140414237976,-0.05055607482790947,-0.05423679202795029,-0.2473708540201187,-0.01898287609219551,-0.2663537263870239,0.04206646978855133,0.028793547302484512,-0.3099918067455292,0.010077740997076035,-0.29991406202316284,-0.03762718662619591,-0.04690099507570267,-0.1585046797990799,-0.016415348276495934,-0.17492002248764038,-0.03556171804666519,-0.05319966748356819,0.15995512902736664,-0.018619883805513382,0.14133524894714355,0.07656373083591461,0.06276574730873108,0.33713826537132263,0.021968010812997818,0.35910627245903015,0.06161327660083771,0.04458397626876831,0.305850088596344,0.015604391694068909,0.3214544653892517,-0.051058683544397354,-0.05242864787578583,0.20517393946647644,-0.01835002563893795,0.18682391941547394
11.32,0.0,0.075,0.0,0.11333171900159646,0.08543517043270756,0.4886055026639351,0.05136477202177048,0.5770471580326557,0.053933010622859,0.0,0.053933010622859,0.7773383259773254,0.05690827593207359,0.8056209087371826,-0.0244311410933733,-0.05048765242099762,-0.21986034512519836,-0.017670677974820137,-0.23753102123737335,-0.059126436710357666,-0.05100290849804878,-0.17554065585136414,-0.01785101741552353,-0.19339168071746826,-0.009306211024522781,0.007746464107185602,-0.16191366314888,0.002711262321099639,-0.15920239686965942,-0.08107790350914001,-0.05857347697019577,-0.18323199450969696,-0.02050071582198143,-0.2037327140569687,-0.054758574813604355,-0.05439332500100136,-0.23284277319908142,-0.01903766393661499,-0.2518804371356964,0.05870581790804863,0.03776722773909569,-0.29526379704475403,0.013218529522418976,-0.28204527497291565,-0.01306129340082407,-0.036749083548784256,-0.17876692116260529,-0.012862179428339005,-0.191629096865654,-0.01509680412709713,-0.04176880791783333,0.14304132759571075,-0.01461908221244812,0.12842224538326263,0.08022994548082352,0.06800501048564911,0.3403087258338928,0.023801753297448158,0.36411046981811523,0.06774375587701797,0.05153191089630127,0.3259677290916443,0.018036168068647385,0.3440038859844208,-0.06132237985730171,-0.05509676784276962,0.22233277559280396,-0.019283868372440338,0.2030489146709442
11.34,0.0,0.075,0.0,0.11196518950217225,0.08195161260593324,0.46183706229645516,0.03709322214126587,0.5556398332118988,0.03894788324832916,0.0,0.03894788324832916,0.7875141501426697,0.05924796685576439,0.8168439865112305,-0.024975990876555443,-0.04283415526151657,-0.23368333280086517,-0.01499195396900177,-0.24867528676986694,-0.06336738169193268,-0.05471225082874298,-0.18376626074314117,-0.019149286672472954,-0.20291554927825928,-0.007214883342385292,0.003258059499785304,-0.16197489202022552,0.0011403207900002599,-0.16083456575870514,-0.0968744233250618,-0.0700637623667717,-0.17510974407196045,-0.024522315710783005,-0.19963206350803375,-0.05836349353194237,-0.0555843785405159,-0.21907177567481995,-0.019454531371593475,-0.23852631449699402,0.06186416372656822,0.04499630630016327,-0.2801416218280792,0.015748707577586174,-0.2643929123878479,-0.00678208377212286,-0.02775898389518261,-0.19814597070217133,-0.009715644642710686,-0.20786161720752716,-0.013103753328323364,-0.03316929191350937,0.12484489381313324,-0.011609251610934734,0.11323564499616623,0.07805244624614716,0.0710192397236824,0.3412998914718628,0.02485673315823078,0.3661566376686096,0.070125512778759,0.05710998922586441,0.3451657295227051,0.019988495856523514,0.3651542365550995,-0.0719294399023056,-0.06014657020568848,0.24074162542819977,-0.021051298826932907,0.21969032287597656
11.36,0.0,0.075,0.0,0.10993694997508434,0.07813063278332331,0.43059929716762974,0.02523471973836422,0.5378520796075463,0.02649645572528243,0.0,0.02649645572528243,0.8003823161125183,0.059416644275188446,0.828663170337677,-0.027683285996317863,-0.038288895040750504,-0.2482479065656662,-0.013401113450527191,-0.2616490125656128,-0.04496404528617859,-0.051787786185741425,-0.1936541050672531,-0.01812572404742241,-0.21177983283996582,-0.019990410655736923,-0.0037164820823818445,-0.1641002893447876,-0.001300768693909049,-0.16540105640888214,-0.09228397905826569,-0.07672982662916183,-0.16880939900875092,-0.026855438947677612,-0.19566483795642853,-0.0747314840555191,-0.06132850795984268,-0.20631186664104462,-0.02146497741341591,-0.22777684032917023,0.06264863908290863,0.050292007625103,-0.2649041712284088,0.01760220155119896,-0.24730196595191956,0.01687437668442726,-0.014368975535035133,-0.21644432842731476,-0.005029141437262297,-0.22147347033023834,-0.004644624888896942,-0.02461189031600952,0.10555126518011093,-0.008614161051809788,0.09693710505962372,0.06711766868829727,0.06984876841306686,0.3401016294956207,0.024447068572044373,0.3645486831665039,0.050420381128787994,0.055103108286857605,0.3632484972476959,0.019286086782813072,0.38253459334373474,-0.06383390724658966,-0.06125277280807495,0.26021289825439453,-0.021438470110297203,0.23877443373203278
11.38,0.0,0.075,0.0,0.10745719122797302,0.0743811021620369,0.3963658302595112,0.02373620681464672,0.5356043102219701,0.024923017155379056,0.0,0.024923017155379056,0.8157080411911011,0.06085333973169327,0.8434464931488037,-0.02411671169102192,-0.03403723984956741,-0.26328545808792114,-0.01191303413361311,-0.27519848942756653,-0.03837277740240097,-0.04776328057050705,-0.20502182841300964,-0.016717147082090378,-0.22173897922039032,-0.013371378183364868,-0.006612950935959816,-0.16825063526630402,-0.0023145328741520643,-0.1705651730298996,-0.11408677697181702,-0.08793690800666809,-0.16444715857505798,-0.03077791817486286,-0.1952250748872757,-0.08326557278633118,-0.06790962815284729,-0.19479838013648987,-0.023768369108438492,-0.21856674551963806,0.06175674870610237,0.05373142659664154,-0.24983248114585876,0.01880599930882454,-0.23102648556232452,0.028986483812332153,-0.0013623377308249474,-0.23347553610801697,-0.00047681821160949767,-0.2339523583650589,0.009345928207039833,-0.01442454382777214,0.08535704761743546,-0.005048590246587992,0.0803084596991539,0.0701087936758995,0.06992677599191666,0.3367261588573456,0.0244743712246418,0.3612005412578583,0.050181880593299866,0.053626738488674164,0.3800317347049713,0.018769357353448868,0.3988010883331299,-0.05537072941660881,-0.05948816239833832,0.28054818511009216,-0.02082085609436035,0.2597273290157318
11.4,0.0,0.075,0.0,0.10380309051436443,0.07064165745669786,0.3592413030091673,0.004350830800831318,0.506526246201247,0.004568372340872883,0.0,0.004568372340872883,0.8331790566444397,0.0633513480424881,0.8606392741203308,-0.016757875680923462,-0.028853431344032288,-0.27851858735084534,-0.010098700411617756,-0.2886172831058502,-0.03950097784399986,-0.045284587889909744,-0.21765977144241333,-0.015849605202674866,-0.2335093766450882,-0.0036182664334774017,-0.0057145459577441216,-0.17434939742088318,-0.0020000911317765713,-0.1763494908809662,-0.12880125641822815,-0.10019621253013611,-0.16210348904132843,-0.03506867215037346,-0.1971721649169922,-0.08100703358650208,-0.0718388482928276,-0.18474365770816803,-0.025143597275018692,-0.20988725125789642,0.07766123116016388,0.06091036647558212,-0.2352045178413391,0.021318627521395683,-0.21388588845729828,0.010615121573209763,0.002230900339782238,-0.24906602501869202,0.0007808150839991868,-0.2482852041721344,0.011551450937986374,-0.006631745025515556,0.06446804106235504,-0.0023211108054965734,0.062146931886672974,0.07921649515628815,0.0727136880159378,0.33120784163475037,0.025449790060520172,0.35665762424468994,0.04431510716676712,0.05083324760198593,0.3953443765640259,0.017791636288166046,0.41313600540161133,-0.0442575104534626,-0.05491896718740463,0.30154022574424744,-0.019221637398004532,0.2823185920715332
11.42,0.0,0.075,0.0,0.09969223658148224,0.06672221104061994,0.32116622942656264,-0.008642399683594704,0.48703640047460794,0.0,0.0,0.0,0.8524237275123596,0.06450159847736359,0.8784769773483276,0.008431974798440933,-0.017667807638645172,-0.29366642236709595,-0.006183732766658068,-0.2998501658439636,-0.04748322442173958,-0.045944176614284515,-0.23133482038974762,-0.01608046144247055,-0.24741527438163757,-0.020351044833660126,-0.010105496272444725,-0.18228407204151154,-0.0035369235556572676,-0.18582099676132202,-0.1085156798362732,-0.10269205272197723,-0.16182158887386322,-0.03594221919775009,-0.19776380062103271,-0.07811961323022842,-0.07372307777404785,-0.17633315920829773,-0.02580307610332966,-0.20213623344898224,0.08369168639183044,0.06774476170539856,-0.22129011154174805,0.023710666224360466,-0.19757944345474243,0.01503088790923357,0.00607089651748538,-0.2630569338798523,0.002124813850969076,-0.2609321177005768,0.02369055338203907,0.0024649444967508316,0.04309710115194321,0.0008627305505797267,0.043959829956293106,0.08378486335277557,0.0760350376367569,0.32360297441482544,0.026612263172864914,0.35021522641181946,0.04303618520498276,0.0484941303730011,0.4090304374694824,0.016972946003079414,0.4260033965110779,-0.04479518160223961,-0.051881831139326096,0.32297515869140625,-0.01815864071249962,0.30481651425361633
11.44,0.0,0.075,0.0,0.09458540061641524,0.06244538501989316,0.28026692328540737,-0.026759492233395576,0.45986076164990664,0.0,0.0,0.0,0.8730297088623047,0.06241671368479729,0.8961913585662842,-0.014635942876338959,-0.016758248209953308,-0.30844953656196594,-0.005865386687219143,-0.31431493163108826,-0.022226108238101006,-0.03882875666022301,-0.24579478800296783,-0.013590064831078053,-0.2593848407268524,-0.0444570891559124,-0.020410973578691483,-0.1919083446264267,-0.007143840659409761,-0.19905218482017517,-0.07176106423139572,-0.09341275691986084,-0.1636066734790802,-0.032694462686777115,-0.19630113244056702,-0.09456348419189453,-0.0799752026796341,-0.16972199082374573,-0.027991320937871933,-0.19771331548690796,0.0645114928483963,0.06677478551864624,-0.20834586024284363,0.023371174931526184,-0.18497468531131744,0.03723633289337158,0.015420528128743172,-0.27530568838119507,0.005397184751927853,-0.26990851759910583,0.01614374853670597,0.006568585522472858,0.02146201767027378,0.0022990049328655005,0.023761022835969925,0.0710797905921936,0.07454846799373627,0.3139890432357788,0.026091963052749634,0.34008100628852844,0.023803668096661568,0.04108699411153793,0.42095041275024414,0.014380447566509247,0.435330867767334,-0.045285601168870926,-0.049902960658073425,0.3446345031261444,-0.01746603660285473,0.32716846466064453
11.46,0.0,0.075,0.0,0.08860108335964396,0.05774048402592711,0.2360038026634473,-0.03555045649409294,0.4466743152588606,0.0,0.0,0.0,0.8945624828338623,0.05988871306180954,0.9149609208106995,-0.03113831952214241,-0.02107226848602295,-0.3225952684879303,-0.007375293876975775,-0.3299705684185028,-0.00802148412913084,-0.02958657592535019,-0.2607729732990265,-0.010355301201343536,-0.27112826704978943,-0.06126320734620094,-0.0326666459441185,-0.20304468274116516,-0.011433325707912445,-0.2144780158996582,-0.057425953447818756,-0.08261671662330627,-0.16742582619190216,-0.028915850445628166,-0.19634167850017548,-0.0933309942483902,-0.0839819386601448,-0.16503210365772247,-0.029393678531050682,-0.1944257766008377,0.05216598883271217,0.06239214539527893,-0.19661051034927368,0.021837251260876656,-0.17477326095104218,0.042017124593257904,0.023399507626891136,-0.28568747639656067,0.00818982720375061,-0.27749764919281006,0.012023093178868294,0.008204937912523746,-0.0002167413040297106,0.0028717282693833113,0.002654986921697855,0.07366663217544556,0.0742839127779007,0.30246397852897644,0.025999369099736214,0.3284633457660675,-0.0005756337195634842,0.028588205575942993,0.4309828579425812,0.010005871765315533,0.4409887194633484,-0.03886641934514046,-0.046591997146606445,0.36629754304885864,-0.016307199373841286,0.3499903380870819
11.48,0.0,0.075,0.0,0.08158428803276023,0.05335427764727304,0.18919795643170634,-0.05860437452793121,0.4120934382081032,0.0,0.0,0.0,0.9165816903114319,0.060142096132040024,0.9366139769554138,-0.010177910327911377,-0.017803961411118507,-0.33584269881248474,-0.006231386214494705,-0.34207409620285034,-0.021248484030365944,-0.02708514779806137,-0.27599310874938965,-0.009479801170527935,-0.28547289967536926,-0.05057184770703316,-0.03803820535540581,-0.21548770368099213,-0.013313371688127518,-0.22880107164382935,-0.072145015001297,-0.07947520911693573,-0.17320860922336578,-0.027816323563456535,-0.20102493464946747,-0.09456348419189453,-0.08715640008449554,-0.16234998404979706,-0.03050473891198635,-0.19285471737384796,0.07396295666694641,0.06586338579654694,-0.18630051612854004,0.023052183911204338,-0.16324833035469055,0.020129423588514328,0.02241848222911358,-0.2940964996814728,0.007846469059586525,-0.2862500250339508,0.021498048678040504,0.012192871421575546,-0.021718256175518036,0.004267504904419184,-0.01745075173676014,0.08387023210525513,0.0771598070859909,0.28914523124694824,0.027005931362509727,0.3161511719226837,0.013701144605875015,0.0241220872849226,0.43902552127838135,0.008442730642855167,0.44746825098991394,-0.024298544973134995,-0.03990396112203598,0.3877435624599457,-0.013966386206448078,0.3737771809101105
11.5,0.0,0.075,0.0,0.07421147507814821,0.04959114923737442,0.14140751497984874,-0.07800151407718658,0.3829977288842201,0.0,0.0,0.0,0.938654363155365,0.06001240015029907,0.9584997892379761,-0.013017179444432259,-0.016367927193641663,-0.3479475677013397,-0.0057287742383778095,-0.35367634892463684,-0.012361212633550167,-0.022667966783046722,-0.2911744713783264,-0.007933788001537323,-0.29910826683044434,-0.05159643664956093,-0.042105674743652344,-0.22900789976119995,-0.01473698578774929,-0.2437448799610138,-0.05439380183815956,-0.07195078581571579,-0.18084834516048431,-0.025182774290442467,-0.20603111386299133,-0.09899044036865234,-0.09070660918951035,-0.16172510385513306,-0.03174731135368347,-0.19347241520881653,0.07187886536121368,0.06766802817583084,-0.1776060163974762,0.023683808743953705,-0.1539222002029419,0.017303554341197014,0.02088400349020958,-0.300447016954422,0.00730940094217658,-0.2931376099586487,0.01467038132250309,0.012936124578118324,-0.042823418974876404,0.004527643322944641,-0.03829577565193176,0.0875215008854866,0.08026831597089767,0.27416855096817017,0.028093909844756126,0.30226245522499084,0.021719491109251976,0.023401308804750443,0.4449964165687561,0.008190457709133625,0.45318686962127686,-0.025568466633558273,-0.03560331463813782,0.4087539613246918,-0.012461160309612751,0.3962928056716919
11.52,0.0,0.075,0.0,0.0626505029962857,0.0447718557053863,0.07151557351494257,-0.0817711353302002,0.3773432970046997,0.0,0.0,0.0,0.9603659510612488,0.06178221106529236,0.9794599413871765,0.0028420775197446346,-0.010604925453662872,-0.35868653655052185,-0.003711723955348134,-0.36239826679229736,-0.005150780081748962,-0.017412809655070305,-0.3060370981693268,-0.006094483193010092,-0.3121315836906433,-0.031166162341833115,-0.038823820650577545,-0.24335592985153198,-0.01358833722770214,-0.2569442689418793,-0.09154641628265381,-0.07782947272062302,-0.19020414352416992,-0.027240315452218056,-0.21744446456432343,-0.10251331329345703,-0.09424861520528793,-0.1631689816713333,-0.03298701345920563,-0.19615599513053894,0.07608620822429657,0.07019348442554474,-0.17068739235401154,0.02456771954894066,-0.14611966907978058,0.03605485334992409,0.025435257703065872,-0.3046743869781494,0.008902340196073055,-0.2957720458507538,0.019144104793667793,0.014798518270254135,-0.06331715732812881,0.005179481115192175,-0.0581376776099205,0.09112107753753662,0.08352414518594742,0.2576865553855896,0.029233450070023537,0.2869200110435486,0.026679234579205513,0.02438468486070633,0.44883474707603455,0.00853463914245367,0.4573693871498108,-0.018707923591136932,-0.03053469769656658,0.4291146695613861,-0.010687144473195076,0.4184275269508362
11.540000000000001,0.0,0.075,0.0,0.05066587340272937,0.04031252651298119,0.0020340190451969184,-0.07598531246185303,0.38602203130722046,0.0,0.0,0.0,0.9813278913497925,0.06234364956617355,0.9970701336860657,0.0200399998575449,-0.0014114477671682835,-0.3678615987300873,-0.0004940067301504314,-0.3683556020259857,0.008686487562954426,-0.009583020582795143,-0.32030683755874634,-0.0033540572039783,-0.32366088032722473,-0.029930680990219116,-0.036155879497528076,-0.2582671344280243,-0.012654557824134827,-0.2709217071533203,-0.08620192855596542,-0.08034121245145798,-0.20110344886779785,-0.028119424358010292,-0.2292228788137436,-0.10566277801990509,-0.09767286479473114,-0.16665500402450562,-0.0341855026781559,-0.20084050297737122,0.03818915784358978,0.06059218570590019,-0.16567222774028778,0.021207265555858612,-0.14446496963500977,0.08466636389493942,0.04320459067821503,-0.30673548579216003,0.015121606178581715,-0.2916138768196106,0.03280704468488693,0.020201075822114944,-0.0829906240105629,0.0070703765377402306,-0.07592024654150009,0.08315861970186234,0.0834144875407219,0.2398672103881836,0.029195070266723633,0.2690622806549072,0.02640252746641636,0.024990037083625793,0.45050138235092163,0.008746513165533543,0.459247887134552,-0.023270312696695328,-0.02835538238286972,0.44861820340156555,-0.009924383834004402,0.4386938214302063
11.56,0.0,0.075,0.0,0.039432445249811376,0.03676585027357282,-0.055931060939528855,-0.11200549453496933,0.331991758197546,0.0,0.0,0.0,1.0011837482452393,0.06294313073158264,1.015629768371582,0.026732711121439934,0.0070317997597157955,-0.3753035068511963,0.0024611297994852066,-0.37284237146377563,-0.008169462904334068,-0.009158953092992306,-0.33372050523757935,-0.0032056334894150496,-0.336926132440567,-0.03146916627883911,-0.03474986553192139,-0.2734665274620056,-0.012162452563643456,-0.2856289744377136,-0.08082474023103714,-0.08048626780509949,-0.2133452445268631,-0.02817019261419773,-0.24151544272899628,-0.09289610385894775,-0.09623983502388,-0.17211885750293732,-0.03368394076824188,-0.2058027982711792,0.06384351849555969,0.06156758964061737,-0.16265302896499634,0.02154865674674511,-0.14110437035560608,0.05249835178256035,0.045992717146873474,-0.3066093325614929,0.016097450628876686,-0.2905118763446808,0.031962327659130096,0.02372945100069046,-0.10164334625005722,0.008305307477712631,-0.09333804249763489,0.0967746451497078,0.08742253482341766,0.22089208662509918,0.030597886070609093,0.2514899671077728,0.021329613402485847,0.023891910910606384,0.44997933506965637,0.008362168446183205,0.458341509103775,-0.013976025395095348,-0.02404157444834709,0.4670657813549042,-0.008414550684392452,0.45865124464035034
11.58,0.0,0.075,0.0,0.028616500219826743,0.03470950937402925,-0.10029212507665648,-0.1214263066649437,0.31786054000258446,0.0,0.0,0.0,1.0196125507354736,0.06518787145614624,1.032742977142334,0.04217784106731415,0.017575612291693687,-0.38087502121925354,0.006151464302092791,-0.37472355365753174,-0.012489127926528454,-0.01015800517052412,-0.34603071212768555,-0.003555301809683442,-0.34958600997924805,-0.019006412476301193,-0.03002682887017727,-0.2886737585067749,-0.010509390383958817,-0.2991831600666046,-0.10951237380504608,-0.08919410407543182,-0.2267037332057953,-0.03121793642640114,-0.25792166590690613,-0.08785301446914673,-0.09372378885746002,-0.17945978045463562,-0.03280332684516907,-0.2122631072998047,0.0829220861196518,0.06797394156455994,-0.16168548166751862,0.023790879175066948,-0.13789460062980652,0.04827510565519333,0.04667743295431137,-0.30429720878601074,0.01633710041642189,-0.28796011209487915,0.03663128614425659,0.0276000015437603,-0.11908523738384247,0.00965999998152256,-0.10942523926496506,0.09878017753362656,0.09082982689142227,0.20095454156398773,0.031790439039468765,0.2327449768781662,0.01501479186117649,0.02122877538204193,0.44727393984794617,0.007430071476846933,0.45470401644706726,-0.00839280616492033,-0.019346943125128746,0.4842694401741028,-0.006771429907530546,0.47749802470207214
11.6,0.0,0.075,0.0,0.018509612802028595,0.033346715516712075,-0.1432326301210045,-0.12475278228521347,0.3128708265721798,0.0,0.0,0.0,1.036331295967102,0.06531115621328354,1.0456606149673462,0.04530839994549751,0.02589545026421547,-0.38447335362434387,0.00906340777873993,-0.37540996074676514,0.005991979502141476,-0.0053130099549889565,-0.3570104241371155,-0.0018595535075291991,-0.3588699698448181,-0.0260029174387455,-0.028819655999541283,-0.30360835790634155,-0.010086879134178162,-0.3136952519416809,-0.08560728281736374,-0.0881180614233017,-0.24093253910541534,-0.030841320753097534,-0.2717738747596741,-0.0912134200334549,-0.09297068417072296,-0.18854238092899323,-0.032539740204811096,-0.22108212113380432,0.05838634446263313,0.06509765982627869,-0.16278743743896484,0.02278418093919754,-0.1400032639503479,0.0759553536772728,0.05546080693602562,-0.2998226583003998,0.019411282613873482,-0.28041136264801025,0.04247564822435379,0.03206269443035126,-0.13513855636119843,0.011221942491829395,-0.1239166110754013,0.08981557935476303,0.0905255526304245,0.18025776743888855,0.031683944165706635,0.21194171905517578,-0.01250268705189228,0.011109337210655212,0.44241270422935486,0.0038882680237293243,0.4463009834289551,-0.004652542062103748,-0.01493862271308899,0.500053882598877,-0.005228518042713404,0.4948253631591797
11.620000000000001,0.0,0.075,0.0,0.011002670951661554,0.03347845324704072,-0.18959952736474536,-0.13992026448249817,0.29011960327625275,0.0,0.0,0.0,1.0510956048965454,0.06358177959918976,1.0576493740081787,0.05255000665783882,0.033891819417476654,-0.3860321640968323,0.011862136423587799,-0.3741700351238251,0.010133136063814163,-0.0006791660562157631,-0.36645710468292236,-0.00023770811094436795,-0.3666948080062866,-0.03753262385725975,-0.03143354505300522,-0.3179948627948761,-0.011001740582287312,-0.32899659872055054,-0.052451834082603455,-0.07741819322109222,-0.2557692527770996,-0.02709636650979519,-0.28286561369895935,-0.09303227066993713,-0.09298916161060333,-0.1991991251707077,-0.032546207308769226,-0.23174533247947693,0.05434398725628853,0.06187155842781067,-0.16593855619430542,0.021655045449733734,-0.1442835032939911,0.06060647591948509,0.05700451135635376,-0.2932312786579132,0.019951578229665756,-0.27327969670295715,0.046446315944194794,0.03637778013944626,-0.14963971078395844,0.01273222267627716,-0.13690748810768127,0.08221592009067535,0.08803266286849976,0.15901267528533936,0.030811430886387825,0.18982410430908203,-0.01750955544412136,0.0025236690416932106,0.43544524908065796,0.0008832841413095593,0.4363285303115845,0.0077038975432515144,-0.00814586691558361,0.5142582058906555,-0.002851053373888135,0.5114071369171143
11.64,0.0,0.075,0.0,0.0011091645892883281,0.03528330462810733,-0.24085764653434114,-0.1609986573457718,0.2585020139813423,0.0,0.0,0.0,1.0637000799179077,0.061257798224687576,1.068892002105713,0.04564735293388367,0.03741847723722458,-0.38552266359329224,0.013096466660499573,-0.37242621183395386,0.005364554934203625,0.0011339503107592463,-0.37419652938842773,0.00039688259130343795,-0.3737996518611908,-0.03541988879442215,-0.03262944892048836,-0.3315679728984833,-0.011420306749641895,-0.3429882824420929,-0.04525427892804146,-0.06776902079582214,-0.2709401845932007,-0.02371915616095066,-0.2946593463420868,-0.08606112003326416,-0.09091074764728546,-0.2112334817647934,-0.03181876242160797,-0.24305224418640137,0.05335797742009163,0.05931748449802399,-0.17108072340488434,0.020761119201779366,-0.15031960606575012,0.04912217706441879,0.05463980883359909,-0.2845902740955353,0.019123932346701622,-0.2654663324356079,0.04304862767457962,0.038379035890102386,-0.1624409407377243,0.01343266200274229,-0.14900827407836914,0.0794590637087822,0.08546058088541031,0.13743574917316437,0.029911203309893608,0.16734695434570312,-0.006409043446183205,-0.00015614484436810017,0.42644253373146057,-5.465069625643082e-05,0.42638787627220154,0.0011406512930989265,-0.005359911359846592,0.5267376899719238,-0.0018759689992293715,0.5248616933822632
11.66,0.0,0.075,0.0,-0.004381527779206239,0.03783133187764574,-0.25920576829068703,-0.1573568731546402,0.2639646902680397,0.0,0.0,0.0,1.0739778280258179,0.06118263676762581,1.0777226686477661,0.05559487268328667,0.042871393263339996,-0.38295429944992065,0.015004987828433514,-0.36794930696487427,0.010248906910419464,0.003868437372148037,-0.3800859749317169,0.0013539530336856842,-0.37873202562332153,-0.01129995658993721,-0.026230599731206894,-0.34407728910446167,-0.009180709719657898,-0.35325801372528076,-0.07560227811336517,-0.0701189935207367,-0.2861655652523041,-0.024541648104786873,-0.3107072114944458,-0.08763505518436432,-0.0899280458688736,-0.22442349791526794,-0.03147481381893158,-0.25589829683303833,0.057280976325273514,0.058706529438495636,-0.17811910808086395,0.020547285676002502,-0.15757182240486145,0.0585796982049942,0.055821776390075684,-0.27398765087127686,0.01953762210905552,-0.2544500231742859,0.0420217290520668,0.03947184234857559,-0.1734117716550827,0.013815145008265972,-0.15959662199020386,0.07708162069320679,0.08294689655303955,0.1157468780875206,0.029031412675976753,0.1447782963514328,-0.009548627771437168,-0.0029738899320364,0.4154963195323944,-0.00104086147621274,0.41445544362068176,0.006362686865031719,-0.0018431318458169699,0.5373651385307312,-0.0006450961227528751,0.5367200374603271
11.68,0.0,0.075,0.0,-0.009871319118429861,0.04137623387330177,-0.27019210245320596,-0.16383564472198486,0.2542465329170227,0.0,0.0,0.0,1.0817984342575073,0.05982431024312973,1.0846556425094604,0.057311225682497025,0.047203343361616135,-0.3783744275569916,0.016521170735359192,-0.3618532419204712,0.010334457270801067,0.005808243528008461,-0.38401681184768677,0.002032885095104575,-0.3819839358329773,-0.0068035852164030075,-0.020402494817972183,-0.3552921414375305,-0.007140873000025749,-0.3624330163002014,-0.07029524445533752,-0.07017187029123306,-0.30116456747055054,-0.024560153484344482,-0.325724720954895,-0.08154146373271942,-0.08741206675767899,-0.2385258674621582,-0.030594222247600555,-0.26912009716033936,0.05559644475579262,0.05777350813150406,-0.18692389130592346,0.02022072672843933,-0.16670316457748413,0.043295666575431824,0.052063945680856705,-0.2615315020084381,0.018222380429506302,-0.2433091253042221,0.04200134426355362,0.04023069515824318,-0.18244042992591858,0.014080743305385113,-0.1683596819639206,0.0707780048251152,0.07929623126983643,0.0941670835018158,0.02775368094444275,0.12192076444625854,-0.006800051778554916,-0.004121738485991955,0.40271812677383423,-0.0014426084235310555,0.40127551555633545,0.007580325938761234,0.0009839056292548776,0.5460323095321655,0.00034436697023920715,0.5463767051696777
11.700000000000001,0.0,0.075,0.0,-0.012465024231345129,0.04509122693322589,-0.27172447997285804,-0.1753033846616745,0.23704492300748825,0.0,0.0,0.0,1.087066888809204,0.05728365480899811,1.0889676809310913,0.05314759910106659,0.04898662120103836,-0.37186747789382935,0.017145317047834396,-0.35472217202186584,0.007966313511133194,0.006455664522945881,-0.385916531085968,0.002259482629597187,-0.3836570382118225,-0.00793926976621151,-0.016663527116179466,-0.36500564217567444,-0.005832234397530556,-0.37083786725997925,-0.0501481294631958,-0.06416474282741547,-0.3156605660915375,-0.022457659244537354,-0.33811822533607483,-0.07711000740528107,-0.08432144671678543,-0.25328052043914795,-0.02951250597834587,-0.2827930152416229,0.046395644545555115,0.054360147565603256,-0.19733268022537231,0.019026052206754684,-0.17830662429332733,0.04323148727416992,0.04941420629620552,-0.24734872579574585,0.017294971272349358,-0.23005375266075134,0.03881780058145523,0.039806827902793884,-0.18943488597869873,0.013932389207184315,-0.1755024939775467,0.06976746022701263,0.07643759995698929,0.07291626185178757,0.02675315923988819,0.09966941922903061,-0.00341049674898386,-0.003908365964889526,0.38823816180229187,-0.0013679281109943986,0.38687023520469666,0.001742958091199398,0.0012116213329136372,0.5526508688926697,0.0004240674606990069,0.5530749559402466
11.72,0.0,0.075,0.0,-0.013243859677353973,0.049122740110205315,-0.26435187324867676,-0.17021657526493073,0.2446751371026039,0.0,0.0,0.0,1.089721918106079,0.05577820912003517,1.090468168258667,0.06539394706487656,0.0539088174700737,-0.363553524017334,0.018868084996938705,-0.344685435295105,0.00884988158941269,0.007173929829150438,-0.3857501149177551,0.0025108754634857178,-0.3832392394542694,0.005125535652041435,-0.010126807726919651,-0.3730386793613434,-0.0035443827509880066,-0.376583069562912,-0.054699547588825226,-0.061325185000896454,-0.3293861746788025,-0.02146381512284279,-0.350849986076355,-0.07889503240585327,-0.08269352465867996,-0.26841533184051514,-0.028942734003067017,-0.29735806584358215,0.047964200377464294,0.05244136601686478,-0.20915350317955017,0.018354477360844612,-0.1907990276813507,0.03847730532288551,0.0461331345140934,-0.2315838783979416,0.016146596521139145,-0.21543727815151215,0.043378494679927826,0.04087832570075989,-0.19432388246059418,0.014307414181530476,-0.18001647293567657,0.06156296283006668,0.0719752088189125,0.052210982888936996,0.025191321969032288,0.07740230858325958,0.0007435735315084457,-0.002512784209102392,0.3722040355205536,-0.0008794744499027729,0.3713245689868927,0.0022293878719210625,0.001516951248049736,0.5571532845497131,0.0005309329135343432,0.5576842427253723
11.74,0.0,0.075,0.0,-0.014553446541265821,0.052576095676458906,-0.2550263946917095,-0.1803368777036667,0.22949468344449997,0.0,0.0,0.0,1.0897328853607178,0.054216157644987106,1.089740514755249,0.06694135814905167,0.05781857669353485,-0.3535858690738678,0.020236501470208168,-0.3333493769168854,0.005901341326534748,0.0067921532317996025,-0.38352060317993164,0.0023772534914314747,-0.38114336133003235,0.013007206842303276,-0.003186603309586644,-0.3792431056499481,-0.0011153111699968576,-0.38035842776298523,-0.04710153490304947,-0.05705809220671654,-0.3420882821083069,-0.019970331341028214,-0.3620586097240448,-0.07511627674102783,-0.0804203525185585,-0.2836511433124542,-0.028147123754024506,-0.3117982745170593,0.04238241910934448,0.04942367970943451,-0.22216834127902985,0.01729828678071499,-0.2048700600862503,0.03978082165122032,0.044227439910173416,-0.214397594332695,0.01547960378229618,-0.19891798496246338,0.04653386026620865,0.042574986815452576,-0.1970575749874115,0.014901245012879372,-0.18215632438659668,0.05924210324883461,0.06815527379512787,0.03226223960518837,0.023854345083236694,0.056116584688425064,0.01875217817723751,0.003866704646497965,0.35477912425994873,0.0013533466262742877,0.35613247752189636,0.00013212766498327255,0.0011015040799975395,0.5594937801361084,0.00038552642217837274,0.5598793029785156
11.76,0.0,0.075,0.0,-0.01435375359378017,0.05596988401657237,-0.2388284213483957,-0.16950657963752747,0.2457401305437088,0.0,0.0,0.0,1.0870983600616455,0.05196579918265343,1.0864732265472412,0.06539899110794067,0.06009270250797272,-0.3421483635902405,0.02103244513273239,-0.3211159110069275,0.002717644674703479,0.005569800268858671,-0.3792691230773926,0.001949430094100535,-0.37731969356536865,0.006866374984383583,-0.00017070979811251163,-0.3835044503211975,-5.974842861178331e-05,-0.38356420397758484,-0.04234949126839638,-0.05264551192522049,-0.3535325825214386,-0.01842592842876911,-0.37195852398872375,-0.07035095989704132,-0.07739953696727753,-0.29870694875717163,-0.027089837938547134,-0.32579678297042847,0.04419006407260895,0.04785359278321266,-0.23613713681697845,0.016748758032917976,-0.21938838064670563,0.022346898913383484,0.03766327723860741,-0.1959650218486786,0.013182146474719048,-0.1827828735113144,0.035335786640644073,0.040403224527835846,-0.1976081281900406,0.014141128398478031,-0.18346700072288513,0.059475377202034,0.06555130332708359,0.013273315504193306,0.022942956537008286,0.03621627390384674,-0.005029842257499695,0.0011977405520156026,0.3361409604549408,0.0004192091873846948,0.3365601599216461,0.00022516120225191116,0.0008386012050323188,0.5596484541893005,0.00029351041303016245,0.5599419474601746
11.78,0.0,0.075,0.0,-0.014084560673494347,0.059566319244963306,-0.22102008235532575,-0.15756632387638092,0.2636505141854286,0.0,0.0,0.0,1.0818428993225098,0.04983557388186455,1.0821785926818848,0.05842970684170723,0.0595938041806221,-0.32945194840431213,0.020857831463217735,-0.30859410762786865,-0.009116677567362785,0.0011638568248599768,-0.37307411432266235,0.0004073498712386936,-0.37266677618026733,0.018987875431776047,0.0055768657475709915,-0.3857441246509552,0.0019519029883667827,-0.3837922215461731,-0.05677420273423195,-0.0538841187953949,-0.363508015871048,-0.018859440460801125,-0.38236746191978455,-0.06567416340112686,-0.07388192415237427,-0.3133050501346588,-0.025858672335743904,-0.33916372060775757,0.05311788246035576,0.04943288117647171,-0.25080227851867676,0.01730150729417801,-0.23350077867507935,-0.0010162154212594032,0.026059428229928017,-0.17647399008274078,0.009120799601078033,-0.16735318303108215,0.026975857093930244,0.0363750159740448,-0.19596993923187256,0.012731255032122135,-0.183238685131073,0.054577793926000595,0.0622592493891716,-0.004562279675155878,0.02179073728621006,0.01722845807671547,0.00434492714703083,0.0021418966352939606,0.31647950410842896,0.0007496637990698218,0.31722918152809143,0.002256990410387516,0.0012641178909689188,0.5576157569885254,0.0004424412618391216,0.5580582022666931
11.8,0.0,0.075,0.0,-0.013033354737237024,0.06312026066912473,-0.19872274975503,-0.1582612246274948,0.2626081630587578,0.0,0.0,0.0,1.074015736579895,0.04866199567914009,1.0744580030441284,0.06102840229868889,0.060024186968803406,-0.3157307803630829,0.021008465439081192,-0.294722318649292,-0.004968081600964069,-0.000675724761094898,-0.365049809217453,-0.00023650366347283125,-0.36528632044792175,0.03182970732450485,0.01345271896570921,-0.38592082262039185,0.004708451684564352,-0.38121238350868225,-0.057730533182621,-0.05503804236650467,-0.3718305826187134,-0.019263314083218575,-0.391093909740448,-0.06392639875411987,-0.07089526951313019,-0.3271762430667877,-0.024813344702124596,-0.35198959708213806,0.0485551618039608,0.04916956275701523,-0.26589325070381165,0.01720934733748436,-0.248683899641037,0.005679484456777573,0.01994544453918934,-0.1561231166124344,0.006980905309319496,-0.14914220571517944,0.023778731003403664,0.032596129924058914,-0.19215966761112213,0.011408645659685135,-0.1807510256767273,0.05467050150036812,0.059982627630233765,-0.02106279321014881,0.020993920043110847,-6.887316703796387e-05,0.006758539006114006,0.0035268894862383604,0.2959951162338257,0.0012344112619757652,0.297229528427124,0.002361913211643696,0.001593456487171352,0.55341637134552,0.0005577097763307393,0.5539740920066833
11.82,0.0,0.075,0.0,-0.011774059845081642,0.06652984299408456,-0.17759753716001944,-0.1484163999557495,0.27737540006637573,0.0,0.0,0.0,1.063688039779663,0.04751402512192726,1.0633224248886108,0.06168582662940025,0.06052267923951149,-0.30123797059059143,0.021182937547564507,-0.28005504608154297,0.0014511023182421923,-3.767662565223873e-05,-0.3553442060947418,-1.3186819160182495e-05,-0.3553573787212372,0.037599921226501465,0.02069688029587269,-0.3840312957763672,0.0072439080104231834,-0.376787394285202,-0.05360957607626915,-0.054609499871730804,-0.3783468008041382,-0.01911332458257675,-0.39746013283729553,-0.06343963742256165,-0.06865858286619186,-0.34006467461586,-0.024030502885580063,-0.36409518122673035,0.039327483624219894,0.0462169423699379,-0.2811317443847656,0.016175929456949234,-0.2649558186531067,0.007767747156322002,0.016292134299874306,-0.13511981070041656,0.0057022469118237495,-0.1294175684452057,0.01851404644548893,0.028371505439281464,-0.18621616065502167,0.009930026717483997,-0.17628613114356995,0.055314309895038605,0.058582134544849396,-0.03606007620692253,0.02050374634563923,-0.015556329861283302,-0.002071995288133621,0.0018472238443791866,0.2748965620994568,0.000646528322249651,0.27554309368133545,-0.004307015798985958,-0.00017668528016656637,0.5470930933952332,-6.183984805829823e-05,0.5470312237739563
11.84,0.0,0.075,0.0,-0.008935115188765896,0.06996293825447576,-0.14867588307015764,-0.13055096566677094,0.3041735514998436,0.0,0.0,0.0,1.0509511232376099,0.04648340493440628,1.0504926443099976,0.060487788170576096,0.06051221489906311,-0.2862407863140106,0.02117927558720112,-0.26506149768829346,0.003168216673657298,0.0009240913786925375,-0.3441363275051117,0.000323431973811239,-0.34381288290023804,0.04358840361237526,0.027564337477087975,-0.38011038303375244,0.009647518396377563,-0.3704628646373749,-0.054867375642061234,-0.05468686297535896,-0.3829364776611328,-0.019140401855111122,-0.4020768702030182,-0.06754433363676071,-0.06832430511713028,-0.35173264145851135,-0.023913506418466568,-0.3756461441516876,0.032901469618082047,0.04222229868173599,-0.29623672366142273,0.014777804724872112,-0.28145891427993774,-0.003954998217523098,0.010217994451522827,-0.11367807537317276,0.0035762980114668608,-0.11010177433490753,0.009446637704968452,0.022694043815135956,-0.17820000648498535,0.007942914962768555,-0.1702570915222168,0.05046232044696808,0.05614618957042694,-0.04940129816532135,0.01965116523206234,-0.02975013293325901,-0.003803929314017296,0.0001518777571618557,0.2533988058567047,5.3157215006649494e-05,0.25345197319984436,-0.004979538731276989,-0.001617541303858161,0.538710355758667,-0.0005661394679918885,0.5381442308425903
11.86,0.0,0.075,0.0,-0.005840700321011009,0.07342131474183453,-0.11672885330234717,-0.12652921676635742,0.31020617485046387,0.0,0.0,0.0,1.0359145402908325,0.04540976136922836,1.0339041948318481,0.06152871623635292,0.0608171671628952,-0.27101582288742065,0.02128600887954235,-0.24972981214523315,0.003994347527623177,0.0018451682990416884,-0.3316328525543213,0.0006458088755607605,-0.33098703622817993,0.0522526390850544,0.03497082740068436,-0.37423041462898254,0.012239789590239525,-0.36199063062667847,-0.04853406921029091,-0.052841026335954666,-0.3855149745941162,-0.01849435828626156,-0.4040093421936035,-0.06050543114542961,-0.06597864627838135,-0.3619649112224579,-0.023092525079846382,-0.3850574493408203,0.023264087736606598,0.036534834653139114,-0.3109295666217804,0.01278719212859869,-0.29814237356185913,0.008949602022767067,0.009837476536631584,-0.09201642870903015,0.0034431167878210545,-0.08857331424951553,0.00485382042825222,0.0173419751226902,-0.16819284856319427,0.006069691386073828,-0.1621231585741043,0.050570301711559296,0.05447342246770859,-0.06095051020383835,0.019065696746110916,-0.04188481345772743,-0.005271616391837597,-0.001475170603953302,0.2317209243774414,-0.0005163096939213574,0.23120461404323578,-0.022204674780368805,-0.00779368169605732,0.5283536314964294,-0.0027277886401861906,0.5256258249282837
11.88,0.0,0.075,0.0,-0.002121003913642906,0.07712459919727883,-0.08293953325156433,-0.11160364747047424,0.33259452879428864,0.0,0.0,0.0,1.0187056064605713,0.04438607767224312,1.0146498680114746,0.06242266669869423,0.06129881739616394,-0.2558439373970032,0.02145458571612835,-0.23438934981822968,-0.004704369232058525,-0.00011969311162829399,-0.31806445121765137,-4.1892588342307135e-05,-0.31810635328292847,0.05622865632176399,0.0413481742143631,-0.3664998412132263,0.014471860602498055,-0.3520279824733734,-0.0449727401137352,-0.05048053711652756,-0.3860347270965576,-0.017668187618255615,-0.40370291471481323,-0.04989532753825188,-0.06115365028381348,-0.3705728054046631,-0.021403776481747627,-0.39197659492492676,0.020961809903383255,0.031862929463386536,-0.3249393105506897,0.011152025312185287,-0.3137872815132141,0.004050451330840588,0.008101369254291058,-0.0703556165099144,0.002835479099303484,-0.0675201341509819,-0.004726802930235863,0.010721341706812382,-0.15629670023918152,0.003752469550818205,-0.15254423022270203,0.050245437771081924,0.05320502445101738,-0.07059001177549362,0.01862175762653351,-0.051968254148960114,-0.011597890406847,-0.00451198685914278,0.21008385717868805,-0.0015791953774169087,0.20850466191768646,-0.03763223811984062,-0.016745248809456825,0.516128420829773,-0.005860837176442146,0.5102675557136536
11.9,0.0,0.075,0.0,0.0024175098242951404,0.08065145291308727,-0.047149710059348905,-0.1049836054444313,0.34252459183335304,0.0,0.0,0.0,0.9994679689407349,0.04387003183364868,0.9936231374740601,0.05273177847266197,0.05872870609164238,-0.24100488424301147,0.020555047318339348,-0.22044983506202698,-0.02325890213251114,-0.007061455864459276,-0.303681343793869,-0.0024715096224099398,-0.3061528503894806,0.06040656939148903,0.04706569015979767,-0.3570612370967865,0.016472991555929184,-0.340588241815567,-0.046476155519485474,-0.04927922040224075,-0.3844861686229706,-0.017247727140784264,-0.4017339050769806,-0.03884594142436981,-0.05446133762598038,-0.3773975372314453,-0.019061468541622162,-0.39645901322364807,0.031198427081108093,0.03166357800364494,-0.33800753951072693,0.011082252487540245,-0.32692527770996094,-0.006713558919727802,0.0036568904761224985,-0.04891636595129967,0.0012799116084352136,-0.047636453062295914,-0.010639339685440063,0.004313137382268906,-0.14263278245925903,0.0015095981070771813,-0.1411231905221939,0.053340476006269455,0.053245656192302704,-0.07822158187627792,0.018635978922247887,-0.05958560109138489,-0.01088015828281641,-0.006422438658773899,0.18870806694030762,-0.002247853437438607,0.1864602118730545,-0.04857392609119415,-0.02629385143518448,0.5021592974662781,-0.009202848188579082,0.4929564595222473
11.92,0.0,0.075,0.0,0.0074000778282714355,0.08373284160550226,-0.007656782865918643,-0.08754999935626984,0.36867500096559525,0.0,0.0,0.0,0.9783617854118347,0.04428901895880699,0.9719794988632202,0.0459652878344059,0.054899681359529495,-0.22677239775657654,0.019214889034628868,-0.20755751430988312,-0.019173292443156242,-0.01069500669836998,-0.28874877095222473,-0.0037432522512972355,-0.2924920320510864,0.07160575687885284,0.05442771315574646,-0.3460886478424072,0.01904969848692417,-0.3270389437675476,-0.05466080084443092,-0.050893694162368774,-0.3808978199958801,-0.01781279221177101,-0.39871060848236084,-0.041910890489816666,-0.05069620534777641,-0.38231325149536133,-0.0177436713129282,-0.400056928396225,0.028072405606508255,0.030586227774620056,-0.3498932421207428,0.010705179534852505,-0.3391880691051483,-0.015414307825267315,-0.002064469503238797,-0.027917152270674706,-0.0007225642912089825,-0.028639717027544975,-0.021164165809750557,-0.0033300539944320917,-0.12734033167362213,-0.0011655188864097,-0.1285058557987213,0.05154082924127579,0.05273420736193657,-0.08376744389533997,0.018456973135471344,-0.06531047075986862,-0.020332716405391693,-0.01059552188962698,0.16781140863895416,-0.003708432661369443,0.1641029715538025,-0.03960687294602394,-0.030287757515907288,0.48658862709999084,-0.010600714944303036,0.47598791122436523
11.94,0.0,0.075,0.0,0.013411152019174257,0.08692742052816815,0.03551378305455977,-0.06381663680076599,0.404275044798851,0.0,0.0,0.0,0.9555640816688538,0.045471690595149994,0.9491425156593323,0.043398667126894,0.051449380815029144,-0.213408961892128,0.01800728216767311,-0.19540168344974518,-0.020460231229662895,-0.013624574057757854,-0.273542195558548,-0.004768600687384605,-0.2783108055591583,0.07853947579860687,0.0616612434387207,-0.3337845206260681,0.021581435576081276,-0.3122030794620514,-0.06045430526137352,-0.05376187711954117,-0.3753358721733093,-0.01881665736436844,-0.39415252208709717,-0.04217945784330368,-0.04814118146896362,-0.3852292597293854,-0.016849413514137268,-0.40207868814468384,0.025204986333847046,0.028971854597330093,-0.3603771924972534,0.010140148922801018,-0.35023704171180725,-0.023905515670776367,-0.008616783656179905,-0.00757197430357337,-0.0030158741865307093,-0.010587848722934723,-0.029757976531982422,-0.01125843171030283,-0.11057517677545547,-0.003940450958907604,-0.11451562494039536,0.04992188885807991,0.05189051479101181,-0.08717108517885208,0.018161680549383163,-0.06900940835475922,-0.023742130026221275,-0.014539504423737526,0.14760680496692657,-0.0050888266414403915,0.14251798391342163,-0.039474718272686005,-0.03304384648799896,0.46957510709762573,-0.011565346270799637,0.4580097496509552
11.96,0.0,0.075,0.0,0.019903113434361887,0.09025217134173562,0.07797359080482942,-0.047115176916122437,0.42932723462581635,0.0,0.0,0.0,0.931269645690918,0.047405365854501724,0.9243250489234924,0.02906147576868534,0.04473300650715828,-0.20116105675697327,0.015656551346182823,-0.1855045109987259,-0.024577785283327103,-0.01691053807735443,-0.25834208726882935,-0.005918688140809536,-0.26426076889038086,0.08777442574501038,0.06949520111083984,-0.3203757107257843,0.024323320016264915,-0.29605239629745483,-0.07462068647146225,-0.06001952290534973,-0.367902934551239,-0.021006831899285316,-0.3889097571372986,-0.029530636966228485,-0.04255801811814308,-0.38609179854393005,-0.014895305968821049,-0.4009871184825897,0.02604861930012703,0.028094884008169174,-0.36926600337028503,0.009833209216594696,-0.35943278670310974,-0.026468642055988312,-0.013972342014312744,0.011911844834685326,-0.004890319425612688,0.0070215254090726376,-0.03509202599525452,-0.018408510833978653,-0.09250818192958832,-0.006442978512495756,-0.09895116090774536,0.050733380019664764,0.051543377339839935,-0.08839782327413559,0.018040182068943977,-0.07035764306783676,-0.02637166529893875,-0.01808915287256241,0.12830016016960144,-0.006331203505396843,0.12196895480155945,-0.052322641015052795,-0.03882748633623123,0.4512920677661896,-0.013589619658887386,0.4377024471759796
11.98,0.0,0.075,0.0,0.027185658199356737,0.09361546718025693,0.12075413700409172,-0.030700426548719406,0.4539493601769209,0.0,0.0,0.0,0.9056931734085083,0.0484931580722332,0.8977142572402954,0.027653051540255547,0.039609018713235855,-0.1902545690536499,0.01386315654963255,-0.17639140784740448,-0.028804058209061623,-0.020478595048189163,-0.24342875182628632,-0.007167508359998465,-0.2505962550640106,0.08700728416442871,0.07474882900714874,-0.30610957741737366,0.02616208977997303,-0.2799474895000458,-0.05651325359940529,-0.05896764248609543,-0.3587360978126526,-0.02063867449760437,-0.37937477231025696,-0.032564643770456314,-0.03956000506877899,-0.38488495349884033,-0.013846001587808132,-0.39873096346855164,0.014955895021557808,0.02415318787097931,-0.3763957917690277,0.008453615941107273,-0.3679421842098236,-0.020927585661411285,-0.016058914363384247,0.03033575415611267,-0.005620619747787714,0.024715134873986244,-0.03908594325184822,-0.024611741304397583,-0.07332344353199005,-0.00861410889774561,-0.08193755149841309,0.04658326879143715,0.05005534738302231,-0.08743514865636826,0.017519371584057808,-0.0699157789349556,-0.017354529350996017,-0.01786876656115055,0.11008822917938232,-0.006254068110138178,0.10383415967226028,-0.06950590014457703,-0.04803100973367691,0.43192583322525024,-0.01681085303425789,0.41511496901512146
12.0,0.0,0.075,0.0,0.03555757561334269,0.09661221595992546,0.16532362347012075,-0.012703106738626957,0.48094533989205956,0.0,0.0,0.0,0.8790714740753174,0.04844557121396065,0.8701304793357849,0.010949892923235893,0.03101128153502941,-0.18089066445827484,0.010853948071599007,-0.17003671824932098,-0.03778056427836418,-0.025669187307357788,-0.2290772646665573,-0.008984215557575226,-0.23806148767471313,0.07583625614643097,0.07507506012916565,-0.29124924540519714,0.026276269927620888,-0.264972984790802,-0.039076924324035645,-0.05300042778253555,-0.34800440073013306,-0.018550150096416473,-0.3665545582771301,-0.02727997675538063,-0.03587599843740463,-0.3816309869289398,-0.012556599453091621,-0.3941875994205475,0.005448337644338608,0.0185417328029871,-0.38163504004478455,0.006489606574177742,-0.37514543533325195,-0.028129883110523224,-0.019680205732584,0.047512006014585495,-0.0068880720064044,0.04062393307685852,-0.04700182378292084,-0.03132876753807068,-0.05321647599339485,-0.010965068824589252,-0.06418154388666153,0.04277174919843674,0.04787026718258858,-0.08429288119077682,0.016754593700170517,-0.0675382912158966,-0.026131482794880867,-0.020347580313682556,0.0931565910577774,-0.007121652830392122,0.08603493869304657,-0.081943079829216,-0.05820462852716446,0.41167378425598145,-0.02037161961197853,0.3913021683692932
