time_s,segment_index,segment_label,world_x_m,world_y_m,world_z_m,relative_forward_m,relative_lateral_m,relative_z_m
0.02,0,head,-0.0006330133961572223,0.0008861038092121574,0.09127847971755278,0.004310456602417066,-0.0020445832833307816,0.003918769021298549
0.02,1,seg1,-0.1475940026087138,-0.003109338551980389,0.08950213902309143,0.00033118388201651075,-0.004816679378509188,0.003675415723422018
0.02,2,seg2,-0.3233205829524931,0.0009154916232703936,0.0890900914144353,0.0005333162741575942,0.0006886919649110368,0.003261417618551851
0.02,3,seg3,-0.49834954997153375,0.005286782194404371,0.0886923595102029,3.078305543576916e-05,0.006581324311166702,0.00286181100443815
0.02,4,seg4,-0.6736025939066032,0.004228193206251305,0.08831011172260521,-0.0002063034012161489,0.0071075525507582355,0.002477757926587748
0.02,5,seg5,-0.8492223769075459,-0.0027822533416754676,0.08793866394457125,-3.673557662356238e-05,0.0017368906031163815,0.0021046788171170255
0.02,6,seg6,-1.0208853453524371,-0.01779775307300807,0.08766552272169434,-0.0037590325456053524,-0.011647404800788446,0.0018299394451277151
0.04,0,head,-0.009776562715248995,-0.008288295185656313,0.09191378871191082,0.013530051004681897,-0.01114255943843452,0.00455407801565659
0.04,1,seg1,-0.1502422133793134,-0.010368029571583802,0.08992094624499582,0.0030397196083136223,-0.012053076950681904,0.004094222945326409
0.04,2,seg2,-0.3257080540955185,0.003094119942596211,0.08896711216955498,0.002902571210655517,0.002887116595831131,0.0031384383736715316
0.04,3,seg3,-0.49854832086659745,0.01818762631843621,0.08806280643807989,0.00012216871170935286,0.01948337599463956,0.0022322579323151293
0.04,4,seg4,-0.6726422052857159,0.018306038411596504,0.08726033802529568,-0.0012838337100555368,0.021176916444066378,0.0014279842292782147
0.04,5,seg5,-0.8474462904757322,-0.000668344552082229,0.08657737459419632,-0.001830355306318416,0.0038359431629632706,0.0007433894667420865
0.04,6,seg6,-1.0108162079913177,-0.039032183921043614,0.08624847630131781,-0.013651079328745677,-0.03296490913560657,0.0004128930247511847
0.06,0,head,-0.018225238055518872,-0.016946591662465815,0.08628203995971113,0.022050499792024617,-0.0197302346385263,-0.0010776707365430932
0.06,1,seg1,-0.15566682302430299,-0.016709866132934924,0.08531561310296104,0.008516926726562516,-0.018349542860455717,-0.000511110196708367
0.06,2,seg2,-0.33025214207979986,0.004226717274264644,0.08589873710391535,0.007437074774782551,0.00405749676891792,7.006330803190075e-05
0.06,3,seg3,-0.49929917764825427,0.02957016906895727,0.08660750977514875,0.0007782584974071343,0.03087177410705554,0.0007769612693839939
0.06,4,seg4,-0.6716449130865376,0.032612314645548916,0.08708475789905942,-0.0024001676322469986,0.0354743962914681,0.0012524041030419625
0.06,5,seg5,-0.844995083625133,0.004356858474641136,0.08721962144029234,-0.0043233038150340165,0.008840569844016065,0.0013856363128381122
0.06,6,seg6,-1.0007574644339448,-0.05193259043025047,0.08723675646815977,-0.023602099742313726,-0.04594859130876163,0.0014011731915931497
0.08,0,head,-0.022264904626354477,-0.01808390350138709,0.08640784746201846,0.026099492684044344,-0.020833883487307792,-0.0009518632342357669
0.08,1,seg1,-0.1589235870652233,-0.018362458835642227,0.08543551169002583,0.011787333075720463,-0.01997497110241493,-0.00039121160964357415
0.08,2,seg2,-0.332741319667879,0.005412051520540154,0.0857074575653702,0.009916300176126007,0.005263508273471827,-0.0001212162305132547
0.08,3,seg3,-0.5002455906023012,0.03871569467288284,0.08602400498978782,0.0016485171776381856,0.040024860246762474,0.00019345648402306626
0.08,4,seg4,-0.6705172595749138,0.0461039897544736,0.08644431349555728,-0.003640078133819155,0.048956218187456185,0.0006119596995398241
0.08,5,seg5,-0.8411449224137942,0.010445954559855426,0.08697035685025382,-0.008224013388558955,0.014897408731605178,0.001136371722799595
0.08,6,seg6,-0.9890623457198672,-0.06026887865214108,0.08778403645741886,-0.03522742742262098,-0.05438193343193344,0.0019484531808522387
0.1,0,head,-0.025537849031464357,-0.017028950195695638,0.08844344244352413,0.029363542960234457,-0.019751724834610844,0.0010837317472699032
0.1,1,seg1,-0.16253663178325903,-0.019374227462436885,0.08687674654323746,0.015408673951845071,-0.0209566320145701,0.0010500232435680518
0.1,2,seg2,-0.33591636749612114,0.00405800911494328,0.08651495013260914,0.013102508202020528,0.003935939833564666,0.0006862763367256886
0.1,3,seg3,-0.5012147236205861,0.04081477196749148,0.08629150549192845,0.002600145252053687,0.042131931271607435,0.00046095698616369085
0.1,4,seg4,-0.6679537996806447,0.051985906917961386,0.08608057105737016,-0.00625240653686106,0.05481659500656072,0.0002482172613526984
0.1,5,seg5,-0.8367214520574241,0.013394782855009993,0.08573302090905081,-0.012671874672516898,0.017809316749560527,-0.0001009642184034154
0.1,6,seg6,-0.9778187759038655,-0.06417255504796589,0.08566259260391344,-0.04643811606469917,-0.05837905887015234,-0.00017299067265318102
0.12,0,head,-0.029165975227585298,-0.012604774836324861,0.0866477333373695,0.032954719480258174,-0.015297504531791238,-0.00071197735888473
0.12,1,seg1,-0.1663834023195359,-0.019003974376264093,0.0855066061837414,0.019252229487523382,-0.02055437370281973,-0.00032011711592801195
0.12,2,seg2,-0.33988898560102215,0.001394325810343732,0.08564032680323788,0.017097159487896314,0.0013054143237984388,-0.00018834699264556887
0.12,3,seg3,-0.5017897699679024,0.03858470048782983,0.08590942801641363,0.0031937333647735207,0.039906723358089244,7.887951064887433e-05
0.12,4,seg4,-0.6640533899702734,0.05285465437175239,0.08625673040093718,-0.010159912034529442,0.055652847858017794,0.00042437660491971563
0.12,5,seg5,-0.8335678397881623,0.015255999844924963,0.08648430412481863,-0.01584086927795232,0.01964422062123136,0.0006503189973643964
0.12,6,seg6,-0.9723448826829539,-0.06381763023300158,0.08700917435582013,-0.05191477383761992,-0.058069707526517966,0.0011735910792535081
0.14,0,head,-0.032727179107207155,-0.008344833104657633,0.08864612066955437,0.036480342977355085,-0.011008069186109309,0.0012864099733001372
0.14,1,seg1,-0.1687798059377423,-0.018435628381024,0.08702933386029807,0.021643819547203503,-0.01996610126801254,0.0012026105606286613
0.14,2,seg2,-0.3423519622645134,-0.0011786099606165223,0.08659949435680178,0.01958146630175842,-0.0012469320830421392,0.0007708205609183311
0.14,3,seg3,-0.5013120701422901,0.03584820890917366,0.08643874951097623,0.0027388268876230764,0.0371663505038135,0.0006082010052114728
0.14,4,seg4,-0.6592693058025569,0.05336300481305596,0.08633398901455956,-0.014948061665624443,0.05612136104155782,0.0005016352185421014
0.14,5,seg5,-0.829498820915727,0.01953314413906233,0.08588928552512551,-0.019945347406652575,0.023887348852481317,5.5300397671279033e-05
0.14,6,seg6,-0.9698379689555324,-0.05932808872637178,0.0857310854801269,-0.05445896879049995,-0.05360118747869587,-0.00010449779643972867
0.16,0,head,-0.036263659829771866,0.0034449902138041794,0.08711929987880689,0.03991857026825043,0.000810781133444145,-0.00024041081744734238
0.16,1,seg1,-0.17076597137482302,-0.014680783400913498,0.08586445168192379,0.02359866326221976,-0.01619485478740272,3.772838225438169e-05
0.16,2,seg2,-0.34311586056649007,-0.005901324872910564,0.08589852116536603,0.02038464699279084,-0.005963125202084578,6.98473694825813e-05
0.16,3,seg3,-0.5001712969999982,0.028095833065613713,0.08617017560880413,0.0016626190665411816,0.02940474813654639,0.0003396271030393777
0.16,4,seg4,-0.6560346190940085,0.0488785818134239,0.08649529067685974,-0.01814531086401737,0.05161016992342626,0.000662936880842277
0.16,5,seg5,-0.8262459136566882,0.021896178695082535,0.08652037952645354,-0.023217810369920433,0.026223226439604053,0.0006863943989993126
0.16,6,seg6,-0.9697749082116788,-0.0529052770473082,0.08673121237737971,-0.054575486715524105,-0.047179123161417126,0.000895629100813089
0.18,0,head,-0.03876570821302216,0.013735434515983302,0.08884766298651821,0.042334880921762866,0.011121694423407432,0.0014879522902639802
0.18,1,seg1,-0.1719584033913205,-0.011094399381306444,0.08725956428587385,0.02476120321242064,-0.012598669959831098,0.0014328409862044422
0.18,2,seg2,-0.34279728713404356,-0.009849794671486292,0.08681618321317262,0.020098949126182975,-0.009914109827606203,0.000987509417289173
0.18,3,seg3,-0.49785955316295855,0.020677135919456566,0.08660774881154097,-0.0005872962145976535,0.02196706649900293,0.0007772003057762156
0.18,4,seg4,-0.6537057484037226,0.04446600322068078,0.08641794451274365,-0.02043737340820007,0.047178360155157424,0.0005855907167261892
0.18,5,seg5,-0.8235908713508772,0.02505903191243787,0.08601381726471197,-0.025899086267507917,0.029363871227009564,0.00017983213725773772
0.18,6,seg6,-0.9707043031777618,-0.04407567728268784,0.08593172799143244,-0.0537196158696686,-0.03834209356424156,9.614471486581178e-05
0.2,0,head,-0.03992777136131598,0.02862833232897522,0.08723015988228863,0.04337294488558123,0.02602374861856497,-0.00012955081396559542
0.2,1,seg1,-0.17185658536084397,-0.005657512486962848,0.08603721834301176,0.02461413554897009,-0.007162818865883155,0.0002104950433423486
0.2,2,seg2,-0.33986088641418644,-0.014859716414375196,0.0861256331798395,0.017204349498461495,-0.014948298744567002,0.00029695938395604693
0.2,3,seg3,-0.496404025099237,0.011037840215127687,0.08629867668785515,-0.001962542543190072,0.01231598981528272,0.00046812818209039653
0.2,4,seg4,-0.6525318517251303,0.03733958486521275,0.08648443160194193,-0.021551913686905393,0.0400424178938967,0.000652077805924467
0.2,5,seg5,-0.8215820533735666,0.026162161699762584,0.08655895809764151,-0.02791701640470609,0.030450242689583715,0.000724972970187282
0.2,6,seg6,-0.971849810162634,-0.035346647298138294,0.08691525795344758,-0.052646803412744365,-0.02960383148557059,0.0010796746768809568
0.22,0,head,-0.03987500926140656,0.038610584000680646,0.08868693329275158,0.04323709875186509,0.03600521534968057,0.0013272225964973544
0.22,1,seg1,-0.17048083103710035,-0.001998238452049935,0.08699066974598653,0.023207971430635996,-0.003515122484043936,0.0011639464463171212
0.22,2,seg2,-0.33734380694543387,-0.01856956080257078,0.0866452585604725,0.014718235586458024,-0.01867896518000144,0.0008165847645890539
0.22,3,seg3,-0.4950412438135741,0.003438071249383639,0.0865801074917559,-0.003262021019113053,0.004705141186153329,0.0007495589859911472
0.22,4,seg4,-0.6515471494876613,0.03171620506898338,0.086548818400487,-0.022489776407239356,0.03441103686019374,0.0007164646044695439
0.22,5,seg5,-0.8205103239136938,0.027726286169344867,0.08620884979590769,-0.02900172750912883,0.03200539258954925,0.0003748646684534618
0.22,6,seg6,-0.9732965208815796,-0.026274751906704502,0.08590840366575224,-0.05127565144715614,-0.020520208850063726,7.282038918561551e-05
0.24,0,head,-0.03911061122658887,0.05192133232932195,0.0873043237626987,0.04236193706249746,0.04930914023828095,-5.538693355552904e-05
0.24,1,seg1,-0.16772864591042877,0.0038969491915907062,0.08592501831940538,0.020406813877628452,0.0023569535277202405,9.829501973597499e-05
0.24,2,seg2,-0.33403628330321317,-0.021586781083640746,0.08591658850855557,0.011435939922910995,-0.021723610651033162,8.791471267212414e-05
0.24,3,seg3,-0.4939767066307025,-0.004485796102364929,0.08607368313519582,-0.004260568136233059,-0.0032273122096424483,0.00024313462943106878
0.24,4,seg4,-0.6504842786487935,0.024944253911203824,0.08628471472091091,-0.0234962450497726,0.027630473625856463,0.00045236092489345237
0.24,5,seg5,-0.8195449189798126,0.028057567055319647,0.086281027012471,-0.02996985637123055,0.03232862658847085,0.00044704188501677733
0.24,6,seg6,-0.9745830480137487,-0.017436257666406902,0.08638735714127706,-0.050062734838111494,-0.011671312546187786,0.0005517738647104337
0.26,0,head,-0.03821770549223521,0.061084185497059205,0.0879131583410428,0.04139279654442241,0.05846424403234982,0.0005534476447885683
0.26,1,seg1,-0.1654045607949869,0.008418107525000438,0.08665049682264579,0.018045178045391463,0.006858611055243418,0.0008237735229763843
0.26,2,seg2,-0.33135846908711025,-0.023322967049083047,0.08660477988966997,0.008772669364337004,-0.023482024883708884,0.0007761060937865188
0.26,3,seg3,-0.4931603263439256,-0.009950036446661436,0.0864846089176555,-0.005031439311257569,-0.008698158299988894,0.0006540604118907417
0.26,4,seg4,-0.6492475484991209,0.020252504932230922,0.08637858111691755,-0.02469388124959943,0.022928593419232604,0.0005462273209000945
0.26,5,seg5,-0.8190358742518258,0.029762589558058224,0.08613019766139388,-0.030493074979924192,0.03402935306778464,0.00029621253393964653
0.26,6,seg6,-0.9763098666337238,-0.007809959561784305,0.08625221412722787,-0.04841609916703026,-0.002030974963325666,0.00041663085066125094
0.28,0,head,-0.03759237512010989,0.07054768538486628,0.08774842213166766,0.04068871972932132,0.06792221125788321,0.00038871143541342745
0.28,1,seg1,-0.16247023519361944,0.013325833071800778,0.08616459527025166,0.015070105328249157,0.011741743155101146,0.00033787197058225693
0.28,2,seg2,-0.3277639831110177,-0.02529606345128624,0.0859480107097576,0.005194730689645113,-0.025484971134505683,0.00011933691387415457
0.28,3,seg3,-0.49174650161261385,-0.016502058772528198,0.0859666906027002,-0.006390680235823974,-0.015261721435831021,0.00013614209693543766
0.28,4,seg4,-0.6482987337902827,0.014320449712576806,0.08616233834141726,-0.02559328846816281,0.016988846359318552,0.00032998454539980016
0.28,5,seg5,-0.8183354257458761,0.03070514593815681,0.08609024454454493,-0.031201344457343915,0.03496604671379196,0.000256259417090704
0.28,6,seg6,-0.9787930605741508,0.0021187206534013145,0.08602450285945959,-0.04601563121095973,0.007918029838770867,0.00018891958289296573
0.3,0,head,-0.03740956241396404,0.07983312880125393,0.08763078418282938,0.04042862727936173,0.07720581141309878,0.00027107348657515185
0.3,1,seg1,-0.16027912399119618,0.01861137112722524,0.08627013450784278,0.012835076596218636,0.01700886071629355,0.0004434112081733721
0.3,2,seg2,-0.32415542431262623,-0.02627361262790337,0.08622180151296939,0.0015944333834549667,-0.026492521778371848,0.0003931277170859393
0.3,3,seg3,-0.4898075880539659,-0.02209766435875775,0.08621854571763489,-0.008282952398364537,-0.02087327146473806,0.0003879972118701336
0.3,4,seg4,-0.6468962673107599,0.009215030542795016,0.08633217846526925,-0.026953212131378215,0.01187193080839317,0.0004998246692517888
0.3,5,seg5,-0.8178117273156559,0.03216463395758559,0.08621300870976346,-0.03173717258908754,0.03642112524702903,0.0003790235823092347
0.3,6,seg6,-0.9806926865171601,0.012586545318212532,0.08625350110374436,-0.04420319853028564,0.018401303168889133,0.00041791782717773285
0.32,0,head,-0.036936967252041306,0.08943135184944205,0.0875950888628296,0.03987615903455528,0.08679976840217887,0.00023537816657537292
0.32,1,seg1,-0.1586248571149927,0.023932360463447155,0.0862390803406851,0.011136578520502958,0.022315896678158947,0.0004123570410156929
0.32,2,seg2,-0.3210376473358261,-0.02737887094264307,0.08620288072517131,-0.0015140361327577938,-0.027623692183398017,0.0003742069292878569
0.32,3,seg3,-0.48727305476954935,-0.028225692932291283,0.08618528667245745,-0.01076639210701507,-0.027022183594582586,0.00035473816669269465
0.32,4,seg4,-0.6458569382215462,0.00368681286706025,0.08625174353226821,-0.027946491879659145,0.0063352539199104,0.00041938973625074705
0.32,5,seg5,-0.8172275021642029,0.03403012685891425,0.08608961632356382,-0.03233690466970382,0.0382816908126458,0.00025563119610959306
0.32,6,seg6,-0.9817827345532621,0.025419494306873448,0.08611179248203667,-0.043220001491065044,0.031242880488217318,0.00027620920547004324
0.34,0,head,-0.036401647094698945,0.09692988958875862,0.08752103718317704,0.039278444401130486,0.09429359073232534,0.00016132648692281093
0.34,1,seg1,-0.15730686277994546,0.02842403511114011,0.08615317358984247,0.009781244021173948,0.026796445595733843,0.00032645029017305816
0.34,2,seg2,-0.31837373724682827,-0.028176973460792724,0.08612658057452134,-0.00417121105090191,-0.028443939734720064,0.00029790677863789083
0.34,3,seg3,-0.4848418500610915,-0.033704302418794914,0.08612718733554275,-0.013151912167007236,-0.032520839092309475,0.00029663882977799816
0.34,4,seg4,-0.6447559829705929,-0.0015020536621093987,0.08619608750715677,-0.02900422019628623,0.0011374034863036121,0.0003637337111393052
0.34,5,seg5,-0.8159567751179526,0.03574757596594377,0.08604507980996996,-0.03362188264322608,0.03998850371063738,0.00021109468251573338
0.34,6,seg6,-0.9816562094323741,0.03806152257883163,0.08606856712498832,-0.04345174636537699,0.04388341772950501,0.00023298384842170006
0.36,0,head,-0.03566962914151299,0.10298286997491672,0.08745459983130771,0.03849607067783109,0.10034026859674672,9.488913505348306e-05
0.36,1,seg1,-0.15627454287631065,0.03197658452227231,0.08604876239412299,0.008719390733778224,0.030340279578578915,0.00022203909445357717
0.36,2,seg2,-0.316120369942904,-0.02928542120641378,0.08600711805590182,-0.0064152742904361,-0.02957110466836596,0.00017844426001836777
0.36,3,seg3,-0.482856053064774,-0.039418487149577665,0.0860103652566383,-0.015090079166428032,-0.038251354385887074,0.0001798167508735432
0.36,4,seg4,-0.6437482367200011,-0.007147051611720785,0.08608602527925215,-0.02996494619585768,-0.004515786755521283,0.00025367148323468536
0.36,5,seg5,-0.813924334948734,0.03683308174906259,0.08595948697242632,-0.035663287463155405,0.04105705516351996,0.00012550184497209238
0.36,6,seg6,-0.9797476671829158,0.050632698514438225,0.08598987846601133,-0.04546485691013817,0.05643827272095827,0.00015429518944470866
0.38,0,head,-0.03471211063603483,0.10686939734840323,0.08753655812365131,0.037506236379102345,0.1042186915719018,0.0001768474273970838
0.38,1,seg1,-0.1552859961649249,0.034396904038767946,0.08610621165253435,0.007710733077901196,0.03275228722692934,0.00027948835286494
0.38,2,seg2,-0.31387378492501905,-0.030604574070876984,0.08606177628617757,-0.008650801704580149,-0.0309089109706817,0.00023310249029412367
0.38,3,seg3,-0.4814001846565385,-0.04514925013587578,0.08606022505861236,-0.01649819794761742,-0.043994036574983617,0.00022967655284759914
0.38,4,seg4,-0.6433332695586665,-0.013088960491228901,0.08614539954198068,-0.030330442343741833,-0.010460943729326194,0.00031304574596321966
0.38,5,seg5,-0.8118182987378548,0.03689478406861785,0.0860608871526632,-0.037769764291909556,0.041101226050880915,0.00022690202520897484
0.38,6,seg6,-0.9758476791396559,0.06200246378420132,0.0861346258104335,-0.04945934449348615,0.0677751831454384,0.0002990425338668806
0.4,0,head,-0.033568982960201776,0.10917465065736037,0.08752131166675473,0.03634396085075271,0.10651435036576146,0.00016160097050049727
0.4,1,seg1,-0.15431266207648006,0.03633457102409453,0.08608174042060679,0.006721304808155932,0.03468178568319157,0.0002550171209373814
0.4,2,seg2,-0.31239844349447643,-0.031644634636531034,0.08602081359742135,-0.010117435232420648,-0.0319612153048449,0.00019213980153789945
0.4,3,seg3,-0.48016308585879713,-0.05030945340427414,0.08599236509825853,-0.017692303669649308,-0.049164357912283414,0.00016181659249377145
0.4,4,seg4,-0.642229501004632,-0.01898200635669668,0.08605257402399813,-0.03138512272878016,-0.0163629725227654,0.0002202202279806692
0.4,5,seg5,-0.8087420640744876,0.03628166288004076,0.08595234553896837,-0.04084078916754613,0.040462521496086555,0.00011836041151414012
0.4,6,seg6,-0.9703984925624298,0.07242927263227159,0.0860198184169935,-0.054995128382326265,0.07815627527688811,0.0001842351404268694
0.42,0,head,-0.032589905099958995,0.1102341923346692,0.08744891122037404,0.0353560979601104,0.10756570612457436,8.92005241198146e-05
0.42,1,seg1,-0.15390942565883223,0.038435841438588046,0.0860247687769066,0.00630059273111232,0.036779627028853096,0.00019804547723718813
0.42,2,seg2,-0.31148313007227607,-0.031266470003483274,0.08599313194711654,-0.011035864548246187,-0.031590682253271524,0.00016445815123308782
0.42,3,seg3,-0.47903290704163315,-0.05385446910483559,0.08601374452782062,-0.018792936900313764,-0.052718657698088714,0.0001831960220558676
0.42,4,seg4,-0.6402742861774248,-0.024271896389215158,0.086162347619768,-0.0332962401754266,-0.02166895326917749,0.00032999382375054065
0.42,5,seg5,-0.8052893031265522,0.035184013035589906,0.08614906115837176,-0.04428429437914527,0.03933617110603955,0.0003150760309175299
0.42,6,seg6,-0.9640473684287496,0.08125257943747345,0.08630810581408514,-0.061419472061980215,0.08692641376056265,0.0004725225375185188
0.44,0,head,-0.03193483772268934,0.11069823399631812,0.08744214328519109,0.03469719088903103,0.10802427935117512,8.243258893686489e-05
0.44,1,seg1,-0.15434739567613717,0.04052194931535531,0.08602729652995621,0.0067211841530428985,0.03886930802492295,0.00020057323028679908
0.44,2,seg2,-0.31115407954693475,-0.02988749867079581,0.0860068273409777,-0.011376381348408033,-0.030214497493363208,0.00017815354509424786
0.44,3,seg3,-0.47779106202869387,-0.05580875262346839,0.08600203520383322,-0.020018472693233456,-0.05468320984233437,0.00017148669806846262
0.44,4,seg4,-0.6377497097162508,-0.02817886776010514,0.08610633405527238,-0.03578821006156727,-0.025596802259034032,0.0002739802592549162
0.44,5,seg5,-0.8011136160162499,0.03512602651262754,0.086001996160743,-0.04845935420186728,0.03924343085003223,0.0001680110332887702
0.44,6,seg6,-0.9553952978535236,0.09058218729947864,0.08610891775083006,-0.07014889660417997,0.09618368416029069,0.00027333447426343416
0.46,0,head,-0.03194025392692283,0.11051687203578146,0.08731450882580176,0.034704116446303626,0.1078429687539822,-4.5201870452468706e-05
0.46,1,seg1,-0.15514344584396514,0.04252840693042763,0.0859219272257328,0.007500506279373247,0.040882321947903096,9.520392606339467e-05
0.46,2,seg2,-0.3112715481352117,-0.02819339471974857,0.0859310593304516,-0.01127301746410884,-0.02851947449245642,0.00010238553456815014
0.46,3,seg3,-0.47644181027051524,-0.057084966965392815,0.08595684876059724,-0.021357055323838,-0.05597061028288725,0.0001263002548324843
0.46,4,seg4,-0.6351235993141646,-0.031272907717943596,0.08608586240535,-0.03838847669126894,-0.028712593098991802,0.00025350860933254227
0.46,5,seg5,-0.7968260324937261,0.03601659352602546,0.08597067792032648,-0.052754201712088,0.0400982799187501,0.00013669279287224778
0.46,6,seg6,-0.9458361845470907,0.10080911557552931,0.08609960501878317,-0.07979280117750252,0.10633069424909108,0.0002640217422165414
0.48,0,head,-0.0315567176829775,0.10939226068559035,0.08771297140212089,0.03432995403166124,0.10671520405031051,0.0003532607058666648
0.48,1,seg1,-0.15580692694525589,0.04389473350570961,0.0862121894379078,0.008152591971602357,0.042254123585177564,0.00038546613823839393
0.48,2,seg2,-0.311359660182513,-0.026674515136504814,0.08610378393560641,-0.011197550648611365,-0.02699991413464581,0.0002751101397229644
0.48,3,seg3,-0.4747614696952727,-0.058176708918899,0.08605280073258442,-0.023028250732519757,-0.05707630049608898,0.0002222522268196664
0.48,4,seg4,-0.6326659841078599,-0.03405775073202643,0.08614045721397927,-0.04082282751890568,-0.03151779525974334,0.00030810341796180807
0.48,5,seg5,-0.7924914124743886,0.036609283104834696,0.08600573705589953,-0.057093604749045755,0.04065487036964378,0.00017175192844530451
0.48,6,seg6,-0.9374144963431362,0.11073086163505322,0.08611770159149269,-0.08829677990745756,0.11618199988993527,0.0002821183149260692
0.5,0,head,-0.03088155841644638,0.10670844209467639,0.08741135218647457,0.03367715653737498,0.1040258588334402,5.164149022034159e-05
0.5,1,seg1,-0.15653691844939416,0.04474997882336908,0.08597474528954907,0.00887543967541336,0.0431154152584976,0.00014802198987966253
0.5,2,seg2,-0.3115137752430604,-0.02465236045385701,0.08595384707335584,-0.011060272045384768,-0.02497654674399971,0.0001251732774723846
0.5,3,seg3,-0.47274299242250556,-0.05845807215090659,0.08598190421421248,-0.0250443161985363,-0.057374454492135546,0.00015135570844772295
0.5,4,seg4,-0.6303746062320714,-0.036464342367715674,0.0860850149267167,-0.04309409509636125,-0.03394337549170157,0.00025266113069924434
0.5,5,seg5,-0.7889158891774077,0.03632567532730934,0.08592850819219511,-0.06066664362136212,0.04034151205324099,9.452306474087846e-05
0.5,6,seg6,-0.9291063278841943,0.1179504653285579,0.08602585935915315,-0.09666475192448179,0.12333220163185572,0.00019027608258652406
0.52,0,head,-0.02888027600444723,0.1021855565071987,0.08762004820626006,0.03171358904857417,0.09948647252619323,0.0002603375100058286
0.52,1,seg1,-0.1568853583903573,0.04479198899489281,0.08609468662862488,0.009223517880760703,0.04316032416541733,0.00026796332895547004
0.52,2,seg2,-0.3119770180222976,-0.02205351853245128,0.08599386523863971,-0.010618676406345602,-0.022373939110007526,0.0001651914427562573
0.52,3,seg3,-0.4708645752187497,-0.057408725034311235,0.08600139427515072,-0.02693140242677467,-0.056340778464857987,0.00017084576938596052
0.52,4,seg4,-0.6282779720357359,-0.03814908791023454,0.08611324971391046,-0.04517663392421769,-0.03564551371355712,0.00028089591789300095
0.52,5,seg5,-0.7864084286172609,0.034890552067930965,0.0860150002627309,-0.06316207227789501,0.03888556801247845,0.00018101513527667146
0.52,6,seg6,-0.9232755267556483,0.12180399943498382,0.08619051279294544,-0.10252742542196636,0.12713707040345723,0.00035492951637881853
0.54,0,head,-0.02422453452219478,0.09028477107932253,0.08797688397088921,0.027157063346396032,0.08754734793213124,0.0006171732746349801
0.54,1,seg1,-0.15501731444502168,0.04427670598877563,0.08658031373272203,0.007359827529387047,0.04262951060873005,0.00075359043305262
0.54,2,seg2,-0.31484921948184635,-0.015830310284120495,0.08656192386607349,-0.007798372433895499,-0.016127040069019032,0.0007332500701900391
0.54,3,seg3,-0.4688090415047159,-0.050436242467927404,0.08676650745351823,-0.029044899411093977,-0.04938564636797395,0.0009359589477534735
0.54,4,seg4,-0.626373682584278,-0.03764620632945628,0.08695158845051057,-0.047085043075267216,-0.035158499636665196,0.0011192346544931092
0.54,5,seg5,-0.7843671871773151,0.03037090225078356,0.08689971706048677,-0.06516562434294705,0.03434908477015215,0.0010657319330325404
0.54,6,seg6,-0.9187245029798459,0.12318491782456709,0.0870474027007706,-0.10708978543035087,0.12848006115498425,0.0012118194242039804
0.56,0,head,-0.01756010661779695,0.07195211344395937,0.08803871690239011,0.020645455582170104,0.0691598549114006,0.000679006206135882
0.56,1,seg1,-0.1515594594462771,0.04162162501077387,0.08653536964693449,0.003924191501438391,0.039945740634545625,0.000708646347265085
0.56,2,seg2,-0.31767754716028035,-0.007531367105944273,0.08633158095714892,-0.005039217809205526,-0.007804843178343106,0.0005029071612654701
0.56,3,seg3,-0.4680556364051946,-0.03883796398101048,0.08646987398000094,-0.02989481504517217,-0.03779404050342637,0.0006393254742361881
0.56,4,seg4,-0.623469956940631,-0.03150814151882804,0.08646663977596929,-0.05003975744970275,-0.02904481619719988,0.0006342859799518263
0.56,5,seg5,-0.7814474025181841,0.024872769783204646,0.0861384531848372,-0.0680395449325279,0.028826840341432753,0.00030446805738297555
0.56,6,seg6,-0.9179550082206962,0.11675299231372954,0.08584923510715226,-0.10780571831108625,0.12204195366353417,1.3651830585631464e-05
0.58,0,head,-0.010230121017549899,0.04806639590441975,0.08775926186581245,0.013514533286441604,0.045213954667656944,0.00039955116955822656
0.58,1,seg1,-0.14772663159082758,0.03508788863113988,0.08628997180447255,0.00014587904601854,0.03338032858079061,0.00046324850480314317
0.58,2,seg2,-0.31650820085402204,0.0011923762628797564,0.0860328145911201,-0.006281134454967394,0.0009088651134241378,0.00020414079523664586
0.58,3,seg3,-0.4679494067724886,-0.025456617866068953,0.08616423153505642,-0.030112418741947256,-0.02441404210231249,0.0003336830292916676
0.58,4,seg4,-0.6212344729107251,-0.02297631307920769,0.08645977857589476,-0.05234617751152009,-0.020531890033460246,0.000627424779877303
0.58,5,seg5,-0.7792115529077791,0.021312277544522844,0.08679549309878842,-0.07024568183944438,0.025247861658982174,0.000961507971334194
0.58,6,seg6,-0.918952222325224,0.10609666124350536,0.08738722374366617,-0.10671984228373818,0.1113942918966616,0.0015516404670995465
0.6,0,head,-0.004498717123355537,0.028100422466424687,0.08904299628624192,0.0079495118859827,0.02520096831546888,0.0016832855899876903
0.6,1,seg1,-0.14291775144547864,0.030203732566799417,0.08729851461688955,-0.004622181937746716,0.028456315667949345,0.0014717913172201391
0.6,2,seg2,-0.31294396262770147,0.009808705335371787,0.0870187573974211,-0.009916966014504584,0.009495229285139217,0.0011900836015376476
0.6,3,seg3,-0.46717311611892887,-0.013417244835201292,0.08709891226028307,-0.0309888905254307,-0.012381547457894623,0.0012683637545183174
0.6,4,seg4,-0.6209956899230391,-0.01642297359930935,0.08704008058055099,-0.05263949802310292,-0.013980765036066089,0.0012077267845335277
0.6,5,seg5,-0.7792510599856828,0.01730823448287097,0.08650324412172591,-0.07017284904333411,0.021244286127963398,0.0006692589942716848
0.6,6,seg6,-0.9195944870154833,0.09480757913815499,0.08566795271087255,-0.10598363676143896,0.10011094664170155,-0.00016763056569407686
0.62,0,head,-0.0001667588779907821,0.004676963240312784,0.08823568719175495,0.0038126655523180865,0.0017422640297402121,0.0008759764955007243
0.62,1,seg1,-0.13655312524241758,0.02199242086689708,0.08680687135477429,-0.010918241978633506,0.020192313338885385,0.0009801480551048791
0.62,2,seg2,-0.308098479025688,0.0161469722240645,0.08647934918816613,-0.014815037438919217,0.01579294591970172,0.0006506753922826819
0.62,3,seg3,-0.46508367727650457,-0.003219292241751245,0.08634314792682872,-0.03316313820774262,-0.002201339267966636,0.0005125994210639639
0.62,4,seg4,-0.620003956473171,-0.01056205498842093,0.08635002648678722,-0.05367997964754117,-0.008128303999184109,0.0005176726907697576
0.62,5,seg5,-0.7796943697682969,0.015053420622246075,0.08645635008581033,-0.0697107869922765,0.0189932401998685,0.0006223649583561031
0.62,6,seg6,-0.9204487771944455,0.08576558926666394,0.08698985665997623,-0.10505411644969087,0.09107638054608512,0.001154273383409607
0.64,0,head,0.003212052846051238,-0.015250207249568798,0.088166485470256,0.0005998318578426227,-0.018212339249926105,0.0008067747740017756
0.64,1,seg1,-0.13096835003901117,0.013173924293533456,0.08663652346227661,-0.01642942421623522,0.011327638148703774,0.0008098001626072049
0.64,2,seg2,-0.30400026745240527,0.019028976781629653,0.08629106684354537,-0.018937095008748756,0.01864073976035076,0.00046239304766192146
0.64,3,seg3,-0.46212437748204577,0.003075652137083306,0.08622098962655673,-0.03617473057283447,0.004068755741843651,0.0003904411207919789
0.64,4,seg4,-0.6180989890106723,-0.007325547287558215,0.0862101278944316,-0.05561181973694313,-0.004907764137663209,0.00037777409841413534
0.64,5,seg5,-0.7811801978568298,0.012759922979070457,0.08607284592109186,-0.0682059207689226,0.016712189083042325,0.00023886079363763524
0.64,6,seg6,-0.9227805388929359,0.07776857115636189,0.0861840752865733,-0.10265587347254478,0.08309904753953896,0.00034849201000668184
0.66,0,head,0.005004338630956232,-0.03587480433151609,0.08749913943556674,-0.0010207259227253205,-0.03885113973847946,0.00013942873931251099
0.66,1,seg1,-0.12634997195893485,0.0014766123175774673,0.08623886500129442,-0.02095028139302773,-0.0004077090527086386,0.00041214170162501285
0.66,2,seg2,-0.29906999275173174,0.019513764547027742,0.08623674649751285,-0.023871233988186687,0.01908447428794457,0.0004080727016294028
0.66,3,seg3,-0.4590068898390179,0.008299678854714389,0.08646472899922958,-0.03933559167504918,0.00926665353256356,0.0006341804934648226
0.66,4,seg4,-0.6155065740118313,-0.0038040571640815136,0.08675791550177979,-0.0582334555605768,-0.0014079735976882189,0.0009255617057623289
0.66,5,seg5,-0.7813347000732115,0.010745344349468427,0.08689090717252579,-0.06803465584386673,0.014698966215309682,0.0010569220450715594
0.66,6,seg6,-0.9283883102073531,0.07003020668965047,0.08719008106758167,-0.0969838872268353,0.0754076266200596,0.0013544977910150413
0.68,0,head,0.005734113624496851,-0.04936233712979393,0.08828226860565659,-0.0016382140633108351,-0.0523442795110377,0.0009225579094023634
0.68,1,seg1,-0.12280573890492831,-0.006201384311758266,0.08670176999377514,-0.024430484955344795,-0.008114939641221485,0.0008750466941057355
0.68,2,seg2,-0.29376611671513075,0.021028603557972855,0.08631979353227225,-0.029187534848092493,0.02055511476243359,0.0004911197363887954
0.68,3,seg3,-0.4552786918388176,0.014432567296534696,0.08620551174722703,-0.04311470676170953,0.015368298403358233,0.0003749632414622728
0.68,4,seg4,-0.6133511742416468,0.0013231502223941252,0.08616975074267728,-0.060431456254451614,0.0037011160181508146,0.00033739694665982367
0.68,5,seg5,-0.7810862270494529,0.009831525475500733,0.08591432385765646,-0.06827551421827939,0.013783110865692927,8.033873020223126e-05
0.68,6,seg6,-0.9347962919282221,0.06100177920801235,0.08573690087537732,-0.09050098063655737,0.06643284781137145,-9.868240118930671e-05
0.7000000000000001,0,head,0.006380054624520232,-0.06183812438252274,0.08715822016886624,-0.0021802922354782848,-0.06482501100425982,-0.000201490527387993
0.7000000000000001,1,seg1,-0.12042745236114417,-0.012981659076130764,0.08586176789723494,-0.026752254456699428,-0.014914774870590059,3.5044597565536684e-05
0.7000000000000001,2,seg2,-0.28882923386368037,0.02205780719831401,0.08581962078387756,-0.034132813118021105,0.021543191304531133,-9.053012005891259e-06
0.7000000000000001,3,seg3,-0.45139838925456693,0.02003149864753563,0.08590845434763225,-0.04704147684714169,0.020934738658459233,7.79058418674955e-05
0.7000000000000001,4,seg4,-0.611102590807562,0.006502492010113699,0.08604073517233891,-0.06272307131768665,0.0088615626282505,0.0002083813763214537
0.7000000000000001,5,seg5,-0.7799967984366236,0.009974975753005358,0.08602396713154739,-0.06936609908164176,0.013917488468981222,0.00018998200409316157
0.7000000000000001,6,seg6,-0.9375451869989279,0.05356008195743764,0.08614564769569998,-0.08769024087132975,0.059014288379063924,0.0003100644191333518
0.72,0,head,0.0070986370146546756,-0.06824022023705087,0.08785458651910732,-0.00284556279372239,-0.07123286611078221,0.000494875822853097
0.72,1,seg1,-0.11905132546072954,-0.016373745759463397,0.08635814483960462,-0.028100100134091907,-0.018318198050710686,0.0005314215399352118
0.72,2,seg2,-0.28589813707498307,0.02332833418631316,0.0861443039473908,-0.037074383426005865,0.02278927771180382,0.00031563015150734564
0.72,3,seg3,-0.4485102350900766,0.02460866133266003,0.0861386473790746,-0.049967628333499534,0.02548770364868735,0.00030809887330984775
0.72,4,seg4,-0.6089736996521342,0.010635457215295099,0.08619704296727064,-0.06488628888073043,0.0129766651438058,0.0003646891712531797
0.72,5,seg5,-0.7793013793034165,0.009215322319985824,0.08605621799326775,-0.07005517125764787,0.013152073127266847,0.00022223286581352086
0.72,6,seg6,-0.93971161140914,0.044797634602881574,0.08597776626333488,-0.085450958513039,0.050270176480983066,0.00014218298676825503
0.74,0,head,0.007998860482259425,-0.0730491068695694,0.08716789497104815,-0.003705728989294277,-0.07604907904750915,-0.0001918157252060737
0.74,1,seg1,-0.11835548623069353,-0.019765187666272645,0.08589413540659689,-0.028767687072838062,-0.021715314198335646,6.741210692748356e-05
0.74,2,seg2,-0.2838288393142029,0.023420446052656942,0.08594127567144161,-0.03914437618683985,0.02286416287987286,0.0001126018755581576
0.74,3,seg3,-0.4458701945459794,0.0284219153200117,0.08610175778202797,-0.052639316507950125,0.029278851541412933,0.0002712092762632151
0.74,4,seg4,-0.6069863297101603,0.014746946440858834,0.08626535119323213,-0.06690781138030409,0.01707147035549079,0.00043299739721466834
0.74,5,seg5,-0.7777342487717168,0.008433307873518595,0.08626596904748392,-0.0716157385175054,0.01235704198002264,0.0004319839200296882
0.74,6,seg6,-0.9406992738774157,0.03493225125338681,0.08639514283073163,-0.08438121713268291,0.04041335553491351,0.0005595595541650067
0.76,0,head,0.007995660004544283,-0.07679040946634573,0.08744769763084333,-0.003671388418858178,-0.07979022540777343,8.798693458909879e-05
0.76,1,seg1,-0.11755836972501825,-0.022450112831204468,0.08610879180901616,-0.029542428371282126,-0.024406781044741158,0.00028206850934675565
0.76,2,seg2,-0.2821651111377047,0.023589533929719173,0.08607074007656546,-0.0408094541111893,0.02301939709336277,0.00024206628068200453
0.76,3,seg3,-0.4439732839406888,0.03147148222428322,0.08614916851314253,-0.0545615440439229,0.032312524142037787,0.00031862000737777063
0.76,4,seg4,-0.6050074389534763,0.017725633409173748,0.0862288239310045,-0.06891142626876168,0.020033583125215106,0.0003964701349870453
0.76,5,seg5,-0.7760656741912001,0.0067198559960176185,0.08612556281338844,-0.0732699936243172,0.010629761311297378,0.0002915776859342134
0.76,6,seg6,-0.9405268419113696,0.025204153046488372,0.08615117896248971,-0.0844726726747028,0.03068415909380181,0.00031559568592308407
0.78,0,head,0.007505949579239778,-0.08213290821325313,0.0874966570822894,-0.0031372274235028463,-0.08512846305632366,0.00013694638603517495
0.78,1,seg1,-0.11619820188037182,-0.025870413146381232,0.08614120452885461,-0.03087408071354626,-0.027838284046446907,0.00031448122918520394
0.78,2,seg2,-0.28039417933290156,0.0243139093425505,0.0860533621546236,-0.04258635380768367,0.023729007313346664,0.00022468835874014936
0.78,3,seg3,-0.4420470481330549,0.035659810788672676,0.08610265220195122,-0.056522574088211174,0.03648467487218258,0.00027210369618646535
0.78,4,seg4,-0.6033266289664327,0.02179654986464008,0.08615192209756678,-0.07062606173085954,0.024090368580704614,0.0003195683015493195
0.78,5,seg5,-0.7741871169938493,0.005526827149453875,0.08601562548752649,-0.07513855574177952,0.00942113788554251,0.00018164036007226048
0.78,6,seg6,-0.9390422942274576,0.01582418051374876,0.08600863666118976,-0.08587909605803296,0.02129215505807244,0.00017305338462313136
0.8,0,head,0.007948462878385009,-0.0866781058807125,0.08767274470258302,-0.003541894083448115,-0.08967718647619362,0.0003130340063287884
0.8,1,seg1,-0.11522974452365771,-0.02860801578780156,0.08622946286573185,-0.03181971847428389,-0.03058385267597132,0.0004027395660624461
0.8,2,seg2,-0.2786275865467718,0.02536460888381589,0.08606142615460287,-0.044361630748586615,0.02476496647318715,0.00023275235871941802
0.8,3,seg3,-0.4401243419149708,0.0404166049114988,0.08608789880881976,-0.05848480620797551,0.04122530084729893,0.00025735030305500117
0.8,4,seg4,-0.6021191205223032,0.026656816881709153,0.08614084004443966,-0.07187398209299053,0.02894041671341057,0.0003084862484221962
0.8,5,seg5,-0.7720711838075043,0.005101210487561048,0.08603843384317526,-0.07725087307247781,0.008977924295986298,0.00020444871572103396
0.8,6,seg6,-0.9372653630020289,0.006656837976231304,0.08602302513284092,-0.08757966265049794,0.012110340039018059,0.000187441856274298
0.8200000000000001,0,head,0.009168427838795911,-0.08927143623898795,0.08741186218944151,-0.00474023156567615,-0.09228058120813312,5.215149318728296e-05
0.8200000000000001,1,seg1,-0.11447372255809071,-0.031095182159789687,0.08605451735322087,-0.03255501267349942,-0.03307722553514997,0.00022779405355145832
0.8200000000000001,2,seg2,-0.2774104962207309,0.02529032178421316,0.08599098984572666,-0.04557806059668901,0.02468055166750377,0.00016231604984320858
0.8200000000000001,3,seg3,-0.438483126961667,0.04389848320870818,0.08609484861404115,-0.060154945232007824,0.04469339811233523,0.00026430010827639683
0.8200000000000001,4,seg4,-0.6008840735217303,0.03098286409440797,0.08619168700347994,-0.07314499355456894,0.03325603433370328,0.0003593332074624811
0.8200000000000001,5,seg5,-0.770206189099397,0.005040582702996991,0.08613877474012026,-0.07911529855075,0.008901775591604006,0.0003047896126660288
0.8200000000000001,6,seg6,-0.9349263967085596,-0.0021062246586874703,0.08619737905287773,-0.08984560980887529,0.003328112898928037,0.0003617957763111107
0.84,0,head,0.009550600147399887,-0.09250721259537854,0.08745704730208072,-0.0050954581085645295,-0.09551942643525241,9.733660582648962e-05
0.84,1,seg1,-0.1137357415708931,-0.03421131389611746,0.08610591634618446,-0.033267031414932896,-0.03619939180993059,0.0002791930465150527
0.84,2,seg2,-0.27616747007011117,0.02456224158826718,0.08604109379951533,-0.04681498361649047,0.02394215053953535,0.0002124200036318774
0.84,3,seg3,-0.4373154933755618,0.046419005635807906,0.08613934970139253,-0.061343517583841066,0.04720411459598722,0.0003088011956277753
0.84,4,seg4,-0.5995532885018354,0.034394555142381086,0.08624142120358572,-0.07450412920476912,0.03665653060046247,0.000409067407568256
0.84,5,seg5,-0.7684094339365434,0.0046932911797429155,0.08618871854669893,-0.08090910084244392,0.008539541060705457,0.00035473341924470436
0.84,6,seg6,-0.9321966293512902,-0.010090884022066305,0.08626043513770613,-0.09250882342343981,-0.004678990710755671,0.0004248518611395108
0.86,0,head,0.009122202528126898,-0.0973400610837276,0.08735972705426079,-0.0046268497973002394,-0.10034854180788018,1.6358006560412974e-08
0.86,1,seg1,-0.11280993410601439,-0.03845363091743662,0.08605151109175685,-0.034157496483666915,-0.04044926770607463,0.00022478779208744137
0.86,2,seg2,-0.2747421195859546,0.023837675116979463,0.08599941354410198,-0.04823425390014183,0.02320574546368089,0.00017073974821853188
0.86,3,seg3,-0.43615859552673214,0.04974168186299382,0.08608669402120968,-0.06252803118410746,0.05051704645071039,0.00025614551544492214
0.86,4,seg4,-0.5983718751655128,0.038749233210944825,0.086171859836308,-0.07572174716484022,0.04100122449708093,0.0003395060402905381
0.86,5,seg5,-0.766714407302521,0.004731808638910212,0.08608414703584903,-0.08260438935571926,0.008563948870938042,0.00025016190839480257
0.86,6,seg6,-0.9289231777051714,-0.018345997842044902,0.08614743342595417,-0.09571345140428189,-0.012961064687925869,0.0003118501493875464
0.88,0,head,0.009470750428447937,-0.10156248341236121,0.08740403662219606,-0.004940240888293856,-0.10457371896206072,4.432592594183493e-05
0.88,1,seg1,-0.11227368873333111,-0.04216147779239619,0.08608442515625497,-0.034662861541308966,-0.044161449504738,0.00025770185658556544
0.88,2,seg2,-0.27361864935056907,0.02302635107562187,0.0860112098239717,-0.049350932277715205,0.022385098480615387,0.00018253602808825098
0.88,3,seg3,-0.43476984643019806,0.05276393015759301,0.08607510254853666,-0.06394188743134663,0.053527630998493204,0.00024455404277190507
0.88,4,seg4,-0.5971321480802773,0.04291879742621637,0.08613243685956953,-0.0769961360848433,0.04516032558645488,0.0003000830635520729
0.88,5,seg5,-0.7649243164131087,0.004569118004595176,0.08600612348445694,-0.08439306410423929,0.008386364303588226,0.0001721383570027074
0.88,6,seg6,-0.9252092962986379,-0.027400356134109915,0.08604923770024968,-0.09935184149069728,-0.022046021306436393,0.00021365442368305454
0.9,0,head,0.010973431330978663,-0.10335756697946372,0.0874984423519114,-0.006427928613807478,-0.10638124770009641,0.0001387316556571705
0.9,1,seg1,-0.1121228928643754,-0.04439429558505823,0.08610927203606925,-0.03479506764328672,-0.04639544508125854,0.00028254873639983746
0.9,2,seg2,-0.27309012639283914,0.022153944624894138,0.08598175298157054,-0.04987217557568064,0.021508323163665174,0.0001530791856870911
0.9,3,seg3,-0.43309665494542576,0.05510000351401874,0.08603868940433324,-0.06563446493364417,0.05584969686100122,0.00020814089856847906
0.9,4,seg4,-0.5957475825268063,0.04653745661939076,0.08610963089445843,-0.07841077307578852,0.04876733519441785,0.00027727709844097004
0.9,5,seg5,-0.7638145436621082,0.0045016905863237,0.08601121610144305,-0.08550223719034854,0.008309702184291497,0.0001772309739888206
0.9,6,seg6,-0.9222728726389833,-0.03585105907119584,0.08610205167906845,-0.10221782520127283,-0.030520872420728765,0.00026646840250182935
0.92,0,head,0.012818316644488738,-0.1035039391809233,0.08743897319108279,-0.0082715317125279,-0.10654297047350433,7.926249482856362e-05
0.92,1,seg1,-0.11178741053903916,-0.04623361717677679,0.08604571820786044,-0.03511522901417842,-0.04823749529907129,0.0002189949081910364
0.92,2,seg2,-0.2727011718827934,0.020635546909183407,0.08593083446890917,-0.050248478443557384,0.01998674063696292,0.0001021606730257224
0.92,3,seg3,-0.4314292803463822,0.05632440274144853,0.08602233428991522,-0.06731197288915573,0.057060175518654103,0.00019178578415046665
0.92,4,seg4,-0.5945896814422115,0.049439840504391666,0.08611335409076509,-0.07959279163313782,0.05165998091548668,0.00028100029474763255
0.92,5,seg5,-0.762710095071029,0.0051340974667580174,0.08604323213831996,-0.08661191127287546,0.008932894436508023,0.0002092470108657346
0.92,6,seg6,-0.9196068453796716,-0.04221787962135091,0.08617215976878748,-0.10483076677861365,-0.03690966272702175,0.0003365764922208525
0.9400000000000001,0,head,0.014575582729659552,-0.10270537679774162,0.08739460739689342,-0.010035383647534077,-0.10575906210830169,3.4896700639192035e-05
0.9400000000000001,1,seg1,-0.11151074196993437,-0.04782191384144451,0.08603843535153627,-0.03537866803665014,-0.04982803975728374,0.00021171205186686082
0.9400000000000001,2,seg2,-0.27246462922756665,0.018838438367189177,0.08597715974721658,-0.05047005492594501,0.018187725516990067,0.00014848595133312714
0.9400000000000001,3,seg3,-0.4303628206337028,0.05714161273934047,0.08609410471561253,-0.06838519759184869,0.05786848068185634,0.00026355620984777617
0.9400000000000001,4,seg4,-0.593737581649997,0.05210547561633988,0.08614895138693604,-0.08046704894603697,0.054318431358271954,0.00031659759091857975
0.9400000000000001,5,seg5,-0.7616986803529922,0.005625298571774152,0.08599152382313184,-0.08762737939871267,0.009415660158936771,0.00015753869567761147
0.9400000000000001,6,seg6,-0.9158167107106583,-0.04854700181876222,0.0860514030719568,-0.10856809060371797,-0.04327011233563306,0.00021581979539017637
0.96,0,head,0.016166891740665067,-0.10158739453337237,0.08755129771192607,-0.011635942903346847,-0.10465436360627751,0.00019158701567184577
0.96,1,seg1,-0.1112853001174122,-0.049184889411720785,0.08612069975216408,-0.035592757545317544,-0.05119284454783351,0.0002939764524946681
0.96,2,seg2,-0.2723752319320027,0.01735959992682684,0.08597377078271663,-0.05054714022198007,0.016708194217463362,0.00014509698683318195
0.96,3,seg3,-0.4295745298383158,0.05859909022710461,0.08603386020694857,-0.06918559218895728,0.05931934645590563,0.00020331170118381703
0.96,4,seg4,-0.5932803833898356,0.05568119759370892,0.08605955304668521,-0.08095399338563684,0.05789022404840301,0.00022719925066774782
0.96,5,seg5,-0.7608566660958507,0.00681004606151488,0.08590978300035122,-0.08847922556699933,0.010593358222618313,7.579787289699325e-05
0.96,6,seg6,-0.9118026259530034,-0.05454486141983717,0.08600727733369036,-0.11253211397729758,-0.049301174839682764,0.0001716940571237363
0.98,0,head,0.017763804791990644,-0.09987992649350433,0.087416324661511,-0.013247012506925391,-0.10296024639283245,5.661396525677431e-05
0.98,1,seg1,-0.11093405196816952,-0.050605187782675774,0.08602639282992844,-0.03593217187456826,-0.05261601728435019,0.00019966953025903067
0.98,2,seg2,-0.27250346756418486,0.0153564162441292,0.08592715904362176,-0.05040223581548525,0.014706147275714591,9.848524773831135e-05
0.98,3,seg3,-0.4290780146954523,0.05943837949852472,0.08603438627315611,-0.06968907583831162,0.06015447398091543,0.00020383776739135717
0.98,4,seg4,-0.5929925317082423,0.05900958606336182,0.08609442566634164,-0.0812695384672918,0.061216101330708775,0.00026207187032417645
0.98,5,seg5,-0.759810091202726,0.00850633690378927,0.08597841132545636,-0.08953988304415335,0.012280879287548062,0.00014442619800213163
0.98,6,seg6,-0.9075974505023263,-0.05932126058902962,0.08611053942191128,-0.116697388077891,-0.05411240973931873,0.00027495614534465973
1.0,0,head,0.019440837763415188,-0.09724143145141863,0.08767413390758447,-0.014945948526980654,-0.10033580129454756,0.0003144232113302392
1.0,1,seg1,-0.1105922974113574,-0.05167348126418621,0.08621594228921671,-0.03626502280320979,-0.05368711830620855,0.00038921898954730194
1.0,2,seg2,-0.27305928245299843,0.01297082423329868,0.08601754605465188,-0.04982658404192546,0.012325264147892255,0.00018887225876842995
1.0,3,seg3,-0.4287785767757239,0.05927734954344406,0.08605718656839441,-0.06998716307549119,0.059990957274654665,0.0002266380626296527
1.0,4,seg4,-0.592438130648469,0.06164268790365091,0.08608146635021574,-0.08184583657388289,0.06384449748211724,0.00024911255419828027
1.0,5,seg5,-0.7585465188656879,0.010486504503917677,0.085976129560959,-0.09081989325656095,0.014250461129346758,0.00014214443350477057
1.0,6,seg6,-0.9025794701349431,-0.06219211570922533,0.08616229674349038,-0.12169129946646653,-0.057024931864411876,0.0003267134669237559
1.02,0,head,0.021546553942154503,-0.09294366163028564,0.08745910591088504,-0.017087363644049343,-0.09605570697818733,9.939521463081524e-05
1.02,1,seg1,-0.11016618724040798,-0.05213899711169946,0.08607739954232889,-0.03668724355840221,-0.054156164696172245,0.0002506762426594811
1.02,2,seg2,-0.2738223980694231,0.010165502440904807,0.08598951775386927,-0.04904014516007295,0.009526391216158362,0.0001608439579858234
1.02,3,seg3,-0.42873959387950167,0.058271828250746366,0.08612428911354626,-0.07001777530693633,0.05898514634433468,0.00029374060778150635
1.02,4,seg4,-0.5913824707953103,0.06358817978219976,0.08617005476285465,-0.08291765288598756,0.06578113533367852,0.00033770096683719
1.02,5,seg5,-0.7568821444375261,0.011954574544582479,0.08596586830826365,-0.09249642930470371,0.015704627131036958,0.0001318831808094223
1.02,6,seg6,-0.8971330889738505,-0.06552103343268852,0.08602620658166321,-0.1271097841896733,-0.06039906645907636,0.00019062330509658776
1.04,0,head,0.023737321508331796,-0.08710089192482513,0.08760635531891124,-0.019326686790649545,-0.09023137420911638,0.0002466446226570135
1.04,1,seg1,-0.10938251005120483,-0.051619471945869196,0.08617215774532519,-0.03747521779550566,-0.053643180352923335,0.00034543444565578174
1.04,2,seg2,-0.2745646361282801,0.007364450677335814,0.08599540328100218,-0.048274618653575435,0.006731614393935973,0.00016672948511872732
1.04,3,seg3,-0.42839650555918535,0.056284750509030985,0.08608405092992724,-0.07034431258189881,0.0569952817873367,0.0002535024241624856
1.04,4,seg4,-0.5892440077648016,0.06466448979466902,0.086146838592017,-0.08506500035489882,0.06683960886814465,0.00031448479599953394
1.04,5,seg5,-0.7550772347392618,0.013765231212537931,0.08598582005167821,-0.09431634722622677,0.01750019816743796,0.0001518349242239786
1.04,6,seg6,-0.8933288111029392,-0.06704919060797518,0.08612794274163878,-0.13090121088082876,-0.06195883506873559,0.0002923594650721534
1.06,0,head,0.026184208290153305,-0.07835780286879893,0.08761419281524856,-0.0218462606793276,-0.08150895432792257,0.0002544821189943286
1.06,1,seg1,-0.10849768831279161,-0.04990451386589148,0.0861681182570751,-0.038374283095160194,-0.051935646367389426,0.00034139495740569126
1.06,2,seg2,-0.2750407542976125,0.0037312803512557636,0.08597361857842489,-0.047768276796972334,0.003102532822281176,0.00014494478254144239
1.06,3,seg3,-0.42786632959794924,0.05257358101584381,0.08606323546292444,-0.07084358078299346,0.05327982800342903,0.00023268695715968069
1.06,4,seg4,-0.5868495315443871,0.06424853624893481,0.08614980623517754,-0.08745593150057478,0.06640373964643013,0.00031745243916007915
1.06,5,seg5,-0.7527533333604128,0.015616706576386374,0.0860022647765424,-0.09665557859921696,0.019332266731857027,0.0001682796490881655
1.06,6,seg6,-0.8900565370369642,-0.06752447744805895,0.08615267390671646,-0.1341694156130343,-0.062461341755853446,0.00031709063014984107
1.08,0,head,0.028958796176076666,-0.06792780348104745,0.08775034668255731,-0.0247075650804239,-0.07110241012299567,0.00039063598630308116
1.08,1,seg1,-0.10701340285149014,-0.04709698482919391,0.0862846701083665,-0.039881885212399444,-0.049140568823120644,0.00045794680869709614
1.08,2,seg2,-0.2747166645484804,8.724650577203317e-05,0.08611771104207264,-0.04806202471882585,-0.0005440723100164034,0.000289037246189186
1.08,3,seg3,-0.42680135122384877,0.047939086627786,0.08625286692965274,-0.071869947707193,0.048636629956072853,0.00042231842388798513
1.08,4,seg4,-0.5841961535261374,0.06280257214633718,0.08632088899710838,-0.0900971823284327,0.06493574061462648,0.00048853520109092
1.08,5,seg5,-0.750449055322635,0.017607003211366965,0.08600469296151528,-0.09897634277012188,0.021303315090780903,0.0001707078340610485
1.08,6,seg6,-0.8876272669961754,-0.06644467453545577,0.0859025782088393,-0.13660758909139095,-0.061401795933308786,6.69949322726765e-05
1.1,0,head,0.032399981209733454,-0.05352698279986292,0.08775326987920395,-0.0282684941084941,-0.05673073050007032,0.00039355918294972647
1.1,1,seg1,-0.10462709247519163,-0.04132992322889461,0.08628158120026456,-0.04231611424984074,-0.04339356910965302,0.00045485790059515696
1.1,2,seg2,-0.27358050287229496,-0.002098424193091864,0.08611988003538132,-0.04917995491733716,-0.0027391239789774217,0.00029120623949786817
1.1,3,seg3,-0.4247672116091748,0.04314099929141425,0.08628991196908217,-0.07386408065762601,0.0438217779505676,0.0004593634633174165
1.1,4,seg4,-0.58187262164412,0.060544846455997774,0.08637895051984194,-0.09240184186297298,0.06265875354201106,0.0005465967238244829
1.1,5,seg5,-0.7481427155630138,0.019770709351145218,0.08610627438085723,-0.10130061194096593,0.023447749787190025,0.0002722892534030019
1.1,6,seg6,-0.8863479841135791,-0.06373003714519317,0.08600705379379373,-0.13790942256067742,-0.0586979005077323,0.00017147051722710138
1.12,0,head,0.036490222461553506,-0.03438115798272411,0.08773107248461107,-0.03251795124309374,-0.03761961343467674,0.00037136178835683875
1.12,1,seg1,-0.10102916905570009,-0.03217535384645998,0.08625481716520285,-0.04599010980287673,-0.03426926364645133,0.000428093865533441
1.12,2,seg2,-0.27144572504362496,-0.002700100647630585,0.08606242095825052,-0.05130965082877585,-0.0033585481132301126,0.0002337471623670706
1.12,3,seg3,-0.4224732072405453,0.038462744303110905,0.0862139948123212,-0.07611906676797149,0.03912459119460464,0.0003834463065564425
1.12,4,seg4,-0.5795958554476173,0.057751548104237355,0.08629959159476575,-0.09465527956857195,0.05984660160765382,0.0004672377987482851
1.12,5,seg5,-0.7458779692879852,0.0218725972236308,0.086115071904009,-0.10358277453239327,0.025530714555168123,0.00028108677655476477
1.12,6,seg6,-0.8852612781011898,-0.059484793157800954,0.08612743412075778,-0.13903142561834397,-0.054461848618486464,0.0002918508441911577
1.1400000000000001,0,head,0.04118156796911672,-0.011579995571922415,0.0876096432219104,-0.03739891649733461,-0.014858288601945215,0.00024993252565616575
1.1400000000000001,1,seg1,-0.09677634696480568,-0.020465694075358514,0.086134443378169,-0.05034024827562062,-0.022595407258837397,0.00030772007849959315
1.1400000000000001,2,seg2,-0.26801317096437666,-0.0022604239345548885,0.08597259186402643,-0.05474574559205447,-0.002947457009342233,0.00014391806814298413
1.1400000000000001,3,seg3,-0.4206938124981501,0.034014665882105354,0.08613723802197618,-0.07786137692019317,0.03466185631319588,0.0003066895162114197
1.1400000000000001,4,seg4,-0.5775925256783747,0.05443143364436495,0.08625468064851494,-0.0966309054392466,0.056509927723431795,0.00042232685249747604
1.1400000000000001,5,seg5,-0.7440457754432857,0.02329829066434087,0.08610651364407014,-0.1054267714682008,0.02694110860361593,0.0002725285166159108
1.1400000000000001,6,seg6,-0.8842529100084169,-0.054955478279280434,0.08614016173203108,-0.14007745789393192,-0.049941083643651435,0.0003045784554644576
1.16,0,head,0.04572721134151032,0.01358397394347663,0.08768976718587079,-0.042153851154610636,0.010266974219471373,0.00033005648961656475
1.16,1,seg1,-0.0923455120034754,-0.007087089623516108,0.08618268453794782,-0.05488228467772888,-0.009254145667285434,0.00035596123827841275
1.16,2,seg2,-0.26368578316618085,-0.0009962563663895307,0.08600829309595297,-0.05908350561056974,-0.0017193516325515186,0.00017961930006951676
1.16,3,seg3,-0.41926564090022816,0.029814040464318424,0.08610788250428326,-0.07925453573435111,0.03044948921951452,0.0002773339985185086
1.16,4,seg4,-0.5760191354150006,0.05079272240415261,0.08620964706188733,-0.09817395490178041,0.05285824663571411,0.00037729326586986855
1.16,5,seg5,-0.7422422186628793,0.02473760749427574,0.0860851870456539,-0.10724224572405262,0.028365363925936277,0.0002512019181996755
1.16,6,seg6,-0.8842493882227461,-0.05026568575412788,0.0861363915776897,-0.1401200143831077,-0.04525148288482664,0.00030080830112307055
1.18,0,head,0.04914858618926758,0.03924552430356735,0.08759927718952311,-0.04578869777554396,0.03589915833972135,0.0002395664932688807
1.18,1,seg1,-0.08733156182131777,0.007050231082829023,0.08617922066308133,-0.06001373116922359,0.004840952419874859,0.00035249736341191884
1.18,2,seg2,-0.2588190484436493,0.001041625069478912,0.08606395490646956,-0.06396703376861927,0.0002779516327661722,0.00023528111058611356
1.18,3,seg3,-0.4177074539761145,0.026039541998831312,0.08612742305443198,-0.08078125217847981,0.026662152153003913,0.0002968745486672253
1.18,4,seg4,-0.574665574784374,0.04715320863942751,0.08624604208894308,-0.09949717566672092,0.04920759277217156,0.0004136882929256236
1.18,5,seg5,-0.741429359354567,0.025650013995806693,0.08621504470961301,-0.10806267116169317,0.029270973102329192,0.00038105958215878255
1.18,6,seg6,-0.8851717865542251,-0.04562207625776327,0.08642482094717462,-0.13923629843090224,-0.040600356789748486,0.0005892376706079921
1.2,0,head,0.050775855504655916,0.060979100907589914,0.08752675675472485,-0.04759680707695178,0.05761843775184466,0.00016704605847062126
1.2,1,seg1,-0.08191202713239049,0.019309287405981562,0.08609831247200059,-0.06553511464989521,0.017054475361114464,0.00027158917233117974
1.2,2,seg2,-0.25312647223703094,0.002187068138300267,0.08598775780846286,-0.0696689467191127,0.0013759736699686033,0.00015908401257941351
1.2,3,seg3,-0.4156933826077677,0.021252485356213727,0.08605747806327796,-0.08275540939016658,0.021858497494365234,0.00022692955751320298
1.2,4,seg4,-0.5737103987890624,0.042404443966945746,0.0862164293057562,-0.10041279290309552,0.04445104232327152,0.00038407550973873494
1.2,5,seg5,-0.7407299957859094,0.025626130321174237,0.08618401582216176,-0.1087618117121481,0.029241269201169973,0.0003500306947075288
1.2,6,seg6,-0.8869021554516872,-0.04141635537768268,0.0862893151017679,-0.13754099519661744,-0.03638037911375346,0.0004537318252012812
1.22,0,head,0.05221488164627302,0.07925803609296546,0.08796084831389066,-0.04918792550552467,0.07588476222869746,0.0006011376176364297
1.22,1,seg1,-0.07720067506654676,0.030020756287845417,0.08642203396931275,-0.07033545891336374,0.027726358927112782,0.0005953106696433424
1.22,2,seg2,-0.24769632772051975,0.003362564445881206,0.08618641133534462,-0.07510868721396598,0.002506232217987807,0.00035773753946116704
1.22,3,seg3,-0.4132617234417151,0.01705570949897764,0.08614318339007773,-0.08515205305312416,0.01764162744089539,0.00031263488431297615
1.22,4,seg4,-0.5718003271663088,0.03832768169000425,0.08624388139307389,-0.10228886600651983,0.040358523053077834,0.00041152759705642694
1.22,5,seg5,-0.7395515859454133,0.026814024580386953,0.08611572314649968,-0.1099500680028062,0.03041931398421116,0.00028173801904544937
1.22,6,seg6,-0.8902453804746007,-0.035372869779162645,0.08602680237545018,-0.13424818808087857,-0.03030927599894881,0.00019121909888356048
1.24,0,head,0.053181474424474726,0.09576880822000823,0.08809198921239822,-0.050291909880271324,0.09238691712829514,0.0007322785161439915
1.24,1,seg1,-0.07355550471416611,0.0402148731452078,0.08655920489364931,-0.07406535228920275,0.03788978260240679,0.0007324815939799001
1.24,2,seg2,-0.24265798855780252,0.0051697887896470915,0.0862992310634338,-0.08016189402614002,0.004271458055794977,0.0004705572675503533
1.24,3,seg3,-0.4099710134253258,0.013683033207735942,0.08617727978809335,-0.08841457708537925,0.014241678218438419,0.00034673128232859396
1.24,4,seg4,-0.5686203089902241,0.03488144844791414,0.0862291157569036,-0.10544008979192503,0.036885940755660096,0.0003967619608861439
1.24,5,seg5,-0.7387095053332345,0.028775223775442133,0.08604147777986718,-0.11080844320990196,0.032373436304817135,0.00020749265241294668
1.24,6,seg6,-0.8930021936711585,-0.027004306294886815,0.08594051085370373,-0.13156112493559938,-0.02191805645448898,0.00010492757713710665
1.26,0,head,0.05351459510885109,0.10999700458788512,0.08776638814901537,-0.05074344540769251,0.10661184795205167,0.0004066774527611422
1.26,1,seg1,-0.07023856032593459,0.04876362946587836,0.08637649987679231,-0.07745333614460598,0.04641063467832507,0.0005497765771229068
1.26,2,seg2,-0.2372947743550583,0.005414750834619411,0.08623223587251005,-0.08552696135521182,0.004471771659690237,0.00040356207662660404
1.26,3,seg3,-0.4045562650352905,0.008082279629248634,0.08614085780507075,-0.09378252082851203,0.008596049755477224,0.0003103092993059914
1.26,4,seg4,-0.5654001895890041,0.029492519566761115,0.08614831467972657,-0.10861524366068383,0.03147039633678985,0.0003159608837091099
1.26,5,seg5,-0.7378746241066895,0.02979743539110089,0.08596501023597952,-0.11165180375029445,0.03338866349539116,0.0001310251085252928
1.26,6,seg6,-0.8951860660661789,-0.017746945892544774,0.0859804236284707,-0.12945438052088165,-0.012642839571477623,0.0001448403519040825
1.28,0,head,0.054364819854743916,0.12231101602556484,0.08720735842635242,-0.05169613463642478,0.11891835610990428,-0.00015235226990180373
1.28,1,seg1,-0.0672098449209235,0.05537634379084763,0.08596726454870131,-0.08053698662895896,0.052997910855771706,0.00014054124903190024
1.28,2,seg2,-0.23158925088295731,0.0044078732813422,0.08604229000784012,-0.0912239065860838,0.0034174398659082084,0.00021361621195667424
1.28,3,seg3,-0.39929242967544004,0.0016861891214290205,0.0861335378125422,-0.09899293689449218,0.002156368016740788,0.0003029893067774403
1.28,4,seg4,-0.5621834131063965,0.023359718214094664,0.0862770667324705,-0.11178086320920746,0.025311033038273652,0.00044471293645304
1.28,5,seg5,-0.7361403610156407,0.029899183806041903,0.08625459587218408,-0.11338685365538032,0.03347597349198656,0.00042061074472984905
1.28,6,seg6,-0.896441936546857,-0.009490633288487465,0.0864352609051367,-0.12826727379479055,-0.004376359903522666,0.0005996776285700778
1.3,0,head,0.05413361143844772,0.13202243650446507,0.08776671896120346,-0.05154576586544632,0.12863136461820932,0.0004070082649492296
1.3,1,seg1,-0.06533793809921873,0.060562968285966884,0.08643311989777235,-0.08245199874440108,0.058168775135562754,0.0006063965981029373
1.3,2,seg2,-0.22686009861911138,0.003246433085823795,0.08640867100814195,-0.09594322794968427,0.002216677471697655,0.0005799972122585012
1.3,3,seg3,-0.3947778604141645,-0.004587010066677197,0.08637173741729731,-0.10345513568485934,-0.004154190248698512,0.0005411889115325558
1.3,4,seg4,-0.5584368258025374,0.017101062977962378,0.08637832403967263,-0.11547522769942588,0.019021410410324513,0.0005459702436551722
1.3,5,seg5,-0.7339721842199525,0.030083866435234276,0.08618616174441424,-0.11555649252563877,0.033642603210599545,0.00035217661696000657
1.3,6,seg6,-0.8968105506591917,2.7533519813527883e-06,0.08622470789298013,-0.12797768931362896,0.0051197659958857255,0.00038912461641350815
1.32,0,head,0.05308704254378578,0.1407926632618275,0.08789255039389267,-0.0505722309670553,0.1374099985454322,0.0005328396976384403
1.32,1,seg1,-0.06405755503703832,0.06564606815187898,0.08641621023391297,-0.08377464591795608,0.06324104183665052,0.0005894869342435577
1.32,2,seg2,-0.22282518285458264,0.0020701272191080418,0.08628107888227145,-0.09996821312986419,0.0010068283006469281,0.0004524050863879969
1.32,3,seg3,-0.39088389041331717,-0.011419725210159692,0.08620395075303053,-0.10729209966022506,-0.011019079617760795,0.0003734022472657722
1.32,4,seg4,-0.5560438114158723,0.010054894844520039,0.08621078859556643,-0.11780951140760051,0.011955568437246692,0.00037843479954896564
1.32,5,seg5,-0.731225074623077,0.029804145895063056,0.08603609659807512,-0.11830117874880215,0.03334002718128498,0.0002021114706208943
1.32,6,seg6,-0.8957098149215156,0.010637698140525502,0.08601685545681495,-0.12916690538246303,0.015745180574206694,0.00018127218024832636
1.34,0,head,0.0520427077293164,0.14873746940992186,0.08761422168596009,-0.049594059799644735,0.14536322186070008,0.0002545109897058584
1.34,1,seg1,-0.06315850744307538,0.07041269108001792,0.08608949708873508,-0.08471333668159738,0.06800001655453843,0.00026277378906566784
1.34,2,seg2,-0.21988575534653038,0.0009463139520889828,0.08592859123330111,-0.10289818491579449,-0.00014141194731539296,9.991743741766257e-05
1.34,3,seg3,-0.3878765637500403,-0.018021358486797995,0.08588022298157132,-0.1102443743884354,-0.017645515274049815,4.967447580656037e-05
1.34,4,seg4,-0.5537887333619781,0.003133158732116604,0.08595719614503523,-0.12000689925343781,0.005015302268490548,0.00012484234901777302
1.34,5,seg5,-0.7278860800203599,0.02924646715967654,0.08589139899111767,-0.12163541592926395,0.03275457611393838,5.741386366343859e-05
1.34,6,seg6,-0.8933771692842762,0.020935231309399782,0.08593461428294746,-0.13158518027980687,0.026022941592718462,9.903100638083973e-05
1.36,0,head,0.05219461275189111,0.15441075615759403,0.08774286402929549,-0.04979318036097037,0.15103504772714274,0.0003831533330412584
1.36,1,seg1,-0.06272545141614637,0.07397812360650916,0.08637842682792633,-0.08517605408145618,0.07156172109468296,0.0005517035282569249
1.36,2,seg2,-0.2180717300645471,0.0002559907630659188,0.08635333303575746,-0.1047064015527789,-0.0008468100068481573,0.0005246592398740063
1.36,3,seg3,-0.3855247837368727,-0.02314575763399274,0.08630061930714746,-0.11255342072410816,-0.022789311621996135,0.0004700708013826993
1.36,4,seg4,-0.5512679606359339,-0.002649688717890739,0.08626160961330175,-0.12247945194669269,-0.0007883261607523419,0.0004292558172842853
1.36,5,seg5,-0.7241280580527382,0.028982919575974507,0.08606474834337671,-0.12539111411869366,0.0324597582945788,0.00023076321592248317
1.36,6,seg6,-0.8896862079772617,0.031138961861309412,0.0860687136786005,-0.13536094304231874,0.0361955974950026,0.00023313040203387647
1.3800000000000001,0,head,0.052578732053448644,0.15838176030419165,0.0875037839604685,-0.050210338448695775,0.1550027171564134,0.00014407326421427002
1.3800000000000001,1,seg1,-0.06239245596778491,0.07674112421327811,0.08593631397778144,-0.08553203544011097,0.07432185435123484,0.00010959067811203149
1.3800000000000001,2,seg2,-0.21679984107320352,-0.00036757909152851343,0.0858142754271651,-0.1059730562905621,-0.0014809446494539252,-1.4398368718346322e-05
1.3800000000000001,3,seg3,-0.38369077629137144,-0.027408392062122342,0.08594606806230462,-0.11435188520453775,-0.027067063495380687,0.00011551955653986423
1.3800000000000001,4,seg4,-0.5482675443707686,-0.007743402926325272,0.08633949205716812,-0.12543736746748826,-0.005906837465055357,0.0005071382611506609
1.3800000000000001,5,seg5,-0.7195108583225516,0.029173278849126884,0.08665983181330363,-0.13000973833854,0.03261168036413914,0.0008258466858493962
1.3800000000000001,6,seg6,-0.8846982487982764,0.042080010030132745,0.08703459381795625,-0.14043979570807447,0.04709475009516653,0.001199010541389628
1.4000000000000001,0,head,0.05284808105483459,0.16114066942172167,0.08750849656461686,-0.05050264151014235,0.15775928881766332,0.0001487858683626303
1.4000000000000001,1,seg1,-0.06254580557594627,0.07954793511910321,0.08628084258820734,-0.08540205323797097,0.07712984441362776,0.0004541192885379325
1.4000000000000001,2,seg2,-0.21602316072846922,0.00022668468300731997,0.08639307848276344,-0.1067546560018163,-0.0008931660491798392,0.0005644046868799879
1.4000000000000001,3,seg3,-0.3818866142942128,-0.030278653731269024,0.08637360519159454,-0.11613209448840689,-0.029952242426854653,0.000543056685829782
1.4000000000000001,4,seg4,-0.5444837291711728,-0.011673614100782331,0.08629557342825626,-0.12918833903905635,-0.009868406549180562,0.0004632196322388038
1.4000000000000001,5,seg5,-0.7150427492140008,0.031116430615975067,0.08593120940431002,-0.13449386622190215,0.03451757514582518,9.722427685579516e-05
1.4000000000000001,6,seg6,-0.8778544264160418,0.05569519937414125,0.08583053238693157,-0.14739670512662018,0.06065250422377385,-5.0508896350526244e-06
1.42,0,head,0.052838453262622806,0.16214867133351415,0.0874687660120684,-0.05050140401293541,0.1587673359480894,0.00010905531581417716
1.42,1,seg1,-0.06272570390616797,0.08173930586326884,0.08581989660678574,-0.08524040070417811,0.0793226366075918,-6.82669288366855e-06
1.42,2,seg2,-0.2153029490500839,0.0006119687235340602,0.08559983894039169,-0.10747804958949368,-0.0005138899349430797,-0.00022883485549175797
1.42,3,seg3,-0.37962937949051184,-0.03362576801001203,0.08570918799506437,-0.1183613918691436,-0.033318028537360614,-0.00012136051070038567
1.42,4,seg4,-0.5422014274845858,-0.016736209885153217,0.08618236871724386,-0.13142842386642234,-0.01494982338212132,0.00035001492122639644
1.42,5,seg5,-0.7114001800257994,0.0302662039971844,0.08663472485923018,-0.13812923249111095,0.03363705956868957,0.000800739731775954
1.42,6,seg6,-0.8718818650457777,0.06501996112742851,0.08721249963754434,-0.1534466729456086,0.0699272311989341,0.0013769163609777119
1.44,0,head,0.05291582363576823,0.16345523113679447,0.08737943833848394,-0.05058964667191588,0.16007320651109502,1.9727642229711018e-05
1.44,1,seg1,-0.06341539892656584,0.08423998714002515,0.08617873130985279,-0.08457154364198029,0.08182897184042885,0.0003520080101833828
1.44,2,seg2,-0.21464736223061312,0.002359195212019268,0.08634632225575382,-0.10814815649239581,0.001227819345788134,0.0005176484598703734
1.44,3,seg3,-0.3780975724358764,-0.03491054944828464,0.08637162805180255,-0.1198824521655107,-0.034615515250716586,0.0005410795460377982
1.44,4,seg4,-0.5401279107082243,-0.019263775562428878,0.08628492915003351,-0.13348083098077124,-0.01749456012907568,0.0004525753540160493
1.44,5,seg5,-0.7069828024296229,0.03174711123175466,0.08587151266131572,-0.14255878319237056,0.035081148086708334,3.752753386149221e-05
1.44,6,seg6,-0.8646443596443179,0.07686723533011523,0.08568558948871582,-0.16078253675437626,0.08171385466137136,-0.00014999378785079953
1.46,0,head,0.05318242920140444,0.16299839763340856,0.08767999161664744,-0.050852440613266735,0.1596141697785505,0.0003202809203932122
1.46,1,seg1,-0.06431319933011981,0.08568603271190839,0.08606003442966588,-0.08368581029406608,0.08328244003646407,0.00023331112999647186
1.46,2,seg2,-0.21375950354083323,0.0035514567911981705,0.08588387929820088,-0.10904590804774093,0.002412649658963919,5.520550231742638e-05
1.46,3,seg3,-0.37596278307459186,-0.03755169541492479,0.08596266734947784,-0.12199518437282117,-0.03727433834634603,0.00013211884371308602
1.46,4,seg4,-0.537945344522938,-0.024168029926326558,0.08640899831435636,-0.13562250169409643,-0.02241681089209697,0.0005766445183389007
1.46,5,seg5,-0.7042645875870831,0.02998276480701218,0.0868784560192618,-0.14526221858830754,0.03329423810129774,0.001044470891807564
1.46,6,seg6,-0.8592884056046917,0.08371007815127716,0.08753735495361495,-0.1661952607002982,0.08851188092145518,0.0017017716770483249
1.48,0,head,0.053356077696922743,0.16288480943265313,0.08739917633060532,-0.05102513765829561,0.15949914017374417,3.9465634351087964e-05
1.48,1,seg1,-0.0650666554909374,0.0876692450014571,0.08602783548409819,-0.08294888722011555,0.0852718549139336,0.0002011121844287811
1.48,2,seg2,-0.21374367193550559,0.00548959801567255,0.08607004873238344,-0.10907787094932209,0.004350591974580009,0.0002413749364999912
1.48,3,seg3,-0.3745499139630521,-0.03852699348470278,0.08606303369503987,-0.12339988678717181,-0.03826136244846929,0.00023248518927511397
1.48,4,seg4,-0.535932496217332,-0.027327175130478266,0.08604909729939714,-0.13760898557627227,-0.025592600322725693,0.00021674350337967663
1.48,5,seg5,-0.701056040350198,0.029559872992564983,0.08575347886937917,-0.148467134801501,0.032844655046123876,-8.05062580750554e-05
1.48,6,seg6,-0.8525472339317487,0.09186883448471996,0.0856765652052565,-0.17300410711608524,0.09661424544764949,-0.00015901807131012136
1.5,0,head,0.05404354787114344,0.1613077599743337,0.08783091179652577,-0.05169945767033251,0.1579164232831612,0.0004712011002715455
1.5,1,seg1,-0.06593955144298184,0.08953879557648602,0.0862606106673041,-0.08209158244508573,0.0871486061543235,0.0004338873676346944
1.5,2,seg2,-0.21414842064932443,0.008186136133824426,0.08611149060424625,-0.10869558050996968,0.007050405554057536,0.00028281680836279854
1.5,3,seg3,-0.37302661474236565,-0.03896743672420966,0.08613231210987683,-0.12491946727400702,-0.03871446939697015,0.00030176360411207637
1.5,4,seg4,-0.5341223087652108,-0.03059495882245483,0.08643656631907311,-0.1393919113879891,-0.028875337658988958,0.0006042125230556472
1.5,5,seg5,-0.6986276528664577,0.02769027305910313,0.08672616973310064,-0.15087987681548967,0.03095490753502069,0.0008921846056464122
1.5,6,seg6,-0.8467148770396172,0.09656261627621097,0.08727260842957442,-0.17887533000615846,0.10125931984916765,0.0014370251530077954
1.52,0,head,0.05502398927049755,0.16024160956608915,0.08746159452464082,-0.05267099115510176,0.15684214924063877,0.00010188382838659249
1.52,1,seg1,-0.06665343028166464,0.09150901848308163,0.08606840910268121,-0.0813941272070258,0.08912470268253997,0.00024168580301180131
1.52,2,seg2,-0.21510974836547392,0.011039056424113658,0.08610540065813455,-0.1077580319729854,0.009911228495320383,0.0002767268622510949
1.52,3,seg3,-0.37222759654350374,-0.03855248378031084,0.08610129185145027,-0.12572191159724475,-0.03830618134202341,0.00027074334568551184
1.52,4,seg4,-0.532269470635497,-0.033394696204089185,0.08602559496543292,-0.1412213821172254,-0.03169039989480623,0.00019324116941546454
1.52,5,seg5,-0.6960728352266946,0.025142538331833077,0.08558960929484402,-0.15341340024683844,0.028385996396988827,-0.000244375832610208
1.52,6,seg6,-0.8407096941443385,0.09999609342327853,0.08537315388050493,-0.18490888294507224,0.10464269477008185,-0.00046242939606169764
1.54,0,head,0.059111760676287275,0.1501926670004271,0.08889082729677104,-0.056674980007615894,0.1467595307800999,0.0015311166005168159
1.54,1,seg1,-0.06540412325331976,0.09222691617245363,0.08726111609498355,-0.08264936627962162,0.08983217707357823,0.0014343927953141405
1.54,2,seg2,-0.2192646501889809,0.017055200921787354,0.08687377851087877,-0.10365334860318162,0.01596174733353628,0.001045104714995318
1.54,3,seg3,-0.3701990998116688,-0.031801735100646086,0.0870052197586512,-0.1278065269652417,-0.031572550412550665,0.00117467125288645
1.54,4,seg4,-0.5298247954583242,-0.03398242133411166,0.08769071797728377,-0.1436610807642646,-0.03229845257460823,0.0018583641812663088
1.54,5,seg5,-0.6945065367075378,0.019132634124815525,0.0888224881635446,-0.1549296219211596,0.02236326350712936,0.0029885030360903703
1.54,6,seg6,-0.8369595871994121,0.09847827533973161,0.09041316061247959,-0.18864622664268196,0.10309371577806747,0.0045775773359129635
1.56,0,head,0.06700093177427052,0.134528863514401,0.08861144039278988,-0.06443350237102352,0.13103060548333587,0.0012517296965356556
1.56,1,seg1,-0.063323129463728,0.09139802887696438,0.08714774696997821,-0.08472338885771638,0.08898599763275199,0.001321023670308799
1.56,2,seg2,-0.2241459640224284,0.02676848704018918,0.08681653713076788,-0.09885305102214088,0.025715325912148177,0.0009878633348844312
1.56,3,seg3,-0.37089752565990075,-0.018780335391903435,0.08704137414326879,-0.12721650709112242,-0.018545788512975444,0.0012108256375040344
1.56,4,seg4,-0.5269651866810624,-0.02799767329305368,0.08771037213453382,-0.1465704036900436,-0.02633771339335442,0.001878018338516363
1.56,5,seg5,-0.6906309586288953,0.010889396528895168,0.08881819235861288,-0.15873645432706174,0.014088053628340739,0.0029842072311586504
1.56,6,seg6,-0.8366878223602451,0.08700124476254172,0.0904382786428081,-0.1888224546254612,0.09161482076611024,0.004602695366241472
1.58,0,head,0.07498815560672843,0.11845216673317882,0.08849296602447085,-0.07228663741337103,0.1148879850658148,0.0011332553282166202
1.58,1,seg1,-0.06139198885470789,0.0908447445581384,0.0867062072667903,-0.08664985738856155,0.08841665890354658,0.0008794839671208976
1.58,2,seg2,-0.22540847846433718,0.0396969267179222,0.08630312839095501,-0.09769818835457397,0.03865382611253595,0.0004744545950715606
1.58,3,seg3,-0.3730119506512906,-0.0032991148118826624,0.08625936714319941,-0.12523101109525964,-0.0030475050809001445,0.0004288186374346581
1.58,4,seg4,-0.5255967463074532,-0.020146574282282045,0.08604402045425302,-0.14800414417455335,-0.018498276362796634,0.00021166665823556252
1.58,5,seg5,-0.6876182275462059,0.0030388011921610157,0.0853739288457645,-0.1616837377282255,0.0062126541927684485,-0.00046005628168972745
1.58,6,seg6,-0.8372603503039339,0.0685709705696145,0.08453267013646099,-0.1880965447306481,0.0731899503487275,-0.0013029131401056382
1.6,0,head,0.08079161357572077,0.09888480491744062,0.08874678817815898,-0.0779270281802106,0.09527299679616538,0.0013870774819047527
1.6,1,seg1,-0.057595315492617115,0.08480649950190301,0.08714544669729699,-0.09039614075503312,0.08234702193631166,0.0013187233976275775
1.6,2,seg2,-0.22374818114955733,0.04577425986392102,0.0868712465071646,-0.09940901198081563,0.04471712949111404,0.0010425727112811506
1.6,3,seg3,-0.37332387725900323,0.005663590978519575,0.08692654439265556,-0.12499369510799675,0.005917486520658438,0.0010959958868907993
1.6,4,seg4,-0.5242107092602436,-0.015614125206475378,0.08702563897514629,-0.1494278584092508,-0.01397752077342503,0.0011932851791288251
1.6,5,seg5,-0.6859950837019151,-0.0008550832468594153,0.08692478685988854,-0.1632744151501533,0.0023053946284774507,0.00109080173243431
1.6,6,seg6,-0.8359130754720548,0.059154808348732345,0.08687898175630687,-0.18936539879729253,0.06376290044964608,0.0010433984797402485
1.62,0,head,0.08532000350985355,0.07688045325130163,0.08796691659771183,-0.08227211113957046,0.07323171594147022,0.0006072059014576026
1.62,1,seg1,-0.051243458858599114,0.07778624914802683,0.08660930610150405,-0.09668934530005004,0.07527414598090988,0.0007825828018346442
1.62,2,seg2,-0.22071043897057868,0.05177585754942071,0.08649983765018289,-0.10249660238344183,0.05069323506494119,0.0006711638542994391
1.62,3,seg3,-0.3720280915454402,0.014518014552525795,0.0866779368179959,-0.12636313447945313,0.014760818090335994,0.0008473883122311482
1.62,4,seg4,-0.5234350802296363,-0.011653767516376442,0.08691514027655857,-0.15023642404993243,-0.01002375610777617,0.0010827864805411092
1.62,5,seg5,-0.6867258047613708,-0.004947920491782309,0.08702392408104466,-0.1625096532501628,-0.001781218788089537,0.0011899389535904303
1.62,6,seg6,-0.8351034953516062,0.04944767211697186,0.08732746643171047,-0.19009415489707146,0.054049362044913646,0.0014918831551438416
1.6400000000000001,0,head,0.0899379069061427,0.05958677259170494,0.08829189154302876,-0.08674591306494768,0.05590019786419466,0.0009321808467745302
1.6400000000000001,1,seg1,-0.045424515136484205,0.07115412457674576,0.08663083570589893,-0.10245288590327446,0.06859381798885048,0.000804112406229518
1.6400000000000001,2,seg2,-0.21713392478915453,0.05586385232378699,0.0861562568656029,-0.10610701852208855,0.0547513196217223,0.00032758306971944484
1.6400000000000001,3,seg3,-0.3702102371738511,0.020887656954258406,0.0860346948889697,-0.1282339426995518,0.021115109195226963,0.00020414638320494227
1.6400000000000001,4,seg4,-0.5228239869675643,-0.008935535447045126,0.08594102932123078,-0.1508701209644499,-0.007310704545751211,0.0001086755252133198
1.6400000000000001,5,seg5,-0.6873845520352333,-0.008931058999975846,0.0856329676514405,-0.16181777570454495,-0.005758736331499298,-0.00020101747601372622
1.6400000000000001,6,seg6,-0.8363996814890607,0.03944277927104612,0.08549134710844657,-0.1887147393471502,0.04405560438815663,-0.0003442361681200573
1.6600000000000001,0,head,0.09473738456560443,0.0427412929320175,0.08749193539197408,-0.091405013501502,0.03901535395353255,0.00013222469571985696
1.6600000000000001,1,seg1,-0.040040123737230815,0.060974016418147724,0.08664513643855679,-0.10775235809631899,0.058369246245601664,0.0008184131388873778
1.6600000000000001,2,seg2,-0.21237777611576486,0.056365186430611044,0.08690539925315256,-0.11086717522706781,0.05521304923096693,0.001076725457269112
1.6600000000000001,3,seg3,-0.3685333669832747,0.025896672784282097,0.08710690988329409,-0.1299524466392636,0.02610999432208493,0.0012763613775293309
1.6600000000000001,4,seg4,-0.5217380853044662,-0.004690512350593574,0.0873584862295564,-0.15199131786213324,-0.0030748668449067486,0.0015261324335389403
1.6600000000000001,5,seg5,-0.6855487965843433,-0.010384220536067707,0.08775147291997022,-0.16364137238050108,-0.007227127181561612,0.0019174877925159928
1.6600000000000001,6,seg6,-0.8399470313127186,0.030489939920861336,0.0886973991626653,-0.18509299470951138,0.035132601027147395,0.0028618158860986703
1.68,0,head,0.09907558655616751,0.032451110059242144,0.09057389031159194,-0.09565741633431186,0.02868941911879515,0.003214179615337709
1.68,1,seg1,-0.03386921128132929,0.05802930246169903,0.08920788699899895,-0.1138985468824921,0.05537327157536511,0.003381163699329545
1.68,2,seg2,-0.20707658613565688,0.06264447533482805,0.08869701407636602,-0.1162204463490798,0.061447996916384647,0.0028683402804825647
1.68,3,seg3,-0.36641296978772786,0.03474010565198552,0.0880154175383984,-0.13214637744873933,0.03493547202901331,0.002184869032633638
1.68,4,seg4,-0.5204092566158199,0.0010109215868537593,0.08735935623510942,-0.1533675556002923,0.002615309278451325,0.0015270024390919568
1.68,5,seg5,-0.6854930543346015,-0.012811997877271905,0.08677639743284836,-0.16367690543764493,-0.009655284387904736,0.0009424123053941302
1.68,6,seg6,-0.8445375811204989,0.018077434441754237,0.08685277350246531,-0.18039929018174974,0.022758734306861966,0.0010171902258986898
1.7,0,head,0.1040285366596158,0.021418851675565186,0.08961144997091561,-0.10051836942458488,0.01761631770940619,0.0022517392746613796
1.7,1,seg1,-0.02887525556861289,0.05465677418610951,0.08762048984750566,-0.1188642588429785,0.05195929363852972,0.0017937665478362508
1.7,2,seg2,-0.2013204490564511,0.06896304608766445,0.08696937441211613,-0.12202897576783212,0.06771843840180804,0.0011407006162326844
1.7,3,seg3,-0.3628848319230404,0.04576862933418455,0.08685127251539433,-0.13576618745818633,0.045934247728875756,0.0010207240096295755
1.7,4,seg4,-0.5198782605090919,0.01015031997647681,0.08691017184300359,-0.15397460380468544,0.011749971410525317,0.0010778180469861315
1.7,5,seg5,-0.6870552012257622,-0.011258632932089705,0.08667243123394013,-0.16212774187259196,-0.008088970941962165,0.0008384461064858961
1.7,6,seg6,-0.8478829055119732,0.007968565086301477,0.08620611362532105,-0.17696994192575244,0.01267805945503475,0.00037053034875442203
1.72,0,head,0.1076250251520584,0.011225917218554055,0.08699112219834265,-0.10402989388552755,0.00739380146927777,-0.0003685884979115761
1.72,1,seg1,-0.025442163881106025,0.05034421149199375,0.0856828922455586,-0.12226133660259408,0.04761830547690648,-0.0001438310541108101
1.72,2,seg2,-0.19714286770850084,0.07117304393103296,0.08569655351045151,-0.12622480701003336,0.06989358818329991,-0.00013212028543194143
1.72,3,seg3,-0.35981626626829627,0.05108558893299326,0.08585100427400669,-0.1388789017804717,0.05122548237685882,2.045576824193096e-05
1.72,4,seg4,-0.5178305914509163,0.01424787393428686,0.08604676113789228,-0.15605630734347944,0.01583033994599672,0.0002144073418748199
1.72,5,seg5,-0.6878521705658224,-0.011991611722793255,0.08606519750527515,-0.1613246992939795,-0.008815290880764456,0.00023121237782092185
1.72,6,seg6,-0.849974013236234,0.0008788029136071185,0.08625435161902383,-0.17481989600324896,0.005605947909624377,0.0004187683424572014
1.74,0,head,0.10892185543628735,0.006865927388462062,0.08806790720493644,-0.10529038948845836,0.0030231686845022324,0.0007081965086822156
1.74,1,seg1,-0.022967837573190507,0.04789507196249646,0.08673347120096071,-0.1247151921334975,0.04514865607956243,0.0009067479012913049
1.74,2,seg2,-0.19422765174656811,0.07270475035893056,0.08663720242284807,-0.12915267093153016,0.07140097716509823,0.0008085286269646219
1.74,3,seg3,-0.35826964859221344,0.05538898649220213,0.08657241455818553,-0.14046128460362464,0.05551585781374384,0.0007418660524207699
1.74,4,seg4,-0.5164340985143715,0.017665051898486394,0.08652117707955369,-0.15748119430379262,0.0192357760283565,0.0006888232835362273
1.74,5,seg5,-0.6875257207918009,-0.014203464294564032,0.08626317254154597,-0.16163272771746173,-0.011029783993084595,0.00042918741409174455
1.74,6,seg6,-0.8514243117058274,-0.009795778306502233,0.08627617299145791,-0.173280799403041,-0.005056192191255979,0.0004405897148912902
1.76,0,head,0.10986352314315881,0.0041347963923130315,0.08693411037404698,-0.10620929239316644,0.00028429445593832256,-0.0004256003222072452
1.76,1,seg1,-0.02122279617545065,0.04526388793304652,0.08554225687601182,-0.12643827279482994,0.04250303858815161,-0.0002844664236575922
1.76,2,seg2,-0.19229010877122613,0.07315931718636852,0.08548654034672934,-0.13109393031354505,0.07183940138125317,-0.00034213344915411115
1.76,3,seg3,-0.3560570855706739,0.06008813221585378,0.08567347164622928,-0.1427128836579581,0.06019642480446192,-0.00015707685953547657
1.76,4,seg4,-0.5163865478279605,0.022836218125110136,0.0859267419824734,-0.15757178481455122,0.024406367345653133,9.438818645593483e-05
1.76,5,seg5,-0.6861599669140608,-0.013836860557593646,0.08601479331026554,-0.16300148566017644,-0.01067456061461141,0.00018080818281131228
1.76,6,seg6,-0.8516875605198609,-0.0192459308294575,0.0861650738960234,-0.17293890269850606,-0.01450382624897756,0.00032949061945677927
1.78,0,head,0.1105387802200521,0.0028413638513135864,0.08751271071511932,-0.10687376037627642,-0.0010147136877538692,0.0001530000188650904
1.78,1,seg1,-0.020055855211820406,0.043430426814749595,0.08617904875764022,-0.12758991278128073,0.04065992811225535,0.0003523254579708146
1.78,2,seg2,-0.19088701618646078,0.07277041305606936,0.08614714110101915,-0.1324937373068864,0.07143883227960834,0.0003184673051356973
1.78,3,seg3,-0.3548423071916048,0.06223357591661261,0.08629536926178975,-0.14394547725488244,0.06233168315138327,0.0004648207560249973
1.78,4,seg4,-0.5152972220595816,0.025260120594749646,0.0864730958157215,-0.15868124785865967,0.026821119002792927,0.0006407420197040437
1.78,5,seg5,-0.6836027799660085,-0.015390367290469288,0.08650189880913384,-0.16554565363398668,-0.01224929791866118,0.0006679136816796077
1.78,6,seg6,-0.8496940897119772,-0.02821232209017093,0.08661568205937789,-0.1748576739621008,-0.023486499288749865,0.0007800987828112671
1.8,0,head,0.1108413070247901,0.00014913849101475196,0.0871689504535833,-0.1071538683441247,-0.003709363829153815,-0.00019076024267092317
1.8,1,seg1,-0.019077348374713657,0.041436600123653876,0.0859007472131162,-0.12855179038833928,0.03865802602341214,7.402391344679682e-05
1.8,2,seg2,-0.18991521102627065,0.0736964861974346,0.0858985936386877,-0.13347321684289873,0.07235678465908577,6.991984280424468e-05
1.8,3,seg3,-0.35397422338395274,0.06627052633082864,0.0860180748563277,-0.14484713197871218,0.06636126835372251,0.00018752635056294709
1.8,4,seg4,-0.5144109459196637,0.029108290811707013,0.0861161437251075,-0.15959952299927596,0.03066177912586516,0.00028378992909003364
1.8,5,seg5,-0.6809531747468337,-0.016787901560760238,0.08606415760410566,-0.1681835348923256,-0.01366883739339542,0.00023017247665142737
1.8,6,seg6,-0.8457015191719154,-0.03859145403538465,0.08614232082378431,-0.17876371696197482,-0.03389850330020767,0.0003067375472176892
1.82,0,head,0.11123745657715427,-0.0018134792844658192,0.08767007770647894,-0.10753366860217799,-0.005675210914872091,0.0003103670102247158
1.82,1,seg1,-0.018468625343960775,0.04018924309743737,0.0862577445967793,-0.1291501101330723,0.03740564558519107,0.0004310212971098959
1.82,2,seg2,-0.189007171159788,0.07510907622326748,0.0860803591434172,-0.134392982748572,0.07376176781162024,0.00025168534753375327
1.82,3,seg3,-0.353337104451702,0.07093155560002998,0.0860571768362477,-0.14552302425989494,0.07101683319661889,0.00022662833048293918
1.82,4,seg4,-0.513839223618977,0.033857072381653225,0.08603481284609404,-0.16021075130809806,0.035405637549411624,0.00020245905007658382
1.82,5,seg5,-0.6786441186069379,-0.017250932607009897,0.08587074267193948,-0.17048865707349278,-0.014151071502901248,3.675754448524693e-05
1.82,6,seg6,-0.8406913083908707,-0.04814793658144894,0.08584249911258572,-0.18369421215802959,-0.043496356593650226,6.915836019097399e-06
1.84,0,head,0.11128516300682978,-0.003792196264607503,0.0873313171500249,-0.10756490380808577,-0.007654256430478556,-2.8393546229327216e-05
1.84,1,seg1,-0.018493587596522226,0.03829692616436837,0.08602301971230492,-0.1291093983125564,0.03551360197129054,0.00019629641263550768
1.84,2,seg2,-0.18808438113404655,0.07558288388949519,0.08601353505343494,-0.13531968448022463,0.07422787835286955,0.00018486125755148852
1.84,3,seg3,-0.35254167843359735,0.07488748624984931,0.08617766251526601,-0.146351349354466,0.07496600619791138,0.0003471140095012565
1.84,4,seg4,-0.5128557425531866,0.03863553883203488,0.08637734692583932,-0.1612339711966928,0.04017575260921236,0.0005449931298218552
1.84,5,seg5,-0.6763233929767061,-0.016640669701124697,0.08645283847280588,-0.1728143817513404,-0.013560145968260821,0.0006188533453516526
1.84,6,seg6,-0.8358875883988179,-0.055910184489577124,0.08665937019424033,-0.18843315777640665,-0.05129831870408934,0.0008237869176737078
1.86,0,head,0.11179065017170813,-0.005065400179339666,0.08750137389796643,-0.10805977613008869,-0.008931623592742006,0.0001416632017122027
1.86,1,seg1,-0.018305702301368597,0.036424122446390636,0.0861121265182486,-0.12928168908224902,0.033639299290057996,0.00028540321857918605
1.86,2,seg2,-0.187445550626214,0.07531087383745146,0.08599739563827456,-0.1359562288218608,0.07395056050771394,0.00016872184239111188
1.86,3,seg3,-0.3515318368420407,0.07785949643371798,0.0860503287343398,-0.14738589307218944,0.07792950815828148,0.00021978022857505053
1.86,4,seg4,-0.5117561546931001,0.04278398350816244,0.08612639881194514,-0.1623680499604407,0.044314901320058275,0.0002940450159276825
1.86,5,seg5,-0.6741772310053846,-0.01576288351749872,0.08606568434429217,-0.1749677755093332,-0.01270025346686817,0.00023169921683793837
1.86,6,seg6,-0.8311819086199647,-0.06280395202395885,0.08616030871425175,-0.1930812952513673,-0.05823101450086278,0.0003247254376851222
1.8800000000000001,0,head,0.11225554657638744,-0.006589896958054425,0.08751769469648554,-0.10851196749729808,-0.010459937062808494,0.00015798400023131487
1.8800000000000001,1,seg1,-0.017945509056267066,0.03428123134836722,0.08612768133078372,-0.129624033799028,0.03149348440366303,0.0003009580311143095
1.8800000000000001,2,seg2,-0.18704080344761798,0.07511670532754522,0.08599226429400465,-0.13635934584593756,0.07375302986780173,0.0001635904981212022
1.8800000000000001,3,seg3,-0.3507464763943058,0.08134101867712298,0.08600485972664029,-0.14820020427371466,0.08140437296590124,0.00017431122087553652
1.8800000000000001,4,seg4,-0.5112095844892783,0.04741663339659883,0.08599420338693124,-0.1629531604380177,0.04894284143479191,0.00016184959091378182
1.8800000000000001,5,seg5,-0.6724897604319147,-0.01476073147316017,0.08582066642963969,-0.17666352890012185,-0.011712181559723383,-1.3318697814540537e-05
1.8800000000000001,6,seg6,-0.8265256212568505,-0.06948519218860419,0.08583000538902119,-0.1976818109630677,-0.06495077917900106,-5.577887545432647e-06
1.9000000000000001,0,head,0.11320884162232438,-0.00636942842783258,0.0873340857232346,-0.10946706455995228,-0.010247410786186179,-2.5624973019625075e-05
1.9000000000000001,1,seg1,-0.017625642373696453,0.03313478941148385,0.08603931745337257,-0.12993434715399224,0.030344419814103452,0.00021259415370315782
1.9000000000000001,2,seg2,-0.1868018607717427,0.07466793820064424,0.08604126578380027,-0.13659454499510934,0.07330228948047933,0.00021259198791681588
1.9000000000000001,3,seg3,-0.349955870028898,0.0837811539510774,0.08623333856566585,-0.14901109337388452,0.08383784321380047,0.00040279005990109806
1.9000000000000001,4,seg4,-0.5107277573969424,0.05133922798626053,0.08642953218662937,-0.1634676200018358,0.05286128972703011,0.0005971783906119077
1.9000000000000001,5,seg5,-0.6709453948051864,-0.013210117325733448,0.08649817802258376,-0.17822074734812202,-0.010174475434275715,0.0006641928951295339
1.9000000000000001,6,seg6,-0.8226879158311386,-0.07462777593667452,0.08673349212444514,-0.20147657988217552,-0.07012512738813922,0.0008979088478785202
1.92,0,head,0.11402057339612695,-0.005978006556581713,0.08778916075551262,-0.11028202616017635,-0.009862758808421633,0.00042945005925838775
1.92,1,seg1,-0.017466979762019563,0.03169176544630556,0.08626815933693568,-0.13008099346352808,0.028900125229084077,0.0004414360372662768
1.92,2,seg2,-0.18639790676538628,0.07360880201463521,0.0859832719624138,-0.1369896694381743,0.07223982772858577,0.00015459816653035086
1.92,3,seg3,-0.3491585956534559,0.08571652910178214,0.08589361846705897,-0.14982444895353786,0.08576651532297531,6.306996129420983e-05
1.92,4,seg4,-0.5101026136977661,0.05522355637286898,0.08579791134093738,-0.16412507270470153,0.05674028026621881,-3.444245508008037e-05
1.92,5,seg5,-0.6698170781728854,-0.011354680933660231,0.08556161467991345,-0.17936446835843461,-0.008328494698126077,-0.0002723704475407762
1.92,6,seg6,-0.8188955672166439,-0.07931911527526112,0.08551956589578609,-0.2052297494303065,-0.0748478692977776,-0.0003160173807805339
1.94,0,head,0.11507570429699793,-0.004932824827057429,0.08712748029361386,-0.11134581993398848,-0.008826395516706474,-0.00023223040264036543
1.94,1,seg1,-0.017161646456256886,0.03010813277118038,0.0859341326931105,-0.13037313504977505,0.02731400601196917,0.00010740939344108802
1.94,2,seg2,-0.18591385043714925,0.07202790950826891,0.08607355494390377,-0.13746055066337418,0.07065496100948503,0.00024488114802032057
1.94,3,seg3,-0.3482020566999785,0.08726690394825125,0.0863978772746144,-0.15079385909869544,0.08730887484801601,0.0005673287688496426
1.94,4,seg4,-0.5100388922473483,0.0587991076643659,0.08670142508124613,-0.16421855254383433,0.06031517732502219,0.000869071285228673
1.94,5,seg5,-0.66922167299074,-0.009741064996924984,0.0868711327220511,-0.17997328362014028,-0.0067198904275533955,0.0010371475945968739
1.94,6,seg6,-0.814887658142152,-0.08369147683022178,0.08722541534066008,-0.20920112693798046,-0.07925343866013329,0.0013898320640934603
1.96,0,head,0.11595473051535371,-0.0039225990332511,0.08778649381585692,-0.11223322417472337,-0.007823521167401133,0.0004267831196026889
1.96,1,seg1,-0.017192668308074917,0.028967354661260308,0.0862534864140826,-0.13033261916712136,0.0261735256243186,0.0004267631144131978
1.96,2,seg2,-0.1858859326455529,0.07104281021615876,0.08596955643362454,-0.137480268153123,0.06966966347117455,0.000140882637741091
1.96,3,seg3,-0.3479715649212769,0.08948071100095115,0.08586488153904004,-0.15104276920344054,0.0895206867492382,3.433303327528281e-05
1.96,4,seg4,-0.509778773381314,0.0633889452807294,0.08570390805579212,-0.16451686526434173,0.06490269088792698,-0.00012844574022534416
1.96,5,seg5,-0.668725263625165,-0.007864282365756257,0.08535173928144889,-0.18048529692527074,-0.004847304600883636,-0.00048224584600534137
1.96,6,seg6,-0.8099620739230792,-0.08866662197971674,0.08525436699460333,-0.2140851306180692,-0.0842694088761585,-0.0005812162819632954
1.98,0,head,0.11750476681548723,-8.364504467849395e-05,0.0872928220251068,-0.11381515977306399,-0.003997601667377302,-6.688867114743036e-05
1.98,1,seg1,-0.016800819399382147,0.029109112718684382,0.08601219300641852,-0.13072563440541096,0.02631201727225142,0.00018546970674911123
1.98,2,seg2,-0.18585641921427767,0.06959145949644197,0.08605166586975377,-0.13749770044939347,0.06821811737500909,0.00022299207387031783
1.98,3,seg3,-0.3470503352832848,0.0898897924889269,0.08629786000737194,-0.15196737186219528,0.08992208634200119,0.0004673115016071844
1.98,4,seg4,-0.5094296022134405,0.06604788799206407,0.08652569071699515,-0.16488815567099388,0.06755863521726818,0.0006933369209776857
1.98,5,seg5,-0.6683907219061921,-0.0058692784913191584,0.08661314216135714,-0.1808364321886772,-0.002855154343613496,0.0007791570339029108
1.98,6,seg6,-0.8067659362450914,-0.09093886588486332,0.08694336417299428,-0.21726224488138343,-0.08656817667172684,0.001107780896427657
2.0,0,head,0.11877966127520295,0.003002582979460116,0.08781221983314355,-0.1151156978536258,-0.0009220919533137887,0.00045250913688932304
2.0,1,seg1,-0.01667131183809707,0.028090603433410164,0.086262061438957,-0.13084666006244183,0.02529246532999623,0.0004353381392875888
2.0,2,seg2,-0.1864699951104514,0.06699042425100937,0.0859599321089265,-0.13686249645797807,0.0656222792410683,0.00013125831304304503
2.0,3,seg3,-0.34667596335897255,0.08996875844505306,0.08590248944175459,-0.15234238808031988,0.089997933530949,7.194093598983375e-05
2.0,4,seg4,-0.5092708513928251,0.06962236505449726,0.08581330999745318,-0.16507665264733243,0.07113166712068263,-1.9043798564280512e-05
2.0,5,seg5,-0.6678088376787,-0.0023918526543335876,0.08559492512324272,-0.18144724012247423,0.0006173078050555395,-0.00023906000421150542
2.0,6,seg6,-0.8032371459090256,-0.09265271826418958,0.08566035851487239,-0.22077664797272994,-0.08831134107141725,-0.00017522476169423706
2.02,0,head,0.12015050981829184,0.007673245425232898,0.08751379629595991,-0.11652537450978703,0.003736998637715377,0.00015408559970568614
2.02,1,seg1,-0.015998780221505745,0.02809855954069092,0.08616297197791944,-0.13151923460421017,0.025294823439790087,0.0003362486782500368
2.02,2,seg2,-0.18653132126902672,0.06466231212800709,0.08609319049917004,-0.13678179471139335,0.06329475820290495,0.00026451670328658805
2.02,3,seg3,-0.34618798993922084,0.08940290370499249,0.08627118251951642,-0.15282563478478825,0.08942803681414137,0.0004406340137516618
2.02,4,seg4,-0.508875880717009,0.07198694849984319,0.08644479366378226,-0.16549129091767886,0.07349288117483319,0.0006124398677647969
2.02,5,seg5,-0.6672290289661575,0.0002063486496520369,0.08651791057877706,-0.18204865451203547,0.003210593152098397,0.0006839254513228282
2.02,6,seg6,-0.7997917679706137,-0.09388624258683999,0.08685878638171457,-0.22421163949852896,-0.08957349978156917,0.0010232031051479462
2.04,0,head,0.12159969652100082,0.012137952283021754,0.08763833474811654,-0.11801167236971176,0.008189488738407497,0.0002786240518623112
2.04,1,seg1,-0.015374741634304976,0.02726850454159986,0.08616109122974011,-0.13213634272932875,0.02445960309658625,0.0003343679300707031
2.04,2,seg2,-0.18696780243136138,0.06110224213380826,0.08598507746548735,-0.1363156969290548,0.059738444517926655,0.0001564036696038995
2.04,3,seg3,-0.3461219497575445,0.08790601707117476,0.08605359864287528,-0.152879213554433,0.08793065235598153,0.0002230501371105198
2.04,4,seg4,-0.5081283797579804,0.07463076503300803,0.08594637295848752,-0.1662607714168164,0.07613038440823455,0.00011401916247005817
2.04,5,seg5,-0.6664892958935286,0.00397636572043248,0.08547534537971054,-0.18281974116491423,0.00697432256671483,-0.0003586397477436942
2.04,6,seg6,-0.7961361647331153,-0.09374168209331858,0.08519849277021428,-0.22786831933552157,-0.0894593711926377,-0.0006370905063523419
2.06,0,head,0.12266830998320045,0.01997777565183602,0.08747897392345462,-0.11914550247754216,0.016020146084528186,0.00011926322720039184
2.06,1,seg1,-0.014537555931768292,0.02901922715190824,0.08613059290602496,-0.1329880713242246,0.026203296865390587,0.0003038696063555474
2.06,2,seg2,-0.18705437646185763,0.05856412348967048,0.08603170609793838,-0.13620800022552176,0.05720113438029597,0.0002030323020549285
2.06,3,seg3,-0.3455768624422182,0.08584990505107214,0.08620244126163824,-0.1534071682301387,0.08587007460183176,0.00037189275587348747
2.06,4,seg4,-0.5068468209123441,0.07591216077878749,0.08638490042503204,-0.1675529513859675,0.07740106889280388,0.0005525466290145775
2.06,5,seg5,-0.6658059053419509,0.00701347927245411,0.0864381938787059,-0.18352838702954288,0.010005642809180764,0.000604208751251667
2.06,6,seg6,-0.7935156935087684,-0.09237111708581876,0.08678168469400929,-0.2305001074914838,-0.08811066478315949,0.0009461014174426685
2.08,0,head,0.12368957373662151,0.029715944261756368,0.08790311712266691,-0.12024778512519023,0.02574947702216073,0.0005434064264126792
2.08,1,seg1,-0.013646785056133239,0.0315016460608557,0.0863976833097941,-0.13389947340680544,0.02867821557843959,0.0005709600101246881
2.08,2,seg2,-0.18658674564778405,0.0554075640848941,0.08620718499352803,-0.1366493416647194,0.054040792058939545,0.0003785111976445793
2.08,3,seg3,-0.34463999349969715,0.0826723380684204,0.08632017294117998,-0.15431755668986435,0.08268481979303333,0.0004896244354152257
2.08,4,seg4,-0.5052608262487032,0.07670747748045596,0.08627451196227746,-0.1691455108172794,0.07818315724240127,0.0004421581662600038
2.08,5,seg5,-0.6649634101240924,0.01115125851289395,0.08578521559192893,-0.18440529328445235,0.014136266328070196,-4.876953552529484e-05
2.08,6,seg6,-0.7916171735023697,-0.08935650075422341,0.08544767066872581,-0.23242365346666152,-0.08511195494015442,-0.0003879126078408096
2.1,0,head,0.12486600988967445,0.04482270011982055,0.08755362452005631,-0.1215499194748041,0.04084591768587088,0.000193913823802086
2.1,1,seg1,-0.012293833681726285,0.03822436879430618,0.08615987823515037,-0.1353083335481239,0.035389444338845215,0.00033315493548095876
2.1,2,seg2,-0.18562939135703627,0.0544400948224945,0.08597889292178529,-0.1375986101991906,0.05306538790625834,0.0001502191259018376
2.1,3,seg3,-0.3433157048629319,0.07966260444087173,0.0860656443058749,-0.1556167483609145,0.07966416789254556,0.0002350958001101494
2.1,4,seg4,-0.5028216363315464,0.07638775373888586,0.08619515634277074,-0.17158195506600377,0.07784314232333718,0.00036280254675327694
2.1,5,seg5,-0.6636985955823866,0.014147441561318254,0.08620563663723332,-0.18569500231953692,0.017121818084328253,0.00037165150977909456
2.1,6,seg6,-0.7903514431767747,-0.08614091946804833,0.08655555037563652,-0.23371610438414755,-0.08190702016844359,0.0007199670990698931
2.12,0,head,0.12589842690205413,0.05906568792066959,0.08802625074713868,-0.12270085022114915,0.05507981893604482,0.0006665400508844566
2.12,1,seg1,-0.010435558910086806,0.04382341835437338,0.08650633451990325,-0.137213146847472,0.04097283286172559,0.0006796112202338417
2.12,2,seg2,-0.18378953048057478,0.05185295543799745,0.08629078192451142,-0.1394168736540968,0.05046302431757073,0.0004621081286279721
2.12,3,seg3,-0.341996028830991,0.07469899669726868,0.08639862735145247,-0.15689506479176255,0.07468974795007957,0.0005680788456877139
2.12,4,seg4,-0.5004596659304771,0.0743467523685828,0.08645554070284624,-0.17392685566235205,0.07578255212589939,0.0006231869068287765
2.12,5,seg5,-0.6619938555450144,0.017220253133146388,0.08611149263679123,-0.18742525941804686,0.02018033405189071,0.0002775075093369994
2.12,6,seg6,-0.7897319632707633,-0.08099133301595847,0.08591977354477562,-0.23437842468679063,-0.07676276825021482,8.419026820899456e-05
2.14,0,head,0.1265281107447811,0.07444978484604088,0.08769843509176449,-0.12345855960901583,0.07045814187564162,0.000338724395510262
2.14,1,seg1,-0.00831857966358267,0.05001654260086628,0.08623164440162708,-0.13938160035693475,0.047148122202288395,0.00040492110195766706
2.14,2,seg2,-0.18093862132660662,0.048946524737085044,0.08605886703112489,-0.14224349278784176,0.0475329651551515,0.00023019323524144097
2.14,3,seg3,-0.3399290091904872,0.06872797958126217,0.08617039177440071,-0.15891231391376132,0.06870173312268492,0.00033984326863595316
2.14,4,seg4,-0.4980026483769972,0.07110605876216655,0.08628894593214989,-0.17635681464986483,0.07252152013784399,0.00045659213613243044
2.14,5,seg5,-0.6603642465406303,0.019609655899125406,0.08608991937337772,-0.18907469982945038,0.02255609022925236,0.00025593424592348923
2.14,6,seg6,-0.7897823695762807,-0.07532005436448487,0.08607199215156051,-0.23437522421394233,-0.07109126650065582,0.0002364088749938903
2.16,0,head,0.1266960182964866,0.08977879536944351,0.08750451491773796,-0.12375405019781344,0.08578522385116333,0.0001448042214837325
2.16,1,seg1,-0.006058604846675482,0.05660818879407252,0.0861109014420973,-0.14169636152458268,0.05372072948143727,0.00028417814242789885
2.16,2,seg2,-0.1776980771098285,0.04624189821316118,0.08601079960949257,-0.14546141317607356,0.04480146010688038,0.00018212581360911584
2.16,3,seg3,-0.3368133838662474,0.06212034345544264,0.0861683961286279,-0.16197283358762404,0.06206839341654875,0.0003378476228631383
2.16,4,seg4,-0.4948682911920703,0.06685868907165124,0.08634971647879731,-0.17945571087975742,0.06824820919597613,0.0005173626827798539
2.16,5,seg5,-0.6587513118178588,0.02143833178562374,0.08626148656310857,-0.1907027994058743,0.024371277736599563,0.00042750143565434273
2.16,6,seg6,-0.7910347675519506,-0.06915107305300054,0.08636840996896063,-0.23317421626546156,-0.06491207472354375,0.0005328266923940034
2.18,0,head,0.12709545704112377,0.10392232628864714,0.08762798587902267,-0.12427119678735103,0.09992494017003206,0.00026827518276843765
2.18,1,seg1,-0.0038372386959879337,0.06314568366135873,0.0862580927286291,-0.14397206464249657,0.060239508664232805,0.0004313694289596881
2.18,2,seg2,-0.1737568306061016,0.044282763659769915,0.08614501755200926,-0.1493862165761619,0.042809589009002266,0.00031634375612581145
2.18,3,seg3,-0.3338683101619024,0.056304907971973274,0.08620204163509179,-0.164869401319588,0.05622864647344139,0.0003714931293270357
2.18,4,seg4,-0.4921197075662681,0.0628176854885319,0.08631022166858415,-0.18217056457278175,0.06418446814474758,0.0004778678725666924
2.18,5,seg5,-0.65724852214537,0.023699165990243874,0.0862477901306186,-0.19222435475612226,0.026619525368976042,0.00041380500316437474
2.18,6,seg6,-0.7934971133509653,-0.06298435238362078,0.08644626455262754,-0.23076328358984638,-0.05872507268047299,0.000610681276060912
2.2,0,head,0.12728486748905032,0.1180060478280656,0.08793421913112774,-0.12457782454059271,0.11400659732175056,0.0005745084348735136
2.2,1,seg1,-0.0015386641709474024,0.07021314530906486,0.08651218084269093,-0.14632938456390313,0.06728759363653608,0.0006854575430215171
2.2,2,seg2,-0.16967691506670315,0.04312167373649754,0.08633178685742945,-0.15345632662018402,0.04161458070505029,0.0005031130615460039
2.2,3,seg3,-0.33050631026983557,0.05084515375593108,0.08628151547591505,-0.16818584125981376,0.0507410982508345,0.0004509669701502905
2.2,4,seg4,-0.48966571215116744,0.05863374163953484,0.08627076643719812,-0.1845896505164719,0.059980243742406125,0.00043841264118066325
2.2,5,seg5,-0.6561387565601797,0.0261974900099965,0.08611316188758537,-0.19335487634626897,0.029108525870357727,0.00027917676013114456
2.2,6,seg6,-0.7972534341968646,-0.055600670803358974,0.0862102501726472,-0.22706854989258488,-0.05131038166326411,0.00037466689608058046
2.22,0,head,0.1269112934297466,0.13258076113343062,0.0877766267294897,-0.12432557398886795,0.1285839151535858,0.0004169160332354732
2.22,1,seg1,0.0014248950227031716,0.07756798743332463,0.08633989406261772,-0.14935405808978136,0.07461751422467092,0.000513170762948309
2.22,2,seg2,-0.16492584370382654,0.041672375169115275,0.08615371205397027,-0.15819517037505312,0.04012578746979416,0.0003250382580868155
2.22,3,seg3,-0.3269603770630674,0.04443821582760967,0.0860911178959472,-0.17167832439351943,0.044304868183198585,0.00026056939018244407
2.22,4,seg4,-0.4868426108533331,0.05333522508907172,0.08607179484969914,-0.18736855256873192,0.05465841304645444,0.00023944105368167712
2.22,5,seg5,-0.6556896171697653,0.027684904161650117,0.08586118558844276,-0.1938163804601328,0.030592150150098817,2.720046098853013e-05
2.22,6,seg6,-0.8008405695648358,-0.04676461959734574,0.0858783488549939,-0.22355508440608696,-0.04244477952144655,4.276557842727846e-05
2.24,0,head,0.1263114025494721,0.1475704215032192,0.0872544791155594,-0.12385046820900698,0.14357804939226512,-0.00010523158069482286
2.24,1,seg1,0.0043610336639245285,0.08529518427297045,0.08598508174010955,-0.1523544112549392,0.08232000486101133,0.00015835844044014002
2.24,2,seg2,-0.15981511141021096,0.0402157450280463,0.08601923474328556,-0.16329360157876222,0.038626669327874355,0.0001905609474021075
2.24,3,seg3,-0.32363693874891075,0.03746867694321978,0.08613609594811776,-0.17494363761221893,0.03730790855265341,0.0003055474423530047
2.24,4,seg4,-0.484263515902179,0.04718186493694708,0.08631066026047757,-0.18989634155669746,0.048483799312761346,0.00047830646446010705
2.24,5,seg5,-0.6545832060452003,0.027987653222597858,0.08630161764957651,-0.19492527314787814,0.030885679667223158,0.00046763252212228545
2.24,6,seg6,-0.8031774821576487,-0.03912204292187246,0.08649003426233241,-0.22128186467064753,-0.03478301662113535,0.0006544509857657893
2.2600000000000002,0,head,0.12604060258742578,0.1600334701356013,0.08810525930110187,-0.12368341205190092,0.15604292027297686,0.0007455486048476428
2.2600000000000002,1,seg1,0.006709451220599183,0.09159399935133722,0.08671072181058474,-0.15475517476030357,0.08859905502826898,0.0008839985109153348
2.2600000000000002,2,seg2,-0.15492104662405623,0.03864958777701538,0.0865758328973687,-0.16817446114690315,0.037019831271369964,0.000747159101485248
2.2600000000000002,3,seg3,-0.3199267203027113,0.030649082913730512,0.08646374433486728,-0.17859696560979163,0.03045766927317527,0.0006331958291025258
2.2600000000000002,4,seg4,-0.4814142435268718,0.04104189052845541,0.08641109321630806,-0.19269441002427123,0.04232032207540559,0.0005787394202906027
2.2600000000000002,5,seg5,-0.6532790993365192,0.02852665901622642,0.0861695858085878,-0.19623382102114043,0.03141381224189191,0.00033560068113357155
2.2600000000000002,6,seg6,-0.8059073525955621,-0.030170493315891944,0.08617202792355542,-0.21862659575333962,-0.025809055403709407,0.00033644464698880105
2.2800000000000002,0,head,0.126198376236809,0.17257270030467162,0.08796859730235582,-0.12394554874677952,0.1685804028795655,0.0006088866061015885
2.2800000000000002,1,seg1,0.009380984751242553,0.09770293057921438,0.08627624782737629,-0.15747746257556294,0.09468553851240963,0.0004495245277068849
2.2800000000000002,2,seg2,-0.149925064331047,0.036365368828361895,0.08597780756428335,-0.17315125800640613,0.03469410809475247,0.000149133768399895
2.2800000000000002,3,seg3,-0.3155284669147471,0.022424447364110752,0.0859516787422878,-0.18292661005115368,0.022196710382228178,0.00012113023652304822
2.2800000000000002,4,seg4,-0.47853287703420117,0.033216638361795774,0.08610084416152966,-0.19551054432615442,0.03447135832663137,0.00026849036551220007
2.2800000000000002,5,seg5,-0.6519708021360117,0.027932130278637782,0.08598557628832021,-0.19753712442654903,0.030808414671729994,0.0001515911608659798
2.2800000000000002,6,seg6,-0.8079981807603659,-0.02104336344724095,0.08586460831645817,-0.21661180839035743,-0.01666483898374,2.9025039891550364e-05
2.3000000000000003,0,head,0.1263491726508281,0.18350084893051757,0.0876682911443088,-0.12418729883837612,0.17950691782442496,0.0003085804480545684
2.3000000000000003,1,seg1,0.011202166128689127,0.1036941458879686,0.08660429325587586,-0.15934844790182884,0.10066138794107905,0.0007775699562064531
2.3000000000000003,2,seg2,-0.1461306896515265,0.03571027381609103,0.08679256756768004,-0.17694004865878102,0.03400745383326799,0.0009638937717965923
2.3000000000000003,3,seg3,-0.3115629989241047,0.01680854900768321,0.08678217544931507,-0.1868451975422512,0.01654800054657494,0.0009516269435503183
2.3000000000000003,4,seg4,-0.47526763773998226,0.02763621180283058,0.08667702814710701,-0.19872922262110215,0.028863947314326288,0.0008446743510895499
2.3000000000000003,5,seg5,-0.6504861211839185,0.02857849448420832,0.08640549881897962,-0.1990271338707425,0.031442398955270255,0.0005715136915253882
2.3000000000000003,6,seg6,-0.8092785260538591,-0.011755320168017254,0.0865704170200445,-0.21540881516376337,-0.007366460666865238,0.0007348337434778807
2.32,0,head,0.12619137506977682,0.19267819817318824,0.08760062987642733,-0.12410589309322621,0.18868526257187967,0.00024091918017310476
2.32,1,seg1,0.01362861331659828,0.10851390749836454,0.08596348985101128,-0.1618149276429205,0.10546078640579792,0.00013676655134187143
2.32,2,seg2,-0.14166099861469197,0.03352487635057987,0.08571717670017491,-0.18139139501938417,0.03178492922755289,-0.00011149709570854038
2.32,3,seg3,-0.30763799578073064,0.009149859958897848,0.08570497634468209,-0.19070631870805654,0.008856907583762494,-0.00012557216108266545
2.32,4,seg4,-0.472686461806087,0.01998661295524271,0.08587082339346916,-0.20124663878833424,0.02119312939373903,3.8469597451698534e-05
2.32,5,seg5,-0.6486914221501757,0.028196652078263666,0.08583552515832961,-0.20081859252515877,0.03104563185241523,1.5400308753799052e-06
2.32,6,seg6,-0.8101772304356243,-0.001133059953967452,0.08587991112372614,-0.2145985547950899,0.0032629118336870034,4.432784715951987e-05
2.34,0,head,0.12632943738501343,0.19900617088226308,0.08788287055472548,-0.12429662061282658,0.19501186693938544,0.0005231598584712477
2.34,1,seg1,0.014681439475636974,0.11231154786913188,0.08665183514963114,-0.16289932645536312,0.10924953217746894,0.0008251118499617294
2.34,2,seg2,-0.1383507029119387,0.033093247020213074,0.08673784443006952,-0.1846979834484204,0.03132576207014509,0.0009091706341860656
2.34,3,seg3,-0.30474325520735085,0.004549952558838024,0.08670103105015894,-0.19356267232885446,0.004233065559179375,0.0008704825443941883
2.34,4,seg4,-0.46996732522305035,0.015082189928776444,0.08662737051483003,-0.20392485990888165,0.016266243906097443,0.0007950167188125745
2.34,5,seg5,-0.645129285856226,0.02924219705169341,0.0863567509320904,-0.20438930787330403,0.03206149167027635,0.0005227658046361716
2.34,6,seg6,-0.8094406515747119,0.009505866269396335,0.08636722844067315,-0.21542365974039035,0.013895338717224055,0.0005316451641065312
2.36,0,head,0.12554152138009683,0.20456567700888698,0.08718321806180115,-0.12355500566494529,0.20057773859364797,-0.00017649263445307373
2.36,1,seg1,0.015557261703688312,0.11608847225949555,0.08566106590043339,-0.1638065550416624,0.11301903595354353,-0.00016565739923601885
2.36,2,seg2,-0.1355562144116109,0.032044614154824326,0.08555036528376259,-0.1874836470007352,0.03025390599893523,-0.0002783085121208645
2.36,3,seg3,-0.301471788329882,-0.0014765812612066486,0.08561837109517789,-0.1967838648805694,-0.0018204890955703225,-0.000212177410586864
2.36,4,seg4,-0.4670701542118609,0.008432227148419985,0.08587501194825173,-0.20676658053697777,0.009592397285218573,4.265815223426783e-05
2.36,5,seg5,-0.6415908188905768,0.028864630586510374,0.08600098875260836,-0.20792450964605047,0.03165448635405955,0.0001670036251541357
2.36,6,seg6,-0.8076618772910859,0.020245847720892135,0.08620250739692358,-0.21729176512588183,0.024620142762015115,0.0003669241203569512
2.38,0,head,0.12543606766744597,0.20749462961335127,0.0876593904075145,-0.12347393432838392,0.20350746746900303,0.00029967971126027004
2.38,1,seg1,0.015633635251596396,0.11870968615074427,0.08634579697306381,-0.1639047432474993,0.11563952336216216,0.0005190736733944046
2.38,2,seg2,-0.1336631338715982,0.032452930353872075,0.08640721717782872,-0.18938006052701947,0.03064645126560858,0.0005785433819452679
2.38,3,seg3,-0.29922818552948,-0.004457970650218491,0.08643921020104846,-0.1990025747896662,-0.004820449520910588,0.0006086616952837021
2.38,4,seg4,-0.46425109637006096,0.004907872740622548,0.08652061502011198,-0.20955620626120483,0.006044700930533853,0.0006882612240945163
2.38,5,seg5,-0.6375889112900942,0.03091180704695862,0.08642176375051691,-0.2119433180053098,0.03366828258833947,0.0005877786230626819
2.38,6,seg6,-0.803917478574342,0.03329154329219461,0.08649655824998558,-0.22114461814138192,0.03763422046000353,0.0006609749734189513
2.4,0,head,0.12458204298515657,0.20945418367101243,0.08738193765307156,-0.12263624930068401,0.20547406200197949,2.2226956817333887e-05
2.4,1,seg1,0.01514326359861051,0.12140250581644119,0.08585476687379777,-0.16343680188492735,0.11833633128842755,2.8043574128361337e-05
2.4,2,seg2,-0.13257659203460953,0.032753616985331135,0.08573302932277535,-0.19046906744911601,0.030938083803894102,-9.56444731081002e-05
2.4,3,seg3,-0.29648103036492746,-0.008363944277633283,0.08578012095348744,-0.20171712397368147,-0.008749153404243157,-5.042755227731288e-05
2.4,4,seg4,-0.4611644026925132,6.345234091163516e-05,0.08604703228758545,-0.21260247116754713,0.0011747566816272465,0.00021467849156799057
2.4,5,seg5,-0.6340421617007077,0.031843123416184886,0.08620979724501168,-0.21549769641623553,0.0345700458279089,0.00037581211755745303
2.4,6,seg6,-0.7987334198405259,0.0459246298267163,0.08650089803190954,-0.22643364701140192,0.05022372060714133,0.0006653147553429134
2.42,0,head,0.12492244482766085,0.2109418026161273,0.08745878191041782,-0.12298902133785358,0.20695879612970444,9.907121416359577e-05
2.42,1,seg1,0.014735803935514468,0.12342310818042862,0.08617132583453158,-0.16304617453445236,0.1203602550921897,0.00034460253486216785
2.42,2,seg2,-0.13184443431073933,0.03339758049283171,0.08625764666579473,-0.19120655975046624,0.03157593099329079,0.0004289728699112816
2.42,3,seg3,-0.29461155214376633,-0.010843127705146402,0.08627917389017298,-0.20356590230350424,-0.01124381129129824,0.00044862538440822164
2.42,4,seg4,-0.45861354068932664,-0.0032391694592360234,0.08629547504656733,-0.21512575590344282,-0.002148982456000315,0.0004631212505498694
2.42,5,seg5,-0.6296927582680345,0.03385632662436448,0.08608430268880367,-0.21986370579893535,0.036546977654283275,0.00025031756134943906
2.42,6,seg6,-0.79225241099298,0.059291963673187724,0.08608781222789363,-0.23302569247282948,0.06353664765105853,0.0002522289513270104
2.44,0,head,0.12549493470950437,0.21138035232892483,0.0875862833362686,-0.12356514159533968,0.20739256561260444,0.00022657264001436916
2.44,1,seg1,0.014083045733523729,0.12492401623600115,0.08603610903880606,-0.16240593154002148,0.12186654429734854,0.00020938573913664715
2.44,2,seg2,-0.13137780810513436,0.03408540133144082,0.08589940771615467,-0.19167889477180808,0.03225984410866459,7.073392027122372e-05
2.44,3,seg3,-0.292653267533316,-0.013257469685208599,0.08590242741603263,-0.20550402364500797,-0.013674369144427828,7.187891026787241e-05
2.44,4,seg4,-0.45506310412011264,-0.006922807945092092,0.08613937845886163,-0.2186454092417544,-0.005862044898684775,0.0003070246628441714
2.44,5,seg5,-0.6250454372119361,0.03488854887583192,0.08626813920577882,-0.22451945742885673,0.037540482829634854,0.00043415407832458897
2.44,6,seg6,-0.7860570964535182,0.07091333233267653,0.08656540506636343,-0.23931752122800548,0.07510604792399918,0.0007298217897968029
2.46,0,head,0.1262875856462686,0.21118820459554305,0.08732589767140353,-0.12435616576032556,0.20719382701709294,-3.381302485069848e-05
2.46,1,seg1,0.01333201832948539,0.12707378777646167,0.08604232366759489,-0.16167282347111164,0.1240224924407451,0.0002156003679254781
2.46,2,seg2,-0.13152215151381483,0.03614757546134977,0.08618014121765376,-0.19155172057817563,0.03432314822734449,0.0003514674217703073
2.46,3,seg3,-0.2908912339670288,-0.014323698186843694,0.08628891189104976,-0.2072571215725179,-0.014755226749606701,0.00045836338528500165
2.46,4,seg4,-0.45214136468867516,-0.010080275962485475,0.08641698915169713,-0.22154076672578574,-0.009043722227521978,0.0005846353556796663
2.46,5,seg5,-0.6213952349651818,0.03530978212958057,0.08625827433666976,-0.22817303930882527,0.03793131954930159,0.00042428920921552815
2.46,6,seg6,-0.7789703725165897,0.08102008853409556,0.08631530408303298,-0.24648812183960153,0.08515346868449407,0.00047972080646635495
2.48,0,head,0.12703227046698284,0.21013461776946513,0.08755902953704582,-0.12509205540421584,0.20613407840811027,0.000199318840791593
2.48,1,seg1,0.0126934313844808,0.1282897737750064,0.0860674749844007,-0.1610443797342902,0.12524375150604977,0.00024075168473129682
2.48,2,seg2,-0.13150928652346333,0.037458489085850886,0.08598395586509282,-0.19157549632723128,0.0356339093621954,0.00015528206920936705
2.48,3,seg3,-0.2890172462928484,-0.015991406201846126,0.08596144944750087,-0.20911716340010245,-0.016438474867251876,0.000130900941736109
2.48,4,seg4,-0.4503026593140266,-0.01418053502900917,0.08605753646663984,-0.22334528048100893,-0.013159143466492105,0.0002251826706223814
2.48,5,seg5,-0.6185892426881181,0.03356653178190327,0.08596429344469314,-0.2309644246889107,0.036164774307119056,0.00013030831723891134
2.48,6,seg6,-0.7725582304244961,0.0876155092170228,0.08611292136417986,-0.25295493786864115,0.09169529034495741,0.0002773380876132381
2.5,0,head,0.1274592052538388,0.2088171238187774,0.08745092276750531,-0.12550800942737783,0.20481307656370693,9.121207125108166e-05
2.5,1,seg1,0.011852409405649555,0.12983222359210314,0.08598395437907815,-0.16021622525142049,0.1267931480206835,0.00015723107940873726
2.5,2,seg2,-0.1317541069291448,0.03939694297969685,0.0859282751508683,-0.19134681884919508,0.03757433383653863,9.960135498485179e-05
2.5,3,seg3,-0.2874657493005634,-0.01700517751368815,0.08591752691199331,-0.21066016866656212,-0.01746512472831445,8.697840622855224e-05
2.5,4,seg4,-0.448516046189367,-0.01775028793029018,0.08598648727352533,-0.2251021193838233,-0.01674364333433796,0.00015413347750786732
2.5,5,seg5,-0.6156818317163066,0.03191666042947808,0.08585172462681007,-0.23385800247749525,0.03449076068138717,1.7739499355837185e-05
2.5,6,seg6,-0.7665490419806188,0.09379543421248325,0.08595995364121406,-0.2590153558880441,0.09782498463837883,0.0001243703646474359
2.52,0,head,0.1292109635740572,0.20625758587611318,0.08765555032820396,-0.12723840311459703,0.20223904676992405,0.0002958396319497347
2.52,1,seg1,0.0113832709973602,0.130592313409717,0.08621921340586797,-0.15975342959419958,0.1275571163162331,0.0003924901061985592
2.52,2,seg2,-0.13260988982859526,0.04144404057279919,0.0862104410241007,-0.19050810432148732,0.03962848350674219,0.00038176722821725573
2.52,3,seg3,-0.2863778432704601,-0.016954539046774634,0.08627389528530101,-0.2117484584939477,-0.017423543047637113,0.00044334677953625223
2.52,4,seg4,-0.4466044760217782,-0.020451562029769044,0.08641756026414489,-0.22699113966168669,-0.01946073454656231,0.0005852064681274305
2.52,5,seg5,-0.6133774203409962,0.029854071144212985,0.0863567823608457,-0.23614516635795735,0.032409062401205765,0.0005227972333914643
2.52,6,seg6,-0.761625676648899,0.09751793042651549,0.08654064604863361,-0.263969534346709,0.10150637297035066,0.0007050627720669861
2.54,0,head,0.13519394124251016,0.19618527543088501,0.08754017037494863,-0.1331373380809723,0.19211728675772125,0.00018045967869440016
2.54,1,seg1,0.012716987104294432,0.13066409534874912,0.08609075560137663,-0.16108769696830819,0.1276177947711802,0.000264032301707226
2.54,2,seg2,-0.1369478293723164,0.04697434520241224,0.08599878775367766,-0.18621634575235735,0.04519470279487216,0.00017011395779420457
2.54,3,seg3,-0.2858594377544795,-0.009928820839588123,0.08612334871641948,-0.21232532362535578,-0.010402383084642629,0.0002928002106547256
2.54,4,seg4,-0.44452090759947466,-0.01967515456639926,0.0862616715519515,-0.22908109822743433,-0.018701696265130827,0.0004293177559340361
2.54,5,seg5,-0.6098737549410574,0.02582101394590058,0.08620986781340896,-0.239615141809851,0.028346982643061146,0.0003758826859547315
2.54,6,seg6,-0.7558335363624674,0.09958549090734331,0.08636098961088812,-0.26977868304213637,0.1035256517700916,0.0005254063343214932
2.56,0,head,0.1447401612577063,0.17811574974435002,0.08763204005940713,-0.1425328282729064,0.17396893038152525,0.00027232936315289835
2.56,1,seg1,0.0163430756088808,0.12846513737998613,0.08618729143830217,-0.16469535714994968,0.12538873173843107,0.0003605681386327636
2.56,2,seg2,-0.140755584061263,0.05603007247193662,0.08605041548338653,-0.18248409702977064,0.05428180968442391,0.00022174168750307977
2.56,3,seg3,-0.2848946900248252,0.004023835770833101,0.0862701457584245,-0.21340617090238065,0.003541760267817287,0.00043959725265974026
2.56,4,seg4,-0.4409212700971427,-0.010798824076521149,0.0863808628676397,-0.23275449192182324,-0.009855634323286209,0.0005485090716222385
2.56,5,seg5,-0.605947923028771,0.023445187886366823,0.08624362744821165,-0.2435210628795769,0.02593856277430423,0.00040964232075742235
2.56,6,seg6,-0.752107622930022,0.09482394843482128,0.08623448570237562,-0.27346483538365235,0.09873326212218804,0.0003989024258089918
2.58,0,head,0.1545873954601293,0.15577412142955716,0.088824260397899,-0.1521937639823431,0.1515461139125826,0.0014645497016447656
2.58,1,seg1,0.020531484288344816,0.12355444404763022,0.08705424127645936,-0.16884274728163381,0.12044334688339918,0.001227517976789952
2.58,2,seg2,-0.141745288188082,0.06551563450372054,0.08647240860059961,-0.18157337892153114,0.06377528080117222,0.0006437348047161617
2.58,3,seg3,-0.2855801120138076,0.018155922959019067,0.08635541237342828,-0.21283839908737467,0.017679062937113646,0.0005248638676635248
2.58,4,seg4,-0.43878792906690844,-0.0018506487920640453,0.08623083921648823,-0.23496223792632218,-0.0009255255640345122,0.0003984854204707733
2.58,5,seg5,-0.6036203550040806,0.020838275642701642,0.0859811140299276,-0.24582685201203625,0.023312367649834798,0.00014712890247337018
2.58,6,seg6,-0.7508516836694794,0.08647814452114329,0.08600551995395578,-0.27465126601895334,0.09037729367208953,0.0001699366773891542
2.6,0,head,0.16313891229005767,0.13342188425202461,0.08806240776808692,-0.1605589389013002,0.12912347366886784,0.0007026970718326947
2.6,1,seg1,0.02601577940508512,0.11596872775909839,0.0865622411564995,-0.17426371378571,0.11281224560665266,0.000735517856830098
2.6,2,seg2,-0.13922799694301238,0.07284371597071235,0.08640824480957805,-0.1841515772189091,0.07108215610723881,0.000579571013694602
2.6,3,seg3,-0.2871722135087674,0.030522642388811774,0.08659561852998691,-0.2113492853844623,0.030058605618679284,0.0007650700242221586
2.6,4,seg4,-0.438407906057809,0.007436011367768057,0.08677892949618712,-0.23541954397530288,0.008357649840384835,0.0009465757001696634
2.6,5,seg5,-0.6015258342081541,0.020651042780868083,0.0867224631864437,-0.24791974184791724,0.02310770782578884,0.0008884780589894642
2.6,6,seg6,-0.7513153769203313,0.07948345951218119,0.08670628704586911,-0.27412936955789324,0.08338671044252867,0.0008707037693024833
2.62,0,head,0.17010008078715763,0.11046499251470676,0.08853588120597763,-0.16732878781996902,0.10610943685010026,0.0011761705097234065
2.62,1,seg1,0.0328755335902155,0.10853545073884921,0.08688255929759263,-0.18106136051926758,0.10532212987851221,0.0010558359979232212
2.62,2,seg2,-0.13552415828562936,0.07971320456099858,0.08645679871246734,-0.18791246479382212,0.07792057836240238,0.0006281249165838859
2.62,3,seg3,-0.2871333700019534,0.04088039758877714,0.08633747088834373,-0.2114743388577858,0.04041567872014942,0.0005069223825789754
2.62,4,seg4,-0.43856892911656037,0.01389356290907896,0.08628055155809858,-0.23531227501227447,0.014816317946401128,0.00044819776208111783
2.62,5,seg5,-0.6017578750017628,0.019435934485473965,0.08605555077397033,-0.2476775953099307,0.02189457298020351,0.00022156564651609756
2.62,6,seg6,-0.75169084866366,0.072702442283242,0.08599819745881591,-0.273697469981961,0.07660905329233902,0.00016261418224929047
2.64,0,head,0.176196775279853,0.09112084174188077,0.08827419085287046,-0.17326426281843824,0.08671521117861433,0.0009144801566162292
2.64,1,seg1,0.03995807717727963,0.10041387174448878,0.08671411205188892,-0.18807605995314278,0.09714188166275976,0.0008873887522195117
2.64,2,seg2,-0.1314527999992872,0.08359916749132171,0.08640763143627662,-0.1920160263125777,0.08177251930848176,0.000578957640393174
2.64,3,seg3,-0.2862937697246643,0.04855701862550792,0.08640797517916317,-0.2123778053221221,0.04808504554636221,0.0005774266733984124
2.64,4,seg4,-0.43817435847857766,0.01971105381069684,0.08648464078668416,-0.2357552530460226,0.020630323178629725,0.0006522869906667034
2.64,5,seg5,-0.6017877335570357,0.019673009308904598,0.08634352504244241,-0.24764971104775038,0.02213188811488757,0.0005095399149881857
2.64,6,seg6,-0.7532592534638478,0.06723242692194654,0.08626811167593836,-0.2720835906109512,0.07115228180676605,0.0004325283993717316
2.66,0,head,0.18157166668094782,0.0715867398243056,0.08739506308330706,-0.17847637869690205,0.06713704876828952,3.535238705283661e-05
2.66,1,seg1,0.046333596528666435,0.09100136228471986,0.08600290357801961,-0.19437301476517246,0.08767663251543875,0.000176180278350202
2.66,2,seg2,-0.1267443429006343,0.08687039622433729,0.0859117471791653,-0.19675154792143093,0.08500444454954356,8.307338328185365e-05
2.66,3,seg3,-0.28422275566873617,0.056438790783350574,0.08610959287194998,-0.21451435045554798,0.05594930688870207,0.0002790443661852271
2.66,4,seg4,-0.43719562081215324,0.025926058615223818,0.08639437083245928,-0.2367856865235951,0.026836966312260242,0.0005620170364418198
2.66,5,seg5,-0.6012148731489748,0.019795366142873482,0.08648094626668645,-0.24822357003186446,0.02224947258777869,0.0006469611392322244
2.66,6,seg6,-0.7561157271020702,0.059631396328792656,0.08656836665593597,-0.26916394981614056,0.06357528996615361,0.0007327833793693422
2.68,0,head,0.18531340101301827,0.056707065631083554,0.08805608067959154,-0.18209413455014484,0.05222674620622014,0.0006963699833373166
2.68,1,seg1,0.051494192267219054,0.08395926647492669,0.08655836275703804,-0.1994748178521923,0.08059182715259239,0.0007316394573686352
2.68,2,seg2,-0.122206960261273,0.08995862601255877,0.08625681948095135,-0.2013144778311144,0.08805480109894,0.0004281456850678961
2.68,3,seg3,-0.28147228330550406,0.06353929211760036,0.08619122631800258,-0.21732382756266025,0.06302666909525453,0.00036067781223782236
2.68,4,seg4,-0.4353094453006025,0.03126735158858911,0.08621858148639228,-0.2387162541958455,0.03216237494919593,0.00038622769037481575
2.68,5,seg5,-0.6011978527007766,0.01884919564989522,0.0860624074670038,-0.24823271457405652,0.02130319320261433,0.00022842233954957492
2.68,6,seg6,-0.7594824341029878,0.05023494167938642,0.0860183512314323,-0.26571914937454344,0.05420718311763392,0.000182767954865673
2.7,0,head,0.18821043088160105,0.04394901609719936,0.08768400091998761,-0.1848848742433943,0.0394450255891944,0.0003242902237333839
2.7,1,seg1,0.05569401916404594,0.0775589557348047,0.086431506977804,-0.2036212271856774,0.07415678145185059,0.0006047836781345878
2.7,2,seg2,-0.11773104127952026,0.09160866607715445,0.08634453558278934,-0.20580397564330383,0.08966752932731359,0.000515861786905894
2.7,3,seg3,-0.27844050824946365,0.06896460937082985,0.0863325868154717,-0.22040065446028828,0.0684265638655265,0.0005020383097069508
2.7,4,seg4,-0.4331765354820399,0.035707133023401665,0.08636953151921122,-0.2408860440243581,0.03658424961756998,0.0005371777231937547
2.7,5,seg5,-0.6007580069451577,0.018211123509742293,0.08626809630691616,-0.24866723419019793,0.020661482171119554,0.00043411117946193234
2.7,6,seg6,-0.760932027302885,0.04251874431900369,0.0864412461436837,-0.2642053817096908,0.046503318528589146,0.0006056628671170794
2.72,0,head,0.18979018234200035,0.03480797890481752,0.08751057745735692,-0.18638848684992051,0.030291156201979925,0.00015086676110269426
2.72,1,seg1,0.058709394428643,0.07222295968774677,0.08602817071802518,-0.2065920845890745,0.06879587219238835,0.00020144741835577407
2.72,2,seg2,-0.11358448669868178,0.09256368103754092,0.08582801482599961,-0.20995833552043447,0.09058799794502949,-6.5896988384051e-07
2.72,3,seg3,-0.2751728495969536,0.0742030277030795,0.08591975596072646,-0.22371180115666306,0.07363760284516313,8.920745496170113e-05
2.72,4,seg4,-0.43170020160532907,0.04079986638994208,0.08611378093531429,-0.24240471540782874,0.04166451851666498,0.00028142713929682484
2.72,5,seg5,-0.6006187564364935,0.018203612989632405,0.08607950563269337,-0.24880641736249987,0.020652812879237918,0.00024552050523914126
2.72,6,seg6,-0.7628120591724953,0.033887927757152395,0.08608196468731538,-0.2622535775817287,0.0378884491157077,0.0002463814107487583
2.74,0,head,0.19102760795339724,0.02788803900061585,0.08780328417494718,-0.18756827245501848,0.023361156465527295,0.00044357347869294905
2.74,1,seg1,0.060383040158153815,0.06803449086775197,0.08640115255257855,-0.20823081021537176,0.06459361810614614,0.0005744292529091394
2.74,2,seg2,-0.11025680715794745,0.09296219646025058,0.08624321943889576,-0.2132892167778467,0.09095880209277185,0.00041454564301231234
2.74,3,seg3,-0.2727291718514708,0.07792778829402638,0.08621597055642419,-0.2261863967721841,0.07734189480488343,0.00038542205065943136
2.74,4,seg4,-0.4303006526495849,0.04394301071801368,0.08622927526209907,-0.24383037740122723,0.04479590501900955,0.0003969214660816123
2.74,5,seg5,-0.5993258470092971,0.016231124720222884,0.08605007292638558,-0.2500828642761447,0.018669631587386343,0.00021608779893135532
2.74,6,seg6,-0.7637077127063528,0.023755813128893116,0.08601738219738551,-0.26127362184850567,0.027764140307012766,0.00018179892081889026
2.7600000000000002,0,head,0.19186638032375913,0.023052394316838972,0.08716969073545501,-0.18836676696514176,0.018518697883959757,-0.00019001996079921757
2.7600000000000002,1,seg1,0.06148785621062054,0.06444164219156148,0.08579706431143092,-0.20930568342888523,0.060991698105022606,-2.965898823849289e-05
2.7600000000000002,2,seg2,-0.1076834814945786,0.0931997827020343,0.08576738300374014,-0.21586443081725676,0.09117496139205121,-6.129079214331479e-05
2.7600000000000002,3,seg3,-0.2704230607687867,0.0823547968887307,0.0859442008325027,-0.22852927555223168,0.08174955545934676,0.000113652326737948
2.7600000000000002,4,seg4,-0.42943301760341535,0.04880605154526712,0.08618567178168568,-0.24473845922596052,0.049651555754023295,0.0003533179856682195
2.7600000000000002,5,seg5,-0.5980903121819897,0.016292219267694252,0.08625694502620544,-0.2513188648166123,0.018720440218990317,0.00042295989875121287
2.7600000000000002,6,seg6,-0.7633637057118552,0.014365754062086414,0.0863831594169347,-0.2615394600966768,0.018371543215893734,0.0005475761403680723
2.7800000000000002,0,head,0.19313744170696834,0.020506124700178315,0.087607614065639,-0.1896165908036324,0.01596193696960691,0.00024790336938476654
2.7800000000000002,1,seg1,0.06264402734382861,0.062102947641297056,0.08636209548743572,-0.21044234871888806,0.05864346133948065,0.0005353721877663087
2.7800000000000002,2,seg2,-0.10591958645231365,0.09298843084447275,0.08639461977270219,-0.2176265056012314,0.09094893532450005,0.0005659459768187353
2.7800000000000002,3,seg3,-0.2688123661692559,0.08506269379463349,0.08644207417597669,-0.2301624531549491,0.08444395217545109,0.0006115256702119293
2.7800000000000002,4,seg4,-0.4282365942472877,0.05170872650582198,0.08642934878869786,-0.24595900114316527,0.05254417190587896,0.0005969949926803997
2.7800000000000002,5,seg5,-0.59612941388725,0.014912513309671764,0.08623934606922591,-0.25326821139862166,0.017324460793735022,0.0004053609417716819
2.7800000000000002,6,seg6,-0.7613270366721285,0.004782266810328877,0.08624018008283683,-0.2634962917844398,0.008771436006749093,0.00040459680627021044
2.8000000000000003,0,head,0.19444438294561117,0.01835159748893823,0.08755529638798144,-0.19090555386725117,0.013796606249908245,0.0001955856917272153
2.8000000000000003,1,seg1,0.06479225903382074,0.06053571175805611,0.08602939246557925,-0.21257746132812141,0.05705839924194947,0.00020266916590984396
2.8000000000000003,2,seg2,-0.10457941395877335,0.09463034160389462,0.08578477823851995,-0.21898029788370346,0.09257963447214484,-4.38955573635047e-05
2.8000000000000003,3,seg3,-0.26751677771497506,0.09055136796623178,0.08580322574098619,-0.23150368093432583,0.08992165257329955,-2.7322764778570097e-05
2.8000000000000003,4,seg4,-0.42777418984329824,0.05757835637176813,0.0858979772656679,-0.24647024456447567,0.05840974969158794,6.56234696504443e-05
2.8000000000000003,5,seg5,-0.5950091193842404,0.01575551545159149,0.0858535171916523,-0.25439548370408555,0.018158109121260573,1.953206419806619e-05
2.8000000000000003,6,seg6,-0.7583279739563474,-0.0032178204812261337,0.08589030006312376,-0.26642866301699936,0.0007466635614407087,5.471678655713519e-05
2.82,0,head,0.19585280082265571,0.01598485042379378,0.0874682616495477,-0.19229422367217047,0.011418218401085773,0.00010855095329347086
2.82,1,seg1,0.06619623709376957,0.058647375601919925,0.0862673603609575,-0.21396567345534956,0.055158442684291105,0.0004406370612880933
2.82,2,seg2,-0.10312017757172356,0.09501587444393102,0.08633677718964554,-0.22044269265122785,0.09295300820952646,0.0005081033937620882
2.82,3,seg3,-0.2667849748139271,0.09379702316083785,0.0864531633471654,-0.23226247323832974,0.0931611042811688,0.0006226148414006372
2.82,4,seg4,-0.4273971737777448,0.061139389750678466,0.08648513889943858,-0.24687688732848836,0.06196752167723763,0.0006527851034211218
2.82,5,seg5,-0.5928096551757824,0.01541383111206435,0.08634493355936226,-0.2565920277622262,0.017798129688014815,0.0005109484319080343
2.82,6,seg6,-0.7549822231646441,-0.01079237539988859,0.08638673543722232,-0.26971125217486247,-0.006855476860526988,0.0005511521606556963
2.84,0,head,0.19708327254392166,0.014292649744806039,0.08740242822976681,-0.19351056797687347,0.009715834681987364,4.271753351257901e-05
2.84,1,seg1,0.06753720424461634,0.05702101608116119,0.08590061128450063,-0.21529305738167262,0.0535209781496041,7.388798483122516e-05
2.84,2,seg2,-0.10197296349925984,0.0958311008427629,0.08567478387551494,-0.22159665240618404,0.09375865769487605,-0.0001538899203685079
2.84,3,seg3,-0.26612304899108985,0.09790373689310722,0.08572643391311514,-0.23295855778373667,0.09726216631183619,-0.00010411459264961231
2.84,4,seg4,-0.4269036204588213,0.06577931682796567,0.08590004314998315,-0.2474090433283144,0.0666031800072928,6.768935396568587e-05
2.84,5,seg5,-0.5915047459585899,0.015229590798533086,0.08598993167497249,-0.25789535827941007,0.017603034529022128,0.00015594654751825698
2.84,6,seg6,-0.7518423437325208,-0.020048779905053174,0.0861734896834136,-0.2727739784670697,-0.016137695068972904,0.0003379064068469717
2.86,0,head,0.19819229588955523,0.012406409994478064,0.08776961758366215,-0.194603853056095,0.00782042947140896,0.00040990688740792647
2.86,1,seg1,0.06837710911751341,0.05493981314986612,0.08648187630767389,-0.21611561056187464,0.05143285648111884,0.0006551530080044776
2.86,2,seg2,-0.10101756528019762,0.09562028751752207,0.08644376289733473,-0.22255026285551852,0.09353989955006714,0.0006150891014512772
2.86,3,seg3,-0.2655353181397917,0.10052596143573521,0.08646959141881468,-0.2335680939916651,0.09987940812655981,0.0006390429130499198
2.86,4,seg4,-0.426334173507033,0.06872386344817774,0.08641837759585685,-0.24800297907235788,0.06954288491789845,0.0005860237998393941
2.86,5,seg5,-0.5893731395381354,0.014057991941490454,0.08617029020833403,-0.2600171392238928,0.01641373413100347,0.00033630508087979794
2.86,6,seg6,-0.7479610799990348,-0.0293492517981378,0.0860897588059223,-0.27657769659056136,-0.025470149946338436,0.00025417552935567966
2.88,0,head,0.19925983423170202,0.011148706645549483,0.08719862904724035,-0.19566088610279786,0.006553884184451058,-0.00016108164901387778
2.88,1,seg1,0.0690142812985662,0.052984451542613734,0.08569221589785712,-0.21673648549533295,0.049472259194480867,-0.00013450740181228382
2.88,2,seg2,-0.1005355015659494,0.09534530471740663,0.08547093025999829,-0.22303002109069153,0.09326091388607205,-0.0003577435358851633
2.88,3,seg3,-0.26447680183309624,0.10332880932515308,0.0856070730648038,-0.23464990273998687,0.1026733485151045,-0.00022347544096096295
2.88,4,seg4,-0.4255423881129952,0.07237752107089966,0.08595689721827797,-0.24882514774213726,0.07318982566497578,0.00012454342226050907
2.88,5,seg5,-0.5879715689184576,0.01397825758424823,0.08631237337358119,-0.2614179976357931,0.016322336760713204,0.0004783882461269623
2.88,6,seg6,-0.7447135407116512,-0.037840915728282264,0.08676950225397523,-0.27975444421884543,-0.03398855016178094,0.0009339189774086043
2.9,0,head,0.20023729443300844,0.010058273292650986,0.08766918904309849,-0.19662923637712842,0.005455352852010561,0.00030947834684426356
2.9,1,seg1,0.06913040831182986,0.050730880779808606,0.08639936542385852,-0.2168338512081258,0.04721779992801696,0.0005726421241891155
2.9,2,seg2,-0.09980824059318322,0.09397018639715753,0.08640867213441637,-0.2237458112682272,0.09187978994562548,0.0005799983385329222
2.9,3,seg3,-0.2636447160852151,0.10456283321278227,0.0864750556236541,-0.23549223088807067,0.10390040390829641,0.0006445071178893397
2.9,4,seg4,-0.42471360776254313,0.0740873763619732,0.08640563897395888,-0.24966813112275038,0.0748927234909395,0.0005732851779414183
2.9,5,seg5,-0.5860551626793641,0.011523790909916034,0.08607556037880282,-0.2633139080843744,0.013852004171930042,0.0002415752513485886
2.9,6,seg6,-0.739401325695502,-0.0485705755044406,0.08591732989071972,-0.284977168413714,-0.04476205373633216,8.174661415309703e-05
2.92,0,head,0.2005867978093642,0.009240557952117425,0.0871742105769537,-0.19697192150865028,0.004634756794960173,-0.0001855001193005329
2.92,1,seg1,0.06922288195942627,0.04843262189317882,0.08579795424899321,-0.2169071924193141,0.044918850961161015,-2.8769050676197283e-05
2.92,2,seg2,-0.09940145747508869,0.0929158301950288,0.08571533358530674,-0.2241438045105509,0.09082208446432294,-0.00011334021057671229
2.92,3,seg3,-0.26275526038785113,0.1069765413089588,0.08588664076655944,-0.23640174593319546,0.10630662513540041,5.60922607946851e-05
2.92,4,seg4,-0.4243606305160299,0.07777160030704026,0.08616783570061642,-0.2500517612596954,0.07857388185916932,0.00033548190459896376
2.92,5,seg5,-0.5854399966667301,0.011160650339713495,0.08638753085715603,-0.26392603023855254,0.013483755933436278,0.0005535457297018015
2.92,6,seg6,-0.734603196779521,-0.05686127923393407,0.08680662602853526,-0.28970612462232526,-0.05309240682602711,0.0009710427519686315
2.94,0,head,0.20147146462396243,0.009518724759683192,0.08742212456123995,-0.19785887296069343,0.0049055505676596145,6.241386498571921e-05
2.94,1,seg1,0.0692084326803647,0.04653681166301514,0.0861975832760993,-0.21687696413216606,0.04302322666792319,0.00037085997642989643
2.94,2,seg2,-0.09927553496983174,0.0910820331154005,0.0862915091471062,-0.22425445930296858,0.08898730280878665,0.000462835351222754
2.94,3,seg3,-0.26229815200931217,0.10788321527674047,0.08645177863534804,-0.23686638505026747,0.10720946301921783,0.0006212301295832889
2.94,4,seg4,-0.42442328549674624,0.08016938201681033,0.08641950519801214,-0.25000906604663226,0.08097210201025908,0.0005871514019946816
2.94,5,seg5,-0.5843646892576193,0.0106939394637664,0.08606419109191858,-0.26499741579719616,0.013008111054946871,0.00023020596446435282
2.94,6,seg6,-0.729064300106893,-0.0646878591932553,0.08591228524463462,-0.2951796859961683,-0.060964817898441416,7.670196806799923e-05
2.96,0,head,0.20245383783223977,0.011037369168292115,0.08751688586620252,-0.19885385236194106,0.006415965726204841,0.00015717516994828706
2.96,1,seg1,0.06911005461567198,0.045423930480569766,0.08603493716359378,-0.21676932656597764,0.041911202871325874,0.00020821386392437524
2.96,2,seg2,-0.09954910598483585,0.0896079010485928,0.08581736458746664,-0.22396862803441908,0.08751549883523654,-1.13092084168126e-05
2.96,3,seg3,-0.26215672299887466,0.10937505411823346,0.08586205717393973,-0.23702022627145983,0.10870007301939978,3.150866817497322e-05
2.96,4,seg4,-0.42473022642249436,0.08400230697721583,0.0860320009221797,-0.249734038562639,0.08480744897852885,0.00019964712616224456
2.96,5,seg5,-0.5841463014690889,0.0125718303801288,0.0861922464259777,-0.26523142638054803,0.014884119201734698,0.00035826129852346844
2.96,6,seg6,-0.7252268098105323,-0.0689386425670406,0.0866276153023253,-0.29898166256779696,-0.06524739483443812,0.000792032025758671
2.98,0,head,0.20385804213992784,0.012952570804017396,0.08747300667871855,-0.20027394893850967,0.008319413323667256,0.0001132959824643176
2.98,1,seg1,0.06927900588571581,0.04403605607129103,0.08615551368608824,-0.21692672020702028,0.04052197029564497,0.00032879038641883684
2.98,2,seg2,-0.10000183064339163,0.08707994156501662,0.08616220030192445,-0.22349487794454717,0.08499139510927624,0.0003335265060410014
2.98,3,seg3,-0.26179071851919894,0.10907697831359844,0.08631183506529642,-0.23738373708096802,0.10839896115346208,0.00048128655953166843
2.98,4,seg4,-0.4245045508350435,0.0860018499268895,0.08630083410194946,-0.2499763492459754,0.08680504428566725,0.0004684803059319953
2.98,5,seg5,-0.5827351528245769,0.01356475653293906,0.08599824879696995,-0.2666507906237092,0.015865265463468187,0.00016426366951571847
2.98,6,seg6,-0.7203158580367564,-0.07344147671197251,0.08589735740417322,-0.30385496552337105,-0.06979094861554454,6.177412760659251e-05
3.0,0,head,0.2049363343563539,0.01652234047857897,0.08755693671352481,-0.20138191627665486,0.011880084329385948,0.00019722601727058253
3.0,1,seg1,0.06956138457764956,0.04330780374424414,0.08607954968633495,-0.21720302761205867,0.03979139285593159,0.00025282638666554447
3.0,2,seg2,-0.10051498448949271,0.08442077254394076,0.0858417967723656,-0.22295960865633685,0.08233658936468642,1.312297648214944e-05
3.0,3,seg3,-0.2614637310884898,0.1085763383889897,0.08587657695863951,-0.23770654617921835,0.10789561693721558,4.60284528747551e-05
3.0,4,seg4,-0.42390997816298326,0.0885975160055249,0.08600908336949538,-0.2505925059820438,0.0893956716094484,0.0001767295734779184
3.0,5,seg5,-0.5821964646364358,0.015936608009364923,0.08613030273730223,-0.2672092019224651,0.01823255108452778,0.0002963176098479958
3.0,6,seg6,-0.7169907791237367,-0.0754164506193358,0.0865568676317922,-0.30716349084004674,-0.07179352993483991,0.0007212843552255738
3.02,0,head,0.20607334767596475,0.01992380488777847,0.08751304587048508,-0.20254720181880012,0.015271967142989229,0.0001533351742308564
3.02,1,seg1,0.06983342010164426,0.04189822939526679,0.08620471455184679,-0.2174633213198524,0.038379603085009484,0.0003779912521773843
3.02,2,seg2,-0.1009702399970148,0.08073048054588372,0.08624281260338755,-0.2224736532946993,0.07865021445231718,0.0004141388075040997
3.02,3,seg3,-0.26095041490822707,0.10696042103222775,0.08646984518333652,-0.23820639471849475,0.10627548304072702,0.0006392966775717601
3.02,4,seg4,-0.4233194474421914,0.09020363429777924,0.08647506715918216,-0.2511963845456618,0.09099681906714709,0.0006427133631646959
3.02,5,seg5,-0.5808935916740022,0.017624408791774723,0.08607883501526302,-0.2685260779250015,0.01990944912291872,0.00024484988780879013
3.02,6,seg6,-0.7117072826177981,-0.07792296039363508,0.08584553662442826,-0.31242594174676386,-0.07434392932093317,9.953347861635375e-06
3.04,0,head,0.20687976120953017,0.025134885520760496,0.08761165478287333,-0.20339696111178113,0.020476155196329813,0.0002519440866191047
3.04,1,seg1,0.07032395104850263,0.04190408405724109,0.08613946957750539,-0.21795388400527074,0.038381374679150246,0.0003127462778359791
3.04,2,seg2,-0.10124904791385661,0.07756189595106419,0.08587719387829784,-0.22216848176949636,0.07548406023478033,4.85200824143911e-05
3.04,3,seg3,-0.260565900725975,0.1051514565314801,0.08589260721499868,-0.2385758389208065,0.10446338075258976,6.205870923392531e-05
3.04,4,seg4,-0.42197084499481124,0.09200004414436407,0.08597261116907348,-0.2525598924412858,0.09278194178461531,0.00014025737305602137
3.04,5,seg5,-0.5801722166480815,0.020462878398276874,0.08598793239340895,-0.26927105356338316,0.022741816142436453,0.00015394726595471808
3.04,6,seg6,-0.7085642543501204,-0.07771337132475556,0.08634572943042747,-0.31557060562558775,-0.07416050806387714,0.0005101461538608437
3.06,0,head,0.20789863246297444,0.03157129086102344,0.08766812751884687,-0.20446936958223347,0.02690385715019589,0.0003084168225926387
3.06,1,seg1,0.07084347400001119,0.0419236972729984,0.08624645863456347,-0.21847355220844064,0.03839666303962669,0.00041973533489406134
3.06,2,seg2,-0.10123789326951518,0.07305499475916279,0.08609891876292249,-0.22214212347211726,0.07097722231670496,0.000270244967039035
3.06,3,seg3,-0.2598732454194062,0.10140579974324575,0.08621630384833191,-0.23923729378885467,0.1007120884943919,0.0003857553425671567
3.06,4,seg4,-0.4204209325954329,0.09208491270822407,0.08627712865705287,-0.254110457543516,0.0928539069317789,0.00044477486103540465
3.06,5,seg5,-0.5785419269077111,0.022907168063981572,0.08607088390537404,-0.27092163153054766,0.02517245165224548,0.00023689877791981118
3.06,6,seg6,-0.7047253136706733,-0.07709783090508959,0.08611154070833951,-0.31941453668863173,-0.07357694184672266,0.00027595743177288856
3.08,0,head,0.20868709459632948,0.04062784219598171,0.08781113798663273,-0.2053331853289283,0.035953532115310896,0.00045142729037850327
3.08,1,seg1,0.07184830469282706,0.04372552399215072,0.08635844030242418,-0.21949334534425732,0.04019006377765121,0.0005317170027547696
3.08,2,seg2,-0.10083214904860383,0.0691005652132779,0.0861787392887182,-0.22251493950249693,0.06701955259657683,0.00035006549283475574
3.08,3,seg3,-0.258588757655234,0.0970818157807532,0.08629130253767252,-0.24048574698902306,0.09637756306120336,0.0004607540319077619
3.08,4,seg4,-0.417720216106126,0.09145320626531493,0.08634005070285232,-0.2568058225612264,0.09219974333890624,0.0005076969068348591
3.08,5,seg5,-0.5768418586182537,0.025205021112276245,0.08604304391669189,-0.27264076678518845,0.02745607482527797,0.00020905878923765941
3.08,6,seg6,-0.7017027689478702,-0.0748218928045979,0.0859912786980297,-0.32245592016033264,-0.0713262403081063,0.00015569542146307014
3.1,0,head,0.20996001974715803,0.05407786546360268,0.0878041119659074,-0.20671801575430887,0.049392494464841036,0.00044440126965317184
3.1,1,seg1,0.07339724713967262,0.04872779870417177,0.08633254724189374,-0.22108386986288595,0.045179272808517336,0.0005058239422243288
3.1,2,seg2,-0.0996324554722915,0.06638325929489014,0.08616105901323297,-0.22369197440976393,0.06429235532500889,0.00033238521734951787
3.1,3,seg3,-0.2559996771917217,0.09239422524339726,0.08632627502983611,-0.2430357212697521,0.09166858505538417,0.0004957265240713576
3.1,4,seg4,-0.4144268120362336,0.08995673224224861,0.08639184966624448,-0.26008665685816834,0.09067590896987275,0.0005594958702270225
3.1,5,seg5,-0.5747967830969909,0.0280517459231821,0.08603593919233857,-0.27470946577722477,0.030285679129192625,0.0002019540648843382
3.1,6,seg6,-0.7008115047638442,-0.07140594911467277,0.085859154544778,-0.32337558559584034,-0.06791783325712769,2.357126821136979e-05
3.12,0,head,0.2115530590844287,0.07250982854357538,0.08757842621281375,-0.20846441574961025,0.06781055962836928,0.0002187155165595256
3.12,1,seg1,0.0752994132266516,0.05758524021969272,0.0861583090039709,-0.2230596937222758,0.05402057509380567,0.0003315857043014875
3.12,2,seg2,-0.09743258686959128,0.0656731266620614,0.08601421971035034,-0.22588585612082465,0.0635639369955001,0.0001855459144668864
3.12,3,seg3,-0.25287832848560543,0.08802878232718746,0.08619273845642576,-0.24612062670563273,0.08727731325208431,0.0003621899506610071
3.12,4,seg4,-0.4109927826282852,0.08771631207269356,0.08632889270857208,-0.2635019194912894,0.08840698374932685,0.0004965389125546199
3.12,5,seg5,-0.5723469541489221,0.030731501896669334,0.08619695677431334,-0.27718151443396244,0.032944951471486725,0.00036297164685911154
3.12,6,seg6,-0.700409207830141,-0.06729153887578555,0.08629290782433051,-0.3238121143063904,-0.06380691400207154,0.00045732454776388487
3.14,0,head,0.213032621995786,0.09439420383866742,0.08774257200334623,-0.21012607891510662,0.0896818619213177,0.00038286130709200283
3.14,1,seg1,0.07734923298194085,0.0686855697816159,0.08624634560270525,-0.22520183449705705,0.0651034587579679,0.0004196223030358409
3.14,2,seg2,-0.09461692983795955,0.0659189693349358,0.08603824010479892,-0.22870346185542614,0.06378633542896446,0.0002095663089154709
3.14,3,seg3,-0.2501086146343004,0.08363677724548715,0.08615247242166148,-0.24885368838082997,0.08286240698643257,0.0003219239158967213
3.14,4,seg4,-0.4080114359997174,0.08498663537630767,0.08622696830784317,-0.266460442768291,0.08565258679082911,0.0003946145118257083
3.14,5,seg5,-0.5699225351864394,0.0335359744732471,0.08605355043085688,-0.2796291920463364,0.03572914759314423,0.00021956530340265512
3.14,6,seg6,-0.700179215646608,-0.061844791480742206,0.08609465072727712,-0.3240874337554554,-0.0583622695884425,0.0002590674507104984
3.16,0,head,0.21398099630989464,0.11854552773832219,0.08766259593426072,-0.2112754405100496,0.11382445556553318,0.00030288523800649225
3.16,1,seg1,0.07967336590619241,0.08161938526179026,0.08615973084434575,-0.2276335396996501,0.07801748162198241,0.00033300754467634197
3.16,2,seg2,-0.09072835506428918,0.06718434728817471,0.0860066444168,-0.23260243412427872,0.06501930354711145,0.0001779706209165538
3.16,3,seg3,-0.24790664450294678,0.07933970749961221,0.0861483368525087,-0.2510198161834574,0.07854715830270691,0.0003177883467439385
3.16,4,seg4,-0.405756620506316,0.08151036591046397,0.08627445883172881,-0.26868624591758006,0.08215767010391335,0.00044210503571134874
3.16,5,seg5,-0.5680916099956304,0.03555053184844183,0.08613827017895327,-0.28147682169796207,0.03772839573743842,0.0003042850514990425
3.16,6,seg6,-0.7006150746041782,-0.05617690728952658,0.08615058480103094,-0.32369876572924505,-0.052690953920869095,0.0003150015244643145
3.18,0,head,0.21427884028126687,0.14303075839095736,0.0875481384558535,-0.2117770735221777,0.1383063589936774,0.00018842775959927727
3.18,1,seg1,0.08249989711914534,0.09541496177726513,0.08609283887940807,-0.23057479853419627,0.09178905402893768,0.0002661155797386572
3.18,2,seg2,-0.08640654155874036,0.06947055161055396,0.08599251387749353,-0.23694312682176746,0.0672694566718553,0.00016384008161007824
3.18,3,seg3,-0.24576597699901576,0.07565889499818537,0.08612483833584932,-0.25312977281228083,0.0748486557601902,0.0002942898300845598
3.18,4,seg4,-0.4040231231430552,0.07813057095603111,0.08628270946875359,-0.27039155198704773,0.07876356370435512,0.0004503556727361302
3.18,5,seg5,-0.567075338854969,0.03720561575246239,0.08623219175589292,-0.28250683349223993,0.039374963520514436,0.00039820662843868815
3.18,6,seg6,-0.7020219395470382,-0.050523434197867034,0.08634178108276873,-0.32233900540444277,-0.04702596682252886,0.000506197806202105
3.2,0,head,0.21385182509458428,0.16459789699200436,0.08763806191193783,-0.2115295841583073,0.15987630471500106,0.000278351215683606
3.2,1,seg1,0.08598787395105698,0.10829258675217326,0.08616322104683836,-0.2341698396354022,0.10463720124378405,0.00033649774716895675
3.2,2,seg2,-0.0816247970616483,0.07189392546075113,0.08601815474666705,-0.241744876290069,0.06965294640227397,0.0001894809507835965
3.2,3,seg3,-0.24343906095444467,0.07205067691946428,0.08607774921520629,-0.2554265757595539,0.07122119491231342,0.00024720070944153627
3.2,4,seg4,-0.40248643978494936,0.07439585851340584,0.08619863044024552,-0.27189709676338797,0.07501619026442191,0.0003662766442280585
3.2,5,seg5,-0.5663932338509724,0.038122928639719875,0.08612199847175374,-0.2831965499924755,0.04028656722765572,0.0002880133442995092
3.2,6,seg6,-0.7041673996335556,-0.04548965984291345,0.08618480304695608,-0.32023551754588553,-0.04197450940236224,0.0003492197703894584
3.22,0,head,0.21296834218284402,0.18448712778686016,0.08796408214083722,-0.21081167705276166,0.17977220009705666,0.0006043714445829879
3.22,1,seg1,0.08894098873243636,0.1203609207632086,0.0864077870744018,-0.2372233011945887,0.11668053737710203,0.000581063774732396
3.22,2,seg2,-0.07687281665052144,0.07429793128749922,0.08619218418893106,-0.24651670149642038,0.07201731651731125,0.0003635103930476058
3.22,3,seg3,-0.2407969882589651,0.06857884386998626,0.08620247376792352,-0.2580396596222956,0.06772749120748071,0.0003719252621587621
3.22,4,seg4,-0.40061481323182063,0.07078940677677667,0.08631824363506024,-0.27373864069225257,0.07139428523520598,0.00048588983904278293
3.22,5,seg5,-0.5662402362263365,0.03931418355581163,0.08619275323840024,-0.283359457559296,0.04147650742486281,0.0003587681109460117
3.22,6,seg6,-0.707747880180111,-0.039415758155053014,0.0861309451404058,-0.31670571628901,-0.03587101648899351,0.00029536186383917473
3.24,0,head,0.21146833710367532,0.20292601860486556,0.0879222584365402,-0.20946519743609948,0.19822293727682935,0.000562547740285968
3.24,1,seg1,0.09139499447989549,0.13194539400153707,0.08635637817117615,-0.23977364366210932,0.12824418376205468,0.0005296548715067462
3.24,2,seg2,-0.07231302967140375,0.07664368918858859,0.08613633178686383,-0.251095855109924,0.07432504041925991,0.00030765799098038393
3.24,3,seg3,-0.2374916648143403,0.0648403428439385,0.08615459868105427,-0.2613137516860844,0.06396160828948996,0.0003240501752895114
3.24,4,seg4,-0.3981143127941625,0.0667910799059453,0.0863137241096944,-0.2762057750042691,0.06737528430331981,0.0004813703136769404
3.24,5,seg5,-0.5664597956233504,0.040448022129093215,0.08620773970733084,-0.28314934311294826,0.04261213419387897,0.000373754579876609
3.24,6,seg6,-0.711902951679873,-0.0323032019860931,0.08614004762794998,-0.31260998907647125,-0.02872412254664164,0.00030446435138335726
3.2600000000000002,0,head,0.20942611166176658,0.22086024042810573,0.08767061659957537,-0.20757231569802273,0.21617353603802425,0.0003109059033211403
3.2600000000000002,1,seg1,0.09301415114422516,0.14365947293810238,0.08624502724611584,-0.24149024472022051,0.13994438010412352,0.00041830394644643
3.2600000000000002,2,seg2,-0.0683014182620599,0.07958683026389639,0.08610579504897993,-0.25513182437679455,0.07723468946412679,0.0002771212530964795
3.2600000000000002,3,seg3,-0.2339974278751052,0.06175507366960696,0.08608750802600074,-0.26478218778358636,0.060847362200646196,0.00025695952023598034
3.2600000000000002,4,seg4,-0.39529621471108684,0.06348100726724124,0.08618741909641185,-0.27899622454704853,0.06404187028347762,0.00035506530039439155
3.2600000000000002,5,seg5,-0.5663061703678991,0.04283715807348748,0.08606948869199539,-0.28332284868234286,0.04499990870109236,0.00023550356454116184
3.2600000000000002,6,seg6,-0.7164062417429032,-0.0232065901016537,0.08610889272319157,-0.3081825693703203,-0.01959034326799309,0.0002733094466249447
3.2800000000000002,0,head,0.20691213484749282,0.23780041992429962,0.08772979578055286,-0.2051994251580835,0.2331340534614455,0.00037008508429862974
3.2800000000000002,1,seg1,0.09374483613593713,0.15472093490410022,0.08626204459933533,-0.24231297291704001,0.15099937715054954,0.0004353212996659195
3.2800000000000002,2,seg2,-0.06419453878692519,0.08271730376384259,0.08612276385171473,-0.25926461764435943,0.08033087149419835,0.0002940900558312809
3.2800000000000002,3,seg3,-0.23049809879298608,0.05903260879349519,0.08612033909619293,-0.2682587355979001,0.05809586545884004,0.0002897905904281767
3.2800000000000002,4,seg4,-0.39268712623353613,0.06030845695015318,0.08626747724118775,-0.2815788163719677,0.06084771348343336,0.0004351234451702851
3.2800000000000002,5,seg5,-0.565919022702904,0.04552417956474619,0.08617702435115997,-0.2837323479803761,0.04768361474570756,0.0003430392237057378
3.2800000000000002,6,seg6,-0.7204639176977231,-0.012818022866684866,0.08619681415025805,-0.30421150174422784,-0.009168362397895207,0.0003612308736914288
3.3000000000000003,0,head,0.2036636380234198,0.2517080682919105,0.08792167030046849,-0.20206679920756204,0.2470682584759269,0.0005619596042142627
3.3000000000000003,1,seg1,0.09394537937206027,0.1644242321436947,0.0864053615568914,-0.24259427323005706,0.16070066907705866,0.0005786382572219861
3.3000000000000003,2,seg2,-0.060425442273305624,0.0855697669110201,0.08620709645651532,-0.2630573256712486,0.08315186429046557,0.0003784226606318719
3.3000000000000003,3,seg3,-0.2261095316078559,0.05608081213025703,0.08613695864431307,-0.27262258190146876,0.055107643426192565,0.00030641013854831867
3.3000000000000003,4,seg4,-0.39047715091584806,0.056842595926757424,0.08619284024198344,-0.28375986753199817,0.05736357809928683,0.00036048644596597956
3.3000000000000003,5,seg5,-0.5657574905255041,0.04794495513782347,0.08602709451571144,-0.2839140235458044,0.05010296197346745,0.0001931093882572149
3.3000000000000003,6,seg6,-0.7234354002037878,-0.0017746104480535294,0.08599495842276263,-0.3013320404527394,0.0018994001944880438,0.00015937514619600301
3.3200000000000003,0,head,0.2007441866945259,0.26192241380578973,0.08773209235631581,-0.1992324666696458,0.2573065498080769,0.0003723816600615798
3.3200000000000003,1,seg1,0.09387168551673501,0.17139088854002807,0.08626984217999822,-0.24257856790772236,0.16766769753054628,0.0004431188803288161
3.3200000000000003,2,seg2,-0.056409129557910324,0.08681278867483927,0.08613599904733013,-0.2670838453784258,0.08436141378489566,0.0003073252514466801
3.3200000000000003,3,seg3,-0.2214974189643994,0.05158740054821209,0.08606535850622136,-0.2771971345058208,0.050575999226856405,0.00023481000045660894
3.3200000000000003,4,seg4,-0.38832745935857205,0.051752144268106905,0.08606568036041062,-0.28586711496920686,0.05225541011866192,0.00023332656439316313
3.3200000000000003,5,seg5,-0.5640522209956177,0.048772794170012776,0.08590091805080147,-0.2856261244067279,0.05091657875952328,6.693292334723766e-05
3.3200000000000003,6,seg6,-0.7249771764922447,0.00807773607022742,0.08588669832142172,-0.29987232218538223,0.011764238187045967,5.1115044855096214e-05
3.34,0,head,0.1989273436424352,0.2689973229133477,0.08759278423499367,-0.19747457355902562,0.2643963360789936,0.00023307353873944225
3.34,1,seg1,0.09387927234409973,0.1762722167781771,0.08622804621792156,-0.24262678351822642,0.17254879353281807,0.0004013229182521505
3.34,2,seg2,-0.05337401928642559,0.08712617387912591,0.08618966122466591,-0.2701214589317825,0.08464952582208028,0.00036098742878246104
3.34,3,seg3,-0.21787378223218604,0.046996230438790254,0.08612669280428124,-0.28078243176024237,0.04595482732606072,0.0002961442985164875
3.34,4,seg4,-0.38551052230000116,0.046547059745062305,0.086077756031292,-0.28864063066401136,0.04702705952084122,0.00024540223527454164
3.34,5,seg5,-0.5611642234823746,0.0491654897378297,0.08588355543951608,-0.28851729042640467,0.05128522288520478,4.9570312061847366e-05
3.34,6,seg6,-0.724871723623808,0.017804103515182905,0.08587164005097787,-0.30005872744621864,0.021489390991010156,3.605677441124999e-05
3.36,0,head,0.19848238208373303,0.2736867641632474,0.0872421739140989,-0.19706865931541,0.2690893184624847,-0.00011753678215532803
3.36,1,seg1,0.09420494694232943,0.17968000582199398,0.08596167063977754,-0.24298081108580086,0.1759537538251691,0.00013494734010813247
3.36,2,seg2,-0.05124520869934845,0.08686666928556872,0.08608798981133113,-0.2722480358274745,0.08437231136355355,0.00025931601544768035
3.36,3,seg3,-0.2148649648739543,0.042342558512677125,0.08627273885318291,-0.2837524107128591,0.04127627313581315,0.00044219034741815877
3.36,4,seg4,-0.38202829344151773,0.04095597722965491,0.08653100721795964,-0.2920762023134015,0.0414071868392337,0.000698653421942183
3.36,5,seg5,-0.5574948213034936,0.0487275757294315,0.08666080793283572,-0.2921829205825639,0.05081678229544904,0.0008268228053814886
3.36,6,seg6,-0.7227062292265066,0.02714943736460292,0.08692045274515382,-0.30230193139720274,0.030816376933743353,0.001084869468587199
3.38,0,head,0.19758170618530704,0.2773293907343926,0.08770588867693312,-0.19619833350383992,0.2727393155025397,0.0003461779806788884
3.38,1,seg1,0.09408973734543918,0.18215417206190743,0.08615395059696482,-0.2428861988528898,0.1784287932913835,0.0003272272972954099
3.38,2,seg2,-0.04966748218769148,0.08573278049088817,0.08595628901182269,-0.27381626992382296,0.08322532986279355,0.0001276152159392363
3.38,3,seg3,-0.21209732704649256,0.03690218293479633,0.085874554605863,-0.2864746704724172,0.03581304996876434,4.4006100098248346e-05
3.38,4,seg4,-0.378272077817226,0.03467121756614589,0.08594947239711172,-0.29577997751401625,0.03509138054819393,0.00011711860109425709
3.38,5,seg5,-0.5532859667261171,0.04820857810928417,0.0859011551513347,-0.29638730956271103,0.050262770846840076,6.717002388047233e-05
3.38,6,seg6,-0.7188795247617366,0.03818482065747204,0.08597470503112718,-0.30622035475944653,0.0418195269297491,0.00013912175456055886
3.4,0,head,0.19675051838376365,0.2812167427266171,0.08764524608956588,-0.19539953031956594,0.27663345111209003,0.00028553539331165056
3.4,1,seg1,0.09319340585246631,0.18495774807410073,0.08637749716611863,-0.24201323357749902,0.18123973267694354,0.0005507738664492223
3.4,2,seg2,-0.04840677807387669,0.08567998921886005,0.08646747659636014,-0.2750764909664104,0.08316204712687428,0.0006388028004766927
3.4,3,seg3,-0.2095749945899715,0.03272036456076506,0.08647000007448229,-0.28896210878143724,0.031610382174053764,0.0006394515687175306
3.4,4,seg4,-0.3748233801025996,0.029230544543354522,0.08645288772588033,-0.29918327109322296,0.029622191240793475,0.0006205339298628737
3.4,5,seg5,-0.5488904756706505,0.04839930223351286,0.08622540898022515,-0.3007842358245669,0.0504169031156674,0.0003914238527709252
3.4,6,seg6,-0.7142753924599904,0.050101961065405605,0.08621064400417769,-0.3109235182094956,0.05369793268621393,0.0003750607276110651
3.42,0,head,0.19647196864978234,0.28295925678860256,0.08745947792919982,-0.1951354938040993,0.27837822328317813,9.976723294559398e-05
3.42,1,seg1,0.09255445258686382,0.18686715978655463,0.08579305419814848,-0.2413901951637299,0.18315439648508153,-3.366910152093061e-05
3.42,2,seg2,-0.04763668929618795,0.08564080943475114,0.08556563566934319,-0.2758462269609835,0.08311645897480735,-0.0002630381265402576
3.42,3,seg3,-0.20686880528314444,0.029258501126998473,0.08564516133878075,-0.2916393900152279,0.02812611407403191,-0.00018538716698400515
3.42,4,seg4,-0.37080899841061143,0.02448699898876168,0.08609329373795437,-0.30315803149660375,0.024845396862609476,0.0002609399419369052
3.42,5,seg5,-0.5448694675833243,0.048682989042427835,0.08652405615440463,-0.3048074658520681,0.05066711180505178,0.0006900710269504007
3.42,6,seg6,-0.7091908445722293,0.061236113176928196,0.0870710598727467,-0.31610056351159893,0.06478937859753418,0.0012354765961800768
3.44,0,head,0.1967185134605674,0.28398117306858406,0.08755210571364029,-0.1953905358504003,0.27939805208333635,0.0001923950173860628
3.44,1,seg1,0.09178486270219469,0.18895871250600862,0.08631434327319489,-0.24063804068105848,0.18525228232634186,0.00048761997352547715
3.44,2,seg2,-0.04714573442457001,0.08714176772218608,0.0864531509569358,-0.27634965784027166,0.08461327887591456,0.0006244771610523503
3.44,3,seg3,-0.20486536530439167,0.027997123996958414,0.0864545019119666,-0.29363226170089707,0.026848105288181774,0.0006239534062018465
3.44,4,seg4,-0.36770288240329246,0.02216317093389752,0.08637184724298269,-0.3062446978541993,0.02249579598684235,0.0005394934469652307
3.44,5,seg5,-0.5401984978631753,0.051324180066188885,0.08596791172109328,-0.3095002573511127,0.05326933318210644,0.00013392659363904713
3.44,6,seg6,-0.7026419915305988,0.07522835403815306,0.0857961636082672,-0.32276565214225106,0.07872662631801802,-3.9419668299428556e-05
3.46,0,head,0.19663362698820433,0.28311065146570186,0.08734261493276176,-0.1952984066549149,0.2785282671756643,-1.7095763492472327e-05
3.46,1,seg1,0.09050425066715172,0.19079544019898914,0.08578273116628578,-0.23937276074961056,0.1870996053888708,-4.399213338363017e-05
3.46,2,seg2,-0.04723142422327028,0.08907517188143191,0.08566011065558034,-0.2762800634262125,0.08654732928945541,-0.00016856314030311292
3.46,3,seg3,-0.20232364852178614,0.02670517869078507,0.08578442147377237,-0.29616313711472514,0.02553504911414811,-4.612703199238788e-05
3.46,4,seg4,-0.363990844394969,0.0186548560124862,0.08625097536536985,-0.30992740631469806,0.018956705968692224,0.0004186215693523926
3.46,5,seg5,-0.5362611551904756,0.050992226688174186,0.0867019209728321,-0.3134347006680233,0.05290461938744117,0.0008679358453778652
3.46,6,seg6,-0.696868730433229,0.08387591653986348,0.08734722345823712,-0.32861069001977167,0.08732583634727692,0.0015116401816704927
3.48,0,head,0.19716265862793073,0.28228912662805344,0.087462432124398,-0.195820582123174,0.2777023674753243,0.0001027214281437705
3.48,1,seg1,0.08951823546731412,0.1923929630212069,0.08611846258013878,-0.2384000764606474,0.18870527983149946,0.00029173928046936914
3.48,2,seg2,-0.04747206482173286,0.09129451955230217,0.08618269120255079,-0.2760579035902753,0.0887686030206978,0.00035401740666733683
3.48,3,seg3,-0.20065388513902768,0.026574993792907883,0.0861979455670878,-0.29783175908161624,0.025390970686246215,0.0003673970613230493
3.48,4,seg4,-0.36111064147707084,0.016599345176885088,0.08619424450467393,-0.3127904007089221,0.016877293373427395,0.00036189070865647044
3.48,5,seg5,-0.5320360442614065,0.05158306667462647,0.08587487658450202,-0.31766458301326456,0.053460271793487724,4.0891457047789737e-05
3.48,6,seg6,-0.6900382652664049,0.09355159494155128,0.08577540871368411,-0.3355214527228524,0.09694432717413436,-6.017456288251455e-05
3.5,0,head,0.1979702830155142,0.2801162356935239,0.08778172001514065,-0.1966100927841108,0.27552282966171276,0.00042200931888641824
3.5,1,seg1,0.08829031071502258,0.19349829285531372,0.08617495664924943,-0.23718139430012933,0.18982079183544012,0.00034823334958002106
3.5,2,seg2,-0.04773311898852157,0.0937710739935523,0.08599219066170544,-0.27581747171734833,0.09124724452219352,0.000163516865821986
3.5,3,seg3,-0.1986215653635014,0.026267875554760265,0.08600564983893763,-0.2998614522027355,0.025066947360090682,0.00017510133317287513
3.5,4,seg4,-0.3584019775171416,0.013541807887075043,0.08635422289882673,-0.3154735218616287,0.013797316814179936,0.0005218691028092692
3.5,5,seg5,-0.5293924050456583,0.050332249170272535,0.08670477068363584,-0.32029771965111076,0.052187493659644944,0.0008707855561816136
3.5,6,seg6,-0.6845532615817053,0.09968731988684155,0.08733261498189453,-0.3410573362478577,0.10303418592624573,0.001497031705327903
3.52,0,head,0.1992707979353272,0.2782959497296446,0.08736011313539355,-0.19789541176130612,0.2736917820998983,4.024391393186999e-07
3.52,1,seg1,0.08747326364424328,0.19491658586204538,0.08604590618041305,-0.23637618049315576,0.1912458362887099,0.000219182880743643
3.52,2,seg2,-0.04886209033175999,0.09650907900274396,0.08618449358889138,-0.27471132887930944,0.09399455152103929,0.00035581979300793043
3.52,3,seg3,-0.19737882990066433,0.027290603226848766,0.08626324939213766,-0.3011126571467554,0.026079295872107954,0.00043270088637289983
3.52,4,seg4,-0.35628460259630984,0.01178948377678543,0.08621737977771042,-0.31757623821486564,0.012027429732968452,0.0003850259816929602
3.52,5,seg5,-0.5265798968170223,0.04886404563060297,0.08575217443379318,-0.32309791007030453,0.050695931463315094,-8.181069366104687e-05
3.52,6,seg6,-0.6793430666907464,0.10450597593366101,0.08550257315092136,-0.3463074580615447,0.10780930873499138,-0.00033301012564526666
3.54,0,head,0.20568296741700862,0.26789114471452025,0.08902042104193154,-0.2042207562022161,0.26323396671791094,0.001660710345677316
3.54,1,seg1,0.08916161516090584,0.19489107736735645,0.0873926582049134,-0.23806426120931481,0.19120627592232553,0.0015659349052439958
3.54,2,seg2,-0.053171826778582225,0.10164905719127809,0.0870360829896191,-0.2704445236031427,0.09917022314440857,0.0012074091937356451
3.54,3,seg3,-0.19535708760346962,0.03453281172669726,0.08716494637424528,-0.30319460891046307,0.03330442581730136,0.0013343978684805247
3.54,4,seg4,-0.3545971437056718,0.011962624882364594,0.08773406792735812,-0.3192650797678028,0.01218651951532622,0.0019017141313406594
3.54,5,seg5,-0.5245114240815877,0.04349213355199046,0.08869074757526743,-0.32512159880303515,0.04530698882583516,0.002856762447813202
3.54,6,seg6,-0.6764872531488829,0.10444063348121686,0.09007699093445531,-0.34916262880993904,0.10772019858547302,0.0042414076578886906
3.56,0,head,0.216962347651953,0.2511852609866138,0.08852159399510029,-0.21536069665876664,0.246434779349914,0.0011618832988460615
3.56,1,seg1,0.09293335300081096,0.19322142103629042,0.08701333876677622,-0.24182197124841232,0.1895052839007329,0.0011866154671068135
3.56,2,seg2,-0.057777788452548856,0.11053348568929237,0.08665779242555477,-0.2659126697641397,0.1080926809592588,0.0008291186296713188
3.56,3,seg3,-0.19800359661271694,0.04725547686654219,0.08680706417950187,-0.30065408688155304,0.046048678091017585,0.0009765156737371189
3.56,4,seg4,-0.35268407268153634,0.018573345670964393,0.08732856044270765,-0.3212331079240554,0.018781088133834844,0.0014962066466901874
3.56,5,seg5,-0.520413469588288,0.03661779529639659,0.08822522114035271,-0.3291621937607789,0.038398779950373566,0.002391236012898479
3.56,6,seg6,-0.6754249468311186,0.09411381800953297,0.08960210970832055,-0.3501389445400459,0.09738489887555545,0.0037665264317539304
3.58,0,head,0.22850322491793812,0.2342886600900631,0.08826979350865949,-0.22676053768074586,0.2294427048860767,0.0009100828124052607
3.58,1,seg1,0.0966042799025979,0.19160037791387188,0.08653913211628754,-0.24547927846663595,0.18785374248943829,0.0007124088166181319
3.58,2,seg2,-0.06015225430055409,0.1219046669276927,0.08620281719077034,-0.26363293258763915,0.11948323183377951,0.0003741433948868944
3.58,3,seg3,-0.20250510856819726,0.061443601517990235,0.08619751286379256,-0.2962708237085348,0.06027377896811662,0.00036696435802779925
3.58,4,seg4,-0.3523502747071735,0.02675220682473762,0.08602684527355804,-0.32163496993101054,0.02695688765362187,0.0001944914775405815
3.58,5,seg5,-0.5168448247020218,0.03064136029811651,0.08538201748886642,-0.3326809710175706,0.03239284886280956,-0.0004519676385878052
3.58,6,seg6,-0.67380853424548,0.07835819612133502,0.0845526287950194,-0.35162416144068487,0.08161636877639133,-0.0012829544815472216
3.6,0,head,0.2385913823573165,0.21356898791304843,0.08790781615141656,-0.2366758884043655,0.20863978308023357,0.0005481054551623316
3.6,1,seg1,0.10217763577220194,0.1846237032249896,0.08657257413394527,-0.25099437191023755,0.1808309204306992,0.000745850834275863
3.6,2,seg2,-0.05933573062345273,0.12755117039030156,0.08656623292620301,-0.26449642585434774,0.12512274348345756,0.0007375591303195594
3.6,3,seg3,-0.20423630190409053,0.07071883963504079,0.08684711984282142,-0.2946168914748666,0.06956310513636688,0.0010165713370566681
3.6,4,seg4,-0.35192096374800413,0.03243798429321672,0.08722493300439947,-0.3221115907843958,0.032638894859077165,0.001392579208382011
3.6,5,seg5,-0.5146478111628859,0.027979728444124337,0.0874996185430663,-0.3348557547359104,0.02971302267530137,0.0016656334156120722
3.6,6,seg6,-0.6712342401484875,0.06950599033643463,0.08789455933941612,-0.3541246862804638,0.07274304285649279,0.0020589760628494935
3.62,0,head,0.24716564351446965,0.19610805057493655,0.08917356145533081,-0.24510451890584842,0.19110808393333997,0.001813850759076585
3.62,1,seg1,0.10918569313034858,0.1808002127142918,0.08744683579312318,-0.2579703622276335,0.17694923178949962,0.0016201124934537708
3.62,2,seg2,-0.057810174041366374,0.13495968147348247,0.08693723051903238,-0.2660835932867757,0.13251830018299748,0.0011085567231489263
3.62,3,seg3,-0.20458682479997528,0.08029303768360894,0.08679128517852887,-0.294346070205817,0.07913988906490357,0.000960736672764112
3.62,4,seg4,-0.3522489098578483,0.03679490444983169,0.08670075428327152,-0.32181992024390627,0.03699839370617566,0.0008684004872540618
3.62,5,seg5,-0.5151834658676316,0.023780140951107774,0.08641810545572394,-0.3342851639129631,0.025518039101199975,0.0005841203282697105
3.62,6,seg6,-0.669150851531796,0.05902058465252291,0.08630376554255709,-0.35612072893619007,0.062240659593625396,0.0004681822659904633
3.64,0,head,0.2544832997986179,0.17883210358208543,0.08750332357077499,-0.25227812780386566,0.17377182789680368,0.00014361287452076266
3.64,1,seg1,0.1169938984569329,0.17599074362451608,0.08606036161497387,-0.265738266143103,0.17207493880471078,0.00023363831530445744
3.64,2,seg2,-0.05399942406037287,0.14151758205026732,0.08588266218544217,-0.26994879502310426,0.139044255356694,5.3988389558723426e-05
3.64,3,seg3,-0.20420159719546802,0.08823030105254356,0.08603103387724809,-0.2947973491563761,0.08707367110147889,0.00020048537148333045
3.64,4,seg4,-0.35227765313253856,0.04050074483991987,0.0862468266557988,-0.32182202300379487,0.04070434496746362,0.0004144728597813424
3.64,5,seg5,-0.5146391428118089,0.021069258294121648,0.08627274898912264,-0.3348069044647503,0.0228027197524641,0.00043876386166841197
3.64,6,seg6,-0.6681620592293804,0.05155425854755463,0.0863863174950324,-0.3570473420765663,0.05476636204730589,0.0005507342184657704
3.66,0,head,0.25969850497053437,0.1634066351158342,0.08790286290938379,-0.2573647606147048,0.15830348574153236,0.0005431522131295607
3.66,1,seg1,0.12332064621444831,0.16962611576482306,0.08654119652806824,-0.27201181966258625,0.1656578716230786,0.0007144732283988348
3.66,2,seg2,-0.05007412168690823,0.14582070870848296,0.08637006229961418,-0.27390977789168064,0.14331456125597325,0.0005413885037307276
3.66,3,seg3,-0.20262032556608922,0.09538087039095675,0.08645486547761401,-0.2964380827644687,0.09421083125496453,0.0006243169718492536
3.66,4,seg4,-0.3506412418021005,0.04471463754196018,0.08662428511859821,-0.323493451389836,0.04490447126281083,0.0007919313225807495
3.66,5,seg5,-0.5128709621813965,0.0182366879696451,0.08665851658420265,-0.33655144734684267,0.019955530345863833,0.0008245314567484202
3.66,6,seg6,-0.6700610749741023,0.04122714219227089,0.08683585624903951,-0.35506243581941654,0.04445540960999564,0.0010002729724728904
3.68,0,head,0.26382580160127933,0.15205275369991755,0.08773431431219436,-0.26139741184887305,0.1469156446508695,0.00037460361594013336
3.68,1,seg1,0.12731668334581206,0.16373325548456863,0.0862880719927351,-0.2759586699820531,0.15973195501956666,0.0004613486930656885
3.68,2,seg2,-0.045513714851449574,0.1488688155465769,0.08610774576807391,-0.2784953972422013,0.14632460460644797,0.00027907197219045887
3.68,3,seg3,-0.20057098203689117,0.10185205301558783,0.08617841981100484,-0.29854121727913857,0.10066473229812953,0.0003478713052400828
3.68,4,seg4,-0.34906991107014185,0.049612402008081036,0.08635395619623804,-0.32510549354178575,0.049788987322257665,0.0005216024002205749
3.68,5,seg5,-0.5117057688345172,0.01660336451785578,0.08633931862768428,-0.33770300559467087,0.018312565149797483,0.0005053335002300485
3.68,6,seg6,-0.6726133447262835,0.02911665827637027,0.0863653458413867,-0.3524094545754601,0.03236658865490906,0.0005297625648200827
3.7,0,head,0.26628144439369555,0.14444714929735358,0.08790415161670187,-0.263789665404616,0.1392898645087162,0.0005444409204476419
3.7,1,seg1,0.13026279284571918,0.16015524409320916,0.0865214845120431,-0.27887489635702195,0.1561295460434592,0.0006947612123736902
3.7,2,seg2,-0.04252183312003724,0.15155467103700146,0.08635350977204025,-0.28150953067415235,0.14898546455463763,0.0005248359761567956
3.7,3,seg3,-0.19875242790443562,0.10780121560245899,0.08632325941288867,-0.30040922543153137,0.10659855232911417,0.0004927109071239111
3.7,4,seg4,-0.3479118883639345,0.0539852411176455,0.086360145571572,-0.3262998728428472,0.05415203631938785,0.0005277917755545369
3.7,5,seg5,-0.5112278424643258,0.014768113779856894,0.08623669263983111,-0.33816563995936083,0.016473400031809495,0.0004027075123768792
3.7,6,seg6,-0.6738448230950802,0.01777127005967223,0.08628098424573431,-0.3510835871289022,0.02103184347583483,0.0004454009691676891
3.72,0,head,0.2681334494418436,0.13903856434523137,0.08718934559106782,-0.26559658870697495,0.13386605200627635,-0.0001703651051864069
3.72,1,seg1,0.13270200040682537,0.15780952261108988,0.08576496505809783,-0.2812944951431285,0.15376360341704498,-6.175824157157728e-05
3.72,2,seg2,-0.03969880219781797,0.1542058119634087,0.08567895084634908,-0.28435453020409873,0.15161301654716736,-0.0001497229495343727
3.72,3,seg3,-0.19701121574764624,0.1136262206030286,0.08587268464511358,-0.30219886087923997,0.11240886281959192,4.213613934882232e-05
3.72,4,seg4,-0.3473510243642541,0.05885288743300005,0.08616808142002336,-0.32690123258070725,0.05901484574843181,0.0003357276240058965
3.72,5,seg5,-0.5107456589881404,0.014423546293114334,0.08625464988129178,-0.33864493877401447,0.016124831094761885,0.0004206647538375491
3.72,6,seg6,-0.6736675147862242,0.009035783603114153,0.08634213998543568,-0.35118818070848207,0.012295183813689842,0.000506556708869052
3.74,0,head,0.2693582977727738,0.13463760569929303,0.08766577240724673,-0.26678476385189664,0.12945505095642204,0.00030606171099249735
3.74,1,seg1,0.13440346845425324,0.15549329692070477,0.08633256635246613,-0.28297662547475805,0.15143329603124564,0.0005058430527967173
3.74,2,seg2,-0.03773162250986568,0.15566680137597413,0.08622610599711074,-0.28633380208831205,0.15305758180923257,0.00039743220122728795
3.74,3,seg3,-0.19585547998198555,0.11771342263505077,0.08619367446602863,-0.3033885758591144,0.1164863036686034,0.0003631259602638742
3.74,4,seg4,-0.3461713399049036,0.06210003812539325,0.08618041256359282,-0.32810790337605256,0.06225206502341475,0.0003480587675753627
3.74,5,seg5,-0.5088501841891114,0.01203027442320974,0.08598945165514736,-0.34052042785390096,0.013715865410517569,0.00015546652769313218
3.74,6,seg6,-0.6724425802223412,-0.002228530702487029,0.08598659187474338,-0.3523193159122062,0.0010210641313515734,0.00015100859817675227
3.7600000000000002,0,head,0.27045191881146313,0.13156759732441223,0.08733794323540109,-0.26785279422680575,0.1263760463256661,-2.1767460853139298e-05
3.7600000000000002,1,seg1,0.13576324650306035,0.1536288386207317,0.08600919424227832,-0.2843208378658862,0.14955758439517516,0.0001824709426089116
3.7600000000000002,2,seg2,-0.035687459228414334,0.15738935436360624,0.08600581848893443,-0.28839223198679115,0.15476306082380398,0.0001771446930509818
3.7600000000000002,3,seg3,-0.19435718864918877,0.12328355902726712,0.08618286241635907,-0.30493317753470484,0.1220437762964693,0.00035231391059431516
3.7600000000000002,4,seg4,-0.3464035735343909,0.0674555549311516,0.08639643975194265,-0.32792025367858435,0.06760932927921087,0.0005640859559251921
3.7600000000000002,5,seg5,-0.5076091150913167,0.012311119969702059,0.08645520466639503,-0.3417637915395433,0.013986371365304276,0.000621219538940801
3.7600000000000002,6,seg6,-0.6707744111522762,-0.011707417482803626,0.08658055376036984,-0.3539085310223171,-0.008471379072253886,0.0007449704838032173
3.7800000000000002,0,head,0.27146180284729027,0.1277526514902841,0.08754809910174123,-0.26883089011778954,0.1225528270132227,0.00018838840548700275
3.7800000000000002,1,seg1,0.1372087258179928,0.1510317760761949,0.08618050378590605,-0.2857446508265395,0.14694858056938917,0.00035378048623664615
3.7800000000000002,2,seg2,-0.0340708491784049,0.15810782505213503,0.08609758525262973,-0.29001476612702737,0.15546805099934555,0.00026891145674627637
3.7800000000000002,3,seg3,-0.19296118468285658,0.12764010226999614,0.08616146117825846,-0.3063653942159236,0.1263885491878543,0.00033091267249370226
3.7800000000000002,4,seg4,-0.34614827915933455,0.07187083418421396,0.08620636456684011,-0.32821228916335826,0.07202233068144166,0.0003740107708226498
3.7800000000000002,5,seg5,-0.506484695247699,0.01219304310350654,0.08609988555297352,-0.34288718963737347,0.013858939639561814,0.00026590042551928594
3.7800000000000002,6,seg6,-0.6679588825505207,-0.019960611236254172,0.08611396674367833,-0.3566552678025591,-0.016747721591646423,0.0002783834671117036
3.8000000000000003,0,head,0.27251183338766105,0.12244908236446762,0.08783185207361643,-0.2698367407769979,0.1172407018208718,0.0004721413773622063
3.8000000000000003,1,seg1,0.13917084374024685,0.14802060254991875,0.08636974451928205,-0.2876816377040085,0.1439211799381122,0.0005430212196126383
3.8000000000000003,2,seg2,-0.032328384094784994,0.15944551402870355,0.08617032938775104,-0.2917683049172174,0.15679119047676962,0.00034165559186759287
3.8000000000000003,3,seg3,-0.19258768781881722,0.1327589794586168,0.08615708383640826,-0.30678148439318115,0.13150414031147023,0.0003265353306435015
3.8000000000000003,4,seg4,-0.3459370922797918,0.07720734474496663,0.08616765657331246,-0.32846788641912916,0.07735689860264723,0.0003353027772950018
3.8000000000000003,5,seg5,-0.5050065168534663,0.012396031755627894,0.08602298386019917,-0.3443670063751757,0.01404961785119299,0.00018899873274494383
3.8000000000000003,6,seg6,-0.6640627323811092,-0.027821368886408758,0.08599543509339448,-0.36048585510440817,-0.024640636002570014,0.00015985181682785787
3.8200000000000003,0,head,0.2742478603596982,0.1174336457082011,0.08717178468571067,-0.2715309623349987,0.11221098932285889,-0.00018792601054355706
3.8200000000000003,1,seg1,0.14079973525292652,0.14390595498052391,0.08583394304816075,-0.28927622510450135,0.13979311705072078,7.219748491341105e-06
3.8200000000000003,2,seg2,-0.030690793380819474,0.1588552971999012,0.08578384238031435,-0.2934009263189875,0.1561873638379969,-4.4831415569102084e-05
3.8200000000000003,3,seg3,-0.1920040301466217,0.13641817435950687,0.08587680654404581,-0.30739557863937256,0.13515835046659233,4.625803828105235e-05
3.8200000000000003,4,seg4,-0.34568844577371016,0.08213645145230274,0.08597205444808603,-0.3287575510354301,0.08228376499289518,0.0001397006520685723
3.8200000000000003,5,seg5,-0.5031696936991175,0.013164256521293799,0.08590680921524176,-0.34621016011264605,0.014802527467742613,7.282408778752636e-05
3.8200000000000003,6,seg6,-0.6597335290580405,-0.03568745243193625,0.08598273879803404,-0.36474943622970396,-0.03254248058111762,0.00014715552146742084
3.84,0,head,0.2759971285829604,0.11631073558149481,0.08748589980222779,-0.27327082358017424,0.11107355830657524,0.00012618910597356203
3.84,1,seg1,0.1419890279061811,0.1422410659161277,0.08617473499824445,-0.29045161909199285,0.13811838674830082,0.00034801169857504033
3.84,2,seg2,-0.029377367612959185,0.1586818381850464,0.08615948137601154,-0.29471286282844394,0.15600297871791297,0.00033080758012808686
3.84,3,seg3,-0.1914140506024012,0.1390942946685073,0.08625088409632836,-0.30800781205612593,0.13782946746407468,0.0004203355905636058
3.84,4,seg4,-0.3456566590861555,0.08569348680749053,0.08631564325951678,-0.32881894310313353,0.08584041256126348,0.0004832894634993201
3.84,5,seg5,-0.5015914639414374,0.013619660586322222,0.0862136947232171,-0.3477921256921643,0.01524477958528648,0.00037970959576287544
3.84,6,seg6,-0.6558587903436277,-0.04265569694562327,0.0862611304201143,-0.368566041525238,-0.039542734556785405,0.0004255471435476721
3.86,0,head,0.27745679209048313,0.1160654121007519,0.0873655655693148,-0.274728394609919,0.1108160940208061,5.854873060567867e-06
3.86,1,seg1,0.14338011090270555,0.1410678636675018,0.08595519667666053,-0.29183288891852244,0.13693364665633118,0.00012847337699112282
3.86,2,seg2,-0.028420922662513705,0.15883630877257515,0.08585125515841491,-0.2956705603619429,0.15614948312020932,2.2581362531456928e-05
3.86,3,seg3,-0.19083887380134468,0.14204477883864475,0.08597658937363546,-0.3086075268713148,0.1407750620273396,0.00014604086787070591
3.86,4,seg4,-0.34575826295995404,0.08936756736105866,0.08618029976541217,-0.32874792343927794,0.08951521153108648,0.0003479459693947057
3.86,5,seg5,-0.5003098150949176,0.014171216467275295,0.08629376482019858,-0.3490783209400799,0.0157856487373905,0.00045977969274435537
3.86,6,seg6,-0.6519158191257489,-0.04921715343335635,0.08651792554494282,-0.3724542628033401,-0.04613678252113702,0.0006823422683761987
3.88,0,head,0.27885377152064394,0.1149010191168815,0.08762240366973727,-0.27611563398850436,0.10964011381030896,0.0002626929734830391
3.88,1,seg1,0.14466098572228278,0.1393376936208459,0.08633020784022102,-0.2930993185429164,0.13519287536174665,0.0005034845405516158
3.88,2,seg2,-0.02771267904214133,0.15890417200176288,0.08629961954086571,-0.29637934429890117,0.15621144903292464,0.00047094574498225683
3.88,3,seg3,-0.19080223893579,0.1451439953222683,0.08632937651957653,-0.30866995635838257,0.1438738662297505,0.0004988280138117779
3.88,4,seg4,-0.3458008642326091,0.09298743659221273,0.08624900968353821,-0.32873545311244473,0.0931353099565479,0.0004166558875207532
3.88,5,seg5,-0.49856296181318493,0.013525507604313345,0.08594244781125239,-0.35081973924467774,0.015125422555143148,0.0001084626837981606
3.88,6,seg6,-0.6462721331417071,-0.058014565715805474,0.0858107502503322,-0.3780245292730364,-0.05498086448631787,-2.4833026234419298e-05
3.9,0,head,0.28042054742092354,0.11509652148302174,0.0872028298075749,-0.27768398285231016,0.10982256856645839,-0.0001568808886793227
3.9,1,seg1,0.14586547570936165,0.1380904911354652,0.08573557686151839,-0.29429338589302845,0.13393569067692251,-9.114643815101575e-05
3.9,2,seg2,-0.027341683173847747,0.15855578228688486,0.08556001346000612,-0.2967474275434031,0.1558599834544873,-0.00026866033587732985
3.9,3,seg3,-0.19044871224846088,0.1479609872235055,0.08575840515282351,-0.3090469176337186,0.14668781802165898,-7.214335294124241e-05
3.9,4,seg4,-0.3462672576886896,0.09728011326333262,0.0861957865822039,-0.32830480529993167,0.09743171989045492,0.00036343278618644614
3.9,5,seg5,-0.49803831162906737,0.015294388851063791,0.08668561047383382,-0.351359094288166,0.016889875676608625,0.0008516253463795864
3.9,6,seg6,-0.6424964892660103,-0.06290045210648845,0.08730849455915125,-0.38175937537611604,-0.059898007669458124,0.0014729112825846297
3.92,0,head,0.28194730984754984,0.11424344962959872,0.08777068698856527,-0.2792035919691496,0.10895681847188823,0.0004109762923110438
3.92,1,seg1,0.14650144339178214,0.13563786667883274,0.0865506200147396,-0.29490891747250564,0.1314778577914396,0.0007238967150701853
3.92,2,seg2,-0.026696247538960615,0.1570216758792162,0.0866140005865625,-0.2973800719025893,0.15432055799556765,0.0007853267906790529
3.92,3,seg3,-0.19057163560895166,0.1495299599392583,0.08667658690484756,-0.30893705765399954,0.1482577595238119,0.0008460383990828019
3.92,4,seg4,-0.34678772685833537,0.10016589601602506,0.08648401929436113,-0.327808373564264,0.10032173473195016,0.0006516654983436676
3.92,5,seg5,-0.4969370767180344,0.01501688037662535,0.08593290752651597,-0.3524579812500665,0.01660321084180494,9.892239906174327e-05
3.92,6,seg6,-0.6365936277858623,-0.07028088897618799,0.0855572663744513,-0.3876006023587869,-0.06732732051618712,-0.00027831690211532756
3.94,0,head,0.2830904628613233,0.11476243636924044,0.08708905856499254,-0.28035102509713994,0.10946627236136373,-0.0002706521312616922
3.94,1,seg1,0.1471469447247455,0.13362232824936068,0.08564285493917796,-0.29553762039607656,0.12945701644057298,-0.00018386836049144595
3.94,2,seg2,-0.02666342725827065,0.15506153251642707,0.08546100321136128,-0.2973965760700446,0.1523602093566861,-0.0003676705845221673
3.94,3,seg3,-0.19041180992385492,0.15061122048039643,0.08561593241240961,-0.3091058775221185,0.14933765232384655,-0.00021461609335514387
3.94,4,seg4,-0.3468313983172754,0.10367459185697836,0.08600881445060647,-0.32779390775221035,0.1038306725257736,0.00017646065458901128
3.94,5,seg5,-0.49666033876212773,0.016821848902670373,0.08646416581204261,-0.3527497330203435,0.018405813454914873,0.0006301806845883801
3.94,6,seg6,-0.6323698735462627,-0.07377885652635065,0.08714019367038003,-0.3917950954496987,-0.07086032271927005,0.0013046103938134102
3.96,0,head,0.28424873933548034,0.11550424318367081,0.08820204458389137,-0.2815154357730522,0.1101984127292104,0.000842333887637145
3.96,1,seg1,0.14728169575185876,0.13154089775596067,0.08674556251955894,-0.29565504226279904,0.1273745364662703,0.0009188392198895279
3.96,2,seg2,-0.026176407797911225,0.15252494215778956,0.08656117490529817,-0.29786246570867425,0.1498196532272376,0.0007325011094147238
3.96,3,seg3,-0.19000224509860827,0.15076074438107875,0.08653517186567113,-0.30951667270118555,0.14948376209010236,0.00070462335990637
3.96,4,seg4,-0.3469261264723828,0.10572823262053159,0.08644273246392453,-0.3277162760672195,0.10588503060813846,0.0006103786679070716
3.96,5,seg5,-0.4953083298652065,0.017044516052891905,0.08613114628949141,-0.35410354842251857,0.01861721963697247,0.00029716116203717946
3.96,6,seg6,-0.625985171175298,-0.0794991919315773,0.0860359317835857,-0.398131964252313,-0.07663360214160234,0.00020034850701908247
3.98,0,head,0.2848646572945856,0.11635605721035827,0.08687849841051735,-0.28213842235059006,0.1110450707431625,-0.00048121228573687336
3.98,1,seg1,0.14757626418629094,0.12881639203000708,0.08554875911571633,-0.2959269234549549,0.12464767331777023,-0.00027796418395308053
3.98,2,seg2,-0.026013664927925728,0.1491091328927441,0.0855090019117393,-0.2979967719354554,0.14640260771768784,-0.00031967188414415426
3.98,3,seg3,-0.18928141085713185,0.15035207865137273,0.0857165566921913,-0.31023408050164697,0.14906911075451226,-0.00011399181357345245
3.98,4,seg4,-0.3463511155659438,0.10809986662821838,0.08603159764884029,-0.3283110070159914,0.10825179644097828,0.00019924385282282797
3.98,5,seg5,-0.49422719685654654,0.01776322544910401,0.08629466072233397,-0.35519062605707036,0.01932690547942521,0.0004606755948797364
3.98,6,seg6,-0.6198473452086427,-0.08397825537828335,0.086820132078803,-0.4042322967541432,-0.08116359776189445,0.0009845488022363763
4.0,0,head,0.2851079630379587,0.11774320966162397,0.087962662100781,-0.28239326543335014,0.11243015002283505,0.0006029514045267775
4.0,1,seg1,0.1476579813229199,0.12696721224583002,0.08654404345079582,-0.2959932463742415,0.12279787742767827,0.0007173201511264105
4.0,2,seg2,-0.025813918700036097,0.14632752649002234,0.08642596470838351,-0.29817335893627483,0.1436194351096116,0.0005972909125000619
4.0,3,seg3,-0.18847757825748437,0.14999466906187248,0.08648271068426365,-0.3110349104084747,0.14870502295852056,0.000652162178498894
4.0,4,seg4,-0.34610131055768034,0.10995668311168502,0.08640411278865615,-0.32857625832072546,0.1101064693880939,0.0005717589926386851
4.0,5,seg5,-0.49288163646805044,0.018266830372807397,0.08601707579861231,-0.35654033152006137,0.019819293376599094,0.0001830906711580843
4.0,6,seg6,-0.6131713108234101,-0.08879321357379354,0.08585980352241077,-0.41086802325863514,-0.08603395619740953,2.4220245844142063e-05
4.0200000000000005,0,head,0.2851021875240053,0.12132342791397523,0.08708474168288806,-0.2824172895602617,0.11601029232899418,-0.0002749690133661692
4.0200000000000005,1,seg1,0.14791564427700354,0.12548539756181779,0.08570539623818522,-0.29623856672776466,0.12131396945216343,-0.00012132706148418326
4.0200000000000005,2,seg2,-0.02579185409495987,0.14215592503920263,0.08556829461881249,-0.29816070104173475,0.13944779451040185,-0.00026037917707096014
4.0200000000000005,3,seg3,-0.1875281300735274,0.14796827386610167,0.08569615593267663,-0.31196745928962205,0.14667079535876096,-0.00013439257308812957
4.0200000000000005,4,seg4,-0.34495283496642903,0.11157356154787737,0.08593168479858726,-0.32973815198824424,0.11171373264170413,9.933100256979965e-05
4.0200000000000005,5,seg5,-0.49229592436097075,0.01991490481264407,0.08612816175975455,-0.35713974085294964,0.02146243563558004,0.00029417663230031643
4.0200000000000005,6,seg6,-0.6093579559622261,-0.09081184815743465,0.08665186725853749,-0.41466444420622556,-0.08808426077645427,0.0008162839819708667
4.04,0,head,0.28515721000712196,0.12474943862621383,0.08826078212002922,-0.2825008260535398,0.11943572639321284,0.0009010714237749906
4.04,1,seg1,0.14822195053418205,0.1243988830794783,0.08676080177518644,-0.2965358189247684,0.12022494310956047,0.0009340784755170334
4.04,2,seg2,-0.025589180662379644,0.13845079760118817,0.08653178012741863,-0.2983325283489868,0.13574110849339635,0.0007031063315351832
4.04,3,seg3,-0.18618890591619064,0.14582012029457697,0.08655432408701473,-0.3132887572037506,0.14451156935568385,0.0007237755812499747
4.04,4,seg4,-0.3438154427026082,0.11248803906050048,0.08645031003140509,-0.33088311637740625,0.11261871155324768,0.0006179562353876289
4.04,5,seg5,-0.4912421261553022,0.021391368595243855,0.08600505067328795,-0.35820579169295996,0.022930077133368268,0.00017106554583372346
4.04,6,seg6,-0.6051458443985315,-0.09245773295924764,0.08581055220904872,-0.4188627105736219,-0.08976514748070369,-2.503106751790274e-05
4.0600000000000005,0,head,0.2852073911527228,0.13201191188875147,0.08695099834141883,-0.28261145363101864,0.1266975304098143,-0.0004087123548354027
4.0600000000000005,1,seg1,0.14881109273145998,0.12436054935605001,0.08562338507530828,-0.2971246216489498,0.12018170707216311,-0.00020333822436112425
4.0600000000000005,2,seg2,-0.0249224254148977,0.132938185114077,0.0855288034612233,-0.2989533770490006,0.1302231373187084,-0.00029987033466015445
4.0600000000000005,3,seg3,-0.18476687230648253,0.14081647457762966,0.08570042608897892,-0.31466909441630586,0.13949626086794248,-0.00013012241678583836
4.0600000000000005,4,seg4,-0.3417250944317208,0.11165211228564638,0.08594604088445994,-0.3329664345206474,0.11176541501619904,0.00011368708844247677
4.0600000000000005,5,seg5,-0.49025360646098826,0.023174780437396868,0.08610090865514504,-0.35920912112165737,0.02470519939457169,0.00026692352769080996
4.0600000000000005,6,seg6,-0.602602947616836,-0.0916404869063824,0.08659268424157433,-0.4214123215019508,-0.08896909517911662,0.0007571009650077093
4.08,0,head,0.28517907088298405,0.13685795992454358,0.08855408687239655,-0.2826234697384539,0.13154364629947604,0.00119437617614232
4.08,1,seg1,0.1494988027229097,0.12389018268712773,0.08697239669923641,-0.29780839278775145,0.1197056326396769,0.0011456733995670043
4.08,2,seg2,-0.02385077774221458,0.12846840066605159,0.0866374088167252,-0.29998778398067494,0.12574458799490895,0.0008087350208417499
4.08,3,seg3,-0.18276361615930348,0.1370179414220145,0.08660793470512158,-0.31664066461704526,0.13568118547306474,0.0007773861993568276
4.08,4,seg4,-0.3399641179923284,0.11162618284663933,0.08649103374923563,-0.33472713414015326,0.11172482923679472,0.0006586799532181664
4.08,5,seg5,-0.489611470946333,0.026079614115475706,0.08603056780227761,-0.35987541236558773,0.02760458772570758,0.00019658267482337843
4.08,6,seg6,-0.6010701498123161,-0.08963603714662562,0.08583670171760191,-0.42296174996505,-0.08697747287895745,1.118441035286022e-06
4.1,0,head,0.2852507729636859,0.14729469046777524,0.08698899544105326,-0.2827820379875628,0.14197941851482912,-0.00037071525520096515
4.1,1,seg1,0.15069771619695319,0.12557332743295216,0.08570182173935956,-0.29902127414917046,0.12137874009487969,-0.00012490156030985078
4.1,2,seg2,-0.021534813772829287,0.12235129131779908,0.085802286135653,-0.3022527528301196,0.1196084139429184,-2.6387660230456356e-05
4.1,3,seg3,-0.18039155479225558,0.12970727702449122,0.08618596188869672,-0.31895179453412553,0.12835103079748889,0.0003554133829319628
4.1,4,seg4,-0.33704347505782184,0.10854301898210351,0.08646774496673829,-0.33762201362535454,0.10861746261347507,0.0006353911707208254
4.1,5,seg5,-0.48867213177819435,0.02795754558678224,0.08628472485271016,-0.36083034969249256,0.029474635689089115,0.0004507397252559303
4.1,6,seg6,-0.6013119808456714,-0.08622329069004325,0.08620523966568325,-0.42274833282164337,-0.08356283179262233,0.0003696563891166238
4.12,0,head,0.28493179819891323,0.1557401489071027,0.0887235684026515,-0.28253336885213776,0.1504272393469715,0.0013638577063972701
4.12,1,seg1,0.15210627309801614,0.12783455663303744,0.08714778168858336,-0.30044860327988554,0.12362816704219766,0.0013210583889139565
4.12,2,seg2,-0.01922974056706202,0.11851007304472147,0.08668084029131931,-0.3045257743510214,0.11574814277753631,0.0008521664954358604
4.12,3,seg3,-0.17717942607602732,0.1244490740983878,0.08645563281304211,-0.3221200460737059,0.12306627431469133,0.0006250843072773543
4.12,4,seg4,-0.33420904630219833,0.10657013363716367,0.08631261941371829,-0.3404399231645096,0.10662105364151743,0.00048026561770082854
4.12,5,seg5,-0.488320759158602,0.031026903601511568,0.08614718750541146,-0.36120725750839905,0.03254096278166898,0.0003132023779572335
4.12,6,seg6,-0.6035782086003866,-0.08142653240795766,0.08647255374648236,-0.42052210870845935,-0.07874737704252302,0.0006369704699157319
4.14,0,head,0.2848901618157067,0.1697201912770367,0.0872748918680774,-0.28260809481874216,0.16440714400628062,-8.481882817683306e-05
4.14,1,seg1,0.15418914146071688,0.1319751715203462,0.08587991682211273,-0.30256586331547075,0.12775130203911,5.3193522443317764e-05
4.14,2,seg2,-0.015099986113070495,0.11312833355162172,0.08593920687229142,-0.30861059160283494,0.11033221627884049,0.00011053307640797316
4.14,3,seg3,-0.17428146096127128,0.1161333325527989,0.08632909508499735,-0.32494869590365355,0.11472670002113176,0.0004985465792325949
4.14,4,seg4,-0.3312897119686495,0.10191139896598582,0.0866428520852853,-0.34332038005307386,0.10193818168089035,0.0008104982892678386
4.14,5,seg5,-0.487879092816004,0.03317345592705316,0.08639869823304935,-0.36166677507677714,0.0346837646037739,0.0005647131055951243
4.14,6,seg6,-0.6067177893684866,-0.07543161038107876,0.08612115438952098,-0.4174325345813111,-0.07272653082131174,0.00028557111295435256
4.16,0,head,0.28448808477403326,0.18153397392698983,0.0881943277072068,-0.2823043620557452,0.17622386406119925,0.000834617010952568
4.16,1,seg1,0.15616044639538454,0.13647782699511643,0.08673148245437437,-0.30457457718123715,0.13223739366491874,0.0009047591547049622
4.16,2,seg2,-0.011672867962346754,0.10999477643723882,0.0864646757857638,-0.3120115093189599,0.10717024257638057,0.0006360019898803554
4.16,3,seg3,-0.17098558018584115,0.11029457555644342,0.08636351500046976,-0.32819586444149973,0.1088607124798987,0.0005329664947050089
4.16,4,seg4,-0.32902304227665846,0.09893267139423678,0.08630425437633418,-0.3455621782099872,0.09894069098659514,0.00047190058031672255
4.16,5,seg5,-0.48780184280850625,0.036382815245212294,0.08611917749145093,-0.3617707350572098,0.03789236977100461,0.00028519236399669745
4.16,6,seg6,-0.6101600130908003,-0.06843995814806639,0.0863107938053444,-0.41404862412649,-0.06570646991458325,0.00047521052877777525
4.18,0,head,0.2845996610707037,0.19490381838323792,0.08781294175044933,-0.28252721649884627,0.18959231669983218,0.0004532310541951051
4.18,1,seg1,0.15851875444378766,0.1417572150181366,0.08633341690570476,-0.30697674577865713,0.13749696976741801,0.0005066936060353494
4.18,2,seg2,-0.007244948654193545,0.10630432016061037,0.08612944465516052,-0.31640855825346953,0.10344305897549146,0.0003007708592770719
4.18,3,seg3,-0.16753051345468795,0.1024625764783759,0.08610283029959352,-0.3315856229520424,0.10100022694055048,0.00027228179382876583
4.18,4,seg4,-0.32638056909949,0.09340208151930945,0.08610500957285527,-0.34815852676897424,0.09338829843778285,0.00027265577683781295
4.18,5,seg5,-0.4872838310739381,0.03846657713837872,0.0859013775867516,-0.3623060727456766,0.03997174788569596,6.739245929737736e-05
4.18,6,seg6,-0.6150357247281315,-0.06124519630270693,0.08593005564120038,-0.4092329659665425,-0.05847137499704947,9.447236463375197e-05
4.2,0,head,0.2844832341226279,0.20761033622289438,0.08736295256583129,-0.2825165544898099,0.20229936345213517,3.2418695770641826e-06
4.2,1,seg1,0.1614051892028409,0.14691432176627398,0.08607594978592337,-0.3099060050016104,0.14262987304276978,0.00024922648625395893
4.2,2,seg2,-0.0027405987060242346,0.10295963566472047,0.08606526770305742,-0.3208849131630191,0.10006099901825936,0.0002365939071739681
4.2,3,seg3,-0.16408432895692943,0.09501816316207172,0.08615039421309813,-0.3349697255521983,0.09352738766710629,0.0003198457073333716
4.2,4,seg4,-0.32375340891826343,0.08778571131766057,0.08627400662013018,-0.35073884888202816,0.08775025598921628,0.0004416528241127232
4.2,5,seg5,-0.4864934335924998,0.03939055411011263,0.08627272761689211,-0.3631041334396902,0.04088911408933601,0.00043874248943788496
4.2,6,seg6,-0.6184384104302832,-0.05505531387440192,0.08653434186843002,-0.4058819187446006,-0.05225338521104699,0.0006987585918633993
4.22,0,head,0.28439887021038895,0.2177326042364691,0.0882916830683469,-0.28251644476763443,0.21242198302397666,0.0009319723720926654
4.22,1,seg1,0.1638107776812192,0.15130540531477898,0.0869254197554968,-0.3123480587144291,0.14700078190942045,0.001098696455827386
4.22,2,seg2,0.0016085904752446167,0.10043767735952633,0.08674343892569965,-0.3252129605256172,0.09750292821141396,0.0009147651298161974
4.22,3,seg3,-0.1605171976907895,0.08869967674369927,0.08655676091576439,-0.33848414222462575,0.08717942960642898,0.0007262124099996353
4.22,4,seg4,-0.32076691087752507,0.08312422626371707,0.08640317124909881,-0.35368644425882245,0.0830640747134688,0.0005708174530813515
4.22,5,seg5,-0.4859993457996892,0.04144651444142462,0.08617049684390828,-0.3636153166127477,0.042940890732761125,0.00033651171645404654
4.22,6,seg6,-0.6229587690811061,-0.04663690442994964,0.08632701810019039,-0.4014317861197181,-0.04379764281164345,0.0004914348236237653
4.24,0,head,0.28372986383068605,0.23015346603066061,0.08763190689238846,-0.2819508448504734,0.22484798294269454,0.0002721961961342362
4.24,1,seg1,0.16681473412074155,0.1568258289933531,0.08615911513135852,-0.3153978595640648,0.15249601135489832,0.0003323918316891078
4.24,2,seg2,0.006949821937029772,0.09747076280126273,0.08602293279017918,-0.33052931227408144,0.09449165944091548,0.0001942589942957318
4.24,3,seg3,-0.15612285196985254,0.08070810899238737,0.08606156629926101,-0.3428118190412123,0.07915156296529378,0.00023101779349625484
4.24,4,seg4,-0.3173198230439426,0.07671408079041453,0.08618130701028075,-0.35708005874577853,0.07662545993745826,0.00034895321426328674
4.24,5,seg5,-0.4857789139665954,0.04264915891037197,0.08604930115279914,-0.3638457508514528,0.044141658809186156,0.00021531602534491379
4.24,6,seg6,-0.6277865046542073,-0.036739246985224364,0.0860412952754938,-0.39668659953177005,-0.03386014524436479,0.0002057119989271744
4.26,0,head,0.28301609575057174,0.2414229252828017,0.08761107281148124,-0.28133090124705096,0.23612299277134766,0.00025136211522701346
4.26,1,seg1,0.16954085614503786,0.162984288828756,0.08620941987273857,-0.31817514622641013,0.15863156737129194,0.0003826965730691634
4.26,2,seg2,0.011461968197180518,0.0961768041155181,0.08611728945700793,-0.33503053215209955,0.0931601893656973,0.00028861566112448056
4.26,3,seg3,-0.15194905479051496,0.07448853166059932,0.08616781294847849,-0.34693370386786204,0.07289746106700158,0.00033726444271373057
4.26,4,seg4,-0.3139228581073036,0.07137399473332481,0.08629746341921109,-0.3604324585604085,0.07125728470192037,0.0004651096231936269
4.26,5,seg5,-0.4850505044045382,0.04377307024439339,0.08619112455136074,-0.3645834898987516,0.045259468397126065,0.00035713942390651343
4.26,6,seg6,-0.6315096347333861,-0.027956225612733265,0.0862538834209346,-0.3930367026585665,-0.025046439166364995,0.00041830014436797236
4.28,0,head,0.28258819150227077,0.25280821021422273,0.08767798627987028,-0.2809977756318545,0.2475114449198934,0.00031827558361605113
4.28,1,seg1,0.1717411867455127,0.16937426216588117,0.08631063566419574,-0.3204285866481643,0.16500300522046552,0.0004839123645263288
4.28,2,seg2,0.015592090549311035,0.095263613115343,0.08620536693273108,-0.3391529106213627,0.09221265350837368,0.00037669313684762784
4.28,3,seg3,-0.14792145421910544,0.06841899490772585,0.08617485623989818,-0.350910645992365,0.06679461139706586,0.00034430773413342275
4.28,4,seg4,-0.31044323388368567,0.06570381844169385,0.08620069585536694,-0.36386476733928524,0.06555834266318825,0.0003683420593494774
4.28,5,seg5,-0.483486950866089,0.0448998195893518,0.08600931859072984,-0.3661563676150086,0.04637316469480419,0.00017533346327561206
4.28,6,seg6,-0.6350401302828633,-0.01852834694120192,0.08604865478669912,-0.3895848010208654,-0.015589501493311628,0.00021307151013250092
4.3,0,head,0.2818022962868661,0.2629476188732955,0.08740136418144757,-0.2802963015751556,0.25765704364016845,4.165348519334644e-05
4.3,1,seg1,0.17315722859515256,0.17516076874009967,0.08618995832053261,-0.3218927426163438,0.1707775251272766,0.00036323502086320347
4.3,2,seg2,0.019856044490354434,0.09467907649978985,0.08624278412720146,-0.34341185155197723,0.0915926467228448,0.00041411033131801
4.3,3,seg3,-0.14397928022305467,0.06278739657994915,0.0862505509695747,-0.35480580961927666,0.061130396018179343,0.00042000246380993755
4.3,4,seg4,-0.3070005760659439,0.060153129656166544,0.08626788029010102,-0.3672611055301703,0.059979191676198765,0.00043552649408355737
4.3,5,seg5,-0.48127914924014364,0.04584311120073426,0.08608776124081688,-0.3683719441176135,0.047298047305905415,0.0002537761133626498
4.3,6,seg6,-0.6374664448758236,-0.00904635591216055,0.08619500740393911,-0.387237492487641,-0.006087643831369657,0.00035942412737248464
4.32,0,head,0.2796614151277395,0.2711594296456638,0.08776769975739371,-0.2782238444224965,0.26588638927930647,0.00040798906113947986
4.32,1,seg1,0.1737072211878067,0.1803020139602008,0.08624909158218247,-0.32248550858558994,0.17591401447028973,0.0004223682825130609
4.32,2,seg2,0.023875202597186913,0.09455962392521633,0.08611956022381471,-0.3474298761893655,0.09143974539143955,0.00029088642793126396
4.32,3,seg3,-0.14019342082497163,0.057496191574825606,0.0862027568005725,-0.35854749727865604,0.05580786323327689,0.00037220829480774653
4.32,4,seg4,-0.3034959767577669,0.05443396530976058,0.08648934394235916,-0.37071798078332147,0.054231055403038006,0.0006569901463416988
4.32,5,seg5,-0.4785285106471802,0.0461123501888898,0.08655587447201772,-0.37112472840169686,0.04754438241599626,0.0007218893445634922
4.32,6,seg6,-0.6387325932712172,-6.520282655716851e-06,0.08664318509389818,-0.3860466297460637,0.0029624172677617986,0.0008076018173315547
4.34,0,head,0.27729506459087583,0.279298819433266,0.08795666080615593,-0.2759253229164786,0.27404519310483244,0.0005969501099016977
4.34,1,seg1,0.17340444494444682,0.1857000648628912,0.08653343709981313,-0.3222276727443774,0.18131439850112707,0.0007067138001437268
4.34,2,seg2,0.02695509939873057,0.09480834810047624,0.08639704648884568,-0.35051173652444534,0.09166282586508423,0.0005683726929622268
4.34,3,seg3,-0.13621020547113508,0.052336855835848684,0.08623812839000804,-0.3624876316526248,0.050615552482189144,0.00040757988424328095
4.34,4,seg4,-0.3002651401737706,0.0486816240875924,0.08614200699664633,-0.3739008266523388,0.04845202202870876,0.0003096532006288677
4.34,5,seg5,-0.47568132869219704,0.046976769062289335,0.0858293978606762,-0.37397900659924416,0.04838507322941522,-4.587266778030563e-06
4.34,6,seg6,-0.6384615310197531,0.011747642456892513,0.08571134015157034,-0.3864155167208956,0.014713916697695112,-0.0001242431249962872
4.36,0,head,0.27572983266856965,0.2863197141770735,0.08713371814217977,-0.2744185826389593,0.2810788726333539,-0.00022599255407446117
4.36,1,seg1,0.17316975442532018,0.19017790896664116,0.0859140668831231,-0.32203026105764043,0.1857940409068519,8.734358345369175e-05
4.36,2,seg2,0.029763955499831036,0.09480680955447511,0.08612833320214813,-0.35332048252147363,0.09163790825548113,0.00029965940626468235
4.36,3,seg3,-0.13237660603278978,0.047405316334608004,0.0864067955249076,-0.36628005132356845,0.04565227538496632,0.000576247019142842
4.36,4,seg4,-0.2971157597229835,0.042504985121457665,0.08678241071073918,-0.37699868762744454,0.0422493835965968,0.0009500569147217197
4.36,5,seg5,-0.472511938572614,0.046050557065064675,0.08699500762447981,-0.37714057773709897,0.047432513345082764,0.001161022497025585
4.36,6,seg6,-0.6368060140798358,0.02069359153833069,0.08734103129233452,-0.3881454366573202,0.02364577643234743,0.0015054480157678934
4.38,0,head,0.27497048253429696,0.29042356377946765,0.08788151754494576,-0.27369341662078495,0.285188900422977,0.0005218068486915334
4.38,1,seg1,0.17337924709079536,0.19247906291327804,0.08636878150933289,-0.3222588997960952,0.18809337145948846,0.0005420582096634791
4.38,2,seg2,0.032201128843847786,0.09300936532010057,0.08618253982735115,-0.35574261066916535,0.08982024081614319,0.0003538660314676978
4.38,3,seg3,-0.12840809943490808,0.04091101640996064,0.08601193098957131,-0.3701943660652979,0.039125169117286265,0.00018138248380655808
4.38,4,seg4,-0.29368146397942735,0.035395534829626686,0.08591160762758665,-0.38037368990263193,0.035111594698956104,7.925383156918986e-05
4.38,5,seg5,-0.4691267326690464,0.045613329132848004,0.08562951200541506,-0.3805220271729039,0.04696712427528678,-0.00020447312203916712
4.38,6,seg6,-0.6340086692247662,0.03274154147953856,0.08553677693983183,-0.39104296402211014,0.03567002573091008,-0.0002988063367347915
4.4,0,head,0.2746460715690602,0.293265768092163,0.08718728024683194,-0.2733926735791216,0.2880337064712579,-0.00017243044942229224
4.4,1,seg1,0.17301934052751672,0.1947082804590435,0.08591902143187292,-0.32191756027719987,0.1903255074171432,9.229813220351657e-05
4.4,2,seg2,0.03383374100086662,0.09288249263693957,0.08613864917751173,-0.357374110265979,0.08967978371120157,0.00030997538162827465
4.4,3,seg3,-0.12544339425720225,0.03712476867460576,0.08651276646192227,-0.3731274542481259,0.03531437623194156,0.0006822179561575131
4.4,4,seg4,-0.2909767048989944,0.030389456124712916,0.08704076724817354,-0.38303668790193196,0.030083176723305873,0.0012084134521560819
4.4,5,seg5,-0.4652924200479081,0.045206558819525997,0.0874783202807965,-0.3843528212790023,0.04652845369303131,0.0016443351533422662
4.4,6,seg6,-0.6303606552248066,0.04226518435648656,0.08803610801673302,-0.39477012035157477,0.045162974982142154,0.0022005247401663958
4.42,0,head,0.2743502197598233,0.2950064276479924,0.0874773143472756,-0.2731113201520198,0.28977676821180837,0.0001176036510213696
4.42,1,seg1,0.17271808335347727,0.19646218617384834,0.08620262617359471,-0.321630911925069,0.1920818598486157,0.0003759028739253045
4.42,2,seg2,0.03507060525413109,0.09214418157214903,0.08628632388013177,-0.35860478644668065,0.08893120335646536,0.00045765008424832054
4.42,3,seg3,-0.12287190015574459,0.032333592907782475,0.08625855127392096,-0.37565898059896546,0.0305019629624213,0.0004280027681562021
4.42,4,seg4,-0.28679447435269384,0.024546441464492273,0.08617720195021149,-0.3871701400696098,0.02420555425860576,0.00034484815419402737
4.42,5,seg5,-0.4611223198146175,0.04586720189373206,0.0858224407514085,-0.3885282758301633,0.04715436464262401,-1.1544376045724558e-05
4.42,6,seg6,-0.6255772560786056,0.05598114831986654,0.08570608607882711,-0.39966751669003375,0.058838649881003124,-0.00012949719773951152
4.44,0,head,0.27492485805679234,0.29414704848658907,0.08747159096652482,-0.27367878562260056,0.28891263589841,0.00011188027027059233
4.44,1,seg1,0.17275001680364277,0.1972381065629515,0.08598494283539458,-0.32166930253280124,0.19285748756646967,0.00015821953572517367
4.44,2,seg2,0.03601423587083437,0.09207898834553441,0.08593119628167495,-0.35954784174960097,0.0888581582120144,0.00010252248579149803
4.44,3,seg3,-0.12010826839671374,0.02945905636695673,0.08610040798693101,-0.3783985908275797,0.02760452329634841,0.0002698594811662569
4.44,4,seg4,-0.28340387233699627,0.020234030558291337,0.08654658627102421,-0.39052473089263495,0.019865071536419424,0.0007142324750067514
4.44,5,seg5,-0.4572818393012818,0.045095905703295996,0.0869369657709597,-0.39236220353516743,0.04635112947276062,0.0011029806435054745
4.44,6,seg6,-0.6206915495579892,0.06415403864651463,0.08749160337502214,-0.4046210798687238,0.06697059161284319,0.0016560200984555157
4.46,0,head,0.2756095041751093,0.2942796553878866,0.08752210485548154,-0.2743645117597237,0.2890395396510047,0.00016239415922730815
4.46,1,seg1,0.17196712951507026,0.1987088744002534,0.08616006515322087,-0.32089868409158506,0.19433472070847388,0.0003333418535514665
4.46,2,seg2,0.03637206939206295,0.09303424734496694,0.08618479755251851,-0.3599136138388701,0.08981040574475768,0.00035612375663506
4.46,3,seg3,-0.11770768607200388,0.02714551350284019,0.08618272730303547,-0.38077983354944084,0.02527107966497546,0.0003521787972707163
4.46,4,seg4,-0.2799524354772992,0.015926984624396026,0.08618692277671028,-0.393940199106942,0.015529447250468679,0.00035456898069281817
4.46,5,seg5,-0.4527517693260165,0.04486753343250562,0.08593015022436681,-0.3968902157654027,0.046085059715338966,9.616509691258435e-05
4.46,6,seg6,-0.6143818347909504,0.07480445829572659,0.08589010859762249,-0.4110192233317669,0.07756812431480757,5.4525321055862164e-05
4.48,0,head,0.27698235665143817,0.29207171250296904,0.08756229865974745,-0.27571893918006346,0.2868202465050599,0.00020258796349321984
4.48,1,seg1,0.17171767188424011,0.19901283061812988,0.08612297273515128,-0.3206517650385522,0.19464074272272744,0.0002962494354818712
4.48,2,seg2,0.036571863685232964,0.09383155553482271,0.0861029654571716,-0.3601200374932794,0.09060602335648635,0.0002742916612881452
4.48,3,seg3,-0.1154606055943897,0.025612957974242182,0.08621672332884345,-0.3830140801792266,0.023719873966850873,0.00038617482307869155
4.48,4,seg4,-0.27690300283873437,0.01237728664916366,0.08651493785816729,-0.396959980704195,0.011954490714172447,0.0006825840621498269
4.48,5,seg5,-0.4490427911522241,0.043655488316371505,0.08669887798445317,-0.4005889771746647,0.04484218542835363,0.0008648928569989361
4.48,6,seg6,-0.6082634573031153,0.08148135384951113,0.08710324533684405,-0.41719296307707066,0.08419386313203685,0.0012676620602774247
4.5,0,head,0.2783912836612797,0.29053404253260523,0.08725105064632682,-0.2771150188062081,0.28527090279429956,-0.00010866004992740597
4.5,1,seg1,0.17074320587007488,0.20026780303783284,0.08581276038575128,-0.31968777836532086,0.19590378250068657,-1.3962913918127984e-05
4.5,2,seg2,0.036034277577198195,0.09590929868196686,0.08578223192875734,-0.3595997638086548,0.09268816905314176,-4.64418671261152e-05
4.5,3,seg3,-0.11364321384638898,0.02478072541222273,0.08576681757195412,-0.38482448200299796,0.022872543429722725,-6.373093381063788e-05
4.5,4,seg4,-0.2738123283285698,0.008674007915863391,0.08577400812193957,-0.40001972443669637,0.008225615468916198,-5.834567407789204e-05
4.5,5,seg5,-0.445258958076901,0.04190795935448205,0.08551664228061885,-0.40435813386836306,0.04306322280044298,-0.00031734284683537783
4.5,6,seg6,-0.6014525144957256,0.0882032047344916,0.0855034256951573,-0.4240596183309554,0.09085879125363519,-0.00033215758140932305
4.5200000000000005,0,head,0.2805995696274553,0.2875729607295078,0.08783814953914591,-0.2792985821317687,0.2822915432061038,0.0004784388428916847
4.5200000000000005,1,seg1,0.17021115900013542,0.20080703735922012,0.08634590726319975,-0.31916023816606626,0.1964474265600811,0.0005191839635303452
4.5200000000000005,2,seg2,0.03512825254988335,0.09835687753036577,0.08627837729147197,-0.3587141422426073,0.0951432042893238,0.0004497034955885243
4.5200000000000005,3,seg3,-0.11220355069503962,0.025590448127510133,0.08633156814516835,-0.38627083489733094,0.023670255263585824,0.000501019639403591
4.5200000000000005,4,seg4,-0.27154212325504884,0.006474735339834993,0.08652787298830747,-0.40227154553620853,0.006007523343966526,0.0006955191922900089
4.5200000000000005,5,seg5,-0.442729901243053,0.0394791622854639,0.08658938635164042,-0.4068668873469405,0.04061345961712054,0.0007554012241861863
4.5200000000000005,6,seg6,-0.5971606545362427,0.09086018545467374,0.08691415538128373,-0.428373444624926,0.09347995724668864,0.0010785721047171098
4.54,0,head,0.2870486560189639,0.2776338272388412,0.0877990224692376,-0.28566471815485445,0.27229907594514585,0.00043931177298336954
4.54,1,seg1,0.1718233921753992,0.20140318950676747,0.08636878355847616,-0.32077737748207646,0.1970301388620235,0.0005420602588067508
4.54,2,seg2,0.03247369824202345,0.10512864850404,0.08633447513460997,-0.35611604376693545,0.10193683549826395,0.0005058013387265192
4.54,3,seg3,-0.11172991390198778,0.03293527641513914,0.08636444880251179,-0.38680558892425965,0.031010886879269242,0.0005339002967470335
4.54,4,seg4,-0.26959048503663974,0.006334105462069408,0.08626546259722416,-0.40422194563734914,0.005850654152619029,0.0004331088012066997
4.54,5,seg5,-0.43863298484994273,0.03338025105491043,0.08582674574376396,-0.41091289839774336,0.034480659546581034,-7.239383690266221e-06
4.54,6,seg6,-0.5928150103507462,0.09075860639804174,0.08550742756513581,-0.4327180927992685,0.09334221135334388,-0.0003281557114308137
4.5600000000000005,0,head,0.29901681571916783,0.2599172859728706,0.08819816445734707,-0.29748500215225426,0.2544835330894475,0.0008384537610928444
4.5600000000000005,1,seg1,0.17715757710802754,0.1988598902664974,0.0868190854276403,-0.32609020884772427,0.19444252938637951,0.0009923621279708944
4.5600000000000005,2,seg2,0.02850765409388625,0.11207201175681997,0.08669820835184619,-0.3522079291048187,0.1089129690427825,0.0008695345559627393
4.5600000000000005,3,seg3,-0.11297357560820169,0.044365319386718116,0.08690876286590284,-0.3856571066460458,0.042450885359508944,0.00107821436013808
4.5600000000000005,4,seg4,-0.2662235808449092,0.01294464040232965,0.08725685086845174,-0.40764375505383027,0.012432936154266098,0.0014244970724342776
4.5600000000000005,5,seg5,-0.4331226350287409,0.029697681992123453,0.08758658990021799,-0.4163924059982398,0.03075235342888252,0.0017526047727637606
4.5600000000000005,6,seg6,-0.5880413902248731,0.08658312693459448,0.08811559841237994,-0.437456793554522,0.08912714397480552,0.0022800151358133153
4.58,0,head,0.31268304717499573,0.24000103329996153,0.08784758588613954,-0.31098499009730357,0.23445422136392569,0.00048787518988531453
4.58,1,seg1,0.1825565387104138,0.1951467637183601,0.08629502265528445,-0.3314580777469582,0.19068459396593573,0.00046829935561504277
4.58,2,seg2,0.026495961325783548,0.12234631655867698,0.08609200992816919,-0.3502818227457848,0.11920366198581114,0.0002633361322857408
4.58,3,seg3,-0.11528310679443676,0.05955257371419454,0.0862155847413839,-0.38347406442720566,0.057656836660803915,0.0003850362356191406
4.58,4,seg4,-0.2640126493045034,0.023314265104890975,0.08626498266026521,-0.4099409201141875,0.022783799279320303,0.00043262886424774716
4.58,5,seg5,-0.4278790634340888,0.026342153362373652,0.0859487753269435,-0.4216078666881691,0.02735329690649807,0.00011479019948927582
4.58,6,seg6,-0.584047434317711,0.07323137585858906,0.08554091105367248,-0.4413394796981504,0.0757426122724333,-0.0002946722228941434
4.6000000000000005,0,head,0.3246335372763183,0.21729045811950815,0.08799085088183377,-0.32274603797217416,0.2116449646562424,0.0006311401855795401
4.6000000000000005,1,seg1,0.18936628459787572,0.18699475908660718,0.08650242459872236,-0.3381997356873936,0.1824761917598366,0.0006757012990529498
4.6000000000000005,2,seg2,0.027832058307579254,0.12780569137869982,0.08629289265147454,-0.35166331378045584,0.12465172688000103,0.00046421885559108644
4.6000000000000005,3,seg3,-0.11522473017033855,0.0698760009834563,0.0864330133044223,-0.38361836461750887,0.06797942043953951,0.0006024647986575399
4.6000000000000005,4,seg4,-0.2624197160669018,0.03004851556566154,0.08663286599760042,-0.41158984975518753,0.029504557912596926,0.0008005122015829619
4.6000000000000005,5,seg5,-0.4246326538228037,0.02431595644210618,0.08669962847162113,-0.4248372990806878,0.02530014914146877,0.0008656433441669026
4.6000000000000005,6,seg6,-0.5801411078429297,0.06448411177678583,0.08688917055179202,-0.44517286424182784,0.0669631374371826,0.0010535872752253927
4.62,0,head,0.3345119900461551,0.1951968977440711,0.08892353999808435,-0.3324402559260656,0.18946994769030903,0.0015638293018301191
4.62,1,seg1,0.19689672056528623,0.1787453945651621,0.08711012517184576,-0.34566124838193363,0.17416443447451274,0.0012834018721763485
4.62,2,seg2,0.03111548097422328,0.13271783908663873,0.08661615188143036,-0.3549875082774571,0.12953637532771556,0.000787478085546911
4.62,3,seg3,-0.11416641664269744,0.07858923151533215,0.08654839979503706,-0.38474916482869326,0.07668354042416572,0.000717851289272306
4.62,4,seg4,-0.26150756005943776,0.035153573845840516,0.08646637016866626,-0.41254446539709494,0.034601847153181056,0.0006340163726488018
4.62,5,seg5,-0.42342234537226314,0.02181853679368112,0.08607521333528267,-0.42602677868678795,0.022792742171652162,0.000241228207828445
4.62,6,seg6,-0.5776403255972464,0.05553367245491813,0.08566217516789605,-0.4475990621437668,0.05799219324860989,-0.00017340810867057244
4.64,0,head,0.3429192012789504,0.17136962049492846,0.08812673140020272,-0.3406488529589669,0.16557351957725297,0.00076702070394849
4.64,1,seg1,0.20547158880808283,0.16803625416492388,0.08677569874567498,-0.35414668357593443,0.16338429333194082,0.0009489754460055705
4.64,2,seg2,0.03677860877995953,0.13577749274484885,0.08657769679072456,-0.360675906508552,0.1325487867561338,0.0007490229948411142
4.64,3,seg3,-0.1126041344734803,0.0852117950487824,0.08654571125793895,-0.3863665148526954,0.08329287111876636,0.0007151627521741893
4.64,4,seg4,-0.26068238023380896,0.0394407625395514,0.08659187372425912,-0.4134053004480518,0.03888201907205612,0.0007595199282416643
4.64,5,seg5,-0.42237613772009935,0.020697860059632422,0.0866429889361995,-0.4270636223040681,0.02166339629599069,0.0008090038087452678
4.64,6,seg6,-0.5770724302289597,0.0495541293186144,0.08706238359131914,-0.44811716795778184,0.05200813044532714,0.0012268003147525158
4.66,0,head,0.3507400561773517,0.15183234092763417,0.08850032411155714,-0.34830682115834255,0.1459718209957001,0.0011406134153029157
4.66,1,seg1,0.2140158995536281,0.15990272117583226,0.08675067022858218,-0.3626230000355886,0.1551799247231287,0.000923946928912775
4.66,2,seg2,0.04243441391553608,0.1397229760452368,0.08628158206187231,-0.3663643554010177,0.13644705809102267,0.0004529082659888578
4.66,3,seg3,-0.11064517037691224,0.09233551433329101,0.08619786189625592,-0.3883847043621571,0.09040003847853975,0.0003673133904911613
4.66,4,seg4,-0.25923820835901035,0.04409635178958812,0.08620983245271963,-0.41488817243640236,0.04352542669308926,0.0003774786567021654
4.66,5,seg5,-0.42233352102926786,0.019252870275849415,0.08593153130208579,-0.42709421035035205,0.020218101852288204,9.754617463156312e-05
4.66,6,seg6,-0.5788653192495468,0.042269632685987796,0.08562544851032702,-0.44626370956395234,0.04473880900429261,-0.00021013476623960026
4.68,0,head,0.3577240744554922,0.1360390848982345,0.08726575693177224,-0.35515914457626085,0.13012098155137403,-9.395376448198545e-05
4.68,1,seg1,0.22123509231646055,0.1496796213820036,0.08651625633601656,-0.3697568522002657,0.14489709112395643,0.0006895330363471536
4.68,2,seg2,0.04835547814798788,0.13855183087383915,0.08688901842078348,-0.3722754666676412,0.13522667034624428,0.0010603446249000253
4.68,3,seg3,-0.10760428477721223,0.09634456933394321,0.0870775037438995,-0.3914588534290907,0.09438364422488237,0.001246955238134742
4.68,4,seg4,-0.2578020933098367,0.04851719288407525,0.08726748450705377,-0.4163610339851077,0.04793416135004006,0.001435130711036306
4.68,5,seg5,-0.42024410418241864,0.019139730014308236,0.08755868981730099,-0.42918261311324607,0.020087574543984462,0.0017247046898467566
4.68,6,seg6,-0.5795930711994515,0.03364789833818776,0.08841296344095094,-0.4454642210354802,0.03612343065174969,0.002577380164384316
4.7,0,head,0.3621676419149249,0.12781952745565223,0.08996339125626947,-0.3595341437863277,0.1218647234262886,0.0026036805600152396
4.7,1,seg1,0.22732273786855003,0.14692962289991188,0.08870858373621672,-0.3758213976537163,0.1420965182434906,0.002881860436547312
4.7,2,seg2,0.05364897567705958,0.1427927469881821,0.08836974594057034,-0.3776040794971511,0.13942337987754183,0.002541072144686893
4.7,3,seg3,-0.1042930020236224,0.10328556298126734,0.0878082035861251,-0.39482779386050676,0.10129683644376787,0.001977655080360338
4.7,4,seg4,-0.2561509586283627,0.05316453804201547,0.08718949215792296,-0.4180507929924485,0.05256760253887022,0.0013571383619054994
4.7,5,seg5,-0.419284108566086,0.017565856099859688,0.08660138074948211,-0.43012947555836006,0.018505764760259755,0.0007673956220278777
4.7,6,seg6,-0.5804461256302965,0.024089926228311073,0.0866325168623342,-0.4445316417237811,0.02657288990566871,0.000796933585767573
4.72,0,head,0.3669460232395025,0.11900866853089742,0.0891413766819822,-0.36423902364930905,0.11301439752566535,0.0017816659857279732
4.72,1,seg1,0.23233311912234833,0.1436699761270149,0.08705375261872886,-0.3808044741395467,0.13879528118349024,0.00122702931905945
4.72,2,seg2,0.059247237751162696,0.14734343871774633,0.08643272286836079,-0.38324002468827834,0.14392731762888006,0.000604049072477339
4.72,3,seg3,-0.10078226833095616,0.1125790449134615,0.08656615323864186,-0.3984157589259338,0.11056077535620533,0.000735604732877107
4.72,4,seg4,-0.25539129972958124,0.061721830204094885,0.08698159690862453,-0.41888165098911895,0.061118275364972864,0.0011492431126070707
4.72,5,seg5,-0.41986112588423163,0.02012042922388482,0.08710408482544515,-0.42957374085645866,0.021065052116630935,0.0012700996979909257
4.72,6,seg6,-0.5817275356842857,0.016736472759089217,0.08681541467597644,-0.44318907062653545,0.01923035679377445,0.0009798313994098112
4.74,0,head,0.3704332241385391,0.11040027100521516,0.08744226631741975,-0.3676544529718267,0.10437727296874463,8.255562116551984e-05
4.74,1,seg1,0.23562636404700288,0.13912473330629352,0.08619437571708873,-0.384059773300413,0.13422278495001466,0.0003676524174193174
4.74,2,seg2,0.06325809207498119,0.14801800344684413,0.0862690505079884,-0.3872563547211406,0.14456847521194963,0.00044037671210495066
4.74,3,seg3,-0.09836233857031261,0.11622814594167713,0.0864492562795035,-0.40086597763755993,0.11418960803701922,0.0006187077737387497
4.74,4,seg4,-0.2524223407513191,0.0650650231472853,0.08667687469744648,-0.4218783337173773,0.06443664079022021,0.0008445209014290161
4.74,5,seg5,-0.41909979344130766,0.018636546960884452,0.08671540856049591,-0.43032269604261225,0.019574884411921,0.0008814234330416781
4.74,6,seg6,-0.5825479931893232,0.008947707205560703,0.08692787906791248,-0.4423038128523075,0.01144869000326182,0.001092295791345857
4.76,0,head,0.3717884850228445,0.10525574437314238,0.08813792487256114,-0.3689668471695797,0.09922164421930314,0.0007782141763069128
4.76,1,seg1,0.2391810748250218,0.13637839826947634,0.0871924479622128,-0.3875915022123057,0.1314469579126385,0.0013657246625433939
4.76,2,seg2,0.06587230945354794,0.14980984116033236,0.08737280566515016,-0.3898853956518045,0.14633849178763664,0.0015441318692667044
4.76,3,seg3,-0.09654392164378481,0.12112943032881968,0.08731223127271347,-0.40272512672262883,0.11907558730852863,0.001481682766948711
4.76,4,seg4,-0.2508244144722204,0.0689036509960293,0.08708951897169197,-0.4235081549212052,0.06826183555623926,0.0012571651756745073
4.76,5,seg5,-0.4170226119230504,0.017234932486063514,0.08667391552994415,-0.43238813946766785,0.01815602936179141,0.000839930402489919
4.76,6,seg6,-0.5812263879515455,0.00020832160855667353,0.08672129185223586,-0.44355263126865246,0.0026986069419249084,0.0008857085756692334
4.78,0,head,0.37408771587378303,0.10242700423363521,0.0877809522647779,-0.37124245375673043,0.09637386474351665,0.00042124156852367534
4.78,1,seg1,0.24158794236344922,0.13455611427698963,0.08622137828880103,-0.38998311885397774,0.12960470382172237,0.0003946549891316181
4.78,2,seg2,0.06813688446038316,0.15171080112215293,0.08594070725336739,-0.39216571458589433,0.148220537030569,0.00011203345748393712
4.78,3,seg3,-0.09449472236672334,0.1281227035166883,0.08599306380381876,-0.4048324625372,0.1260515620305067,0.0001625152980540001
4.78,4,seg4,-0.25124877485681557,0.07661626663537376,0.0861617907068179,-0.42314800410298603,0.07597771613620706,0.00032943691080043747
4.78,5,seg5,-0.41503123221311766,0.01998778943335153,0.08619510485547856,-0.4344023632124851,0.020892215983146566,0.00036111972802432835
4.78,6,seg6,-0.5777762153204907,-0.008058535129136237,0.08625555269865201,-0.44693387637233506,-0.005596680458337236,0.0004199694220853867
4.8,0,head,0.37635599706037026,0.10067442568058295,0.08682786726347008,-0.3734960690305422,0.09460246718137474,-0.0005318434327841459
4.8,1,seg1,0.24259311991689064,0.13271257504318895,0.08559491876992628,-0.3909729171499207,0.12775286199431507,-0.00023180452974312649
4.8,2,seg2,0.07012685261557244,0.15137465428318447,0.08569455965712013,-0.39415281593827045,0.14786783861686417,-0.0001341141387633249
4.8,3,seg3,-0.09298222428350783,0.13089537435284593,0.08594179652242809,-0.4063679861617665,0.1288115477579425,0.00011124801666333173
4.8,4,seg4,-0.25050021987357357,0.08045950635880546,0.0861829602490108,-0.42392852181929286,0.07981459223913379,0.0003506064529933406
4.8,5,seg5,-0.41243338839054416,0.021057161712541638,0.08630491788953418,-0.43700901781536156,0.021939928433537637,0.00047093276207994805
4.8,6,seg6,-0.5732415310835782,-0.01443530205299398,0.08655467871619815,-0.45141532741014434,-0.012010970296125238,0.0007190954396315286
4.82,0,head,0.3773701520156448,0.09927669834788497,0.0878117906886894,-0.3744985550697164,0.09319634709012142,0.00045207999243516983
4.82,1,seg1,0.24359398965712814,0.13130883497620796,0.08641960932207159,-0.3919620683881107,0.12634083995466866,0.0005928860224021781
4.82,2,seg2,0.07136719568917717,0.15212828984498497,0.0862851983181169,-0.3953993888257677,0.1486111242525907,0.00045652452223345075
4.82,3,seg3,-0.09239348265566427,0.13465420131971856,0.08624512380872987,-0.4069879934609238,0.13256534421223076,0.0004145753029651117
4.82,4,seg4,-0.24911364357208765,0.08451657069079797,0.08617634364492373,-0.42534881849183526,0.08385997506349331,0.0003439898489062676
4.82,5,seg5,-0.4089092559231814,0.02035755778809536,0.08595401412694903,-0.44052720515307164,0.021211016124525972,0.00012002899949480061
4.82,6,seg6,-0.5674387152633367,-0.023969506399076274,0.08589086763663639,-0.4571385856191693,-0.02159314329735441,5.5284360069768335e-05
4.84,0,head,0.3780367150534485,0.09816083879186337,0.08686853923521319,-0.37515580731854914,0.0920749781439292,-0.0004911714610410373
4.84,1,seg1,0.2445042586861911,0.12965637562243337,0.08552561574944359,-0.39285855187367225,0.12468086134602122,-0.00030110755022581814
4.84,2,seg2,0.07218917054548851,0.15250206316486287,0.08552860540708922,-0.3962244462584583,0.14897804303347367,-0.0003000683887942335
4.84,3,seg3,-0.09146070252736788,0.1383889083806533,0.0857982057053584,-0.40795182658448104,0.136292158040239,-3.234280040635695e-05
4.84,4,seg4,-0.24784478237437718,0.08927089689446845,0.08618697341061289,-0.4266572076989075,0.08860357539158804,0.00035461961459543057
4.84,5,seg5,-0.406399433072189,0.021232462219190906,0.08649049869818971,-0.44304422320773673,0.022065000093260744,0.0006565135707354841
4.84,6,seg6,-0.5623999438566448,-0.031051547318433795,0.08688312080842066,-0.46211823611682235,-0.0287168783984627,0.0010475375318540342
4.86,0,head,0.37864685275103377,0.09773039322293961,0.08770047845942636,-0.3757623411282105,0.09163946909061244,0.0003407677631721284
4.86,1,seg1,0.2450984040223016,0.1280726156601767,0.08632612246770273,-0.39343949442642084,0.12309221096005539,0.000499399168033321
4.86,2,seg2,0.07308060054269495,0.15188042298287943,0.08620695168540571,-0.3971106712424836,0.14834900469331852,0.0003782778895222577
4.86,3,seg3,-0.09058121609573652,0.14020593136210374,0.086189640772045,-0.40884640628495517,0.13810179779941512,0.00035909226628023927
4.86,4,seg4,-0.2463033677112533,0.09160821110797288,0.0861376779551039,-0.42821802327237746,0.09092797889394813,0.0003053241590864342
4.86,5,seg5,-0.4028646111998037,0.01956989409224372,0.08589086724852159,-0.4465650844837007,0.020373067966835343,5.688212106735868e-05
4.86,6,seg6,-0.5559364467086608,-0.04063501202665108,0.08580728426782491,-0.46850174275605877,-0.03835380914314463,-2.8299008741711207e-05
4.88,0,head,0.37875021390099545,0.09695459599976777,0.08725828932929854,-0.3758592414591823,0.09086283842893483,-0.00010142136695569237
4.88,1,seg1,0.24578128305757196,0.12587222641820148,0.08589723675936317,-0.3941040351779211,0.1208862140918475,7.051345969376344e-05
4.88,2,seg2,0.07375706519460644,0.1510839362055364,0.08582353671555228,-0.3977804830166359,0.1475469150481255,-5.137080331174548e-06
4.88,3,seg3,-0.08919233084274801,0.1426700890029575,0.0859920334869878,-0.4102557534952241,0.1405543098922944,0.00016148498122305066
4.88,4,seg4,-0.24544135093582595,0.09508949127799748,0.08623638681540834,-0.42910898613137194,0.09440196359846,0.0004040330193908759
4.88,5,seg5,-0.40061557645178103,0.01980262911925487,0.08638478002665553,-0.44881597846273485,0.020587075409002124,0.000550794899201304
4.88,6,seg6,-0.5503683237135265,-0.04755870086992587,0.08666923315786938,-0.4740120445266563,-0.04532360363660138,0.0008336498813027587
4.9,0,head,0.3793231369092297,0.09622733938778014,0.08756928321026468,-0.37642609140381905,0.0901308383652234,0.0002095725140104504
4.9,1,seg1,0.24619868029472716,0.12382200032565578,0.0862971596443174,-0.3945043531893003,0.11883258487169204,0.00047043634464799533
4.9,2,seg2,0.07457080976531026,0.15008822175281472,0.08629152384093915,-0.39858591171082336,0.14654446199874288,0.00046285004505569605
4.9,3,seg3,-0.08849294287485718,0.1446543627788877,0.08637159987653759,-0.4109716330588899,0.1425326936765415,0.0005410513707728298
4.9,4,seg4,-0.24487058050755026,0.0983671013741706,0.0863383257494509,-0.4297070175128441,0.09767470943202147,0.0005059719534334373
4.9,5,seg5,-0.39864365719752026,0.01983471580884542,0.08605794771765068,-0.45078809647914286,0.020602747995815567,0.00022396259019645537
4.9,6,seg6,-0.5442891607560539,-0.05491255872701821,0.08596033844372801,-0.48002978810626085,-0.05272780581185059,0.00012475516716138613
4.92,0,head,0.38017839701494094,0.09636553736010367,0.08724784685033923,-0.3772824721547926,0.0902619129137527,-0.00011186384591499454
4.92,1,seg1,0.24669119320231,0.12207851566325474,0.08578870463622962,-0.3949823373880725,0.11708506124156488,-3.801866343978999e-05
4.92,2,seg2,0.07511008703988355,0.1489668325173994,0.08559801852308445,-0.39911583658007327,0.1454186230097698,-0.0002306552727990019
4.92,3,seg3,-0.08788301998151798,0.1468750258725275,0.08572194558896508,-0.41160001820014436,0.14474820323993884,-0.00010860291679967715
4.92,4,seg4,-0.24515861996361404,0.10243687562240605,0.08603068069789156,-0.4294528622253769,0.10174674016000866,0.00019832690187410185
4.92,5,seg5,-0.3980293520338136,0.021447868797268087,0.08635537643464106,-0.45141580721443336,0.022210732022785916,0.0005213913071868276
4.92,6,seg6,-0.5398311535930141,-0.05989082394606422,0.08686944954532279,-0.4844462049576322,-0.05774300417778604,0.0010338662687561645
4.94,0,head,0.38170452083898826,0.09666356585190299,0.08768326256512635,-0.3788110237122676,0.09054722860589462,0.0003235518688721184
4.94,1,seg1,0.24693807811895563,0.12017235987576547,0.08639343999164005,-0.39521334813428366,0.11517691657111467,0.0005667166919706423
4.94,2,seg2,0.07554014777253192,0.14701041908348975,0.08640289999838635,-0.39952959848469494,0.14345869779578777,0.0005742262025029005
4.94,3,seg3,-0.08736660785923227,0.14748583234957188,0.08648177514705845,-0.4121214963954352,0.14535469027546288,0.0006512266412936896
4.94,4,seg4,-0.245088883179569,0.10438641572299978,0.08635674157286252,-0.429538823315346,0.10369563228475104,0.0005243877768450617
4.94,5,seg5,-0.3965813827276592,0.020676350655130835,0.08590699273544598,-0.45285730474097236,0.02142718863790697,7.30076079917541e-05
4.94,6,seg6,-0.5335519257279139,-0.06727100842566654,0.08565120946470055,-0.49066378738873384,-0.06517519727558925,-0.00018437381186607593
4.96,0,head,0.3830398898156964,0.09837137054537291,0.08737509643841906,-0.3801605611031508,0.09224385938643172,1.5385742164836236e-05
4.96,1,seg1,0.2472081615010657,0.11903676421368013,0.08598069182852387,-0.3954739701907066,0.11403911224490842,0.00015396852885446455
4.96,2,seg2,0.07562219566409588,0.14535882919941814,0.08588208013263302,-0.39959789675907686,0.1418064822083445,5.340633674956463e-05
4.96,3,seg3,-0.08703738446299755,0.14852214312669054,0.08605950177779816,-0.4124593339737798,0.14638822491061204,0.00022895327203339977
4.96,4,seg4,-0.24508620602342307,0.10760561182006405,0.08638583950580556,-0.42956829490265463,0.10691469458673523,0.0005534857097880957
4.96,5,seg5,-0.39625692998476447,0.02200879016291225,0.08671645593148439,-0.45319283661688337,0.02275688145375261,0.0008824708040301582
4.96,6,seg6,-0.529343575932278,-0.07156503600133568,0.08729885849635467,-0.49483625067613557,-0.06950410371214526,0.0014632752197880489
4.98,0,head,0.3846276114551253,0.1001628598214612,0.0876660296435856,-0.3817631389521102,0.09402207142904064,0.000306318947331366
4.98,1,seg1,0.2477083607662559,0.11743207120963065,0.08626684131551274,-0.3959607956935917,0.11243031148911288,0.0004401180158433299
4.98,2,seg2,0.07564178991468333,0.14283018362128427,0.08618554098316608,-0.3995964435067065,0.1392777611318859,0.00035686718728263067
4.98,3,seg3,-0.08683779774331737,0.14857778613558545,0.08623213877515223,-0.4126593769165399,0.14644220476018516,0.0004015902693874779
4.98,4,seg4,-0.24538118915309914,0.1102048788916658,0.08607977796370268,-0.42929495662337425,0.10951632687077646,0.0002474241676852229
4.98,5,seg5,-0.3959294485978867,0.023582993671687327,0.08556893862576889,-0.4535334093203711,0.024328304687456993,-0.00026504650168533705
4.98,6,seg6,-0.5249691617761519,-0.07532826015305293,0.08525806020671373,-0.49917919063889815,-0.07330360732488893,-0.0005775230698528977
5.0,0,head,0.38574010955149657,0.10418705014736125,0.08752808083886167,-0.38290909329140577,0.09803686263727109,0.00016837014260744076
5.0,1,seg1,0.2484422170432996,0.11694207022102632,0.08609026401115025,-0.39669054809600357,0.11193421932498437,0.00026354071148083913
5.0,2,seg2,0.07564360371082021,0.1402282628669082,0.08590929052716208,-0.39957660052021987,0.13667591541051932,8.061673127862656e-05
5.0,3,seg3,-0.08587490854687617,0.14803691570341937,0.08601010814061183,-0.41361773090006915,0.14589333859145498,0.0001795596348470735
5.0,4,seg4,-0.24512232957974692,0.11265824977953036,0.08621145736372861,-0.4295742275158513,0.11196745819340116,0.0003791035677111476
5.0,5,seg5,-0.3960366471573752,0.026142237205333558,0.08640775759186559,-0.4534475159761956,0.026888351821610024,0.0005737724644113568
5.0,6,seg6,-0.5219470175305317,-0.07603172471270629,0.08691269489691046,-0.5021953750101834,-0.07403220190733802,0.0010771116203438375
5.0200000000000005,0,head,0.38644171773629155,0.10712050230935737,0.08774771533818432,-0.3836350933472623,0.10096437344862004,0.00038800464193008977
5.0200000000000005,1,seg1,0.24917683165199025,0.11515037796113041,0.08633913293510183,-0.39741022436040313,0.11013647466795866,0.0005124096354324204
5.0200000000000005,2,seg2,0.07595136949232378,0.13655301126102937,0.08625374962427448,-0.3998537652032856,0.13299822946944023,0.0004250758283910333
5.0200000000000005,3,seg3,-0.08550697833725268,0.14718486260445438,0.08636165446709805,-0.41397855642107606,0.14503825259228134,0.0005311059613332947
5.0200000000000005,4,seg4,-0.24557004591019374,0.11545498312736893,0.08623615020155946,-0.4291498049090989,0.11476782116671377,0.0004037964055420007
5.0200000000000005,5,seg5,-0.39612074481753073,0.029085157997895437,0.08570197172432027,-0.45338791621460045,0.02983187064712254,-0.00013201340313395704
5.0200000000000005,6,seg6,-0.5175820049134374,-0.07710040456692709,0.08536314014708458,-0.5065513414183508,-0.07513717630854524,-0.00047244312948203915
5.04,0,head,0.38700663579968475,0.11201114038171203,0.08741396784949251,-0.38424069837704433,0.10585014009480888,5.425715323828517e-05
5.04,1,seg1,0.24997744400341082,0.11507152844151429,0.08602474527277314,-0.3982101526859388,0.11005096409588094,0.00019802197310372915
5.04,2,seg2,0.07612124085726191,0.13353011112014337,0.08586457058373873,-0.39999847000167355,0.12997402014075538,3.5896787855274614e-05
5.04,3,seg3,-0.08515368955140142,0.1457485571429486,0.08596490370113485,-0.4143198780834914,0.143599056334745,0.00013435519537009777
5.04,4,seg4,-0.24511343368113578,0.11755038282167982,0.08611409122814846,-0.4296238420845153,0.1168593477295281,0.0002817374321310018
5.04,5,seg5,-0.3960354012686308,0.032149961423649155,0.08619732832755277,-0.45349876626552943,0.032895857563879534,0.00036334320009853704
5.04,6,seg6,-0.5148426244563729,-0.07664658385086834,0.08660744897872084,-0.5092944042964488,-0.07470617215891266,0.0007718657021542202
5.0600000000000005,0,head,0.3874094376051833,0.1179300454787234,0.08773207280737509,-0.3846927513999097,0.11176548749850872,0.0003723621111208636
5.0600000000000005,1,seg1,0.25070152164199083,0.11508057622563461,0.08632151009085116,-0.39893428055057006,0.11005398480866782,0.0004947867911817561
5.0600000000000005,2,seg2,0.07633526004588298,0.12954114148319906,0.08622864863272556,-0.40017928015151094,0.12598340732224558,0.0003999748368421069
5.0600000000000005,3,seg3,-0.08438201819060123,0.1428545964711214,0.08639619201144982,-0.41506743524096634,0.14069877301145015,0.0005656435056850678
5.0600000000000005,4,seg4,-0.2443102413819477,0.11848097799653685,0.08636742916182658,-0.4304347522387476,0.11778322541118061,0.0005350753658091151
5.0600000000000005,5,seg5,-0.3956216617836986,0.03510909360591093,0.08589300839936641,-0.4539371213372567,0.03585144354039527,5.90232719121786e-05
5.0600000000000005,6,seg6,-0.5119443352578384,-0.07558946874655928,0.08558487731275283,-0.5122013918470564,-0.07367321717345432,-0.0002507059638137965
5.08,0,head,0.38760048771432504,0.1268759513733617,0.0874237312493726,-0.3849582548749315,0.12070949333060992,6.402055311836852e-05
5.08,1,seg1,0.25128515200924584,0.11720004238454158,0.08605285035353323,-0.3995355317781192,0.1121685197848949,0.0002261270538638227
5.08,2,seg2,0.0768517192281283,0.1260766643144931,0.08593930117007126,-0.4006668853574708,0.1225147514871305,0.00011062737418780777
5.08,3,seg3,-0.08322921665206552,0.13916912031476308,0.08610017593004217,-0.41618952130659687,0.1370038293383381,0.00026962742427741326
5.08,4,seg4,-0.24185436059178628,0.11857466455133389,0.0862384086996625,-0.43289132774450245,0.11785646754393098,0.0004060549036450367
5.08,5,seg5,-0.3948694496798457,0.0377879113104402,0.08611750994817473,-0.45471160414533035,0.03852390752018093,0.0002835248207204988
5.08,6,seg6,-0.5103958317263129,-0.07336802352586427,0.08627339761118857,-0.5137683316241797,-0.07146473765342522,0.00043781433462194985
5.1000000000000005,0,head,0.38750787809149184,0.13703193225202512,0.08762948195667034,-0.38495018033206113,0.13086589323174197,0.00026977126041610733
5.1000000000000005,1,seg1,0.25204410983147696,0.1200728400081874,0.08622803428464205,-0.4003183746353516,0.1150349008173473,0.00040131098497264706
5.1000000000000005,2,seg2,0.07820619935096738,0.12243726801292931,0.08606417638545091,-0.4019910265604608,0.11886420742941682,0.00023550258956746284
5.1000000000000005,3,seg3,-0.0810065895837504,0.13445057967726534,0.08617972965729757,-0.41837279727721366,0.1322669524275399,0.00034918115153281803
5.1000000000000005,4,seg4,-0.2388252697150874,0.11731872772623879,0.0863053527136404,-0.4359098600813896,0.11657536201423922,0.0004729989176229382
5.1000000000000005,5,seg5,-0.39342210945463174,0.040504599481828364,0.08619894760049114,-0.4561815062051493,0.04122845485429782,0.00036496247303691165
5.1000000000000005,6,seg6,-0.5094731902695419,-0.07002512166748376,0.08639950038750605,-0.5147187652921646,-0.06812963106813683,0.0005639171109394214
5.12,0,head,0.38727337736335893,0.1486958543818638,0.08820645954615709,-0.38481277073492887,0.14253136315990808,0.0008467488499028647
5.12,1,seg1,0.25294265143779554,0.12424260222819936,0.08670148005500165,-0.40125159154309753,0.11919703971373082,0.0008747567553322455
5.12,2,seg2,0.08050189193013349,0.11938336105898656,0.08636269743097684,-0.40426122085423616,0.11579129838922217,0.0005340236350933891
5.12,3,seg3,-0.07809283310355458,0.12945456488915102,0.08627377274065091,-0.4212448692022389,0.1272468584597497,0.00044322423488615814
5.12,4,seg4,-0.23616378288215556,0.11539223364338173,0.08624051311904987,-0.43855521981964163,0.11462678215504137,0.00040815932303241154
5.12,5,seg5,-0.3923935867369356,0.043854694008006935,0.08611807984700776,-0.45723787733350846,0.044569872570516596,0.0002840947195535265
5.12,6,seg6,-0.510372167351711,-0.06566164724891199,0.08640741805296631,-0.5138561381132198,-0.06375882529050184,0.0005718347763996878
5.14,0,head,0.387108922366926,0.16286512366046152,0.08779255126320513,-0.3847662573461585,0.1567015104364823,0.00043284056695090667
5.14,1,seg1,0.25444966187806317,0.12958003798600634,0.08632204673713847,-0.4028029751732767,0.12452174719562012,0.0004953234374690668
5.14,2,seg2,0.08387458618427028,0.1160083158822108,0.08613133338042085,-0.4076057065672375,0.11238829797906932,0.0003026595845374014
5.14,3,seg3,-0.07507734075963013,0.12311782120343252,0.08619343135642181,-0.42420751409932517,0.12088523525278204,0.0003628828506570536
5.14,4,seg4,-0.23371326365494188,0.11206019955393592,0.08624431310316409,-0.4409779204463832,0.11127446693586847,0.000411959307146631
5.14,5,seg5,-0.39184916009825055,0.047245652121934496,0.08605408230258771,-0.45781050927414524,0.04795618176429605,0.0002200971751334796
5.14,6,seg6,-0.5138335413578227,-0.059195788106490725,0.0860912944273237,-0.5104487016734583,-0.057264379866341586,0.0002557111507570792
5.16,0,head,0.38663912266416733,0.17825168499186186,0.08745679974993005,-0.38442454178656044,0.1720914490926876,9.708905367582232e-05
5.16,1,seg1,0.25687988056687977,0.13564744238939813,0.08608139961105349,-0.40528361086314957,0.13056871384374502,0.00025467631138408053
5.16,2,seg2,0.08802758241484546,0.11255502431255093,0.08600748388939083,-0.41172981595437963,0.10890055915321514,0.00017881009350738386
5.16,3,seg3,-0.07210760519855611,0.11604066210773215,0.08614076823778674,-0.4271182410555091,0.11378360313375457,0.00031021973202198516
5.16,4,seg4,-0.23099183043883112,0.1078562859437189,0.08629134311925318,-0.44366426871160647,0.10704804748330393,0.00045898932323572283
5.16,5,seg5,-0.3911773082279679,0.04956428126295991,0.08621686024323864,-0.45850163665369054,0.050269138524469875,0.0003828751157844146
5.16,6,seg6,-0.5167897364458163,-0.05260481077865594,0.08634388415763516,-0.5075474680560594,-0.05064902537617921,0.0005083008810685408
5.18,0,head,0.3865726180069433,0.1922967316227553,0.08768206946880976,-0.3844749413943615,0.18613656274878995,0.00032235877255552825
5.18,1,seg1,0.2594733552896486,0.1417695836487812,0.08633288842568465,-0.4079279525263065,0.13666905661325787,0.0005061651260152428
5.18,2,seg2,0.0918355824036915,0.10989081014405162,0.08622011587005525,-0.41551550882465804,0.10620474192255117,0.00039144207417179944
5.18,3,seg3,-0.06882610169013921,0.1093360915456228,0.08624840707466735,-0.4303438263474772,0.10705195168548405,0.00041785856890259876
5.18,4,seg4,-0.22840486978498675,0.10330043189890653,0.08630875842004093,-0.446213219746181,0.10247081905064534,0.0004764046240234715
5.18,5,seg5,-0.39033725564319827,0.05140273823350498,0.08624940537749679,-0.45935696227606326,0.05210053975232536,0.0004154202500425558
5.18,6,seg6,-0.5196591462317729,-0.046119133472799195,0.0864862553779298,-0.5047321402846167,-0.0441396896056281,0.0006506721013631728
5.2,0,head,0.386410276915849,0.205926624182228,0.08775307402153941,-0.3844260524117872,0.19976733439532168,0.0003933633252851815
5.2,1,seg1,0.2621608305964701,0.14819464737235985,0.08630980244660949,-0.4106688128496882,0.14307152895322767,0.00048307914694008247
5.2,2,seg2,0.09650666160475903,0.10780173398525923,0.08614968773059244,-0.4201690380902373,0.10407685906107778,0.00032101393470898576
5.2,3,seg3,-0.06550733619717575,0.10289273942461642,0.0861605936912583,-0.4336088465480332,0.10058119948491126,0.00033004518549353823
5.2,4,seg4,-0.22577700104140325,0.09836185018398562,0.08621241472410912,-0.44879989187375724,0.09751053571276411,0.0003800609280916606
5.2,5,seg5,-0.38923900124234506,0.05319338327795366,0.08606875130487288,-0.4604700828146495,0.05388198160394256,0.00023476617741864658
5.2,6,seg6,-0.5235692326245932,-0.03917757807278394,0.08608399470725338,-0.5008799663920445,-0.037165829607720864,0.0002484114306867541
5.22,0,head,0.3861674703670853,0.219855458250972,0.0878528428811759,-0.3842991889562678,0.21369770693873344,0.0004931321849216685
5.22,1,seg1,0.2645385129178895,0.1551210817037343,0.08639099971582209,-0.4131040640062528,0.14997793305178417,0.0005642764161526842
5.22,2,seg2,0.10108950928334118,0.10637191323278192,0.08620205837600614,-0.4247398261088865,0.102608943152088,0.0003733845801226904
5.22,3,seg3,-0.062007544397239295,0.09676189294448943,0.08613494773132559,-0.43705748788139837,0.0944214353532114,0.00030439922556083077
5.22,4,seg4,-0.22256221898906167,0.0932831716462958,0.08613116607305789,-0.45197229090342317,0.09240527531503191,0.0002988122770404278
5.22,5,seg5,-0.3881090762852579,0.05484227894591166,0.0859464540353148,-0.46161369298149946,0.05552141538383199,0.00011246890786056896
5.22,6,seg6,-0.5276461533982216,-0.0314231576074052,0.08592916655270273,-0.4968677296653014,-0.02937774407949629,9.358327613610828e-05
5.24,0,head,0.38618487558697234,0.2322638970953162,0.08801756462171942,-0.3844198734608711,0.22610557108796514,0.0006578539254651905
5.24,1,seg1,0.26727053130570955,0.16151255833648478,0.0866158637164748,-0.4158891863102646,0.156346448716333,0.0007891404168053895
5.24,2,seg2,0.1054925027480549,0.10483379286578673,0.08645604294168202,-0.4291298647272399,0.10103422837118968,0.0006273691457985703
5.24,3,seg3,-0.05808532792346939,0.09042737186971764,0.08635709827268154,-0.4409268439991796,0.0880544876900152,0.0005265497669167812
5.24,4,seg4,-0.219013380667456,0.08769779513889679,0.08631790719632278,-0.45547451720174886,0.08679055402932298,0.00048555340030531635
5.24,5,seg5,-0.38713885740823195,0.05572829489413739,0.08611457891763408,-0.46259125287890845,0.056399325160944855,0.00028059379017984776
5.24,6,seg6,-0.5308674264514337,-0.023037088789025828,0.08615510239614602,-0.49371636845533784,-0.02096515394131956,0.0003195191195793923
5.26,0,head,0.3860147769102925,0.24363262918400927,0.08715380969021992,-0.38434440671171555,0.23747532515891903,-0.0002059010060343064
5.26,1,seg1,0.27017962021206543,0.16651239990448788,0.08577128092213687,-0.41883978992127746,0.16132190370058277,-5.544237753253578e-05
5.26,2,seg2,0.1108374479979145,0.1016624447428426,0.08575321518561103,-0.43444822856124105,0.09781850220634798,-7.54586102724164e-05
5.26,3,seg3,-0.053387656648008514,0.08196905037890186,0.08590205754787293,-0.4455539509043479,0.07955735879021265,7.150904210817544e-05
5.26,4,seg4,-0.2155707538289738,0.07997327858004362,0.08614553103087781,-0.4588527308660992,0.0790376508277105,0.0003131772348603512
5.26,5,seg5,-0.38607754326313626,0.05496755973524137,0.08617140415109416,-0.4636461983886821,0.05562978265539022,0.0003374190236399288
5.26,6,seg6,-0.5335318616098794,-0.015018217450373694,0.08629828564757859,-0.49111876953504563,-0.012924383324783018,0.00046270237101196654
5.28,0,head,0.3848834549578398,0.25257308066252876,0.08828168102620042,-0.38328753853277925,0.246424883340859,0.0009219703299461895
5.28,1,seg1,0.2712823136376117,0.1708290701993404,0.08683779622665679,-0.4199783743450791,0.1656292463541249,0.0010110729269873775
5.28,2,seg2,0.11494676424590805,0.10011112317109369,0.08664880121992496,-0.43854449025743036,0.09623303105880236,0.0008201274240415141
5.28,3,seg3,-0.049744783642511795,0.07616226958192465,0.08644862188234016,-0.4491483658018986,0.07372045819990955,0.0006180733765754065
5.28,4,seg4,-0.21208589265989725,0.07498239691938542,0.08630832320554073,-0.46229593042191663,0.0740179363003791,0.00047596940952326916
5.28,5,seg5,-0.38476381739811083,0.05686659814340285,0.08596316912834116,-0.46497568512440185,0.05751782066971289,0.00012918400088693383
5.28,6,seg6,-0.5370701435477236,-0.004599701839943465,0.08589088378091486,-0.48766732720529804,-0.0024767782193435874,5.5300504348237967e-05
5.3,0,head,0.3828965302112077,0.26152852099608087,0.087614043162398,-0.38137522195518675,0.2553965513475914,0.00025433246614377236
5.3,1,seg1,0.27238856485985163,0.17552279839409723,0.0860743899851263,-0.42112365483049147,0.1703136042335617,0.0002476666854568932
5.3,2,seg2,0.11935292888446615,0.09823334814062076,0.08595566570296159,-0.44293487287217503,0.09431864698516161,0.00012699190707814167
5.3,3,seg3,-0.04487318395748867,0.06887541841086794,0.08605866148947332,-0.45395914565948325,0.06639331137188384,0.0002281129837085616
5.3,4,seg4,-0.20873096050091,0.06810888608077778,0.08632114323321816,-0.46559353567037837,0.06711673925466093,0.0004887894372006957
5.3,5,seg5,-0.3828478092944803,0.0569548029864476,0.08636334514221694,-0.4668923610184521,0.05759007483462434,0.0005293600147627114
5.3,6,seg6,-0.5398256935062178,0.004480558482089735,0.08641703264278226,-0.48498745096240325,0.00662610299548928,0.0005814493662156389
5.32,0,head,0.38029083552320125,0.2691879559106072,0.08764688875963032,-0.37883336975228166,0.2630774090727838,0.0002871780633760951
5.32,1,seg1,0.2728300432233028,0.18005083726754204,0.08643062016597337,-0.42160280639305414,0.17483781167408818,0.0006038968663039657
5.32,2,seg2,0.12311831555143993,0.09724366942417366,0.08653171415316217,-0.44669189165595113,0.09329766188702363,0.0007030403572787225
5.32,3,seg3,-0.04066925975010617,0.06287222589309666,0.08655076009152196,-0.458112957519012,0.060355336034031135,0.000720211585757205
5.32,4,seg4,-0.20532646731157408,0.06203777545750674,0.08655437876838037,-0.4689473788972322,0.06101750211510254,0.0007220249723629141
5.32,5,seg5,-0.3810429014667753,0.05694603407579092,0.0863590167411617,-0.4686971333377295,0.057566283332430385,0.000525031613707469
5.32,6,seg6,-0.541019180057076,0.013768865552533238,0.08643736720517026,-0.4838713156653039,0.015924022137974052,0.0006017839286036331
5.34,0,head,0.37857789713302,0.27620075466960625,0.08771839172719269,-0.3771788607376235,0.2701042223108558,0.0003586810309384597
5.34,1,seg1,0.2734568655518095,0.1841470348751679,0.08611693743478825,-0.4222637011306307,0.17892865012336331,0.00029021413511884364
5.34,2,seg2,0.12670719187898558,0.09590696690847529,0.0859110649772157,-0.4502695178110164,0.09193113416932339,8.239118133225587e-05
5.34,3,seg3,-0.036738338205302784,0.05629070113621953,0.08589209533696873,-0.461988962506034,0.053741320789446656,6.15468312039763e-05
5.34,4,seg4,-0.20257403839687407,0.05474531217925454,0.08605191212849499,-0.47163901468055525,0.05370238199277443,0.00021955833247752632
5.34,5,seg5,-0.3782223226946252,0.055928504988860546,0.08605254724887854,-0.4715091451460105,0.05652531280356054,0.00021856212142430664
5.34,6,seg6,-0.5413269335194391,0.02355430694823464,0.08609938881377795,-0.4836450206024066,0.025711686110890124,0.00026380553721132294
5.36,0,head,0.3776692342874757,0.28166017467473714,0.08766722947991577,-0.3763156700790685,0.2755710163298513,0.00030751878366154506
5.36,1,seg1,0.27383681754201705,0.1880209068410161,0.08653754114640728,-0.42267588358537755,0.18279922542254626,0.0007108178467378767
5.36,2,seg2,0.1292955814564956,0.09574510285846835,0.08673398951675683,-0.45285647047468813,0.09174773163130949,0.0009053157208733786
5.36,3,seg3,-0.033591851704807385,0.05146023682475041,0.08676449606830956,-0.4650951343256415,0.048884834468232705,0.0009339475625448068
5.36,4,seg4,-0.19981000614814354,0.049142774113056904,0.08670689830560448,-0.4743563192497179,0.04807703196520204,0.0008745445095870163
5.36,5,seg5,-0.37517186395370233,0.05581348603214741,0.08645310741583487,-0.4745585408756293,0.05638490776874177,0.0006191222883806385
5.36,6,seg6,-0.5396603677598997,0.03372969649138569,0.08646930299309133,-0.4853962220497094,0.03587285175645559,0.0006337197165247055
5.38,0,head,0.3772328268926098,0.2868280388382274,0.08742261639635276,-0.37592229178850334,0.2807423338551086,6.290570009853669e-05
5.38,1,seg1,0.2743600231063641,0.19106416314073257,0.08587539242968388,-0.4232244011398434,0.18583802147703263,4.8669130014472595e-05
5.38,2,seg2,0.13154541831424724,0.09418229959315369,0.08571253413344669,-0.4550932216263678,0.09016625630190167,-0.00011613966243675944
5.38,3,seg3,-0.030453063093176858,0.04506111533206421,0.08569840743763339,-0.46818055202661285,0.04245980937598516,-0.00013214106813136395
5.38,4,seg4,-0.19689251058563828,0.04191006912728156,0.08585821332005918,-0.4772135133526758,0.040820294156417566,2.5859524041715876e-05
5.38,5,seg5,-0.3717035846556039,0.05447937205620867,0.08591692744944471,-0.47801559572404884,0.05502197227347035,8.294232199047846e-05
5.38,6,seg6,-0.536502065972807,0.04405391175951518,0.08608977096985179,-0.48864034658102956,0.046170421717654196,0.0002541876932851683
5.4,0,head,0.37712291006867216,0.2902652467291442,0.08766217969358699,-0.37584098788632586,0.28418033755915617,0.0003024689973327582
5.4,1,seg1,0.2740926083794242,0.1936023947364596,0.08639210747005684,-0.42297812228817516,0.18837839093774772,0.0005653841703874285
5.4,2,seg2,0.13297919098395483,0.09413593519221346,0.08650218199962414,-0.45652655872294207,0.09010795970277281,0.0006735082037406942
5.4,3,seg3,-0.028207009798686847,0.04127917221356295,0.0865616227805366,-0.4703950490490497,0.0386593025557955,0.0007310742747718424
5.4,4,seg4,-0.19369489812656446,0.037245083101055516,0.08663534783044044,-0.48037218669499704,0.036128854848627504,0.0008029940344229797
5.4,5,seg5,-0.3676680969581953,0.05536099904084662,0.08652693295784866,-0.482058281730636,0.05586997990709058,0.0006929478303944331
5.4,6,seg6,-0.5327416919116011,0.05615567253971728,0.08661638049939392,-0.4925013176797365,0.058240464353685274,0.000780797222827298
5.42,0,head,0.37639446253004993,0.29210694851157776,0.08722831824330192,-0.37512789472556407,0.2860280386756658,-0.00013139245295230861
5.42,1,seg1,0.2732706914490388,0.19595203487786284,0.08573610575148469,-0.4221757907265791,0.1907347907976452,-9.061754818472101e-05
5.42,2,seg2,0.13357850542256275,0.09423602918242649,0.08564043264774261,-0.4571266855196063,0.09020306191670184,-0.0001882411481408386
5.42,3,seg3,-0.025616168798634736,0.03748039593004447,0.08567655545230245,-0.47295418172520204,0.03483909336193275,-0.00015399305346230907
5.42,4,seg4,-0.18975188692503228,0.03213954529385842,0.08590693146921073,-0.48427256608880953,0.030990674799353954,7.457767319327124e-05
5.42,5,seg5,-0.36402039988881285,0.055585041818437694,0.08601329606155417,-0.4857077172329427,0.05606365383271851,0.00017931093409993826
5.42,6,seg6,-0.5280305199058148,0.0675642841990679,0.08629559123237716,-0.4973072844587994,0.06960946804702303,0.0004600079558105402
5.44,0,head,0.37677818612160613,0.29287353002525945,0.08754048618842178,-0.37551798555793825,0.28679139976605683,0.00018077549216755084
5.44,1,seg1,0.27261751411187324,0.19757101808358624,0.08624906065897711,-0.4215361113933225,0.1923591545514736,0.00042233735930770344
5.44,2,seg2,0.13415114343863593,0.09502826263383582,0.0863616838141514,-0.45770589774281983,0.0909905016537229,0.0005330100182679431
5.44,3,seg3,-0.023693768878686523,0.03520181483631634,0.08645632697654193,-0.47485754960579885,0.032544590373565295,0.0006257784707771746
5.44,4,seg4,-0.1870913780124845,0.028488564737785996,0.08659349440390746,-0.4869025944210319,0.027317676342303813,0.0007611406078899957
5.44,5,seg5,-0.3601820325187463,0.05654022396826675,0.08650664718807269,-0.48955390196642107,0.05698685478679097,0.0006726620606184591
5.44,6,seg6,-0.52272144298809,0.07923501696875168,0.08663391073360217,-0.5027133171665257,0.08123560719382703,0.0007983274570355497
5.46,0,head,0.3766385389599165,0.2926163067285649,0.08740292735794299,-0.37537620227182883,0.2865353477129328,4.321666168875804e-05
5.46,1,seg1,0.2713581486035343,0.19926882096195633,0.08583618125486737,-0.42029092093153647,0.1940673807692499,9.457955197966772e-06
5.46,2,seg2,0.13392969213864223,0.09622626438682005,0.08565961787097486,-0.4574944255121886,0.09219030512683232,-0.00016905592490859545
5.46,3,seg3,-0.021563693673358,0.03322650583186803,0.08562046039312678,-0.47697110982033464,0.030551620413312584,-0.00021008811263797944
5.46,4,seg4,-0.1843020859861273,0.02479653582372449,0.08579713477795511,-0.4896610597458345,0.02360255904111731,-3.5219018062346286e-05
5.46,5,seg5,-0.35650242538366556,0.0566114082324157,0.08588060401218509,-0.49323397413282755,0.057027409895034215,4.661888473085629e-05
5.46,6,seg6,-0.5171460435019198,0.08932131821186921,0.08617605123760959,-0.5083724754253783,0.09127515300010734,0.0003404679610429645
5.48,0,head,0.37765058229415654,0.29198671750471056,0.08758742559909151,-0.37638297025213935,0.2858973566981901,0.00022771490283728102
5.48,1,seg1,0.2704534961506595,0.20069842164299884,0.08628212844911588,-0.41939819889492946,0.19550446167615568,0.00045540514944647503
5.48,2,seg2,0.13355846781168929,0.09798871811270823,0.0864058166204172,-0.45713788357895463,0.09395578763499887,0.0005771428245337495
5.48,3,seg3,-0.019875571876676105,0.03247760174687476,0.08654424852302911,-0.4786529397434775,0.029788691426908345,0.0007137000172643543
5.48,4,seg4,-0.18205648766573426,0.022077514420015605,0.08670904733436541,-0.4918839488886558,0.02086494090328979,0.0008766935383479474
5.48,5,seg5,-0.35296691547165965,0.056836389151240986,0.08665098151447637,-0.49677123417238395,0.05722295570335298,0.000816996387022137
5.48,6,seg6,-0.5113103868009812,0.09857156257356393,0.08679761815365088,-0.51428492308241,0.10047650467161087,0.000962034877084253
5.5,0,head,0.37801972864908095,0.29095835176655166,0.08747874851097817,-0.3767435443629776,0.2848659540448348,0.00011903781472394348
5.5,1,seg1,0.2689329171573493,0.2025609952678245,0.08580873656775581,-0.4178931754425829,0.19737962710630558,-1.7986731913596787e-05
5.5,2,seg2,0.1324264392300731,0.10054112819769599,0.08551606073024838,-0.4560271388353097,0.09651753158509428,-0.0003126130656350701
5.5,3,seg3,-0.01860106192488992,0.032377840060599225,0.08536641593151006,-0.479926575194198,0.029678324992843355,-0.00046413257425469145
5.5,4,seg4,-0.17919470170116125,0.01938692424250507,0.08543684299335894,-0.4947232409743372,0.018150624256014287,-0.0003955108026585247
5.5,5,seg5,-0.350111986298265,0.05640111440403655,0.08542128514457142,-0.4996224415037531,0.05676393343435267,-0.0004126999828828054
5.5,6,seg6,-0.5052795821773229,0.10638041070224283,0.08568766330620767,-0.5203805146443753,0.10823488575354176,-0.0001479199703589562
5.5200000000000005,0,head,0.3827189504570683,0.2847219430048496,0.08852200176407542,-0.38139069552364635,0.2785906480020053,0.001162291067821189
5.5200000000000005,1,seg1,0.2692795662409825,0.20491234804284664,0.08826438756553458,-0.41825938367098126,0.1997280131463847,0.0024376642658651693
5.5200000000000005,2,seg2,0.12741124119328656,0.10618595037824413,0.08961932479328724,-0.45105909840386615,0.10220390152267778,0.003790650997403791
5.5200000000000005,3,seg3,-0.017361386254726704,0.03863409530444595,0.09080981747043095,-0.4812182809788738,0.03592404525628227,0.004979268964666189
5.5200000000000005,4,seg4,-0.17862505899089232,0.01836397850329522,0.09137295378550639,-0.49528434960796264,0.017122972610774844,0.0055405999894889285
5.5200000000000005,5,seg5,-0.34653948573328414,0.0521662889566869,0.09112992046458895,-0.5031595703467383,0.052499519476602016,0.0052959353371347245
5.5200000000000005,6,seg6,-0.5003357770864878,0.11150369739622501,0.09071146175757998,-0.5253667914357797,0.11331684591498392,0.004875878481013354
5.54,0,head,0.39159323901534826,0.2703011328579677,0.08872206664870035,-0.3901446471025286,0.264096473501412,0.0013623559524461176
5.54,1,seg1,0.2708770028856434,0.20566928567450612,0.08885211963087279,-0.41986306524419825,0.2004716285197021,0.003025396331203384
5.54,2,seg2,0.12033716030542897,0.11672624500739762,0.09075364669847141,-0.4440729932139161,0.11280271115143632,0.004924972902587962
5.54,3,seg3,-0.020880069633633445,0.05229807248121416,0.09258118441498447,-0.4778134496699952,0.049616836380244965,0.006750635909219718
5.54,4,seg4,-0.1759986645962145,0.02450934697021587,0.09382355059566982,-0.4979618031310782,0.02324626778100266,0.007991196799652364
5.54,5,seg5,-0.3421750776611076,0.046990229408777194,0.09412001669919194,-0.5074807450363483,0.04728731269215731,0.008286031571737712
5.54,6,seg6,-0.4964041602664587,0.10607868878627084,0.09387055348559961,-0.529253117772697,0.10785930096886669,0.008034970209032988
5.5600000000000005,0,head,0.40044189747029496,0.2535013016805161,0.08740918069743207,-0.39885316802046444,0.24722357370748752,4.947000117784539e-05
5.5600000000000005,1,seg1,0.2719023398390158,0.2058582858803052,0.08710015788626686,-0.42088993979661854,0.20065208793131872,0.001273434586597455
5.5600000000000005,2,seg2,0.11615615118669247,0.13090913776954594,0.0882829579678523,-0.44001017822859745,0.1270199126603889,0.002454284171968843
5.5600000000000005,3,seg3,-0.025694702498999692,0.06796982663152581,0.08969612634652453,-0.47312942521405876,0.06532812158130502,0.0038655778407597763
5.5600000000000005,4,seg4,-0.17500369899549778,0.03273513126432115,0.09125693298192786,-0.4990252004198048,0.03146348568039368,0.005424579185910397
5.5600000000000005,5,seg5,-0.3394590123985988,0.04199419435789678,0.09282744019061624,-0.5101551324230156,0.0422688439172217,0.006993455063162013
5.5600000000000005,6,seg6,-0.4917009996534398,0.09539831333095423,0.09446664346116555,-0.533867218873037,0.09714014938623235,0.00863106018459893
5.58,0,head,0.40633377288238626,0.24413711819792128,0.08961436399594326,-0.4046668978809694,0.23781067440533593,0.002254653299689033
5.58,1,seg1,0.2728329362327131,0.2098311655417595,0.08790892918076999,-0.42185357165721177,0.20461708428561354,0.002082205881100585
5.58,2,seg2,0.11344790337153422,0.14484966907089444,0.08720957779215904,-0.43741805626932856,0.14098250278325689,0.0013809039962755926
5.58,3,seg3,-0.028513881022937046,0.08145653404326826,0.0868457030639894,-0.4704225990496,0.07883782685099441,0.0010151545582246374
5.58,4,seg4,-0.1761841587677976,0.03891404463958292,0.08672699402585542,-0.49789621085089913,0.0376520104097673,0.0008946402298379563
5.58,5,seg5,-0.338757562104566,0.03710741141188003,0.08686343463790765,-0.5108158839715177,0.037376391825731145,0.0010294495104534174
5.58,6,seg6,-0.4878174037844146,0.08413157338967941,0.08763957309119334,-0.5376569030969828,0.0858414751605103,0.0018039898146267191
5.6000000000000005,0,head,0.4117090618800002,0.234008959223498,0.09024115196501697,-0.4099577003793748,0.2276381258093091,0.0028814412687627466
5.6000000000000005,1,seg1,0.27627683405374437,0.2125882493494345,0.0879027346315473,-0.425320298379872,0.20734540779166546,0.002076011331877889
5.6000000000000005,2,seg2,0.11201289159429274,0.15619535647963992,0.08716878774266708,-0.4360775284268052,0.15233974129799924,0.0013401139467836276
5.6000000000000005,3,seg3,-0.030306800215068094,0.09260666774254353,0.08713719234435709,-0.46872254852635437,0.09000249742199767,0.0013066438385923307
5.6000000000000005,4,seg4,-0.17626318075653605,0.044729219909040274,0.08682295910108528,-0.49786559338924086,0.043467641971363345,0.0009906053050678237
5.6000000000000005,5,seg5,-0.3374528859358703,0.035461555200636846,0.08550662631954602,-0.5121068158948531,0.035719733338782596,-0.00032735880790821237
5.6000000000000005,6,seg6,-0.48587454427770205,0.0783999534271184,0.08352029859842433,-0.5395519889744561,0.08009388262323465,-0.002315284678142293
5.62,0,head,0.4175552778391213,0.218847846977834,0.08921114698903539,-0.41567752245098694,0.21242887858825915,0.0018514362927811584
5.62,1,seg1,0.2817146389502124,0.20793041490174108,0.08793109278611864,-0.43071914608493234,0.2026424738894412,0.002104369486449237
5.62,2,seg2,0.11387506701755327,0.16204162477764572,0.08809122390925753,-0.43798829993289423,0.1581703075287002,0.002262550113374076
5.62,3,seg3,-0.030414301532665743,0.10113008492178216,0.08868239708615139,-0.4686859943912648,0.09852651412422125,0.0028518485803866317
5.62,4,seg4,-0.174310678027704,0.05091659198894785,0.0892875076889858,-0.49986952820111863,0.04963854834165056,0.0034551538929683406
5.62,5,seg5,-0.33405102300690204,0.03518761083516013,0.08953345819203326,-0.5155062808467615,0.0354174835372271,0.0036994730645790314
5.62,6,seg6,-0.4856370095215516,0.07238780343013604,0.08956244101443639,-0.5397394742213608,0.07407996379864555,0.0037268577378697654
5.64,0,head,0.42305950056085057,0.20314287618894086,0.08675382625832173,-0.4210508364020362,0.19667863819549578,-0.0006058844379324968
5.64,1,seg1,0.28737248955052,0.20324609786297768,0.08666640319600943,-0.43633781144738876,0.19791122679417145,0.0008396798963400259
5.64,2,seg2,0.1180621075204025,0.17067104506963882,0.08751098802143235,-0.4422470211581323,0.16676457865968622,0.0016823142255489032
5.64,3,seg3,-0.028905186675031183,0.11349060053873712,0.08796543369616676,-0.4702979379788858,0.11087404067170485,0.0021348851904020028
5.64,4,seg4,-0.17200646645411943,0.059535775834657426,0.08853906892656602,-0.5022454005162873,0.0582382548415106,0.0027067151305485565
5.64,5,seg5,-0.33242635497841455,0.034256613963656334,0.08963712702606354,-0.5171231435761536,0.03447299622043525,0.003803141898609308
5.64,6,seg6,-0.4880474007756849,0.06102143381613097,0.09177843650946133,-0.5372345600910718,0.06273405046388823,0.0059428532328947015
5.66,0,head,0.42719826309345055,0.19784709618920304,0.0896844856230734,-0.4251453768921187,0.19134859323507694,0.0023247749268191786
5.66,1,seg1,0.2917802001356898,0.2044528536305252,0.08809047602893146,-0.4407554136115018,0.19908125380370612,0.0022637527292620474
5.66,2,seg2,0.12285005944682609,0.18084155551913272,0.087544162927531,-0.4471194600376931,0.17689488496386285,0.0017154891316475546
5.66,3,seg3,-0.025890912710360987,0.12607074858588097,0.08710409006621395,-0.47341681661464086,0.12342866406219988,0.00127354156044919
5.66,4,seg4,-0.17091130925192674,0.06772633537353187,0.08670315486356435,-0.5034086927475998,0.0664194152752086,0.0008708010675468891
5.66,5,seg5,-0.3331755000795639,0.03286005712166848,0.08620219791698426,-0.5163624003816719,0.033082723158231166,0.00036821278953003134
5.66,6,seg6,-0.4916258815246112,0.04741737863290143,0.08610261953732434,-0.5335429718686813,0.04916025150064758,0.00026703626075771925
5.68,0,head,0.4323550662220664,0.19238876695601992,0.08845452384331204,-0.4302565697579193,0.18584753115481473,0.0010948131470578104
5.68,1,seg1,0.29725037840876745,0.20603613401672363,0.08662230121491732,-0.44623858060932614,0.20061894908948769,0.0007955779152479109
5.68,2,seg2,0.1274875744441677,0.18994527163722683,0.08625932044383565,-0.45183258788737807,0.18595968603065308,0.00043064664795219865
5.68,3,seg3,-0.023664384552419218,0.13676104412567813,0.08648557112837853,-0.475732246810679,0.13410005710028974,0.0006550226226137712
5.68,4,seg4,-0.1705195186842754,0.07492474578918291,0.0868357552313466,-0.5038603846957934,0.07361431532628575,0.0010034014353291348
5.68,5,seg5,-0.33294771435827936,0.03349178803562629,0.08678922698403903,-0.5165954363355155,0.03371253624692034,0.0009552418565847987
5.68,6,seg6,-0.4934616796562672,0.04026986310927627,0.0864227596277724,-0.5316477459930533,0.04202826357154648,0.0005871763512057815
5.7,0,head,0.4369740531112185,0.18753415967274836,0.08672636306123264,-0.4348349900084559,0.1809546465491681,-0.0006333476350215833
5.7,1,seg1,0.30193993864385565,0.20421297990586507,0.08635107754181368,-0.4509128036333428,0.19875682524019925,0.0005243542421442676
5.7,2,seg2,0.13074467752094382,0.19336901764084705,0.0871392814081784,-0.4551180752049155,0.18935620339929998,0.0013106076122949561
5.7,3,seg3,-0.022485404505788262,0.14377607835374345,0.0875655676380694,-0.47696957466397977,0.1411050352554795,0.0017350191323046438
5.7,4,seg4,-0.16934964556099372,0.08143446580436113,0.08785289941913496,-0.5050844000297477,0.08011407257273638,0.0020205456231175006
5.7,5,seg5,-0.3314954189183685,0.03348031271058255,0.0882090454815182,-0.5180475859549623,0.033688973343478375,0.002375060354063971
5.7,6,seg6,-0.49465518773400363,0.029929881821660127,0.08918729404540539,-0.5303682158848008,0.031698574454156254,0.0033517107688387643
5.72,0,head,0.4392947940364095,0.1861107145249151,0.08780867113268337,-0.43714380269907444,0.1795119343499239,0.0004489604364291411
5.72,1,seg1,0.3046249645450619,0.2042358261436786,0.08686134810755188,-0.4535979266832326,0.19875732225290094,0.0010346248078824671
5.72,2,seg2,0.1334214158768532,0.19761400289502834,0.08698547138592519,-0.45783005337417704,0.19357876215474026,0.0011567975900417388
5.72,3,seg3,-0.020917749088862507,0.15203889738220866,0.0868534754748089,-0.47860595018443625,0.14935451990358609,0.001022926969044144
5.72,4,seg4,-0.16932063840327305,0.08898889470410015,0.08653790316391886,-0.5051762844043072,0.08766799835196529,0.0007055493679014035
5.72,5,seg5,-0.3308941152239705,0.033829262543003516,0.08614445894145,-0.5186517732549527,0.03403290622202158,0.00031047381399576524
5.72,6,seg6,-0.4939471808192961,0.017706261345784114,0.08628687672448715,-0.5309744566962422,0.019469484405921094,0.0004512934479205255
5.74,0,head,0.44174830456362923,0.18607812984973784,0.08750458457279028,-0.4395969570232503,0.1794589293552526,0.00014487387653605577
5.74,1,seg1,0.30652518649130783,0.204589463120381,0.08563079378056204,-0.4555010262535913,0.19909513075081778,-0.00019592951910736567
5.74,2,seg2,0.13602619027107277,0.20029408851043365,0.08526607492435946,-0.4604570448535149,0.19623707446100477,-0.0005625988715239894
5.74,3,seg3,-0.01975540924787108,0.15739843876400358,0.085555877809115,-0.47981285914769656,0.15470420106076493,-0.0002746706966497564
5.74,4,seg4,-0.1698437169153694,0.09462250809785532,0.08609436446965453,-0.5047001145966974,0.09330577036884904,0.00026201067363706976
5.74,5,seg5,-0.330102600802739,0.03641099518895199,0.0864071570982591,-0.5194647489452119,0.03660796137894292,0.0005731719708048644
5.74,6,seg6,-0.4925222724701152,0.013272078865270131,0.08639979828121952,-0.5323624083954832,0.01502359550106086,0.000564215004652896
5.76,0,head,0.4436820704455912,0.18281223215342154,0.08744215895545589,-0.4415034726818948,0.17617704936171866,8.244825920165899e-05
5.76,1,seg1,0.3088864901160653,0.2025162388734254,0.08660641248061081,-0.45784499189416344,0.19700232434273826,0.0007796891809414008
5.76,2,seg2,0.13748988634362624,0.20104453746454265,0.08706614557495752,-0.4619269364797797,0.19697531455229372,0.001237471779074073
5.76,3,seg3,-0.019842785856528877,0.16045825528761187,0.08743360951024877,-0.4797509535162833,0.1577646388599495,0.0016030610044840132
5.76,4,seg4,-0.16881095149308104,0.09772518231929975,0.0876939685633336,-0.505758668914732,0.09639974103735903,0.0018616147673161387
5.76,5,seg5,-0.3272569520265945,0.034952798593342216,0.08781884138889429,-0.5222981620553174,0.03512612993937004,0.0019848562614400572
5.76,6,seg6,-0.4891172650429991,0.004560831120425819,0.08821415730883497,-0.5356947910339772,0.006284308413434498,0.002378574032268349
5.78,0,head,0.44564322837720377,0.17949455776046633,0.08821399936309977,-0.44343694848531556,0.1728431664712226,0.0008542886668455457
5.78,1,seg1,0.3116450907763229,0.20160804200964133,0.08761306724395405,-0.4605959377487738,0.1960711981158313,0.0017863439442846463
5.78,2,seg2,0.13775064930268854,0.20475678956431556,0.08804400954793687,-0.4622185888119437,0.2006852676369338,0.0022153357520534184
5.78,3,seg3,-0.020437739175777583,0.16762202259786438,0.08794871446203069,-0.47921564741119027,0.16493311002898312,0.0021181659562659327
5.78,4,seg4,-0.1687452631454847,0.1037034390994993,0.08741130239667706,-0.5058741141625862,0.10237724398455597,0.001578948600659602
5.78,5,seg5,-0.324785841086083,0.033050599638869124,0.08660271700863394,-0.5247533547127998,0.03320342893382149,0.0007687318811797073
5.78,6,seg6,-0.4834156462940031,-0.009296527059068567,0.08639529354885726,-0.5412808725170547,-0.007620026368712737,0.0005597102722906394
5.8,0,head,0.44796425026646713,0.1813285566565357,0.08767349044639103,-0.44577315500555464,0.1746577831402678,0.00031377975013680004
5.8,1,seg1,0.31270517260346525,0.20211007862862213,0.08587583256859709,-0.46166016148576733,0.1965643939030787,4.910926892767731e-05
5.8,2,seg2,0.13899900034873633,0.206612891767931,0.08558046321857186,-0.46348234561982377,0.20253091507207885,-0.00024821057731158613
5.8,3,seg3,-0.019502809661989584,0.1733857565114011,0.08610469063860904,-0.48019851816412723,0.17068886253450322,0.00027414213284428224
5.8,4,seg4,-0.17009634179201868,0.11050604718942096,0.0871017106150642,-0.5045797028644897,0.10919086194605337,0.0012693568190467464
5.8,5,seg5,-0.3249188731976274,0.036473470628468535,0.08812466017330023,-0.5246488169925518,0.03662728863000876,0.0022906750458459996
5.8,6,seg6,-0.48130171427298174,-0.015007863706451841,0.08890196285193701,-0.5433471938082282,-0.013348760191321798,0.0030663795753703843
5.82,0,head,0.4488649527602277,0.17919896792547374,0.08794679275089652,-0.4466561009682347,0.17252077130768045,0.0005870820546422933
5.82,1,seg1,0.31396927293424176,0.19998659817408707,0.08659522002628575,-0.4629065435388131,0.19443046544487683,0.0007684967266163439
5.82,2,seg2,0.14052167567914486,0.20644795076360536,0.08661926890608014,-0.4650035953419235,0.20235330600829318,0.0007905951101966902
5.82,3,seg3,-0.019390907015412552,0.17559156358996722,0.08700528553143924,-0.48032877665799656,0.17289366179859464,0.0011747370256744855
5.82,4,seg4,-0.1694614756087267,0.11306003729157005,0.08756433361614394,-0.5052358048319286,0.11173947935964591,0.0017319798201264752
5.82,5,seg5,-0.3230929342507306,0.034984496139153755,0.08803491352599628,-0.5264622994205,0.03512316777355931,0.0022009283985420514
5.82,6,seg6,-0.47760426709216425,-0.02267321630545879,0.08852699122852181,-0.54698071143085,-0.02104462244362894,0.002691407951955188
5.84,0,head,0.44942653477353584,0.1725298685411625,0.08787109921070116,-0.44716215422195615,0.16584722869076465,0.000511388514446931
5.84,1,seg1,0.3157887326236923,0.19647603994606821,0.08712358238743811,-0.46469672056711986,0.19090488480606327,0.0012968590877687064
5.84,2,seg2,0.14119324295227217,0.20878926163841927,0.08751370937282252,-0.46569462692237856,0.2046889460853701,0.0016850355769390674
5.84,3,seg3,-0.020547470448105832,0.18163469327877937,0.0874870742507113,-0.4792225524246027,0.17894620864722524,0.001656525744946541
5.84,4,seg4,-0.17011808633416126,0.11784772939648731,0.08694284667963302,-0.5046190665301753,0.1165324708267051,0.0011104928836155603
5.84,5,seg5,-0.32054692586544364,0.031969930788117835,0.08589675859366974,-0.5289831283037815,0.03208751550524283,6.277346621551272e-05
5.84,6,seg6,-0.46965223985754834,-0.03679115344964139,0.08525610951723737,-0.5548149545536596,-0.03522825812114603,-0.0005794737593292493
5.86,0,head,0.45145345789259433,0.17480021455172448,0.08840385512312422,-0.4492079040330711,0.1681006252489082,0.0010441444268699945
5.86,1,seg1,0.31629927185400764,0.19638660632047805,0.08618280073279207,-0.4652064977243133,0.19081120487728165,0.00035607743312265905
5.86,2,seg2,0.14189013149553914,0.20865692823669293,0.08533509460574311,-0.4663903898671957,0.2045508168143126,-0.0004935791901403419
5.86,3,seg3,-0.019264041451166787,0.18473619792236914,0.08556291244777874,-0.4805317518995369,0.1820369234155469,-0.0002676360579860204
5.86,4,seg4,-0.17109707588089756,0.12253165781569278,0.08669103584793299,-0.5036790969118786,0.12122438547697115,0.0008586820519155269
5.86,5,seg5,-0.3210229801524401,0.034676094935117814,0.08825718114400312,-0.528529614882153,0.03479754828198887,0.0024231960165488897
5.86,6,seg6,-0.4669355924396752,-0.04136950986362023,0.0897279978062094,-0.5574934005646494,-0.0398290675729517,0.003892414529642771
5.88,0,head,0.45304053399886346,0.1729630516457528,0.08829751378835292,-0.45077963379745845,0.16625031617806693,0.0009378030920986907
5.88,1,seg1,0.31708244690046705,0.1932943818867559,0.08711141866314331,-0.46596390794855114,0.18771256891059682,0.0012846953634739061
5.88,2,seg2,0.14351608612324868,0.20703768772676837,0.08733906701756923,-0.46800281065255445,0.20291809899086097,0.0015103932216857796
5.88,3,seg3,-0.019678519678844285,0.18602246241814574,0.08790756328605477,-0.4801279940701049,0.18332659320640926,0.002077014780290015
5.88,4,seg4,-0.17164022114548944,0.12487155441329047,0.08871088211218824,-0.5031554462604722,0.12356872181400419,0.0028785283161707753
5.88,5,seg5,-0.3193204262088841,0.03386926438317779,0.0895253761421561,-0.5302253943094797,0.03397657471126083,0.003691391014701867
5.88,6,seg6,-0.4616311811173773,-0.049073332569454876,0.09044278297432042,-0.5627335064633431,-0.04757677393847679,0.004607199697753792
5.9,0,head,0.4537079432481924,0.1670868753015843,0.08706655454252268,-0.4513981104042657,0.16036878829659093,-0.00029315615373154413
5.9,1,seg1,0.31840144938942383,0.18876925626936736,0.08669405776084632,-0.4672452005037743,0.1831766215115738,0.0008673344611769135
5.9,2,seg2,0.14355912996311052,0.20743194363925382,0.08772834165560825,-0.4680491345347726,0.20331198297710057,0.001899667859724799
5.9,3,seg3,-0.021275765344039466,0.19110123019764316,0.08837576842275545,-0.4785730761392467,0.18841847950727958,0.002545219916990693
5.9,4,seg4,-0.1732409639757583,0.1297264852531225,0.08834722380691822,-0.5015951682105382,0.12843680803702417,0.002514870010900755
5.9,5,seg5,-0.31692239780061887,0.031168696424698553,0.08757977518434706,-0.5326008618546703,0.031256140649140514,0.0017457900568928347
5.9,6,seg6,-0.4501351276933407,-0.06312123540357668,0.08703502390326305,-0.5741122359319147,-0.06171987593315957,0.001199440626696427
5.92,0,head,0.45471859451098606,0.17009359804923738,0.08774526180900986,-0.4524337526902997,0.16336699487912673,0.00038555111275563603
5.92,1,seg1,0.31814216426864794,0.18882370333420812,0.08583690099939749,-0.46698637754703387,0.18323322481345045,1.0177699728081135e-05
5.92,2,seg2,0.14270109048415294,0.20605979877729824,0.08509745992277216,-0.4671797039242286,0.201947027416272,-0.000731213873111286
5.92,3,seg3,-0.020426073989076553,0.19137736485810664,0.08488062149473113,-0.47942503642890805,0.1886875323165664,-0.0009499270110336216
5.92,4,seg4,-0.17242383745838533,0.13156983267486735,0.08509506180798003,-0.5024276092646482,0.1302732903685582,-0.0007372919880374307
5.92,5,seg5,-0.3159181556208035,0.03033922552184751,0.08549399906728017,-0.5335981652638712,0.030418339811059233,-0.00033998606017406063
5.92,6,seg6,-0.44459747364356683,-0.07012785857414555,0.0861712316337761,-0.5795913795204338,-0.06877234827712422,0.00033564835720947817
5.94,0,head,0.45585080523899507,0.174004740041111,0.08862545780719941,-0.4535984780365549,0.16726857759399255,0.0012657471109451812
5.94,1,seg1,0.3181379546011319,0.18825746445511812,0.0869719340999405,-0.4669774550160292,0.18266704058730668,0.0011452108002710931
5.94,2,seg2,0.14360490145029958,0.20320046521726204,0.08655006585762048,-0.4680596843236339,0.19908027015995838,0.0007213920617370334
5.94,3,seg3,-0.01917967959086305,0.19028199054906625,0.08643161899124734,-0.48066227045896964,0.187581821763347,0.0006010704854825799
5.94,4,seg4,-0.1726614615189891,0.13226293057227564,0.08644197619069859,-0.50219576233772,0.13096834208752312,0.0006096223946811252
5.94,5,seg5,-0.3155025501736389,0.031206263142193796,0.08642144544215793,-0.5340209729796839,0.03128188816421983,0.0005874603147037055
5.94,6,seg6,-0.4415050812085023,-0.07303714914811164,0.08667069003618381,-0.5826594497665943,-0.0717072771655031,0.0008351067596171907
5.96,0,head,0.45588755318844937,0.17586682617804583,0.08691194390082042,-0.45365072352394886,0.16913029336236327,-0.0004477667954338044
5.96,1,seg1,0.31866264972180686,0.18609538105125997,0.08592022419657364,-0.4674841361656242,0.18050066485177463,9.35008969042278e-05
5.96,2,seg2,0.1445663828292621,0.2006356512786114,0.08632807241536984,-0.46899978453062185,0.19650754231141132,0.0004993986194863909
5.96,3,seg3,-0.019234824399270326,0.19133298598023188,0.08673216909596347,-0.48061587537275163,0.1886332397783147,0.0009016205901987151
5.96,4,seg4,-0.17453233740893478,0.13541837326813788,0.08677010762460532,-0.5003512151360043,0.1341392474507737,0.0009377538285878645
5.96,5,seg5,-0.31521360918239916,0.03262738598571095,0.08631257102471271,-0.5343217324772753,0.03270055682088008,0.00047858589725847944
5.96,6,seg6,-0.434834182788343,-0.07789408567381198,0.08599478632332229,-0.5892896910832212,-0.07661956972860981,0.00015920304675566543
5.98,0,head,0.4557543126811379,0.17826256623925896,0.08751900540680735,-0.45353742823598553,0.1715270594442759,0.0001592947105531206
5.98,1,seg1,0.31869460475995265,0.18608008431785328,0.08606298544078736,-0.46751596277665464,0.18048510267499784,0.00023626214111795163
5.98,2,seg2,0.1444127628908785,0.20015844954975784,0.08585157337652784,-0.46884219799243154,0.19603163574655882,2.2899580644386575e-05
5.98,3,seg3,-0.019946686368839953,0.19333187945016658,0.08586815125365231,-0.4799206755693242,0.190637989089604,3.760274788755513e-05
5.98,4,seg4,-0.17619988684991414,0.139568319259797,0.08595684797017467,-0.4987182649477453,0.13830292930150517,0.00012449417415720532
5.98,5,seg5,-0.31587253738741206,0.03580146058524514,0.08602120954584742,-0.53368924605889,0.035880005967077584,0.00018722441839319481
5.98,6,seg6,-0.43106849960723154,-0.07933610724457088,0.08636408547506748,-0.5930432413590239,-0.07809288448000958,0.0005285021985008548
6.0,0,head,0.45614165224171693,0.1846860598396437,0.08739281186235703,-0.4539782194206588,0.17794710657034027,3.310116610280578e-05
6.0,1,seg1,0.31867044816128565,0.18726791461578984,0.08606542029593373,-0.4675016937524329,0.18167309289082537,0.00023869699626431762
6.0,2,seg2,0.14386950111284863,0.19763360812855207,0.08603491721709355,-0.46827793987202443,0.19351140354788207,0.0002062434212101033
6.0,3,seg3,-0.019213949620040475,0.1917211479819428,0.08619189619452236,-0.4806399802404643,0.18902121458591525,0.0003613476887576045
6.0,4,seg4,-0.17540274800038141,0.14095003695232328,0.08624774288718197,-0.4995268767165527,0.1396779642590884,0.0004153890911645086
6.0,5,seg5,-0.3153811331016678,0.038104408785941325,0.08607417687163446,-0.5341998015864731,0.03817878426008067,0.00024019174418023204
6.0,6,seg6,-0.42783995172626044,-0.0788834589641084,0.08612446428189731,-0.5962754449577669,-0.07766712424129925,0.00028888100533068506
6.0200000000000005,0,head,0.45608930312751816,0.19298777628759264,0.08751457963947931,-0.4539949702837925,0.18624897116935957,0.00015486894322508382
6.0200000000000005,1,seg1,0.31837112527592554,0.18893137106904342,0.08614154441947955,-0.46721622678032826,0.18333898309410793,0.0003148211198101408
6.0200000000000005,2,seg2,0.14338930684913676,0.19456814759311578,0.08607143748771168,-0.4677722473144721,0.19045004602834126,0.00024276369182822666
6.0200000000000005,3,seg3,-0.018379325594771567,0.18952123326877102,0.08622011384822413,-0.481456264675221,0.18681442920208888,0.0003895653424593748
6.0200000000000005,4,seg4,-0.17359689803833903,0.1425065913707026,0.08625143284108408,-0.5013456198851092,0.14121943402179907,0.00041907904506661986
6.0200000000000005,5,seg5,-0.3143565138212852,0.040895331781637,0.08597136443962163,-0.5352476152274999,0.04096108230508774,0.00013737931216739607
6.0200000000000005,6,seg6,-0.4241791440379652,-0.07781287792201423,0.08591509317282066,-0.599945036666481,-0.07662705049942652,7.95098962540347e-05
6.04,0,head,0.4553923068207042,0.2012806637152677,0.08756571925736459,-0.4533670227976553,0.19454737268376618,0.00020600856111036014
6.04,1,seg1,0.31818704378465246,0.19075245502518928,0.0861509883856697,-0.46704730920062276,0.18516153614464406,0.00032426508600029436
6.04,2,seg2,0.14341216800902631,0.1918874869839355,0.08602868771318228,-0.46777279558260487,0.187769287994941,0.000200013917298833
6.04,3,seg3,-0.01749757286604077,0.18788559260936752,0.08615843149255226,-0.48232437283627566,0.18517150605661392,0.0003278829867875005
6.04,4,seg4,-0.17240964134272876,0.1444330172283053,0.08619746044409285,-0.502548869787846,0.14313591118513147,0.00036510664807538895
6.04,5,seg5,-0.31374868424428093,0.044263644366988826,0.08592386430193334,-0.5358834594233333,0.04432421902932796,8.987917447911276e-05
6.04,6,seg6,-0.42087684614488735,-0.07632907297716209,0.08588660865640485,-0.6032595704094574,-0.07517078316314167,5.1025379838226526e-05
6.0600000000000005,0,head,0.4537155955243146,0.20992236474526074,0.08742236480514486,-0.45176229755980735,0.20320273023696736,6.265410889062795e-05
6.0600000000000005,1,seg1,0.3181325117765106,0.19311557046778446,0.08607371292972262,-0.46701244813897885,0.18752502361897522,0.00024698963005320707
6.0600000000000005,2,seg2,0.1441324825340537,0.18954849170088067,0.08599569364077901,-0.468473616859304,0.18542437829792235,0.00016701984489556065
6.0600000000000005,3,seg3,-0.01607442916656237,0.18623389582006958,0.08618004443648171,-0.4837337195734765,0.18350802114617248,0.0003494959307169532
6.0600000000000005,4,seg4,-0.17083493910763725,0.14639559277753095,0.08634979021381405,-0.5041398526958805,0.14508531193966445,0.0005174364177965851
6.0600000000000005,5,seg5,-0.31319015862928756,0.04801684786288578,0.08628517456747273,-0.5364732049501508,0.048072643706149935,0.0004511894400184985
6.0600000000000005,6,seg6,-0.41816018015285294,-0.07391096949651917,0.08649315530838295,-0.6059962690394227,-0.07277537523054914,0.0006575720318163225
6.08,0,head,0.4522485219159937,0.21921134524592673,0.0878505728254874,-0.45037259028744653,0.2125035999495651,0.0004908621292331744
6.08,1,seg1,0.3183690491677743,0.19591977196219526,0.08637753083373054,-0.4672723177115906,0.19032715919099027,0.000550807534061129
6.08,2,seg2,0.14528434368431362,0.18711585203793363,0.08616643622240489,-0.469605190376783,0.18298223554746715,0.0003377624265214346
6.08,3,seg3,-0.014434819072568047,0.18387298361491788,0.08623645554598976,-0.48535362215252714,0.18113354365947182,0.0004059070402250009
6.08,4,seg4,-0.1690661906966854,0.14772536471214154,0.08625019106871941,-0.5059196080065732,0.14640031588381347,0.0004178372727019486
6.08,5,seg5,-0.31274153048414705,0.051817783451763084,0.08591618228312929,-0.5369534541052734,0.051869713538587485,8.219715567506225e-05
6.08,6,seg6,-0.4163884113224987,-0.0711144727535291,0.08583613913090143,-0.6077912527416115,-0.06999372242503601,5.558543348105349e-07
6.1000000000000005,0,head,0.4507110380105804,0.23285802612357448,0.08771820460981085,-0.448948745860414,0.22616260513965103,0.00035849391355662064
6.1000000000000005,1,seg1,0.3187981174068417,0.2016055054162983,0.08627334929510727,-0.4677486954869342,0.1960091244038406,0.0004466259954378632
6.1000000000000005,2,seg2,0.14688011514716431,0.18536836031088913,0.08608541891667648,-0.47118636156193544,0.18122152217479387,0.000256745120793031
6.1000000000000005,3,seg3,-0.011671170119162275,0.1804847460878535,0.08619200150769522,-0.4880889738573385,0.1777224206585193,0.00036145300193046737
6.1000000000000005,4,seg4,-0.16666578735085272,0.14731175034422345,0.0862550259731518,-0.508316485542169,0.14596673642529556,0.0004226721771343339
6.1000000000000005,5,seg5,-0.3119383845242313,0.05535089729246237,0.08601236354273725,-0.5377859796182641,0.05539602012118373,0.00017837841528302312
6.1000000000000005,6,seg6,-0.4165492837264877,-0.06750394166114042,0.0860075789660545,-0.6076604376556535,-0.06638197740181795,0.0001719956894878777
6.12,0,head,0.44923068262992205,0.24829762134153774,0.08756370550459494,-0.4475969510484207,0.24161398706274315,0.00020399480834071282
6.12,1,seg1,0.31915971632872314,0.20840873483094646,0.0861755448004278,-0.46816690760196045,0.2028091084387839,0.00034882150075839224
6.12,2,seg2,0.14927728420887576,0.1837609594133127,0.08605850425433408,-0.47357006861192613,0.1795942244591919,0.000229830458450625
6.12,3,seg3,-0.008460886297431334,0.1762072559546474,0.08621504275546849,-0.4912635433907028,0.1734183583526914,0.00038449424970372903
6.12,4,seg4,-0.16352411255802574,0.1457697934345172,0.08635896370287344,-0.5114452172475358,0.14439868364233796,0.0005266099068559765
6.12,5,seg5,-0.3109274909123425,0.058626529240305404,0.0862598893711275,-0.538824102472734,0.058663124571803484,0.00042590424367326685
6.12,6,seg6,-0.41766994943135494,-0.06260556005658192,0.08640645007358637,-0.606580581757649,-0.06147443777331877,0.0005708667970197451
6.140000000000001,0,head,0.44732531959371674,0.26465381734807597,0.08790438946446534,-0.4458277925002232,0.25798547551475975,0.0005446787682111126
6.140000000000001,1,seg1,0.3200541575930421,0.21586552275501383,0.08642971183532046,-0.4691233834037914,0.21025819330609033,0.00060298853565105
6.140000000000001,2,seg2,0.15206163247940355,0.18226620095311558,0.08617556874097139,-0.47634187902233754,0.17807634264762295,0.00034689494508793883
6.140000000000001,3,seg3,-0.005225375026683472,0.17132288435602339,0.08618306564400746,-0.4944582882070744,0.16850722562656054,0.0003525171382427056
6.140000000000001,4,seg4,-0.16036810363802584,0.14349398621244105,0.08620325356838858,-0.5145821744841491,0.14209668665931982,0.0003708997723711194
6.140000000000001,5,seg5,-0.3099678198995881,0.06190909128601788,0.08603718440892101,-0.5398110621841004,0.061937585224302524,0.00020319928146678157
6.140000000000001,6,seg6,-0.41935949766566943,-0.05621187676197342,0.08618199880603504,-0.6049443089685295,-0.05506691323828986,0.00034641552946841625
6.16,0,head,0.44491417653350573,0.28167373196922263,0.0878479564127978,-0.4435583958162539,0.2750248693789063,0.00048824571654357274
6.16,1,seg1,0.32135148668527647,0.2239754751754604,0.08637836245396528,-0.47048816959999057,0.21835706666440882,0.0005516391542958743
6.16,2,seg2,0.1561355589257068,0.1809412754326001,0.0861467577736076,-0.48040463651827886,0.17671755427102223,0.0003180839777241484
6.16,3,seg3,-0.00147797003243684,0.16588979694765807,0.0861540263637889,-0.4981603418565321,0.16304313542298451,0.0003234778580241404
6.16,4,seg4,-0.157316045241256,0.14014541861396643,0.08617422050035721,-0.5176062558289262,0.13872283167754784,0.0003418667043397494
6.16,5,seg5,-0.3091550408000905,0.06442323984335738,0.08599550301406676,-0.5406447392894086,0.06444488164016575,0.0001615178866125333
6.16,6,seg6,-0.4218840706087999,-0.049887507276825345,0.08609652765405289,-0.6024724634719791,-0.048721749901524364,0.00026094437748626353
6.18,0,head,0.4422083613848739,0.2983137894421089,0.08776830552225326,-0.4409911755639382,0.29168687191444326,0.0004085948259990313
6.18,1,seg1,0.32275942883889064,0.2321283678869943,0.08633321454478363,-0.47196392243340196,0.22649795815418575,0.0005064912451142184
6.18,2,seg2,0.16096662045019666,0.1796745374394236,0.08616273756572346,-0.4852249871810652,0.1754106494993107,0.00033406376984000674
6.18,3,seg3,0.0028507707919365466,0.15992272059481394,0.08619491550000687,-0.5024392666172258,0.15704023610552773,0.00036436699424211016
6.18,4,seg4,-0.15396141692583598,0.13580275471054623,0.08624578534952801,-0.5209246223912474,0.1343523964281101,0.0004134315535105487
6.18,5,seg5,-0.3082495649913434,0.06622765264800252,0.08610236423684704,-0.5415652025077067,0.06624169534044154,0.0002683791093928134
6.18,6,seg6,-0.42539827506814815,-0.04395416604861544,0.08619837715029155,-0.5990077660713933,-0.04275936421847471,0.0003627938737249259
6.2,0,head,0.43974624404730434,0.3149083445642244,0.08773924063420087,-0.4386672659486544,0.308301345291101,0.00037952993794664047
6.2,1,seg1,0.3240323766927971,0.2408255755732264,0.08623921846761959,-0.4733092161720705,0.23518426936970638,0.0004124951679501804
6.2,2,seg2,0.1655548160253736,0.17920926317089655,0.08606192863290824,-0.4898091511774451,0.1749072021501601,0.000233254837024785
6.2,3,seg3,0.006730861892996898,0.15419067014837215,0.0861109029229585,-0.5062715134006683,0.15127608882581725,0.0002803544171937483
6.2,4,seg4,-0.15048419735049756,0.13098249911947007,0.08620536766231003,-0.5243616008000135,0.1295033656636421,0.00037301386629257083
6.2,5,seg5,-0.3077833377493498,0.06727263864221472,0.08603023297642769,-0.5420401113929686,0.06728276456002384,0.0001962478489734576
6.2,6,seg6,-0.4299002916672756,-0.03819945345004794,0.08599414375649848,-0.5945538039584776,-0.03696737906263793,0.00015856047993186018
6.22,0,head,0.4379412635531753,0.33026036471927966,0.08791085538608608,-0.43699012834947476,0.3236678571561294,0.0005511446898318478
6.22,1,seg1,0.3252189916110247,0.2493154071103211,0.08649773620266946,-0.4745664538995366,0.24366393019953989,0.0006710129030000483
6.22,2,seg2,0.1697964629916774,0.17972133163970724,0.0863541661254913,-0.494054913343518,0.1753839481318212,0.0005254923296078434
6.22,3,seg3,0.01036101229328849,0.1497803882025786,0.08629938658479236,-0.5098648296946097,0.1468357446071331,0.0004688380790276031
6.22,4,seg4,-0.14701663169809026,0.127098580442789,0.08630840138993293,-0.5277967190882779,0.12559071973215571,0.0004760475939154657
6.22,5,seg5,-0.3072632964424864,0.06883492013810977,0.086136345159191,-0.542573138115016,0.06884066344853636,0.0003023600317367675
6.22,6,seg6,-0.43438744964792186,-0.03204067045297393,0.08623817864758891,-0.5901180631722174,-0.030771461178803947,0.00040259537102228793
6.24,0,head,0.4362413016792133,0.3428504413363911,0.08770721331997929,-0.43539501708581396,0.3362716470486017,0.00034750262372505725
6.24,1,seg1,0.3275819857145448,0.25672803269648037,0.08622223279666519,-0.47699106409121783,0.251056630966644,0.0003955094969957801
6.24,2,seg2,0.1747963247956361,0.17950162503935574,0.08607927309184475,-0.4990527732564372,0.17512263349875207,0.00025059929596130126
6.24,3,seg3,0.014710474082627982,0.14436074911284458,0.08612891413773817,-0.5141690312192159,0.14138009112167205,0.0002983656319734129
6.24,4,seg4,-0.14399248156260336,0.1217678559271774,0.08627777034180051,-0.5307763949354521,0.12023500878513722,0.0004454165457830478
6.24,5,seg5,-0.30669564061339133,0.06905570373985165,0.08617166501223598,-0.5431426119417453,0.06905671459929948,0.00033767988478175526
6.24,6,seg6,-0.43855620678115814,-0.02615770253657091,0.08616421374112274,-0.5859984164961707,-0.02485399898594227,0.0003286304645561122
6.26,0,head,0.433660426363574,0.35453788924225915,0.08759644497790482,-0.43291150999258493,0.34798017165523215,0.00023673428165059407
6.26,1,seg1,0.32922300996638965,0.2637616922170453,0.08612908708025847,-0.4786905751696063,0.25807638800949756,0.00030236378058906555
6.26,2,seg2,0.17949465450834712,0.1793284164938619,0.08600273780333492,-0.503749498543109,0.1749103250696179,0.00017406400745147155
6.26,3,seg3,0.019563400874445122,0.1390643457193649,0.08607715278602202,-0.5189777060412817,0.13604347854379756,0.00024660428025725933
6.26,4,seg4,-0.14071448336773237,0.1168173424324725,0.08625669961134826,-0.5340130746814811,0.11525738282015427,0.0004243458153307955
6.26,5,seg5,-0.30590827953479754,0.07001735026261248,0.08620254213990644,-0.5439379498752808,0.07001177432217268,0.0003685570124522114
6.26,6,seg6,-0.4433988570695254,-0.019006200703769825,0.08620978202903812,-0.5812154584713461,-0.01766243776391772,0.00037419875247149403
6.28,0,head,0.43097577016182786,0.36628475271896827,0.08765919427184872,-0.4303247201453073,0.3597489735801056,0.0002994835755944919
6.28,1,seg1,0.32985951702553346,0.2703873375203094,0.08614211021649706,-0.4793822078028716,0.2646965059254871,0.0003153869168276563
6.28,2,seg2,0.1842878782506349,0.1792159716848818,0.08598760432062141,-0.508541620330624,0.17475798843510912,0.00015893052473796299
6.28,3,seg3,0.024282982013943417,0.13345206749056762,0.08601461927038634,-0.5236504106905303,0.1303921119561277,0.00018407076462158278
6.28,4,seg4,-0.1367390056706326,0.11120457565486128,0.086178457552742,-0.5379416975975556,0.10961172114046279,0.0003461037567245445
6.28,5,seg5,-0.3049656425186958,0.07054049220709879,0.08610733523275192,-0.5448849085366929,0.07052705223913341,0.00027335010529769277
6.28,6,seg6,-0.44806530662893346,-0.010508570887081022,0.08609743811202407,-0.5766198993780136,-0.009126261769415023,0.00026185483545744515
6.3,0,head,0.42681260013113664,0.3787485684852886,0.08749000448438371,-0.4262654351355918,0.37224700916049924,0.0001302937881294819
6.3,1,seg1,0.3293240374019583,0.2779169248951064,0.0860435275444483,-0.47890941818491883,0.2722302894662465,0.0002168042447788926
6.3,2,seg2,0.18822300306317,0.18016832421119805,0.08595763129583488,-0.5124845356029414,0.17567755451678463,0.00012895749995142647
6.3,3,seg3,0.028593507172875673,0.12882444677938434,0.08595973950787879,-0.527922269186562,0.12572877349744035,0.0001291910021140319
6.3,4,seg4,-0.13269397669989097,0.10636716472160948,0.0860908509495855,-0.5419463229428566,0.10474080954679853,0.0002584971535680436
6.3,5,seg5,-0.3036952180232751,0.07197141290194721,0.08599805233378231,-0.5461671990911083,0.07194734916845565,0.00016406720632808347
6.3,6,seg6,-0.4519207221792085,-0.0005070672523782771,0.08603874606301154,-0.5728478634810152,0.0009069854223032138,0.00020316278644491592
6.32,0,head,0.4219931521680781,0.3897443648145802,0.08753604831297263,-0.42153767607446335,0.3832825385923362,0.0001763376167183972
6.32,1,seg1,0.32830504064427113,0.28513852781314714,0.08607558373052535,-0.47795056471667574,0.2794601237053045,0.0002488604308559378
6.32,2,seg2,0.19143661311318708,0.1810143107760653,0.08596409501376319,-0.5157050757838122,0.17649676374768514,0.0001354212178797387
6.32,3,seg3,0.033323714696864085,0.12410361554997765,0.08592355026587842,-0.5326130196853589,0.12096873458244967,9.300176011366179e-05
6.32,4,seg4,-0.12905084023586882,0.10118759243431658,0.0859959998328187,-0.5455462217712235,0.09953109354697372,0.000163646036801246
6.32,5,seg5,-0.30184909451039027,0.07361684154382159,0.08586421335332502,-0.5480269541474826,0.07357735486487021,3.022822587078755e-05
6.32,6,seg6,-0.45518967534626836,0.010967861118786703,0.08587227130998608,-0.56967453349492,0.012408724974632674,3.66880334194547e-05
6.34,0,head,0.4188046602758657,0.3979283209182608,0.08789280215426826,-0.41841741263334087,0.39149275016758617,0.0005330914580140289
6.34,1,seg1,0.32762284034435973,0.2903219023360757,0.08642004843287371,-0.47731153113356656,0.28464899687524237,0.0005933251332043005
6.34,2,seg2,0.19487418651523894,0.18135912891105463,0.08632068596567782,-0.5191454001540533,0.17681295778173992,0.000492012169794373
6.34,3,seg3,0.038326370800836645,0.11940652072365314,0.08628474314003147,-0.5375764068931743,0.1162301635610566,0.0004541946342667136
6.34,4,seg4,-0.12555486576358277,0.09579517060334125,0.0863444844253376,-0.5489971920824107,0.09410976025856738,0.0005121306293201372
6.34,5,seg5,-0.299575039494353,0.07445043052904403,0.08623434073113947,-0.5503078686508657,0.07439198719915145,0.0004003556036852457
6.34,6,seg6,-0.45742126152178075,0.02160460401343572,0.0862499497559805,-0.5675315580477984,0.023063673707396315,0.00041436647941388294
6.36,0,head,0.41655182789803125,0.4042095438326194,0.08721642397952205,-0.4162169391646628,0.3977925066339474,-0.00014328671673217996
6.36,1,seg1,0.3268253561017335,0.2945743618674828,0.08585311618585463,-0.4765494692617446,0.2889079468499306,2.6392886185222508e-05
6.36,2,seg2,0.19747391532224973,0.1819498943857712,0.08592054732472448,-0.5217499560599532,0.17738206431707604,9.187352884103273e-05
6.36,3,seg3,0.04265157294305307,0.11558131307642865,0.08604772678443771,-0.5418696206358538,0.11236908820914315,0.00021717827867295814
6.36,4,seg4,-0.12186764815161108,0.0912651649939606,0.08625305862085876,-0.5526465771082365,0.0895492215326205,0.00042070482484130034
6.36,5,seg5,-0.2967064601757953,0.0758206116544948,0.08631470233937312,-0.5531877531114371,0.07573824464721099,0.0004807172119188907
6.36,6,seg6,-0.4579757535882563,0.03327917861879448,0.08650050178350596,-0.5670742568611331,0.03474245914477682,0.0006649185069393382
6.38,0,head,0.41596091229156135,0.40732776260219405,0.08761772103259743,-0.41565199808076864,0.4009155357917628,0.00025801033634320625
6.38,1,seg1,0.3267494200717289,0.2972987187110298,0.0862229526371555,-0.4764962116614327,0.29163284136525347,0.00039622933748609257
6.38,2,seg2,0.19930140820063924,0.18204670764053252,0.08620859179510841,-0.5235781914458105,0.17746366333948188,0.00037991799922496017
6.38,3,seg3,0.04594238610222429,0.11182069472274381,0.08618138103331956,-0.5451290188263704,0.10858120950396487,0.00035083252755480077
6.38,4,seg4,-0.1184095497080613,0.08687555704826674,0.08618437776486466,-0.5560680194823997,0.08513098264804668,0.00035202396884720377
6.38,5,seg5,-0.2936345607149473,0.07713743966592605,0.08602332206596058,-0.5562705065942236,0.07702945852291211,0.00018933693850635425
6.38,6,seg6,-0.4571122069990959,0.045409299824439794,0.08603053328450938,-0.5680387368873012,0.04686497255802655,0.00019495000794275685
6.4,0,head,0.41548431958175475,0.4098174567920387,0.08748143206696801,-0.4151961444978759,0.40340911059130496,0.0001217213707137843
6.4,1,seg1,0.3264459118740752,0.2999759570571982,0.08602550012485036,-0.4762149975923692,0.29431251318015467,0.00019877682518094908
6.4,2,seg2,0.20068579568677328,0.1825390037599104,0.08598168974360526,-0.5249666285342416,0.1779444196522031,0.00015301594772181015
6.4,3,seg3,0.04881529160473865,0.10860524644009532,0.08602585674615622,-0.5479750614825297,0.10534196038060217,0.00019530824039146188
6.4,4,seg4,-0.1150856338394278,0.08220848602562077,0.08619518680479696,-0.5593529745049832,0.08043640714747628,0.00036283300877949787
6.4,5,seg5,-0.2905852436695928,0.07726073606486562,0.0862438085833437,-0.5593207442520152,0.07712737009130338,0.00040982345588946867
6.4,6,seg6,-0.45540673937510034,0.05629761814313591,0.08643105065020086,-0.5698347728134466,0.05773871848928988,0.000595467373634237
6.42,0,head,0.41519089445612595,0.41141771990414694,0.08745294349825261,-0.4149160491003585,0.4050117605532739,9.323280199838302e-05
6.42,1,seg1,0.3254849878630389,0.3026726976484144,0.08610436108469793,-0.4752765528068541,0.29701715847218785,0.00027763778502852554
6.42,2,seg2,0.20104669572549405,0.18403575988018914,0.08614902113381274,-0.5253399741095609,0.1794381200247424,0.00032034733792929426
6.42,3,seg3,0.05117063245262499,0.1066427976346573,0.08618898901606067,-0.5503139865765171,0.1033599752071374,0.00035844051029591817
6.42,4,seg4,-0.11188795566955008,0.07881731488530232,0.08626529615098365,-0.5625223159740675,0.07701873805402956,0.00043294235496618705
6.42,5,seg5,-0.2873607668403095,0.07804368295762568,0.08616639226891616,-0.5625516261339251,0.07788345138567333,0.0003324071414619323
6.42,6,seg6,-0.45242376350667635,0.06719847744231171,0.08625581082162037,-0.572908377114475,0.06861437180724192,0.0004202275450537474
6.44,0,head,0.41526213016535984,0.41254292504883205,0.08748661749345421,-0.41499664782805235,0.40613633380077274,0.00012690679719998266
6.44,1,seg1,0.3247417791693549,0.30491218726724567,0.08602783806236054,-0.47455200993320984,0.2992627565082124,0.0002011147626911347
6.44,2,seg2,0.20132906202959314,0.1852373838879319,0.08596864641666421,-0.5256323321802092,0.18063735217249263,0.00013997262078076222
6.44,3,seg3,0.05325247179933726,0.1046028289108385,0.0859971417384714,-0.5523787744172779,0.10130274925166473,0.00016659323270663828
6.44,4,seg4,-0.10897088133979665,0.0749622693611066,0.08616696177766706,-0.5654072023301905,0.07313954621161546,0.0003346079816495956
6.44,5,seg5,-0.2837969347242701,0.07795557474031131,0.08623109489019086,-0.5661146014432489,0.0777656831673183,0.00039710976273663046
6.44,6,seg6,-0.4483736966364103,0.07722047246660622,0.08647506177531439,-0.577041720350907,0.07860230951276623,0.0006394784987477642
6.46,0,head,0.41501590632273405,0.4135678616963631,0.08743833712388202,-0.4147589634299506,0.4071632843541195,7.86264276277926e-05
6.46,1,seg1,0.3230720048841095,0.30751104148150304,0.08605729640200736,-0.4729039246844853,0.3018754188291509,0.00023057310233795536
6.46,2,seg2,0.20076387518769365,0.1873456688443892,0.08607117464539397,-0.5250847129282386,0.18275026835130914,0.00024250084951052409
6.46,3,seg3,0.05513544892946278,0.10328441102127167,0.08609371586279006,-0.5542507126564252,0.09996870433766597,0.0002631673570253068
6.46,4,seg4,-0.10532098920319327,0.07154335042479155,0.08617784597341464,-0.5690285111465413,0.06969036634428974,0.0003454921773971831
6.46,5,seg5,-0.28053384301347295,0.07795016358741662,0.08606233589221038,-0.5693775350822488,0.07773311231904897,0.00022835076475614946
6.46,6,seg6,-0.4439252625516853,0.08708929070817872,0.08617326180827134,-0.581572142057129,0.08843375998834942,0.00033767853170471596
6.48,0,head,0.4154254587196471,0.4138620915035204,0.08733622960626433,-0.4151709506202827,0.4074540951177193,-2.3481089989896287e-05
6.48,1,seg1,0.32173882493749373,0.30920071808974925,0.08599908668822673,-0.47158485470347816,0.30357613344234313,0.00017236338855732003
6.48,2,seg2,0.2001120784808153,0.18868581714338095,0.08607075770028305,-0.5244440933344925,0.18409579536569634,0.00024208390439960092
6.48,3,seg3,0.05674723267948421,0.10142081967944305,0.0861266601538926,-0.5558469292353452,0.09809176209586033,0.00029611164812784474
6.48,4,seg4,-0.10231131943066635,0.06695683273202105,0.08620686378726485,-0.5719999014326994,0.06507895696622894,0.0003745099912473848
6.48,5,seg5,-0.27730062208141315,0.07567836405695823,0.08603853533038924,-0.5725917350137685,0.07543448022554998,0.0002045502029350138
6.48,6,seg6,-0.4393898477345289,0.09340457531284675,0.08610790584524798,-0.5861599641476118,0.09471107594870924,0.0002723225686813574
6.5,0,head,0.4163105008060244,0.4132416661429346,0.08739155068584975,-0.416050798026149,0.406826324725754,3.183998959552237e-05
6.5,1,seg1,0.3204111703024115,0.31023977033305233,0.08597967855772817,-0.470265894462629,0.3046262002389079,0.0001529552580587651
6.5,2,seg2,0.19936516181364636,0.18993725855812676,0.0859876858746488,-0.5237076187361738,0.18535341028617197,0.0001590120787653554
6.5,3,seg3,0.05823428391036385,0.09971751131148159,0.08601156205503052,-0.5573197517085202,0.09637613546925938,0.00018101354926576552
6.5,4,seg4,-0.09957009023176053,0.06259318167197506,0.08610701687510301,-0.5747047154428931,0.060692640828034966,0.000274663079085552
6.5,5,seg5,-0.2740676430781836,0.0732151426720527,0.08598739406431258,-0.5758040997520776,0.07294443492206953,0.00015340893685834855
6.5,6,seg6,-0.43464146531281744,0.09888001675503731,0.08611734865196172,-0.5909537561495875,0.10014680523278258,0.0002817653753950933
6.5200000000000005,0,head,0.4182545458419663,0.41096544067989205,0.08781494749536843,-0.41797582987971627,0.40453399712640886,0.0004552367991142031
6.5200000000000005,1,seg1,0.3194721646891938,0.31082011326806847,0.08624837591451566,-0.46933175177880154,0.30521433875154,0.00042165261484625183
6.5200000000000005,2,seg2,0.19810057924308835,0.19170738493921602,0.0860853772362511,-0.5224578133673434,0.1871340009248796,0.000256703440367656
6.5200000000000005,3,seg3,0.05942809720436686,0.09944868065463136,0.08599670036164679,-0.5585112860750832,0.09609737758835614,0.00016615185588203518
6.5200000000000005,4,seg4,-0.09688483942453831,0.05971213768702864,0.08606174830473501,-0.5773658932710072,0.05778934633603566,0.00022939450871754807
6.5200000000000005,5,seg5,-0.27090787573162106,0.07147375438472939,0.08598969585675484,-0.578949263445562,0.07117680707893327,0.00015571072930060936
6.5200000000000005,6,seg6,-0.42967846877724497,0.10400886480962822,0.0862075408610267,-0.5959592700101406,0.10523416682491059,0.00037195758446006977
6.54,0,head,0.42458424245400583,0.40236131805235026,0.08830335194361835,-0.42423369203327643,0.3958774882080936,0.0009436412473641242
6.54,1,seg1,0.319752584295405,0.3112447859525733,0.08676280051171138,-0.46961569637442563,0.30563666269251705,0.0009360772120419747
6.54,2,seg2,0.19211525035177213,0.196039472665617,0.08653622934315985,-0.516508749326742,0.19151575662820852,0.0007075555472764034
6.54,3,seg3,0.0590340808263915,0.10627269008814702,0.08661387879513223,-0.5581740820241636,0.10292443017954044,0.0007833302893674732
6.54,4,seg4,-0.09520837765115858,0.0600421649315725,0.08688062200613439,-0.5790450439072363,0.05810540835581316,0.0010482682101169288
6.54,5,seg5,-0.2660231337670819,0.06718723710497829,0.08722364130550621,-0.5837981579826673,0.06684978082348947,0.001389656178051979
6.54,6,seg6,-0.4245701012248791,0.10646619915211777,0.08784986618058324,-0.6010879138849197,0.10764889727038636,0.0020142829040166177
6.5600000000000005,0,head,0.43533121287929477,0.38708513769695946,0.08844701057137033,-0.43485314105676814,0.3805123861258714,0.0010872998751161045
6.5600000000000005,1,seg1,0.3219733841325383,0.30972935897601217,0.0867799125857214,-0.4718238058411694,0.3041028036962984,0.0009531892860519947
6.5600000000000005,2,seg2,0.18454626506630864,0.20273197015471536,0.0863293350031986,-0.5089957302867032,0.1982710216704732,0.0005006612073151506
6.5600000000000005,3,seg3,0.05516839767141801,0.11814583514199659,0.08626490490151643,-0.5544073572210572,0.11482933941817097,0.0004343563957516783
6.5600000000000005,4,seg4,-0.0929498916063374,0.06716623696775252,0.08612214909291378,-0.5813627479256508,0.06521043542642165,0.00028979529689632244
6.5600000000000005,5,seg5,-0.2595985852258182,0.06199707954052832,0.08577877375868441,-0.5901792844356705,0.06160632922273718,-5.521136876981969e-05
6.5600000000000005,6,seg6,-0.4204618811421265,0.09821607962679939,0.0855310168949978,-0.6051273229554932,0.0993648693377366,-0.0003045663815688243
6.58,0,head,0.44776552465169667,0.3671236097091585,0.0885028618991158,-0.4471208751491509,0.36044805436321153,0.0011431512028615698
6.58,1,seg1,0.32550840225745337,0.30477400692239803,0.0869597592190849,-0.4753174563410631,0.29911820007093903,0.0011330359194154926
6.58,2,seg2,0.18123319290292336,0.21113441168176236,0.08658712707034308,-0.5057527094223963,0.20670074802709434,0.0007584532744596278
6.58,3,seg3,0.050322377108192935,0.13018770825943338,0.08660891322273556,-0.5496617333525857,0.12691113057559736,0.0007783647169708058
6.58,4,seg4,-0.09187639405898013,0.07547477441568892,0.08682231228031138,-0.5825053632248718,0.07350974996353302,0.0009899584842939235
6.58,5,seg5,-0.2553417897426069,0.05945843444825505,0.08707552456559764,-0.594414802410595,0.05903234123273033,0.0012415394381434103
6.58,6,seg6,-0.4168406907210303,0.08926904227230335,0.08761315419997806,-0.6086739185379296,0.09038800143954563,0.0017775709234114367
6.6000000000000005,0,head,0.4588139261781964,0.3479305182158227,0.08877526044183466,-0.45800914297587464,0.34116366790468633,0.0014155497455804328
6.6000000000000005,1,seg1,0.33056547647294,0.2992853226219608,0.08700883922058253,-0.48032867109221006,0.2935876140544325,0.001182115920913121
6.6000000000000005,2,seg2,0.18051100175587315,0.21919617671086933,0.08650194461144746,-0.5050976442541358,0.214768244854648,0.0006732708155640088
6.6000000000000005,3,seg3,0.04667550470253223,0.14248459414663878,0.08634948824603196,-0.5461173386661917,0.1392379447289507,0.0005189397402672047
6.6000000000000005,4,seg4,-0.0932920671530743,0.08366514837395045,0.0862357491567203,-0.5811579105898922,0.08171162336426482,0.00040339536070284343
6.6000000000000005,5,seg5,-0.25367587086170745,0.0567818629791684,0.08588622832659745,-0.5960583855199336,0.05634199643898217,5.2243199143223173e-05
6.6000000000000005,6,seg6,-0.41272058387103605,0.07639680008584669,0.08563416839851143,-0.6126867423790433,0.07748191201710503,-0.00020141487805519498
6.62,0,head,0.4694624183552098,0.327784626986965,0.08874833838114154,-0.46848958481190534,0.32092984330435176,0.001388627684887317
6.62,1,seg1,0.3375675151825656,0.293804391307698,0.08732054883521977,-0.48728484749520806,0.28804859211837414,0.0014938255355503582
6.62,2,seg2,0.18133419920839064,0.22655005392396227,0.08701583274158949,-0.505982022149273,0.22211501556358287,0.001187158945706035
6.62,3,seg3,0.04449371750417869,0.15271866401995954,0.0869331355842958,-0.5440208088792001,0.14948981989412868,0.0011025870785310449
6.62,4,seg4,-0.09509622858191197,0.08968515530597916,0.08696711880215184,-0.579403918334017,0.0877464384475009,0.0011347650061343806
6.62,5,seg5,-0.2524925581638065,0.05544487408254915,0.08706055906704499,-0.5972305289899358,0.05499520471927271,0.001226573939590761
6.62,6,seg6,-0.4094691923544193,0.06931332182152,0.08754836043147499,-0.6158790629375579,0.07037161662479463,0.0017127771549083626
6.640000000000001,0,head,0.4786024331990803,0.3124070189946823,0.0883775956904094,-0.4775012896999861,0.30547669236640235,0.0010178849941551715
6.640000000000001,1,seg1,0.34509126011107943,0.288921774843965,0.08662786530853576,-0.49476769203442456,0.28310352195936705,0.0008011420088663568
6.640000000000001,2,seg2,0.18332489336126337,0.23293887489117132,0.08619481200526552,-0.5080258237936006,0.22848704596211042,0.0003661382093820692
6.640000000000001,3,seg3,0.04306295231343163,0.16242191879679438,0.08618512161254593,-0.5426708569201051,0.15920464732455408,0.00035457310678117804
6.640000000000001,4,seg4,-0.09672942134222134,0.09656370048176172,0.0862035149090168,-0.5778280347461261,0.09463833900138385,0.00037116111299934085
6.640000000000001,5,seg5,-0.2526749044362794,0.05483805585990891,0.0859194172767284,-0.5970431382681571,0.054389925250099606,8.543214927417275e-05
6.640000000000001,6,seg6,-0.4092128310222478,0.0598340263397762,0.08551935704830216,-0.6160565158127385,0.06089051571615263,-0.00031622622826446567
6.66,0,head,0.4872242383936818,0.29648730479941054,0.08881780147951711,-0.48599029074508365,0.2894857672486857,0.0014580907832628803
6.66,1,seg1,0.35199329722650535,0.28233411967582933,0.08745974695925142,-0.5016146586476203,0.27645864685521404,0.0016330236595820113
6.66,2,seg2,0.18624253044362118,0.23661932469185729,0.08716097149794341,-0.5109739935135397,0.23214308373290932,0.001332297702059962
6.66,3,seg3,0.04319334218038873,0.16870639480016003,0.08694093691794186,-0.5428535502185132,0.16548782035360488,0.0011103884121771018
6.66,4,seg4,-0.09609613574023462,0.10083313681171469,0.0867874372775351,-0.5784968344613258,0.09890235637589638,0.0009550834815176407
6.66,5,seg5,-0.2519081396377359,0.053907639782010255,0.08665007743391584,-0.5978021323193513,0.05345315934311643,0.0008160923064616105
6.66,6,seg6,-0.40980213807229904,0.05330691158415239,0.08694751927391794,-0.6154129016586598,0.05436853207212298,0.001111935997351321
6.68,0,head,0.4951858134962909,0.2836498020207018,0.08796898543886891,-0.49384473891968866,0.2765824421123854,0.000609274742614685
6.68,1,seg1,0.35915195610469053,0.2772860348118509,0.08657762992267129,-0.5087310525301627,0.2713511527699028,0.0007509066230018818
6.68,2,seg2,0.19070461501122837,0.24146844683914687,0.0863771330633496,-0.5154762844985469,0.23695489837736355,0.0005484592674661476
6.68,3,seg3,0.04368152186912934,0.17713979569295313,0.08632515280243999,-0.5434119072176511,0.17391686582083157,0.0004946042966752356
6.68,4,seg4,-0.09592576376235634,0.10782919593274978,0.0863583023663803,-0.578725431247229,0.10589675508810384,0.0005259485703628386
6.68,5,seg5,-0.2521173757630748,0.05411374888094804,0.08624842379235205,-0.5975946189618746,0.05366100284981296,0.00041443866489782044
6.68,6,seg6,-0.4119349983362786,0.04403112361722783,0.08633837190480284,-0.6132029095658853,0.045110817977235367,0.0005027886282362171
6.7,0,head,0.501807454664683,0.2757830460373849,0.0875246551652723,-0.500400672883788,0.2686608443368324,0.00016494446901807458
6.7,1,seg1,0.364745474017329,0.2744554398823274,0.08610443991190003,-0.5143008166274994,0.2684740990354382,0.0002777166122306246
6.7,2,seg2,0.19469334002075472,0.24491269459847045,0.08598822949960745,-0.519493539049067,0.24036582723975106,0.0001595557037240014
6.7,3,seg3,0.04478859969150896,0.1826580050629184,0.0861069737391036,-0.5445648767271472,0.17942566943556526,0.00027642523333884506
6.7,4,seg4,-0.09559143809205489,0.11214191559343507,0.08635159324169508,-0.5790956416493428,0.11020654264477654,0.0005192394456776245
6.7,5,seg5,-0.25205651821754105,0.05390095993633088,0.08638417493778869,-0.5976537032805982,0.05344771473696998,0.0005501898103344588
6.7,6,seg6,-0.4134079905228866,0.037099151822632376,0.08644354498478271,-0.6116722711155576,0.03819134654675991,0.0006079617082160871
6.72,0,head,0.5061686893944858,0.26970300602958514,0.08806471926366709,-0.5047111501873065,0.262544714819022,0.0007050085674128598
6.72,1,seg1,0.36975851491842754,0.27248878031787327,0.08674663585007439,-0.519297314664854,0.266465782257928,0.0009199125504049804
6.72,2,seg2,0.1977670688211156,0.24837688687222428,0.0866024391113007,-0.5225959950910519,0.2438043157673638,0.0007737653154172436
6.72,3,seg3,0.045673886338911424,0.1887050139359889,0.08652370764364427,-0.5455004641324213,0.18546510028342966,0.0006931591378795121
6.72,4,seg4,-0.09558590129613237,0.1165013152619737,0.08650875952231817,-0.5791374631007075,0.11456574522006036,0.0006764057263007051
6.72,5,seg5,-0.2516215212257559,0.0523603002541583,0.08632923757752947,-0.5980758617409796,0.05190348778686338,0.0004952524500752425
6.72,6,seg6,-0.41309759600812107,0.027114201372061504,0.08636134495635514,-0.6118995465539407,0.028204158447491707,0.0005257616797885167
6.74,0,head,0.5102664791600545,0.2647216450955579,0.08709258038761118,-0.5087673363523176,0.25752941906395316,-0.000267130308643046
6.74,1,seg1,0.37336921472438656,0.27037257731269165,0.08562013496839074,-0.522890275480177,0.26431959940780775,-0.00020658833127866483
6.74,2,seg2,0.20064489327298496,0.2513857914143362,0.08547807104130886,-0.5254987640475214,0.24678916291655356,-0.0003506027545745888
6.74,3,seg3,0.04685536454463287,0.1957590710429631,0.08565746098142708,-0.546740614859696,0.1925090791727113,-0.00017308752433767283
6.74,4,seg4,-0.09680845283067382,0.12271902668776567,0.0859683073266923,-0.5779667061577022,0.12079341700084531,0.0001359535306748455
6.74,5,seg5,-0.2522375306622733,0.05283271377434224,0.08608497584814452,-0.5974638057100949,0.05238101221027036,0.0002509907206902917
6.74,6,seg6,-0.4114998712836534,0.017736527697327205,0.08619798697484281,-0.6134191621916169,0.0188135111770294,0.00036240369827618413
6.76,0,head,0.5127545395939764,0.26210145618362785,0.08767403187535722,-0.5112335018281117,0.25488861189522694,0.00031432117910298873
6.76,1,seg1,0.3754569452648079,0.2686175031999111,0.08638410096848272,-0.5249633255906218,0.26254720916017665,0.0005573776688133081
6.76,2,seg2,0.2026489039526135,0.2522943353018521,0.08635732072871075,-0.5275102674453158,0.2476809952325889,0.0005286469328272952
6.76,3,seg3,0.04786586916383157,0.19926155492628117,0.08643499474935923,-0.5477802369049853,0.19600303093843735,0.0006044462435944725
6.76,4,seg4,-0.09642434004442975,0.12584483236385402,0.08652549923466547,-0.578376822840282,0.12391591729129998,0.0006931454386480129
6.76,5,seg5,-0.2504113495916506,0.05160606626784222,0.08645057394329692,-0.5992797136949612,0.05113920723441185,0.0006165888158426863
6.76,6,seg6,-0.4088999249700989,0.008603270055093402,0.08653807174348838,-0.6159429990639435,0.009658929622763433,0.0007024884669217524
6.78,0,head,0.5141723332072008,0.2595606073921082,0.08735230326940462,-0.5126300979333153,0.2523360503132542,-7.407426849612153e-06
6.78,1,seg1,0.3772954866019827,0.26670059188295653,0.08589208623714013,-0.5267858481005788,0.26061506140549734,6.536293747072541e-05
6.78,2,seg2,0.20423930082780128,0.25346277428395886,0.08574793476283481,-0.5291103345662684,0.2488361562965761,-8.07390330486435e-05
6.78,3,seg3,0.04883656599541241,0.2039795457733085,0.08589557400079781,-0.5487901696420733,0.20071277889751074,6.502549503305255e-05
6.78,4,seg4,-0.09675407464209866,0.13015794237670186,0.08613276926530383,-0.5780829992263787,0.1282316223984295,0.00030041546928637197
6.78,5,seg5,-0.24867990988536634,0.051375424046214334,0.08623616127546349,-0.6010091737065815,0.050894161608411204,0.0004021761480092617
6.78,6,seg6,-0.40532281319576113,-0.0007843975426339361,0.08635955112248603,-0.6194418500029202,0.00024181362705125148,0.0005239678459194042
6.8,0,head,0.5156965946432785,0.2579320372946959,0.08762592109566879,-0.5141407513961702,0.2506948496544018,0.0002662103994145598
6.8,1,seg1,0.37886006094944324,0.26534135829827693,0.08631403721573515,-0.5283390548627968,0.25924285239080597,0.00048731391606574026
6.8,2,seg2,0.20571167648834549,0.2542030412503582,0.08625912160823432,-0.5305888207315288,0.24956414250953257,0.0004304478123508676
6.8,3,seg3,0.04947738109078972,0.20712804000621096,0.08630707816617682,-0.549457168586668,0.20385583033345275,0.0004765296604120617
6.8,4,seg4,-0.09593627516411296,0.132924634040643,0.08631611159885604,-0.5789237985431379,0.1309914113864532,0.0004837578028385747
6.8,5,seg5,-0.24582478171270722,0.0491833380028203,0.08615722988521915,-0.6038459574597042,0.04867838724238376,0.00032324475776492057
6.8,6,seg6,-0.39970867506858426,-0.011251512152241325,0.08614813788148848,-0.6249686721078623,-0.010271666889804252,0.00031255460492185527
6.82,0,head,0.516815232925019,0.25675753103994486,0.08728119771639324,-0.5152495750916343,0.24951107325656754,-7.851297986098682e-05
6.82,1,seg1,0.38037913303034054,0.264255705884781,0.08581686206830541,-0.529849038048867,0.25814459380220156,-9.861231363997303e-06
6.82,2,seg2,0.20695511430615215,0.2554023000825437,0.08566264512974187,-0.531842197338359,0.2507530102206992,-0.00016602866614158496
6.82,3,seg3,0.049862410823312456,0.21108191312366453,0.08581739886885588,-0.5498750944861207,0.20780636174915043,-1.3149636908876827e-05
6.82,4,seg4,-0.095728922597999,0.13681465973862733,0.0860950783714063,-0.5791635220059071,0.13487957646513107,0.00026272457538883964
6.82,5,seg5,-0.24387674658356429,0.04801302550071959,0.08625862206950963,-0.6057841841785411,0.047491901084454634,0.00042463694205539804
6.82,6,seg6,-0.3941015117383532,-0.021303559341826327,0.08647674843271347,-0.630491974412493,-0.020370036310732264,0.0006411651561468446
6.84,0,head,0.5180907086265559,0.2552945735196786,0.08769711424808124,-0.5165128298907232,0.2480375501709936,0.00033740355182701465
6.84,1,seg1,0.38175339718246754,0.2627285762841026,0.08638455675197922,-0.5312105437492891,0.25660607860740964,0.0005578334523098083
6.84,2,seg2,0.2083090929028001,0.255767214051701,0.08632407213572302,-0.5331991663433313,0.2511066418997809,0.0004953983398395673
6.84,3,seg3,0.05031031076751015,0.21364094415238274,0.08634973574785744,-0.5503442786483778,0.21036157610177048,0.0005191872420926835
6.84,4,seg4,-0.0949407718301569,0.13886591093342113,0.08631710022068469,-0.5799687187718822,0.13692419654353652,0.00048474642466722617
6.84,5,seg5,-0.24045009369040013,0.0448345326965309,0.08607103814553688,-0.6091842626373574,0.044284997121255554,0.00023705301808264745
6.84,6,seg6,-0.38622168038311966,-0.0330779309731328,0.08600004206617667,-0.6382735304932132,-0.032209586743696,0.00016445878961005023
6.86,0,head,0.5194686780849023,0.2548268934821279,0.08718779070095997,-0.5178868589477711,0.24755841699966813,-0.00017191999529425628
6.86,1,seg1,0.3830686344964942,0.2613596519251854,0.08574882544579539,-0.532514341455267,0.2552262544757358,-7.789785387402048e-05
6.86,2,seg2,0.20937441165794343,0.255839457624,0.08561016016168292,-0.5342650495052178,0.25117001593944005,-0.00021851363420052894
6.86,3,seg3,0.050783691869987754,0.2166422282323117,0.08576494885376247,-0.5508426241170419,0.21335881609724525,-6.559965200228501e-05
6.86,4,seg4,-0.09518017050521528,0.14201817517646292,0.08604476556581929,-0.5797555658156132,0.1400783441939793,0.00021241176980182908
6.86,5,seg5,-0.2383560319145907,0.04368740475218553,0.08624081695497032,-0.6112687039179184,0.04312047928581291,0.0004068318275160937
6.86,6,seg6,-0.3792835086678077,-0.042534928843586575,0.08655029347039828,-0.6451327478860042,-0.04172400591808893,0.0007147101938316525
6.88,0,head,0.5206257896065998,0.25430870468339717,0.08764642703539263,-0.5190396173161064,0.2470306150966044,0.0002867163391384042
6.88,1,seg1,0.38408847893610065,0.25967910517667286,0.08633828492190923,-0.5335201627742404,0.25353727740984294,0.0005115616222398228
6.88,2,seg2,0.2104465192004075,0.2551433289960929,0.08629867857880695,-0.5353313257818116,0.2504649878896022,0.0004700047829234999
6.88,3,seg3,0.05098916074540712,0.21826057150037056,0.08634514877142394,-0.55106155592661,0.21497539311514327,0.0005146002656591792
6.88,4,seg4,-0.09518483178722405,0.1438257502588302,0.08630057108990821,-0.5797659497908902,0.14188589545991917,0.00046821729389075195
6.88,5,seg5,-0.23541476841965456,0.04181350339935357,0.08603500166613455,-0.6141942683749261,0.04122216165332431,0.00020101653868032088
6.88,6,seg6,-0.3710277797909882,-0.051885711543841265,0.08594743835783382,-0.6533103608673544,-0.05114318010242713,0.00011185508126719534
6.9,0,head,0.5215715136486082,0.2543291336131406,0.0872264707138849,-0.5199854786357376,0.2470431717182516,-0.000133239982369332
6.9,1,seg1,0.3851424294928697,0.2579435210761176,0.08576537322888446,-0.5345596309333235,0.2517929810209401,-6.135007078494903e-05
6.9,2,seg2,0.21108986013572473,0.25406289370650664,0.08558054900755495,-0.5359656515814436,0.24937923526864658,-0.00024812478832850204
6.9,3,seg3,0.05104745484103926,0.22010803789951777,0.08569434714333755,-0.5511352251285058,0.21682231031584692,-0.00013620136242720182
6.9,4,seg4,-0.09580345369728825,0.146650495510753,0.08595892972862489,-0.5791708606777808,0.1447156918754355,0.0001265759326074256
6.9,5,seg5,-0.23421660266943367,0.041334208253081935,0.0861915170710757,-0.6153884032754959,0.04073291034638265,0.0003575319436214669
6.9,6,seg6,-0.3643009256451987,-0.05879477123038886,0.08659750814390357,-0.6599794754141157,-0.05810799048092345,0.0007619248673369494
6.92,0,head,0.5226818446277739,0.2543586726144782,0.0876424896775705,-0.5210960170169693,0.24706346801333812,0.00028277898131627566
6.92,1,seg1,0.3859768103902533,0.2560943753768223,0.08635971892756554,-0.5353785918249464,0.24993695452407969,0.0005329956278961323
6.92,2,seg2,0.21193197946707318,0.25262206463059633,0.08635802323427448,-0.5367957492047005,0.24793144684142357,0.0005293494383910302
6.92,3,seg3,0.05108720874195037,0.22113621854820165,0.08642410988179511,-0.5511835355687156,0.21785012446263238,0.0005935613760303521
6.92,4,seg4,-0.09612935593259099,0.14848477407365548,0.08633649479912425,-0.5788602370901325,0.1465526195005956,0.0005041410031067922
6.92,5,seg5,-0.23163242860654307,0.040391785708701874,0.08597590651757843,-0.617964643702224,0.03976901143958735,0.00014192139012420002
6.92,6,seg6,-0.3559465922351056,-0.06641289452703804,0.08580142101885878,-0.6682701110588507,-0.0657953860014463,-3.416225770784542e-05
6.94,0,head,0.5235812747906131,0.2552977055427835,0.08731229967500774,-0.5220032319316413,0.2479949821338965,-4.741102124648788e-05
6.94,1,seg1,0.3866297242934325,0.2544297329671224,0.08580855665611019,-0.5360176276954085,0.2482669353405538,-1.816664355921982e-05
6.94,2,seg2,0.21233477142977303,0.2506714931667479,0.08556119942831389,-0.5371822919087706,0.24597759036289227,-0.0002674743675695618
6.94,3,seg3,0.05132079886318615,0.22193253811020014,0.08564596116004006,-0.5514237456518057,0.21864447218594965,-0.00018458734572469881
6.94,4,seg4,-0.09641138268743327,0.15106267376052016,0.08596052927591641,-0.5785996768884718,0.1491327772995053,0.00012817547989894817
6.94,5,seg5,-0.23080810528462706,0.04077849541589583,0.0863414278394391,-0.6187921571933611,0.0401488466125515,0.0005074427119848707
6.94,6,seg6,-0.34984435059582536,-0.0710328669003391,0.08696056304584497,-0.6743336876303971,-0.07046598948616214,0.0011249797692783475
6.96,0,head,0.5246281423964008,0.25676328162093087,0.08777782213125952,-0.5230622617895756,0.24945179399024855,0.00041811143500529446
6.96,1,seg1,0.3874607627508912,0.2526749886756633,0.08646796834319008,-0.5368340319996688,0.24650533480181488,0.0006412450435206718
6.96,2,seg2,0.2130786968097,0.2481581099710455,0.08646089702716964,-0.5379052717293413,0.24345810227236503,0.0006322232312861858
6.96,3,seg3,0.05180424679112357,0.22183738070179015,0.08653717619753439,-0.5519063848039608,0.21854529416324628,0.000706627691769629
6.96,4,seg4,-0.09654581618153034,0.1524869230592399,0.08639216913196215,-0.5784771025889403,0.150558096200779,0.0005598153359446939
6.96,5,seg5,-0.22911735554494608,0.04018222073071239,0.08588217823896938,-0.6204778853577172,0.03953851986560053,4.819311151514627e-05
6.96,6,seg6,-0.34195673863918463,-0.07674713371123636,0.08557324497122255,-0.6821734644692937,-0.0762457097799713,-0.0002623383053440703
6.98,0,head,0.5251244791683806,0.25909387136473017,0.08723696627884947,-0.5235779797030126,0.2517781718140063,-0.0001227444174047576
6.98,1,seg1,0.3880646965110377,0.25138183027011335,0.08590022680635633,-0.5374271814183849,0.24520719443362593,7.350350668691719e-05
6.98,2,seg2,0.21361072989422517,0.2455748569408587,0.08584582431044482,-0.5384157850427198,0.24087051042320973,1.7150514561373176e-05
6.98,3,seg3,0.05236821008019942,0.22173514997629712,0.08603274515906655,-0.5524694776544632,0.21843837291024526,0.00020219665330178938
6.98,4,seg4,-0.0966436162473062,0.1549133026770163,0.0862911734350284,-0.578399501538883,0.15298520579440059,0.0004588196390109406
6.98,5,seg5,-0.22872140663287588,0.041682102885327074,0.08647569337825517,-0.6208863046114053,0.041035054439845446,0.0006417082508009403
6.98,6,seg6,-0.3369024640087442,-0.07911409924932701,0.0869233767200203,-0.6872078629174467,-0.0786546618677393,0.0010877934434536801
7.0,0,head,0.5254252737977674,0.2620384115149347,0.08782241463586275,-0.523903272376864,0.2547201063444764,0.00046270393960852474
7.0,1,seg1,0.38855666976599457,0.2502975153058196,0.0864145662153264,-0.5379101124890777,0.24411882215985467,0.0005878429156569859
7.0,2,seg2,0.21425440249973765,0.24270518694784318,0.0863076895496237,-0.5390355500587911,0.2379955823168583,0.00047901575374025007
7.0,3,seg3,0.05291350495308249,0.22112049821028001,0.08635934524801546,-0.5530096376713082,0.21781920375078168,0.0005287967422507034
7.0,4,seg4,-0.09674153449474142,0.15721668914600062,0.08623914438220594,-0.578320758595163,0.1552893274833504,0.00040679058618847685
7.0,5,seg5,-0.22850464956834535,0.0437508126051282,0.08575377607927939,-0.6211202727805962,0.043101888353257095,-8.020904817483687e-05
7.0,6,seg6,-0.3320917985147613,-0.08063073873485513,0.08548611375114573,-0.6920057382364754,-0.08021128971179894,-0.0003494695254208924
7.0200000000000005,0,head,0.5252703221473144,0.2667555091810287,0.08748039219332332,-0.5237875881898864,0.2594383303296544,0.0001206814970690917
7.0200000000000005,1,seg1,0.3892017699529693,0.2500678531114501,0.08603147629832683,-0.538553278769086,0.24388379852066555,0.00020475299865742314
7.0200000000000005,2,seg2,0.21510670656581818,0.2395812354321878,0.08578769690098323,-0.5398618228321509,0.2348646449816308,-4.0976894900221494e-05
7.0200000000000005,3,seg3,0.05414900033893439,0.21990908086476305,0.08582628514719302,-0.5542350071987284,0.21659754489717697,-4.263358571732212e-06
7.0200000000000005,4,seg4,-0.09674406483135138,0.1590364734427586,0.08603293747442443,-0.5783333750636944,0.15710906980413386,0.00020058367840697366
7.0200000000000005,5,seg5,-0.22878513444140666,0.046458210870821776,0.08631707329330808,-0.620862332270431,0.0458115274115621,0.00048308816585385106
7.0200000000000005,6,seg6,-0.3290425803043315,-0.08018168744157782,0.08696498744910737,-0.6950585884376056,-0.07978763371049963,0.001129404172540746
7.04,0,head,0.5254730079269989,0.27117529923951084,0.08778389120504873,-0.5240270544466911,0.26385628026126234,0.00042418050879450275
7.04,1,seg1,0.39037388431094905,0.2489305116885603,0.08643090257871533,-0.5397158860246164,0.24273674056674704,0.0006041792790459216
7.04,2,seg2,0.2165127726699396,0.23526466590498588,0.08645275993818421,-0.5412319118738244,0.23053652178676382,0.0006240861423007643
7.04,3,seg3,0.05575065977066868,0.2176391310786012,0.08667041235800593,-0.5558177175429654,0.214314342555526,0.0008398638522411767
7.04,4,seg4,-0.09658212610738319,0.16016073161509675,0.08656607293258103,-0.5785046657821981,0.1582319411583608,0.0007337191365635737
7.04,5,seg5,-0.22869675628447908,0.048532508416906234,0.08590148579028936,-0.6209679724885209,0.04788501750139507,6.750066283513212e-05
7.04,6,seg6,-0.3245170135938064,-0.08010163490374508,0.08535767022375197,-0.6995846646894124,-0.07974525186076875,-0.0004779130528146519
7.0600000000000005,0,head,0.5246289231035067,0.27736296043238534,0.08743159142197152,-0.5232345009858574,0.2700507527358662,7.188072571728821e-05
7.0600000000000005,1,seg1,0.3909556831435058,0.24919979049288418,0.08601743887821156,-0.5402999060078639,0.24300116752293938,0.0001907155785421527
7.0600000000000005,2,seg2,0.21779527649695762,0.23111327049373795,0.08580207507826298,-0.5424798177219844,0.22637459543941618,-2.6598717620465728e-05
7.0600000000000005,3,seg3,0.05736797991870768,0.21429822880835897,0.08584077450550454,-0.5574071741393282,0.21096009447756184,1.0225999739779668e-05
7.0600000000000005,4,seg4,-0.09469925133474122,0.16100486349949875,0.08596960843874552,-0.5803945013449213,0.1590603719601046,0.00013725464272805465
7.0600000000000005,5,seg5,-0.22855812713187929,0.05103123639561441,0.08606197890088801,-0.6211273946483401,0.050382505064624966,0.00022799377343378502
7.0600000000000005,6,seg6,-0.3224103838913985,-0.07848013264972793,0.08654397959347473,-0.7017047177635195,-0.07814134000986911,0.0007083963169081109
7.08,0,head,0.5238405193107583,0.28326156173554795,0.08824250122166921,-0.5224952206778348,0.2759557118805283,0.0008827905254149837
7.08,1,seg1,0.3919709274281489,0.24927668066831585,0.08675325610473007,-0.5413157551091642,0.24306960479255427,0.0009265328050606647
7.08,2,seg2,0.21974420038521492,0.22664433689571176,0.08657570234637701,-0.5443914775624935,0.22188959505151193,0.0007470285504935642
7.08,3,seg3,0.05970601365331979,0.21044718515064756,0.0866747649169971,-0.5597130732671282,0.20708972392558994,0.0008442164112323486
7.08,4,seg4,-0.09264583705892052,0.16117314940149452,0.08662377651666092,-0.5824492451948203,0.15921156072911896,0.0007914227206434615
7.08,5,seg5,-0.22809624854169433,0.05419572697642531,0.08610062006453205,-0.6216155964294083,0.05354304164708513,0.0002666349370778198
7.08,6,seg6,-0.32134434113516985,-0.07630646584777855,0.08575129709459102,-0.7027888158007704,-0.07597662155945639,-8.428618197560411e-05
7.1000000000000005,0,head,0.5227881132002457,0.2924421365663934,0.08708437979082148,-0.5215192642400079,0.2851447282521208,-0.00027533090543274685
7.1000000000000005,1,seg1,0.39295675612081127,0.250642244938728,0.08575426131597529,-0.5423129157341968,0.24442691635432445,-7.246198369412205e-05
7.1000000000000005,2,seg2,0.2224393115741048,0.221067922237896,0.08567432803484146,-0.5470400808937259,0.2162909411821169,-0.0001543457610419935
7.1000000000000005,3,seg3,0.06286299022641201,0.2039292450795814,0.08582984508333075,-0.5628156893298837,0.20054573298588088,-7.034224340091155e-07
7.1000000000000005,4,seg4,-0.08901619977411104,0.158977584974505,0.08603910321317693,-0.5860604822794214,0.15698586158282107,0.00020674941715946582
7.1000000000000005,5,seg5,-0.22672137173030155,0.056792904174412955,0.0860743292397947,-0.6230120428528215,0.056128685286618435,0.0002403441123404737
7.1000000000000005,6,seg6,-0.32141892103384656,-0.07302020337712267,0.08639835179353074,-0.7027415912269104,-0.07268985216886281,0.0005627685169641156
7.12,0,head,0.5212172674305952,0.2993093356065756,0.0888741034909197,-0.5200056310451323,0.2920247641270629,0.0015143927946654756
7.12,1,seg1,0.3937711285460059,0.25171704116124743,0.08726773132097737,-0.5431362058642054,0.2454948970323519,0.001441008021307963
7.12,2,seg2,0.22498000299626145,0.21676565425715386,0.08679745616702943,-0.5495448749871464,0.21196767514478318,0.0009687823711459764
7.12,3,seg3,0.06629222732545376,0.19904431749850357,0.08657398769893286,-0.5662041486362847,0.19563243184699483,0.000743439193168105
7.12,4,seg4,-0.08653996104296603,0.15775706879945775,0.08642163783172938,-0.5885264764402165,0.15574477706293624,0.000589284035711915
7.12,5,seg5,-0.2270295094538093,0.060403193895196806,0.08617060127411501,-0.622733965539563,0.05974141468867276,0.00033661614666077866
7.12,6,seg6,-0.3238220560619891,-0.06825046472573781,0.08632940709433928,-0.7003782396886602,-0.0679002765851641,0.0004938238177726595
7.140000000000001,0,head,0.5187057300533818,0.31214319843882427,0.08717138400015091,-0.5176010015111489,0.3048790868240134,-0.00018832669610331643
7.140000000000001,1,seg1,0.3947142709077123,0.2549718480179383,0.08584135217749521,-0.5441064064806785,0.24874174103115385,1.4628877825800801e-05
7.140000000000001,2,seg2,0.2294566462604275,0.2109465446761165,0.08582073576229537,-0.5539729286448427,0.20611150642854054,-7.938033588075766e-06
7.140000000000001,3,seg3,0.07061142190308492,0.19042974754113873,0.0860175685832737,-0.5704514914419426,0.18698221009037086,0.00018702007750893979
7.140000000000001,4,seg4,-0.08248142764637587,0.15332252886152764,0.08625363057369002,-0.5925479589833865,0.15127661010706245,0.00042127677767256344
7.140000000000001,5,seg5,-0.22689048452557564,0.06310642269798669,0.08623995199731015,-0.6228954855950234,0.06244339269794429,0.0004059668698559171
7.140000000000001,6,seg6,-0.3289119875011137,-0.06168047790173551,0.08642784616635293,-0.6953431689208288,-0.061288152018683394,0.0005922628897863103
7.16,0,head,0.5165317461892796,0.32159822849010933,0.08870290850508192,-0.5155057905602084,0.3143518842029505,0.0013431978088276897
7.16,1,seg1,0.39578809755081046,0.2580867791378341,0.08712681972271824,-0.5452061226157332,0.2518476264062694,0.0013000964230488327
7.16,2,seg2,0.2331290409329993,0.20733628537287663,0.08678032682204465,-0.5576151466231677,0.20247080552559374,0.000951653026161195
7.16,3,seg3,0.07498818008978458,0.18448890345359092,0.08665613148185856,-0.5747786502422051,0.18100514246380028,0.0008255829760938083
7.16,4,seg4,-0.07906791168592148,0.1504231784962838,0.08657301612501171,-0.5959372243672064,0.14834894825678713,0.0007406623289942516
7.16,5,seg5,-0.22739317971348127,0.0663099179365471,0.08624789226392335,-0.6224194716603978,0.06565096108060055,0.0004139071364691188
7.16,6,seg6,-0.33428328195936036,-0.05469747685494243,0.0862018233965838,-0.6900301825457649,-0.05426068565078534,0.00036624012001718054
7.18,0,head,0.5139717175241177,0.3348794914898875,0.08707157440395817,-0.5130563952900896,0.3276539951799843,-0.00028813629229605675
7.18,1,seg1,0.39715226270490134,0.26301626228992414,0.08574578032219325,-0.5466112703719899,0.2567655843663752,-8.094297747615609e-05
7.18,2,seg2,0.23845215768332012,0.20338402658209287,0.0857893413424523,-0.5629051829141497,0.1984743774298948,-3.9332453431156766e-05
7.18,3,seg3,0.08039262865960028,0.17649177623911855,0.08603784037982652,-0.5801163486445078,0.1729633091037369,0.00020729187406176575
7.18,4,seg4,-0.07548760409196983,0.1449791627915347,0.08630870584726312,-0.5994720954444579,0.14287532094698308,0.0004763520512456598
7.18,5,seg5,-0.22721537336166092,0.06825138945986799,0.0863254179640186,-0.6226134314169713,0.06759088540578526,0.0004914328365643733
7.18,6,seg6,-0.33957192763929894,-0.04751562280424467,0.08647861028933759,-0.6848014972109557,-0.0470350610826299,0.0006430270127709692
7.2,0,head,0.5117994048994354,0.34436082277811864,0.08836490050233602,-0.5109630744353074,0.33715307897447405,0.0010051898060817882
7.2,1,seg1,0.3983375119477657,0.26728141346742773,0.0870075796770832,-0.5478319789412984,0.2610207225454965,0.0011808563774137887
7.2,2,seg2,0.24251138994608923,0.2013495978258015,0.08680863621137123,-0.5669473412856175,0.19640623269949367,0.000979962415487784
7.2,3,seg3,0.08475053372143655,0.17123747471993211,0.08661263838023345,-0.5844303693130466,0.1676729171851856,0.0007820898744686916
7.2,4,seg4,-0.07249145124531961,0.1416244801872403,0.08643429457182344,-0.6024402222782854,0.1394958164931612,0.0006019407758059842
7.2,5,seg5,-0.22749134245197444,0.07084471727053102,0.08623564663129289,-0.6223590570838119,0.07018642037395213,0.00040166150383866284
7.2,6,seg6,-0.3448553116095775,-0.040516906274934324,0.08651343114256503,-0.679576549084257,-0.039992611487120786,0.0006778478659984072
7.22,0,head,0.5090650244485263,0.3571730244875864,0.08741865341666252,-0.5083354292535718,0.3499875961018181,5.8942720408294846e-05
7.22,1,seg1,0.4001543443349157,0.2730703455433877,0.0859960352240937,-0.5496969317520068,0.26679433194661867,0.00016931192442429244
7.22,2,seg2,0.24817426780638477,0.19857273676669537,0.0859217326247036,-0.5725869101742758,0.19358233366639402,9.305882882014449e-05
7.22,3,seg3,0.08971926136920706,0.16337022467710324,0.08600837731431404,-0.5893334429008767,0.1597645831593849,0.00017782880854928795
7.22,4,seg4,-0.06852146979245442,0.1355506745448633,0.08614312930270564,-0.6063595117486598,0.13338917766618746,0.00031077550668817677
7.22,5,seg5,-0.22743500811748954,0.07217606206315068,0.08604145044229346,-0.6224264707271729,0.07151725015824688,0.00020746531483922803
7.22,6,seg6,-0.3515642056508568,-0.03241587258449571,0.08608604030974976,-0.6729353152470883,-0.031836017882807696,0.0002504570331831324
7.24,0,head,0.5067871187449096,0.3676461517126745,0.08794237966364517,-0.5061447740509352,0.36047932036667446,0.0005826689673909397
7.24,1,seg1,0.40154276482913676,0.2783253956088475,0.08661274852431873,-0.5511290438184003,0.27203764365664107,0.0007860252246493227
7.24,2,seg2,0.252459065523264,0.19702561303868624,0.08655219110389326,-0.5768586822008679,0.19199959962196325,0.0007235173080098051
7.24,3,seg3,0.09422577842797583,0.15756823317795188,0.08652587025536278,-0.5937915117982895,0.15392528328175364,0.0006953217495980213
7.24,4,seg4,-0.06494121275659936,0.13089400932561532,0.08652105762254854,-0.6099008856700936,0.12870287398907346,0.0006887038265310785
7.24,5,seg5,-0.2269830604364961,0.07352331659981279,0.08635931530031676,-0.6228896164355839,0.07286069630368068,0.0005253301728625343
7.24,6,seg6,-0.35662248951058867,-0.02525605914765422,0.08648735220447198,-0.6679368003008638,-0.024634350549090047,0.0006517689279053607
7.26,0,head,0.5041036234207162,0.37811987841401556,0.0878866619716112,-0.5035485482669195,0.3709750199549196,0.0005269512753569711
7.26,1,seg1,0.4030225133118471,0.2839477446221084,0.08634896391550442,-0.5526555378705995,0.27764748143571216,0.0005222406158350151
7.26,2,seg2,0.2573852719681843,0.19550017427322883,0.08616575001515848,-0.5817720212289557,0.19043321111399872,0.0003370762192750343
7.26,3,seg3,0.09897054315477209,0.15097508775586577,0.08618019818732806,-0.5984812350529777,0.14729287386575896,0.00034964968156329934
7.26,4,seg4,-0.06096864832505297,0.1250501637420384,0.0862991780658148,-0.6138246720697356,0.12282616575608266,0.0004668242697973418
7.26,5,seg5,-0.2263795866300627,0.07429401709990055,0.08615054851813517,-0.623499484154534,0.07362634717793193,0.00031656339068093786
7.26,6,seg6,-0.36194049260057926,-0.016680359466072114,0.08608979446871408,-0.6626903600501206,-0.016014684280260268,0.0002542111921474549
7.28,0,head,0.5014077077371417,0.38847052512009683,0.08776700210118847,-0.50093887811481,0.3813477471904717,0.000407291404934243
7.28,1,seg1,0.4041846374609684,0.28967745043326315,0.08624845025546875,-0.5538653121607913,0.2833673159951282,0.0004217269557993397
7.28,2,seg2,0.2621224983643045,0.19434926265324817,0.08607778723022641,-0.5864995040782551,0.1892429097267195,0.00024911343434295963
7.28,3,seg3,0.1039705391964841,0.14460115699612974,0.08607923012049486,-0.6034280053836919,0.14087754713678488,0.00024868161473010075
7.28,4,seg4,-0.0569068574463151,0.11923179646393371,0.08619914493019654,-0.6178378938908591,0.1169741922822755,0.00036679113417907583
7.28,5,seg5,-0.2256284454104617,0.0752089943297988,0.08606625962274944,-0.6242582150384597,0.07453504069543404,0.00023227449529521216
7.28,6,seg6,-0.3664099358617806,-0.007015985928035819,0.08606007306912493,-0.6583015116572613,-0.006313444734209606,0.00022448979255830503
7.3,0,head,0.4997689107791546,0.39744963885076323,0.08784698106862694,-0.4993748743089633,0.39034019018181576,0.000487270372372714
7.3,1,seg1,0.4051606705412331,0.29447866522694144,0.08646858359372574,-0.5548812736644784,0.28816024060248385,0.0006418602940563289
7.3,2,seg2,0.2663721494405349,0.19316183960945676,0.08640097721514776,-0.5907391245994966,0.18802015644466216,0.0005723034192643139
7.3,3,seg3,0.10914538965910503,0.1386058536240322,0.08637052682043544,-0.6085527755299612,0.13483937930382367,0.0005399783146706888
7.3,4,seg4,-0.0527975607518687,0.11331685729096674,0.0863835930786003,-0.6218978160795763,0.11102525485088736,0.000551239282582841
7.3,5,seg5,-0.2240670100305508,0.07581201686607995,0.08618447663418174,-0.6258246155034523,0.07512504595639415,0.0003504915067275155
7.3,6,seg6,-0.3695400832894586,0.00251504132699187,0.0862458610817612,-0.6552508028160439,0.003243305708271944,0.00041027780519457824
7.32,0,head,0.4983609776649615,0.40494182648402144,0.08754099151597465,-0.49802935013053856,0.3978438370199151,0.00018128081972042243
7.32,1,seg1,0.40608647025979544,0.29850090191747847,0.08612805093193195,-0.5558405198323507,0.2921746322005939,0.000301327632262538
7.32,2,seg2,0.27050871339871285,0.19194759177486198,0.08607874884768629,-0.594865438647644,0.18677152056565463,0.0002500750518028422
7.32,3,seg3,0.11384963876976759,0.13282820505988494,0.08611726733194676,-0.6132087722448502,0.12902277572316675,0.00028671882618200306
7.32,4,seg4,-0.04865200110380507,0.10735478886412426,0.08624304551446384,-0.6259936076920833,0.10502888796859845,0.00041069171844637653
7.32,5,seg5,-0.22114353092209224,0.07629668600354185,0.08617261676982696,-0.6287520274182818,0.07558536513973452,0.00033863164237273036
7.32,6,seg6,-0.3717952870754639,0.011717554086635006,0.08628170819807505,-0.6530722729646411,0.012464270565247562,0.0004461249215084312
7.34,0,head,0.49695667615025735,0.4098059602837601,0.08762804132060646,-0.49666558319101883,0.4027194908325184,0.00026833062435223376
7.34,1,seg1,0.4065587789952637,0.30221395476786406,0.08620252774688562,-0.5563437172779528,0.2958836252367281,0.00037580444721621586
7.34,2,seg2,0.2734726954965891,0.1918136373692759,0.0861267552810779,-0.597828203123216,0.18661290051400234,0.00029808148519444577
7.34,3,seg3,0.11762595753413126,0.12853496595364577,0.08613392138624204,-0.6169492260291602,0.12469825367797586,0.0003033728804772845
7.34,4,seg4,-0.04426318081759708,0.10278174842009173,0.08625746452365524,-0.6303442128944059,0.10041947620798539,0.0004251107276377758
7.34,5,seg5,-0.21791950245124037,0.07763016122507575,0.08617754782533395,-0.6319870432020559,0.07689195942456249,0.00034356269787971794
7.34,6,seg6,-0.37343832823941625,0.021961144898391797,0.08625504345356211,-0.651514549796184,0.022721182162560236,0.0004194601769954842
7.36,0,head,0.4951556773182993,0.4140804575768742,0.08759311642518457,-0.4949002249196015,0.4070088304174297,0.00023340572893033873
7.36,1,seg1,0.40631334837138255,0.30591557113284373,0.08617267312983203,-0.5561291050365799,0.2995871561857622,0.0003459498301626174
7.36,2,seg2,0.27586873966359815,0.19219023479793695,0.0860967739526782,-0.6002272988472352,0.18696954176233324,0.0002681001567947511
7.36,3,seg3,0.1214684694398123,0.12464630777596279,0.08610472755174876,-0.6207592381340697,0.12077774759749942,0.00027417904598400766
7.36,4,seg4,-0.040192220171720604,0.09831782445000731,0.08624273709701699,-0.6343778776825447,0.0959218228013592,0.00041038330099953113
7.36,5,seg5,-0.214761445063206,0.07918535896072598,0.08618301095130208,-0.635157935664258,0.0784208176440811,0.00034902582384785386
7.36,6,seg6,-0.373823346036417,0.03416836346222557,0.08627969597914058,-0.6512311503951747,0.03493118251262489,0.00044411270257395385
7.38,0,head,0.4923628532278487,0.41900606929808976,0.08746398671233989,-0.49214849520526754,0.41195751719340623,0.00010427601608566095
7.38,1,seg1,0.40471695662100626,0.3096449372740638,0.0860519045124838,-0.5545638094370713,0.30332968048385167,0.00022518121281439596
7.38,2,seg2,0.27775272574013465,0.1929742467550827,0.08599597742756467,-0.6021177452756371,0.1877378454695791,0.00016730363168121487
7.38,3,seg3,0.12529631414322046,0.12098284755827275,0.08598804344521419,-0.6245564579481785,0.1170825537566006,0.00015749493944942905
7.38,4,seg4,-0.03633423743259962,0.0938805021318669,0.08609328770700161,-0.6381987933565308,0.09145254281671791,0.0002609339109841541
7.38,5,seg5,-0.21131032651239146,0.08095701669986381,0.08600835722985065,-0.6386236808119187,0.08016368911578477,0.00017437210239641676
7.38,6,seg6,-0.3729066655774466,0.0473944753550477,0.0860969389320563,-0.652257884774247,0.048149206395949516,0.0002613556554896812
7.4,0,head,0.4904251939746953,0.4228833200030196,0.08742725061836064,-0.4902431748206911,0.41585076142436306,6.753992210641047e-05
7.4,1,seg1,0.4032602478673481,0.3126228372140967,0.0860016877768517,-0.5531319372729335,0.3063196019796681,0.00017496447718229335
7.4,2,seg2,0.2793931488179938,0.1937308646666835,0.08595550821745102,-0.6037644091318665,0.1884807833424096,0.00012683442156756486
7.4,3,seg3,0.12903695749922986,0.11761790081704512,0.0859408390335423,-0.6282689640702723,0.11368658885982634,0.00011029052777754289
7.4,4,seg4,-0.03245078135850017,0.08952434477048511,0.08603330573850584,-0.6420458570481548,0.0870642129535968,0.00020095194248838377
7.4,5,seg5,-0.20798558174411552,0.08252985752163021,0.0859384706669739,-0.6419614017300802,0.0817088024114091,0.00010448553951966644
7.4,6,seg6,-0.3709251969835122,0.060485250242050884,0.08603885385655309,-0.6543482439457926,0.061223035347896845,0.00020327057998646703
7.42,0,head,0.48928159457457915,0.42550353961361637,0.08742193931509112,-0.48912142406236314,0.41848040885923543,6.22286188368959e-05
7.42,1,seg1,0.4019933137489655,0.31503223849090084,0.08595578274630117,-0.5518851013520122,0.3087394649425439,0.00012905944663176017
7.42,2,seg2,0.2805353828058851,0.19447519242614375,0.08588997466543853,-0.6049127988599511,0.18921557809532907,6.130086955508096e-05
7.42,3,seg3,0.13240337573409763,0.11473015291108064,0.08587299968882307,-0.6316112299313917,0.11077092107818862,4.245118305831741e-05
7.42,4,seg4,-0.029178501755349688,0.08552782109931885,0.08597471265484133,-0.6452847588000686,0.08304059136407334,0.00014235885882386834
7.42,5,seg5,-0.20462454468787725,0.0840526061492698,0.08592061536015666,-0.645334996743746,0.08320352317435659,8.663023270243098e-05
7.42,6,seg6,-0.3683458379697639,0.07327624247024567,0.08606419511859359,-0.6570339776277432,0.0739921155689983,0.0002286118420269656
7.44,0,head,0.4890685116525787,0.42695444422838413,0.08756035665376506,-0.4889204249210856,0.41993303678062455,0.0002006459575108338
7.44,1,seg1,0.4010674301764757,0.31692993695493354,0.08614746011098051,-0.5509750450769947,0.31064480413187395,0.00032073681131110365
7.44,2,seg2,0.2811871383879026,0.1951843394946525,0.08613768197493933,-0.6055704343507231,0.18991927580365942,0.00030900817905588074
7.44,3,seg3,0.13529039206483431,0.11235927894400449,0.08612676737125033,-0.6344784126219696,0.1083760995650698,0.00029621886548557297
7.44,4,seg4,-0.02592248913180358,0.08193786164791304,0.08616719182665285,-0.6485107781157057,0.07942365530693365,0.0003348380306353871
7.44,5,seg5,-0.2010875215756431,0.08526369368076749,0.08602187232759984,-0.6488819776501851,0.08438512884195255,0.00018788720014560611
7.44,6,seg6,-0.3649407007686131,0.08517244239338151,0.0860937833303474,-0.6605380132149756,0.08585956123235348,0.0002582000537807716
7.46,0,head,0.49004362041320576,0.42704796392789973,0.08743846506123382,-0.48989627830215055,0.42001843706064423,7.875436497958854e-05
7.46,1,seg1,0.40045349747202996,0.31834576571915113,0.0860274465984838,-0.55037291808974,0.31206569383426,0.00020072329881438977
7.46,2,seg2,0.28097428548994663,0.19586741451726303,0.08602669409217874,-0.6053632743043925,0.19060409881574403,0.00019802029629528706
7.46,3,seg3,0.13750323627831582,0.11062852881306257,0.08606516498264681,-0.6366767745287885,0.10662699109072014,0.00023461647688205467
7.46,4,seg4,-0.02228457584633322,0.07891893314327171,0.08617394102620568,-0.6521234377597152,0.07637455171998787,0.00034158723018822
7.46,5,seg5,-0.1970542767302024,0.08639004029116336,0.08609622310673747,-0.6529244577717267,0.08547786629236542,0.00026223797928323633
7.46,6,seg6,-0.36075092807945064,0.09656185026857618,0.0862301540020886,-0.6648224388985963,0.09721370160029347,0.0003945707255219727
7.48,0,head,0.49181293828292205,0.42552079626500305,0.08742108757304354,-0.49165282371877655,0.4184765956311508,6.13768767893097e-05
7.48,1,seg1,0.3997761318422202,0.31930030015078825,0.08598987692977608,-0.5497035208562204,0.3130258331581781,0.00016315363010667439
7.48,2,seg2,0.2800905222514986,0.19727935043622516,0.08596358293812659,-0.6044912937284628,0.19202334170404753,0.00013490914224313644
7.48,3,seg3,0.13901918345655923,0.1101103588030436,0.08599283462716226,-0.638188356280061,0.10609622125782962,0.00016228612139750076
7.48,4,seg4,-0.018620307793618614,0.07690608595450518,0.08610146268569166,-0.6557708252337363,0.07433127523832972,0.00026910888967419944
7.48,5,seg5,-0.193074124905205,0.0879181430808893,0.08599302189327937,-0.656917190672754,0.0869727879176288,0.0001590367658251407
7.48,6,seg6,-0.355047631573714,0.1079510685223854,0.08611922890627137,-0.6706203343923484,0.10855505475177356,0.0002836456297047457
7.5,0,head,0.49396151340220235,0.42288122943816975,0.08759980209104012,-0.493779354350294,0.4158192368768183,0.00024009139478589625
7.5,1,seg1,0.3990700858642201,0.31978486026554725,0.08611403242651156,-0.5490015325031643,0.313516253161837,0.0002873091268421474
7.5,2,seg2,0.2790194349282949,0.19914513230603667,0.08602940633672372,-0.6034357730792967,0.1938979739876426,0.00020073254084027048
7.5,3,seg3,0.14030596534172077,0.1102856649218247,0.08602010537967159,-0.6394765527270728,0.10626081095683762,0.0001895568739068293
7.5,4,seg4,-0.015563709722592139,0.07506404652991652,0.08610698786558742,-0.6588119854699264,0.07246385845934661,0.00027463406956995673
7.5,5,seg5,-0.18968659948354788,0.08837064879156069,0.08597153868829555,-0.660308365118574,0.0873970823643885,0.00013755356084131642
7.5,6,seg6,-0.349062222504309,0.11699502435355466,0.08610819940073594,-0.6766808122170161,0.11754887859585426,0.000272616124169317
7.5200000000000005,0,head,0.4996571520082519,0.41530239580939693,0.08845729532952804,-0.4994117143096303,0.4081932589337445,0.001097584633273807
7.5200000000000005,1,seg1,0.3993929024388092,0.32089069913608625,0.08712902961183218,-0.5493335421890568,0.3146193668082454,0.001302306312162771
7.5200000000000005,2,seg2,0.27352298458696933,0.20326718889117032,0.08714794147198822,-0.597973822489502,0.1980656367135928,0.0013192676761047684
7.5200000000000005,3,seg3,0.14039007185275618,0.11569535858151275,0.08744594751467366,-0.6396056831455589,0.1116696171774265,0.0016153990089089049
7.5200000000000005,4,seg4,-0.01438498216598035,0.07308206031779105,0.08782659965917752,-0.659974175413439,0.07047212993045261,0.001994245863160063
7.5200000000000005,5,seg5,-0.1844588388738634,0.08361783341317935,0.08815939118680662,-0.6654963852523844,0.08260091909553613,0.002325406059352386
7.5200000000000005,6,seg6,-0.34352333896233517,0.12237151649378734,0.08868124218354012,-0.6822642543659216,0.1228790823811635,0.002845658906973497
7.54,0,head,0.5113744208888548,0.401611855597848,0.08786046232571654,-0.51101462602921,0.39440566592708515,0.0005007516294623093
7.54,1,seg1,0.40141767018154184,0.3200944241769508,0.08640660932662206,-0.5513516121121254,0.3138062665636467,0.0005798860269526501
7.54,2,seg2,0.26605235720748077,0.21092300097057115,0.08620330086430934,-0.5905671759612336,0.20578336430904956,0.00037462706842589233
7.54,3,seg3,0.13571574312788667,0.12746733341491617,0.0863835710158225,-0.6350294987078375,0.12348009034727031,0.0005530225100577463
7.54,4,seg4,-0.012428360295083048,0.07950985371233232,0.08660215869256371,-0.661984230337541,0.07688341500214221,0.0007698048965462528
7.54,5,seg5,-0.17841465921101624,0.07821068494991287,0.08672017569862707,-0.671495349909782,0.07714365005909542,0.0008861905711728402
7.54,6,seg6,-0.338902407471083,0.11501676325315881,0.08695696027801497,-0.6868238095395475,0.11548612223697088,0.0011213770014483482
7.5600000000000005,0,head,0.5242699606638286,0.386132019113183,0.08887673575636731,-0.523780874873364,0.3788190314567735,0.0015170250601130864
7.5600000000000005,1,seg1,0.4041843066064562,0.3177491915477535,0.08732810404998212,-0.5540986324888693,0.31143808746533497,0.0015013807503127113
7.5600000000000005,2,seg2,0.2620646992812152,0.21953500336070053,0.08717247582266127,-0.5866513369517963,0.21442825908890284,0.0013438020267778211
7.5600000000000005,3,seg3,0.13190339248318442,0.13883754640440216,0.08733738256352763,-0.6313119184835927,0.1348816410373645,0.0015068340577628764
7.5600000000000005,4,seg4,-0.010874873494966079,0.0860075338815981,0.08730026409002208,-0.6635917458480748,0.08336793986549894,0.0014679102940046151
7.5600000000000005,5,seg5,-0.17414539780077798,0.07376261441616734,0.08672974325354588,-0.675727440547022,0.07266019901125463,0.0008957581260916475
7.5600000000000005,6,seg6,-0.33418944772681447,0.10703360382934418,0.08594738039163335,-0.6914701593282668,0.10746401169326408,0.00011179711506673073
7.58,0,head,0.5376417764310017,0.3667378339291687,0.08810936945199749,-0.5369908026832428,0.3593142196632458,0.0007496587557432599
7.58,1,seg1,0.4099058795648331,0.3145065040458276,0.08697579538288319,-0.5597930172018387,0.3081478895851713,0.001149072083213784
7.58,2,seg2,0.26113677975396093,0.2290877596248437,0.08691660521257097,-0.5858029605846153,0.22398840785503396,0.0010879314166875181
7.58,3,seg3,0.12908403771755841,0.15028663890725688,0.08716482109459625,-0.6285879562837349,0.14635380344756072,0.001334272588831495
7.58,4,seg4,-0.01079059524485321,0.09224492528161238,0.08775995369943146,-0.663727937224892,0.089604413725725,0.0019275999034139985
7.58,5,seg5,-0.17153088195425437,0.07084046953672661,0.08874287546756691,-0.6783175437671937,0.06971639380093703,0.0029088903401126853
7.58,6,seg6,-0.3284326027991364,0.09910768702980943,0.0903737042916337,-0.6971608345913219,0.0994904531601324,0.004538121015067079
7.6000000000000005,0,head,0.5469516051772932,0.3536355956021462,0.08951646162524275,-0.5461912543093652,0.3461349461502954,0.002156750928988524
7.6000000000000005,1,seg1,0.41594099331540674,0.3142978852478419,0.0878056889175196,-0.5658261854882133,0.3078890455970814,0.001978965617850187
7.6000000000000005,2,seg2,0.26146153009078604,0.2394067663355205,0.08750204502385776,-0.5862135884666195,0.23430435410434944,0.001673371227974313
7.6000000000000005,3,seg3,0.12720108474999367,0.16146966016074626,0.08763129976280762,-0.6267981488387181,0.15755210981697046,0.0018007512570428624
7.6000000000000005,4,seg4,-0.011770653220231467,0.09797032284351434,0.08769475711393938,-0.6627955677362316,0.09533777033537129,0.0018624033179219235
7.6000000000000005,5,seg5,-0.1706025524680294,0.06739305197552878,0.08729860865550777,-0.6792171470032627,0.06626136883810711,0.0014646235280535436
7.6000000000000005,6,seg6,-0.3253658646409732,0.08758455444255714,0.08673273235691967,-0.700131555352225,0.08794219416955341,0.0008971490803530435
7.62,0,head,0.556894111451984,0.33957409209217804,0.08815240346575336,-0.5560163772398433,0.33199117468108863,0.0007926927694991287
7.62,1,seg1,0.42344143943832985,0.3126755826084224,0.08645035776463984,-0.5733128687903973,0.30620437025024727,0.0006236344649704351
7.62,2,seg2,0.2639481030076163,0.24828017097524413,0.08594325379845152,-0.5887739317789362,0.24315675473320386,0.00011458000256807377
7.62,3,seg3,0.12670161659912602,0.1707430114721974,0.0857801287388285,-0.6263758834188068,0.1668292971544315,-5.041976693626049e-05
7.62,4,seg4,-0.01184946098841843,0.10229827537990957,0.08567167976549608,-0.6627527857994038,0.09966622889789492,-0.00016067403052137663
7.62,5,seg5,-0.1693011844325087,0.06436519123560228,0.08537318143349279,-0.6804932679885745,0.0632227812295462,-0.0004608036939614396
7.62,6,seg6,-0.3248322587275039,0.07905320192721196,0.08520297927064288,-0.700594133274361,0.07940669578470153,-0.0006326040059237426
7.640000000000001,0,head,0.566768058370101,0.32667410822676385,0.08770651445331769,-0.5657826109332893,0.31900945326580304,0.00034680375706346023
7.640000000000001,1,seg1,0.43278085509335845,0.30644547488651563,0.08685762617667131,-0.5826001055085545,0.2998967430310695,0.0010309028770019019
7.640000000000001,2,seg2,0.26818973465174395,0.2508637170255824,0.08709910152204896,-0.5930369202743507,0.24570490666845823,0.0012704277261655073
7.640000000000001,3,seg3,0.1276313338978434,0.17658583782770387,0.08735948745073689,-0.6273542004519895,0.17266418274531467,0.0015289389449721358
7.640000000000001,4,seg4,-0.011000648076856478,0.10716467711603471,0.08772555213502363,-0.6636420741155745,0.10452539708873738,0.001893198339006169
7.640000000000001,5,seg5,-0.16715416376310338,0.06429432596196341,0.0882568635588849,-0.682639624448529,0.06313404798747149,0.0024228784314306723
7.640000000000001,6,seg6,-0.32532499143627536,0.07161027191992439,0.08927482663356234,-0.7000394674573878,0.07196812478973506,0.0034392433569957193
7.66,0,head,0.5754242649612981,0.31958700936454176,0.09079277253971704,-0.5743795292091585,0.3118505511863819,0.0034330618434628146
7.66,1,seg1,0.4401723135421845,0.306336982356058,0.08968356588436183,-0.5899904048965198,0.2997267324986995,0.0038568425846924187
7.66,2,seg2,0.272365683559762,0.25925863409889494,0.08925438066090943,-0.5972825984345587,0.2540647750232191,0.003425706865025982
7.66,3,seg3,0.12827213790554812,0.1864203458332507,0.08847748824444232,-0.6280768384003175,0.18249301644433974,0.0026469397386775645
7.66,4,seg4,-0.009952463263893499,0.11368294891991555,0.08778714627905976,-0.6647444765340735,0.11103471868311653,0.0019547924830422975
7.66,5,seg5,-0.16636703848369216,0.062228441062229356,0.08741583967368834,-0.683409527360991,0.06106168312342365,0.0015818545462341072
7.66,6,seg6,-0.32690114229430184,0.05873873411418615,0.08807518995601539,-0.6983562367704982,0.05911015171982705,0.0022396066794487662
7.68,0,head,0.5843683955655972,0.31209030090930856,0.0907916334104399,-0.5832609521969238,0.30427965720788114,0.003431922714185673
7.68,1,seg1,0.4466482516563415,0.3062507185370131,0.08900611186821275,-0.5964654006807925,0.2995865701118979,0.0031793885685433426
7.68,2,seg2,0.2772421695308406,0.2686477135439918,0.08827112862094547,-0.6022370641614104,0.2634129404909618,0.0024424548250620154
7.68,3,seg3,0.12959847322778223,0.1989012568314623,0.08764754950863418,-0.6295070108779302,0.19496245554225217,0.0018170010028694256
7.68,4,seg4,-0.010921588540782061,0.1226770008646525,0.0870928615003392,-0.6638502455481493,0.12003652545345474,0.0012605077043217339
7.68,5,seg5,-0.16734679286336868,0.06281931041218082,0.08641522429475652,-0.6824347249373612,0.06166068685295899,0.0005812391673022943
7.68,6,seg6,-0.32765449258002505,0.04727765429185493,0.08603189722275749,-0.6975075179020201,0.047655739311102785,0.00019631394619086528
7.7,0,head,0.5913459109467161,0.3061007629837255,0.08624695422908159,-0.590188372805626,0.2982322503949686,-0.0011127564671726403
7.7,1,seg1,0.45208903343027973,0.3052768909212334,0.08478619823048818,-0.6018978884705853,0.29856749065089133,-0.0010405250691812307
7.7,2,seg2,0.2821354069290831,0.27519534498633597,0.08483406501782582,-0.6071846303441553,0.26991961695486405,-0.0009946087780576263
7.7,3,seg3,0.13193134850029853,0.20980466560791874,0.0852896169696275,-0.6319305583226168,0.20584606926962953,-0.0005409315361372541
7.7,4,seg4,-0.011503622137109447,0.13200445691503984,0.08586116687040558,-0.6633458678759789,0.12936850287749704,2.8813074388123194e-05
7.7,5,seg5,-0.16815224893275268,0.06654436679297948,0.0862130292556595,-0.6816603017493124,0.06539231829852592,0.0003790441282052748
7.7,6,seg6,-0.3282625189948537,0.041834291673320555,0.08642113825191261,-0.6968542054893972,0.04221762607124697,0.0005855549753459866
7.72,0,head,0.5937018550952627,0.3042421027430502,0.0863738112773086,-0.5925287650488307,0.2963540451695687,-0.0009858994189456266
7.72,1,seg1,0.4544598075347811,0.30449224777380496,0.08499804963924178,-0.6042620495855744,0.29776314188001135,-0.0008286736604276312
7.72,2,seg2,0.284458006558864,0.27704348665000156,0.08518410598030625,-0.6095225322655872,0.27174836276950326,-0.0006445678155772017
7.72,3,seg3,0.13311011808631684,0.21346093566829316,0.08579801038674492,-0.6331397195235788,0.20949240135561983,-3.253811901983428e-05
7.72,4,seg4,-0.009664855963207273,0.13546812091311702,0.08657072794701129,-0.6652133996733302,0.1328167421846671,0.0007383741509938285
7.72,5,seg5,-0.16647780586809904,0.06619447904610536,0.08710764392533006,-0.683331774570372,0.06502850568140786,0.0012736587978758318
7.72,6,seg6,-0.32776917526762905,0.03565622185165132,0.0874597107369412,-0.6972961098359866,0.036035663979564585,0.0016241274603745748
7.74,0,head,0.5943801715518802,0.30123736628672765,0.0882230175162081,-0.5931820485093261,0.29334376692537895,0.0008633068199538768
7.74,1,seg1,0.45658083455299103,0.30286189742033204,0.08686602094609132,-0.6063694331410138,0.29611519393275954,0.0010392976464219106
7.74,2,seg2,0.28531724909349243,0.2781937364439238,0.08673531998125912,-0.6103913189778795,0.2728914209352244,0.0009066461853756702
7.74,3,seg3,0.13341342892518945,0.21698491220839736,0.08666538845603514,-0.6334723511766824,0.21301373126114356,0.0008348399502703802
7.74,4,seg4,-0.0075076153849839376,0.13860795130590434,0.08661336341234913,-0.6673966994598527,0.1359385083273551,0.0007810096163316654
7.74,5,seg5,-0.1626564156511121,0.06298177381678209,0.08635531194721523,-0.6871262919171037,0.06178410493784132,0.0005213268197609977
7.74,6,seg6,-0.3237843641430115,0.02262729730968972,0.08630141810832427,-0.7011723385148902,0.0229740237439111,0.00046583483175764717
7.76,0,head,0.594919281601023,0.2962617549625359,0.08707213652970586,-0.5936797260859152,0.2883638407487977,-0.0002875741665483711
7.76,1,seg1,0.4584330878472634,0.3001211900578698,0.08568278996422127,-0.6081988103830919,0.2933591645391244,-0.00014393333544814035
7.76,2,seg2,0.28609069011263805,0.27972511946011863,0.08563534339424386,-0.6111774794553644,0.27441631327764976,-0.00019333040163958815
7.76,3,seg3,0.13403747911652245,0.22233001074547726,0.08591081110105309,-0.6341408689235505,0.2183534504517484,8.026259528833013e-05
7.76,4,seg4,-0.00787479575920766,0.1429002065803935,0.08628188932399511,-0.6670652577850401,0.14023367109315937,0.0004495355279776486
7.76,5,seg5,-0.15996302024818,0.06206772352544106,0.08647693565607911,-0.6898119860529082,0.060847668212885224,0.0006429505286248832
7.76,6,seg6,-0.31815550437405893,0.01294345908336041,0.08666851758518158,-0.7067204012419667,0.013243669944329984,0.0008329343086149604
7.78,0,head,0.595873030205087,0.29362190615259853,0.08765574501140207,-0.5946114692437163,0.28571614499081244,0.00029603431514783896
7.78,1,seg1,0.4599348093965206,0.29842054225326087,0.08633178458950375,-0.6096863248112908,0.2916460762773925,0.0005050612898343382
7.78,2,seg2,0.28737297295635683,0.28057887796177905,0.08626321127587305,-0.6124668240193348,0.2752593693052517,0.00043453747998960235
7.78,3,seg3,0.13448160341379112,0.22558136502436915,0.0863688486080751,-0.6346120400244261,0.22160099549870135,0.0005383001023103462
7.78,4,seg4,-0.007232079228277878,0.14553197837019433,0.08647839268147502,-0.6677298572330704,0.142860002158806,0.0006460388854575561
7.78,5,seg5,-0.15606005735749182,0.05931442747395003,0.08641800482922345,-0.6936918970750656,0.05806198177470746,0.0005840197017692172
7.78,6,seg6,-0.3102010643745934,0.0016251595593171197,0.08648930043003679,-0.7145803594342405,0.001859554825896614,0.0006537171534701652
7.8,0,head,0.5966453564660783,0.290961712972256,0.08744016062153087,-0.595361627009385,0.28304961561038544,8.04499252766433e-05
7.8,1,seg1,0.4612476736485702,0.29669752800288346,0.08601995318764792,-0.6109848023203089,0.28991219427169,0.00019322988797851326
7.8,2,seg2,0.288596463317986,0.2820634810605056,0.08587662394360783,-0.613702628883652,0.2767337374285383,4.795014772437933e-05
7.8,3,seg3,0.13447784359094916,0.2299341249566021,0.08599768215108822,-0.6346445099141521,0.22595363594677106,0.0001671336453234612
7.8,4,seg4,-0.0074165284114579046,0.1492505271854609,0.0861915138599746,-0.6675763652548716,0.14657995740118546,0.0003591600639571424
7.8,5,seg5,-0.15261671788526013,0.05768986063410849,0.08625581477804106,-0.6971215954181521,0.056408811059864825,0.00042182965058683297
7.8,6,seg6,-0.30213621010979635,-0.009377338859346001,0.08639733457431369,-0.7225533565930017,-0.009209689143965197,0.0005617512977470623
7.82,0,head,0.5981452938566775,0.28952696366501196,0.08742909733903967,-0.596849570509305,0.28160243148555336,6.93866427854406e-05
7.82,1,seg1,0.4624729597286025,0.29509536786530455,0.08614545934371251,-0.6121967106031332,0.2882998911369707,0.0003187360440431025
7.82,2,seg2,0.28999282986978947,0.2824299144791898,0.08612153555910426,-0.6151019970223931,0.27708853569435776,0.00029286176322081137
7.82,3,seg3,0.13457483668109502,0.23288212423973817,0.08620592799173177,-0.6347660369000104,0.22890072580366613,0.00037537948596701176
7.82,4,seg4,-0.007260052691044119,0.1523951835215802,0.08626162895205594,-0.6677590096577282,0.14972320240364378,0.00042927515603848054
7.82,5,seg5,-0.1493104172429303,0.056396310821097896,0.08615206776073366,-0.7004170148517898,0.05508778652884456,0.0003180826332794262
7.82,6,seg6,-0.29434954430838467,-0.019603451386744516,0.08620029574859915,-0.7302546370630455,-0.01950025865400586,0.0003647124720325273
7.84,0,head,0.5995857925485832,0.28911070118084253,0.0875000840143689,-0.5982865546006536,0.2811741936332771,0.00014037331811467268
7.84,1,seg1,0.4636140997342773,0.2939393175884305,0.0861053937342894,-0.6133281888588009,0.287134382787783,0.00027867043461998753
7.84,2,seg2,0.29109723095461687,0.282738716257396,0.08597928828185485,-0.6162089301189652,0.27738813444935767,0.00015061448597139537
7.84,3,seg3,0.13465497161029144,0.23619524901906616,0.08602254873193593,-0.6348737453793645,0.2322130688254179,0.00019200022617117674
7.84,4,seg4,-0.007451664263711541,0.15644381996301074,0.08609188220842806,-0.6676011029758665,0.15377329345317114,0.00025952841241060065
7.84,5,seg5,-0.147349825146634,0.05673335159901272,0.08601402850949773,-0.7023803443448732,0.05540849692044769,0.0001800433820434988
7.84,6,seg6,-0.28795147617041916,-0.02716742973563606,0.08607544727700411,-0.7365895258681054,-0.027117228404744904,0.00023986400043748968
7.86,0,head,0.6010159075526051,0.2885140048219263,0.0874327039987039,-0.5997116535479429,0.28056561458359747,7.299330244966984e-05
7.86,1,seg1,0.4647261850759653,0.29217788097846537,0.08603209445626714,-0.6144255746093163,0.2853637509083263,0.00020537115659773064
7.86,2,seg2,0.29180583467346016,0.2821289761048451,0.08589642749634957,-0.616912434205906,0.2767725174551176,6.775370046611939e-05
7.86,3,seg3,0.13497601133016107,0.2388122748798961,0.08593361392305124,-0.6352165564234972,0.23482733190437638,0.00010306541728648255
7.86,4,seg4,-0.007632351828956671,0.16010334240235324,0.08597196576745902,-0.6674508811876002,0.15743419305499007,0.0001396119714415639
7.86,5,seg5,-0.1459157401162337,0.05752869485741901,0.08585048708483106,-0.7038209996261042,0.056191876224232065,1.6501957376832688e-05
7.86,6,seg6,-0.28267494053383146,-0.03305711976220864,0.08587951493507465,-0.7418168567237481,-0.03305063291277957,4.393165850802294e-05
7.88,0,head,0.6023070744064096,0.2885360729984144,0.08752189768203161,-0.6010029593573403,0.28057693515076954,0.000162186985777385
7.88,1,seg1,0.46579803445664586,0.2908139878858371,0.08614011125955452,-0.6154860346898904,0.2839909836737348,0.00031338795988511414
7.88,2,seg2,0.29274329302331037,0.28161280323464255,0.08603984241202509,-0.6178455637904312,0.2762485596628921,0.0002111686161416354
7.88,3,seg3,0.1351796036573846,0.24111783128369968,0.08612613882102298,-0.6354393316713172,0.23713111387231142,0.00029559031525822066
7.88,4,seg4,-0.008408468809791039,0.16345286124425915,0.0862163722174386,-0.6667026703381529,0.16079005577043257,0.00038401842142113396
7.88,5,seg5,-0.14530022603350434,0.05874113735103856,0.08616365218633729,-0.7044465839813506,0.05739915357464412,0.0003296670588830569
7.88,6,seg6,-0.2781559387190441,-0.0374507093423289,0.08626490840267395,-0.7462991325791011,-0.0374816835731734,0.0004293251261073272
7.9,0,head,0.6033799211029003,0.28816056794881717,0.08756493021935834,-0.6020726434274123,0.2801925134206768,0.00020521952310410818
7.9,1,seg1,0.4671514262219526,0.2890509879975804,0.08616444289965593,-0.6168247054934933,0.282216780090215,0.000337719599986519
7.9,2,seg2,0.29363427572654843,0.281021936324227,0.08602477230389605,-0.6187315976329605,0.2756502972513145,0.00019609850801259598
7.9,3,seg3,0.13489789263721327,0.2435759716940265,0.08606536137886614,-0.6351780903939719,0.2395915139151418,0.00023481287310138377
7.9,4,seg4,-0.009403045703680434,0.16731857295222496,0.08610612019293101,-0.6657403036014492,0.1646639117913633,0.0002737663969135523
7.9,5,seg5,-0.1446910314838836,0.05989201622647789,0.08599190609103775,-0.7050653366063175,0.05854492203916529,0.00015792096358352437
7.9,6,seg6,-0.27260137245566585,-0.04227975612047984,0.08605442875636783,-0.7518133125448384,-0.04235679572184317,0.00021884547980120794
7.92,0,head,0.604664437304187,0.28824201142452693,0.0874299197580597,-0.6033577930165835,0.2802632625860916,7.020906180546516e-05
7.92,1,seg1,0.4684328633699441,0.28746032191420373,0.08607862927502706,-0.6180928585683514,0.28061550324606616,0.00025190597535765247
7.92,2,seg2,0.2942853768606328,0.28032043201186435,0.08598858976985213,-0.6193768373410007,0.2749433978905901,0.00015991597396868007
7.92,3,seg3,0.13460403261805354,0.24595646038057883,0.08606248626106322,-0.634904054215325,0.24197436604451056,0.00023193775529846417
7.92,4,seg4,-0.010451298263304347,0.17114936102441053,0.0861041698625539,-0.6647239723763765,0.16850329214807977,0.0002718160665364372
7.92,5,seg5,-0.14392074944466934,0.060891099191416824,0.08595821300042768,-0.7058439076890252,0.059537559062398764,0.00012422787297344806
7.92,6,seg6,-0.26571721387188507,-0.04718336092129623,0.08601682066775573,-0.7586564182010037,-0.0473175299843291,0.00018123739118910964
7.94,0,head,0.6059284211282854,0.28930443251207166,0.0874330362408136,-0.6046305759683615,0.2813151262808623,7.33255445593689e-05
7.94,1,seg1,0.4691260344192728,0.2863575770410079,0.08607625700873207,-0.6187768270652227,0.2795070270603858,0.0002495337090626659
7.94,2,seg2,0.29475706565858256,0.27939978495587925,0.0859940588107748,-0.6198408469240473,0.2740188566905239,0.00016538501489135604
7.94,3,seg3,0.13459184844127528,0.2478234394828309,0.08609369009333054,-0.634907409997391,0.2438413818883465,0.0002631415875657822
7.94,4,seg4,-0.011286751961020894,0.17472348402363103,0.08617014972418786,-0.6639182963264296,0.1720842451213843,0.0003377959281704035
7.94,5,seg5,-0.1434397400936096,0.06247552204479889,0.08606525384552519,-0.7063380880977888,0.06111792341839654,0.00023126871807095661
7.94,6,seg6,-0.2601313719445286,-0.050865635048069964,0.08617605205192974,-0.7642114177474819,-0.05104616952411025,0.0003404687753631175
7.96,0,head,0.6069424763293444,0.2920915634223416,0.08734241414073841,-0.605667794333115,0.2840937203004222,-1.7296555515813883e-05
7.96,1,seg1,0.4695822164211709,0.28599983986256206,0.0860102546635839,-0.6192300156902064,0.2791455053074273,0.00018353136391449643
7.96,2,seg2,0.2951576624105748,0.27821402357137476,0.08597496533329597,-0.6202315602820927,0.2728298020700325,0.000146291537412524
7.96,3,seg3,0.134927905953855,0.2490057320336117,0.08611621778269297,-0.6352532965140166,0.24502083635758382,0.00028566927692821875
7.96,4,seg4,-0.011392646907754564,0.17788289958364129,0.08620155897886464,-0.6638387019969199,0.1752444326416556,0.0003692051828471793
7.96,5,seg5,-0.14265935502020444,0.06380115292234186,0.08605379920946338,-0.7071294798401354,0.062437012951518225,0.0002198140820091482
7.96,6,seg6,-0.25428307378193715,-0.05466003599969253,0.08612543295362164,-0.7700279311659796,-0.05488911652208679,0.00028984967705501796
7.98,0,head,0.6074092298488641,0.29607202818983114,0.08747669772335091,-0.6061676625205116,0.2880701622286333,0.00011698702709668496
7.98,1,seg1,0.4699445958047329,0.28611226837899395,0.08608266228842261,-0.6195933183038931,0.2792549137157646,0.00025593898875320154
7.98,2,seg2,0.2954333992754951,0.2768115444901463,0.08597556135862425,-0.6204956142590572,0.2714250765134927,0.00014688756274079673
7.98,3,seg3,0.13545757006049555,0.24999559649694145,0.08608028795954228,-0.635791181270211,0.2460062579478998,0.00024973945377752826
7.98,4,seg4,-0.01174516206524341,0.18109280398886185,0.08613727340538381,-0.6635129162362986,0.1784571599666957,0.00030491960936634976
7.98,5,seg5,-0.14272940545616888,0.06564878096530612,0.08596539643470298,-0.7070748103016826,0.06428516004801471,0.00013141130724875216
7.98,6,seg6,-0.24935940150380007,-0.05698228758804018,0.08604401802214477,-0.7749321039561113,-0.05725226915876512,0.00020843474557814823
8.0,0,head,0.6073725953176583,0.300753846782032,0.08752349870421994,-0.606169997713913,0.2927521235661513,0.00016378800796570947
8.0,1,seg1,0.4703824809948237,0.2862534790801473,0.08610943550660033,-0.6200323636730508,0.2793924748499032,0.00028271220693092125
8.0,2,seg2,0.2959423539555553,0.2750421457411272,0.08597520952118032,-0.6209898239685281,0.2696515028436348,0.00014653572529686743
8.0,3,seg3,0.1357920415577345,0.2507357791755909,0.08606738246137363,-0.6361318019873766,0.24674363106055594,0.00023683395560887555
8.0,4,seg4,-0.012934953974358652,0.18414608941216615,0.08609893777152858,-0.6623485791311783,0.18152024268980607,0.0002665839755111171
8.0,5,seg5,-0.14300565278958074,0.06811812771322154,0.08591725251383578,-0.7068191257962033,0.06675672056402415,8.326738638154974e-05
8.0,6,seg6,-0.24446934049291447,-0.05861888688816075,0.08599196453764868,-0.7798083735732297,-0.05892951349940641,0.00015638126108205586
8.02,0,head,0.6070060036662311,0.3054495973211726,0.08768736964396295,-0.6058425031773323,0.2974507627194808,0.0003276589477087255
8.02,1,seg1,0.47096989567646674,0.2863167610745039,0.08624625558997641,-0.6206202847255086,0.2794508653890799,0.0004195322903070009
8.02,2,seg2,0.2968805305366846,0.2728693190583976,0.08606217495875995,-0.6219098828355003,0.26747094264686017,0.00023350116287650102
8.02,3,seg3,0.13616505066122372,0.25068482095316863,0.08611515321631774,-0.6365043740263417,0.24668956991474297,0.0002846047105529853
8.02,4,seg4,-0.013768344489811115,0.18680996067719965,0.08614848151986543,-0.6615373898403201,0.18419095828721035,0.00031612772384796706
8.02,5,seg5,-0.14304873672210383,0.07086506415989555,0.08602935695089527,-0.7067989070935197,0.06950392046053046,0.00019537182344103732
8.02,6,seg6,-0.23965182169582097,-0.05923192627537068,0.08618850746188038,-0.7846206229457277,-0.05958262958812985,0.0003529241853137549
8.040000000000001,0,head,0.6060823842929567,0.3114854567633639,0.08769487929567679,-0.6049691544213521,0.3034941006963639,0.00033516859942256394
8.040000000000001,1,seg1,0.47148582776420106,0.28714867274172773,0.08625161594097466,-0.6211431232406884,0.2802784539512546,0.00042489264130525506
8.040000000000001,2,seg2,0.2978810833522123,0.27060359255533023,0.0860533662705027,-0.6228915425376412,0.26519696666800036,0.00022469247461924524
8.040000000000001,3,seg3,0.13721667095830722,0.2499730007758369,0.08609579149249506,-0.6375500331608345,0.24596902138172416,0.00026524298673030744
8.040000000000001,4,seg4,-0.013655086240998267,0.18904836599810976,0.0861061110802396,-0.661669275216332,0.1864283433812871,0.0002737572842221453
8.040000000000001,5,seg5,-0.14263489043098043,0.07352451554744503,0.0859527422622284,-0.7072348746169832,0.07215983513421559,0.00011875713477417504
8.040000000000001,6,seg6,-0.23423318141374846,-0.058552016790226265,0.08609903326595464,-0.7900447346577477,-0.058947844941673426,0.0002634499893880149
8.06,0,head,0.6044491806617724,0.32015650128656636,0.08759664464866597,-0.6034081795780329,0.31217843859641903,0.00023693395241174142
8.06,1,seg1,0.47174748519162474,0.2895733497409673,0.08618328585992653,-0.6214249530607918,0.2827008690916604,0.0003565625602571232
8.06,2,seg2,0.29894094358461804,0.2682800790772518,0.0860173792235608,-0.6239320266205411,0.26286471207895107,0.0001887054276773492
8.06,3,seg3,0.1389618260112518,0.24814006434996908,0.08610288201975004,-0.6392798715745848,0.24412162289680472,0.0002723335139852845
8.06,4,seg4,-0.01199931425900929,0.19065709951855775,0.08614578199060928,-0.6633383799088898,0.18802323959145797,0.00031342819459181936
8.06,5,seg5,-0.14185149656407808,0.07637429452814798,0.08597132743038421,-0.7080419610800047,0.07500299493111989,0.00013734230292998528
8.06,6,seg6,-0.2304098444983706,-0.05670875756005431,0.0860976325102938,-0.793883281241298,-0.057136472566160466,0.0002620492337271768
8.08,0,head,0.6022719538418123,0.3308993686882325,0.08770146629205709,-0.6013204449158073,0.3229390557076578,0.0003417555958028645
8.08,1,seg1,0.47178496060516717,0.29311727246581637,0.08626320052104892,-0.6214919245163008,0.2862443571346012,0.0004364772213795165
8.08,2,seg2,0.300382052052285,0.2655110350211829,0.08605956165772027,-0.6253500374215211,0.2600837690791592,0.0002308878618368232
8.08,3,seg3,0.14147380296976433,0.24475667910068832,0.08612519389409483,-0.6417636003896181,0.2407174467618451,0.0002946453883300726
8.08,4,seg4,-0.008901842623258516,0.19110451102451537,0.08617394041919861,-0.666439468215314,0.18844485423167143,0.0003415866231811504
8.08,5,seg5,-0.14044668288797588,0.07989319045285215,0.08598751645711497,-0.70947601512672,0.07851007619399947,0.00015353132966074157
8.08,6,seg6,-0.2288022124448421,-0.05370434828526978,0.08609554398176851,-0.7955158643829097,-0.0541455482616199,0.0002599607052018865
8.1,0,head,0.5992896391463368,0.34495140514107653,0.08767199868377504,-0.5984551936672168,0.33701542827646636,0.00031228798752080955
8.1,1,seg1,0.4715090881774775,0.29889372987380364,0.08623819289868391,-0.6212641411719004,0.29202291063272,0.0004114695990145023
8.1,2,seg2,0.30210451801717625,0.263523843856923,0.08610595599205054,-0.6270559036156418,0.25808231004861204,0.00027728219616708627
8.1,3,seg3,0.14475343054112305,0.24100466632933376,0.0862817976920146,-0.6450118850071376,0.2369382664425616,0.00045124918624984967
8.1,4,seg4,-0.0049324027126432,0.19080669339060555,0.08638163318434758,-0.6704062917823417,0.18811400784183258,0.0005492793883301178
8.1,5,seg5,-0.13885750983116107,0.08341628657299513,0.08606627923493533,-0.7110944571277099,0.08201982301756675,0.00023229410748110135
8.1,6,seg6,-0.22862364442038022,-0.04965232225853286,0.08592555545923246,-0.795728152687966,-0.050095148881774895,8.997218266583451e-05
8.120000000000001,0,head,0.5952682026100732,0.3614857986271703,0.08766355803221972,-0.5945715181208598,0.35358272087412196,0.0003038473359654875
8.120000000000001,1,seg1,0.4707377854735622,0.3068935263107451,0.08624358036910695,-0.6205594503611676,0.30002884978778943,0.00041685706943754564
8.120000000000001,2,seg2,0.3041832383378282,0.26289036154732215,0.08606211769992565,-0.6291292792293421,0.25743154774779176,0.00023344390404220206
8.120000000000001,3,seg3,0.14885388233787,0.2374368885118487,0.08617528744036487,-0.649082498870471,0.2333364826808283,0.00034473893460011673
8.120000000000001,4,seg4,-0.0008746098964760099,0.18973483933904514,0.08629087659995464,-0.6744550226116299,0.18700841645384536,0.0004585228039371836
8.120000000000001,5,seg5,-0.1374434489464983,0.08686105745301974,0.08617264781269393,-0.7125371410933276,0.0854527048356059,0.0003386626852397018
8.120000000000001,6,seg6,-0.2296768984373071,-0.04469055720625303,0.08633450877985346,-0.7947162337059469,-0.04512478909280122,0.00049892550328684
8.14,0,head,0.5898852657439756,0.3797482529575495,0.08794972262059081,-0.5893407726770558,0.371889346712097,0.0005900119243365809
8.14,1,seg1,0.4698767490491951,0.31613898677779956,0.08643967633839515,-0.6197753970469049,0.30928115670942447,0.0006129530387257442
8.14,2,seg2,0.3070243824549087,0.2627861452290817,0.08617793367653016,-0.6319694574999696,0.25730368717794266,0.00034925988064671287
8.14,3,seg3,0.15276735544992112,0.2334776090580778,0.08622815889173828,-0.6529628819174548,0.2293447671349921,0.0003976103859735236
8.14,4,seg4,0.0024986837271899244,0.18788077965524363,0.0862601626998242,-0.6778127673812611,0.1851263438613414,0.0004278089038067395
8.14,5,seg5,-0.1365702062991831,0.09005197621496532,0.0860075456324243,-0.7134369126531909,0.08863624475312684,0.00017356050497006892
8.14,6,seg6,-0.23175915495047106,-0.03897243273766189,0.08599418562921099,-0.7926816433228686,-0.03938953133072697,0.00015860235264436584
8.16,0,head,0.5841040045242424,0.4004811819927898,0.08796239776761934,-0.5837322793246621,0.39266967707478473,0.0006026870713651128
8.16,1,seg1,0.4687734911921632,0.3276291788414757,0.08653835820962133,-0.6187678143967825,0.32078013356661067,0.000711634909951922
8.16,2,seg2,0.31068448817536387,0.26438342250848423,0.0863104790063073,-0.6356427311468782,0.2588704447552277,0.00048180521042384683
8.16,3,seg3,0.1567696665987231,0.2298738276484497,0.08627405488691348,-0.6569350588616027,0.2257077978880882,0.00044350638114872
8.16,4,seg4,0.005799420377437331,0.18539825357662867,0.08627079578680368,-0.6810927267395861,0.18261643056165977,0.0004384419907862147
8.16,5,seg5,-0.13537278514926643,0.09278164641539707,0.08617042276128882,-0.7146570123489427,0.09135585383270549,0.0003364376338345909
8.16,6,seg6,-0.23424744123422084,-0.03411340171826843,0.08642275506672531,-0.790233886691043,-0.03450995772763989,0.0005871717901586859
8.18,0,head,0.5786336655028536,0.4207971130577227,0.08748474832097569,-0.5784312265766398,0.4130304359948826,0.00012503762472146351
8.18,1,seg1,0.468740819666228,0.3388115295582062,0.08604220787606537,-0.618828218718906,0.3319623688663339,0.00021548457639596064
8.18,2,seg2,0.31537447999244045,0.26548946458566247,0.0859195920723171,-0.6403417664885612,0.25993741203513965,9.091827643364914e-05
8.18,3,seg3,0.1607929878403827,0.2251304725729366,0.08602596396321216,-0.6609187600904166,0.22093111957530717,0.00019541545744740374
8.18,4,seg4,0.009307197371523204,0.18156724414024633,0.08617353186894566,-0.6845684953592027,0.1787563573442882,0.0003411780729282027
8.18,5,seg5,-0.1340036243383466,0.09414690470407326,0.08607929439340593,-0.7160374892668908,0.09270966881261315,0.0002453092659517042
8.18,6,seg6,-0.23682281020109433,-0.029928329952007254,0.08612000697921024,-0.7876934407879951,-0.030303595211495653,0.00028442370264361583
8.2,0,head,0.573676575194966,0.43778739016029233,0.08806352617937939,-0.573615724152388,0.43006138419928985,0.0007038154831251614
8.2,1,seg1,0.46899528750668495,0.3483655554044266,0.08644062376633753,-0.6191621993289663,0.3415139457363675,0.0006139004666681214
8.2,2,seg2,0.3201532126845137,0.26626461342441415,0.0862043491742245,-0.6451267854881542,0.26067275891654934,0.0003756753783410449
8.2,3,seg3,0.1652236214131165,0.22037758166707935,0.08627213168230527,-0.6653096801709519,0.21614151555586184,0.0004415831765405137
8.2,4,seg4,0.013009390984891164,0.1774672428253601,0.08642108018532106,-0.6882364349476526,0.17462568336696266,0.000588726389303601
8.2,5,seg5,-0.13326655420728867,0.09512673544541289,0.08622013736305242,-0.7167826893487327,0.09368333071376461,0.00038615223559819445
8.2,6,seg6,-0.24083683739688516,-0.02506492281995881,0.08599768766563878,-0.7837200325194376,-0.02540694635843018,0.00016210438907215963
8.22,0,head,0.5685499291534317,0.45522414507156955,0.08791815095521323,-0.5686343880628272,0.4475402060197175,0.0005584402589590004
8.22,1,seg1,0.46887236636710866,0.35895643942527383,0.08635278632849998,-0.6191274341741975,0.35210548600837405,0.0005260630288305701
8.22,2,seg2,0.32420656166241385,0.26811511352164435,0.08612826247039264,-0.64919539643499,0.2624894574353945,0.000299588674509188
8.22,3,seg3,0.16994557868268517,0.2165455470426875,0.08613878595671272,-0.6699995784740871,0.21227031112802044,0.0003082374509479624
8.22,4,seg4,0.01709379110423152,0.17379823078756,0.08625217136254992,-0.6922901550808761,0.17092280249551137,0.0004198175665324627
8.22,5,seg5,-0.1329034937844724,0.09614788314521365,0.08608853425236906,-0.7171542365738194,0.09470142115913112,0.00025454912491483517
8.22,6,seg6,-0.24557400485764969,-0.019181518483289757,0.08600648531049238,-0.7790319988379627,-0.019484316677368947,0.00017090203392575165
8.24,0,head,0.5633655087522473,0.4711650643780117,0.0878007574089641,-0.5635828292385863,0.4635237249274017,0.0004410467127098777
8.24,1,seg1,0.4688261050620679,0.3693739593961866,0.08628757592933568,-0.6191678832273068,0.36252303016843196,0.00046085262966627516
8.24,2,seg2,0.32871343816355597,0.27047362654046014,0.08609306583175691,-0.6537217475687463,0.2648103764061232,0.00026439203587345916
8.24,3,seg3,0.17483111726658687,0.21296919325342237,0.08607713344639528,-0.6748551805484398,0.2086534171326279,0.00024658494063052594
8.24,4,seg4,0.021433447878645248,0.17002281520489848,0.08618626938050707,-0.6965982373922619,0.1671113971722874,0.0003539155844896058
8.24,5,seg5,-0.13253302659848717,0.09714478647758037,0.08603996712117631,-0.7175329885109393,0.0956952064277357,0.0002059819937220847
8.24,6,seg6,-0.2510115237802243,-0.013120779079269073,0.08602049617757634,-0.7736451139780883,-0.013378528795358178,0.00018491290100972058
8.26,0,head,0.5591392001053055,0.4849681518308736,0.08778388399760816,-0.5594715550383965,0.4773615113276516,0.00042417330135392783
8.26,1,seg1,0.4689110096834297,0.3783761397317327,0.08631162910583656,-0.6193277132837649,0.3715241919790787,0.0004849058061671546
8.26,2,seg2,0.33329326923142255,0.27267364021832974,0.08614823794128572,-0.6583197314952248,0.26697219429925495,0.00031956414540226796
8.26,3,seg3,0.17994629197837547,0.2098047520127186,0.08610095530819238,-0.679943839292033,0.20544651007338344,0.00027040680242762516
8.26,4,seg4,0.025762522325327414,0.16653435535010738,0.08618283341544071,-0.7008981261779449,0.16358702571736877,0.00035047961942324957
8.26,5,seg5,-0.13199275423838697,0.09852173600614696,0.08602543947368314,-0.7180847030009778,0.09706761137845964,0.00019145434622891422
8.26,6,seg6,-0.25657244540365826,-0.0066170350857202515,0.08603068599744344,-0.7681385179781112,-0.0068287245444425115,0.00019510272087681912
8.28,0,head,0.5556067308894052,0.49631160917143663,0.08797713256009693,-0.5560336238510544,0.48873397774210336,0.0006174218638426987
8.28,1,seg1,0.4692786062566797,0.3863977080218423,0.08659960438169598,-0.6197620635139028,0.3795424227659252,0.0007728810820265691
8.28,2,seg2,0.3376368041535171,0.27473840134521216,0.08647148478831529,-0.6626803017056823,0.26900073110409733,0.0006428109924318387
8.28,3,seg3,0.18556832123581432,0.206916417031768,0.08634805594251083,-0.6855416331553824,0.20251148097744257,0.0005175074367460702
8.28,4,seg4,0.029819328684732433,0.1629012846086901,0.08629111755152906,-0.704924552659378,0.15992031457006492,0.00045876375551159865
8.28,5,seg5,-0.13125784320441614,0.09986541460568571,0.08603813731064955,-0.7188307724967659,0.09840512650515078,0.00020415218319531914
8.28,6,seg6,-0.26175401365017215,0.0006169455312736057,0.08604596258153986,-0.7630173402356963,0.00044813354046954393,0.00021037930497323776
8.3,0,head,0.5520945939275292,0.5063010287998891,0.08758736256152974,-0.552604754071836,0.49875228411532924,0.0002276518652755133
8.3,1,seg1,0.4695863210032886,0.3930326830365905,0.08607301003801879,-0.620124992878467,0.38617460672657855,0.00024628673834938
8.3,2,seg2,0.3427441151529335,0.27583933085149687,0.08592825750309235,-0.6677965992200922,0.2700591124929624,9.958370720890286e-05
8.3,3,seg3,0.1922151697468056,0.2026420726488016,0.0859675362962661,-0.6921526745193155,0.19818196055224438,0.00013698779050135002
8.3,4,seg4,0.03436829071810534,0.15761315346136043,0.08614547843105384,-0.7094293421051487,0.1545945039595119,0.00031312463503638255
8.3,5,seg5,-0.13001518842115928,0.0998734497626634,0.0861174973803015,-0.7200734511142086,0.09840281832227774,0.00028351225284727055
8.3,6,seg6,-0.26666927033631344,0.007654643182948643,0.08615892229911626,-0.7581608310951455,0.007526498852609849,0.00032333902254963465
8.32,0,head,0.5484936412353786,0.514057349736712,0.08779492371634637,-0.5490684847574391,0.506538308396089,0.00043521302009214
8.32,1,seg1,0.46930016742437897,0.3984908869491229,0.08645596386838385,-0.619884279800978,0.39163500332717366,0.0006292405687144398
8.32,2,seg2,0.3467073735571107,0.27662961296887195,0.08643152163726225,-0.6717662981393586,0.2708163796138002,0.0006028478413788035
8.32,3,seg3,0.1977470294776739,0.1984740565709509,0.08642109523729732,-0.6976496507347346,0.19396804520055158,0.000590546731532568
8.32,4,seg4,0.03909653623703767,0.15280555333015064,0.08645697437039027,-0.7141174084581579,0.1497477154788431,0.0006246205743728056
8.32,5,seg5,-0.12867710461711077,0.10030145040782676,0.08629800471690686,-0.7214150509702085,0.09881966679011922,0.00046401958945263555
8.32,6,seg6,-0.27076852964538956,0.015991910218551956,0.08635721075914558,-0.7541311078478384,0.01589759669304291,0.0005216274825789596
8.34,0,head,0.545186147948387,0.521260590722821,0.087325615831532,-0.545821061199998,0.5137688293167901,-3.4094864722222784e-05
8.34,1,seg1,0.4688545383603435,0.40298602057590366,0.08601665004378624,-0.6194760807831026,0.39613369037419977,0.00018992674411683064
8.34,2,seg2,0.3506767690125673,0.27691209045722437,0.08606893179493585,-0.6757379072572324,0.2710658086149616,0.00024025799905240397
8.34,3,seg3,0.20322832065572083,0.19408764793964045,0.08613689731908906,-0.7030942423894528,0.18953616576066717,0.00030634881332430863
8.34,4,seg4,0.04365920434728038,0.1477810970170714,0.08625596824145992,-0.7186380981662531,0.1446854564883158,0.0004236144454424634
8.34,5,seg5,-0.12602320224823138,0.10126900216796998,0.08620399724649393,-0.7240769146888294,0.09976509565311106,0.00037001211903969766
8.34,6,seg6,-0.27379872134073324,0.025798876964073313,0.08633543770250626,-0.751182648019873,0.025729445100127625,0.0004998544259396387
8.36,0,head,0.5423196671271848,0.5261896635505225,0.08738575784490896,-0.5429957061143973,0.5187215901507521,2.604714865472868e-05
8.36,1,seg1,0.4678296228693285,0.40675377641509025,0.08605748155413596,-0.6184825611783615,0.39990984643854477,0.0002307582544665565
8.36,2,seg2,0.3533706704653971,0.277635369241251,0.08608514394341729,-0.6784377355026383,0.2717666400366679,0.000256470147533841
8.36,3,seg3,0.20788624247312784,0.19038407714655425,0.08609439043738393,-0.7077211767091516,0.18579395370421495,0.00026384193161917147
8.36,4,seg4,0.04812715123039733,0.14329035203335622,0.0861423890026414,-0.7230685121991925,0.14015767873827623,0.00031003520662394035
8.36,5,seg5,-0.1228814127405452,0.10269495422314939,0.08602639526245792,-0.7272304640760381,0.10116484807260055,0.00019241013500369275
8.36,6,seg6,-0.2756885778901294,0.03695973126304059,0.08609154705885194,-0.7493857527286494,0.036905642743861,0.0002559637822853178
8.38,0,head,0.5398766870124516,0.5302667587439183,0.08743099589587669,-0.5405867457498178,0.5228188779144068,7.128519962246171e-05
8.38,1,seg1,0.4663439942314245,0.4102206829929144,0.0861175871795344,-0.6170258403094186,0.40338899834365505,0.00029086387986498874
8.38,2,seg2,0.3547940328449567,0.278535598489974,0.0861733929114406,-0.6798685415081811,0.27265499094601375,0.0003447191155571544
8.38,3,seg3,0.2117916707107854,0.18736048986358098,0.08621424255273076,-0.7116013032620014,0.18273796487740854,0.0003836940469660044
8.38,4,seg4,0.052868005800315275,0.13946935541406003,0.08629851541874939,-0.7277773990213541,0.13629735464416728,0.0004661616227319282
8.38,5,seg5,-0.11913101537578238,0.10450757851300842,0.08621453969583373,-0.7309958186499871,0.10294619367103125,0.0003805545683795014
8.38,6,seg6,-0.2767955311519399,0.04889216359259314,0.08628809025513208,-0.7483781557261288,0.04884687530601074,0.0004525069785654562
8.4,0,head,0.5386146866840664,0.532765616945446,0.0876009798047294,-0.5393455880300626,0.5253281536375367,0.00024126910847517558
8.4,1,seg1,0.46507868539378405,0.4125391144396986,0.08612842944882537,-0.6157798724384123,0.4057178810998885,0.00030170614915596417
8.4,2,seg2,0.3559224753461016,0.2790519633086362,0.08604439823659503,-0.6810012428099231,0.27316194544620587,0.0002157244407115788
8.4,3,seg3,0.21572117059706444,0.18445635758413068,0.08604876547406623,-0.715506494896481,0.17980122655926736,0.00021821696830147397
8.4,4,seg4,0.05742043300659594,0.13586537520147926,0.08618759324815385,-0.7322996713123645,0.13265560778791813,0.0003552394521363911
8.4,5,seg5,-0.1156630157273764,0.10641652390265684,0.08619824508950544,-0.7344795870048442,0.10482620753020487,0.00036425996205120825
8.4,6,seg6,-0.2769863246733391,0.06171058537171876,0.08632505428800287,-0.748294061136442,0.06166644110112425,0.000489471011436246
8.42,0,head,0.5382065685944928,0.5339608391327957,0.08744838774516918,-0.538947432340629,0.5265267313359442,8.867704891495076e-05
8.42,1,seg1,0.46377164303245916,0.4145277501014298,0.08602241608531085,-0.6144894274807394,0.40771732685820045,0.0001956927856414381
8.42,2,seg2,0.3565709277567367,0.28026837798050663,0.08599427057532809,-0.6816597974139627,0.27437292067975505,0.0001655967794446378
8.42,3,seg3,0.21901635445251266,0.1823717395910465,0.08601895652040693,-0.7187842135840873,0.17768925377958272,0.00018840801464217738
8.42,4,seg4,0.06120017313732204,0.1324755548382692,0.0861430840784186,-0.7360510658227923,0.1292344447142971,0.0003107302824011393
8.42,5,seg5,-0.11253448208074224,0.10783399066870682,0.08613492239979569,-0.7376198103640759,0.10621758528777979,0.00030093727234145606
8.42,6,seg6,-0.275033476075057,0.07448991683605392,0.08628915247678652,-0.7503532090483989,0.0744290756332161,0.0004535692002198971
8.44,0,head,0.5382082558130792,0.5348716676976547,0.08716340071104735,-0.5389567006536462,0.5274375143066036,-0.00019630998520688003
8.44,1,seg1,0.4625388053360008,0.4159481610514116,0.08587799644126337,-0.6132684550793905,0.40914794995588155,5.1273141593963234e-05
8.44,2,seg2,0.3566767282195776,0.28086225132090964,0.08600637131051234,-0.6817705372327422,0.2749658928333298,0.0001776975146288856
8.44,3,seg3,0.22157976203841115,0.18010481938121714,0.08611145829687938,-0.7213286639839792,0.1754010759344438,0.000280909791114628
8.44,4,seg4,0.06544446356028691,0.12909979182963738,0.08623352706650979,-0.7402671115379363,0.1258234718895895,0.00040117327049232765
8.44,5,seg5,-0.10886711933854389,0.10902281110401689,0.0861441984416783,-0.7412969410485118,0.10737583976702036,0.00031021331422406706
8.44,6,seg6,-0.27186920540677456,0.08673208853806592,0.08626350793144318,-0.7536192660935523,0.0866444859096259,0.00042792465487655196
8.46,0,head,0.5382861514859332,0.5350131631113174,0.0874916306881333,-0.5390357713452949,0.5275783564652733,0.0001319199918790731
8.46,1,seg1,0.4613458462413109,0.417069937970885,0.08612679865674187,-0.6120848742602624,0.4102796174437551,0.0003000753570724657
8.46,2,seg2,0.35635471600961915,0.2813590098437655,0.08616292960555523,-0.6814526708766029,0.2754653143717272,0.0003342558096717796
8.46,3,seg3,0.22373357730233479,0.17812213408022323,0.08619469755056038,-0.7234659020391971,0.17340053233613503,0.0003641490447956197
8.46,4,seg4,0.06942508917149204,0.12535394083917925,0.08626998967035604,-0.744216421199586,0.1220446184796186,0.0004376358743385794
8.46,5,seg5,-0.10515069785106591,0.10857121316510357,0.08612028515271983,-0.7450094749882664,0.10689332436218564,0.0002863000252655984
8.46,6,seg6,-0.26808005362507287,0.09607203026514641,0.08620335301106223,-0.7574860263052079,0.09595256563396734,0.0003677697344956071
8.48,0,head,0.5388291690964888,0.5345116681316651,0.08740997642145096,-0.5395745960232206,0.5270723591269227,5.026572519672978e-05
8.48,1,seg1,0.4599448212218313,0.4178023542291414,0.0860303510565742,-0.6106899939352515,0.41102366956509523,0.00020362775690478674
8.48,2,seg2,0.35586205815278044,0.28203885476556106,0.08606346121591413,-0.6809656886784883,0.2761492363119286,0.0002347874200306771
8.48,3,seg3,0.22599400225944455,0.17635281626343466,0.08609344820469668,-0.725711522028773,0.17161246148031678,0.0002628996989319232
8.48,4,seg4,0.07249969236128337,0.12148268913852654,0.0861462327605883,-0.7472586960691591,0.11814790985291601,0.0003138789645708434
8.48,5,seg5,-0.10208658290691376,0.10781334836269377,0.08597042137776506,-0.7480671758114924,0.10610998208421171,0.00013643625031083129
8.48,6,seg6,-0.26451903214722583,0.10487650901190841,0.08604524833732975,-0.7611202072649307,0.10472709973664607,0.0002096650607631284
8.5,0,head,0.5400972789404956,0.5331378266759358,0.08745433282221987,-0.5408312269649038,0.525688010327602,9.462212596564323e-05
8.5,1,seg1,0.4586316029435721,0.4185366928161181,0.08601384172858362,-0.6093829333100852,0.4117689131015623,0.0001871184289142097
8.5,2,seg2,0.35497715956383946,0.2835199761109682,0.08599640692908539,-0.6800931486465162,0.27763767168004067,0.00016773313320193883
8.5,3,seg3,0.2276864309271785,0.17558812945052116,0.0860196151697904,-0.7273975273084727,0.1708337144650694,0.00018906666402564165
8.5,4,seg4,0.07562353396948059,0.11835626075431505,0.08612854406712547,-0.7503564070831735,0.1149955889131421,0.00029619027110801277
8.5,5,seg5,-0.09859753418934455,0.1067432711004121,0.08606592042333265,-0.7515471970322167,0.10501090128510304,0.00023193529587842154
8.5,6,seg6,-0.2609318083008285,0.11207203413263965,0.08625698804773506,-0.7647671977873692,0.11189251785533347,0.0004214047711684349
8.52,0,head,0.541764252515725,0.5309372400679666,0.08765502720238619,-0.5424798265247812,0.5234736251283754,0.0002953165061319596
8.52,1,seg1,0.4573319970064331,0.41936774183276704,0.0861604967395812,-0.6080902895101081,0.4126107504172784,0.000333773439911797
8.52,2,seg2,0.3533134934111569,0.2855814952041031,0.08607651470868548,-0.6784466988858053,0.2797129666528328,0.0002478409128020276
8.52,3,seg3,0.22868002170855653,0.1756980181557515,0.08603778288838358,-0.7283919983151816,0.17093532935129713,0.0002072343826188261
8.52,4,seg4,0.07928642323288063,0.11596998269898719,0.086105667055436,-0.7539993076165823,0.1125789059766327,0.00027331325941853946
8.52,5,seg5,-0.09457616754001812,0.1053362995943736,0.08599036378676106,-0.7555567136536729,0.10357050723907578,0.00015637865930683004
8.52,6,seg6,-0.25704063709509606,0.11805946753129716,0.0861315542917884,-0.7687080697597016,0.1178473562370418,0.00029597101522177427
8.540000000000001,0,head,0.5478778416967637,0.5249151978403578,0.08855162141019886,-0.5485430803146646,0.5174009059070409,0.00119191071394463
8.540000000000001,1,seg1,0.4569011777351594,0.4210737369045417,0.08696522443684453,-0.6076736847712791,0.4143202722571441,0.0011385011371751186
8.540000000000001,2,seg2,0.3463605573497437,0.28919934288595917,0.08665465404839422,-0.6715241163167203,0.2833885607942816,0.0008259802525107662
8.540000000000001,3,seg3,0.22746414166450998,0.18200405316324592,0.08667267214662952,-0.7272286477804261,0.1772512661250692,0.0008421236408647642
8.540000000000001,4,seg4,0.0827107441429053,0.11598382536065735,0.0869300529169399,-0.7574236251262685,0.11256424630752104,0.0010976991209224463
8.540000000000001,5,seg5,-0.08757194661601056,0.10092114138784024,0.08726400071321001,-0.7625239430073489,0.0990972033292794,0.001430015585755784
8.540000000000001,6,seg6,-0.25231832337708154,0.12077512102191783,0.08786499160511299,-0.7734528232558888,0.12052361014708293,0.002029408328546367
8.56,0,head,0.5605147783760368,0.5125632281206857,0.08788034906738518,-0.561076769378183,0.5049441822995275,0.0005206383711309492
8.56,1,seg1,0.4589471199231123,0.42043580456949015,0.08637765461505643,-0.6097142463485502,0.4136653329091772,0.0005509313153870266
8.56,2,seg2,0.33756289993506017,0.29473313469915385,0.08614549277043972,-0.6627728233854242,0.2889953869767876,0.0003168189745562655
8.56,3,seg3,0.22231881661964303,0.193266155230172,0.08627981125917607,-0.7221772394839877,0.18855580446162387,0.0004492627534113114
8.56,4,seg4,0.08439403531589708,0.12324906771998287,0.08626865983520958,-0.7591673292087262,0.11981522636441719,0.0004363060391921192
8.56,5,seg5,-0.08009527071707159,0.09626060106656247,0.08590395808388417,-0.7699615685668484,0.09437459339248269,6.997295642993673e-05
8.56,6,seg6,-0.24561356971044895,0.11203609502664921,0.08550735353685822,-0.7800846066230205,0.1117290807996574,-0.00032822973970840497
8.58,0,head,0.5751825985492511,0.49553693429449264,0.08888639789196648,-0.5756023655099509,0.4877963927310932,0.0015266871957122508
8.58,1,seg1,0.46274394576127875,0.4164983076399704,0.08726829373859636,-0.6134781674660501,0.4096963700301542,0.0014415704389269535
8.58,2,seg2,0.33335423459673097,0.30254623229500677,0.08686440779981956,-0.6586293350483905,0.2968432441601954,0.0010357340039361118
8.58,3,seg3,0.21682972492100575,0.20421516351676877,0.08688293066422852,-0.7167794704499398,0.19955012115651183,0.0010523821584637605
8.58,4,seg4,0.08432909238586808,0.1303629994131416,0.0869697805369259,-0.7591616003336832,0.12692945217606036,0.0011374267409084426
8.58,5,seg5,-0.07566977238805954,0.09288800773332948,0.08691557595780773,-0.77435884229338,0.09096528187497387,0.0010815908303535016
8.58,6,seg6,-0.23853917902036897,0.10237435955658739,0.08703104505253294,-0.7870783341674973,0.10200879731832553,0.0011954617759663139
8.6,0,head,0.589836231569544,0.47694420446102676,0.08801800667536071,-0.5901007369714405,0.46908233950110106,0.0006582959791064796
8.6,1,seg1,0.46892498457797077,0.41142999977605627,0.0864055734235128,-0.6196168068283758,0.4045767907278817,0.0005788501238433857
8.6,2,seg2,0.33227654186891553,0.3110818781948491,0.08608823446910706,-0.6576227248943438,0.30538756441054843,0.00025956067322360776
8.6,3,seg3,0.2112768410526546,0.21552010526445625,0.08609605478178306,-0.7113208740178021,0.21090088994815576,0.0002655062760183041
8.6,4,seg4,0.08172194220479209,0.1376337497544384,0.08616794280556801,-0.7566150575269955,0.13422165090655075,0.00033558900955055204
8.6,5,seg5,-0.07284220512517504,0.08962176431246142,0.08604507235189522,-0.7771591254942604,0.08767561673935427,0.00021108722444099226
8.6,6,seg6,-0.2315093089000232,0.0891593535120152,0.0860508203142584,-0.7939979675388105,0.08873573690756088,0.00021523703769177338
8.620000000000001,0,head,0.6035551011648983,0.4576473746634504,0.0884903458491515,-0.6036585169114312,0.4496719910681411,0.0011306351528972691
8.620000000000001,1,seg1,0.477582737758026,0.40540507392775693,0.08690260413233894,-0.6282241124865451,0.3984800119961614,0.0010758808326695318
8.620000000000001,2,seg2,0.3331934332868346,0.31685352264444294,0.08658007239537237,-0.6585876240184769,0.311151377315649,0.0007513985994889172
8.620000000000001,3,seg3,0.2085437979757181,0.2244066321772789,0.08656082967883814,-0.7086618913641707,0.21980985713180634,0.0007302811730733882
8.620000000000001,4,seg4,0.07952773449343539,0.14284919493185902,0.08659408022983382,-0.7544643358436307,0.13945517860012033,0.0007617264338163621
8.620000000000001,5,seg5,-0.07090413504329492,0.08751345776182033,0.08648150201179018,-0.7790795802500804,0.08555125196742737,0.0006475168843359524
8.620000000000001,6,seg6,-0.227338262498666,0.08009619761759502,0.08649374237605005,-0.7980934335583473,0.07963817784319994,0.0006581590994834269
8.64,0,head,0.6162347834038306,0.44097367155260103,0.08820542753159612,-0.6161989787166137,0.43289332798658986,0.0008457168353418892
8.64,1,seg1,0.4866772931754378,0.3991355633983461,0.08663587281198343,-0.6372661694852926,0.3921350213939747,0.0008091495123140197
8.64,2,seg2,0.33550517370351507,0.3212458211962377,0.08632925512678924,-0.6609358430333837,0.31552428227458384,0.0005005813309057888
8.64,3,seg3,0.20690273828230749,0.23164486783799332,0.08631408504532148,-0.707081134948621,0.22706150119033872,0.0004835365395567254
8.64,4,seg4,0.07807227786211955,0.14774145501755132,0.08635750111089525,-0.7530496496646695,0.14435938350677519,0.0005251473148777941
8.64,5,seg5,-0.07028911293279365,0.08621021658689028,0.08624741843751821,-0.7796837337125466,0.08424293688680543,0.0004134333100639792
8.64,6,seg6,-0.2257939400932335,0.07136281163063259,0.08623202276761821,-0.7995650113643762,0.07089224042920216,0.0003964394910515867
8.66,0,head,0.6286005072140265,0.42363756213606485,0.08775252616948205,-0.6284199795232164,0.4154548947335636,0.00039281547322782273
8.66,1,seg1,0.49598146721354597,0.39172258133126253,0.08623209577982663,-0.6465083203197987,0.38464485413271127,0.0004053724801572206
8.66,2,seg2,0.3386532913249871,0.32511793990282295,0.08600433167813079,-0.664116080637697,0.31937006393971606,0.00017565788224734036
8.66,3,seg3,0.20569104561773716,0.23891646182343704,0.08606356256198826,-0.7059300083420283,0.23434292864227668,0.0002330140562235017
8.66,4,seg4,0.0772326988289257,0.15347407602142576,0.08621212292732748,-0.7522578143753303,0.1500987940515486,0.00037976913131002044
8.66,5,seg5,-0.06996109564756675,0.08560157337435681,0.08616918040361936,-0.7800066736795326,0.08363158455199256,0.0003351952761651289
8.66,6,seg6,-0.22640761412202723,0.06182561107616434,0.08614943895077093,-0.798871977051747,0.06136047807005348,0.00031385567420430527
8.68,0,head,0.6389578972369632,0.40897443863912986,0.0881272088312083,-0.6386549643314887,0.40070607089109617,0.0007674981349540672
8.68,1,seg1,0.5041018188459371,0.38529008344508897,0.0867249464755303,-0.6545748506775089,0.37814499046716343,0.0008982231758608988
8.68,2,seg2,0.34254293072119035,0.32771922716781643,0.0865181714579611,-0.6680272367446204,0.3219388862328173,0.0006894976620776538
8.68,3,seg3,0.20585473647245595,0.24409106472929054,0.08643072182154152,-0.706136763602737,0.23951598984347577,0.0006001733157767614
8.68,4,seg4,0.07775935567685685,0.1573075524783085,0.0864443042124684,-0.7528163603796628,0.15392775416390095,0.0006119504164509432
8.68,5,seg5,-0.07005624554289734,0.08344427077752535,0.08630229293952817,-0.7798935710767987,0.08147514865029465,0.000468307812073937
8.68,6,seg6,-0.2277133519339292,0.05227211974740039,0.08638035373855936,-0.7974867673349995,0.051818185796035095,0.0005447704619927357
8.700000000000001,0,head,0.6472706102837475,0.39817606985360277,0.08731820660581195,-0.6468775107306213,0.3898388864658187,-4.150409044227643e-05
8.700000000000001,1,seg1,0.5109410653952557,0.37886559638977896,0.08592993764275425,-0.6613603870063842,0.37166380045213876,0.00010321434308484256
8.700000000000001,2,seg2,0.3473220155055907,0.32832861029290905,0.0858377083654049,-0.6728112280968461,0.3225084702120601,9.034569521448876e-06
8.700000000000001,3,seg3,0.2072740757135856,0.24875551389888054,0.08590533202686568,-0.7075948775619048,0.24416846376807458,7.478352110092124e-05
8.700000000000001,4,seg4,0.07681030243483129,0.16122711074811233,0.08605355408153076,-0.7518999639021429,0.15785507597175394,0.0002212002855132983
8.700000000000001,5,seg5,-0.07130080879682474,0.08219117248016775,0.08600262600090185,-0.7786386209476507,0.08023245270635011,0.00016864087344761747
8.700000000000001,6,seg6,-0.22860781138109992,0.04186142788180925,0.08607863644733059,-0.7965056869488234,0.04141529946104243,0.0002430531707639655
8.72,0,head,0.6523604236417236,0.39151438903527863,0.08806245755850217,-0.6519117002193874,0.383135072064105,0.0007027468622479438
8.72,1,seg1,0.5158497573088509,0.3757861590941664,0.08644381696362952,-0.6662432776226332,0.3685436130238671,0.0006170936639601082
8.72,2,seg2,0.35017238409689755,0.33018305150765054,0.08615653427674272,-0.6756769331314184,0.3243391225491771,0.00032786048085926833
8.72,3,seg3,0.20769692481055707,0.2533856547295699,0.08618743272510591,-0.7080562503345176,0.24879492468712675,0.0003568842193411581
8.72,4,seg4,0.07520015035830462,0.16449280283448348,0.08633336725618884,-0.7503170491276521,0.16113405680867854,0.0005010134601713817
8.72,5,seg5,-0.07141291949319119,0.08152731543245814,0.08626112449472877,-0.7785209886144304,0.07956955179202412,0.00042713936727453716
8.72,6,seg6,-0.2280902532379713,0.03431065417540178,0.08614283374966278,-0.7969603793656882,0.033860479489472156,0.0003072504730961545
8.74,0,head,0.6572019645681028,0.3839407682361003,0.08768688090589512,-0.656690035473073,0.37552141573141656,0.0003271702096408896
8.74,1,seg1,0.5206691318567698,0.37211817138476494,0.08624522147484606,-0.6710319552509239,0.3648356389895196,0.0004184981751766542
8.74,2,seg2,0.3525654167450906,0.331633371079455,0.08608217378218429,-0.6780819544155008,0.32576947381313576,0.0002534999863008369
8.74,3,seg3,0.20772963158742974,0.25789972679797685,0.08613379197169056,-0.7081265282195375,0.2533085681589679,0.00030324346592580653
8.74,4,seg4,0.07413267097855432,0.16815006692341644,0.08624826345053282,-0.7492800474461075,0.16480007922469064,0.00041590965451536455
8.74,5,seg5,-0.07121856593464164,0.08009748666118345,0.08618417982694124,-0.7787034344628441,0.07813815487527656,0.0003501946994870081
8.74,6,seg6,-0.22527832715695853,0.02548755681180263,0.086203726727627,-0.7996987702377962,0.025014283086322208,0.00036814345106037094
8.76,0,head,0.6612295887320051,0.37838843118266186,0.08758551635931035,-0.6606713060278787,0.36993574764887865,0.0002258056630561195
8.76,1,seg1,0.5245493220775063,0.3689459636436356,0.08619983693722377,-0.6748856076397066,0.36163124491780063,0.0003731136375543648
8.76,2,seg2,0.35481008645138473,0.33250960842973265,0.08606914033346157,-0.6803338396046829,0.3266269976196173,0.00024046653757811565
8.76,3,seg3,0.20790124106992952,0.26182743338919184,0.08610909628635852,-0.7083308234684169,0.25723471032812606,0.0002785477805937603
8.76,4,seg4,0.07354866856981451,0.17167054729812986,0.08618319851320735,-0.7487253674881096,0.16832529851237873,0.00035084471718989374
8.76,5,seg5,-0.06994160690754898,0.07852343079806798,0.08608191296519023,-0.779967247824746,0.0765535249490216,0.0002479278377360006
8.76,6,seg6,-0.22080372302593282,0.015741486136793784,0.08612111771867763,-0.8040920993271312,0.015231306277496614,0.00028553444211100454
8.78,0,head,0.6643589074406075,0.37511374600950576,0.08750145353663188,-0.663773259958136,0.3666351294678669,0.0001417428403776566
8.78,1,seg1,0.5275874253130374,0.36655425985140744,0.0861270664878447,-0.6779036986273523,0.3592143367505647,0.0003003431881752894
8.78,2,seg2,0.35688939008604964,0.33296123284348667,0.08601085337375064,-0.6824168302446958,0.3270612995991941,0.0001821795778671892
8.78,3,seg3,0.20827270887798816,0.2652433452348582,0.08606648300734673,-0.7087307102685463,0.2606474119876428,0.00023593450158197748
8.78,4,seg4,0.07321269308253403,0.17509772169037333,0.08614980305247028,-0.7484179292408065,0.1717551506326555,0.00031744925645281474
8.78,5,seg5,-0.0680274084450864,0.07755217668883992,0.08606040310387025,-0.7818732958834076,0.07556637192334643,0.00022641797641602401
8.78,6,seg6,-0.2156835620799091,0.006399180437181929,0.08610958774379099,-0.8091343235502356,0.005846707256810548,0.00027400446722436467
8.8,0,head,0.6665550647465208,0.3724240825648526,0.08752524527556689,-0.6659469541559284,0.3639272797874413,0.00016553457931266224
8.8,1,seg1,0.5298847814239521,0.3644415113660967,0.08614590421052754,-0.6801833899947968,0.35708253973133613,0.0003191809108581273
8.8,2,seg2,0.3586421995916918,0.3332958728561007,0.08601961580200701,-0.6841723643622407,0.32738133875769426,0.0001909420061235595
8.8,3,seg3,0.20879377574105445,0.26848367144870544,0.08606299046031811,-0.7092787294794035,0.2638832889309852,0.00023244195455335293
8.8,4,seg4,0.07327298686297294,0.17834825570990231,0.08612053750711415,-0.7485052762933502,0.1750050702077349,0.00028818371109669283
8.8,5,seg5,-0.06557713649798234,0.07666197985235114,0.08600402823271996,-0.784316073525992,0.07465581143069877,0.0001700431052657353
8.8,6,seg6,-0.2101505350204863,-0.002584190470972644,0.08601935307524344,-0.8145923871281671,-0.003182405838591211,0.00018376979867681942
8.82,0,head,0.6684278770458987,0.37010845445180357,0.08755852480912275,-0.6678004277780287,0.3615961437986061,0.00019881411286852557
8.82,1,seg1,0.5318194971856279,0.3621419297143633,0.08616855963767835,-0.6820988984953253,0.354766934403249,0.0003418363380089384
8.82,2,seg2,0.3606095441154695,0.33334332811559964,0.08603725499984928,-0.6861400357247538,0.3274124174591755,0.0002085812039658297
8.82,3,seg3,0.209409403653643,0.2716553170406856,0.08606218663811897,-0.7099207348107547,0.2670497005660049,0.00023163813235421715
8.82,4,seg4,0.07313922381209587,0.18182807589602434,0.08608632324518703,-0.7484004816676806,0.1784858832116091,0.0002539694491695693
8.82,5,seg5,-0.06365554978263323,0.07649363517574004,0.08593381088385371,-0.786236192484838,0.07447147852997925,9.982575639948255e-05
8.82,6,seg6,-0.20497167804159522,-0.010431193051720992,0.08590706398239463,-0.8197057512951706,-0.011072242085476983,7.148070582800592e-05
8.84,0,head,0.6699313163644774,0.3685888435724748,0.08761264146858375,-0.6692911667513163,0.3600640718934702,0.0002529307723295182
8.84,1,seg1,0.5338557229927561,0.360338653766391,0.08619680243575376,-0.6841200444554251,0.3529467726824962,0.0003700791360843475
8.84,2,seg2,0.36250346429521113,0.33358059309339827,0.08603901155164341,-0.6880358651410086,0.32763391044114865,0.0002103377557599595
8.84,3,seg3,0.20971551685528653,0.27483822656941215,0.0860511792901378,-0.7102533299064733,0.27022995194955657,0.00022063078437303818
8.84,4,seg4,0.07232902249402653,0.185453705636272,0.08607608568062515,-0.7476204858317254,0.18211813095714602,0.00024373188460768969
8.84,5,seg5,-0.06264751283519991,0.07721077346054439,0.0859441046726411,-0.787250163513272,0.07518020172018508,0.00011011954518687361
8.84,6,seg6,-0.19991438214186597,-0.01582836124060668,0.08593746601830843,-0.824717949444306,-0.016511317005684697,0.00010188274174180445
8.86,0,head,0.6717838517524374,0.3664475864642468,0.08757187595110358,-0.6711258155168097,0.3579074696412952,0.00021216525484935023
8.86,1,seg1,0.5362187686102641,0.3582970611759616,0.0861929352215524,-0.6864660153100296,0.35088558233599965,0.0003662119218829918
8.86,2,seg2,0.36419739226063147,0.33399562200623967,0.08606149108464141,-0.6897331888636297,0.32803482580740545,0.00023281728875795826
8.86,3,seg3,0.20943203764815854,0.27830208549758734,0.08607412304675699,-0.7099986914594143,0.2736960503896512,0.00024357454099223352
8.86,4,seg4,0.07117661825425685,0.18950914817981254,0.08608896545145989,-0.7465018764140526,0.18618302489503685,0.00025661165544242637
8.86,5,seg5,-0.061674152171336115,0.07790840247048661,0.08594074818957805,-0.7882292970766228,0.07586970493447211,0.00010676306212381581
8.86,6,seg6,-0.19350412461559707,-0.0210253419392721,0.08595485155581914,-0.8310847285859585,-0.02176147255505664,0.00011926827925251571
8.88,0,head,0.6737817832879065,0.3656593234407633,0.08735232649665418,-0.6731171168484299,0.35710260442219643,-7.384199600043995e-06
8.88,1,seg1,0.5381190100979227,0.35689295375178914,0.08602974073794531,-0.6883545040839414,0.3494657071582187,0.00020301743827590146
8.88,2,seg2,0.36530079610599053,0.33432566156273186,0.08596964663474872,-0.6908393015249247,0.3283556699054019,0.000140972838865272
8.88,3,seg3,0.2088174521639071,0.28157738434503804,0.08605381767052418,-0.7094113887514939,0.2769763511970114,0.00022326916475942649
8.88,4,seg4,0.0699039744268985,0.19377188225066733,0.0861512228196398,-0.745264756935607,0.1904562039769339,0.0003188690236223396
8.88,5,seg5,-0.06036453920565077,0.07915916399705307,0.08609227566163909,-0.7895492752144384,0.07710952275648565,0.00025829053418485737
8.88,6,seg6,-0.18638870996501805,-0.025975068845500573,0.08620854223474678,-0.838158698407431,-0.02677025215249448,0.0003729589581801529
8.9,0,head,0.6755999361473913,0.3657667269230551,0.0873397585229984,-0.6749361006851816,0.3571948710456177,-1.9952173255829986e-05
8.9,1,seg1,0.5392121912843392,0.3556056981439648,0.08599549864624537,-0.6894369331125991,0.3481693972014567,0.00016877534657595838
8.9,2,seg2,0.36589051071104906,0.3338288273585135,0.08591881899532783,-0.6914248603730847,0.32785394450520133,9.014519944437749e-05
8.9,3,seg3,0.20890276529394275,0.2838496536616875,0.08599188205954557,-0.7095156118389261,0.279247831711035,0.0001613335537808125
8.9,4,seg4,0.06961251174496778,0.1970543875482485,0.08605843313557038,-0.745000625818969,0.1937410215178036,0.0002260793395529176
8.9,5,seg5,-0.058137843524159454,0.07971425064724862,0.08595598427701938,-0.791780513948955,0.07764605659172108,0.00012199914956514957
8.9,6,seg6,-0.1780642069532908,-0.031553758866316214,0.08604459165676867,-0.8464364796218548,-0.03241803675353726,0.00020900838020204704
8.92,0,head,0.676816907238861,0.3663362663772118,0.08754845658282011,-0.676157770102202,0.3577542614841347,0.00018874588656588032
8.92,1,seg1,0.5400930173596994,0.3544200455862439,0.0861341764928987,-0.6903078600647715,0.34697645428305723,0.0003074531932292929
8.92,2,seg2,0.3667055692360523,0.33319127748198346,0.08598804527086079,-0.6922345841083042,0.32720963268876585,0.0001593714749773406
8.92,3,seg3,0.2090953117972393,0.2859558421546455,0.08602818429134367,-0.7097256822348054,0.2813523446125339,0.00019763578557890904
8.92,4,seg4,0.06912342241946351,0.20027064316730755,0.08609512009918513,-0.7445383234846648,0.19696123659246875,0.00026276630316766914
8.92,5,seg5,-0.056804492362131316,0.08057702241167829,0.08602426668368379,-0.793121000082858,0.07849770050994302,0.0001902815562295629
8.92,6,seg6,-0.17131019383298443,-0.036233192075028495,0.08615687700836994,-0.8531513101833336,-0.03715352394178997,0.00032129373180331267
8.94,0,head,0.6776629423792977,0.3664478552102295,0.08742485206357176,-0.6770047047300403,0.3578588045977872,6.514136731752829e-05
8.94,1,seg1,0.5412600502631929,0.35264093152395004,0.08603762628786436,-0.6914600443379431,0.3451876882153471,0.00021090298819495534
8.94,2,seg2,0.36766807058587125,0.3321353284978538,0.08591906132324406,-0.6931882630750902,0.32614570903845114,9.038752736061084e-05
8.94,3,seg3,0.20915221305357534,0.2879906514425601,0.08597766963368704,-0.7097995179677191,0.28338660980559516,0.00014712112792228393
8.94,4,seg4,0.06839349154714355,0.2035556112497463,0.0860415267592249,-0.7438357598647279,0.2002521663609177,0.00020917296320743795
8.94,5,seg5,-0.05552262249173966,0.08114215335125209,0.08594803948955732,-0.7944075293370717,0.07905214241077017,0.00011405436210308595
8.94,6,seg6,-0.16351110382022974,-0.04129319589845558,0.08607804158085375,-0.8609080138102666,-0.042278267111742755,0.00024245830428712423
8.96,0,head,0.6783626025763334,0.3672960398718774,0.08749567892222121,-0.6777114004361875,0.3587011363557345,0.00013596822596698144
8.96,1,seg1,0.5421518450007506,0.35108234482131984,0.08610049903156677,-0.6923388355076944,0.343621732774274,0.00027377573189736604
8.96,2,seg2,0.3685234186524957,0.33072728819340597,0.0859734876277089,-0.6940318618880893,0.3247305981393867,0.00014481383182544938
8.96,3,seg3,0.20935988151309248,0.2895904288734671,0.08602286820106997,-0.7100204947550693,0.2849846033215298,0.00019231969530521253
8.96,4,seg4,0.06767020597977387,0.2067638639063375,0.08605808898791431,-0.7431392027895408,0.2034663280496654,0.00022573519189685032
8.96,5,seg5,-0.05447700548562374,0.08224662196780633,0.08592086536640096,-0.7954623030117163,0.0801478697233911,8.688023894673491e-05
8.96,6,seg6,-0.15582115215980463,-0.044785847988283695,0.08603233873729545,-0.8685686284961162,-0.04583480444311379,0.000196755460728823
8.98,0,head,0.6788043093956815,0.36975943362132235,0.08748373821435965,-0.6781735956647413,0.3611607682895324,0.00012402751810541846
8.98,1,seg1,0.5428166499115687,0.35013688030550244,0.08608370872096358,-0.692995747949486,0.3426707675993659,0.00025698542129416746
8.98,2,seg2,0.3692736186597865,0.3286909582905333,0.08595396081371048,-0.6947650868043554,0.3226880945907079,0.00012528701782703322
8.98,3,seg3,0.2102055834313408,0.2901972136463308,0.08602717090341783,-0.710871217865705,0.2855843279950923,0.00019662239765307066
8.98,4,seg4,0.06740767804909964,0.20951815310553423,0.08608826648670363,-0.742899608889798,0.20622270695511052,0.00025591269068617195
8.98,5,seg5,-0.05389291798154748,0.0842628918064819,0.08599491588141224,-0.7960631524202598,0.0821592081491678,0.0001609307539580107
8.98,6,seg6,-0.15026172626433904,-0.046272348310166175,0.08616279624832507,-0.8741154891387906,-0.04736752636895098,0.0003272129717584449
9.0,0,head,0.6787416809769236,0.3741242667124662,0.08745680791695631,-0.6781472994869799,0.3655259714627424,9.709722070208593e-05
9.0,1,seg1,0.5434126142242006,0.34987881638271784,0.08607865120190689,-0.6935895436594344,0.3424077521910982,0.0002519279022374782
9.0,2,seg2,0.3702584894587434,0.3259150763178115,0.08598410926282868,-0.6957268188261717,0.3199041113409011,0.00015543546694522792
9.0,3,seg3,0.2116276103254742,0.2893932156963798,0.08609623859241328,-0.7122865035377712,0.2847685218554932,0.0002656900866485207
9.0,4,seg4,0.06798776892496898,0.21148536891416103,0.08614846222636528,-0.7434960535142884,0.208185026315428,0.0003161084303478223
9.0,5,seg5,-0.05302981618874799,0.08666307341513714,0.08599713315220239,-0.7969462018879061,0.0845521227103058,0.0001631480247481637
9.0,6,seg6,-0.14524049806086936,-0.04612218928549697,0.0860987545725377,-0.8791377932353676,-0.0472591660292598,0.0002631712959710736
9.02,0,head,0.6778106438734997,0.3796433811926006,0.08764147993372062,-0.6772622322041142,0.371052644117914,0.00028176923746639493
9.02,1,seg1,0.5438709049604228,0.35004144832476297,0.08623970218944998,-0.6940491721645515,0.342566563981422,0.00041297888978057695
9.02,2,seg2,0.3712714798866677,0.32289468521268766,0.0861115081135736,-0.6967146343656783,0.3168753933786687,0.00028283431769014766
9.02,3,seg3,0.21311345814270216,0.2882171954301222,0.0862130259639028,-0.7137625114469986,0.28358017508191136,0.00038247745813804745
9.02,4,seg4,0.06900205326757217,0.21358504975409617,0.08625071046758005,-0.7445277791191127,0.21027619217052465,0.00041835667156259193
9.02,5,seg5,-0.05205282966898077,0.08873848795179579,0.08605038604811015,-0.7979404289847366,0.08661933354586322,0.0002164009206559181
9.02,6,seg6,-0.13940731038387902,-0.046130871596961845,0.08612761403598268,-0.8849707065859349,-0.04731639975343532,0.0002920307594160565
9.040000000000001,0,head,0.6764787062655376,0.3857364706948357,0.08752210173029872,-0.6759810557038257,0.37715660875154144,0.0001623910340444873
9.040000000000001,1,seg1,0.5441958928278544,0.35062897631945905,0.08614053783531082,-0.6943790389807264,0.34315136663369766,0.0003138145356414157
9.040000000000001,2,seg2,0.37240547268669494,0.3201136339645791,0.08604451423528899,-0.697825440197276,0.3140849998366309,0.00021584043940553466
9.040000000000001,3,seg3,0.2145659749049636,0.2871685946105849,0.08618986185952598,-0.7152062500136033,0.2825195207675988,0.00035931335376122864
9.040000000000001,4,seg4,0.0695201915886538,0.21571421037271576,0.0862419425450534,-0.7450636212595853,0.2124009663844437,0.0004095887490359329
9.040000000000001,5,seg5,-0.05126307835417822,0.09144356634379022,0.08601082027286147,-0.7987526682805313,0.08931774485113193,0.000176835145407242
9.040000000000001,6,seg6,-0.133797120681986,-0.04602927509868305,0.08603531955995283,-0.8905815475761016,-0.04726150239575906,0.0001997362833862093
9.06,0,head,0.67470836818874,0.3926192385048008,0.08747494744413235,-0.6742680666966314,0.38405387330300067,0.00011523674787812521
9.06,1,seg1,0.5443911303641049,0.35196543928537655,0.08608470906245679,-0.6945853936146669,0.3444861582728236,0.00025798576278737717
9.06,2,seg2,0.37351571494208297,0.3174338673687679,0.0859542158459141,-0.6989133393354419,0.31139608512271794,0.00012554205003065255
9.06,3,seg3,0.21631353056340377,0.2855577703208273,0.0860922629684812,-0.7169403376686772,0.2808942067437799,0.0002617144627164447
9.06,4,seg4,0.07084165037723456,0.2176793398882608,0.0861864159695354,-0.7464013907509882,0.21435502885287383,0.00035406217351793834
9.06,5,seg5,-0.050956456722694166,0.09451016139110006,0.08603222656799851,-0.7990848036613255,0.0923816815505275,0.0001982414405442834
9.06,6,seg6,-0.1305094569185895,-0.04444710158756057,0.0861656172048079,-0.8938822664531836,-0.0457067480955557,0.00033003392824128286
9.08,0,head,0.672201433138704,0.4017864551049759,0.08754945751905073,-0.6718375205185207,0.39324163847276766,0.00018974682279650212
9.08,1,seg1,0.5444463293397198,0.3543710923479146,0.08612477490524811,-0.6946606137915906,0.3468912685632656,0.0002980516055787058
9.08,2,seg2,0.37553347879831794,0.3141326716403916,0.08596825289463023,-0.700903556260504,0.3080782091745682,0.00013957909874677543
9.08,3,seg3,0.2191262113870233,0.28203853780276406,0.08609376492973521,-0.7197236292269481,0.2773516851796182,0.00026321642397045264
9.08,4,seg4,0.07331879823604566,0.21793892747635737,0.08616634225065926,-0.7488806134425178,0.21459398925871226,0.0003339884546418037
9.08,5,seg5,-0.05029807666692815,0.09794126516247131,0.08593922909423607,-0.7997717192184279,0.0958071865359484,0.00010524396678184
9.08,6,seg6,-0.12958634939275931,-0.0416101668845133,0.08596148812256052,-0.8948289548279499,-0.042877595018284566,0.00012590484599389606
9.1,0,head,0.6686228453467983,0.4137283599523777,0.08771936228465743,-0.6683584534459844,0.4052129155254373,0.00035965158840320366
9.1,1,seg1,0.5441418613159188,0.3588618113872913,0.08629861331961479,-0.6943935341799654,0.3513843662418339,0.00047189001994538127
9.1,2,seg2,0.37775221459897157,0.31163536631670186,0.08615082662137405,-0.7031014292365655,0.30556252302295783,0.00032215282549059865
9.1,3,seg3,0.22246368390904314,0.27806141952186353,0.08629557194922945,-0.7230278831574861,0.27334692568411345,0.0004650234434646905
9.1,4,seg4,0.07643816576382749,0.21726660173124004,0.08640350735044312,-0.7519942769076934,0.21389572318790595,0.000571153554425663
9.1,5,seg5,-0.049474099370214866,0.10127544560451338,0.0862081825019094,-0.800623419552585,0.09913439322420209,0.000374197374455168
9.1,6,seg6,-0.13022224464398563,-0.03815849871076079,0.08622452111851164,-0.8942218110763904,-0.03942075362517739,0.00038893784194501957
9.120000000000001,0,head,0.6634111895049746,0.429266799551455,0.08775479772215497,-0.6632763101415532,0.4207941953578953,0.0003950870259007422
9.120000000000001,1,seg1,0.5432129136921521,0.3659050242683176,0.08631018424582998,-0.6935232419220895,0.35843506711202056,0.00048346094616057156
9.120000000000001,2,seg2,0.380126486087485,0.3102466549082259,0.08611085139460839,-0.7054640597375911,0.30415409780582237,0.0002821775987249392
9.120000000000001,3,seg3,0.22666141550487617,0.27401521896149905,0.08621331834255093,-0.7271917913660455,0.269265926057282,0.00038276983678617316
9.120000000000001,4,seg4,0.08015395544481699,0.2159732671534391,0.08630023193919746,-0.7556991729868539,0.21257150556048268,0.00046787814318000054
9.120000000000001,5,seg5,-0.048431218934338424,0.10444689690008976,0.08613897483501785,-0.8016926609900853,0.10229705439353691,0.0003049897075636243
9.120000000000001,6,seg6,-0.13157931120557226,-0.033719498935111065,0.08621032425748561,-0.8929017389107933,-0.03497061226358505,0.00037474098091898334
9.14,0,head,0.6567536270693437,0.44890048925283843,0.08789937523114263,-0.6567823965648647,0.44048261823346097,0.0005396645348884066
9.14,1,seg1,0.5412377497705476,0.3759495188715249,0.0864009429848746,-0.6916317503514816,0.3684956537742747,0.000574219685205199
9.14,2,seg2,0.38315273656972565,0.31077858403586944,0.08617374882058092,-0.7084946328280747,0.3046608199392609,0.00034507502469746654
9.14,3,seg3,0.23132959693298555,0.27043189638105797,0.08624242571562248,-0.7318299858100646,0.2656438726536867,0.0004118772098577195
9.14,4,seg4,0.08426088746934109,0.21433073781629164,0.0862917498325395,-0.7597922913872136,0.2108948496516999,0.0004593960365220362
9.14,5,seg5,-0.04715753422234833,0.10762616857950583,0.08609156422734149,-0.8029927638005461,0.10546561460903316,0.000257579099887259
9.14,6,seg6,-0.13346097477251603,-0.028474703027774217,0.0861056414715805,-0.8910637948420299,-0.02971033627382817,0.00027005819501386974
9.16,0,head,0.6493712844658855,0.4696388314705503,0.08791613269739772,-0.6495729223457378,0.46128168796579105,0.0005564220011434889
9.16,1,seg1,0.5393317245093658,0.38721020763268765,0.08639234971261307,-0.6898195178665946,0.37977181699995083,0.000565626412943665
9.16,2,seg2,0.3870036899188493,0.31222696351213436,0.0861612784646167,-0.7123575081629012,0.3060770963779185,0.00033260466873324956
9.16,3,seg3,0.2360254817081597,0.26671088880052035,0.08618452638107453,-0.7364947366398643,0.26188390843447384,0.0003539778753097744
9.16,4,seg4,0.08842129097512129,0.2119326887229361,0.08621029804897469,-0.7639325909546387,0.20846225509540553,0.00037794425295722966
9.16,5,seg5,-0.04606730974367874,0.11017685336341744,0.08600717381066535,-0.8041041807784949,0.10800713670844922,0.00017318868321111736
9.16,6,seg6,-0.13605650387314905,-0.02304394623217047,0.08602275433744201,-0.888513557786914,-0.024258164078534872,0.00018717106087538793
9.18,0,head,0.642142275274577,0.48924534657840035,0.0879311282645185,-0.6425073556242805,0.48094769354547623,0.0005714175682642736
9.18,1,seg1,0.5382506132024693,0.3990200541607515,0.08647305356412617,-0.6888367415982283,0.39159025291509286,0.0006463302644567626
9.18,2,seg2,0.3907376634118356,0.31452303232799356,0.08627408537731764,-0.7161104633162031,0.3083420064577279,0.00044541158143418524
9.18,3,seg3,0.24049986834309595,0.2633947722011602,0.08626874803237952,-0.7409413670549546,0.2585306647795909,0.0004381995266147659
9.18,4,seg4,0.09238003633411022,0.20914917054312204,0.08629029805928173,-0.7678680309631886,0.20564588327829825,0.0004579442632642733
9.18,5,seg5,-0.045057431037342596,0.11190564225162095,0.08614551968145828,-0.8051284138329028,0.10972746012910985,0.00031153455400405317
9.18,6,seg6,-0.13915755453739775,-0.018665870313061123,0.08625949820357998,-0.8854490548387958,-0.019854428657823123,0.00042391492701335243
9.200000000000001,0,head,0.635644188619454,0.5074278342081409,0.0879110719514568,-0.6361608334284772,0.4991836372445495,0.0005513612552025676
9.200000000000001,1,seg1,0.5375604890861396,0.4103450151806284,0.08642442742930152,-0.6882409031006907,0.4029205657917225,0.0005977041296321151
9.200000000000001,2,seg2,0.3950061691790238,0.3170096680306141,0.08621791309224265,-0.7203995183841765,0.31079302771924855,0.0003892392963592006
9.200000000000001,3,seg3,0.24472652074338308,0.2597244987486261,0.08619279041619649,-0.7451373240423276,0.25482533852033895,0.00036224191043172926
9.200000000000001,4,seg4,0.09632283654662907,0.20551439437901564,0.08623089903235039,-0.7717804410520402,0.20197841568143649,0.0003985452363329256
9.200000000000001,5,seg5,-0.04418293238766154,0.11256767308407865,0.08606118517617714,-0.8060083925102298,0.11038218926303127,0.00022720004872291144
9.200000000000001,6,seg6,-0.14293459492637445,-0.014873834955269068,0.08609001577740759,-0.8817037077562804,-0.016031086993166105,0.0002544325008409648
9.22,0,head,0.6299052461350477,0.5235073187392696,0.08800915305835617,-0.6305559250576168,0.5153103320632673,0.0006494423621019457
9.22,1,seg1,0.5369157999284709,0.42061977581874077,0.08670182247483825,-0.6876817567934537,0.41320033649380766,0.000875099175168842
9.22,2,seg2,0.39922602628881815,0.31965106801682713,0.0865628898584985,-0.7246412146385846,0.3133992128235918,0.0007342160626150479
9.22,3,seg3,0.24916835784159602,0.2565761556349971,0.08638482060133482,-0.749552802487109,0.25164013346102554,0.0005542720955700603
9.22,4,seg4,0.09997306729400073,0.2020243400028416,0.08626141155403894,-0.7754014963816466,0.19845810001998676,0.0004290577580214755
9.22,5,seg5,-0.04375430949028131,0.11321370689594315,0.08608579657575047,-0.8064423777313604,0.11102463311431919,0.00025181144829623803
9.22,6,seg6,-0.14774215855591943,-0.011195080181998607,0.0863290535663255,-0.8769269302553708,-0.012312444574428323,0.0004934702897588794
9.24,0,head,0.623942864662521,0.5385471039399542,0.08776267968294907,-0.6247189316480312,0.5303992233293142,0.0004029689866948405
9.24,1,seg1,0.5369482972918121,0.43029796219610805,0.08619663484284323,-0.6877948080480494,0.42287791713400263,0.0003699115431738259
9.24,2,seg2,0.40444041057299296,0.32154424893047423,0.08603017192479064,-0.7298711759214144,0.31524892696707085,0.00020149812890718488
9.24,3,seg3,0.2546751725856451,0.2522261786839597,0.08613290878156254,-0.7550232200576418,0.24724447199763447,0.0003023602757977889
9.24,4,seg4,0.10430827442747694,0.19722710365320695,0.08638725188006795,-0.7796966242254406,0.19362494636136357,0.0005548980840504869
9.24,5,seg5,-0.04298365111068884,0.11296612254241313,0.08635263823687575,-0.8072109486821167,0.11077064287091244,0.0005186531094215213
9.24,6,seg6,-0.152696008909539,-0.00722696718592512,0.08627820284962064,-0.8720062795300152,-0.008303236359304994,0.00044261957305401223
9.26,0,head,0.6180416472997734,0.5515641870621155,0.08856119725830107,-0.6189262645545335,0.5434649734919071,0.0012014865620468412
9.26,1,seg1,0.5359092494028194,0.4382596332811034,0.08696074275399962,-0.6868220639958971,0.43084796079699705,0.0011340194543302123
9.26,2,seg2,0.4090019401627039,0.3232710187208514,0.08667256720765854,-0.7344469200250601,0.3169376696955279,0.0008438934117750846
9.26,3,seg3,0.26003271021627716,0.24840202216761784,0.08649794395538052,-0.7603487422777856,0.24337585524161262,0.0006673954496157625
9.26,4,seg4,0.10898704870259118,0.1932520607193944,0.08647412407400405,-0.7843421507205124,0.18961109800542672,0.0006417702779865919
9.26,5,seg5,-0.04312102706021311,0.1133673914764778,0.0862014166797608,-0.8070769173965477,0.11117304133442754,0.00036743155230657687
9.26,6,seg6,-0.1587225941813871,-0.0006843370663394115,0.08608524266166909,-0.8660343596752937,-0.001710671443773751,0.0002496593851024631
9.28,0,head,0.6113943427506598,0.5635384809060436,0.08704245698550457,-0.6123788566097478,0.5554941804495088,-0.000317253710749657
9.28,1,seg1,0.5348659143986026,0.44578885112027933,0.0857326162121255,-0.6858414335135318,0.4383856018774424,-9.410708754391262e-05
9.28,2,seg2,0.414008511948092,0.32395716937031066,0.08579584606348568,-0.7394590294618137,0.3175821250840181,-3.2827732397766596e-05
9.28,3,seg3,0.26753601691014167,0.24348700958223993,0.08592096099520974,-0.7678108796457876,0.23839856019791256,9.041248944498259e-05
9.28,4,seg4,0.11432617747443335,0.187452930481972,0.08612980189250286,-0.7896328263048067,0.18376772916445616,0.00029744809648539483
9.28,5,seg5,-0.04150937964076069,0.1133334508597685,0.08616668883542096,-0.8086882264889346,0.11112568757382509,0.00033270370796673054
9.28,6,seg6,-0.1639221317282315,0.005781190124552177,0.08637509151155533,-0.8608888171414779,0.004797909399003315,0.0005395082349887032
9.3,0,head,0.6066466446199429,0.5712581709735656,0.08792173253937935,-0.6076955766879472,0.563253119903487,0.0005620218431251212
9.3,1,seg1,0.5338820567697834,0.4508893004078898,0.08661677099503921,-0.6849000628343828,0.443494063486728,0.0007900476953698055
9.3,2,seg2,0.4174846218231788,0.3243947475949538,0.08657832553644836,-0.7429386610456948,0.3179907552416519,0.000749651740564905
9.3,3,seg3,0.2730436156333764,0.23980656395312747,0.08644888614045322,-0.7732876539177145,0.2346724003387086,0.000618337634688465
9.3,4,seg4,0.11962400482569635,0.1838054474209753,0.08633081708096621,-0.7949001108304781,0.180076276733929,0.0004984632849487497
9.3,5,seg5,-0.040151259106648074,0.11502623160491064,0.08602701109096618,-0.8100603895994017,0.11280710555708671,0.00019302596351195023
9.3,6,seg6,-0.1699622913622209,0.013725550325593824,0.08602247190574173,-0.8549149904971218,0.012792268824695778,0.00018688862917511095
9.32,0,head,0.6017514464131145,0.5775391195060109,0.08797364935245418,-0.6028528266375087,0.5695745953560797,0.0006139386561999499
9.32,1,seg1,0.5325649989951455,0.4556047097027544,0.08634684272948188,-0.6836222987254198,0.4482202717852931,0.0005201194298124767
9.32,2,seg2,0.4211820678605177,0.3247072105786493,0.08609841864533305,-0.7466385797457573,0.31827243223202456,0.0002697448494495963
9.32,3,seg3,0.27973868025335324,0.2353700692313208,0.0860551529314016,-0.7799455600850006,0.23018033387154668,0.00022460442563684846
9.32,4,seg4,0.12534532977589985,0.17825486137088753,0.08617994221703258,-0.8005750380763644,0.17447826231489405,0.00034758842101512144
9.32,5,seg5,-0.03762867821980107,0.11525064560474192,0.08611622475243538,-0.8125847509827837,0.11301051543767451,0.00028223962498115374
9.32,6,seg6,-0.1753679244741385,0.021675020541323444,0.08607786946042702,-0.8495757109274535,0.020786456696211784,0.00024228618386039347
9.34,0,head,0.5967579521788607,0.5834626195222558,0.08762502285545297,-0.597908808792376,0.5755394528274954,0.0002653121591987412
9.34,1,seg1,0.530821330798917,0.4600708541373938,0.08630833392807975,-0.6819158642517167,0.45270077468967423,0.00048161062841034497
9.34,2,seg2,0.4242605514430845,0.32559007902438153,0.08636475909303358,-0.7497243051210558,0.31912964677227085,0.0005360852971501295
9.34,3,seg3,0.28557749331073873,0.23179508256009929,0.08646446807225956,-0.7857544149906179,0.22655687250144832,0.0006339195664948061
9.34,4,seg4,0.13049322745197153,0.1736853264648286,0.08660669707007315,-0.805684723552115,0.16986603789741844,0.0007743432740556916
9.34,5,seg5,-0.03568630044883435,0.11548786244080111,0.08656834652068314,-0.8145290359110015,0.11323155694966183,0.0007343613932289106
9.34,6,seg6,-0.17888781783699342,0.029981745284409993,0.08668721487176362,-0.8461250793427929,0.029122191031510168,0.0008516315951969944
9.36,0,head,0.593828815335407,0.5883906999052995,0.08754449872823274,-0.5950207915944428,0.5804917427597264,0.00018478803197850835
9.36,1,seg1,0.5297608003638015,0.46371710740817684,0.08616977696437425,-0.6808857196271075,0.45635572883038955,0.00034305366470484266
9.36,2,seg2,0.42679621753804875,0.32618485042637285,0.0861473781187649,-0.7522648338767981,0.3197032923130497,0.0003187043228814468
9.36,3,seg3,0.29011131928026074,0.22830935012300668,0.08613807928756405,-0.7902590709078658,0.2230335241493799,0.0003075307817992923
9.36,4,seg4,0.13491822682986576,0.16917483533690983,0.08616499392680511,-0.8100720272132831,0.1653188721546685,0.00033264013078765364
9.36,5,seg5,-0.03298141364169431,0.11618808094678772,0.08601582364348968,-0.817239657191221,0.11390923745708592,0.0001818385160354541
9.36,6,seg6,-0.1812241507180491,0.040138889848623946,0.08603826517456051,-0.843873368949588,0.039298429891409206,0.0002026818979938838
9.38,0,head,0.5914881050653826,0.5918901116185161,0.08750696912493801,-0.5927092892651346,0.5840105158254106,0.00014725842868378025
9.38,1,seg1,0.5284772583526665,0.4671244555929959,0.08609653186065007,-0.6796305826588246,0.45977364236609736,0.0002698085609806611
9.38,2,seg2,0.4285156038081902,0.3272919855236947,0.08604268434756712,-0.7539933756703143,0.3207960779907992,0.00021401055168367156
9.38,3,seg3,0.2937954413446601,0.22508731365022783,0.08601673229781874,-0.7939162471896641,0.2197809350176633,0.0001861837920539844
9.38,4,seg4,0.13894108946367975,0.16471802910023092,0.08606828117873203,-0.8140576548989131,0.16082873657189903,0.00023592738271456526
9.38,5,seg5,-0.030223193140400294,0.11657909567831644,0.08596485037522794,-0.8200010367041944,0.11427728098532584,0.0001308652477737121
9.38,6,seg6,-0.18292503948376523,0.04992760775255179,0.08601353445872795,-0.8422540141128132,0.04910096582391695,0.00017795118216132333
9.4,0,head,0.5895950680126393,0.5947177351313242,0.08755398347166975,-0.5908398531116242,0.5868537978164892,0.0001942727754155188
9.4,1,seg1,0.5265899517990749,0.47023511179524163,0.08615204656251477,-0.6777692325885657,0.46289989954543176,0.00032532326284535895
9.4,2,seg2,0.4289962512237118,0.32875437696464554,0.08610654215080552,-0.7544861784448564,0.3222544181740227,0.0002778683549220645
9.4,3,seg3,0.2967237833422951,0.22271884575094492,0.08607445547107614,-0.7968247741421929,0.21738817552064257,0.00024390696531138845
9.4,4,seg4,0.14305455186519953,0.16118224876223794,0.08613219413818976,-0.8181415452428347,0.15725884088934253,0.00029984034217230005
9.4,5,seg5,-0.027151566536326777,0.11743362930566396,0.08602972700524618,-0.8230796694976663,0.11510621876179013,0.00019574187779194951
9.4,6,seg6,-0.18323919969295663,0.06029516305554645,0.08609116383021902,-0.8420261576678809,0.05947077686549787,0.00025558055365239307
9.42,0,head,0.5885391207613073,0.5968109437924609,0.08734834774107966,-0.5898013649646474,0.588955722997153,-1.1362955174565315e-05
9.42,1,seg1,0.5246423373560456,0.47262473528318366,0.08596862087714624,-0.6758415753039937,0.46530565095105264,0.00014189757747683218
9.42,2,seg2,0.42873350019448914,0.32995024469340406,0.08596414511846895,-0.7542333901533613,0.32345243144928953,0.0001354713225854981
9.42,3,seg3,0.2993113474067916,0.22083932194960101,0.0859887857812892,-0.7993966046231814,0.21548717960163763,0.0001582372755244421
9.42,4,seg4,0.14744204794170682,0.15832773933035027,0.08612504758045872,-0.8225051302314086,0.1543679116332614,0.0002926937844412586
9.42,5,seg5,-0.02368294363413703,0.11886530101602766,0.08609127579739607,-0.8265600885646784,0.11650897028675532,0.00025729066994184535
9.42,6,seg6,-0.18177287846069737,0.07190655066646467,0.08624489465970366,-0.8435890738513694,0.07106955754324638,0.0004093113831370315
9.44,0,head,0.5874705220325385,0.5987678274688366,0.08729745896311777,-0.5887490910967278,0.5909214332181043,-6.22517331364536e-05
9.44,1,seg1,0.5223354311966099,0.47462564198475427,0.08592458565570052,-0.6735514033195543,0.467325689549192,9.786235603111149e-05
9.44,2,seg2,0.4278849497324154,0.33110801943742824,0.08593471374102926,-0.7533945056594112,0.32461722887816574,0.00010603994514581105
9.44,3,seg3,0.3014068360761591,0.2196486288742618,0.08595437983307107,-0.8014821101396602,0.21427908626773945,0.00012383132730631186
9.44,4,seg4,0.15164817982518292,0.15660088345779735,0.08606907048316068,-0.8266967431744537,0.1526061064341132,0.00023671668714321525
9.44,5,seg5,-0.02032696546624256,0.12199677627056665,0.08596777140865362,-0.8299420148740339,0.1196124040576558,0.00013378628119939395
9.44,6,seg6,-0.17977069025622738,0.086192558517326,0.08609236032516067,-0.8457101002684368,0.08533840559972954,0.00025677704859404515
9.46,0,head,0.5873397752953295,0.5996200103959698,0.08763251982826595,-0.5886254419127549,0.5917746748778276,0.00027280913201171986
9.46,1,seg1,0.5207610146758106,0.4759227444185476,0.08615716207240959,-0.6719878375850722,0.46863585148514386,0.00033043877274017974
9.46,2,seg2,0.4275062059876644,0.3317928186838276,0.08605993891920218,-0.7530214748640437,0.32530515682333727,0.00023126512331872462
9.46,3,seg3,0.30397355889239974,0.21830147487131338,0.08600599679584113,-0.8040375311991319,0.21291061517515833,0.0001754482900763743
9.46,4,seg4,0.15532326566046858,0.1542750584109943,0.08607270076113091,-0.8303523430293371,0.15024977289560862,0.00024034696511344988
9.46,5,seg5,-0.01726724005375102,0.12430856475309744,0.08594042590550192,-0.8330208761430815,0.12189864526824559,0.00010644077804769503
9.46,6,seg6,-0.1774906472441992,0.09962845933829184,0.08606365106063554,-0.8481018961224706,0.09875486338857963,0.00022806778406891937
9.48,0,head,0.5878891057372243,0.5993792690611391,0.08741913564777373,-0.5891727495494673,0.591529369607898,5.942495151950444e-05
9.48,1,seg1,0.5191919511033133,0.4767541338261138,0.08599108970647508,-0.67042574831689,0.4694802719725427,0.0001643664068056716
9.48,2,seg2,0.4267438423232639,0.3327830883609824,0.08596517147215077,-0.7522673799775152,0.32630173762404463,0.00013649767626731923
9.48,3,seg3,0.30613894799404545,0.21765176507089043,0.08597954139863007,-0.8061974375244099,0.21224290457027895,0.00014899289286531003
9.48,4,seg4,0.1589584300107838,0.1523413432835361,0.08608646526625369,-0.8339712864536375,0.14828586797469887,0.00025411147023622627
9.48,5,seg5,-0.01388934704951034,0.1261813754734094,0.08597245461390943,-0.836414240213234,0.1237432756997003,0.00013846948645519774
9.48,6,seg6,-0.1754176091891466,0.11158740400898902,0.08611143942458722,-0.8502744009542887,0.11069613916506522,0.00027585614802060066
9.5,0,head,0.589921756217216,0.5975366428932205,0.08772215954439049,-0.591189992780283,0.5896698887890109,0.000362448848136257
9.5,1,seg1,0.5180291399655931,0.4771352273190945,0.08618201635535158,-0.6692661494365573,0.46987103075875225,0.00035529305568217373
9.5,2,seg2,0.4252876899579423,0.3344212248396631,0.08603712310524943,-0.7508249128505551,0.327951937436561,0.00020844930936597672
9.5,3,seg3,0.30756366173559224,0.21830446537528866,0.08597676758897815,-0.8076275345729322,0.2128837238617703,0.0001462190832133975
9.5,4,seg4,0.16219232475521872,0.1512186887734455,0.08605159552759842,-0.8371957249204152,0.1471363354870889,0.0002192417315809575
9.5,5,seg5,-0.010762796694513903,0.127281289341634,0.08594090119507808,-0.8395498372428485,0.12481712806705066,0.00010691606762384953
9.5,6,seg6,-0.17297036527982124,0.12109202563353225,0.08610088995597699,-0.852800670466843,0.12018006226297766,0.0002653066794103681
9.52,0,head,0.5962830746237555,0.5918049386053787,0.0880879869293084,-0.5975033838011996,0.5838854355110028,0.0007282762330541731
9.52,1,seg1,0.517150166907128,0.47893229823328926,0.08674519585980439,-0.6684021644913998,0.471675355430922,0.0009184725601349836
9.52,2,seg2,0.4181565885859952,0.3384334347232217,0.08675644554580836,-0.7437274535606155,0.33202336305289354,0.0009277717499249077
9.52,3,seg3,0.30611485448251197,0.22525754988232854,0.08708895898332777,-0.8062366505227868,0.219848626458169,0.0012584104775630184
9.52,4,seg4,0.16344603863337337,0.15093369146989266,0.08758145354758483,-0.8384470232353859,0.1468409129454428,0.0017490997515673679
9.52,5,seg5,-0.005255148163653866,0.12438308594499882,0.08811401481557155,-0.8450331722033804,0.1218731829290816,0.002280029688117316
9.52,6,seg6,-0.16955469712120716,0.12711277317273093,0.08885625086715652,-0.8562663331489275,0.12617217141366296,0.003020667590589901
9.540000000000001,0,head,0.6081358228907946,0.5827954752286448,0.08831759546874375,-0.6092807324959191,0.5747776295442943,0.0009578847724895229
9.540000000000001,1,seg1,0.5176702793548965,0.48021519554277103,0.08686026234696494,-0.6689329369370841,0.4729538792186884,0.0010335390472955286
9.540000000000001,2,seg2,0.40876998608451937,0.3458406146861589,0.08669303377283777,-0.7344028288250528,0.3395084144926626,0.0008643599769543181
9.540000000000001,3,seg3,0.2991647255019524,0.23675747847999967,0.08683403568292114,-0.7993824803242238,0.23140600511777673,0.0010034871771563841
9.540000000000001,4,seg4,0.16387244140227472,0.15777776489205783,0.0868560034289608,-0.838930376911966,0.15368120018741227,0.001023649632943338
9.540000000000001,5,seg5,0.0011627868229306332,0.12060699997969952,0.08660991250567043,-0.8514194551559688,0.11804380899138073,0.0007759273782162041
9.540000000000001,6,seg6,-0.16378567975088143,0.12162399610643201,0.0864004717723171,-0.8619894656212246,0.12063556687624863,0.0005648884957504818
9.56,0,head,0.6240678243073657,0.5700803909025646,0.08796356365703695,-0.6251063498232409,0.5619303779027878,0.0006038529607827192
9.56,1,seg1,0.5209199839686081,0.47923366203737267,0.0865515423149078,-0.6721743593262324,0.4719453312561612,0.0007248190152383954
9.56,2,seg2,0.40274322643006305,0.354679007938049,0.08651865996337685,-0.728449843053845,0.34839666446728546,0.0006899861674933977
9.56,3,seg3,0.2923094080141082,0.24819791239077701,0.08679998611773103,-0.7926226231385044,0.24290310200130802,0.0009694376119662729
9.56,4,seg4,0.16348391247890504,0.1656145799262728,0.08697073640366884,-0.8386070900698939,0.16152097762190962,0.0011383826076513809
9.56,5,seg5,0.00627319660055119,0.1184623230322322,0.08676616856089425,-0.8565118369944705,0.11585667056124849,0.0009321834334400231
9.56,6,seg6,-0.1573320134230515,0.11624834441492374,0.08646040539623602,-0.868398164918,0.11520638521612583,0.0006248221196693965
9.58,0,head,0.639319591297537,0.5562857716748962,0.08880357218094896,-0.6402427709311099,0.5480092905896512,0.0014438614846947334
9.58,1,seg1,0.5266830918683861,0.4782944265748136,0.08742175004559016,-0.677929449999454,0.47095815991414447,0.001595026745920755
9.58,2,seg2,0.39962859520144095,0.36350351421191857,0.0871772424187516,-0.7254087692466377,0.35724678925542874,0.0013485686228681543
9.58,3,seg3,0.2873611511064653,0.25873327314303723,0.08727367316029594,-0.7877622272242332,0.25347928392853797,0.0014431246545311832
9.58,4,seg4,0.16234559281644062,0.17207367005398116,0.08757345603433993,-0.8375225711627139,0.1679893186512268,0.0017411022383224672
9.58,5,seg5,0.009722460515599987,0.1166200007608205,0.08801565422950501,-0.8599456471185829,0.11398570264656675,0.0021816691020507817
9.58,6,seg6,-0.15052959259857682,0.10964076016536353,0.08887603943436338,-0.8751453528140389,0.10854241086300973,0.0030404561577967587
9.6,0,head,0.6529577259731483,0.5437352531939824,0.08872589709956952,-0.6537759707171095,0.5353456917685113,0.0013661864033152893
9.6,1,seg1,0.5329537087392733,0.4785798724139749,0.08691448999000603,-0.684202225525567,0.471191403271978,0.001087766690336625
9.6,2,seg2,0.39768634997028063,0.37413827230261065,0.08646281606421116,-0.7235551082009216,0.3678973449645189,0.0006341422683277115
9.6,3,seg3,0.28266142508381953,0.2697267027311022,0.08643406039305304,-0.7831541662571377,0.26451145021247596,0.0006035118872882855
9.6,4,seg4,0.1601788211116791,0.17794433505980495,0.08635732579281268,-0.8354047381652374,0.17387781511682374,0.0005249719967952149
9.6,5,seg5,0.011417345612801612,0.11381481397592615,0.08586085677908321,-0.8616171249294295,0.11116650589600453,2.687165162898464e-05
9.6,6,seg6,-0.14470177880357704,0.09983614627173487,0.08525487619005091,-0.8808913574162325,0.09868962961404246,-0.000580707086515711
9.620000000000001,0,head,0.6656541056489507,0.5325975868510605,0.08762600919008882,-0.6663792078006606,0.5241027347091993,0.00026629849383459636
9.620000000000001,1,seg1,0.5400584448419238,0.47591638765652156,0.08625676655682624,-0.6912845463825338,0.4684688755098429,0.00043004325715682856
9.620000000000001,2,seg2,0.39882219803720026,0.3800188704236373,0.0862246213628234,-0.7247398632499327,0.37376828531219264,0.00039594756693994704
9.620000000000001,3,seg3,0.2808688671370857,0.27610617714216346,0.08646377957933682,-0.7814147690581997,0.270905623742937,0.0006332310735720631
9.620000000000001,4,seg4,0.15956654326033665,0.18155054805628776,0.08676236475949159,-0.8348224973274573,0.17748899940317608,0.0009300109634741288
9.620000000000001,5,seg5,0.013594995555730504,0.11265034868180016,0.08690719042938497,-0.8637850071766516,0.10998395557704381,0.001073205301930738
9.620000000000001,6,seg6,-0.14159338159486282,0.09401921997842799,0.08714376211728007,-0.8839512305865278,0.09284703251262606,0.0013081788407134504
9.64,0,head,0.6757224138277521,0.5226303953830358,0.08866404368143564,-0.6763642067053249,0.5140520863616146,0.001304332985181414
9.64,1,seg1,0.5480522832970347,0.47349500359417274,0.08725457586653838,-0.6992579538845681,0.4659810397386944,0.0014278525668689757
9.64,2,seg2,0.4005599087675977,0.3858792742420002,0.08688659248778123,-0.7265262920295968,0.3796140225378853,0.00105791869189778
9.64,3,seg3,0.2790206855257701,0.28390121576828364,0.0865847797139822,-0.7796315323702222,0.27871577542937903,0.0007542312082174374
9.64,4,seg4,0.15910310010168097,0.18718884627749532,0.08640905825655172,-0.8344059998010309,0.18313095971879242,0.0005767044605342608
9.64,5,seg5,0.015623573965906423,0.11119554085537905,0.08630113600516195,-0.8658014064298808,0.1085123135590215,0.00046715087770772545
9.64,6,seg6,-0.14039916669794553,0.08223346967195047,0.08667404498927485,-0.8850473070885255,0.08105175058263199,0.0008384617127082244
9.66,0,head,0.6859649396933677,0.5126388343441849,0.08763686473030377,-0.6865232144252585,0.5039756192110583,0.00027715403404954264
9.66,1,seg1,0.5558501356380003,0.4727470323435922,0.0862204591371671,-0.7070493104764916,0.46516819007544263,0.0003937358374976885
9.66,2,seg2,0.4023910332759595,0.3942480470907607,0.0860395639786531,-0.7284270094066276,0.3879672643883161,0.00021089018276965188
9.66,3,seg3,0.27653487591480436,0.2938566358625012,0.08607419746887761,-0.7772286713998244,0.28869154095540894,0.00024364896311285245
9.66,4,seg4,0.15712657859765677,0.19467096915513998,0.08622804298007766,-0.8324918231559896,0.1906292747150463,0.00039568918406020226
9.66,5,seg5,0.015553846799126563,0.1120481023223754,0.08621268834884002,-0.8657387778533545,0.10936542585772246,0.0003787032213857927
9.66,6,seg6,-0.13967773446038262,0.07430119512966143,0.08629161592779605,-0.8857026911693594,0.07311374607305403,0.0004560326512294266
9.68,0,head,0.6933121779213045,0.5057307083545697,0.08800679030107804,-0.6938126993356838,0.49700657881789706,0.0006470796048238109
9.68,1,seg1,0.5611214650667653,0.4712024032379316,0.08654429046674,-0.712307600805349,0.46357973930962953,0.0007175671670705958
9.68,2,seg2,0.4044666745677171,0.39907498442821654,0.08639103386005627,-0.7305427551295627,0.39277675821484104,0.0005623600641728177
9.68,3,seg3,0.2759572992349477,0.3008501714439096,0.08652025788231309,-0.7767093244324559,0.29568964166038014,0.0006897093765483309
9.68,4,seg4,0.1568236600640632,0.20035433018046156,0.08678834515370203,-0.8322362197679688,0.19631496016977604,0.0009559913576845658
9.68,5,seg5,0.015132897440867456,0.11141695577850672,0.08678587011830295,-0.8653125898176071,0.10873780488912042,0.0009518849908487226
9.68,6,seg6,-0.13903588803669586,0.06566494892580033,0.08680521679832878,-0.8862726327844869,0.0644724567085838,0.0009696335217621588
9.700000000000001,0,head,0.6988165963114876,0.5003040871981761,0.08733552002064801,-0.6992717593394273,0.4915343303895492,-2.4190675606217127e-05
9.700000000000001,1,seg1,0.565283526572783,0.4686311510135892,0.08591044435132542,-0.7164481166837888,0.4609739338219308,8.372105165600774e-05
9.700000000000001,2,seg2,0.407038986905485,0.4020540744394285,0.08575792965459494,-0.7331397743977723,0.3957343347528149,-7.074414128850626e-05
9.700000000000001,3,seg3,0.27637800995296635,0.30753526286212624,0.0857829465858554,-0.7771856629910765,0.30237099978247933,-4.7601919909351365e-05
9.700000000000001,4,seg4,0.1554230355979602,0.2051934418011988,0.08587318878830807,-0.8308759214811062,0.20116556206474545,4.083499229061427e-05
9.700000000000001,5,seg5,0.015488332694345035,0.11065202792691708,0.08576228176505431,-0.8656616459899781,0.10796994511932742,-7.170336239992192e-05
9.700000000000001,6,seg6,-0.1375804690241253,0.05502504598955352,0.08577838139085957,-0.8876394416527789,0.05382080836140222,-5.720188570705609e-05
9.72,0,head,0.7019306764568759,0.49835339663396877,0.08761254185720267,-0.7023694953164018,0.4895577877906714,0.00025283116094844404
9.72,1,seg1,0.567932725255041,0.4675776625256542,0.08630559610957533,-0.719088455035755,0.4598984315956451,0.0004788728099059253
9.72,2,seg2,0.40895505442742697,0.40400326736489917,0.08631857047131308,-0.7350719993794556,0.39766751204142975,0.0004898966754296324
9.72,3,seg3,0.2765304151394199,0.3120402654356653,0.08648120048488517,-0.7773755596506896,0.3068745777808176,0.0006506519791204118
9.72,4,seg4,0.15408020950198925,0.20871681722288413,0.08666721988910343,-0.8295624682178893,0.2046999922608689,0.000834866093085973
9.72,5,seg5,0.016483779933414176,0.11078735077853219,0.08669793666508455,-0.8666581850875948,0.10809697781894415,0.000863951537630317
9.72,6,seg6,-0.13490400031617808,0.047843401541548786,0.08683496750563799,-0.890256042245472,0.04661713547463353,0.000999384229071365
9.74,0,head,0.7050834309190493,0.4959050009006447,0.08759414539352914,-0.7055017616918328,0.4870832353628482,0.00023443469727491006
9.74,1,seg1,0.5708373538450825,0.4675947750900438,0.08605462476938672,-0.7219931254440672,0.4598913673015828,0.0002279014697173093
9.74,2,seg2,0.40964576044868256,0.40758639074619196,0.08583766829900265,-0.7357925050960281,0.4012447623102444,8.994503119197361e-06
9.74,3,seg3,0.27519574084245524,0.3181854037990229,0.08591437048050991,-0.7760920797775388,0.3130306122510523,8.38219747451574e-05
9.74,4,seg4,0.15216679704324498,0.21368193479876452,0.08605991485834308,-0.8276904484940221,0.20968086386457205,0.000227561062325618
9.74,5,seg5,0.01767527535471079,0.1107338166442619,0.08603137173217905,-0.8678491936519301,0.10803352829528903,0.00019738660472481961
9.74,6,seg6,-0.13047585291685754,0.03927899931949137,0.08599160232661686,-0.8946127516627731,0.03801617286210167,0.00015601905005023509
9.76,0,head,0.708376474016556,0.49291050688140986,0.08761726876709335,-0.7087697664710985,0.4840614358931875,0.0002575580708391173
9.76,1,seg1,0.5739227801639191,0.46674009397331573,0.08644208383712693,-0.7250713310668423,0.4590110346807674,0.0006153605374575183
9.76,2,seg2,0.41067667411648173,0.4100830890967656,0.0864729928208838,-0.7368441639691704,0.4037327935115534,0.0006443190250003533
9.76,3,seg3,0.273903096635685,0.32303443794295605,0.08648111465007752,-0.7748398405983149,0.31789023756707174,0.0006505661443127614
9.76,4,seg4,0.1509180156946352,0.21811603716760636,0.08639663856705175,-0.8264786170275505,0.21412520669233073,0.0005642847710342902
9.76,5,seg5,0.019405269918838522,0.11047968859169024,0.08616418375989544,-0.8695770130904575,0.10776500968032449,0.0003301986324412143
9.76,6,seg6,-0.12462539378698007,0.03156096600426328,0.086191464197545,-0.900398768174062,0.030249711427659306,0.00035588092097837976
9.78,0,head,0.7104092859292879,0.4918345772616471,0.08734872520197322,-0.7107935526194603,0.48296862372061666,-1.0985494281010033e-05
9.78,1,seg1,0.576189438696267,0.46663500046510137,0.08573228947619002,-0.7273370363516337,0.45888707860092603,-9.443382347938678e-05
9.78,2,seg2,0.4117061139237799,0.4129261216016064,0.08549062946417287,-0.737897231696268,0.4065671591376705,-0.00033804433171058523
9.78,3,seg3,0.2724418261610822,0.32852078349879016,0.08571415611473786,-0.7734242855639342,0.3233885557555992,-0.00011639239102689825
9.78,4,seg4,0.14867412765524646,0.22369100484516452,0.08615553601492415,-0.8242812091718059,0.21971865793945927,0.00032318221890668963
9.78,5,seg5,0.019510855397268802,0.11160475687189376,0.08646730975596911,-0.8696919592583067,0.108889160162632,0.0006333246285148836
9.78,6,seg6,-0.12013712832111466,0.024537803082196406,0.08668046633192983,-0.9048284218629941,0.023189434342740532,0.0008448830553632047
9.8,0,head,0.7130538745512986,0.48846474598435274,0.08774835447725447,-0.7134100013189217,0.4795768973136927,0.00038864378100024466
9.8,1,seg1,0.5787206070156093,0.4648137045795457,0.08667343237582915,-0.7298529576928354,0.4570447779827255,0.0008467090761597462
9.8,2,seg2,0.41295811001329874,0.41413594439648216,0.08680340568499635,-0.7391592542060046,0.4077665192120289,0.0009747318891129009
9.8,3,seg3,0.27195256566650294,0.331936793612038,0.08683372812262727,-0.7729634746947946,0.32680851982970893,0.0010031796168625123
9.8,4,seg4,0.14855120518104997,0.22657560552541645,0.08670112302659536,-0.8241823005218382,0.22260418182571012,0.0008687692305778955
9.8,5,seg5,0.02242445716497095,0.10978882373757044,0.08633350775873029,-0.8725903454365539,0.10704903897912575,0.0004995226312760614
9.8,6,seg6,-0.1132067990368875,0.01540083853069832,0.08624229384549227,-0.9116824608484757,0.013995102676796097,0.0004067105689256473
9.82,0,head,0.7154177356783489,0.48601699983782237,0.08749940470763273,-0.7157534070930774,0.47710956069237453,0.000139694011378505
9.82,1,seg1,0.5810334442393055,0.46381326106933624,0.08619074463684807,-0.73215738775011,0.45602511855377675,0.000364021337178666
9.82,2,seg2,0.41347259205882575,0.4166486841184281,0.08618626878690427,-0.7396946328640489,0.4102748896746829,0.0003575949910208237
9.82,3,seg3,0.2705374074159187,0.3376900224406025,0.08642274377552991,-0.7715962516523293,0.3325733282376154,0.0005921952697651583
9.82,4,seg4,0.14625857980163712,0.23160998539814023,0.08672431532312563,-0.8219316575081028,0.22765746965219452,0.0008919615271081732
9.82,5,seg5,0.023098116768178883,0.10970667590067906,0.08688127337606993,-0.8732632979584163,0.10696128687728837,0.0010472882486157048
9.82,6,seg6,-0.10684094925557232,0.006905815158481535,0.08713140808439136,-0.917977382991211,0.005447388318838471,0.0012958248078247386
9.84,0,head,0.7172174427049662,0.4852503213445374,0.08724797039447241,-0.7175466704380901,0.4763279291494841,-0.00011174030178182082
9.84,1,seg1,0.582331692876568,0.46318373004130525,0.08584749774593135,-0.7334503516037345,0.4553848035434395,2.0774446261945245e-05
9.84,2,seg2,0.41396138431292284,0.41820111358239015,0.08571329102899697,-0.7401963296137948,0.4118231969696099,-0.00011538276688648208
9.84,3,seg3,0.26940898756366777,0.3419314337104061,0.08579047132006402,-0.7705031736757799,0.33682398482919823,-4.007718570073204e-05
9.84,4,seg4,0.14421508740913092,0.23563212099402495,0.08589411544718362,-0.8199217135791321,0.23169647464251217,6.176165116615617e-05
9.84,5,seg5,0.02398301736543473,0.10969521825986882,0.08584198702342787,-0.8741480725368417,0.10694246428827348,8.001895973636097e-06
9.84,6,seg6,-0.09967357667001932,-0.00044442870033902567,0.0859281474133864,-0.9250833285841406,-0.001962257542414151,9.256413681978104e-05
9.86,0,head,0.7188207938199147,0.4847338660543437,0.08761250091068418,-0.7191456673706411,0.4757981464827034,0.00025279021442994876
9.86,1,seg1,0.5837065779587576,0.46202343054585043,0.08632670806791064,-0.7348155314712648,0.4542131005787442,0.0004999847682412295
9.86,2,seg2,0.41511793948843256,0.4188466328445947,0.08631713802187338,-0.741358217614848,0.41245906744759364,0.0004884642259899291
9.86,3,seg3,0.268451377970455,0.34503404014645783,0.08640461751381684,-0.7695714213602953,0.33993445431988695,0.0005740690080520833
9.86,4,seg4,0.14230593849109083,0.23883325519457604,0.08642337075136255,-0.8180392749818759,0.23491338848785112,0.0005910169553450945
9.86,5,seg5,0.0253497402705919,0.1102311473512141,0.08625112363395582,-0.875519208829071,0.10746699909017075,0.0004171385065015881
9.86,6,seg6,-0.0919202496544504,-0.0056858371117261015,0.08626024978915843,-0.9327927609036502,-0.007268018114676017,0.00042466651259180643
9.88,0,head,0.7199967127658458,0.4846536226459017,0.08722689115188012,-0.7203208776883069,0.4757081182586711,-0.0001328195443741076
9.88,1,seg1,0.5848805607751225,0.46084588198689264,0.08575019597054259,-0.7359796724620408,0.45302582132967345,-7.652732912681592e-05
9.88,2,seg2,0.4159044405683695,0.41897874928661455,0.08557438643619103,-0.7421457911030874,0.412584632982518,-0.00025428735969242056
9.88,3,seg3,0.2676583009574351,0.3478823194913946,0.08569272916060318,-0.7688020790700176,0.34278923606560296,-0.00013781934516157723
9.88,4,seg4,0.14065913364474805,0.2422026950468765,0.08595869840716878,-0.8164205722370855,0.23829641857105924,0.00012634461115132445
9.88,5,seg5,0.026711032244256628,0.11106174106157539,0.08619715200025078,-0.8768873669772598,0.10828623350756615,0.00036316687279655535
9.88,6,seg6,-0.0841333863368973,-0.010787229354060497,0.08657474264153231,-0.9405368937682547,-0.012434046502681598,0.0007391593649656858
9.9,0,head,0.721198237037294,0.4845099388943338,0.08771723332256576,-0.7215211644077935,0.47555443876676134,0.0003575226263115294
9.9,1,seg1,0.5863079040752808,0.4591404504671373,0.08649425873298568,-0.7373927714010109,0.45130856859534935,0.0006675354333162686
9.9,2,seg2,0.41690163500392136,0.41811862446451603,0.08655842829222127,-0.7431357918685912,0.411716237947937,0.0007297544963378172
9.9,3,seg3,0.26708535830650454,0.3496566752370794,0.08664358437420179,-0.7682439248650679,0.34456829915525217,0.0008130358684370342
9.9,4,seg4,0.13964074019494774,0.244883083254453,0.08655218648950537,-0.815424523896781,0.24098519038464888,0.0007198326934879096
9.9,5,seg5,0.028895120923104214,0.11123727543343793,0.08618756561388961,-0.8790728410352658,0.10844358284543135,0.0003535804864353842
9.9,6,seg6,-0.07487209058598356,-0.015837518729997196,0.08601800177231286,-0.9497558333396697,-0.0175612460245179,0.00018241849574623936
9.92,0,head,0.721803765887592,0.48572986935006,0.0871567391443684,-0.7221368262014894,0.47676928693057025,-0.00020297155188582494
9.92,1,seg1,0.5875759647909473,0.45793106949320606,0.08564949001196082,-0.7386507220796407,0.4500886749898694,-0.00017723328770859192
9.92,2,seg2,0.4174657704571017,0.4165365621867379,0.08539848261219514,-0.7436867397083828,0.41012953497066285,-0.000430191183688311
9.92,3,seg3,0.26704702486074866,0.35083530950882297,0.08547397712464139,-0.7682154029430157,0.34574721166241845,-0.00035657138112336895
9.92,4,seg4,0.13893345223904896,0.24787885670749912,0.08574613697875978,-0.8147421953382796,0.24398674707621934,-8.621681725767827e-05
9.92,5,seg5,0.029440025517402196,0.11215887717103146,0.08603270802765103,-0.8796253975760369,0.10936061722256918,0.00019872290019680439
9.92,6,seg6,-0.06889891985590582,-0.019426501370262972,0.08652309549950034,-0.9556989247703861,-0.02119982118594901,0.0006875122229337144
9.94,0,head,0.7224118389113727,0.48656797892619147,0.08811274686174739,-0.7227518540483918,0.47760230626489586,0.0007530361654931594
9.94,1,seg1,0.5886713641516516,0.45625365619416064,0.08676651354976521,-0.7397321217833287,0.44840220239419104,0.0009397902500958011
9.94,2,seg2,0.41862138686591327,0.41479067667891006,0.08668709504581841,-0.744827784455516,0.4083740913299704,0.0008584212499349597
9.94,3,seg3,0.26710019786562156,0.35160515629099226,0.08670655764780284,-0.7682749818169122,0.3465165891992941,0.0008760091420380867
9.94,4,seg4,0.1380965447413801,0.25001031033158594,0.08657588614790951,-0.8139230576840193,0.2461250927485957,0.0007435323518920484
9.94,5,seg5,0.030903921292721293,0.11271483580995459,0.08615197462357826,-0.8810938700854891,0.10990437207357046,0.0003179894961240354
9.94,6,seg6,-0.06096831978926603,-0.023093867862920423,0.08592734961144333,-0.9635987253157907,-0.02493306987109422,9.176633487670283e-05
9.96,0,head,0.72282442672745,0.4876636556644393,0.08700981916221487,-0.7231735472830425,0.47869451093278204,-0.00034989153403935935
9.96,1,seg1,0.5896114832966174,0.4542038855328656,0.08561122419572541,-0.7406551473862562,0.4463446777875655,-0.00021549910394400018
9.96,2,seg2,0.4195684558474044,0.4122151672556007,0.08547501949209532,-0.7457533837419198,0.40579078832680754,-0.00035365430378812845
9.96,3,seg3,0.26743212522485527,0.3518973146611132,0.08562889954983266,-0.7686093294171669,0.34680597469864516,-0.00020164895593209609
9.96,4,seg4,0.13745765952166633,0.25258985164898334,0.08594839182103647,-0.8133056650428713,0.24870986238218462,0.0001160380250190135
9.96,5,seg5,0.03148015545103458,0.11389030884504758,0.08626826975416399,-0.881679868166903,0.11107500818696983,0.00043428462670976054
9.96,6,seg6,-0.054115770559558025,-0.02501410070711519,0.0868487394503706,-0.9704350543878083,-0.026910272424225768,0.0010131561738039724
9.98,0,head,0.7226866209607518,0.48931590216823356,0.08816400741252402,-0.7230494985302492,0.4803478472099985,0.0008042967162697895
9.98,1,seg1,0.5904442988676024,0.45269247806538304,0.08670019147946645,-0.741475354122159,0.4448263908521229,0.0008734681797970406
9.98,2,seg2,0.42087955863949994,0.4098351278466858,0.08649159403211805,-0.7470446311959194,0.4033999185830181,0.0006629202362345987
9.98,3,seg3,0.26812628728894555,0.35178953064723534,0.08646095564061428,-0.7693025703106134,0.3466924166585157,0.0006304071348495199
9.98,4,seg4,0.1370810008702107,0.25416030534610473,0.08634799791289985,-0.8129420908882652,0.2502833967442496,0.0005156441168823883
9.98,5,seg5,0.03312081225738979,0.11463465134450906,0.08599331782715101,-0.8833266635708734,0.11180566912747213,0.00015933269969678476
9.98,6,seg6,-0.04545903777473113,-0.027209297300446307,0.08589063173800701,-0.9790732158964767,-0.02917744606872765,5.5048461440387886e-05
10.0,0,head,0.7220184320020796,0.4925723544927225,0.0868335168853835,-0.7224084373383504,0.4836097483081816,-0.0005261938108707259
10.0,1,seg1,0.5912289453027295,0.4511612800048515,0.0855545647120885,-0.7422472286665681,0.4432887149381691,-0.00027215858758090905
10.0,2,seg2,0.4224614599389259,0.4059706675655344,0.08556367180866832,-0.7485943124094365,0.39952242543384575,-0.0002650019872151299
10.0,3,seg3,0.2697313834238772,0.35024693894242687,0.0858063355856139,-0.7708947713012284,0.34513651859780226,-2.4212920150853967e-05
10.0,4,seg4,0.1376659183487651,0.2557724005029729,0.08609563285517283,-0.8135404061516754,0.2518905675805537,0.0002632790591553663
10.0,5,seg5,0.03408470350017941,0.11642931838422443,0.08626910534045053,-0.8843054590822178,0.11359225118779721,0.00043512021299629833
10.0,6,seg6,-0.039453805522752274,-0.027512902073316102,0.08670466706914347,-0.9850757131170035,-0.02953102402697955,0.0008690837925768441
10.02,0,head,0.7209283529029624,0.49500148309630926,0.08810838836796646,-0.72133861450809,0.48604786588672516,0.0007486776717122307
10.02,1,seg1,0.5917297206068346,0.4500769857138332,0.08666424656217152,-0.7427389616535791,0.44220029007434475,0.0008375232625021101
10.02,2,seg2,0.4239187508193845,0.4032457497567406,0.08650272687832952,-0.7500288723412374,0.3967854724607804,0.0006740530824460716
10.02,3,seg3,0.2710517210482274,0.3495480837202901,0.08654087995355837,-0.7722092463666473,0.34442669794016895,0.0007103314477936162
10.02,4,seg4,0.13740511974472788,0.25733168839751475,0.08643841520124543,-0.8132925950941392,0.2534519721820849,0.0006060614052279673
10.02,5,seg5,0.034372629515896896,0.11847148658298007,0.08602100216782296,-0.8846103728227173,0.11563195213484521,0.0001870170403687338
10.02,6,seg6,-0.03386813614799636,-0.027193657154942964,0.08583881010868653,-0.990663846195287,-0.029258281697017417,3.226832119909706e-06
10.040000000000001,0,head,0.7188169052697478,0.5005116192664967,0.0871500829203855,-0.7192731028549187,0.4915753855232218,-0.00020962777586873427
10.040000000000001,1,seg1,0.5921655059007851,0.4497241213864321,0.08579179999676721,-0.7431717948356403,0.4418438107727533,-3.4923302902195585e-05
10.040000000000001,2,seg2,0.4259465761125918,0.39897553414507114,0.08567733611786163,-0.7520210848546522,0.3924985264509952,-0.00015133767802182063
10.040000000000001,3,seg3,0.2732964330446703,0.3470209466737712,0.08581076377721915,-0.7744328463385577,0.34188096488989733,-1.9784728545607644e-05
10.040000000000001,4,seg4,0.1383835381768458,0.2588832375122234,0.08600193409365092,-0.8142838937338924,0.25499532382393963,0.00016958029763346205
10.040000000000001,5,seg5,0.033936764128719744,0.12117693010401465,0.08610453573053961,-0.8841970409107444,0.11834092980395877,0.0002705506030853816
10.040000000000001,6,seg6,-0.03132244724412728,-0.025582415570221125,0.08652569356010709,-0.993222857858703,-0.02766828460721517,0.0006901102835404627
10.06,0,head,0.7169385938709938,0.5045637340123691,0.08831597053368458,-0.7174285837250837,0.4956429937643936,0.0009562598374303483
10.06,1,seg1,0.5928018789373446,0.44929724730894355,0.08679893972411559,-0.7438045928022935,0.441411654721019,0.0009722164244461845
10.06,2,seg2,0.4279739846235884,0.3954652603108906,0.08652535002131559,-0.7540192058683123,0.38897149936353337,0.0006966762254321385
10.06,3,seg3,0.27551148015404686,0.3449969587228656,0.08650977636880026,-0.7766309703413987,0.33983861041777613,0.0006792278630355086
10.06,4,seg4,0.1393916735790059,0.2603806225270733,0.0864285677640344,-0.8153044574870653,0.256484265897165,0.0005962139680169426
10.06,5,seg5,0.033809032778709426,0.12400584897211989,0.08606292151974389,-0.8840928600918447,0.1211708138328654,0.00022893639228965812
10.06,6,seg6,-0.028361883433964688,-0.02383341724314742,0.08597870790445217,-0.9961978766560127,-0.025943988699585464,0.0001431246278855436
10.08,0,head,0.7138545890816669,0.5123657963016442,0.0869686530985529,-0.7144096251282255,0.5034704550703065,-0.0003910575977013331
10.08,1,seg1,0.5930934443065785,0.4503575801106847,0.08568970702492854,-0.7441049736020318,0.4424695239899408,-0.00013701627474087263
10.08,2,seg2,0.4307343424790247,0.39085235373620064,0.08574871800192063,-0.7567410732293631,0.3843357771301743,-7.995579396281871e-05
10.08,3,seg3,0.27913467121784474,0.3405769457105734,0.08606613244391552,-0.7802172465447592,0.33538859339472904,0.00023558393815076295
10.08,4,seg4,0.14240941289358225,0.2602723452851423,0.08629862839801024,-0.8183211910374424,0.2563508746791194,0.0004662746019927777
10.08,5,seg5,0.03395218564792962,0.1264379467134822,0.0861293861395776,-0.8842562512242169,0.1236016358142881,0.00029540101212337244
10.08,6,seg6,-0.02805779731287071,-0.02123582097249798,0.08613425687332998,-0.9965235729691901,-0.023349013426887253,0.00029867359676336025
10.1,0,head,0.710607335689136,0.5195615349713272,0.08888977964858817,-0.7112223769340765,0.5106929725362096,0.0015300689523339434
10.1,1,seg1,0.5932568943336336,0.4521316732513794,0.08725481005987888,-0.74428318438082,0.4442421952232855,0.0014280867602094738
10.1,2,seg2,0.4332944306250462,0.38754439760113335,0.08670559333532481,-0.759273539388919,0.3810066270499108,0.0008769195394413565
10.1,3,seg3,0.2832834088832407,0.3372670694525787,0.08644006331381211,-0.7843382912113227,0.33204430035823507,0.0006095148080473567
10.1,4,seg4,0.14556424573068696,0.2606888306979513,0.0862821638705799,-0.8214793811492732,0.2567410868596014,0.0004498100745624345
10.1,5,seg5,0.03334070575293482,0.12967947420625728,0.08608563256089038,-0.8836717729068769,0.12684814058787058,0.0002516474334361557
10.1,6,seg6,-0.030261670425887493,-0.017810778768648845,0.08639516288781841,-0.9943482840527744,-0.019905746239172028,0.0005595796112517898
10.120000000000001,0,head,0.7057911233872441,0.5321222026961864,0.08704226958886449,-0.7065108784080047,0.5232932922252911,-0.00031744110738973763
10.120000000000001,1,seg1,0.5929622526828824,0.455971605599107,0.08572069023872839,-0.7440205140707777,0.44808444696486555,-0.0001060330609410215
10.120000000000001,2,seg2,0.43797908197372504,0.3834525136422954,0.08579590993205248,-0.7639239702442105,0.37687589279930095,-3.2763863830970186e-05
10.120000000000001,3,seg3,0.28867445057949936,0.3307584452505467,0.08616809087137949,-0.7896749725490047,0.32549103003945706,0.00033754236561472917
10.120000000000001,4,seg4,0.1499040921888284,0.25779536925185514,0.08647643347581088,-0.8257949939584674,0.253811603543466,0.0006440796797934217
10.120000000000001,5,seg5,0.03363141763956335,0.13242199550600822,0.08632111316808112,-0.8839853017118741,0.12958814718805442,0.0004871280406268941
10.120000000000001,6,seg6,-0.033808385065099006,-0.01359182623424755,0.0862399987313283,-0.9908368081263912,-0.015657419270045856,0.00040441545476167795
10.14,0,head,0.7011195239475947,0.5425167007251529,0.08867342456646284,-0.7019259579273927,0.5337263135893306,0.0013137138702086076
10.14,1,seg1,0.5928953764669551,0.4601241926314065,0.08713761249025033,-0.7439882036429057,0.45223744678732136,0.0013108891905809217
10.14,2,seg2,0.44164016432835435,0.38108788625465473,0.08673041764554114,-0.7675652441377132,0.37448087482005493,0.000901743849657688
10.14,3,seg3,0.2936536868339285,0.32647084234119533,0.086528424333631,-0.7946183490666525,0.321162131682148,0.0006978758278662484
10.14,4,seg4,0.15296403451007193,0.255972395683434,0.08639340064729523,-0.8288396570209906,0.2519632241248197,0.0005610468512777661
10.14,5,seg5,0.033070361996171437,0.13531542475661087,0.08621979928045297,-0.8834483485529124,0.13248614607836687,0.0003858141529987369
10.14,6,seg6,-0.037962093151957234,-0.009307719263607312,0.08650261425941339,-0.9867189020822351,-0.011338887897414203,0.0006670309828467613
10.16,0,head,0.6956047024541221,0.5565597559441718,0.08741159503105346,-0.6965282128522926,0.5478147841979395,5.1884334799232046e-05
10.16,1,seg1,0.5929207291378781,0.4659591690497152,0.08593720044717582,-0.7440621220374568,0.4580720100641291,0.00011047714750640758
10.16,2,seg2,0.44755880476190124,0.37856054005580797,0.08581879415219543,-0.7734626435417469,0.37190435320044013,-9.879643688023854e-06
10.16,3,seg3,0.29962068481305354,0.31963348136321756,0.08596041540473329,-0.8005282305420829,0.31427534208404007,0.00012986689896853088
10.16,4,seg4,0.15715943128533197,0.2513834455515497,0.08610403083235649,-0.8329967129904771,0.24733951316072722,0.00027167703633902696
10.16,5,seg5,0.0328823933038346,0.13726910221607125,0.08594178992407966,-0.8832766475300867,0.1344413203937805,0.0001078047966254353
10.16,6,seg6,-0.04410689848610316,-0.004495793010325072,0.0858825143191764,-0.980614360991221,-0.006475982909051214,4.6931042609776874e-05
10.18,0,head,0.6910731142866138,0.5679221251456655,0.0883806205312466,-0.6920913547328215,0.5592144778436489,0.0010209098349923673
10.18,1,seg1,0.5931303766367104,0.4715165251005613,0.08692098479845589,-0.7443180181420764,0.4636274286382134,0.0010942614987864835
10.18,2,seg2,0.4517650276724287,0.3773835234362033,0.08666370514763558,-0.7776589240180297,0.3706923674502949,0.0008350313517521274
10.18,3,seg3,0.304456857669905,0.31498623397445663,0.08652316352674816,-0.8053255551678269,0.3095880024732929,0.0006926150209834031
10.18,4,seg4,0.16087131506403096,0.24848730451472836,0.08643623022536054,-0.836684362569533,0.24441257710532502,0.0006038764293430782
10.18,5,seg5,0.032752287654914856,0.1393195467518605,0.08627236000710474,-0.8831636129734025,0.1364927768186692,0.0004383748796505105
10.18,6,seg6,-0.04924210556939727,-4.212972073513663e-06,0.08645472886025621,-0.97551671682232,-0.0019418162874017585,0.0006191455836895843
10.200000000000001,0,head,0.6855618516034209,0.5808558263102167,0.08744410800183602,-0.6866879347929842,0.5721936032042828,8.439730558179592e-05
10.200000000000001,1,seg1,0.5932769425347689,0.47830757657471734,0.08590693554111248,-0.7445211033206126,0.47041702495149734,8.021224144307004e-05
10.200000000000001,2,seg2,0.45682268196660325,0.37658179061647284,0.08579905883708883,-0.7827097300062376,0.3698485657314629,-2.961495879462428e-05
10.200000000000001,3,seg3,0.3100621008217222,0.3094612517372134,0.08600822283145866,-0.8108846177460957,0.3040165571706406,0.00017767432569390507
10.200000000000001,4,seg4,0.16567875995132422,0.244439541406095,0.08628371594990965,-0.841457949943559,0.2403249401219153,0.0004513621538921875
10.200000000000001,5,seg5,0.03258837925738114,0.1403748978394513,0.08618200787494751,-0.8830084943192974,0.1375494556175502,0.000348022747493279
10.200000000000001,6,seg6,-0.055620018061858734,0.005461619026719636,0.08604217148126732,-0.9691845193398624,0.003576912029837096,0.0002065882047006945
10.22,0,head,0.6793092899912122,0.5926551770579801,0.0879326468034736,-0.680533799997144,0.5840445875386425,0.0005729361072193684
10.22,1,seg1,0.5927649782446699,0.4853891959335216,0.0866691912253584,-0.7440680996230785,0.4775026602672085,0.0008424679256889972
10.22,2,seg2,0.4610071737676327,0.3768360871576077,0.08660651191382769,-0.786896193458658,0.37006802443754616,0.0007778381179442406
10.22,3,seg3,0.3154765321291982,0.3055118908647544,0.0865560510351918,-0.8162659895515291,0.30002226684906846,0.0007255025294270467
10.22,4,seg4,0.169878036922494,0.2416797159104331,0.08655123266091286,-0.845634110435033,0.23753025813736203,0.0007188788648953975
10.22,5,seg5,0.0319336498220273,0.1423146474642591,0.08645452187504503,-0.8823699327955876,0.13949458759786426,0.0006205367475907997
10.22,6,seg6,-0.06240837246755265,0.011698354517724495,0.08675310403917848,-0.9624483106680988,0.009869933390656973,0.0009175207626118537
10.24,0,head,0.6734034472366823,0.6045563742666231,0.08791023802704737,-0.6747272197533405,0.5959945289405215,0.000550527330793138
10.24,1,seg1,0.5922346040903492,0.4920477977952001,0.08628035054231956,-0.743593165772664,0.4841654459709182,0.0004536272426501481
10.24,2,seg2,0.46653733706656997,0.37689802555056195,0.0860401080633569,-0.7924266807293308,0.3700839311521029,0.00021143426747344263
10.24,3,seg3,0.3219683515296371,0.3004340744433852,0.08607485356201737,-0.8227153195890912,0.2948905925804361,0.0002443050562526139
10.24,4,seg4,0.17437068601499012,0.23701903281479406,0.0862244265169733,-0.8500878113658068,0.23283234255666277,0.0003920727209558439
10.24,5,seg5,0.03164706441396926,0.14393611273172519,0.08607648694119836,-0.8820968533518592,0.14111838205133087,0.0002425018137441337
10.24,6,seg6,-0.07077655048648893,0.018276894794688126,0.08593228252607715,-0.9541351780717053,0.016517897136036172,9.6699249510529e-05
10.26,0,head,0.6683847341164731,0.6156064523084658,0.08815924037898634,-0.6698006542437311,0.6070859967599861,0.0007995296827321141
10.26,1,seg1,0.5918595741870588,0.49868083857914963,0.08680879176238114,-0.7432733580381675,0.49080137849640326,0.0009820684627117326
10.26,2,seg2,0.47088018125298153,0.37755247114132484,0.08671526819213246,-0.7967748216659195,0.37070220702304474,0.0008865943962490103
10.26,3,seg3,0.32750854090151693,0.29648088910009673,0.08661631678161409,-0.8282224132702521,0.29089143119103245,0.0007857682758493356
10.26,4,seg4,0.17900453762190988,0.23350385913115704,0.08655523278571231,-0.8546922444055287,0.229278721428627,0.0007228789896948501
10.26,5,seg5,0.0312797049912209,0.14542287495507136,0.08632968549544355,-0.8817418815096792,0.14260815043785616,0.0004957003679893213
10.26,6,seg6,-0.07780550301432669,0.02554017170351276,0.0864264660745512,-0.947166923884527,0.023839426940013154,0.0005908827979845821
10.28,0,head,0.6633659031098558,0.6257011096520823,0.08732025848678754,-0.6648660185425994,0.6172220779579698,-3.945220946668937e-05
10.28,1,seg1,0.5919875655069412,0.5049913073322427,0.08591346586666167,-0.7434538692195664,0.4971105633387668,8.674256699225946e-05
10.28,2,seg2,0.4762897427836979,0.37758236168274645,0.08587189495451242,-0.8021844446002274,0.37068707080797647,4.322115862896714e-05
10.28,3,seg3,0.3343263190992922,0.29116071701236823,0.08596244503011762,-0.8349956736008558,0.2855146965791853,0.00013189652435285915
10.28,4,seg4,0.18441870094014085,0.2280437545679105,0.08615426694652338,-0.8600607737693311,0.22377374197862232,0.0003219131505059203
10.28,5,seg5,0.03185658768445838,0.14571102353171891,0.0861328619754468,-0.8823211425837855,0.142891487431519,0.00029887684799256853
10.28,6,seg6,-0.0846871410709368,0.03286272997153401,0.0862729615122973,-0.9403464724856508,0.031219009898507934,0.00043737823573067325
10.3,0,head,0.6582921198245135,0.6333837978669816,0.08741668433255431,-0.659856356782004,0.6249467309647727,5.6973636300083896e-05
10.3,1,seg1,0.5910182184562204,0.5100367123381858,0.08599831224669151,-0.7425265504625705,0.5021638617963585,0.00017158894702209992
10.3,2,seg2,0.4799875284423575,0.37780022725028584,0.08593378973065713,-0.8058839155416176,0.37087415083223385,0.00010511593477367798
10.3,3,seg3,0.3396977717035214,0.28701592073598853,0.0859843046626276,-0.840332441512843,0.28132533535069015,0.00015375615686284705
10.3,4,seg4,0.18922267113391453,0.22409960223037056,0.08614581970557765,-0.864831748959815,0.21978974109837537,0.00031346590956018994
10.3,5,seg5,0.032965489130898175,0.14775989858878757,0.08610165530182087,-0.8834470591401734,0.14493106173155337,0.00026767017436664375
10.3,6,seg6,-0.09190189915199463,0.04081817340639633,0.08619370524568144,-0.9331981803318076,0.039234228778316865,0.0003581219691148191
10.32,0,head,0.6529102618246116,0.6402202997510299,0.08754523938029882,-0.6545315878661203,0.6318277911687669,0.0001855286840445891
10.32,1,seg1,0.5892508307453331,0.5145403002979014,0.08617641700039881,-0.7407967089517387,0.5066820043548105,0.0003496937007294032
10.32,2,seg2,0.4832449048478263,0.378192619252555,0.08613160179484246,-0.8091444451316258,0.3712394169298628,0.00030292799895900724
10.32,3,seg3,0.345000254792854,0.28306877150079807,0.08610334165603745,-0.8456018873862469,0.2773341883749527,0.00027279315027269047
10.32,4,seg4,0.19412568140418335,0.2199787223575802,0.08614586405520754,-0.8697002898293947,0.21562819445859224,0.00031351025919007514
10.32,5,seg5,0.03422380917141853,0.14991201815989463,0.08598494924040519,-0.8847232484559385,0.14707263330470535,0.00015096411295095757
10.32,6,seg6,-0.09884233222155332,0.05070255101888604,0.08600460796455313,-0.9263402588980044,0.04917603171248072,0.00016902468798650483
10.34,0,head,0.6489085579029495,0.6455830842884922,0.08768116634583169,-0.6505746589420967,0.6372236975579064,0.00032145564957745953
10.34,1,seg1,0.5876749404763792,0.5183419309177812,0.08628870526231146,-0.7392525156066638,0.5104966199871522,0.0004619819626420496
10.34,2,seg2,0.4861921762932575,0.3789538952278459,0.08624418088626935,-0.8120979508572015,0.37197613533728513,0.0004155070903859026
10.34,3,seg3,0.3502523836815037,0.2797440804600936,0.08621335623277203,-0.8508261617460664,0.27396589714797964,0.0003828077270072727
10.34,4,seg4,0.1987519430577281,0.21589494013606148,0.0862537125914735,-0.8742924004458255,0.21150604766303716,0.00042135879545604493
10.34,5,seg5,0.03567573474804424,0.15144433699279314,0.08609428486169061,-0.886187877777475,0.14859281416106618,0.0002602997342363855
10.34,6,seg6,-0.1043223211814126,0.06064405040920956,0.0860956881612474,-0.9209432064294624,0.059162798645591985,0.0002601048846807702
10.36,0,head,0.6464072753751074,0.6495259474397017,0.08745045331822689,-0.6481062809225534,0.6411872432010373,9.07426219726587e-05
10.36,1,seg1,0.5865491934811204,0.5213987530787123,0.08605074609423573,-0.7381522506344331,0.5135627062565861,0.0002240227945663198
10.36,2,seg2,0.4885931392328681,0.3797221827478337,0.0860568686980846,-0.8145052253605733,0.372724412168187,0.00022819490220114813
10.36,3,seg3,0.3551651123509603,0.2768828740540677,0.08614287214625266,-0.855714905392322,0.27106389945046405,0.00031232364048790207
10.36,4,seg4,0.2031202657357535,0.21226143142773463,0.08633526546633398,-0.8786303288096613,0.2078363057019306,0.0005029116703165193
10.36,5,seg5,0.03728379944016383,0.1529671942956515,0.08635349701047232,-0.8878085620541697,0.15010223421326485,0.0005195118830180895
10.36,6,seg6,-0.10781983521421572,0.07121912443461134,0.0865064814461857,-0.9175338336844122,0.06976661741696101,0.0006708981696190719
10.38,0,head,0.6438961096782966,0.6524967360339974,0.08729110761402417,-0.6456199291511547,0.6441788302208348,-6.860308223005651e-05
10.38,1,seg1,0.5849984315020943,0.5242418232593001,0.08594457428980276,-0.7366252062664582,0.5164185855021592,0.00011785099013335298
10.38,2,seg2,0.49010299089643367,0.3807354624750422,0.08599932120952883,-0.8160234586138365,0.3737250897586426,0.00017064741364537783
10.38,3,seg3,0.3592526832072099,0.27440391507296,0.08608940122092541,-0.8597817013911051,0.26855100402138377,0.0002588527151606568
10.38,4,seg4,0.20698369013717952,0.20896626138680724,0.0862464559795429,-0.882466192500568,0.20450909313772522,0.00041410218352544437
10.38,5,seg5,0.03956348502164329,0.15505267774123913,0.0862394795089298,-0.8901055268946237,0.15216867077738377,0.0004054943814755657
10.38,6,seg6,-0.11046834355553468,0.08314124396940299,0.08639066222063954,-0.9149846491644461,0.08171036845748189,0.0005550789440729176
10.4,0,head,0.6421164236183377,0.6545762838671548,0.0874569359309632,-0.6438576135617438,0.6462731189844443,9.722523470896693e-05
10.4,1,seg1,0.583866663206229,0.5262531521943362,0.08601192952638818,-0.7355102181870414,0.5184392648787672,0.00018520622671877596
10.4,2,seg2,0.49184179417492424,0.3810567629359256,0.08595589417395355,-0.8177648759595287,0.37403190640634365,0.00012722037807010034
10.4,3,seg3,0.36353950514812156,0.27125168756962004,0.08594970420335303,-0.8640421377171096,0.2653632049536735,0.0001191556975882746
10.4,4,seg4,0.21097551445855017,0.20469772744088513,0.08602944291130273,-0.8864223500067282,0.20020748166701563,0.00019708911528526496
10.4,5,seg5,0.04228954011179406,0.156089736398667,0.0859808159718213,-0.8928401193659999,0.15318300357697756,0.00014683084436707683
10.4,6,seg6,-0.11206620343601337,0.09449259083862331,0.08608331337609956,-0.9134813259654303,0.09307462167983543,0.000247730099532939
10.42,0,head,0.6409443056447737,0.6563470238750158,0.08754903562265369,-0.6427002746943884,0.6480535536126589,0.00018932492639946175
10.42,1,seg1,0.5825825003585489,0.5280683846338865,0.08606173631500394,-0.7342412086532507,0.5202651229871434,0.00023501301533453145
10.42,2,seg2,0.49285709150481977,0.38136944744770074,0.0859517031026913,-0.8187827407050892,0.3743361294029304,0.00012302930680785362
10.42,3,seg3,0.36705444129072184,0.26823980066087955,0.08587722927436114,-0.8675318830878807,0.2623221663015827,4.6680768596388256e-05
10.42,4,seg4,0.21545935556352128,0.2005999352694623,0.08589900945319708,-0.8908719283981651,0.19607251082417118,6.665565717961508e-05
10.42,5,seg5,0.04550586363237583,0.1570556924266442,0.08579157417024644,-0.8960643714723182,0.1541221555300869,-4.2410957207791866e-05
10.42,6,seg6,-0.11277409600114999,0.10612555266490498,0.08584415615268202,-0.9128702832357783,0.10471307258697192,8.572876115400807e-06
10.44,0,head,0.6413548327513403,0.657394738247476,0.08741495072293141,-0.6431195080829357,0.6490978147281863,5.5240026677186305e-05
10.44,1,seg1,0.5817645421343863,0.5294374903889834,0.08612403156672273,-0.7334346743213164,0.5216409894764691,0.00029730826705332003
10.44,2,seg2,0.4931797839598456,0.381717816720216,0.08625634152895172,-0.8191083215845354,0.3746818007229645,0.00042766773306826544
10.44,3,seg3,0.37005030184007354,0.2661200746121315,0.08641487592933543,-0.8705099966209473,0.2601775780576157,0.0005843274235706741
10.44,4,seg4,0.21960842334474134,0.1971668467697257,0.08662799497095137,-0.8949922776294311,0.19260500706630412,0.0007956411749339143
10.44,5,seg5,0.04864675032065821,0.157423043826151,0.08668292683611249,-0.8992082069584005,0.15446335147805598,0.0008489417086582629
10.44,6,seg6,-0.11156014973409906,0.11601153165440471,0.08691928517589245,-0.9141664720013849,0.11458860501839094,0.0010837018993258285
10.46,0,head,0.6417276705064002,0.6576184351638603,0.08746662251095398,-0.6434941948326511,0.649318400633389,0.0001069118146997533
10.46,1,seg1,0.5802621100162182,0.5306399588643321,0.08593350526614511,-0.7319423028235572,0.5228559215800683,0.00010678196647570526
10.46,2,seg2,0.49252994648834414,0.3824522943341365,0.08578396623068697,-0.8184646199439222,0.37542166172514296,-4.4707565196477894e-05
10.46,3,seg3,0.3723942133611071,0.2644441245991395,0.08572307090813694,-0.872839877416213,0.25848217688273756,-0.00010747759762781695
10.46,4,seg4,0.22378783294711488,0.19400574358371817,0.08580790266177553,-0.8991452314621481,0.18940922665480137,-2.4451134241931793e-05
10.46,5,seg5,0.052309104523972284,0.15788894975009682,0.08578291269140574,-0.9028743122006464,0.15489875817537627,-5.107243604848821e-05
10.46,6,seg6,-0.10918974262842783,0.12698634310192852,0.08596797199906464,-0.916628144289176,0.12554330655255452,0.00013238872249801692
10.48,0,head,0.6426599712377847,0.657207419553951,0.08753555288066721,-0.6444230422389687,0.648899639387544,0.00017584218441298038
10.48,1,seg1,0.5787117048782545,0.531770209629241,0.08631714231447665,-0.7304013588738685,0.5239990377714835,0.0004904190148072446
10.48,2,seg2,0.4914079861315956,0.3839935304916244,0.08652574307735857,-0.8173555267130591,0.3769721829731037,0.0006970692814751156
10.48,3,seg3,0.3740311280008201,0.2638113918910753,0.0866871117563611,-0.8744714688922355,0.2578358414646509,0.00085656325059634
10.48,4,seg4,0.22734711563195664,0.19158721632099115,0.08680583187528118,-0.9026842605841878,0.18696115798271545,0.0009734780792637204
10.48,5,seg5,0.05584315010248359,0.1581165418487195,0.08665547843087894,-0.9064101296912187,0.15509692726121477,0.0008214933034247085
10.48,6,seg6,-0.10616789104131652,0.13607010011132437,0.08671521127831333,-0.91972549856806,0.13460159694814453,0.0008796280017467073
10.5,0,head,0.6433054863569178,0.6563823323876165,0.08749678794032746,-0.6450616675011309,0.648069207948133,0.00013707724407323318
10.5,1,seg1,0.5764299918158056,0.5327791701321395,0.0858336417804896,-0.7281281227896919,0.5250269548405361,6.918480820197748e-06
10.5,2,seg2,0.48931122241088887,0.38567958794490764,0.08554377039019186,-0.815272869284822,0.3786756341383572,-0.00028490340569159445
10.5,3,seg3,0.3752196689585244,0.26364539249209945,0.08539339962573166,-0.875658587006579,0.2576599551631192,-0.00043714888003310026
10.5,4,seg4,0.23131310237133212,0.18949905021989233,0.08549099592230945,-0.9066327293870705,0.1848400538848945,-0.0003413578737080092
10.5,5,seg5,0.059668207287082414,0.15796854040808753,0.0855388445870042,-0.9102338225075365,0.15491709362427852,-0.00029514054045003124
10.5,6,seg6,-0.10269567229726906,0.14455186558100344,0.08586321129666093,-0.9232681938117234,0.1430541680894556,2.7628020094302985e-05
10.52,0,head,0.6460178097418207,0.6546947083801626,0.08777830250313572,-0.6477598502317108,0.646359066759081,0.0004185918068814881
10.52,1,seg1,0.5753742677561817,0.5334842411626275,0.08652287576105051,-0.7270783038592421,0.5257407886175877,0.0006961524613811054
10.52,2,seg2,0.48717132817898123,0.38802621686253974,0.08672129920652864,-0.8131525810126727,0.38103999287664503,0.0008926254106451925
10.52,3,seg3,0.3757106374721992,0.2652395259908334,0.08692873739813367,-0.8761628070581587,0.2592499469344116,0.0010981888923689148
10.52,4,seg4,0.23404334139462318,0.18876822266678966,0.08712998408298647,-0.9093567908955539,0.1840865268887184,0.001297630286969012
10.52,5,seg5,0.06290704309659807,0.1573829270563264,0.08704712363498245,-0.9134676718544443,0.1543045425657693,0.0012131385075282164
10.52,6,seg6,-0.0992564265489608,0.1496604535204443,0.08717784494343296,-0.9267498410352226,0.14813395299262735,0.0013422616668663373
10.540000000000001,0,head,0.6533952340471743,0.6479330596878653,0.08790593763026346,-0.6550807393570028,0.6395362473397502,0.000546226934009228
10.540000000000001,1,seg1,0.5750217401876672,0.5349761024129823,0.08632175989796491,-0.7267382057985545,0.5272355324036494,0.0004950365982955007
10.540000000000001,2,seg2,0.47994609108432745,0.3921321418928611,0.0860265914812472,-0.8059617692856524,0.3852059139188586,0.00019791768536374377
10.540000000000001,3,seg3,0.3731133779026125,0.2726185713913641,0.08594309592113868,-0.8736270558989769,0.26665035464971476,0.00011254741537392032
10.540000000000001,4,seg4,0.23691086897521016,0.1900802648629482,0.08589025551751708,-0.9122351397434226,0.1853746561753961,5.790172149962303e-05
10.540000000000001,5,seg5,0.06853181073949882,0.15363877880922386,0.08564549346817245,-0.919061080767589,0.15051370705626987,-0.0001884916592817809
10.540000000000001,6,seg6,-0.09501250730971328,0.1516210624661507,0.08565231188202035,-0.9310099321175348,0.15005917036116084,-0.0001832713945462694
10.56,0,head,0.6694337762645344,0.6356514083501357,0.08752404853372485,-0.6710165014128041,0.6271215268952814,0.00016433783747062114
10.56,1,seg1,0.5793868638312705,0.533794470074454,0.0866732006745612,-0.7310933430853399,0.5260176085066671,0.0008464773748917964
10.56,2,seg2,0.4736920649975775,0.3978992195478406,0.08723187768687748,-0.7997559612931653,0.3910248463062153,0.0014032038909940342
10.56,3,seg3,0.36722603002479,0.2827721784298403,0.08804007495797711,-0.8678244240713437,0.27685261247802107,0.0022095264522123542
10.56,4,seg4,0.23698009509273463,0.19767004414136555,0.08890577182185504,-0.9123675359184917,0.19296359635194563,0.0030734180258375765
10.56,5,seg5,0.07434718255949516,0.15237252658477707,0.08959554536018996,-0.9248657116728015,0.1491990952687888,0.0037615602327357306
10.56,6,seg6,-0.09015302505179543,0.1493959705911276,0.0903399991723363,-0.9358507258061234,0.1477937083487828,0.004504415895769678
10.58,0,head,0.6855775829744405,0.6242609174654271,0.08984348996610692,-0.6870649417629365,0.6155970598801273,0.0024837792698526873
10.58,1,seg1,0.5823345047885984,0.5339567631640239,0.08847774495641676,-0.7340422327605888,0.526155361701406,0.0026510216567473543
10.58,2,seg2,0.4664183947628958,0.408136610565439,0.0881118219055813,-0.7925677524947093,0.4013224240696528,0.0022831481096978468
10.58,3,seg3,0.358963399199031,0.29654202294552046,0.08814478989437291,-0.8596766908168222,0.2906907528499834,0.002314241388608154
10.58,4,seg4,0.2344667786012535,0.20708028996381742,0.08870908651911093,-0.9099326313393838,0.20239443544054406,0.002876732723093467
10.58,5,seg5,0.079866194460564,0.15014767938142343,0.08986623980032699,-0.930366014195059,0.1469283884178044,0.0040322546728727565
10.58,6,seg6,-0.08262791763147334,0.13980598957181853,0.09181121393899158,-0.9432957517061401,0.1381414253556246,0.005975630662424958
10.6,0,head,0.7024522502538,0.6110550374629761,0.08809454389630873,-0.7038291072308219,0.6022511834171691,0.0007348332000545049
10.6,1,seg1,0.5876625239193102,0.5341646757753896,0.08658274783381327,-0.7393717978610521,0.5263189200962872,0.0007560245341438621
10.6,2,seg2,0.4613274218436393,0.4203675932107003,0.08675038326982047,-0.7875787587817432,0.4135953570305232,0.0009217094739370213
10.6,3,seg3,0.3505900973044253,0.31105279911107264,0.08728609030058347,-0.8514244573669842,0.3052707203611354,0.0014555417948187155
10.6,4,seg4,0.23005451409798378,0.216184816307192,0.08761065128810223,-0.9055962999147673,0.21153537126558716,0.0017782974920847738
10.6,5,seg5,0.08316674566440944,0.1475938903853014,0.08724099035806727,-0.9336451949665804,0.1443472162126823,0.0014070052306130454
10.6,6,seg6,-0.07417095602652637,0.12594465871695795,0.0863203112863244,-0.9516370475346525,0.12421018432876199,0.00048472800975778163
10.620000000000001,0,head,0.715612960159646,0.5955486190035371,0.08998068974564159,-0.7168602957690975,0.5866357607867577,0.0026209790493873647
10.620000000000001,1,seg1,0.594187487500641,0.5320283243068094,0.08812599318695415,-0.7458787537993563,0.5241283330179253,0.0022992698872847384
10.620000000000001,2,seg2,0.4597817806203483,0.4282999771653718,0.08720203300341084,-0.7860991951762908,0.42154033113573464,0.0013733592075273887
10.620000000000001,3,seg3,0.34700176987367704,0.3200033319591382,0.08646944530873865,-0.8479107527307757,0.3142508101013559,0.0006388968029738956
10.620000000000001,4,seg4,0.22894853041182137,0.22024687607648713,0.08586549186685069,-0.9045241645202471,0.2156064958250943,3.313807083323017e-05
10.620000000000001,5,seg5,0.085360953810942,0.14438936054789217,0.0853944650283307,-0.9358126546548321,0.1411245341978966,-0.00043952009912352763
10.620000000000001,6,seg6,-0.06843088793583874,0.11839942564492946,0.08558561041607159,-0.9573141151090854,0.1166174359759796,-0.0002499728604950374
10.64,0,head,0.7277915945106048,0.5818622172559351,0.08667271423379803,-0.7289245914233475,0.5728484659903834,-0.0006869964624561936
10.64,1,seg1,0.6040879530679915,0.5273660176244754,0.08590725686737478,-0.7557400703656314,0.5193837827104087,8.053356770537645e-05
10.64,2,seg2,0.4622149019105279,0.4337309057662581,0.08661058884200783,-0.7885774357505616,0.4269508198693246,0.0007819150461243762
10.64,3,seg3,0.34387313159061317,0.32758180704761675,0.08749158164237385,-0.8448453011897985,0.32185506345205595,0.0016610331366090914
10.64,4,seg4,0.22694055268822716,0.22718594538786685,0.0884432624441698,-0.9025740127156375,0.22256203788772239,0.0026109086481523464
10.64,5,seg5,0.08594932152386263,0.14624163392191597,0.08925192388608905,-0.9364164191225506,0.14297184621410458,0.003417938758634817
10.64,6,seg6,-0.0681031842877716,0.11243531905315085,0.09005817461435622,-0.9575921660069704,0.11065080838435071,0.0042225913377896
10.66,0,head,0.7363144730380771,0.5749395756410102,0.0903499613704532,-0.7373895550906118,0.5658551251988021,0.0029902506741989743
10.66,1,seg1,0.6099671265868254,0.5290129696582867,0.08975351357679533,-0.7616327484036635,0.5209817432240916,0.003926790277125919
10.66,2,seg2,0.4616669782063423,0.442684575566584,0.08957787735014358,-0.7881040556319302,0.43590874008229996,0.0037492035542601304
10.66,3,seg3,0.34159690811877175,0.3382435223564706,0.0886489763251648,-0.8426578978469361,0.3325353552662154,0.002818427819400046
10.66,4,seg4,0.2257423613495814,0.23371495620065888,0.08771278672242853,-0.9014302061811624,0.22910079551352563,0.0018804329264110742
10.66,5,seg5,0.08590800507676195,0.1446840149509015,0.08743402675603706,-0.9363621394852019,0.1414146250902323,0.001600041628582835
10.66,6,seg6,-0.0686370740427718,0.10316340076377759,0.0888945475169711,-0.9569811212438777,0.1013836550278553,0.0030589642404044715
10.68,0,head,0.7457359395115952,0.5701981131416354,0.09150455584703884,-0.7467712303132256,0.5610354086974625,0.004144845150784615
10.68,1,seg1,0.6155316746388871,0.5301165551597717,0.08977291497225603,-0.7672062892389214,0.522038974768149,0.003946191672586627
10.68,2,seg2,0.4626731081535337,0.4518115245394796,0.08910194174224091,-0.7891861175972862,0.4450269985195013,0.003273267946357461
10.68,3,seg3,0.33850834946734615,0.349726107972876,0.08856305834301127,-0.839665019861645,0.34404325031027716,0.002732509837246516
10.68,4,seg4,0.22104281427606629,0.24200396146064765,0.08804315604602966,-0.8967998142631912,0.2374286296605132,0.002210802250012203
10.68,5,seg5,0.08304855394364506,0.14578619098300866,0.08737680502554111,-0.9335119612093737,0.14254056318073416,0.0015428198980868835
10.68,6,seg6,-0.06966257195125006,0.09325878170418297,0.08701980771384794,-0.9558732191610414,0.0914879146487419,0.0011842244372813199
10.700000000000001,0,head,0.7560169802558729,0.5622853906230549,0.08842369756591853,-0.7569860544963943,0.5530373874835786,0.0010639868696643018
10.700000000000001,1,seg1,0.6215958201846864,0.5307616234862895,0.08643748367005509,-0.7732755938590362,0.5226335466910079,0.0006107603703856823
10.700000000000001,2,seg2,0.463382168927989,0.4608416814263214,0.08590800256626584,-0.7899703150450684,0.4540509408367892,7.932877038238639e-05
10.700000000000001,3,seg3,0.33523696579686485,0.36106720878048637,0.08601908633562065,-0.8364881455615027,0.3554111871647572,0.00018853782985589485
10.700000000000001,4,seg4,0.2167657248151487,0.24992666712292247,0.08630449677542797,-0.892588816481022,0.24538666063206366,0.00047214297941050587
10.700000000000001,5,seg5,0.08110023053123827,0.14702590560293538,0.08625576773608999,-0.9315740238759815,0.14379645145190229,0.00042178260863576233
10.700000000000001,6,seg6,-0.06930772499402599,0.0861324471313656,0.08589471902357738,-0.9561687387874466,0.08435887341186264,5.913574701076063e-05
10.72,0,head,0.7630519216375864,0.5571906397614204,0.08723717337487893,-0.7639783467501753,0.5478842587622116,-0.00012253732137529338
10.72,1,seg1,0.6264609484669585,0.5284409579694593,0.08671814364653972,-0.7781212378826973,0.5202724673535839,0.0008914203468703141
10.72,2,seg2,0.4655375417759529,0.46337673546084107,0.08729114135465173,-0.7921467133954552,0.4565679671163006,0.0014624675587682767
10.72,3,seg3,0.33402537055656956,0.3663872869952532,0.08739677188681216,-0.8353208732100076,0.3607411656351402,0.0015662233810474074
10.72,4,seg4,0.2147757494441786,0.25473316636421417,0.08723478272105001,-0.8906389162597547,0.25020955665626005,0.0014024289250325478
10.72,5,seg5,0.08216240961348395,0.14760729584772386,0.08711051266591319,-0.9326410052841232,0.14436898065996104,0.0012765275384589575
10.72,6,seg6,-0.06498677977871568,0.07761357267940015,0.08769034635701405,-0.9604186286781611,0.07580432927458428,0.0018547630804474219
10.74,0,head,0.7651578220364997,0.5560409096966966,0.0881214171503712,-0.7660746045853715,0.5467170403594206,0.0007617064541169671
10.74,1,seg1,0.629255617160395,0.5280306169299712,0.0869471500488498,-0.7809123943537125,0.5198388794981933,0.001120426749180392
10.74,2,seg2,0.46694839114532455,0.4660796387986476,0.08694126943678014,-0.7935800111273529,0.4592590338208219,0.0011125956408966908
10.74,3,seg3,0.3324293404657165,0.37199943824163484,0.08683192254933646,-0.8337716103533132,0.3663664068089633,0.0010013740435717011
10.74,4,seg4,0.21216183907061928,0.26031187199853995,0.08659518085762749,-0.8880715299996925,0.25580982555929266,0.0007628270616100302
10.74,5,seg5,0.08269959763488653,0.148614353158555,0.08625529871677201,-0.9331865567966898,0.145371531877981,0.0004213135893177816
10.74,6,seg6,-0.05963635727470905,0.0689422036080153,0.08627565720408499,-0.9656966909292688,0.06708872709150347,0.0004400739275183668
10.76,0,head,0.7665607047513562,0.55412678970512,0.08685380923224617,-0.7674615067973383,0.5447913099764176,-0.0005059014640080572
10.76,1,seg1,0.631343109383789,0.5279529970645105,0.08528756514770801,-0.7829991682088182,0.5197438873748838,-0.0005391581519613997
10.76,2,seg2,0.4674849526899908,0.4688570635883306,0.08514634190496938,-0.7941396715884731,0.46203189640699677,-0.000682331890914073
10.76,3,seg3,0.3308575559743893,0.37725997439805875,0.08548085538942699,-0.8322436656377579,0.3716398432678656,-0.0003496931163377709
10.76,4,seg4,0.21004432625033223,0.2656068349847839,0.08601910565028391,-0.8859981624059493,0.26112222994811884,0.00018675185426644814
10.76,5,seg5,0.08297484552496726,0.15074678034235597,0.08643758202383939,-0.9334795441086302,0.1475015942081131,0.0006035968963851585
10.76,6,seg6,-0.055936782194412046,0.06515573701827135,0.08675096524155586,-0.9693646217373411,0.06327159877354563,0.0009153819649892342
10.78,0,head,0.7680617821099981,0.5517988499538796,0.08774832308286303,-0.7689431558813439,0.5424509568591203,0.00038861238660879704
10.78,1,seg1,0.6333227284478521,0.5266325829015857,0.08659871895988251,-0.7849677284185471,0.5184070418711947,0.000771995660213104
10.78,2,seg2,0.46812831922572834,0.46972856913185557,0.08671595572745412,-0.7947902696913886,0.4628980167913277,0.0008872819315706715
10.78,3,seg3,0.3299818668802532,0.38016784770124873,0.08691671541344012,-0.8313922101499215,0.3745549045175,0.001086166907675365
10.78,4,seg4,0.2102875090924431,0.2690853662813795,0.0870985350315298,-0.8862702898880489,0.2645986166512315,0.001266181235512337
10.78,5,seg5,0.08624017423829093,0.15031803173096803,0.08712549725462998,-0.9367411910831415,0.14704568194627993,0.0012915121271757507
10.78,6,seg6,-0.049542169796860575,0.05777587017133742,0.08732899811390395,-0.9756975873477679,0.05583876291055481,0.001493414837337323
10.8,0,head,0.7692282537423397,0.5486239648535053,0.08767129585403512,-0.7700831613997681,0.5392664727741511,0.0003115851577808887
10.8,1,seg1,0.6345354931034846,0.5245822364273449,0.086473894741306,-0.7861633852950586,0.5163466721451833,0.0006471714416365903
10.8,2,seg2,0.4682471738593003,0.47128805739973817,0.08647218585921615,-0.7949221003881302,0.4644564617691764,0.0006435120633326991
10.8,3,seg3,0.3287865852121762,0.3851568819021266,0.0864684350327011,-0.8302384954074669,0.3795537146575626,0.000637886526936346
10.8,4,seg4,0.2094115160526383,0.27397753591741686,0.08635617883777394,-0.8854350464752533,0.2694979080280325,0.0005238250417564788
10.8,5,seg5,0.08902854889476623,0.15037060381437423,0.08602865497133846,-0.9395299067271967,0.14707504356611598,0.0001946698438842348
10.8,6,seg6,-0.041228545199649455,0.049150303542513964,0.08593667209299068,-0.9839391302775242,0.04714429778949551,0.00010108881642405254
10.82,0,head,0.76975987523155,0.5493862043305682,0.08715099602139566,-0.770621108866315,0.5400242609710756,-0.00020871467485857054
10.82,1,seg1,0.6348943048737324,0.5239258675813844,0.08551404717636164,-0.7865167214427838,0.5156873395166022,-0.0003126761233077646
10.82,2,seg2,0.46893985413044664,0.47188068091579427,0.08526988321230351,-0.7956196892830819,0.46504329933053307,-0.0005587905835799378
10.82,3,seg3,0.32867837594609295,0.3888150762590122,0.08556760073073874,-0.8301607383536223,0.3832126829600464,-0.0002629477750260151
10.82,4,seg4,0.2082036957634657,0.27826150667310795,0.08617498762557402,-0.8842629250500652,0.2737917835095712,0.0003426338295565573
10.82,5,seg5,0.08976890358605126,0.15225399079815158,0.08675714772999939,-0.940285911878217,0.1489522030721695,0.0009231626025451578
10.82,6,seg6,-0.03621854514708238,0.04435142142692825,0.08727765720058127,-0.9889090139674199,0.042303881878409014,0.0014420739240146446
10.84,0,head,0.7708288332872333,0.5483391308527503,0.08756592632368917,-0.7716813147253497,0.5389683264422773,0.00020621562743494692
10.84,1,seg1,0.6362879087385247,0.5222802050193833,0.08645456140315871,-0.7878965795935907,0.5140301344950738,0.000627838103489306
10.84,2,seg2,0.46993503301529077,0.4718278281480243,0.08662677258088705,-0.7966143937825872,0.4649821651627297,0.0007980987850036009
10.84,3,seg3,0.32837359776089226,0.39102609019841383,0.08682697110115783,-0.8298743737880234,0.3854261570886398,0.0009964225953930789
10.84,4,seg4,0.2084016079729995,0.2808090313771313,0.08689675903923778,-0.8844820343659144,0.27633757267366155,0.0010644052432203233
10.84,5,seg5,0.09348253867067667,0.15117915203600543,0.08671749784168419,-0.9439904720547001,0.14784649162523894,0.0008835127142299559
10.84,6,seg6,-0.026645190526345,0.03696550811147297,0.08672829413683308,-0.9984205613631246,0.03483854194457186,0.0008927108602664602
10.86,0,head,0.7717448120262859,0.5471544926903343,0.08746187205844423,-0.7725874015667092,0.5377761052958148,0.0001021613621900036
10.86,1,seg1,0.6378646082936257,0.5213084092743736,0.08601206350605052,-0.789465135927555,0.5130452489768497,0.0001853402063811127
10.86,2,seg2,0.46995151556942866,0.4732048179290019,0.08582063128574793,-0.7966423369456708,0.46635897005491445,-8.042510135516934e-06
10.86,3,seg3,0.32678850357927536,0.39521432494849723,0.0859059405777634,-0.8283241946939648,0.38962744006678124,7.539207199865061e-05
10.86,4,seg4,0.2063115909730167,0.2846849393198746,0.08607656919468744,-0.8824243503358585,0.280230742317124,0.000244215398669978
10.86,5,seg5,0.09506479523167206,0.1503881021062865,0.08611723620392561,-0.9455660896143225,0.14704229940836222,0.00028325107647138303
10.86,6,seg6,-0.016517131988090267,0.030006784097271314,0.08631771486114455,-1.0084903491113109,0.02779575951457373,0.0004821315845779245
10.88,0,head,0.7727971912269573,0.5468723430877832,0.0874609999870261,-0.7736373958808259,0.5374852061372684,0.00010128929077186932
10.88,1,seg1,0.6391976323756476,0.5200931842788841,0.08618028392199284,-0.7907879990803345,0.5118189708388456,0.00035356062232343166
10.88,2,seg2,0.47103650206091147,0.47328581979539336,0.0861683207337683,-0.7977279600610339,0.46643093838365635,0.0003396469378848521
10.88,3,seg3,0.3262357249716991,0.39752207352783725,0.08631218368602799,-0.827790643453783,0.3919397096809251,0.00048163518026322905
10.88,4,seg4,0.20502125799929558,0.28734458450927397,0.08642353088029117,-0.8811561992399816,0.28290103528127486,0.0005911770842737113
10.88,5,seg5,0.09783573220094016,0.1507375629894917,0.08635152065484746,-0.9483398392871885,0.14736868468396908,0.0005175355273932258
10.88,6,seg6,-0.006701437141698078,0.02400521942642111,0.0864574475549759,-1.0182557507684142,0.021712703187221984,0.0006218642784092815
10.9,0,head,0.773437579802329,0.5471880765935454,0.08738653558672525,-0.7742803902364958,0.5377955985222735,2.6824890471024987e-05
10.9,1,seg1,0.640264508396148,0.5184024312527439,0.08599583984534814,-0.7918407654005276,0.5101193963881495,0.00016911654567873524
10.9,2,seg2,0.4723507962826812,0.4723063527145612,0.08587073490868599,-0.799034056300054,0.46544056588905985,4.20611128025411e-05
10.9,3,seg3,0.3262846285453228,0.39929728225920913,0.08595895240871783,-0.827854321032467,0.3937144498775242,0.00012840390295307258
10.9,4,seg4,0.2039000449810581,0.2900102294597254,0.0860773729913971,-0.8800572121794711,0.28557592015259275,0.0002450191953796421
10.9,5,seg5,0.09936861614735971,0.1514020725750981,0.08607599064140771,-0.9498782010864736,0.14802041250818104,0.00024200551395348047
10.9,6,seg6,0.0017799797157561038,0.01978825302418794,0.08626027913974878,-1.026701774507253,0.017425288984770772,0.00042469586318215347
10.92,0,head,0.77411183322003,0.5475056210995702,0.08751417341233293,-0.7749572633350285,0.5381075199755784,0.00015446271607870432
10.92,1,seg1,0.6413158662949873,0.516584137173428,0.08615625547404973,-0.7928769525666672,0.508292414465161,0.0003295321743803231
10.92,2,seg2,0.47324295790580295,0.47090056052214746,0.08605997885945676,-0.7999144861061791,0.4640273966117194,0.00023130506357331437
10.92,3,seg3,0.3258845244863333,0.4009015820478755,0.08611602686876974,-0.8274675839956324,0.3953220243032511,0.000285478363004979
10.92,4,seg4,0.2020922214027195,0.293038785290063,0.08610097147995231,-0.8782746589803451,0.28861941823864107,0.00026861768393485197
10.92,5,seg5,0.09949463368151083,0.15267444961461163,0.08588933222655701,-0.9500148047059271,0.14929169658373095,5.5347099102778796e-05
10.92,6,seg6,0.008603558389567353,0.017164761782393984,0.08589253443300959,-1.033503280554994,0.014745093527064148,5.695115644296922e-05
10.94,0,head,0.7747355108188652,0.5488008166846472,0.08754629013212281,-0.7755916997072634,0.5393974796030285,0.0001865794358685835
10.94,1,seg1,0.6420134562047671,0.5153182036215463,0.08614534212599281,-0.7935639814930099,0.5070207184738493,0.0003186188263234052
10.94,2,seg2,0.4739821412587956,0.46934868365734955,0.08601784633035074,-0.8006407270261797,0.46246942101534855,0.0001891725344672912
10.94,3,seg3,0.3256725572772568,0.4020556328755887,0.08610927878892664,-0.8272652297080745,0.3964777994340478,0.00027873028316188764
10.94,4,seg4,0.20058011769863374,0.29619478886675565,0.08621496491562207,-0.8767888762051063,0.2917878982736949,0.0003826111196046089
10.94,5,seg5,0.09909236297158686,0.15515274961396533,0.08620113969880705,-0.9496331757104834,0.15177325897880894,0.0003671545713528207
10.94,6,seg6,0.013356065097799186,0.016558358825703823,0.08641221967020374,-1.0382505753280278,0.014099154757912328,0.0005766363936371144
10.96,0,head,0.774758586637117,0.5518442863629911,0.08740234713817173,-0.7756401066160533,0.5424406517880297,4.2636441917501267e-05
10.96,1,seg1,0.6425660169487364,0.5145698180572998,0.08604881874226568,-0.7941102940148773,0.5062677596722104,0.00022209544259627068
10.96,2,seg2,0.4750247942000612,0.46712858585162287,0.08599150282603439,-0.8016648651797347,0.4602407217388145,0.00016282903015094052
10.96,3,seg3,0.32624677632691823,0.4020969891133275,0.08611908622609438,-0.8278397730897071,0.3965143748080878,0.00028853772032962077
10.96,4,seg4,0.2002261808859155,0.2987412918984916,0.08618775265670102,-0.8764561471108961,0.29433725903825475,0.00035539886068355897
10.96,5,seg5,0.09931226568403059,0.15724966126352097,0.08604490897949531,-0.9498705241534009,0.15386826766271136,0.00021092385204107833
10.96,6,seg6,0.018529087757413326,0.01615191502571569,0.08612750417442473,-1.043420035817647,0.013649668113820243,0.0002919208978581084
10.98,0,head,0.7740344808567176,0.555093764963145,0.08748498735396089,-0.7749430724945651,0.545696044819211,0.00012527665770666052
10.98,1,seg1,0.6431135039445484,0.5139957196868677,0.0860849067530054,-0.794652983619175,0.5056891242577468,0.0002581834533359889
10.98,2,seg2,0.4760045745484497,0.46522399944273185,0.08596756011507976,-0.8026287590328416,0.45832804624102363,0.000138886319196313
10.98,3,seg3,0.32643990827162767,0.4028745043782647,0.08605968998031649,-0.828039369882824,0.39729025563363607,0.0002291414745517334
10.98,4,seg4,0.19889924802997355,0.30198786229011393,0.08611130522483686,-0.8751562825896094,0.29759476150763453,0.00027895142881939616
10.98,5,seg5,0.09840828181750211,0.15937871474662052,0.08595416316675575,-0.9489842924765582,0.15600477157791975,0.00012017803930151894
10.98,6,seg6,0.023572780002870594,0.015927650419531474,0.08606432845765369,-1.0484616867158698,0.013383430816319541,0.00022874518108706443
11.0,0,head,0.7731647004244587,0.5582641097252357,0.08765514199200078,-0.7740997101080369,0.5488735192558879,0.000295431295746551
11.0,1,seg1,0.6437554320852186,0.5134142528426466,0.08619586671428635,-0.7952900497664586,0.5051023345572105,0.00036914341461694034
11.0,2,seg2,0.477193236634599,0.4634086852135587,0.08599233742685886,-0.803802270432464,0.4565029012329531,0.00016366363097540526
11.0,3,seg3,0.3265629878018645,0.4037194558536516,0.086022254162759,-0.8281694779838398,0.3981341534050346,0.00019170565699423714
11.0,4,seg4,0.19710600782022353,0.305001895295108,0.08605557453863376,-0.8733881913752221,0.3006236158887984,0.00022322074261629798
11.0,5,seg5,0.09780473253499199,0.16194744602993988,0.08595215633646437,-0.9484021445727927,0.15857843743820677,0.00011817120901014277
11.0,6,seg6,0.029184589068829134,0.015515104080198858,0.08614532560012604,-1.0540698676187379,0.01292418966761593,0.0003097423235594171
11.02,0,head,0.7721326399098095,0.5619193408816123,0.0875622237829802,-0.7730981091438642,0.5525372140058447,0.000202513086725975
11.02,1,seg1,0.6446151774654955,0.5129642188607945,0.08614824120757074,-0.7961460195710648,0.5046451601952231,0.00032151790790133083
11.02,2,seg2,0.4787343492180303,0.4609157308107775,0.08599408136583207,-0.8053225798783085,0.4539972059526443,0.00016540756994862238
11.02,3,seg3,0.32738887461495375,0.40324704437059056,0.08606679043160251,-0.8289914041381427,0.3976548841339895,0.00023624192583775183
11.02,4,seg4,0.19628431640999858,0.3071524322881713,0.08612123654886246,-0.8725844281190489,0.3027809176201541,0.00028888275284499887
11.02,5,seg5,0.09755287701382394,0.1646149224292238,0.08601975526927501,-0.9481725001387912,0.16124791772062014,0.0001857701418207791
11.02,6,seg6,0.03428114481509407,0.01670772051822478,0.08621137868631344,-1.059176173395779,0.014074344332039771,0.000375795409746818
11.040000000000001,0,head,0.7703575906351122,0.5670224409972047,0.08755581872000456,-0.7713655962893464,0.5576549117231658,0.00019610802375033543
11.040000000000001,1,seg1,0.6453861680816122,0.5131190189883719,0.08618426045186076,-0.7969182719372154,0.504793537729102,0.00035753715219134785
11.040000000000001,2,seg2,0.48044067104908084,0.45773251035052975,0.08609103992264242,-0.8070023475169508,0.4507998934296825,0.0002623661267589644
11.040000000000001,3,seg3,0.3289020073311673,0.40144343172637914,0.0862224941870936,-0.8304894723247221,0.39583873962009547,0.0003919456813288452
11.040000000000001,4,seg4,0.19689685310433142,0.30884880978923995,0.08627739946979425,-0.873211063153698,0.304472137996499,0.0004450456737767894
11.040000000000001,5,seg5,0.09780704977941804,0.16697762354805548,0.08604715731302892,-0.9484463297088475,0.1636084214249723,0.00021317218557469209
11.040000000000001,6,seg6,0.03892851099271413,0.018306705221750874,0.08608118842041557,-1.0638366875128553,0.015634591951377546,0.0002456051438489426
11.06,0,head,0.7678185552640657,0.5739876318260103,0.08748213946739779,-0.7688846226517729,0.5646409945816729,0.00012242877114355954
11.06,1,seg1,0.6456147996317312,0.514341594897454,0.08610092517177056,-0.7971570715054352,0.5060141683060556,0.0002742018721011569
11.06,2,seg2,0.482263251125477,0.45435887499704963,0.08598139327218826,-0.8087967844823151,0.4474112049503336,0.00015271947630481064
11.06,3,seg3,0.3316411554473539,0.39881615741258225,0.08612128840793733,-0.8332066578108133,0.3931887574020916,0.00029073990217257095
11.06,4,seg4,0.1991048566116231,0.3100622919281457,0.08622591432892038,-0.8754290904233389,0.3056672000954603,0.00039356053290291737
11.06,5,seg5,0.09815604274864108,0.16932694669929244,0.08604160899920837,-0.9488148648483572,0.16595475840257135,0.0002076238717541451
11.06,6,seg6,0.04142147435077108,0.020394163508511337,0.08615117718376349,-1.0663469391792997,0.017701228100821767,0.0003155939071968622
11.08,0,head,0.7643254133028077,0.5826344515604615,0.0878699859364823,-0.7654635722746572,0.5733165894660187,0.000510275240228078
11.08,1,seg1,0.6455011745626897,0.5162933211964172,0.08638716793462865,-0.7970596952904483,0.5079667727399152,0.0005604446349592451
11.08,2,seg2,0.4850438392601283,0.4506466827360971,0.08612906746633414,-0.8115463783901438,0.44367599744632225,0.000300393670450691
11.08,3,seg3,0.3358503115275493,0.3951518345462891,0.08615912696714599,-0.8373851686130274,0.389489527151102,0.0003285784613812348
11.08,4,seg4,0.20212440794836878,0.3099723694565519,0.08618680825760658,-0.8784477887064548,0.3055521479298366,0.0003544544615891182
11.08,5,seg5,0.09837096339295551,0.17201173307053655,0.0859775275645208,-0.9490521244879129,0.16863766291186877,0.00014354243706657388
11.08,6,seg6,0.041634787059732,0.02268846399808674,0.0861018386048878,-1.0665793407851332,0.01999367363820668,0.0002662553283211827
11.1,0,head,0.7599685060753679,0.5927087007943971,0.08796126582850614,-0.761190667559781,0.5834267538322001,0.0006015551322519075
11.1,1,seg1,0.6451291334999897,0.5192449519039741,0.08645741203548442,-0.7967122345963562,0.5109213978349413,0.0006306887358150104
11.1,2,seg2,0.48858057072786115,0.44732497764115936,0.08621816828525623,-0.8150553396031608,0.44032496992974957,0.0003894944893727825
11.1,3,seg3,0.34074630577738674,0.39088625041821834,0.0862771765172569,-0.8422454892797847,0.38518333966541257,0.00044662801149214504
11.1,4,seg4,0.20564067448014897,0.3088722773939407,0.0862967072794748,-0.8819547769746205,0.3044228268264726,0.0004643534834573443
11.1,5,seg5,0.09871031727688584,0.17494549252207725,0.08602248831774414,-0.9494158853490009,0.17156849617460856,0.00018850319028991536
11.1,6,seg6,0.04028777073053239,0.02517476064679165,0.08600156195191626,-1.0652530654551904,0.022491095862313758,0.0001659786753496345
11.120000000000001,0,head,0.7543161665784581,0.6049610119110238,0.08794164343291415,-0.7556405042393033,0.5957256869810171,0.0005819327366599208
11.120000000000001,1,seg1,0.6443968608317644,0.5240738495011804,0.08645533643981844,-0.7960201799408197,0.5157562231284322,0.0006286131401490314
11.120000000000001,2,seg2,0.4921346052915495,0.4448869376564619,0.08625764864224433,-0.8185889583744563,0.43785743289360396,0.0004289748463608828
11.120000000000001,3,seg3,0.34605693360608697,0.3863456640051088,0.08636999114213546,-0.8475181402199158,0.38059870827668435,0.0005394426363707072
11.120000000000001,4,seg4,0.2097759042396347,0.30702368573106004,0.08643606368106692,-0.8860744769990587,0.3025398801977054,0.0006037098850494582
11.120000000000001,5,seg5,0.09935330894761323,0.17758870125683165,0.08620312737448332,-0.9500808551210934,0.17420626149894863,0.0003691422470290945
11.120000000000001,6,seg6,0.03811929500771711,0.028493318962007397,0.0861656080395653,-1.0631122863992146,0.02582758822479484,0.00033002476299867634
11.14,0,head,0.7478818946369898,0.6185649657034407,0.08771871911455141,-0.7493196857670962,0.6093827242892832,0.00035900841829718255
11.14,1,seg1,0.6435104838970213,0.5302522207933302,0.08625343571356428,-0.7951852585105491,0.5219417580365238,0.00042671241389487247
11.14,2,seg2,0.4964543358290124,0.44341025487481184,0.08610571620468843,-0.8228962483168313,0.43634484659707895,0.0002770424088049811
11.14,3,seg3,0.35152711446334,0.38153876134765563,0.08625379632145845,-0.8529481220160812,0.3757464418516507,0.00042324781569369474
11.14,4,seg4,0.21410127198795992,0.3044214213888674,0.08637121819834578,-0.8903780353379297,0.29990170440997393,0.0005388644023283234
11.14,5,seg5,0.10012797855812695,0.17969111595815315,0.08619773269743687,-0.9508729970489428,0.17630215552009898,0.000363747569982642
11.14,6,seg6,0.035486353552036436,0.03225646040175356,0.08617627517446433,-1.0605107581241973,0.029612514226461457,0.0003406918978977047
11.16,0,head,0.7407005216704067,0.6337032779043875,0.08744799870834549,-0.7422645631646371,0.6245802852461123,8.828801209126436e-05
11.16,1,seg1,0.6423214855744397,0.5380078345199836,0.08599473088249042,-0.7940608541297504,0.5297069995701992,0.00016800758282101147
11.16,2,seg2,0.5006785265287538,0.4429803261216808,0.08589400404322264,-0.8271167142402339,0.4358797732821153,6.533024733919313e-05
11.16,3,seg3,0.3569942022921336,0.3768269957709679,0.08608913844596654,-0.8583758027509795,0.3709893349562431,0.00025858994020178105
11.16,4,seg4,0.2186618642255339,0.3012792503328695,0.08627205900659324,-0.8949123161806679,0.2967216827528694,0.0004397052105757776
11.16,5,seg5,0.10073986818688167,0.18081431496452355,0.0861446341201881,-0.9514942142702072,0.17742022264226456,0.00031064899273386404
11.16,6,seg6,0.03194561504846315,0.03582121215168037,0.08612530969037448,-1.0569998129786375,0.03320661333094438,0.00028972641380785313
11.18,0,head,0.7335663224789727,0.6480753693903439,0.08787456317011814,-0.7352502351733694,0.639011259385393,0.0005148524738639165
11.18,1,seg1,0.6408374243022424,0.5457663655038935,0.08638812474618277,-0.7926414213016348,0.5374776141748502,0.0005614014465133571
11.18,2,seg2,0.5050485660145093,0.44342606794394185,0.08618603727438491,-0.831490312417796,0.43628912625777005,0.0003573634785014601
11.18,3,seg3,0.36185801160396336,0.3724914133476978,0.08617276902528166,-0.8632033569736882,0.36661341948686194,0.0003422205195169059
11.18,4,seg4,0.22284638513881982,0.29817952465908293,0.08620845944784353,-0.899070892014294,0.2935872351842117,0.0003761056518260669
11.18,5,seg5,0.10045702155291493,0.1819665915408389,0.08604698734385087,-0.9512209682452769,0.17857481353800167,0.00021300221639664052
11.18,6,seg6,0.026353244525232817,0.03913348238815167,0.08612728593233748,-1.0514352053873288,0.036565316137110816,0.0002917026557708591
11.200000000000001,0,head,0.7265020181396598,0.6618687993611931,0.08799765399308516,-0.7283009832057128,0.6528630102943307,0.0006379432968309368
11.200000000000001,1,seg1,0.6395399295698209,0.5538962545517654,0.08658926592137477,-0.7914116394970474,0.5456180211194784,0.0007625426217053588
11.200000000000001,2,seg2,0.5094075691832712,0.4445658457532812,0.08641866395891433,-0.835858651371144,0.43739258303849493,0.000589990163030879
11.200000000000001,3,seg3,0.36686268235276887,0.36860945790541405,0.08631561733610135,-0.8681755434540482,0.3626899428446732,0.0004850688303365963
11.200000000000001,4,seg4,0.22680523773400835,0.29471110998139266,0.08628143478121421,-0.9030007386160923,0.2900859897013066,0.0004490809851967481
11.200000000000001,5,seg5,0.10019880255751995,0.18304710144934125,0.08614466662433046,-0.9509717516661018,0.17965743526723515,0.0003106814968762278
11.200000000000001,6,seg6,0.020004541072909405,0.042108776342304415,0.08633225229889623,-1.0451114862916682,0.03959334956400673,0.0004966690223296016
11.22,0,head,0.7189504673333652,0.6756087533450387,0.08761271319030176,-0.7208640565493701,0.6666653425957848,0.0002530024940475273
11.22,1,seg1,0.6381893002430483,0.5625178619831507,0.08632972137108161,-0.7901328176871746,0.5542505716729069,0.0005029980714122001
11.22,2,seg2,0.5137407817488638,0.44603836236758015,0.08629119924926566,-0.8402039701191367,0.43882898176263185,0.00046252545338221207
11.22,3,seg3,0.37209414311970823,0.36463929209497503,0.08624850413604981,-0.8733737778900452,0.3586763712352414,0.0004179556302850579
11.22,4,seg4,0.23085710582409116,0.2907872486424875,0.0862720174054334,-0.9070198066448092,0.28612853913241554,0.0004396636094159412
11.22,5,seg5,0.09984057494332449,0.18365525214725456,0.08621284795340087,-0.950618598317251,0.18026854655589322,0.0003788628259466381
11.22,6,seg6,0.013279472723556288,0.046051114466952224,0.08648510989166483,-1.038419464391708,0.04359152628327323,0.000649526615098206
11.24,0,head,0.7112449632713056,0.6881944541193218,0.0882898301988872,-0.7132635747066574,0.6793147430788921,0.00093011950263297
11.24,1,seg1,0.6372062278523832,0.5712175741511196,0.08668062528713846,-0.7892221901750521,0.5629581649491644,0.0008539019874690551
11.24,2,seg2,0.5178157214266558,0.44753473896791135,0.08643552886668296,-0.8442912235210718,0.44029138934418754,0.0006068550707995085
11.24,3,seg3,0.3773069430404613,0.36068855764960067,0.08646445532552707,-0.8785535138604857,0.3546823856386932,0.0006339068197623171
11.24,4,seg4,0.2349914635313757,0.2870269971540712,0.08664359605048665,-0.9111227232167796,0.28233400615593507,0.0008112422544691855
11.24,5,seg5,0.09923906734861292,0.18409461816109335,0.08651817713950431,-0.9500207685595813,0.1807129039136811,0.0006841920120500833
11.24,6,seg6,0.00638760198904166,0.05145086962099283,0.08639030144637494,-1.0315727764893239,0.049048457903455994,0.0005547181698083159
11.26,0,head,0.7030914958983862,0.7010902762468035,0.08775844875021882,-0.7052177263217112,0.6922779827319973,0.0003987380539645924
11.26,1,seg1,0.63515940097697,0.5798937670078363,0.08632928746964301,-0.7872476492667553,0.5716510937390298,0.0005025641699736016
11.26,2,seg2,0.5218376759696896,0.44937098958567423,0.08614334426428753,-0.8483283225170087,0.44209410018430667,0.0003146704684040824
11.26,3,seg3,0.38344164341117387,0.3569493568449777,0.08602508281921746,-0.884656879016815,0.35089225304728316,0.00019453431345270444
11.26,4,seg4,0.23960753208590183,0.28310556301447604,0.08599864174672772,-0.9157059923686013,0.27837428665942604,0.0001662879507102616
11.26,5,seg5,0.09924356370191408,0.18533715657898076,0.0857984070035001,-0.9500356068501026,0.18195536186558647,-3.557812395413307e-05
11.26,6,seg6,-0.001237919951498712,0.0580248291790297,0.08582398909742578,-1.0240022361189045,0.055685659695644055,-1.1594179140844707e-05
11.28,0,head,0.6963042377060638,0.7115786127295038,0.08727307212615479,-0.6985180014255254,0.7028224486859385,-8.663857009943987e-05
11.28,1,seg1,0.6334511622588704,0.5868657407988367,0.08610479979395999,-0.7855974999605299,0.5786370443062131,0.0002780764942905828
11.28,2,seg2,0.5260872337928225,0.45075602733845316,0.08622198382734844,-0.8525892613023804,0.4434437193655989,0.0003933100314649912
11.28,3,seg3,0.3901817838786079,0.35327375128662175,0.08632109712356453,-0.891366192623592,0.34716067420411373,0.000490548617799777
11.28,4,seg4,0.2449823784382225,0.2787379862990595,0.08645089353989166,-0.9210442996296117,0.2739621244615701,0.0006185397438741996
11.28,5,seg5,0.10061873337612093,0.1859448041129951,0.08646015603359097,-0.9514157865571121,0.18255154232035514,0.0006261709061367443
11.28,6,seg6,-0.007409613992725765,0.06360364005974774,0.08672451453905167,-1.0178771903080779,0.0613156465511051,0.0008889312624850432
11.3,0,head,0.6907994227665413,0.719068538921106,0.0880960290383691,-0.6930757185141312,0.710357933977746,0.0007363183421148778
11.3,1,seg1,0.6326170178039587,0.5916909961039569,0.08654000064492419,-0.7848035467310213,0.5834690753492091,0.0007132773452547814
11.3,2,seg2,0.5311458794475443,0.45131921907962225,0.08633175435103124,-0.8576524193735382,0.44396478667557093,0.0005030805551477918
11.3,3,seg3,0.39741913201315815,0.34909937634374416,0.0863061999342946,-0.8985685452378084,0.3429262048159023,0.0004756514285298441
11.3,4,seg4,0.2517293644138815,0.2745476073405958,0.0864512606739306,-0.9277561738638191,0.26971573307229446,0.0006189068779131335
11.3,5,seg5,0.10188423555060212,0.18595101330572628,0.08637966546158385,-0.9526812965761948,0.18254721806945376,0.0005456803341296196
11.3,6,seg6,-0.013374426335637332,0.0699046746436331,0.08639882480137816,-1.0119650303561833,0.06766611014149888,0.0005632415248115336
11.32,0,head,0.6845904154660788,0.7262224464408601,0.08752473299016338,-0.6869264708309349,0.71756327348293,0.0001650222939091478
11.32,1,seg1,0.6302990864965188,0.5962578929127702,0.0860969341473138,-0.7825237076366155,0.5880551069355962,0.00027021084764439207
11.32,2,seg2,0.5350842945037663,0.452474220239027,0.08602294837580711,-0.861600311492836,0.4450869669847584,0.00019427457992365893
11.32,3,seg3,0.4042941661731902,0.34545363867151757,0.0860023125003069,-0.9054129964656238,0.3392233700556548,0.0001717639945421484
11.32,4,seg4,0.2584829183321491,0.2702897690076482,0.08610015375110779,-0.9344740543245504,0.2654018299779684,0.0002677999550903254
11.32,5,seg5,0.1039174007110753,0.18692332585040264,0.0859864368667532,-0.9547224842143371,0.18350257417051713,0.00015245173929896716
11.32,6,seg6,-0.01954290295141233,0.07821253241431743,0.0860542149448193,-1.0058659166955808,0.07602502257363707,0.00021863166825267233
11.34,0,head,0.6787469197860244,0.7318108500211787,0.08735335437874138,-0.6811296918560367,0.7232001209930147,-6.356317512848375e-06
11.34,1,seg1,0.6281888610128082,0.6003441644355634,0.08598890891915752,-0.7804475667543875,0.5921588010746257,0.00016218561948810883
11.34,2,seg2,0.5382646440080052,0.4530441764779554,0.08597731985866179,-0.8647852947806475,0.4456304322907951,0.00014864606277834036
11.34,3,seg3,0.4106063021275926,0.341900381836896,0.08597915528863845,-0.9116953387376744,0.33561769813318226,0.000148606782873692
11.34,4,seg4,0.2640776158131631,0.2657387935959991,0.08605817223385585,-0.9400306786055188,0.2608044455369579,0.00022581843783839317
11.34,5,seg5,0.10636638049466708,0.18802594130919215,0.0859479013249714,-0.9571805566297605,0.18458476769776774,0.00011391619751717486
11.34,6,seg6,-0.024660139243580088,0.08691623505067307,0.08602489660819183,-1.0008213017026488,0.08477101630917445,0.0001893133316252099
11.36,0,head,0.6737880133623121,0.7361892946093694,0.08775936281935734,-0.6762074005727641,0.7276196886699563,0.0003996521231031114
11.36,1,seg1,0.6260912319092241,0.6038393835895864,0.08625605754568835,-0.7783791022750636,0.5956713584746014,0.00042933424601894477
11.36,2,seg2,0.5408657105880756,0.4536217158839914,0.08611460127747773,-0.8673910783279527,0.4461863020808333,0.0002859274815942836
11.36,3,seg3,0.41637310826647955,0.3386359552558454,0.08606571738543727,-0.9174347741221323,0.3323053854349432,0.00023516887967250932
11.36,4,seg4,0.2693814686321073,0.2613999791725987,0.08615123971347312,-0.9452982341912283,0.25642163553944397,0.000318885917455658
11.36,5,seg5,0.10915252785404045,0.18936909568888233,0.08608949881175215,-0.9599777870332739,0.18590468544703195,0.00025551368429792276
11.36,6,seg6,-0.0295370067466607,0.09655724711741231,0.08613672345066611,-0.9960248487350971,0.0944522863312763,0.0003011401740994901
11.38,0,head,0.6699484829975344,0.7396609143866355,0.08765240165842221,-0.6723968987452723,0.7311231459796874,0.0002926909621679824
11.38,1,seg1,0.623296695891967,0.6068392874960781,0.08614742233116675,-0.7756096323362962,0.5986944183908729,0.00032069903149734014
11.38,2,seg2,0.5419222706582723,0.4548844383330847,0.0860088309545942,-0.8684581118910291,0.44744018666107227,0.0001801571587107531
11.38,3,seg3,0.42121396301923825,0.3365767791055055,0.08594795824072685,-0.922258321926908,0.3302059884433764,0.00011740973496209006
11.38,4,seg4,0.274113542415118,0.25801295568797944,0.08599129150875494,-0.9500019526447211,0.2529953426329301,0.00015893771273747803
11.38,5,seg5,0.11163804827918436,0.19096691215945788,0.08590853628588573,-0.9624765205601475,0.18748175869156206,7.455115843149618e-05
11.38,6,seg6,-0.03286994497161884,0.10739946992325737,0.08595074691525029,-0.99278226967215,0.10532187480563769,0.00011516363868366297
11.4,0,head,0.6678581227363092,0.7417828856196409,0.08729861048407156,-0.6703242728214609,0.7332624425264284,-6.11002121826687e-05
11.4,1,seg1,0.6212638157726146,0.6088861180614483,0.08605542295410959,-0.7735938591405263,0.600758098444993,0.00022869965444018148
11.4,2,seg2,0.5425318331317356,0.45561524529231645,0.08618252360520082,-0.8690737360178479,0.44816589469821005,0.0003538498093173664
11.4,3,seg3,0.4250251725220702,0.3345728310040725,0.0862411347135067,-0.926052719831321,0.3281703876943908,0.0004105862077419392
11.4,4,seg4,0.278612652895789,0.25498098663469865,0.08624497862304684,-0.9544756711110719,0.2499260308958897,0.00041262482702937586
11.4,5,seg5,0.11441637996806724,0.19252467668258827,0.08605994072271098,-0.9652677218411118,0.18901634420285374,0.00022595559525674658
11.4,6,seg6,-0.03403414786241695,0.11878951747616597,0.0860853310604542,-0.9917129105606982,0.11672121788841487,0.00024974778388757446
11.42,0,head,0.667973515540917,0.7428681092318222,0.08759901119004003,-0.6704486943342988,0.7343466680910292,0.00023930049378580176
11.42,1,seg1,0.6204683958122793,0.6098766296299594,0.08612681812577583,-0.7728067111164749,0.6017551962680863,0.00030009482610642013
11.42,2,seg2,0.5433062641675006,0.45580073035854973,0.08607871714162876,-0.8698496840862231,0.4483449274719794,0.00025004334574531273
11.42,3,seg3,0.4281675284339324,0.332420896715333,0.08617541087466937,-0.9291770555715936,0.325992372992666,0.0003448623689046165
11.42,4,seg4,0.28335448418043885,0.25233388310441524,0.08645268577286254,-0.9591953053474084,0.24723955109788293,0.0006203319768450788
11.42,5,seg5,0.11785630094775856,0.194213764323886,0.08664689433691831,-0.9687215825449871,0.19067674163832604,0.0008129092094640855
11.42,6,seg6,-0.03518093639965962,0.12966191674386696,0.08697468065877645,-0.9906566566272047,0.12760278567128044,0.001139097382209825
11.44,0,head,0.6676820621437779,0.7436761620014231,0.08742426339444369,-0.6701639767461101,0.7351571187410557,6.455269818946008e-05
11.44,1,seg1,0.618640957760534,0.611281720344877,0.08598718800319237,-0.7709910314408618,0.603175448733439,0.00016046470352296116
11.44,2,seg2,0.5427983186962104,0.45659809395155476,0.08592590273921286,-0.8693483929532734,0.4491464912568718,9.722894332940546e-05
11.44,3,seg3,0.43076911607660107,0.33088006332350023,0.08587319243458279,-0.9317657281867529,0.3244299390277494,4.264392881803136e-05
11.44,4,seg4,0.2879955649097475,0.24998202294119704,0.08587755945730341,-0.9638166499348356,0.24484914302279726,4.520566128594916e-05
11.44,5,seg5,0.12115789470668803,0.1961184215442618,0.08569117803005767,-0.9720389150826625,0.19255385253267784,-0.00014280709739655784
11.44,6,seg6,-0.03538855006243387,0.1420672198102741,0.08569310737736979,-0.9905523039435501,0.1400093870640748,-0.00014247589919683112
11.46,0,head,0.6679877250651478,0.743859716122669,0.08753944815500524,-0.6704711568661741,0.7353381223618936,0.00017973745875100866
11.46,1,seg1,0.6172718304736243,0.6123940328411481,0.0861249114078837,-0.7696312097561546,0.6042991184370128,0.00029818810821428954
11.46,2,seg2,0.5424411940132736,0.45750636128465255,0.08613024901819273,-0.8689988404758877,0.45005769960465647,0.00030157522230928047
11.46,3,seg3,0.4333350619309017,0.32967105315693485,0.08624813307983506,-0.9343215221319031,0.32319961345321624,0.0004175845740703038
11.46,4,seg4,0.29200833263694576,0.24699972237850945,0.08652787656079756,-0.9678044559031914,0.24183354606103954,0.0006955227647801043
11.46,5,seg5,0.12453471061710074,0.19600170771701123,0.08669950122382253,-0.97541464256981,0.192409036298242,0.000865516096368299
11.46,6,seg6,-0.03401434546746386,0.1507327687994973,0.08705721066507112,-0.9919985874090776,0.14866319788305812,0.0012216273885044954
11.48,0,head,0.6680572479347422,0.743796852701727,0.08751592349586339,-0.6705401540927077,0.7352746824547426,0.00015621279960915946
11.48,1,seg1,0.6154644095332593,0.6132141073889722,0.08609060811549656,-0.7678306771991189,0.6051342083904875,0.00026388481582714785
11.48,2,seg2,0.5415363263946541,0.458186503208326,0.08604439659740498,-0.8680996652669075,0.45074534950615913,0.00021572280152153123
11.48,3,seg3,0.43571239097485204,0.3284094271898026,0.08597786262195903,-0.9366882678601687,0.32191824382608586,0.00014731411619427204
11.48,4,seg4,0.2962924694097893,0.24387551494611698,0.08590680017958723,-0.9720624403752434,0.23867378844328554,7.444638356976507e-05
11.48,5,seg5,0.12821370987017588,0.19551652562001298,0.08558795410581202,-0.9790894760384653,0.1918932493773499,-0.0002460310216422096
11.48,6,seg6,-0.03185900241162055,0.15966933405488962,0.08549276695207014,-0.9942282380426033,0.15758151388466204,-0.00034281632449648103
11.5,0,head,0.6698766397801503,0.7421602841554994,0.08746342356387081,-0.6723458611676773,0.7336230271478758,0.0001037128676165816
11.5,1,seg1,0.6142192571037709,0.6135814876124395,0.08603003438872597,-0.7665886257388421,0.605511939738316,0.00020331108905656536
11.5,2,seg2,0.540360645296889,0.45977415477102457,0.08602073892007404,-0.8669372394879709,0.4523427316885103,0.00019206512419059352
11.5,3,seg3,0.43746538137442165,0.328283287217476,0.08615619340056638,-0.9384401476282704,0.321777517455304,0.0003256448948016216
11.5,4,seg4,0.29999564874062523,0.24128557006716922,0.0865134448720699,-0.9757439343884164,0.2360531103894404,0.0006810910760524369
11.5,5,seg5,0.13194223792958648,0.19417490297063653,0.0868256399332655,-0.9828067081358506,0.19052063932494487,0.0009916548058112734
11.5,6,seg6,-0.028945444902154893,0.16545306589262876,0.08737343882039487,-0.9971898347018449,0.16334079479109798,0.001537855543828251
11.52,0,head,0.6713531629361137,0.7409327585823691,0.08764067877354144,-0.6738121160414995,0.7323832544640527,0.00028096807728721085
11.52,1,seg1,0.6123725634159768,0.6142095042991349,0.08615989068271275,-0.7647472232283046,0.6061553053646629,0.00033316738304334237
11.52,2,seg2,0.5379363597751124,0.4612893336729713,0.08606892764416972,-0.8645256493204724,0.45387803630305357,0.0002402538482862704
11.52,3,seg3,0.4380186224244439,0.32831721434887434,0.0859373777907015,-0.9389936519018205,0.321806838587762,0.0001068292849367436
11.52,4,seg4,0.3042283656192972,0.23933928397266285,0.08577344228268707,-0.9799603050093079,0.2340716612928955,-5.891151333038691e-05
11.52,5,seg5,0.13625364318348804,0.19271312156257342,0.08527155885863533,-0.9871057971125281,0.1890230231801484,-0.0005624262688189025
11.52,6,seg6,-0.025310222502596638,0.1707967919079473,0.08501074206090822,-1.0008694089265566,0.16865407844105584,-0.0008248412156584006
11.540000000000001,0,head,0.6797055762208749,0.734574677369686,0.08817092518395006,-0.6821113194096797,0.7259558733618446,0.0008112144876958327
11.540000000000001,1,seg1,0.6124728497421793,0.6147626571092467,0.08708347963621255,-0.7648521101698734,0.6067076042946327,0.0012567563365431383
11.540000000000001,2,seg2,0.5308019551866308,0.4626760652301793,0.08737517607247638,-0.857403034130505,0.45532410203280543,0.0015465022765929343
11.540000000000001,3,seg3,0.43558249908581403,0.333678438681951,0.08794951014459017,-0.9366022363432966,0.3271881539377776,0.0021189616388254118
11.540000000000001,4,seg4,0.3067030828233177,0.23961525059825628,0.08869742307749848,-0.9824372334588486,0.23432702040007675,0.002865069281481017
11.540000000000001,5,seg5,0.14286924817104962,0.18911268612229995,0.08942812362685966,-0.9936912052211738,0.18536764840465852,0.0035941384994054304
11.540000000000001,6,seg6,-0.020986864966029688,0.17268151286292224,0.09033603747215059,-1.0052083039114925,0.17050274925415498,0.004500454195583967
11.56,0,head,0.6933665615044194,0.7262569981777734,0.0894913891017039,-0.6957026004518693,0.7175247770114033,0.002131678405449672
11.56,1,seg1,0.6131207019979656,0.6148258753822623,0.08797003823776808,-0.7655004661725539,0.6067654280710665,0.0021433149380986755
11.56,2,seg2,0.5204773051814338,0.46759683489088344,0.08749311617612883,-0.8471196991001299,0.46033063700483495,0.001664442380245379
11.56,3,seg3,0.427526378124249,0.3438315124299783,0.08765293677536862,-0.9286309021190101,0.3374079299704466,0.0018223882696038612
11.56,4,seg4,0.3064296439918737,0.24594329203939566,0.08851376239174516,-0.9822164746581658,0.24065711856891994,0.0026814085957276995
11.56,5,seg5,0.15114366230030574,0.18461637280970633,0.09012226192432993,-1.0019279082978056,0.18080261992631505,0.004288276796875698
11.56,6,seg6,-0.012711002972061899,0.16441206648123602,0.09241819263577346,-1.013415049662658,0.1621647063560091,0.006582609359206834
11.58,0,head,0.7094829685755502,0.715691312912205,0.08935249837699208,-0.7117305072653848,0.7068253151013505,0.001992787680737851
11.58,1,seg1,0.6149720297564284,0.6145769097076725,0.08769559563637369,-0.7673496575707829,0.6065010617555603,0.001868872336704283
11.58,2,seg2,0.5120393224228567,0.47775555605910436,0.08737556099948103,-0.8387665633119501,0.4705592386347869,0.00154688720359758
11.58,3,seg3,0.41739011667035947,0.35600119264824037,0.08739931714276884,-0.9185962843970854,0.3496615563740924,0.0015687686370040865
11.58,4,seg4,0.30375813150618397,0.25374416165310143,0.08737864252579229,-0.9796099841492288,0.24847995391916886,0.0015462887297748307
11.58,5,seg5,0.15813751325549052,0.1796850966812847,0.08705930409408685,-1.0088804722072675,0.1758133022857967,0.0012253189666326242
11.58,6,seg6,-0.0010477145516154494,0.1486663401365955,0.08672940877638388,-1.0249468767405359,0.14632244770612604,0.0008938254998172579
11.6,0,head,0.7254666725660798,0.7029312344860985,0.08854612690638039,-0.7276074508736636,0.6939326405793328,0.0011864162101261622
11.6,1,seg1,0.6196205342473174,0.6137387271676847,0.08672332824666552,-0.7719910245444741,0.6056242170796594,0.0008966049469961157
11.6,2,seg2,0.5076125766202061,0.4868217329966181,0.08623022790568817,-0.8344154318937204,0.4796619469154323,0.0004015541098047193
11.6,3,seg3,0.410556476435638,0.3661693112227725,0.08607781089219844,-0.9118475137766475,0.3598862015665105,0.0002472623864336887
11.6,4,seg4,0.30155083050350223,0.2591677760829958,0.08592947926874768,-0.9774479022954503,0.2539217526344416,9.712547273021954e-05
11.6,5,seg5,0.16283872230299648,0.17592498628148942,0.08552294265988238,-1.013550221658176,0.17201419228600953,-0.0003110424675718537
11.6,6,seg6,0.007160541924360955,0.13842529141207188,0.08513399016491491,-1.033069608962003,0.13601343346593284,-0.000701593111651716
11.620000000000001,0,head,0.7417145340118726,0.6879601960873337,0.0886043311157337,-0.7437301401738822,0.6788268839945021,0.0012446204194794669
11.620000000000001,1,seg1,0.6299300527680468,0.6095074650809297,0.08748676973203877,-0.7822649676334097,0.6013072917419818,0.0016600464323693609
11.620000000000001,2,seg2,0.5086023646397494,0.491623104455206,0.08749707509847914,-0.8354451491641961,0.4844549136949771,0.0016684013025956845
11.620000000000001,3,seg3,0.40725713704423505,0.3728930639949764,0.08761888052700226,-0.9086042528799404,0.36663718301486065,0.0017883320212375015
11.620000000000001,4,seg4,0.29988254388780794,0.2639051991896473,0.08790886242890397,-0.9758191047407784,0.2586728973858744,0.0020765086328865118
11.620000000000001,5,seg5,0.16521748253629603,0.17533506108251173,0.08838105764101684,-1.015923989332659,0.17140448824718443,0.0025470725135626066
11.620000000000001,6,seg6,0.012280758937304407,0.13201210855847478,0.08935501729715398,-1.0381362693902612,0.1295578553605123,0.003519434020587353
11.64,0,head,0.7555829398382202,0.6773938370614823,0.089896638894935,-0.7575101180049701,0.6681454592682481,0.002536928198680774
11.64,1,seg1,0.6391402227403846,0.6091297719338262,0.08868850668413271,-0.7914716748917916,0.6008529521296063,0.002861783384463301
11.64,2,seg2,0.5082884358641174,0.4986820393020076,0.08821847595406374,-0.8351899853098884,0.49151621696384706,0.0023898021581802847
11.64,3,seg3,0.40339747226751554,0.3812489301011291,0.08763531241966407,-0.9048142706722202,0.37502488505033793,0.0018047639138993182
11.64,4,seg4,0.29781506770855704,0.2689283275521799,0.08720440498246282,-0.9737935094777272,0.2637130600943607,0.0013720511864453583
11.64,5,seg5,0.16610331248589777,0.1727953630601082,0.0871354549070965,-1.016788649779617,0.16885750511885897,0.001301469779642267
11.64,6,seg6,0.016604902855860307,0.1223162757451825,0.08808837293770744,-1.0423795616267817,0.11982636700749637,0.002252789661140814
11.66,0,head,0.7695556959323527,0.6684839821659473,0.08950241258653116,-0.7714082301672652,0.6591196127467107,0.0021427018902769324
11.66,1,seg1,0.647345374677301,0.6091974869754925,0.08768175060897705,-0.7996771062205025,0.6008523704027918,0.0018550273093076441
11.66,2,seg2,0.5078224076856249,0.507680240235674,0.08706116465180738,-0.8347988685287028,0.5005179851217785,0.0012324908559239317
11.66,3,seg3,0.3982209508268724,0.391103173415194,0.08681024703457209,-0.8997199489472186,0.38492187306069975,0.0009796985288073323
11.66,4,seg4,0.2933586594217242,0.27533372279828566,0.08665596884047258,-0.9693905699623303,0.2701553257439078,0.0008236150444551199
11.66,5,seg5,0.16467307096203082,0.1721470125625619,0.08622917644826057,-1.0153530613452584,0.16822108149325846,0.0003951913208063429
11.66,6,seg6,0.018909485515323468,0.11319727275130796,0.08585685620250882,-1.0446081637229052,0.11068849802545538,2.127292594220065e-05
11.68,0,head,0.7803563851380998,0.6625563195279361,0.08621689941443961,-0.782159207176849,0.6531022574308688,-0.0011428112818146208
11.68,1,seg1,0.6537139885047958,0.6081455858230748,0.08502181386870844,-0.8060367440898873,0.5997474974305899,-0.0008049094309609678
11.68,2,seg2,0.5091879967252391,0.5143400169591336,0.08519509758686701,-0.8362198419752412,0.5071661648648064,-0.0006335762090164399
11.68,3,seg3,0.39490053212917353,0.39974425423742144,0.08556439319644897,-0.8964715680835385,0.39359029159393605,-0.00026615530931578535
11.68,4,seg4,0.28898026921636544,0.2820615877954848,0.08600728994377718,-0.965068329857291,0.27691940060179865,0.00017493614775972166
11.68,5,seg5,0.16420007365410572,0.17460973767614713,0.08632847179885775,-1.0149005785664071,0.1706876582249237,0.0004944866714035184
11.68,6,seg6,0.02049841182179505,0.10640860813977565,0.08671130614025502,-1.0461405304985172,0.1038868433679565,0.000875722863688394
11.700000000000001,0,head,0.7844812567065228,0.6601943399985072,0.08839076941379222,-0.7862642762576555,0.6507060269341207,0.0010310587175379887
11.700000000000001,1,seg1,0.6566315344617341,0.6075778008401047,0.08684867946160772,-0.8089494631055415,0.5991554483339946,0.0010219561619383144
11.700000000000001,2,seg2,0.5098084522468979,0.5169761149396565,0.08663288235049059,-0.8368622171935547,0.5097970072576824,0.0008042085546071387
11.700000000000001,3,seg3,0.39377254081735635,0.40389182981590116,0.0866954910012168,-0.895378137604459,0.3977471121777442,0.0008649424954520479
11.700000000000001,4,seg4,0.2888150005889357,0.2857350533705943,0.0868733205731754,-0.964933642526452,0.2805941145190474,0.0010409667771579395
11.700000000000001,5,seg5,0.16560161939734774,0.17318452601400422,0.08683970583765181,-1.0162902132124778,0.16925083036378621,0.001005720710197583
11.700000000000001,6,seg6,0.022593552814248123,0.09605444892370103,0.08679398350664619,-1.0481494175343373,0.09351560420734217,0.0009584002300795647
11.72,0,head,0.7887350135631856,0.6547315538167213,0.08753013038825773,-0.7904724170360596,0.6452080244376973,0.00017041969200350116
11.72,1,seg1,0.6600589884734588,0.6059365266031193,0.08610642862865969,-0.8123631374767303,0.5974857030211342,0.00027970532899028455
11.72,2,seg2,0.5103809460283023,0.520173399300739,0.08591361000698154,-0.8374613032885516,0.5129894157945305,8.493621109809113e-05
11.72,3,seg3,0.3924067790029704,0.409898585529877,0.08585608661197576,-0.894062419482321,0.40376502754469645,2.553810621100383e-05
11.72,4,seg4,0.28766729585709716,0.28989814218564747,0.08583153583353807,-0.9638206284324528,0.2847666118839206,-8.179624793880347e-07
11.72,5,seg5,0.16711833588006034,0.1712634687271774,0.08562720617710301,-1.0177908875075257,0.16731721544655587,-0.00020677895035121907
11.72,6,seg6,0.027084987702914586,0.0846054499229424,0.08556722340752657,-1.052545402714973,0.08202961797334565,-0.00026835986904005793
11.74,0,head,0.791583333463891,0.6517777232652366,0.08738092787267938,-0.7932960524802735,0.6422305886179085,2.1217176425156192e-05
11.74,1,seg1,0.662389562868548,0.605271229750959,0.08616782290798612,-0.8146880936368439,0.5968010310079981,0.00034109960831671393
11.74,2,seg2,0.5111366832909027,0.5229994204039153,0.0863088569159098,-0.8382405363599532,0.5158090487327134,0.0004801831200263451
11.74,3,seg3,0.39148929129863586,0.41476941700735176,0.08663974949747519,-0.8931855052372143,0.40864332687706084,0.000809200991710432
11.74,4,seg4,0.28649544902931356,0.2931196382075186,0.0870013007508064,-0.9626756358642021,0.2879977500154757,0.0011689469547889464
11.74,5,seg5,0.16858159222766816,0.17039911890496517,0.08719453811855739,-1.0192468988746042,0.16644071635773852,0.0013605529911031589
11.74,6,seg6,0.032445615086416954,0.0781326641777245,0.0874668741317362,-1.0578519690897763,0.0755124380191816,0.0016312908551695815
11.76,0,head,0.7941927357844446,0.6492401560511375,0.0874912409400945,-0.7958842433294699,0.6396713903129692,0.00013153024384027212
11.76,1,seg1,0.6644226425312451,0.6050718593350638,0.08598341359200978,-0.8167194434425874,0.5965847454469237,0.00015669029234037513
11.76,2,seg2,0.5111637142513956,0.5266503912402083,0.08575048244962562,-0.8382979547240379,0.5194596681119076,-7.81913462578332e-05
11.76,3,seg3,0.3892343658540937,0.4208639446591366,0.08574019001266697,-0.8909813848426906,0.4147564119692706,-9.035849309778354e-05
11.76,4,seg4,0.2838887799114388,0.29764808397845255,0.08575557993416251,-0.960106748919399,0.2925477351642874,-7.677386185495072e-05
11.76,5,seg5,0.17040835682514624,0.16960698787400652,0.08559473274320727,-1.0210670070026076,0.1656334079489758,-0.00023925238424696293
11.76,6,seg6,0.041060979045026494,0.06893507054688428,0.08553323453092938,-1.0663904797428072,0.06624345422603596,-0.00030234874563724035
11.78,0,head,0.7962920413043338,0.6478931898703769,0.08755074104483555,-0.7979722648471415,0.6383069975178949,0.00019103034858132528
11.78,1,seg1,0.6665210598751571,0.6045002617650255,0.08629147332318103,-0.8188130304861333,0.5959957017966039,0.0004647500235116231
11.78,2,seg2,0.5123652390806493,0.5286482771297902,0.08634494676585468,-0.8395160670536531,0.5214474840730671,0.0005162729699712265
11.78,3,seg3,0.38810750844627206,0.4246662828711466,0.08652419524551384,-0.8898862146938845,0.4185679977076555,0.0006936467397490875
11.78,4,seg4,0.2819037396121076,0.3011160389485659,0.08667987546071647,-0.9581506424146919,0.29603209220777327,0.000847521664699008
11.78,5,seg5,0.17143171412772423,0.17035712032875905,0.08668518561949848,-1.0220965724778042,0.16637499664940855,0.000851200492044249
11.78,6,seg6,0.046666550454394655,0.06391608773007793,0.08683298567860147,-1.0719540821819433,0.061177988083921574,0.0009974024020348443
11.8,0,head,0.7981147483658408,0.646810567107484,0.08751897564175803,-0.7997858977128364,0.6372092412120863,0.00015926494550380643
11.8,1,seg1,0.6687096116029396,0.6042949769370116,0.0860399542939546,-0.820999797743668,0.5957722079785175,0.00021323099428519066
11.8,2,seg2,0.5127633277074604,0.5309610376650438,0.08582612046787695,-0.8399333918263188,0.5237568510604333,-2.5533280064993225e-06
11.8,3,seg3,0.3855937971374318,0.42945849483803894,0.08581068691800002,-0.8874124777587431,0.4233809661944408,-1.9861587764735678e-05
11.8,4,seg4,0.2788812756208501,0.30599171830810745,0.08582999658277174,-0.9551688651492725,0.3009327597269891,-2.3572132457211348e-06
11.8,5,seg5,0.17269514882721007,0.1714347376934111,0.08570580984465193,-1.0233689328080566,0.16744206066545247,-0.00012817528280230361
11.8,6,seg6,0.05437458093895535,0.0571767896919542,0.08567881334085636,-1.0796057520668243,0.05437476679072173,-0.00015676993571026032
11.82,0,head,0.8000967789401918,0.6463419710842669,0.08728863242207233,-0.8017639593372579,0.6367241642694722,-7.10782741819016e-05
11.82,1,seg1,0.6706921928340976,0.6036139304786118,0.08607390768620048,-0.8229766417046402,0.5950746833766365,0.00024718438653106856
11.82,2,seg2,0.5136259267063147,0.5318887377507318,0.08616475009702299,-0.8408036825255156,0.5246773392899308,0.00033607630113953457
11.82,3,seg3,0.3843531305431301,0.43267503832765997,0.08637246716694086,-0.8861986265861743,0.4266077247769034,0.0005419186611761023
11.82,4,seg4,0.27679671757363933,0.30961480768973404,0.08654975643872086,-0.9531145355833168,0.3045730741300846,0.0007174026427033964
11.82,5,seg5,0.173317878093533,0.172628936311358,0.08657214725656827,-1.0240015802466422,0.16863103471759394,0.0007381621291140394
11.82,6,seg6,0.06018095909763607,0.052991529046120804,0.08673214926323626,-1.0853770936680682,0.050141322553046305,0.0008965659866696368
11.84,0,head,0.8018832248903552,0.6456506886367483,0.08776449149701052,-0.8035445896135123,0.6360180365373441,0.0004047808007562881
11.84,1,seg1,0.6722652968527105,0.6031546756839549,0.08621005186087541,-0.8245458686888523,0.5946023509814146,0.00038332856120600056
11.84,2,seg2,0.5138632351805907,0.5334109044210414,0.08591384893604159,-0.8410536523186999,0.5261974780292105,8.517514015814187e-05
11.84,3,seg3,0.3822804522802419,0.4366525061679952,0.08586166546318427,-0.8841591260120616,0.43060230648341996,3.111695741951637e-05
11.84,4,seg4,0.27411497024920717,0.31386870652577353,0.08589037192808155,-0.9504682878800261,0.3088491467570837,5.801813206408879e-05
11.84,5,seg5,0.17404186541567102,0.1736950061248977,0.08580716637361493,-1.0247344157714835,0.16969104159655712,-2.681875383929444e-05
11.84,6,seg6,0.06755234017784578,0.04800699153832042,0.08582600002893574,-1.0927067313114225,0.045095603059455334,-9.583247630881586e-06
11.86,0,head,0.8037883119330147,0.6450220571654727,0.08714955893991184,-0.8054443783391089,0.6353735701188741,-0.00021015175634238326
11.86,1,seg1,0.6741553916298368,0.6017812154242217,0.08606725682308064,-0.8264244661910549,0.5932132063611743,0.00024053352341123213
11.86,2,seg2,0.5148656334967908,0.533618293706808,0.0862907269359107,-0.8420577420874467,0.526396516810307,0.00046205314002724374
11.86,3,seg3,0.38110845973506563,0.43945655975692544,0.08651814657037428,-0.8830105132083526,0.43341601785499384,0.0006875980646095237
11.86,4,seg4,0.2721035441944753,0.3172217542554485,0.08659093801654773,-0.9484848401197342,0.3122188201585964,0.0007585842205302673
11.86,5,seg5,0.17491122441888857,0.17458768717531195,0.08641893016757202,-1.025611174764886,0.1705764557378903,0.0005849450401177875
11.86,6,seg6,0.07517785382816204,0.04437357333477131,0.08644639457853893,-1.1003017385724227,0.0413988408311391,0.000610811301972311
11.88,0,head,0.804790670950366,0.6460244177932231,0.08765715366053334,-0.8064550456420179,0.6363675530314441,0.0002974429642791099
11.88,1,seg1,0.67515925068245,0.6016415054360944,0.08607540779168975,-0.8274271276138478,0.5930651457335759,0.00024868449202034015
11.88,2,seg2,0.5150977150809257,0.5342721243179723,0.0857622275201427,-0.8422952576990402,0.5270483930746672,-6.644627574074746e-05
11.88,3,seg3,0.3797515215911201,0.44237514997858196,0.08573816514735072,-0.8816779145418323,0.4363458012603343,-9.2383358414036e-05
11.88,4,seg4,0.269992067789893,0.32068860368847585,0.08585128828864907,-0.946402292687715,0.3157031240763499,1.8934492631614286e-05
11.88,5,seg5,0.1751656479257708,0.17506922940318095,0.08589497331618746,-1.0258695975072902,0.17105586362714445,6.0988188733235305e-05
11.88,6,seg6,0.08219697276376053,0.04015350645687532,0.08610202286850677,-1.1072854892367368,0.03712049749057062,0.000266439591940143
11.9,0,head,0.8063191530197238,0.6466727099822462,0.08739695200192668,-0.8079888707335119,0.6370031006592412,3.7241305672452985e-05
11.9,1,seg1,0.6771092056594443,0.6005774865079903,0.08631977518967271,-0.8293681588335787,0.5919849334880781,0.0004930518900033015
11.9,2,seg2,0.5164032854942613,0.5338027343288757,0.08655856659237578,-0.8435968759864255,0.52656815261425,0.0007298927964923263
11.9,3,seg3,0.3790570442082273,0.4442677220809783,0.08677335835933796,-0.8809992137720019,0.43824408818887994,0.000942809853573201
11.9,4,seg4,0.26813369085635663,0.323327260345018,0.08674432419288215,-0.944565942613862,0.3183571572683221,0.0009119703968646919
11.9,5,seg5,0.17590636216505431,0.17606413859494677,0.08636727097207468,-1.0266185670744785,0.1720445731251884,0.0005332858446204514
11.9,6,seg6,0.0891850439946034,0.03685458132869463,0.08619160229985659,-1.1142458602649938,0.03376352241278102,0.00035601902328996626
11.92,0,head,0.8068699203867723,0.6482133332742802,0.0874782249653614,-0.8085524421824,0.6385390863501067,0.00011851426910716722
11.92,1,seg1,0.6782341305013452,0.600202875466548,0.08591487019956635,-0.8304899266862351,0.5916009722700869,8.814689989694591e-05
11.92,2,seg2,0.5170143051074342,0.5335590908703386,0.08561115342411874,-0.844205846502099,0.5263194318600417,-0.00021752037176471506
11.92,3,seg3,0.37792026759703456,0.44652572414689823,0.08562719518462654,-0.879881270699699,0.44051147383768113,-0.00020335332113821658
11.92,4,seg4,0.2654371431848962,0.32668545836524354,0.08584106084720661,-0.94189743983703,0.3217376832949572,8.70705118914683e-06
11.92,5,seg5,0.17506630836759093,0.17759698705654725,0.08607157672418753,-1.0257913008239128,0.17358436055839357,0.000237591596733297
11.92,6,seg6,0.09438910192952563,0.03404900880355015,0.08649996417940468,-1.119426386145876,0.03091473183102363,0.0006643809028380604
11.94,0,head,0.8077194744599119,0.6493883242755847,0.08759491591394383,-0.8094117466987539,0.6397069655067211,0.00023520521768960467
11.94,1,seg1,0.6798386297382761,0.5988939153883612,0.08644282321966454,-0.8320834753993621,0.59027870271125,0.0006160999199951306
11.94,2,seg2,0.5183433284531419,0.5321781220136942,0.08661704365270517,-0.8455233295115374,0.5249274489017722,0.0007883698568217218
11.94,3,seg3,0.37765616744750247,0.44756131008675265,0.08680608172910867,-0.8796257992518028,0.4415492221053773,0.0009755332233439135
11.94,4,seg4,0.263831511829866,0.32887770320789955,0.0867148298443552,-0.9403101109409648,0.32394321644452456,0.0008824760483377436
11.94,5,seg5,0.17587167089242978,0.1785690052297818,0.08621535077229271,-1.0266047259070945,0.1745496417399747,0.0003813656448384828
11.94,6,seg6,0.10207204522492902,0.03144611219152985,0.08587422545170871,-1.127087398463485,0.028247977489688835,3.864217514208679e-05
11.96,0,head,0.8077119207778313,0.6509402034052937,0.08727629868178473,-0.8094171101250146,0.64125885375173,-8.341201446949997e-05
11.96,1,seg1,0.6809312577584495,0.5976951592550389,0.08582012666495228,-0.8331660878938111,0.5890708937675915,-6.596634717123684e-06
11.96,2,seg2,0.5192901957651942,0.5305945652013162,0.08561614133256498,-0.8464569835128999,0.523336065827117,-0.0002125324633184683
11.96,3,seg3,0.3769976114980758,0.4487348691741774,0.08571353690188538,-0.878977034067881,0.4427282219384065,-0.00011701160387937726
11.96,4,seg4,0.26142245491540633,0.33186643291671286,0.08601478041130955,-0.9379260137452219,0.32695189406934094,0.00018242661529209447
11.96,5,seg5,0.17475892274702123,0.17975692616001707,0.08636842263789363,-1.0255019037990851,0.17574678332289465,0.0005344375104393978
11.96,6,seg6,0.10773847061378072,0.029822290710182824,0.08698637039747671,-1.1327401119198353,0.02657704856599244,0.0011507871209100878
11.98,0,head,0.8078078936345328,0.6526152516954327,0.08766625346443219,-0.8095270216850244,0.6429330452021016,0.00030654276817795867
11.98,1,seg1,0.6821918612636726,0.5962566869198052,0.0863974110420936,-0.8344146748107344,0.587621978805514,0.0005706877424241918
11.98,2,seg2,0.5207413671415028,0.528340327166384,0.08645700035120363,-0.8478893417891282,0.5210698272585116,0.0006283265553201772
11.98,3,seg3,0.37730340859913203,0.44876078849219275,0.08661365200641231,-0.8792830363119696,0.4427515950996183,0.0007831035006475584
11.98,4,seg4,0.2600091916656879,0.33317131949263107,0.0865170734406027,-0.9365236604897114,0.3282684985412943,0.0006847196445852327
11.98,5,seg5,0.17533786153661368,0.18038157711683725,0.08601086325951246,-1.0260860217283434,0.17636659392674417,0.00017687813205823077
11.98,6,seg6,0.11585305219064809,0.028686565583978592,0.08568793696108476,-1.1408449593616234,0.025373822207769715,-0.00014764631548186413
12.0,0,head,0.8065794764899844,0.6549544579244785,0.08747131114252718,-0.8083181171451544,0.6452823949581683,0.00011160044627295251
12.0,1,seg1,0.6828570639210166,0.5948356476520714,0.08606064891491391,-0.8350680266060168,0.5861954520418933,0.00023392561524450406
12.0,2,seg2,0.5221579336051051,0.5255756468745756,0.08587400261311454,-0.8492828477573486,0.5182934521437238,4.5328817231085616e-05
12.0,3,seg3,0.3774554620183589,0.44838177572668086,0.08596628200869202,-0.8794319298048912,0.44237132986786254,0.00013573350292726827
12.0,4,seg4,0.2579124883566714,0.33487852329973833,0.08626648183770592,-0.9344412394797602,0.3299930948250392,0.0004341280416884641
12.0,5,seg5,0.17418614196463622,0.182221795421832,0.08670259466569182,-1.024949658848768,0.1782163346621682,0.0008686095382375858
12.0,6,seg6,0.12095981609024069,0.029031232518749905,0.08748046087439272,-1.1459544151504937,0.025675971775576133,0.001644877597826097
